Aktueller Finger,timestamp_ms,sensor_0,sensor_1,sensor_2,sensor_3
0,445010,14.465519905090332,2.142761468887329,-4.966033458709717,14.213478088378906
0,445013,1.1104375123977661,-29.202667236328125,-4.972101211547852,4.47243070602417
0,445014,23.217742919921875,-8.172239303588867,0.03805823251605034,-20.360746383666992
0,445015,-8.934112548828125,7.469625949859619,-18.22904396057129,-36.758758544921875
0,445018,-25.173233032226562,-1.672188639640808,23.466262817382812,32.33771514892578
0,445019,27.989179611206055,31.108440399169922,34.32140350341797,23.30898666381836
0,445022,-5.5394792556762695,-1.887328863143921,-35.56877899169922,-2.9695780277252197
0,445023,-15.745415687561035,-39.78559494018555,-3.713050603866577,55.6095085144043
0,445217,7.147095203399658,9.881539344787598,29.043167114257812,-31.935611724853516
0,445217,-27.770498275756836,-1.1739667654037476,-13.371618270874023,-75.29853820800781
0,445217,-1.1297264099121094,-13.19038200378418,-15.0992431640625,35.32585525512695
0,445217,24.577329635620117,24.010583877563477,-2.5040605068206787,23.28297996520996
0,445218,5.100098609924316,16.57341957092285,-7.168557167053223,-12.466497421264648
0,445218,2.2461583614349365,-8.08333683013916,-4.4979705810546875,9.464147567749023
0,445218,-5.573927402496338,-13.320789337158203,-10.341573715209961,-9.073578834533691
0,445218,-10.664018630981445,-12.81922435760498,7.26138162612915,3.195281744003296
0,445218,15.758244514465332,6.576180934906006,32.89852523803711,9.076472282409668
0,445218,15.110384941101074,15.70818042755127,2.1479368209838867,-33.60445785522461
0,445219,-9.8822603225708,13.855127334594727,-6.309277534484863,13.555744171142578
0,445219,-0.9454196691513062,7.964844226837158,4.255870819091797,36.072872161865234
0,445219,2.3479983806610107,-20.320119857788086,-5.826845169067383,-18.53243064880371
0,445219,-8.413783073425293,-4.242253303527832,2.376516103744507,-16.24152946472168
0,445219,1.2405980825424194,13.129918098449707,-8.467826843261719,1.6546257734298706
0,445219,2.8117074966430664,-8.447007179260254,-11.92680549621582,8.549470901489258
0,445220,1.0116068124771118,-3.5654356479644775,2.77304744720459,10.489362716674805
0,445220,-0.1589781939983368,-0.4466380774974823,-2.5770277976989746,11.264598846435547
0,445220,-15.217754364013672,-4.939748287200928,7.625087738037109,-3.2064247131347656
0,445220,-0.80605548620224,-7.099905490875244,-8.291487693786621,-26.310028076171875
0,445220,8.626524925231934,-6.002831935882568,-4.1517815589904785,3.1388401985168457
0,445221,10.459940910339355,11.23254680633545,26.130788803100586,20.455808639526367
0,445221,1.8313623666763306,-0.9383148550987244,-12.329283714294434,-20.376182556152344
0,445221,-17.96434783935547,-6.873405933380127,-20.59300422668457,-16.50919532775879
0,445221,-4.2866411209106445,-2.5077064037323,13.235092163085938,13.903806686401367
0,445221,-7.860995769500732,2.5323095321655273,19.256328582763672,1.9993548393249512
0,445221,8.25157356262207,12.625500679016113,-4.722616195678711,-1.6672451496124268
0,445222,24.88199806213379,-1.6579338312149048,-17.282882690429688,1.5973527431488037
0,445222,-6.241788864135742,0.07703730463981628,6.195008754730225,-12.811728477478027
0,445222,-13.714390754699707,-7.243303298950195,0.12035468965768814,-14.411538124084473
0,445222,-3.7320075035095215,-10.180159568786621,-5.0992751121521,9.216978073120117
0,445222,-0.11082029342651367,19.957490921020508,19.9731388092041,26.903039932250977
0,445222,4.645596981048584,34.308448791503906,11.188297271728516,11.132205963134766
0,445223,12.451969146728516,0.3480066657066345,-20.196943283081055,-11.840654373168945
0,445223,-7.432830333709717,-45.01469421386719,-7.94395112991333,-18.050045013427734
0,445223,-11.102253913879395,-17.156919479370117,10.843972206115723,-0.8400598168373108
0,445223,14.502002716064453,35.355079650878906,-0.7558979988098145,23.81296157836914
0,445223,10.260892868041992,19.107097625732422,4.640613555908203,-0.7560632228851318
0,445223,-5.7299065589904785,-17.643089294433594,-2.041151523590088,-1.7218422889709473
0,445224,-5.703990459442139,-10.861661911010742,-18.819067001342773,10.392964363098145
0,445224,11.309977531433105,-6.989699363708496,5.342239856719971,-20.22149658203125
0,445224,-3.461487293243408,6.0026631355285645,16.617919921875,-5.829070568084717
0,445224,-22.793067932128906,10.09541130065918,-15.571621894836426,11.389192581176758
0,445224,-2.6249232292175293,-25.68896484375,-10.431347846984863,0.3588974177837372
0,445224,4.866440773010254,-12.343276023864746,13.763693809509277,6.448050498962402
0,445225,6.603969097137451,20.83441162109375,-11.819972038269043,1.3892414569854736
0,445225,10.487414360046387,7.5127129554748535,-1.3378019332885742,-8.305424690246582
0,445225,-23.900531768798828,-7.103902816772461,11.847854614257812,18.210098266601562
0,445225,-22.847896575927734,-3.6795523166656494,-3.4728312492370605,-5.579982280731201
0,445225,42.80780792236328,13.19330883026123,6.267277240753174,-31.342483520507812
0,445225,33.751651763916016,16.785287857055664,5.685277938842773,4.7504401206970215
0,445226,-30.686750411987305,0.5225718021392822,-3.1268270015716553,2.5297999382019043
0,445226,-16.947237014770508,-26.712787628173828,-9.129331588745117,6.118950366973877
0,445226,17.508039474487305,-20.306955337524414,4.34692907333374,26.049726486206055
0,445226,-1.8167234659194946,43.762046813964844,9.04903507232666,0.7106716632843018
0,445226,-12.905149459838867,19.50334358215332,-12.820282936096191,-24.78378677368164
0,445226,5.377642631530762,-38.20215606689453,-6.185013294219971,-2.408515214920044
0,445227,1.8748277425765991,-16.61741828918457,19.766427993774414,12.157649993896484
0,445227,-4.942165851593018,9.627127647399902,2.401134729385376,-13.83764362335205
0,445227,2.820401906967163,5.171579837799072,-17.947162628173828,-14.32559871673584
0,445227,-8.309713363647461,2.6315865516662598,4.536963939666748,23.69742774963379
0,445227,0.7330187559127808,7.719028949737549,13.140846252441406,22.398832321166992
0,445227,24.42098045349121,10.933876037597656,-4.9643473625183105,-28.370607376098633
0,445228,7.768162250518799,-4.017550945281982,-5.6979146003723145,-32.98799514770508
0,445228,-21.24156379699707,-22.584321975708008,13.117630004882812,9.13740062713623
0,445228,-15.999532699584961,13.262471199035645,15.398423194885254,24.697696685791016
0,445228,17.678977966308594,14.272778511047363,-8.434779167175293,-9.124558448791504
0,445228,10.247568130493164,-17.96306037902832,-24.77405548095703,-24.624910354614258
0,445228,-18.646770477294922,0.4514235854148865,8.413817405700684,21.410175323486328
0,445229,-3.9425854682922363,-10.887765884399414,30.157363891601562,21.651351928710938
0,445229,10.7076416015625,-15.114574432373047,-24.375192642211914,-17.634180068969727
0,445229,-3.548865556716919,22.62020492553711,-22.318117141723633,-2.7485532760620117
0,445229,-11.557156562805176,12.66230297088623,28.22058868408203,9.358989715576172
0,445229,18.364543914794922,-10.06588077545166,-12.62678337097168,-2.504652261734009
0,445229,7.661322116851807,-22.20062828063965,-18.990398406982422,3.414050817489624
0,445230,-29.793251037597656,-7.124644756317139,14.802546501159668,14.775259017944336
0,445230,15.584500312805176,30.06726837158203,-9.83957576751709,-6.871767997741699
0,445230,9.798898696899414,1.2961300611495972,-16.56336784362793,-13.09130859375
0,445230,-14.828035354614258,-7.234565734863281,14.514269828796387,18.330263137817383
0,445230,7.824637413024902,25.331228256225586,27.523235321044922,-3.1604268550872803
0,445231,-5.176980972290039,6.177783012390137,3.5594213008880615,-9.128528594970703
0,445231,2.7976911067962646,-21.060726165771484,-17.99165153503418,20.27733039855957
0,445231,3.256392002105713,-18.594192504882812,-2.258805990219116,-7.588195323944092
0,445231,1.3961412906646729,13.067451477050781,20.896333694458008,-21.833343505859375
0,445231,-1.4309000968933105,10.32577133178711,17.583131790161133,1.1832642555236816
0,445231,-4.502309799194336,-2.446138858795166,-8.564103126525879,12.630115509033203
0,445232,10.67521858215332,3.6296896934509277,-20.874242782592773,8.45419692993164
0,445232,-5.057003974914551,-9.80288314819336,9.952204704284668,-23.33871841430664
0,445232,1.6253503561019897,-9.737678527832031,10.748855590820312,-7.275723934173584
0,445232,7.727491855621338,10.047577857971191,-21.33924102783203,14.346480369567871
0,445232,-9.220020294189453,6.134069442749023,-6.702540874481201,-12.135016441345215
0,445232,-1.5863730907440186,-22.720226287841797,7.4471869468688965,-1.5431675910949707
0,445233,3.841400623321533,1.4319217205047607,-7.028141498565674,9.283141136169434
0,445233,-12.737794876098633,19.456449508666992,-13.006418228149414,11.863898277282715
0,445233,-11.207913398742676,-19.0701961517334,-5.520227432250977,8.551046371459961
0,445233,13.583988189697266,2.510242223739624,18.351449966430664,-16.370206832885742
0,445234,9.202410697937012,12.415027618408203,11.446003913879395,-8.768936157226562
0,445235,3.04764461517334,-15.0741605758667,-0.7365683317184448,13.816621780395508
0,445235,2.172245740890503,7.107268810272217,-0.09160172194242477,1.227792501449585
0,445235,-5.825348854064941,1.3452175855636597,-18.852130889892578,7.678833961486816
0,445235,-11.771173477172852,2.5104949474334717,0.2422313392162323,11.746403694152832
0,445235,4.925567626953125,14.492048263549805,16.86260414123535,-28.962352752685547
0,445235,15.918789863586426,-3.9514622688293457,2.5696792602539062,6.78702449798584
0,445235,-6.6862640380859375,-10.064787864685059,-0.6491618752479553,29.567049026489258
0,445236,-0.5676736831665039,3.075263261795044,-4.375810146331787,-26.573394775390625
0,445237,2.021811008453369,10.876739501953125,-6.573803901672363,-18.475486755371094
0,445238,-16.13263511657715,-1.075524926185608,-16.10284996032715,16.357175827026367
0,445240,-9.365059852600098,-4.686367511749268,8.258930206298828,21.956966400146484
0,445495,22.9199275970459,-14.053019523620605,21.82168960571289,2.2379443645477295
0,445496,9.204115867614746,-10.006677627563477,-10.878028869628906,-11.343864440917969
0,445499,-22.63984489440918,14.763381958007812,-14.89915943145752,-8.90127944946289
0,445500,20.33918571472168,1.1624048948287964,-12.167644500732422,-12.902481079101562
0,445503,10.984737396240234,1.3161777257919312,7.945721626281738,-9.913784980773926
0,445504,-31.760129928588867,16.899986267089844,23.85280418395996,8.107346534729004
0,445507,-1.089031457901001,-15.102564811706543,-18.11939811706543,13.01567268371582
0,445508,7.4061174392700195,-7.643818378448486,-21.202863693237305,-1.4504923820495605
0,453808,-1.9346882104873657,28.372133255004883,32.904762268066406,-5.66831111907959
0,453808,3.5547077655792236,-11.526025772094727,8.963696479797363,-21.357824325561523
0,453809,-2.0813024044036865,-25.887985229492188,-17.486867904663086,-9.589930534362793
0,453809,-6.909160137176514,10.009553909301758,24.39944839477539,21.39468765258789
0,453809,14.936559677124023,12.875565528869629,4.3058762550354,8.192761421203613
0,453809,10.247934341430664,10.087563514709473,-27.698904037475586,-12.293434143066406
0,453809,-23.301538467407227,-8.522544860839844,-6.419497966766357,11.45304012298584
0,453809,1.5961415767669678,-21.041854858398438,26.417234420776367,32.15135955810547
0,453810,14.100720405578613,5.634213447570801,24.158510208129883,8.507658958435059
0,453810,-7.519681453704834,22.817005157470703,-20.725322723388672,-17.103673934936523
0,453810,-7.271784782409668,-12.228592872619629,-16.917768478393555,-15.059209823608398
0,453810,10.130754470825195,-25.92819595336914,5.017559051513672,3.3742740154266357
0,453810,8.670008659362793,14.426554679870605,6.856734275817871,23.416101455688477
0,453811,-13.13903522491455,18.8523006439209,-7.0227227210998535,17.3131160736084
0,453811,-3.5387818813323975,-10.690567016601562,-15.908117294311523,-4.612398624420166
0,453811,-5.258556842803955,-19.408859252929688,15.436284065246582,-16.0096492767334
0,453811,0.3470531404018402,4.874878883361816,-1.707403302192688,-24.875411987304688
0,453811,8.668420791625977,13.858552932739258,-19.057025909423828,4.326276779174805
0,453811,-10.49953842163086,0.4645918905735016,2.168020248413086,22.450862884521484
0,453812,-5.893305778503418,-14.456364631652832,3.329125165939331,-28.972627639770508
0,453812,10.436840057373047,0.91302090883255,4.632638931274414,-41.26596450805664
0,453812,11.52236557006836,11.055573463439941,-5.207564353942871,22.316030502319336
0,453812,0.4470081627368927,-7.844803333282471,-3.3085012435913086,16.27500343322754
0,453812,-6.552409648895264,9.163125038146973,7.727938175201416,-8.362707138061523
0,453812,-2.532240867614746,17.997249603271484,12.604629516601562,11.257062911987305
0,453813,13.845001220703125,-6.9099440574646,-2.722834587097168,-5.902984619140625
0,453813,-0.09839707612991333,-9.999332427978516,1.5780292749404907,-5.140309810638428
0,453813,-7.269211292266846,6.1309990882873535,22.149188995361328,-2.6574556827545166
0,453813,7.804809093475342,2.1248724460601807,-13.65683364868164,-10.964332580566406
0,453813,8.565848350524902,-1.0343303680419922,-10.58650016784668,17.309282302856445
0,453813,2.9860243797302246,-2.505424737930298,15.706068992614746,19.824905395507812
0,453814,-16.068437576293945,-1.953991413116455,-3.3720719814300537,-10.828816413879395
0,453814,-1.0663292407989502,17.9108829498291,-20.711416244506836,3.6790969371795654
0,453814,9.008007049560547,14.718461990356445,-0.366067498922348,4.771908283233643
0,453814,-10.775485038757324,-32.81784439086914,24.66391944885254,-25.814857482910156
0,453814,-14.845104217529297,-22.000648498535156,-7.986616611480713,-9.552023887634277
0,453814,17.693695068359375,35.967384338378906,-18.37806510925293,10.039965629577637
0,453815,12.845057487487793,1.5222961902618408,5.377651691436768,12.036725997924805
0,453815,-35.233699798583984,-29.297082901000977,7.2772321701049805,8.405814170837402
0,453815,7.057841777801514,11.254321098327637,3.04459285736084,5.0427703857421875
0,453815,16.228439331054688,3.5713577270507812,-5.460480690002441,7.396425724029541
0,453815,-28.903186798095703,-21.103763580322266,-3.8187179565429688,-4.035983085632324
0,453816,7.390097618103027,3.3229618072509766,-0.46975600719451904,-21.64295768737793
0,453816,20.307226181030273,20.116153717041016,-1.631310224533081,-1.8924392461776733
0,453816,-14.139684677124023,-10.868021965026855,-3.22092342376709,6.4564948081970215
0,453816,-14.335227966308594,-17.205524444580078,-4.675467014312744,-7.778285980224609
0,453816,13.475594520568848,22.535676956176758,12.283881187438965,9.434605598449707
0,453816,17.894437789916992,9.436442375183105,14.703143119812012,-0.25485387444496155
0,453817,-9.893170356750488,-28.835315704345703,-17.87749481201172,-4.289067268371582
0,453817,-6.986165523529053,3.978358507156372,-12.988327980041504,22.52811050415039
0,453817,10.947770118713379,20.965015411376953,17.9709415435791,10.537254333496094
0,453817,5.297702789306641,-1.7612169981002808,11.400089263916016,-36.53582763671875
0,453817,-6.463418483734131,9.974726676940918,3.009054183959961,-5.817517280578613
0,453817,-1.4624227285385132,4.785595417022705,1.860558032989502,36.645408630371094
0,453818,19.507530212402344,-11.854419708251953,6.132340431213379,-5.784050941467285
0,453818,-4.137490749359131,-0.06176123768091202,-11.884547233581543,-14.871047019958496
0,453818,-14.249424934387207,-6.694676876068115,-22.431621551513672,-2.181988477706909
0,453818,21.793203353881836,-10.32737922668457,14.127822875976562,2.7415919303894043
0,453818,-1.3599579334259033,19.94143295288086,2.1415047645568848,-12.726485252380371
0,453818,-23.35841941833496,8.807658195495605,-5.28043270111084,-16.95077896118164
0,453819,-0.7659982442855835,-25.656139373779297,13.282519340515137,20.163978576660156
0,453819,8.24394416809082,-14.525611877441406,2.9979827404022217,14.543123245239258
0,453819,-0.1204911544919014,17.63090705871582,-21.038150787353516,-2.8825087547302246
0,453819,-16.724193572998047,-1.2103822231292725,-3.196542739868164,4.178196907043457
0,453819,-14.030754089355469,-10.337244033813477,26.902286529541016,-3.2039220333099365
0,453819,18.791048049926758,2.167978525161743,-10.183197021484375,-6.37957763671875
0,453820,24.973217010498047,-23.20907974243164,-9.77148723602295,22.398447036743164
0,453820,-10.208462715148926,13.827914237976074,12.271479606628418,-1.505881667137146
0,453820,-10.23252010345459,38.777889251708984,-5.695837020874023,-40.72218322753906
0,453820,0.40093696117401123,-21.468048095703125,-18.84214973449707,12.684784889221191
0,453820,-11.743090629577637,-27.30219268798828,3.363344192504883,26.404115676879883
0,453820,12.365010261535645,27.31670570373535,9.264657020568848,-21.198543548583984
0,453821,7.807152271270752,5.580496311187744,-8.219779968261719,-7.001075267791748
0,453821,-19.44034194946289,-28.885818481445312,16.36724853515625,26.349868774414062
0,453821,7.9804301261901855,27.432090759277344,1.401503324508667,10.317256927490234
0,453821,-5.52953577041626,22.200105667114258,-14.025749206542969,-7.844999313354492
0,453821,-6.5594162940979,-11.753007888793945,6.364334583282471,-3.267958402633667
0,453821,27.12638282775879,-3.7273240089416504,-3.941016912460327,0.4440315067768097
0,453822,6.7714314460754395,-1.4732708930969238,2.6020925045013428,2.619020700454712
0,453822,1.720670223236084,-1.4773613214492798,-0.7712982892990112,-4.21424674987793
0,453822,-11.960267066955566,-6.698851585388184,-17.782882690429688,-5.862059116363525
0,453822,-18.84244155883789,13.055438041687012,11.104728698730469,-0.714059054851532
0,453822,8.588421821594238,8.46675968170166,19.819063186645508,-18.085437774658203
0,453822,11.523698806762695,-21.084333419799805,-5.264132976531982,-11.399152755737305
0,453823,0.42258477210998535,-11.051591873168945,-10.847667694091797,4.938499450683594
0,453823,-10.75509262084961,26.04301643371582,2.75750732421875,4.635015964508057
0,453823,-5.807007312774658,-5.706203460693359,16.455305099487305,16.957590103149414
0,453823,2.0044684410095215,-14.043965339660645,1.3372223377227783,-1.7596832513809204
0,453823,-4.992572784423828,28.220033645629883,-6.3882951736450195,-13.845154762268066
0,453823,12.861368179321289,-5.172904014587402,-7.89164924621582,-1.8999645709991455
0,453824,3.265925407409668,-24.27610206604004,-16.15259552001953,13.27100658416748
0,453824,-14.921063423156738,2.992445230484009,17.507160186767578,11.591798782348633
0,453824,25.21637725830078,24.032785415649414,20.145179748535156,-13.90432071685791
0,453824,9.022847175598145,-17.035642623901367,-17.57178497314453,-10.61325454711914
0,453825,-19.562101364135742,-21.978187561035156,0.10267576575279236,13.835784912109375
0,453826,-1.1556071043014526,21.83171844482422,10.766916275024414,5.922293663024902
0,453826,0.11029386520385742,-12.42129898071289,-13.123885154724121,-3.565337896347046
0,453826,-6.869566440582275,3.5977468490600586,-0.2144472450017929,4.00069522857666
0,453826,-4.6474289894104,26.54642105102539,-2.8321619033813477,-3.6203739643096924
0,453826,6.908545017242432,-7.5370564460754395,-2.7457692623138428,0.07278259098529816
0,453826,14.109293937683105,-3.9312522411346436,20.968013763427734,-5.074726581573486
0,453827,-1.3702973127365112,0.5747219920158386,-15.604158401489258,0.8360305428504944
0,453827,-0.41497957706451416,5.13478422164917,-19.10037612915039,0.6679626107215881
0,453828,6.690748691558838,1.1422641277313232,18.827659606933594,-16.164798736572266
0,453829,-26.28954315185547,-13.48226261138916,-7.623055458068848,-4.3277268409729
0,453832,-7.595516681671143,-4.836181640625,-25.578092575073242,24.883708953857422
0,453833,17.18724250793457,-4.024527549743652,0.2499570995569229,15.325018882751465
0,453836,-9.611536979675293,2.4352874755859375,16.70427894592285,-8.989212989807129
0,453837,-6.893688201904297,12.732950210571289,8.142147064208984,-0.15278364717960358
0,453840,18.325347900390625,-4.062433242797852,4.684963226318359,-9.71763801574707
0,453842,7.827327728271484,-1.8027926683425903,19.011486053466797,6.203310489654541
0,453844,-24.158708572387695,-5.171460151672363,4.906937122344971,-4.828324317932129
0,453846,4.648611068725586,-6.177632808685303,-35.680267333984375,-29.228364944458008
0,453848,2.775444746017456,-0.8164427280426025,-15.542593002319336,35.8405876159668
0,453850,-11.934879302978516,-1.4190856218338013,30.484821319580078,42.62958526611328
0,453852,27.61631202697754,12.059069633483887,-4.643801212310791,-50.86854934692383
0,453854,4.398304462432861,13.160887718200684,-1.655764102935791,-33.77886199951172
0,453856,-16.411584854125977,-1.323329210281372,26.42156410217285,35.77056884765625
0,453858,-10.894060134887695,-24.315872192382812,-25.46005630493164,24.2176456451416
0,453860,8.514618873596191,-7.330319404602051,-15.449845314025879,-8.589197158813477
0,453862,21.43873405456543,3.589277744293213,17.41243553161621,-28.023067474365234
0,453864,-8.076217651367188,10.757469177246094,1.9071837663650513,-21.198389053344727
0,453866,-7.436923027038574,24.208576202392578,9.379037857055664,6.288445949554443
0,453868,-4.805317401885986,-1.2531704902648926,-5.4391913414001465,53.456260681152344
0,453870,-1.5164228677749634,-5.0968708992004395,4.474071979522705,14.075218200683594
0,453872,8.377636909484863,-0.8060733675956726,12.215397834777832,-56.89292526245117
0,453874,2.443587064743042,-6.514610767364502,-34.52900695800781,-24.035846710205078
0,453877,-16.51819610595703,-4.451376914978027,-15.797059059143066,51.0352783203125
0,453878,-2.846916913986206,-21.165340423583984,17.717988967895508,25.56416893005371
0,453881,19.385452270507812,5.4546709060668945,15.528818130493164,-52.759490966796875
0,454074,8.508659362792969,26.672807693481445,20.390886306762695,-3.803895950317383
0,454074,-3.227518320083618,-13.189981460571289,-7.3021697998046875,32.43334197998047
0,454075,-7.928991794586182,2.4977526664733887,-19.91145133972168,-5.33628511428833
0,454075,-3.4506518840789795,14.409502029418945,1.2833186388015747,-21.761398315429688
0,454075,-3.240081548690796,-8.489121437072754,3.141911268234253,-13.075599670410156
0,454075,-11.106890678405762,-15.10903549194336,-0.8498406410217285,15.888748168945312
0,454075,7.527836799621582,-12.482474327087402,-4.454738616943359,-10.648284912109375
0,454075,19.585411071777344,7.7875237464904785,9.67416763305664,-11.623916625976562
0,454076,-15.3550443649292,32.63302993774414,16.040029525756836,24.200193405151367
0,454076,-4.789244651794434,13.408116340637207,-21.813282012939453,11.139805793762207
0,454076,11.077092170715332,-23.709184646606445,-29.62501335144043,15.37792682647705
0,454076,-6.933261871337891,-2.5929760932922363,10.806404113769531,7.400384902954102
0,454076,-5.160541534423828,-8.480098724365234,10.264832496643066,-13.766913414001465
0,454077,3.138928174972534,-21.43113136291504,-11.344489097595215,1.6705403327941895
0,454077,2.6174874305725098,19.73381233215332,-2.250230550765991,8.313302040100098
0,454077,-8.746114730834961,9.664794921875,11.893564224243164,-4.234333515167236
0,454077,12.796918869018555,-10.719071388244629,8.680549621582031,-3.779557466506958
0,454077,21.50974464416504,11.9156494140625,-1.4520998001098633,-1.762614130973816
0,454077,-9.780396461486816,3.618675470352173,2.792365074157715,-22.13312339782715
0,454078,-14.118765830993652,-8.959967613220215,15.510924339294434,-5.306317329406738
0,454078,4.9140543937683105,-2.5547094345092773,-7.434056282043457,21.260250091552734
0,454078,7.852582931518555,-4.584464073181152,-19.217613220214844,-13.266397476196289
0,454078,-4.420989513397217,-3.372128963470459,3.568568468093872,-7.7406792640686035
0,454078,-2.2598135471343994,7.542067050933838,13.820035934448242,22.56665802001953
0,454078,0.8993733525276184,3.4344239234924316,2.538402557373047,8.060029983520508
0,454079,-5.536893367767334,-3.2346596717834473,-10.859429359436035,5.364251136779785
0,454079,-3.9762752056121826,-3.1667733192443848,10.317307472229004,-4.507498264312744
0,454079,10.475440979003906,-12.859207153320312,0.9454991817474365,-12.562633514404297
0,454079,8.360112190246582,4.225457191467285,-9.752443313598633,-3.1497697830200195
0,454079,-19.994049072265625,16.556623458862305,-4.080572605133057,-10.892878532409668
0,454079,-24.2200984954834,-3.3318090438842773,6.947153568267822,17.989490509033203
0,454080,14.914246559143066,-8.8360013961792,8.75257396697998,20.78670883178711
0,454080,12.517731666564941,9.58068561553955,-9.36110782623291,-20.600582122802734
0,454080,-3.933417797088623,11.331148147583008,3.391256093978882,-8.948052406311035
0,454080,26.140506744384766,-4.771271705627441,-6.855862140655518,3.7633092403411865
0,454080,5.97391414642334,-1.704862117767334,12.853357315063477,-11.54882526397705
0,454080,-26.694522857666016,5.372798442840576,10.929183959960938,-4.714467525482178
0,454081,-20.795063018798828,-7.664961338043213,-32.36228561401367,15.663299560546875
0,454081,3.9777724742889404,-9.477041244506836,8.772048950195312,-1.9036530256271362
0,454081,17.833467483520508,-0.3717883229255676,16.714048385620117,-16.513893127441406
0,454081,15.421089172363281,9.741606712341309,-5.249302864074707,13.910272598266602
0,454081,-1.473381757736206,6.1899189949035645,-7.672117233276367,23.070514678955078
0,454081,-29.232873916625977,-22.16184425354004,-12.452214241027832,-12.769969940185547
0,454082,2.0675764083862305,-1.0523208379745483,27.0168514251709,-15.275030136108398
0,454082,18.106605529785156,27.5592098236084,6.937376022338867,2.3691518306732178
0,454082,-0.023286938667297363,-18.343271255493164,-17.84850311279297,1.7416402101516724
0,454082,-6.143482685089111,-17.577632904052734,3.0830318927764893,5.640572547912598
0,454082,4.9489426612854,26.74088478088379,-4.346180438995361,-4.904967308044434
0,454082,-0.7406697869300842,-8.803217887878418,10.08564567565918,3.8621418476104736
0,454083,-1.2773128747940063,-8.588321685791016,0.1681588590145111,3.5925323963165283
0,454083,17.341890335083008,24.602264404296875,-15.642746925354004,-19.157255172729492
0,454083,-18.295143127441406,3.6213936805725098,-4.730245113372803,-11.471442222595215
0,454083,-7.906550884246826,-15.840568542480469,-16.041288375854492,10.63484001159668
0,454083,12.520651817321777,-4.1773457527160645,9.725502967834473,19.666879653930664
0,454084,4.506027698516846,26.97157096862793,24.505722045898438,16.017932891845703
0,454084,14.179903030395508,5.055466651916504,-0.0850152000784874,-1.6992591619491577
0,454084,-9.118783950805664,-20.583839416503906,6.648379325866699,-25.646785736083984
0,454084,-23.309560775756836,2.179492235183716,-22.886520385742188,-8.394598960876465
0,454084,-12.97870922088623,-11.443093299865723,-27.286521911621094,16.974443435668945
0,454084,9.098169326782227,-14.437215805053711,30.76827049255371,9.139050483703613
0,454085,19.13602066040039,20.759199142456055,16.586345672607422,-0.23975659906864166
0,454085,-7.763544082641602,-14.371715545654297,-24.85150146484375,-2.008110284805298
0,454085,-17.621274948120117,-32.861854553222656,1.7524068355560303,-0.7132511734962463
0,454085,-0.9379302859306335,42.35482406616211,16.662294387817383,11.40477180480957
0,454085,13.970325469970703,35.56686782836914,-18.169281005859375,-6.048129558563232
0,454085,18.85108757019043,-36.516178131103516,-10.880960464477539,-18.943199157714844
0,454086,-21.112998962402344,-23.48654556274414,6.843825340270996,-0.9864151477813721
0,454086,-21.0041446685791,34.40693283081055,-1.9448671340942383,7.07669734954834
0,454086,29.060815811157227,24.496816635131836,8.728710174560547,6.387326717376709
0,454086,8.075535774230957,-30.032732009887695,-1.217302680015564,-8.079766273498535
0,454086,-17.77963638305664,-21.691795349121094,-17.469257354736328,12.912381172180176
0,454086,14.607097625732422,16.32357406616211,13.677931785583496,8.972012519836426
0,454087,5.66057825088501,8.253384590148926,7.07431173324585,-34.986915588378906
0,454087,-19.45751953125,-16.933942794799805,-13.646147727966309,-7.540243148803711
0,454087,5.362119674682617,2.592949628829956,14.883810997009277,5.8915791511535645
0,454087,10.812796592712402,8.185575485229492,0.6736581325531006,3.225344181060791
0,454087,3.7981796264648438,-10.665042877197266,0.25980013608932495,23.02490997314453
0,454087,-3.500143527984619,17.222187042236328,6.4287261962890625,-5.0924835205078125
0,454088,-10.887330055236816,0.8361679315567017,-20.51641273498535,-15.310539245605469
0,454088,2.890070915222168,-23.24139404296875,13.772778511047363,8.71818733215332
0,454088,-1.0828553438186646,25.4763126373291,20.95484161376953,5.4335503578186035
0,454088,-4.140597343444824,13.455977439880371,-8.602720260620117,5.269686698913574
0,454088,19.79369354248047,-19.639177322387695,-8.319902420043945,4.6569623947143555
0,454088,-10.837357521057129,-9.657668113708496,1.2005705833435059,-14.875894546508789
0,454089,-21.37706184387207,3.87023663520813,12.141938209533691,3.85894513130188
0,454089,16.519332885742188,0.6180381178855896,-1.704097032546997,21.623207092285156
0,454089,7.29056453704834,-6.75639533996582,-8.90093994140625,-16.877071380615234
0,454089,9.474839210510254,7.904996395111084,-6.773909568786621,-18.06667137145996
0,454089,-6.832822799682617,-1.8951659202575684,-8.47615909576416,16.315086364746094
0,454089,-19.15319061279297,-5.642014026641846,10.320568084716797,12.152825355529785
0,454090,11.785896301269531,-1.4820235967636108,8.681856155395508,-12.873529434204102
0,454090,3.174772024154663,13.67813491821289,-4.08245325088501,-7.163392543792725
0,454090,-8.002457618713379,8.187097549438477,-2.0518393516540527,9.794971466064453
0,454090,3.311971426010132,-18.975465774536133,-10.983287811279297,-17.738370895385742
0,454090,0.4621342122554779,4.91200065612793,-13.154111862182617,-15.98642635345459
0,454090,-1.05851149559021,4.8828630447387695,-10.829270362854004,28.894195556640625
0,454091,-1.0557572841644287,-10.330872535705566,5.17954158782959,9.390548706054688
0,454092,-1.4466012716293335,8.098785400390625,12.46969985961914,-16.65397834777832
0,454092,7.221445083618164,6.65090799331665,5.305944442749023,19.23404312133789
0,454092,-0.9638577103614807,-12.966903686523438,15.126684188842773,9.293388366699219
0,454092,-18.82206916809082,-10.309511184692383,8.580020904541016,-9.38119888305664
0,454093,3.380323648452759,26.085765838623047,-13.238102912902832,-0.43177318572998047
0,454093,21.103160858154297,10.376056671142578,-4.455441951751709,-4.595357894897461
0,454093,-8.327082633972168,-34.187461853027344,8.914292335510254,-6.636702060699463
0,454093,-2.066176176071167,-8.946309089660645,0.911766767501831,-5.414705276489258
0,454093,8.175650596618652,5.783750534057617,5.1062517166137695,7.354737281799316
0,454095,-12.450054168701172,14.757575035095215,0.8364091515541077,-3.700967311859131
0,454096,9.890878677368164,27.639097213745117,6.472354888916016,-10.257109642028809
0,454099,-12.731111526489258,-15.619843482971191,-0.7251796126365662,-13.133126258850098
0,454100,-28.09408187866211,-26.846372604370117,-21.965370178222656,-15.282672882080078
0,454103,35.36408233642578,-1.697543740272522,4.259924411773682,10.857648849487305
0,454104,21.40742301940918,26.830812454223633,38.61896514892578,5.665368556976318
0,454107,-17.339168548583984,21.511688232421875,-20.053932189941406,-11.418000221252441
0,454108,-16.695159912109375,-21.621440887451172,-51.86491394042969,14.02705192565918
0,454111,4.609271049499512,3.854109287261963,28.82615852355957,49.467437744140625
0,454112,19.405797958374023,-1.9219236373901367,23.165191650390625,24.110597610473633
0,454113,-1.9105595350265503,-19.71349334716797,-17.794776916503906,-30.347225189208984
0,454116,-1.3677812814712524,12.342411041259766,-13.082148551940918,-37.12673568725586
0,454117,3.4229073524475098,15.346882820129395,1.2810364961624146,3.404789447784424
0,454120,-10.332759857177734,-14.440272331237793,9.119856834411621,18.396373748779297
0,454121,0.2563977539539337,-23.322589874267578,-5.3890767097473145,-29.38692283630371
0,454124,9.793692588806152,5.369763374328613,7.865515232086182,8.738080024719238
0,454125,-17.066619873046875,1.1388132572174072,14.46760368347168,66.0788345336914
0,454128,-1.7586755752563477,8.01796817779541,-17.599348068237305,-4.113030910491943
0,454129,34.87823486328125,14.823800086975098,-4.255170822143555,-62.37963104248047
0,454132,-17.911062240600586,-28.013652801513672,-11.93517780303955,-22.786163330078125
0,454133,-36.79521179199219,-5.826877593994141,-15.483450889587402,31.47079086303711
0,454136,27.224912643432617,56.215457916259766,38.36150360107422,12.289926528930664
0,454137,15.001179695129395,15.838835716247559,3.7214248180389404,-30.228166580200195
0,454140,-19.594680786132812,-45.73112487792969,-16.539827346801758,-8.908248901367188
0,454141,1.0729221105575562,-21.007482528686523,4.348643779754639,40.625099182128906
0,454144,11.658053398132324,21.060678482055664,14.378013610839844,0.698604941368103
0,454145,-2.7606117725372314,-2.024599552154541,2.794466257095337,-36.06608581542969
0,454339,2.5823280811309814,-16.97783851623535,-28.944278717041016,-4.004720687866211
0,454339,4.211670398712158,24.31339454650879,-7.297236919403076,-5.112315654754639
0,454339,-17.167387008666992,-8.616787910461426,16.982419967651367,4.511580467224121
0,454339,-7.463850021362305,-23.259016036987305,23.176504135131836,27.194669723510742
0,454340,21.476076126098633,26.4211483001709,-11.7973051071167,4.82416296005249
0,454340,8.697362899780273,-13.281825065612793,-30.228513717651367,-1.0082873106002808
0,454340,-27.76938247680664,-0.23684073984622955,23.393144607543945,16.82176399230957
0,454340,-10.366101264953613,33.55974197387695,9.69421100616455,0.4291766881942749
0,454340,10.14236831665039,-27.51192283630371,-29.256071090698242,-1.7788329124450684
0,454340,-2.530245542526245,-15.24800968170166,21.83514404296875,-11.416881561279297
0,454341,6.144699573516846,24.408552169799805,18.804157257080078,-9.11697006225586
0,454341,16.205717086791992,9.315354347229004,-11.890948295593262,11.406792640686035
0,454341,-8.299201965332031,-6.096073150634766,13.580095291137695,-5.600050449371338
0,454341,-10.723546028137207,-3.6084842681884766,-7.998293876647949,1.0119850635528564
0,454341,19.98957061767578,-2.537001132965088,-17.685014724731445,-5.37692928314209
0,454341,-6.079615592956543,-14.70489501953125,8.208318710327148,-14.068255424499512
0,454342,-7.065859794616699,5.774003028869629,17.625263214111328,18.4284610748291
0,454342,17.324190139770508,25.643766403198242,-4.637164115905762,24.058326721191406
0,454342,-6.392260551452637,-5.898472309112549,-29.69756507873535,-13.170611381530762
0,454342,-0.4495443105697632,-22.288375854492188,-3.7820918560028076,-28.110471725463867
0,454342,4.177464008331299,8.198990821838379,11.007238388061523,-1.004940152168274
0,454343,-17.629676818847656,3.8928675651550293,3.782641649246216,9.093405723571777
0,454343,-9.317108154296875,-15.14572525024414,16.56264877319336,11.510309219360352
0,454343,25.21626091003418,15.399930000305176,9.260721206665039,9.792192459106445
0,454343,8.138043403625488,-7.030930995941162,-29.086313247680664,4.302949905395508
0,454343,-28.403860092163086,-29.081783294677734,-9.077068328857422,3.721700429916382
0,454343,7.321321487426758,29.242145538330078,22.959503173828125,-9.832698822021484
0,454344,15.042716026306152,15.356433868408203,0.033028677105903625,-1.693271279335022
0,454344,-15.278950691223145,-3.9457030296325684,-4.150166988372803,13.09201717376709
0,454344,4.241645336151123,12.29505443572998,1.5663642883300781,-11.30186653137207
0,454344,8.18583869934082,-2.879234552383423,-9.246199607849121,-13.818642616271973
0,454344,-15.00876235961914,-8.29084300994873,8.91491413116455,17.97896385192871
0,454344,-3.5228137969970703,-19.001699447631836,11.526931762695312,1.7431968450546265
0,454345,26.53020477294922,14.39971923828125,-16.745254516601562,-21.709033966064453
0,454345,6.713045597076416,23.038719177246094,-5.382408142089844,-0.21347880363464355
0,454345,-40.97481155395508,-30.212400436401367,-0.9572150707244873,2.3339662551879883
0,454345,3.612982749938965,-10.990875244140625,-4.546807765960693,2.553791046142578
0,454345,32.174285888671875,32.76121139526367,-11.570392608642578,-3.10829758644104
0,454345,-25.34712028503418,-13.993509292602539,-26.396345138549805,-14.07399845123291
0,454346,-17.57026481628418,-38.44391632080078,12.460990905761719,6.004741668701172
0,454346,27.43026351928711,27.08942985534668,22.434417724609375,-1.5928010940551758
0,454346,-0.3963125944137573,0.8216956853866577,-5.655555725097656,11.383386611938477
0,454346,-32.023616790771484,-14.476486206054688,1.2131612300872803,16.3030948638916
0,454346,20.001270294189453,29.992870330810547,12.68533706665039,-13.125065803527832
0,454346,23.90744972229004,-10.409224510192871,11.468469619750977,-2.263885021209717
0,454347,-15.307145118713379,-4.415457725524902,-2.5117952823638916,-0.13086958229541779
0,454347,17.704971313476562,22.850971221923828,-6.782096862792969,-10.197004318237305
0,454347,18.33929443359375,-14.837852478027344,2.538839817047119,0.10036355257034302
0,454347,-31.066347122192383,-9.162288665771484,7.368316173553467,7.995242595672607
0,454347,-21.477359771728516,26.784561157226562,-2.980886936187744,8.43696117401123
0,454347,18.357418060302734,-10.209390640258789,-10.333231925964355,1.1550474166870117
0,454348,7.602224349975586,1.5540624856948853,5.121316909790039,-0.2882826626300812
0,454348,-14.363167762756348,22.21038246154785,12.968497276306152,-13.599132537841797
0,454348,0.9763153195381165,-29.639972686767578,-0.6826045513153076,-16.681793212890625
0,454348,-4.413703441619873,-2.6641502380371094,-11.62886905670166,14.448282241821289
0,454348,-1.8958510160446167,-0.07853474467992783,3.420823335647583,17.2523193359375
0,454348,28.09693717956543,-19.996931076049805,13.816781997680664,-11.68088150024414
0,454349,-5.175970077514648,6.231619834899902,-5.60520076751709,-10.37189769744873
0,454349,-23.516294479370117,7.142333030700684,0.43342551589012146,18.921146392822266
0,454349,31.18096160888672,11.727083206176758,18.10014533996582,-6.709761142730713
0,454349,0.2466820329427719,0.5184535980224609,-2.3057286739349365,-13.146644592285156
0,454349,-24.03687286376953,-10.264198303222656,-15.686803817749023,20.476123809814453
0,454349,17.625831604003906,11.857991218566895,1.3566365242004395,-15.765762329101562
0,454350,-0.2664002478122711,-2.135667324066162,4.987857818603516,-23.705224990844727
0,454350,-16.320043563842773,-3.8687684535980225,-16.111635208129883,38.52297592163086
0,454350,-5.650768756866455,6.616386890411377,-24.771371841430664,8.344549179077148
0,454350,1.5975806713104248,-10.998379707336426,-2.0096287727355957,-25.795303344726562
0,454350,-6.200003147125244,5.832642078399658,24.437850952148438,20.005390167236328
0,454350,7.8712544441223145,7.710203170776367,-3.035008430480957,10.96036148071289
0,454351,2.049539566040039,-14.598225593566895,-10.776162147521973,-11.201194763183594
0,454351,-13.973897933959961,-9.354540824890137,26.72081756591797,-8.031696319580078
0,454351,20.278491973876953,12.193897247314453,-4.748660087585449,1.5263686180114746
0,454351,7.511948108673096,-0.8816251754760742,-25.771568298339844,13.076125144958496
0,454351,-16.53867530822754,-12.96314525604248,18.45416831970215,6.66090726852417
0,454351,12.229331016540527,21.845733642578125,15.340474128723145,-9.646642684936523
0,454352,-3.693455219268799,4.1145172119140625,-9.037030220031738,2.3951151371002197
0,454352,-6.726577281951904,-17.946130752563477,6.214390277862549,7.467360973358154
0,454352,26.536182403564453,18.410175323486328,-14.101710319519043,-25.33877182006836
0,454352,-6.29529333114624,7.53387975692749,-20.60550880432129,0.418641060590744
0,454352,-20.6541690826416,-20.198537826538086,9.564864158630371,0.41246524453163147
0,454353,7.939582824707031,-17.26521873474121,-7.6639628410339355,-6.151564121246338
0,454353,-6.820344924926758,6.144436359405518,8.189149856567383,20.501922607421875
0,454353,-10.379183769226074,18.956872940063477,19.630495071411133,-11.690468788146973
0,454353,23.361854553222656,-5.853108882904053,-22.983596801757812,-16.84903907775879
0,454353,7.307986736297607,-8.067045211791992,5.137121677398682,10.37175464630127
0,454353,-21.745092391967773,-15.581567764282227,29.260862350463867,6.8136115074157715
0,454354,-1.7104413509368896,7.83017635345459,-19.57225799560547,-7.301867485046387
0,454354,5.254851341247559,22.85687255859375,-20.910764694213867,0.1863924264907837
0,454354,-3.386509418487549,-24.012348175048828,21.589900970458984,12.422720909118652
0,454354,0.7602565884590149,10.547292709350586,23.143125534057617,2.422584295272827
0,454354,13.258164405822754,26.433944702148438,-8.995241165161133,-17.2099666595459
0,454354,2.9627764225006104,-33.82578659057617,-13.407567977905273,0.4242464601993561
0,454355,-24.031902313232422,-7.076433181762695,8.207987785339355,20.978084564208984
0,454355,10.447686195373535,30.318891525268555,-1.6861752271652222,-0.9668174982070923
0,454355,18.002405166625977,-6.400956630706787,-22.130647659301758,-6.169862270355225
0,454355,-17.393753051757812,9.020995140075684,10.761697769165039,-1.4610800743103027
0,454356,-1.4064971208572388,12.874922752380371,5.616302967071533,-15.913034439086914
0,454357,8.817109107971191,-34.12427520751953,-22.4183292388916,0.9575362205505371
0,454357,-13.669061660766602,-12.24409008026123,4.504108905792236,10.351395606994629
0,454357,-1.2714812755584717,12.706024169921875,0.8671780824661255,-1.4343531131744385
0,454357,14.19724178314209,10.220508575439453,9.598163604736328,3.689429998397827
0,454357,0.0744701474905014,1.8639445304870605,3.9095466136932373,-18.2669734954834
0,454357,-2.4282660484313965,-21.84783172607422,-10.363649368286133,0.39837145805358887
0,454357,1.8261646032333374,4.807175159454346,11.470746994018555,10.610590934753418
0,454358,-8.419427871704102,29.52614974975586,2.478076934814453,-18.843530654907227
0,454359,-3.272522449493408,-14.265473365783691,-7.813078880310059,24.667898178100586
0,454360,10.345776557922363,-19.804115295410156,17.277843475341797,22.140270233154297
0,454362,-20.937204360961914,21.027952194213867,18.23107147216797,-25.526683807373047
0,454364,-4.86129903793335,8.79971694946289,-18.751142501831055,-17.847917556762695
0,454366,38.58882141113281,-24.19425392150879,-6.488892555236816,14.90755844116211
0,454368,-2.649766206741333,14.382302284240723,-9.504378318786621,28.653034210205078
0,454370,-28.518095016479492,24.724506378173828,-8.327383041381836,-10.068099975585938
0,454372,16.149011611938477,-25.902915954589844,24.438676834106445,5.146661281585693
0,454374,20.84307289123535,-20.807594299316406,-14.632704734802246,26.10794448852539
0,454376,-11.245996475219727,27.78722381591797,-16.05863380432129,-42.56922912597656
0,454378,-21.313871383666992,12.216155052185059,3.328166961669922,-46.66196823120117
0,454380,-7.739314079284668,-37.87180709838867,0.6329433917999268,22.36819839477539
0,454382,19.813884735107422,-2.3899805545806885,38.730525970458984,39.071537017822266
0,454385,0.9357717037200928,16.005582809448242,-8.72779655456543,-28.746868133544922
0,454386,-4.362464904785156,13.455985069274902,-20.376266479492188,-9.738753318786621
0,454389,17.629806518554688,6.753634452819824,25.42182731628418,60.73734664916992
0,454390,-17.969491958618164,-26.658023834228516,-24.12421226501465,-20.20293617248535
0,454393,-20.263063430786133,-6.238671779632568,-7.299839973449707,-33.71171569824219
0,454394,24.85811424255371,25.35760498046875,25.355100631713867,31.904417037963867
0,454397,5.827571392059326,-0.21806737780570984,-16.036151885986328,-6.2520751953125
0,454398,-14.022599220275879,-9.167756080627441,-1.5810606479644775,-29.768587112426758
0,454401,14.644501686096191,7.376859664916992,20.045682907104492,6.7694501876831055
0,454402,10.245413780212402,-12.962388038635254,-3.946507215499878,21.2811222076416
0,454405,-15.09233570098877,3.298941135406494,-21.469270706176758,6.131688117980957
0,454406,-3.065302610397339,15.286617279052734,2.690075397491455,19.642629623413086
0,454409,9.940694808959961,-0.2037000209093094,15.975793838500977,-16.8657169342041
0,454410,-8.811243057250977,-10.0108060836792,-5.770815372467041,-61.44387435913086
0,454602,-3.0423800945281982,-0.9041184782981873,18.616958618164062,-1.4877387285232544
0,454603,2.773099660873413,16.05076026916504,12.073163986206055,5.714221477508545
0,454603,-2.690570116043091,-14.250874519348145,-22.951644897460938,-6.557802200317383
0,454603,-6.069982051849365,-27.843236923217773,-7.539642810821533,31.263269424438477
0,454603,5.204187393188477,18.513301849365234,-9.913049697875977,9.39158821105957
0,454603,15.681183815002441,28.84172248840332,1.427828073501587,-21.469141006469727
0,454603,-0.37422627210617065,-25.864065170288086,16.44285011291504,9.194818496704102
0,454604,-4.665876388549805,-14.239227294921875,-15.782773971557617,20.662883758544922
0,454604,-15.84365177154541,20.628450393676758,-12.833174705505371,-8.717000007629395
0,454604,-8.549910545349121,-13.179271697998047,11.273918151855469,1.5079776048660278
0,454604,11.07992935180664,-7.711389541625977,-3.97117018699646,17.478233337402344
0,454604,8.189854621887207,20.787851333618164,-3.243166208267212,9.817092895507812
0,454605,-1.007625699043274,6.628532886505127,14.328288078308105,16.094463348388672
0,454605,-4.0780863761901855,7.1397385597229,-1.792420506477356,5.212236404418945
0,454605,8.659905433654785,-12.40288257598877,-13.008976936340332,-21.556720733642578
0,454605,3.751945972442627,-9.248988151550293,9.739703178405762,-9.244282722473145
0,454605,-15.496602058410645,20.879703521728516,27.8920841217041,3.105762243270874
0,454605,0.7523614764213562,-23.48374366760254,-11.910407066345215,-14.080095291137695
0,454606,7.765248775482178,-14.869447708129883,-29.91893768310547,1.3523513078689575
0,454606,1.575957179069519,41.405616760253906,11.391651153564453,18.697519302368164
0,454606,17.145076751708984,3.6601626873016357,19.299713134765625,3.684837818145752
0,454606,-13.412984848022461,-33.76615905761719,-10.833091735839844,1.0336333513259888
0,454606,-30.67954444885254,-9.043524742126465,-9.660798072814941,13.108964920043945
0,454606,17.784231185913086,13.426591873168945,15.256368637084961,-17.453624725341797
0,454607,10.968355178833008,7.217179298400879,-20.90428352355957,-26.801469802856445
0,454607,-21.537025451660156,6.329415321350098,-6.087591648101807,-0.17853593826293945
0,454607,2.5370583534240723,-7.448235511779785,31.038354873657227,-7.450291156768799
0,454607,9.555087089538574,-15.142386436462402,-18.990859985351562,-1.8836554288864136
0,454607,-9.930281639099121,7.197658538818359,-11.359902381896973,-2.0565996170043945
0,454607,-8.72128963470459,-3.4570252895355225,6.40321159362793,-5.56419038772583
0,454608,6.748355388641357,1.2774535417556763,-10.308300971984863,-2.8053202629089355
0,454608,18.511926651000977,9.923629760742188,5.6911301612854,-1.3454148769378662
0,454608,6.06579065322876,-8.665008544921875,1.3422515392303467,3.4299912452697754
0,454608,0.23224607110023499,-5.083498477935791,-10.969466209411621,14.481077194213867
0,454608,-2.334421396255493,14.100137710571289,13.38533878326416,10.927972793579102
0,454609,-1.208146095275879,7.887202262878418,9.42759895324707,-13.700922966003418
0,454609,-10.698003768920898,-7.612706661224365,-12.494165420532227,2.6159980297088623
0,454609,2.4652297496795654,-5.540175914764404,9.661805152893066,24.025890350341797
0,454609,15.207440376281738,-5.112091064453125,14.517898559570312,0.5281252861022949
0,454609,-29.83369255065918,3.8402228355407715,-4.191744327545166,-34.61592483520508
0,454609,-17.315513610839844,2.677901268005371,-2.8035147190093994,-6.243438243865967
0,454610,20.99859619140625,-3.4340951442718506,7.893651962280273,27.415019989013672
0,454610,15.625582695007324,12.689433097839355,4.337482452392578,7.95928430557251
0,454610,3.116265058517456,6.933412075042725,3.6447901725769043,-6.781460762023926
0,454610,-8.611479759216309,-20.14441680908203,-10.28847599029541,-11.245991706848145
0,454610,-13.567874908447266,-7.654748439788818,-7.3664751052856445,12.467619895935059
0,454610,4.576463222503662,17.122047424316406,8.658474922180176,15.913667678833008
0,454611,14.024331092834473,0.3963009715080261,1.4626175165176392,-19.74531364440918
0,454611,13.087357521057129,6.156940460205078,2.6299326419830322,-16.339035034179688
0,454611,-0.3050707280635834,3.329683542251587,-4.370321273803711,12.808964729309082
0,454611,-30.966081619262695,-22.64206886291504,-5.971050262451172,35.591773986816406
0,454611,-7.155804634094238,1.47147798538208,0.31203538179397583,12.218840599060059
0,454611,38.37108612060547,23.188385009765625,-1.5972771644592285,-29.047977447509766
0,454612,10.455463409423828,13.493943214416504,-4.27520751953125,-2.846891164779663
0,454612,-30.743398666381836,-19.089813232421875,0.0979422852396965,5.7256059646606445
0,454612,-1.2669597864151,-20.002819061279297,3.129262924194336,-2.9612910747528076
0,454612,24.30047607421875,15.45499038696289,-1.4424904584884644,4.331192493438721
0,454612,-14.303640365600586,6.939164638519287,3.006014585494995,-10.256024360656738
0,454612,-12.946198463439941,-1.3264516592025757,0.6843591928482056,-8.865904808044434
0,454613,21.5413818359375,-4.001926898956299,-11.973058700561523,-7.727829933166504
0,454613,-8.822591781616211,-14.360936164855957,9.822468757629395,-1.702401041984558
0,454613,-48.785919189453125,-2.2918248176574707,3.123692750930786,7.78972053527832
0,454613,29.912059783935547,16.835391998291016,-12.125943183898926,-4.07640266418457
0,454613,77.6222915649414,6.2678914070129395,12.271291732788086,-9.422285079956055
0,454613,-35.5429801940918,-28.152074813842773,4.922063827514648,11.718215942382812
0,454614,-44.900474548339844,11.630970001220703,-12.765339851379395,-0.6874284148216248
0,454614,18.40176010131836,24.509349822998047,4.715400695800781,-10.892885208129883
0,454614,10.960289001464844,-25.685258865356445,10.264348983764648,12.944466590881348
0,454614,2.9653847217559814,-13.550992012023926,-8.274049758911133,9.718969345092773
0,454614,1.4105918407440186,22.801359176635742,1.247735857963562,-5.685588836669922
0,454614,-7.47998046875,13.530887603759766,-9.863415718078613,-3.621121406555176
0,454615,-8.804966926574707,-19.232362747192383,-9.674198150634766,14.110307693481445
0,454615,2.226855754852295,0.6971141695976257,23.970794677734375,-15.50349235534668
0,454615,-12.978862762451172,-7.000803470611572,-16.020191192626953,-15.697032928466797
0,454615,-18.764562606811523,-19.578716278076172,-4.744296073913574,15.704700469970703
0,454615,11.214737892150879,33.794456481933594,38.89830780029297,3.9529595375061035
0,454615,11.584866523742676,7.962016582489014,-16.223114013671875,9.515052795410156
0,454616,1.4346574544906616,-33.01050567626953,-27.583080291748047,-6.060020446777344
0,454616,8.408027648925781,6.762272357940674,-5.932230472564697,-15.978019714355469
0,454616,-5.978846549987793,9.131635665893555,20.316831588745117,22.215715408325195
0,454616,-2.175865650177002,-4.1254754066467285,21.778945922851562,4.162261486053467
0,454616,0.5912628769874573,2.3803482055664062,-25.682170867919922,-23.629444122314453
0,454616,-19.141801834106445,2.068782329559326,-0.0151814641430974,6.998456954956055
0,454617,15.64081859588623,8.957056045532227,17.885038375854492,5.547048091888428
0,454617,19.911197662353516,-9.695161819458008,-16.20878791809082,-7.149075031280518
0,454617,-15.964677810668945,2.5578372478485107,7.8253865242004395,3.3303136825561523
0,454617,3.5123844146728516,1.166139841079712,18.12793731689453,15.413924217224121
0,454617,5.441702842712402,-3.7459449768066406,-23.015913009643555,7.235177040100098
0,454617,-11.152238845825195,22.87652015686035,-10.864981651306152,-20.402204513549805
0,454618,10.31899356842041,-7.386359691619873,29.750255584716797,-7.452345848083496
0,454618,22.554014205932617,-12.00349235534668,13.743521690368652,0.37983253598213196
0,454618,-15.549954414367676,-9.364959716796875,-11.397250175476074,4.17880392074585
0,454618,-20.85842514038086,-5.427895545959473,-2.262312650680542,15.113762855529785
0,454618,19.825960159301758,30.806222915649414,-0.37234506011009216,-12.0016508102417
0,454618,2.327134609222412,6.658008575439453,-2.613168478012085,-10.936101913452148
0,454619,-12.005492210388184,-19.330753326416016,-3.249382972717285,-4.791747093200684
0,454620,1.8146014213562012,0.2636668086051941,-20.497947692871094,-20.946928024291992
0,454620,-14.82297134399414,-14.01127815246582,-15.937561988830566,0.2620711326599121
0,454620,-15.836984634399414,-1.4420984983444214,11.789698600769043,18.54656982421875
0,454620,7.353789329528809,17.617259979248047,7.379323482513428,-7.412380218505859
0,454621,28.016265869140625,-5.207143306732178,-4.9942779541015625,-16.315542221069336
0,454621,15.994552612304688,-0.19023098051548004,-1.4951601028442383,10.359432220458984
0,454621,-19.959369659423828,-6.574347496032715,1.7475923299789429,-2.820906639099121
0,454621,-8.486010551452637,-7.500499248504639,19.613496780395508,-5.6343207359313965
0,454621,11.844151496887207,15.520496368408203,18.9937744140625,25.726417541503906
0,454623,-10.947535514831543,7.615485191345215,3.7067720890045166,13.437453269958496
0,454624,4.724393844604492,-10.652788162231445,-3.2439560890197754,-9.916573524475098
0,454625,25.65256690979004,32.02954864501953,-21.53510284423828,13.181951522827148
0,454628,-11.121798515319824,13.750541687011719,-19.55927085876465,59.2993278503418
0,454629,-6.716123104095459,-44.95676803588867,7.934408664703369,-4.376193523406982
0,454632,2.035344362258911,4.0983195304870605,27.891826629638672,-64.32980346679688
0,454633,-25.459880828857422,0.04942522943019867,-23.22800636291504,14.74995231628418
0,454636,8.598156929016113,-22.40452766418457,-54.28825378417969,-3.8752851486206055
0,454637,12.230603218078613,21.91013526916504,20.357519149780273,-39.87099838256836
0,454640,-14.064898490905762,6.660929203033447,39.96913528442383,36.28984069824219
0,454641,4.252578258514404,-35.45745849609375,-19.97949981689453,13.678176879882812
0,454644,0.5422534942626953,2.3486533164978027,13.030515670776367,-4.156428813934326
0,454645,13.08055591583252,26.308378219604492,32.48611068725586,6.938843250274658
0,454648,8.06530475616455,3.3559811115264893,-13.580227851867676,-49.008514404296875
0,454649,-23.224910736083984,-4.328456401824951,-22.606840133666992,-26.53940200805664
0,454652,-8.54865550994873,0.7911062836647034,-4.282614707946777,60.029178619384766
0,454653,11.198060035705566,6.599369049072266,20.257429122924805,59.26723861694336
0,454656,1.371968388557434,-2.587178945541382,-12.916789054870605,-52.405086517333984
0,454657,16.96719741821289,7.43809700012207,-2.2324371337890625,-63.169288635253906
0,454660,-8.221931457519531,-16.84090805053711,20.45905113220215,52.38945770263672
0,454661,-40.52839660644531,-20.571306228637695,0.2217126041650772,59.21555709838867
0,454664,22.869518280029297,17.464799880981445,-6.658104419708252,-66.33311462402344
0,454665,13.772565841674805,7.367486953735352,-27.13083839416504,-73.94525146484375
0,454668,-8.602831840515137,-1.652050495147705,4.39707088470459,68.23006439208984
0,454669,27.1931209564209,11.076087951660156,39.714515686035156,56.993228912353516
0,454672,-14.105463027954102,-5.773684024810791,-15.139008522033691,-26.381576538085938
0,454673,-33.24848556518555,-20.45659065246582,-25.041210174560547,-8.04550552368164
0,454868,13.35231876373291,-0.7553199529647827,13.746929168701172,-7.771669387817383
0,454869,24.933887481689453,16.454980850219727,-1.1922006607055664,-16.487972259521484
0,454869,3.092952013015747,12.903094291687012,-9.330867767333984,4.3053483963012695
0,454869,-25.106821060180664,-13.16345500946045,7.4909234046936035,25.37636947631836
0,454869,7.841440200805664,13.58619499206543,14.905001640319824,13.465134620666504
0,454869,21.165660858154297,4.312262058258057,13.442625999450684,-23.95952033996582
0,454869,-3.3838462829589844,-29.025375366210938,-5.600955486297607,-8.658710479736328
0,454870,-0.5033185482025146,12.956690788269043,-6.0601277351379395,2.813581705093384
0,454870,-9.676423072814941,21.206262588500977,18.070730209350586,-16.304521560668945
0,454870,-1.03571355342865,-7.368508338928223,-6.343746662139893,21.48603057861328
0,454870,1.1259044408798218,-4.075884819030762,-14.428869247436523,7.200289726257324
0,454870,6.720524787902832,1.7648025751113892,0.7450582981109619,-13.822267532348633
0,454871,-1.215593695640564,-14.809494018554688,-21.336376190185547,5.698317527770996
0,454871,-20.904836654663086,-1.8846344947814941,-22.964099884033203,-13.970245361328125
0,454871,-0.31830495595932007,-2.6444106101989746,8.31916332244873,-9.793349266052246
0,454871,1.4604551792144775,-10.9478178024292,10.822494506835938,0.20561423897743225
0,454871,-10.132654190063477,-3.3676135540008545,-19.33026123046875,-4.2442708015441895
0,454871,10.50866985321045,0.9553215503692627,-1.0995277166366577,-7.588736534118652
0,454872,3.7370500564575195,-8.540275573730469,18.336217880249023,8.967947006225586
0,454872,-15.853006362915039,-18.935707092285156,1.3394449949264526,19.549240112304688
0,454872,2.6938719749450684,39.39915084838867,2.0207152366638184,12.6404447555542
0,454872,7.023751735687256,26.433629989624023,-6.056796550750732,-6.914592266082764
0,454872,9.818873405456543,-36.40537643432617,-0.2176707684993744,-15.64908218383789
0,454872,7.794854640960693,-0.6939665675163269,9.572554588317871,12.431828498840332
0,454873,-13.346929550170898,11.89969539642334,-11.249201774597168,6.383400917053223
0,454873,-10.865094184875488,6.516930103302002,4.985456466674805,-8.634150505065918
0,454873,9.171104431152344,25.127979278564453,27.620019912719727,13.780672073364258
0,454873,22.613813400268555,-14.491405487060547,7.081535339355469,-3.32236385345459
0,454873,1.2843165397644043,-29.103193283081055,-4.53188943862915,0.06369394063949585
0,454873,-9.354886054992676,23.573657989501953,-14.846683502197266,21.288803100585938
0,454874,0.24899902939796448,29.768320083618164,1.7235616445541382,-8.538694381713867
0,454874,0.4527151882648468,-15.429152488708496,13.611924171447754,14.143497467041016
0,454874,16.837244033813477,-17.71354103088379,-3.8515005111694336,2.992183208465576
0,454874,-0.9824095964431763,11.824735641479492,14.621002197265625,-18.754182815551758
0,454874,-23.693910598754883,5.606876850128174,-9.560062408447266,29.70806884765625
0,454874,-5.2452850341796875,2.930511951446533,-16.679080963134766,-2.8997464179992676
0,454875,23.573938369750977,-10.998947143554688,18.954124450683594,-28.532085418701172
0,454875,0.5007466077804565,1.6026885509490967,-3.356531858444214,-9.65468692779541
0,454875,-26.218647003173828,-4.914335250854492,-16.671911239624023,-5.856845855712891
0,454875,3.9216341972351074,-27.826326370239258,6.232625484466553,5.220962047576904
0,454875,-6.087960720062256,22.57745933532715,13.742807388305664,-11.574102401733398
0,454876,5.1910858154296875,1.4331865310668945,-11.181371688842773,-18.23467445373535
0,454876,8.994501113891602,-16.86648941040039,-13.641206741333008,3.525822877883911
0,454876,-25.322446823120117,24.614532470703125,13.693045616149902,17.541017532348633
0,454876,11.230342864990234,-7.670276641845703,4.5824503898620605,-5.677760601043701
0,454876,5.5174970626831055,-18.56926155090332,-8.827535629272461,-5.566797256469727
0,454876,-13.293903350830078,8.917654991149902,-2.2531986236572266,11.060123443603516
0,454877,25.44409942626953,-6.608834266662598,2.6759424209594727,-4.504179954528809
0,454877,5.74549674987793,8.524760246276855,5.414607524871826,-23.465003967285156
0,454877,-19.503007888793945,13.432494163513184,-4.765841007232666,-2.115692138671875
0,454877,-3.5474326610565186,-24.58039665222168,-2.897191286087036,26.35248565673828
0,454877,4.889225959777832,9.22920036315918,8.320781707763672,-8.894587516784668
0,454877,-4.083626747131348,34.89043426513672,-3.122067928314209,-24.281545639038086
0,454878,-1.9374772310256958,-25.666242599487305,-12.597957611083984,-1.3449182510375977
0,454878,15.045278549194336,-23.03207015991211,-2.9241621494293213,11.547390937805176
0,454878,3.5809996128082275,13.355269432067871,0.12718652188777924,6.618222236633301
0,454878,-14.37645435333252,-4.59068489074707,3.9712042808532715,-12.989778518676758
0,454878,-9.972412109375,2.1922459602355957,6.14115047454834,13.94745922088623
0,454878,16.323156356811523,13.35100269317627,-7.559220790863037,25.347238540649414
0,454879,16.699989318847656,-16.928617477416992,0.7729225158691406,-0.46349045634269714
0,454879,-1.1788276433944702,-3.041057586669922,10.087974548339844,15.150705337524414
0,454879,9.432703018188477,37.46905517578125,-9.237698554992676,3.9675638675689697
0,454879,-6.565236568450928,1.4672805070877075,3.1719579696655273,-19.282167434692383
0,454879,-14.242414474487305,-31.653167724609375,15.952482223510742,-0.2502122223377228
0,454879,6.22502326965332,5.611571788787842,-9.841261863708496,1.2205333709716797
0,454880,4.492467403411865,11.855143547058105,-4.94148063659668,1.7380048036575317
0,454880,-7.002120018005371,-8.078344345092773,9.04649829864502,23.288314819335938
0,454880,-22.748952865600586,1.6264734268188477,-2.360156774520874,-12.415438652038574
0,454880,-0.8098456263542175,-5.443499565124512,-14.980339050292969,-31.99405288696289
0,454880,4.711309432983398,-27.219533920288086,-14.253556251525879,13.593469619750977
0,454880,-2.1390233039855957,2.200157880783081,6.116919994354248,-1.535398006439209
0,454881,19.76361656188965,15.853327751159668,11.701738357543945,-18.925851821899414
0,454881,-3.811138153076172,-13.255577087402344,4.684196472167969,8.723662376403809
0,454881,-12.628185272216797,2.215320348739624,-11.393489837646484,-5.5716872215271
0,454881,-0.05222535878419876,6.669053077697754,-15.162171363830566,-3.1829235553741455
0,454881,-7.874553203582764,0.6065540313720703,8.962371826171875,22.30853843688965
0,454881,-3.5039238929748535,5.925632953643799,16.331512451171875,2.0141918659210205
0,454882,21.13449478149414,5.488001346588135,14.393162727355957,-11.043536186218262
0,454882,11.196765899658203,10.215543746948242,10.488744735717773,-8.912028312683105
0,454882,-3.6035499572753906,0.27458256483078003,-4.255533218383789,0.6616454124450684
0,454882,-9.966601371765137,-1.5549761056900024,-23.315248489379883,11.217519760131836
0,454882,-22.024904251098633,4.421388626098633,1.5469688177108765,9.380865097045898
0,454882,22.150426864624023,-4.498074054718018,28.09187126159668,16.32710838317871
0,454883,23.121509552001953,1.0785936117172241,-6.746400356292725,-7.983915328979492
0,454883,-26.255821228027344,10.883069038391113,-9.976987838745117,-12.188761711120605
0,454883,-5.011531829833984,-5.861310958862305,9.993023872375488,14.77131462097168
0,454883,25.62649154663086,-2.531484603881836,-21.9926700592041,-9.768766403198242
0,454883,-2.021214246749878,-0.42334526777267456,-22.835092544555664,-14.858263969421387
0,454883,-17.849998474121094,-18.16936683654785,17.732309341430664,22.83998680114746
0,454884,-5.9907708168029785,14.965683937072754,12.773941993713379,17.031274795532227
0,454884,2.7173314094543457,9.020280838012695,-4.985659122467041,-12.944685935974121
0,454884,-1.9206913709640503,-31.93118667602539,-3.18892502784729,-16.770275115966797
0,454884,-4.561135768890381,18.151914596557617,-1.8233166933059692,-8.765278816223145
0,454884,20.908750534057617,8.202665328979492,0.2118576616048813,-3.9605822563171387
0,454884,5.5434980392456055,-35.14618682861328,-0.543404757976532,18.471826553344727
0,454885,-11.054815292358398,10.276737213134766,6.611461639404297,7.180845737457275
0,454885,23.78278350830078,9.70981216430664,9.009812355041504,-27.21549415588379
0,454886,-7.127923965454102,14.548341751098633,10.762133598327637,22.112043380737305
0,454886,-17.712703704833984,35.10862350463867,-2.379413366317749,11.632064819335938
0,454886,20.48522186279297,-18.767906188964844,-19.13968849182129,-38.00135040283203
0,454887,-10.133697509765625,-21.610319137573242,7.499805927276611,21.105403900146484
0,454887,-14.54862117767334,17.79892349243164,5.686312675476074,20.497867584228516
0,454887,9.449023246765137,-7.561270713806152,-7.463393688201904,-24.984424591064453
0,454887,-1.27195405960083,-13.47906494140625,4.884000778198242,-2.499483823776245
0,454887,-1.8875834941864014,13.37038803100586,-10.190210342407227,3.057281732559204
0,454887,-13.624821662902832,-0.4111219346523285,-16.33684730529785,7.881610870361328
0,454889,1.1528799533843994,-3.5017669200897217,20.641075134277344,13.418590545654297
0,454890,9.440240859985352,3.684553861618042,18.04629898071289,-16.878103256225586
0,454891,-12.101354598999023,-19.28355598449707,-22.827835083007812,-6.874995708465576
0,454894,12.398058891296387,-15.729548454284668,-11.779134750366211,15.446699142456055
0,454895,5.258064270019531,10.278215408325195,10.241228103637695,-30.02052116394043
0,454898,-16.55726432800293,-7.550426483154297,-6.568425178527832,-12.166604995727539
0,454899,9.858258247375488,-8.315887451171875,-4.547497749328613,42.05482864379883
0,454902,20.082740783691406,5.883049011230469,19.481143951416016,-14.097332000732422
0,454903,-14.12204647064209,4.824032306671143,-2.433204412460327,-13.269244194030762
0,454906,-4.859843730926514,25.338035583496094,-22.364065170288086,1.4547150135040283
0,454907,-0.9014155268669128,-15.36811351776123,9.28104305267334,11.714836120605469
0,454910,-2.3927528858184814,-7.692828178405762,18.736324310302734,25.55132484436035
0,454912,30.705280303955078,57.67323684692383,5.002076148986816,-56.492576599121094
0,454914,-16.77402114868164,-12.119171142578125,-20.846105575561523,25.947153091430664
0,454916,-30.688404083251953,-46.7176628112793,-26.78571319580078,68.71129608154297
0,454918,19.43680763244629,24.284265518188477,31.0286922454834,-69.42050170898438
0,454920,6.440365314483643,4.12237024307251,38.607337951660156,-37.140254974365234
0,454922,-7.834662437438965,-25.79662322998047,-2.233808994293213,39.337867736816406
0,454924,-5.034654140472412,7.065955638885498,-18.214876174926758,19.99262237548828
0,454926,-8.462116241455078,-9.177449226379395,-13.649683952331543,48.90641403198242
0,454928,19.50606346130371,8.582788467407227,3.5179495811462402,9.449230194091797
0,454930,-2.057649612426758,13.079075813293457,-8.848654747009277,-124.55546569824219
0,454932,-12.141828536987305,-19.73725700378418,-10.051973342895508,-37.21036148071289
0,454934,21.410572052001953,11.143125534057617,4.9014997482299805,105.50690460205078
0,454936,0.9929677844047546,12.305790901184082,8.472177505493164,31.21640396118164
0,454938,-16.951663970947266,-5.939408779144287,4.350878715515137,-49.055076599121094
0,454940,3.3939781188964844,-4.152829170227051,-17.054889678955078,-27.15532875061035
0,455134,17.018972396850586,9.655693054199219,3.505368232727051,38.917564392089844
0,455135,-1.3357195854187012,1.749730110168457,10.941193580627441,20.429960250854492
0,455135,-0.9221020936965942,-5.497064113616943,-20.55984878540039,-42.70317077636719
0,455135,-12.060227394104004,-9.310196876525879,4.021053791046143,4.988864898681641
0,455135,-8.47382640838623,-6.97163200378418,29.006345748901367,10.958479881286621
0,455135,5.431031227111816,10.319025039672852,-0.5543975830078125,-16.728012084960938
0,455135,3.4733731746673584,-1.1547602415084839,-8.092856407165527,6.710656642913818
0,455136,6.281040191650391,-0.49812501668930054,1.6409233808517456,2.7814137935638428
0,455136,-14.19270133972168,5.1616129875183105,-5.445892810821533,4.053261756896973
0,455136,-1.1280860900878906,4.026630878448486,17.108949661254883,5.826563358306885
0,455136,23.79698371887207,-1.723305344581604,2.22375750541687,-16.221908569335938
0,455136,-2.4089980125427246,0.5593671798706055,-24.985980987548828,-5.002947807312012
0,455136,-25.75366973876953,3.284806728363037,0.933103084564209,19.504671096801758
0,455137,9.39586353302002,-7.28606653213501,3.0143320560455322,-0.8004204034805298
0,455137,22.120752334594727,-9.689807891845703,-1.8123549222946167,-16.12370491027832
0,455137,-16.61761474609375,0.16516852378845215,4.618990421295166,7.20695686340332
0,455137,-12.295663833618164,4.625311374664307,0.740093469619751,18.691953659057617
0,455137,17.182140350341797,6.203551292419434,-6.967144966125488,4.418856620788574
0,455137,-4.560744762420654,9.342483520507812,-21.387529373168945,4.8560051918029785
0,455138,-9.061436653137207,-6.994412422180176,1.8223553895950317,-13.902780532836914
0,455138,6.666210651397705,-20.754924774169922,18.990041732788086,-17.292219161987305
0,455138,-8.878850936889648,7.192348003387451,2.0894277095794678,10.995368957519531
0,455138,-0.6987651586532593,8.080080032348633,10.946621894836426,-4.858656883239746
0,455138,-4.416707515716553,-25.733867645263672,-3.195570707321167,-18.348588943481445
0,455139,-7.795350551605225,7.125752925872803,-10.80364990234375,1.1156926155090332
0,455139,11.400211334228516,8.81928825378418,5.911294937133789,17.184907913208008
0,455139,6.063791751861572,-9.171586990356445,17.82323455810547,6.961941242218018
0,455139,10.848817825317383,16.268503189086914,0.33809953927993774,-9.36110782623291
0,455139,4.73713493347168,-9.241857528686523,-16.44655418395996,0.9073906540870667
0,455139,-21.62635040283203,-10.664361953735352,4.383913516998291,-1.5189056396484375
0,455140,-10.522225379943848,19.58362579345703,-15.090089797973633,-18.5760440826416
0,455140,8.693734169006348,0.9107442498207092,-9.20989990234375,-3.6598730087280273
0,455140,-0.3656861186027527,2.1669700145721436,19.11459732055664,13.76190185546875
0,455140,-1.4178838729858398,12.269415855407715,-7.991344451904297,9.22514820098877
0,455140,2.0727076530456543,-4.204002857208252,-2.8167824745178223,-3.75358247756958
0,455140,15.638134956359863,-18.611141204833984,15.857460021972656,10.24994945526123
0,455141,30.174470901489258,-4.909422397613525,4.91372537612915,19.299257278442383
0,455141,-14.346261978149414,32.90532684326172,-3.0649425983428955,-15.68018627166748
0,455141,-28.81601905822754,-7.548428058624268,-7.320981979370117,-11.729531288146973
0,455141,6.177011013031006,-23.810007095336914,11.673673629760742,31.060562133789062
0,455141,9.711276054382324,26.729248046875,5.344203472137451,1.6839450597763062
0,455141,4.065160274505615,-11.510183334350586,-26.3809814453125,-44.11589813232422
0,455142,11.639501571655273,-12.277291297912598,-9.881278038024902,-5.149542808532715
0,455142,9.447142601013184,22.872074127197266,22.169313430786133,20.391908645629883
0,455142,-25.89124298095703,-10.178492546081543,14.1057767868042,5.021512985229492
0,455142,-17.332630157470703,5.416505813598633,-16.13518524169922,-11.139448165893555
0,455142,17.926694869995117,16.45121955871582,-26.90431022644043,-26.410303115844727
0,455142,-4.0182695388793945,-20.017683029174805,10.70789623260498,6.249187469482422
0,455143,-4.9839701652526855,-2.995568037033081,36.48565673828125,19.992477416992188
0,455143,23.734878540039062,12.082962036132812,-2.7110254764556885,0.08517304062843323
0,455143,-5.627289772033691,-19.00449562072754,-14.590544700622559,13.143805503845215
0,455143,-12.914068222045898,0.24415431916713715,19.124835968017578,1.376481533050537
0,455143,23.61302375793457,29.205474853515625,6.476705074310303,-6.396963596343994
0,455143,-4.870302677154541,-3.0127673149108887,-19.028892517089844,6.573256492614746
0,455144,-37.44969177246094,-20.667301177978516,-1.8972752094268799,2.8498167991638184
0,455144,2.123652458190918,7.093482494354248,4.149207592010498,12.105170249938965
0,455144,28.718915939331055,8.656452178955078,-5.991562366485596,-8.243022918701172
0,455144,-28.723955154418945,-20.85347557067871,2.756615400314331,-21.05611801147461
0,455144,-29.24788475036621,-17.119529724121094,-3.5408904552459717,22.761993408203125
0,455145,24.848125457763672,18.069900512695312,-21.337711334228516,18.6367244720459
0,455145,17.354679107666016,17.340665817260742,4.365975379943848,-28.69536590576172
0,455145,8.284566879272461,-24.195932388305664,1.8823357820510864,-1.8378032445907593
0,455145,-15.879495620727539,-1.0944422483444214,-3.4791221618652344,21.031591415405273
0,455145,-10.377214431762695,23.04157066345215,18.584228515625,-19.134794235229492
0,455145,20.58519172668457,-16.22187042236328,-6.2739996910095215,-2.2659530639648438
0,455146,8.863042831420898,-8.157672882080078,-19.496686935424805,25.53827667236328
0,455146,0.4923127591609955,11.978228569030762,-5.215215682983398,-11.107144355773926
0,455146,-10.461583137512207,2.6586391925811768,13.750167846679688,-15.641073226928711
0,455146,-9.068862915039062,6.732631206512451,16.666858673095703,13.123981475830078
0,455146,3.5298690795898438,0.2088925689458847,-0.8957598805427551,5.49818229675293
0,455146,13.670641899108887,1.549759030342102,-9.914475440979004,-8.972535133361816
0,455147,-7.3922624588012695,2.941856622695923,-9.75688362121582,-9.386126518249512
0,455147,-21.12412452697754,-7.853567123413086,7.854787826538086,-8.178792953491211
0,455147,22.253490447998047,7.121406078338623,18.638540267944336,-11.587262153625488
0,455147,4.698814868927002,-3.612783670425415,-4.860891819000244,13.264670372009277
0,455147,-7.179713726043701,-15.716294288635254,-13.369229316711426,30.091157913208008
0,455147,18.914072036743164,4.011107921600342,16.045215606689453,-15.591353416442871
0,455147,-5.39668083190918,14.648265838623047,8.115975379943848,-21.502403259277344
0,455148,0.5980539917945862,1.4501196146011353,-15.746114730834961,14.478799819946289
0,455148,0.5748479962348938,-3.2996292114257812,-3.5476038455963135,4.863245010375977
0,455148,-10.37648868560791,9.002236366271973,-4.167667865753174,-11.24949836730957
0,455148,-2.171922445297241,-30.44462776184082,-2.9479026794433594,-3.063662528991699
0,455148,-8.964730262756348,-18.04857635498047,-4.6954569816589355,6.332785129547119
0,455149,-4.027239799499512,38.508174896240234,3.5370469093322754,2.265742778778076
0,455149,4.218379497528076,-1.1269612312316895,11.460821151733398,-18.996599197387695
0,455149,-3.7640819549560547,-34.782501220703125,-17.732145309448242,-6.186901569366455
0,455149,-12.59783935546875,8.729578018188477,-10.050950050354004,21.26762580871582
0,455149,-0.25679996609687805,5.9232025146484375,4.964842319488525,0.5198359489440918
0,455149,-2.0442261695861816,-19.27357292175293,17.560888290405273,-23.518815994262695
0,455150,5.753296375274658,32.97964096069336,18.16836929321289,-7.136183261871338
0,455150,32.2300910949707,12.761530876159668,-17.379671096801758,7.576986312866211
0,455150,3.3703131675720215,-33.29727554321289,3.2700884342193604,-9.67668628692627
0,455150,-27.886432647705078,8.873382568359375,6.929044246673584,-3.761335611343384
0,455150,6.983311176300049,14.741381645202637,-23.693836212158203,9.736446380615234
0,455150,21.541379928588867,-2.9857780933380127,2.4102585315704346,0.7475746273994446
0,455151,-8.679352760314941,-1.6490460634231567,25.343936920166016,2.889108180999756
0,455151,-16.202247619628906,-0.977440357208252,10.609262466430664,8.90574836730957
0,455152,3.5019185543060303,5.111554145812988,-12.440901756286621,17.759765625
0,455152,9.433307647705078,5.098500728607178,-1.7048869132995605,22.30457305908203
0,455152,4.863694667816162,3.224655866622925,2.0889155864715576,-14.165270805358887
0,455152,4.132421493530273,2.9725561141967773,-17.18110466003418,-12.425862312316895
0,455153,-4.783670425415039,-8.694072723388672,3.6316802501678467,11.032033920288086
0,455153,-10.676933288574219,-13.242016792297363,8.0753173828125,-10.255110740661621
0,455153,-4.922609806060791,-5.059221267700195,-6.253274917602539,12.647688865661621
0,455153,2.7268662452697754,14.835151672363281,-4.038863182067871,10.565703392028809
0,455153,-1.3414469957351685,9.971735954284668,-5.214078426361084,-14.604393005371094
0,455155,10.938607215881348,2.367624521255493,3.6410300731658936,13.9828519821167
0,455156,2.458230972290039,-8.674198150634766,15.1007661819458,28.978662490844727
0,455157,-14.973904609680176,-33.5362548828125,-10.889259338378906,-7.510295867919922
0,455160,14.68770694732666,-4.4075608253479,-17.760231018066406,-76.99386596679688
0,455161,15.476272583007812,19.619384765625,32.64613342285156,-23.863439559936523
0,455164,-23.060344696044922,15.964720726013184,16.49129295349121,84.43746185302734
0,455165,-8.380025863647461,11.734275817871094,-17.78699493408203,30.51201057434082
0,455168,13.236078262329102,3.3492660522460938,-6.830267429351807,-61.58802795410156
0,455169,-2.9312891960144043,-12.199248313903809,-8.75664234161377,-23.35431671142578
0,455172,3.20943546295166,-4.836862564086914,12.297480583190918,41.99142837524414
0,455173,5.789927959442139,5.893326759338379,5.838075637817383,3.682765007019043
0,455176,-15.883042335510254,-24.567031860351562,-54.989009857177734,-45.736915588378906
0,455178,-11.66423511505127,9.293401718139648,7.708057403564453,-1.2148972749710083
0,455180,25.808462142944336,40.464683532714844,67.4321060180664,13.664630889892578
0,455182,-2.1248393058776855,-28.071895599365234,-18.085859298706055,14.1759033203125
0,455184,-22.850868225097656,-25.0533447265625,-28.326765060424805,44.02616882324219
0,455186,12.109018325805664,20.803897857666016,35.37959289550781,-21.154830932617188
0,455188,-4.751036643981934,17.24340057373047,-6.251147747039795,-25.581899642944336
0,455190,2.2023487091064453,1.1127811670303345,-34.422889709472656,18.832523345947266
0,455192,16.079341888427734,-37.521949768066406,15.789177894592285,-9.544431686401367
0,455194,-25.277894973754883,-8.645813941955566,-12.056965827941895,-23.770071029663086
0,455196,-7.224895477294922,46.36210632324219,2.617314577102661,-19.18303108215332
0,455198,23.16895294189453,-18.64088249206543,15.732621192932129,20.384944915771484
0,455200,1.244160771369934,-30.458040237426758,-16.183914184570312,43.49062728881836
0,455202,2.3897671699523926,36.41387176513672,44.68583297729492,1.956748366355896
0,455204,9.131141662597656,19.154428482055664,20.539888381958008,-60.140220642089844
0,455398,-3.9450201988220215,-8.135659217834473,-71.71097564697266,-33.00654602050781
0,455398,-0.6944530606269836,-14.478710174560547,-21.5035400390625,47.86969757080078
0,455399,0.5316925644874573,-18.40264129638672,53.49580383300781,20.049734115600586
0,455399,-11.294282913208008,0.6471799612045288,12.56569766998291,-5.597470283508301
0,455399,10.154109001159668,30.65993309020996,-22.01887321472168,-9.404132843017578
0,455399,5.867760181427002,-5.014832496643066,-1.3385744094848633,-22.403629302978516
0,455399,-28.699392318725586,-40.403038024902344,-5.405627727508545,13.77152156829834
0,455399,-13.048084259033203,0.777180552482605,-23.78339385986328,38.04768371582031
0,455400,21.9918270111084,10.177289962768555,4.882218360900879,18.2678165435791
0,455400,4.144088268280029,4.319665908813477,17.785537719726562,-14.458037376403809
0,455400,-12.373082160949707,24.355337142944336,-7.0004377365112305,-15.221159934997559
0,455400,11.620743751525879,-8.050168991088867,2.8512308597564697,21.029277801513672
0,455400,6.370908260345459,-25.08973503112793,8.636567115783691,23.4947509765625
0,455400,-5.760554313659668,7.103034973144531,9.340975761413574,-22.764970779418945
0,455401,1.1573200225830078,11.849089622497559,6.338317394256592,-24.86737823486328
0,455401,-1.4551222324371338,17.853347778320312,-6.25447416305542,5.281461715698242
0,455401,-3.9354026317596436,0.3506973385810852,-1.4771127700805664,8.893598556518555
0,455401,0.9143580198287964,-14.77489948272705,-0.4933569133281708,-7.946897506713867
0,455401,-1.3995890617370605,2.669929265975952,0.25946444272994995,-8.405583381652832
0,455401,14.490286827087402,15.7416410446167,-6.871120452880859,-3.4604110717773438
0,455402,17.011886596679688,9.443046569824219,-19.566625595092773,0.9698926210403442
0,455402,-26.343860626220703,-17.92176055908203,18.184648513793945,20.634296417236328
0,455402,-4.385261535644531,-18.41448211669922,40.03554153442383,4.776702880859375
0,455402,26.5809326171875,11.069608688354492,-15.368980407714844,-18.40389633178711
0,455402,-20.334911346435547,-2.6832900047302246,-25.43059730529785,0.38458454608917236
0,455402,-12.516077995300293,-4.89516544342041,8.655755043029785,6.261314392089844
0,455403,28.538082122802734,21.151235580444336,-9.47600269317627,-14.666375160217285
0,455403,-4.587289810180664,-17.539073944091797,7.693230628967285,14.910022735595703
0,455403,-29.421646118164062,0.32413262128829956,18.013341903686523,15.946956634521484
0,455403,28.59282112121582,18.66782569885254,-29.291439056396484,-28.41971778869629
0,455403,18.821088790893555,-26.660852432250977,-9.587918281555176,3.1094179153442383
0,455404,-38.711143493652344,0.45368602871894836,18.26813507080078,6.723727226257324
0,455404,-1.8113521337509155,6.2544121742248535,1.1101797819137573,-21.759140014648438
0,455404,17.710634231567383,1.8457543849945068,0.2870257794857025,0.5157904028892517
0,455404,-1.1650134325027466,17.569252014160156,-0.40418729186058044,8.935321807861328
0,455404,-6.299672603607178,-18.834854125976562,-19.262725830078125,6.2699384689331055
0,455404,-13.817831993103027,4.08684778213501,-0.07751492410898209,-1.5110050439834595
0,455405,4.982508659362793,7.586885929107666,6.5019707679748535,-12.319884300231934
0,455405,9.17396068572998,-27.79035758972168,-14.762965202331543,0.6321766376495361
0,455405,-11.631535530090332,14.438965797424316,-4.8192877769470215,-14.605152130126953
0,455405,1.6986485719680786,2.057568073272705,-1.3572412729263306,-18.086544036865234
0,455405,10.590261459350586,-24.565176010131836,14.767203330993652,5.978482246398926
0,455405,-6.162991523742676,-4.021106719970703,9.057250022888184,4.960659503936768
0,455406,-5.940042495727539,11.130367279052734,0.22868166863918304,7.047865867614746
0,455406,27.030237197875977,38.253658294677734,12.080843925476074,-14.22867488861084
0,455406,11.557771682739258,5.32319450378418,-3.8993046283721924,-15.643423080444336
0,455406,-35.659114837646484,-28.583580017089844,-10.629780769348145,25.704952239990234
0,455406,-9.176858901977539,14.772374153137207,11.555631637573242,28.316268920898438
0,455406,8.819748878479004,19.83922576904297,12.392912864685059,-13.547403335571289
0,455407,8.471510887145996,-29.607364654541016,-9.81823444366455,-16.30010414123535
0,455407,10.152053833007812,-13.747883796691895,11.602880477905273,22.645841598510742
0,455407,-17.498746871948242,25.12779426574707,0.4728153944015503,7.365445137023926
0,455407,-2.2480733394622803,3.729694366455078,-21.299049377441406,-9.54433822631836
0,455407,18.993846893310547,16.336105346679688,16.563858032226562,-2.7538199424743652
0,455407,6.6740593910217285,18.373689651489258,8.127312660217285,2.9242539405822754
0,455408,-2.34867525100708,-28.852779388427734,-11.980795860290527,20.4460506439209
0,455408,15.20679759979248,-12.109853744506836,-6.220142364501953,10.859590530395508
0,455408,11.980055809020996,15.377593994140625,-7.934464931488037,-4.732036590576172
0,455408,-28.46292495727539,-19.784175872802734,19.24330711364746,-2.425031900405884
0,455408,-25.97357940673828,-12.456334114074707,1.7942320108413696,9.386723518371582
0,455408,14.480463027954102,27.073989868164062,-20.748266220092773,-2.949640989303589
0,455409,20.6130428314209,-6.641516208648682,18.94614601135254,2.0337395668029785
0,455409,-2.211029291152954,-17.664880752563477,13.258456230163574,16.32237434387207
0,455409,-11.415493965148926,12.969212532043457,-19.40892791748047,-14.98888874053955
0,455409,-16.514179229736328,-9.011984825134277,-8.207243919372559,-0.19317927956581116
0,455409,3.1067633628845215,-15.650806427001953,14.728713989257812,5.6083245277404785
0,455409,-2.6581292152404785,1.0412390232086182,-7.066428184509277,-14.523331642150879
0,455410,-12.921088218688965,-17.294490814208984,-3.0117719173431396,2.2029290199279785
0,455410,15.725707054138184,0.47863149642944336,-0.5328642725944519,-1.0484298467636108
0,455410,-4.623790740966797,25.245882034301758,-34.048954010009766,-7.458824157714844
0,455410,-21.333194732666016,-8.479504585266113,11.557392120361328,-10.435624122619629
0,455410,18.57592010498047,-11.309067726135254,16.15407943725586,-3.1230697631835938
0,455410,11.517298698425293,-1.9232033491134644,-15.419073104858398,8.244580268859863
0,455411,-24.38188934326172,4.742503643035889,6.96310567855835,-0.5365932583808899
0,455411,4.554765224456787,27.970848083496094,-3.856260061264038,-6.878323078155518
0,455411,19.7283878326416,13.077797889709473,-8.352952003479004,-11.377413749694824
0,455411,-7.012716293334961,-22.41269874572754,1.243679404258728,-1.9619756937026978
0,455411,2.7722887992858887,2.885793685913086,19.587881088256836,9.965258598327637
0,455411,29.541040420532227,21.510364532470703,17.872894287109375,-4.285122394561768
0,455412,30.981281280517578,-12.82799243927002,-27.913463592529297,-5.26084566116333
0,455412,-27.09773063659668,-3.3612220287323,-19.55868911743164,12.561206817626953
0,455412,-64.45872497558594,-12.061540603637695,18.63646125793457,3.007537364959717
0,455412,16.01228904724121,-6.929980278015137,17.38698959350586,2.436171770095825
0,455412,38.31500244140625,2.9336016178131104,-0.16778427362442017,-3.2889750003814697
0,455413,-27.3696346282959,2.211968183517456,0.5306448340415955,-1.7987329959869385
0,455413,3.117802858352661,23.129192352294922,5.518521785736084,4.346144199371338
0,455413,12.471343994140625,-25.226016998291016,-8.400398254394531,7.789403438568115
0,455413,-26.774198532104492,-38.32545471191406,-0.41053950786590576,20.737567901611328
0,455413,7.205804824829102,44.06608963012695,11.851899147033691,-18.607343673706055
0,455413,14.475005149841309,59.22626495361328,-2.95993971824646,-28.437883377075195
0,455413,-11.337631225585938,-16.08536148071289,6.479308128356934,13.17665958404541
0,455414,0.40119096636772156,-26.4283390045166,-0.7386474609375,-0.5439516305923462
0,455414,6.5152668952941895,-9.838481903076172,-51.56205368041992,-13.261423110961914
0,455414,-0.6784181594848633,-9.923206329345703,-6.1293463706970215,22.56943702697754
0,455414,28.288883209228516,22.7005672454834,72.70074462890625,38.987762451171875
0,455414,27.58255958557129,17.264066696166992,4.723623275756836,-26.59701919555664
0,455414,-30.212942123413086,-10.388969421386719,-54.857845306396484,-39.59425354003906
0,455416,-45.16020584106445,-30.315719604492188,-8.696383476257324,37.454524993896484
0,455416,10.762113571166992,-5.804682731628418,28.494272232055664,6.116799354553223
0,455416,18.013776779174805,31.490358352661133,8.142865180969238,-10.775369644165039
0,455416,-5.589617729187012,-13.81672191619873,-3.000572919845581,9.910605430603027
0,455416,3.5770068168640137,-30.632659912109375,13.268601417541504,-12.332767486572266
0,455417,-5.61403751373291,26.165668487548828,-3.484837532043457,-3.1267619132995605
0,455417,-0.5928621888160706,26.502267837524414,-14.497912406921387,6.020329475402832
0,455417,1.1388931274414062,-19.210222244262695,-9.211727142333984,-26.18128204345703
0,455417,7.963681221008301,-16.736398696899414,-6.370822906494141,-7.835621356964111
0,455418,-3.64325213432312,6.654561519622803,15.522541046142578,32.53480529785156
0,455420,-20.711912155151367,-2.2456023693084717,1.2484043836593628,-4.492003440856934
0,455422,0.6540414094924927,-10.671321868896484,-13.592279434204102,-40.33628463745117
0,455424,20.01436424255371,16.557571411132812,9.1846284866333,-33.59074783325195
0,455426,5.340035915374756,15.184569358825684,3.0331926345825195,42.99346923828125
0,455428,-8.513277053833008,-3.5211498737335205,11.96083927154541,64.2453842163086
0,455430,2.7204220294952393,-2.970062017440796,11.223257064819336,-29.376953125
0,455432,-33.62568664550781,-32.02189254760742,15.7577543258667,-23.407794952392578
0,455435,14.459877967834473,-11.605154991149902,-30.49888801574707,21.027315139770508
0,455436,63.75790786743164,51.01564025878906,-56.27316665649414,-19.589839935302734
0,455439,-54.28329849243164,-3.4375860691070557,39.01371765136719,3.1180877685546875
0,455440,-17.05698013305664,-18.036256790161133,25.50817108154297,13.727124214172363
0,455443,62.31375503540039,22.471511840820312,-4.322805881500244,-4.3928070068359375
0,455444,-23.298837661743164,-20.234525680541992,-13.052188873291016,8.383338928222656
0,455447,-13.497735977172852,-6.552666664123535,-11.047609329223633,15.570873260498047
0,455448,7.075643539428711,31.858623504638672,24.73124885559082,-16.064542770385742
0,455449,-0.7885095477104187,3.813509225845337,-39.906307220458984,-55.61589431762695
0,455452,12.59141731262207,-16.551624298095703,-30.701953887939453,51.12699890136719
0,455645,-13.797175407409668,2.7267074584960938,47.85896682739258,43.77295684814453
0,455646,-19.8607177734375,-0.9245771169662476,35.3896484375,-48.688751220703125
0,455646,12.527168273925781,-10.287382125854492,-12.624256134033203,12.405391693115234
0,455646,17.863935470581055,11.57172679901123,-15.266030311584473,14.22836685180664
0,455646,-13.814376831054688,4.663032531738281,13.512925148010254,-14.742770195007324
0,455646,-22.680862426757812,-21.284576416015625,4.98539400100708,0.6463363170623779
0,455646,11.42597484588623,-17.539161682128906,-24.46684455871582,-4.391571044921875
0,455647,31.963144302368164,24.434207916259766,-12.139982223510742,-11.859840393066406
0,455647,-20.9134464263916,16.254276275634766,13.484336853027344,-6.363328456878662
0,455647,-16.324596405029297,-33.84468078613281,3.8199756145477295,4.6393866539001465
0,455647,15.513577461242676,-4.392137050628662,9.778785705566406,-7.380504608154297
0,455647,-7.438337802886963,17.310462951660156,12.769754409790039,4.917675971984863
0,455647,-1.4120815992355347,12.49085807800293,-12.62170696258545,5.798532962799072
0,455648,10.264786720275879,-0.32832804322242737,-17.718732833862305,-10.926084518432617
0,455648,0.20190033316612244,-31.649415969848633,12.278980255126953,21.19440269470215
0,455648,0.8318508863449097,21.410511016845703,13.089213371276855,20.436296463012695
0,455648,1.0551615953445435,33.19765853881836,-27.399145126342773,-15.671913146972656
0,455648,-13.60483455657959,-32.7629280090332,-5.691560745239258,-7.169124603271484
0,455648,-0.5025914311408997,-7.624261379241943,23.131336212158203,9.37756633758545
0,455649,8.60076904296875,10.510210990905762,0.5980556607246399,1.3016693592071533
0,455649,4.256066799163818,4.598984241485596,-0.5067633986473083,-3.0435526371002197
0,455649,2.4692671298980713,11.071969032287598,-12.065921783447266,-20.185819625854492
0,455649,-2.4095444679260254,-8.438908576965332,-13.844807624816895,-9.451643943786621
0,455649,0.7465230822563171,-4.205138683319092,15.817447662353516,12.34812068939209
0,455649,-12.322612762451172,-7.064516067504883,0.9716094136238098,14.189498901367188
0,455650,-10.527382850646973,-0.6661226749420166,-5.083007335662842,11.35841178894043
0,455650,29.499832153320312,9.951784133911133,15.045615196228027,-7.090306758880615
0,455650,10.634299278259277,-3.8133528232574463,-8.496586799621582,-12.693964958190918
0,455650,-24.118667602539062,0.5471868515014648,-13.229229927062988,-14.176534652709961
0,455650,-2.0726523399353027,-1.7546117305755615,21.034399032592773,9.211670875549316
0,455651,-2.897692918777466,-14.329987525939941,8.065812110900879,19.898555755615234
0,455651,-7.484499931335449,3.9632112979888916,-15.963728904724121,-11.646547317504883
0,455651,7.6370110511779785,18.9725341796875,-6.782658576965332,-2.894920825958252
0,455651,7.861561298370361,-0.8479668498039246,1.5412570238113403,5.564393997192383
0,455651,3.1518845558166504,-12.926031112670898,1.062029242515564,-6.2303643226623535
0,455651,5.40141487121582,6.122786045074463,-4.508083820343018,-12.486900329589844
0,455652,-12.383373260498047,0.23876595497131348,0.7026193737983704,-7.07095193862915
0,455652,-2.30890154838562,-8.282249450683594,3.4439799785614014,13.32884407043457
0,455652,9.044485092163086,2.091688632965088,13.668965339660645,4.350633144378662
0,455652,-7.378625392913818,-0.010444779880344868,7.477645397186279,3.1740987300872803
0,455652,2.744004011154175,-5.5471720695495605,-12.890287399291992,-0.8830907940864563
0,455652,5.591569900512695,-18.960737228393555,-13.385217666625977,-6.639050483703613
0,455653,-12.071464538574219,-4.571457386016846,-13.805177688598633,16.937772750854492
0,455653,-8.254420280456543,25.549562454223633,34.492950439453125,-7.128888130187988
0,455653,13.713705062866211,29.692981719970703,38.36453628540039,-24.956411361694336
0,455653,9.446284294128418,-8.295703887939453,-32.7789192199707,32.1657600402832
0,455653,-6.467275619506836,-21.878313064575195,-22.881258010864258,13.64145565032959
0,455653,3.686903715133667,12.08996295928955,15.37964916229248,-27.541820526123047
0,455654,22.96595001220703,14.495280265808105,-17.797204971313477,3.505068063735962
0,455654,-16.519336700439453,-6.3342204093933105,-10.80557632446289,17.137174606323242
0,455654,-15.204184532165527,-11.741398811340332,13.141613960266113,-10.215438842773438
0,455654,-20.132469177246094,9.044110298156738,4.2714691162109375,-12.039607048034668
0,455654,9.705787658691406,3.3778674602508545,11.931154251098633,17.5080623626709
0,455654,65.94515228271484,-9.612751960754395,-22.74036407470703,-14.310293197631836
0,455655,-37.59000015258789,-7.10542631149292,-11.262822151184082,-6.001527786254883
0,455655,-50.0304069519043,3.6433215141296387,42.632408142089844,20.042322158813477
0,455655,17.912456512451172,15.030669212341309,3.195058822631836,-4.222410678863525
0,455655,18.89891242980957,-12.381990432739258,-26.21517562866211,-7.097317695617676
0,455655,15.418278694152832,-14.32988452911377,7.170048236846924,-2.507829189300537
0,455656,-11.78102970123291,16.291675567626953,15.131322860717773,7.3651533126831055
0,455656,-23.914216995239258,9.394165992736816,-1.667785406112671,-2.323605537414551
0,455656,25.92383575439453,-9.665875434875488,-9.64294719696045,-13.936903953552246
0,455656,19.71043586730957,-2.4351065158843994,-2.2641255855560303,11.266983985900879
0,455656,-32.889408111572266,-11.44069766998291,0.2296677529811859,16.014116287231445
0,455656,2.3616437911987305,-12.966525077819824,0.8623603582382202,-16.95856475830078
0,455657,14.195818901062012,6.8598175048828125,-4.120937824249268,-7.735002517700195
0,455657,-7.56940221786499,12.85877513885498,1.0609394311904907,2.286921977996826
0,455657,12.273035049438477,1.8664653301239014,7.833812236785889,-9.461310386657715
0,455657,-4.548305988311768,-15.046331405639648,-3.214879035949707,19.634408950805664
0,455657,-22.21611213684082,16.807411193847656,7.767929553985596,16.132707595825195
0,455657,9.366289138793945,16.019880294799805,9.0785551071167,-12.190802574157715
0,455658,21.724210739135742,-24.99654197692871,-20.20639991760254,-11.425439834594727
0,455658,-5.468168258666992,1.374387264251709,-18.77944564819336,-10.452566146850586
0,455658,-19.308073043823242,-5.638479709625244,9.717552185058594,6.212227821350098
0,455658,-16.55083465576172,0.7275623083114624,16.373046875,27.957101821899414
0,455658,0.6278236508369446,41.024620056152344,-4.552576065063477,5.034128189086914
0,455658,17.31338882446289,-22.023193359375,-8.269923210144043,-9.600775718688965
0,455659,8.94318675994873,-17.575042724609375,20.47010612487793,3.850940227508545
0,455659,3.8414809703826904,22.68791389465332,-1.6892203092575073,-18.20783233642578
0,455659,-4.307381629943848,-13.732698440551758,-19.806730270385742,-11.94459056854248
0,455659,-12.070798873901367,-7.216912269592285,-0.7993578314781189,16.78961753845215
0,455659,7.551680088043213,19.571880340576172,-4.537038803100586,-7.443977355957031
0,455659,17.480194091796875,10.583407402038574,10.11996078491211,-12.981749534606934
0,455660,-8.159682273864746,-28.58001708984375,4.357449531555176,8.84298324584961
0,455660,-12.5262451171875,-5.307143688201904,-15.389145851135254,-7.669184684753418
0,455660,-1.8487977981567383,20.40239715576172,-7.90942907333374,-6.791950225830078
0,455660,-2.933931827545166,-21.214994430541992,7.8239545822143555,10.514156341552734
0,455660,14.653118133544922,7.1788482666015625,6.881771564483643,-11.918313026428223
0,455660,9.611895561218262,20.934268951416016,-4.035791873931885,0.30623069405555725
0,455661,-12.629664421081543,-28.226900100708008,10.919405937194824,15.542254447937012
0,455661,4.156886100769043,2.633702039718628,9.112140655517578,1.0654608011245728
0,455661,8.868867874145508,25.02353858947754,-2.488769292831421,9.463614463806152
0,455661,-0.7096866369247437,-5.9245405197143555,-6.227064609527588,-6.436495304107666
0,455661,-13.082322120666504,-10.409429550170898,6.579590797424316,-0.9476693868637085
0,455661,-10.921366691589355,4.672609329223633,19.802234649658203,15.769036293029785
0,455662,15.061586380004883,10.769658088684082,-7.788616180419922,-17.757299423217773
0,455662,1.438429355621338,-10.133586883544922,-14.832520484924316,5.368218421936035
0,455663,-19.90959930419922,-17.39266014099121,9.99087142944336,39.05868911743164
0,455663,-8.499686241149902,5.220635414123535,-10.301146507263184,-8.063108444213867
0,455663,-0.14290566742420197,8.813287734985352,-14.97382926940918,-13.118693351745605
0,455664,1.2584753036499023,-3.798434257507324,15.44222354888916,0.9741677045822144
0,455664,14.762731552124023,3.5494260787963867,-13.017698287963867,-13.487604141235352
0,455664,14.418645858764648,6.609037399291992,-14.82513427734375,3.584630250930786
0,455664,-4.025023937225342,-2.261342763900757,21.041276931762695,8.631009101867676
0,455664,-10.955086708068848,-9.218682289123535,-8.908533096313477,-11.362959861755371
0,455666,7.73606014251709,-8.438308715820312,-26.128576278686523,-20.593975067138672
0,455666,5.423164367675781,15.344858169555664,27.21122932434082,-7.236955642700195
0,455669,-5.143012523651123,13.76991081237793,11.709831237792969,-10.523550987243652
0,455670,2.8495593070983887,-9.505191802978516,-25.440126419067383,16.328676223754883
0,455673,-7.284037113189697,-7.456942081451416,16.8470458984375,14.316495895385742
0,455674,-4.118518352508545,10.4798583984375,16.45121955871582,-15.779437065124512
0,455677,7.816959857940674,6.200652599334717,-20.534650802612305,7.519289970397949
0,455678,-6.122046947479248,-33.940250396728516,-10.939661979675293,-16.88286590576172
0,455681,0.9568663239479065,-14.498067855834961,32.17408752441406,-2.992398738861084
0,455682,10.828548431396484,25.108610153198242,9.101243019104004,52.17952346801758
0,455683,-27.051166534423828,-0.12468509376049042,-31.53337287902832,27.520601272583008
0,455686,6.3641037940979,5.532024383544922,5.234938621520996,-36.13529968261719
0,455687,41.18597412109375,5.358581066131592,25.57733726501465,-32.20903778076172
0,455690,-14.836893081665039,-8.890552520751953,-1.7259774208068848,17.027446746826172
0,455691,-13.72619342803955,13.22850513458252,-21.41371726989746,1.6061394214630127
0,455694,2.4759466648101807,19.631132125854492,-10.670909881591797,-8.16204833984375
0,455695,-14.967015266418457,-9.558243751525879,4.391555309295654,13.715174674987793
0,455698,2.7155861854553223,-24.993755340576172,10.125561714172363,-3.371901750564575
0,455699,11.812613487243652,20.22173500061035,3.227794885635376,-3.2773115634918213
0,455702,-1.449884057044983,0.8758761882781982,0.996357262134552,-14.521625518798828
0,455703,12.019315719604492,-22.1042537689209,3.134751558303833,-19.6408748626709
0,455706,8.239317893981934,11.886523246765137,-3.920456886291504,23.674047470092773
0,455707,-19.782005310058594,-2.3025684356689453,-5.500624179840088,19.515335083007812
0,455710,-7.060855388641357,-22.897804260253906,-4.209436416625977,-3.8540658950805664
0,455904,15.120113372802734,0.2947797477245331,-4.896454811096191,12.174398422241211
0,455904,3.0188229084014893,32.6346549987793,-18.102251052856445,5.705704689025879
0,455904,-9.410430908203125,-4.917697906494141,-1.1529971361160278,-4.5298171043396
0,455904,-3.7564358711242676,-22.5816650390625,25.479124069213867,4.256263732910156
0,455904,6.726140975952148,11.8958158493042,10.496844291687012,-21.96469497680664
0,455905,9.60457992553711,-3.631795644760132,-7.602724552154541,6.852376461029053
0,455905,-15.499736785888672,-8.481521606445312,-8.50060749053955,20.481748580932617
0,455905,-17.44951057434082,16.534732818603516,-2.5157060623168945,-15.314918518066406
0,455905,16.68819808959961,14.220017433166504,11.671499252319336,-6.411020755767822
0,455905,-2.2980172634124756,-0.37787926197052,1.4801945686340332,-13.142114639282227
0,455905,-16.390291213989258,-20.594886779785156,-9.999743461608887,-11.682010650634766
0,455906,10.130789756774902,-11.849569320678711,9.532027244567871,14.234909057617188
0,455906,5.128414630889893,19.347679138183594,12.793209075927734,6.651515007019043
0,455906,8.523836135864258,18.528236389160156,4.770784854888916,-22.580881118774414
0,455906,12.17051887512207,1.2992695569992065,-11.516664505004883,-8.316551208496094
0,455906,-10.625885963439941,-19.680957794189453,-7.698017597198486,31.75014305114746
0,455907,-11.169609069824219,-8.001039505004883,10.145955085754395,11.453893661499023
0,455907,6.795980930328369,22.849597930908203,0.28976187109947205,-23.85785484313965
0,455907,9.895228385925293,-4.24852991104126,-14.217397689819336,2.953876495361328
0,455907,-6.261726379394531,-9.287457466125488,-2.9859495162963867,6.765679836273193
0,455907,-1.6549150943756104,2.663449287414551,14.153853416442871,-25.66524887084961
0,455907,-5.120392322540283,-24.431011199951172,2.206815481185913,6.559756755828857
0,455908,-6.142793655395508,9.355653762817383,-5.640893936157227,21.860355377197266
0,455908,6.376057147979736,22.701171875,-1.0662447214126587,-18.31473731994629
0,455908,-0.6224812269210815,-17.2643985748291,3.6666173934936523,4.454239845275879
0,455908,1.511028528213501,-5.195685863494873,5.034816265106201,22.786314010620117
0,455908,4.195446491241455,32.57643127441406,-12.576910972595215,-20.302978515625
0,455908,9.042911529541016,14.760879516601562,-2.7807278633117676,-12.223982810974121
0,455909,-9.286383628845215,-32.511436462402344,18.871294021606445,18.776517868041992
0,455909,-5.9498209953308105,-16.78731346130371,6.421934127807617,0.12956193089485168
0,455909,12.766337394714355,11.576000213623047,-15.615849494934082,-2.766233205795288
0,455909,-7.597986698150635,4.831221103668213,-15.26259708404541,6.211433410644531
0,455909,-4.265053749084473,-4.868625164031982,16.103073120117188,3.564188241958618
0,455910,0.7972047328948975,7.220846652984619,12.97509479522705,11.00397777557373
0,455910,-7.411032676696777,17.921554565429688,-10.150737762451172,-7.555495262145996
0,455910,11.764687538146973,-4.5329084396362305,-19.924407958984375,-19.041526794433594
0,455910,10.592605590820312,-32.5102424621582,-16.164979934692383,10.03479290008545
0,455910,-16.95101547241211,-10.964022636413574,21.44929313659668,7.046919345855713
0,455910,-8.732619285583496,17.156776428222656,25.075464248657227,-12.541147232055664
0,455911,5.726724147796631,6.2363762855529785,-11.061226844787598,5.217113971710205
0,455911,12.179486274719238,-5.3364715576171875,-18.303184509277344,10.357417106628418
0,455911,-10.754740715026855,-13.928619384765625,6.79782772064209,0.6738659739494324
0,455911,-14.444714546203613,15.326972007751465,4.601627826690674,-10.401230812072754
0,455911,31.718778610229492,14.752145767211914,-4.080583572387695,-11.18260669708252
0,455911,16.35340690612793,-17.80253791809082,6.590755462646484,13.418574333190918
0,455912,-18.619075775146484,6.411472797393799,-10.156499862670898,-3.2877182960510254
0,455912,-15.318758010864258,6.319146156311035,4.89201021194458,1.4524339437484741
0,455912,4.795083045959473,-17.23961067199707,14.7081298828125,14.381241798400879
0,455912,1.567696213722229,-12.155023574829102,-26.431604385375977,-16.80255699157715
0,455912,-14.687433242797852,20.866315841674805,1.2459877729415894,8.076400756835938
0,455912,2.9710679054260254,18.79276466369629,37.58882141113281,13.555367469787598
0,455913,25.16373634338379,-12.477095603942871,-11.106526374816895,-17.438764572143555
0,455913,2.9392733573913574,3.562704563140869,-26.83618927001953,7.952486038208008
0,455913,-28.32576560974121,-0.4549371004104614,15.667859077453613,7.786260604858398
0,455913,-3.533797025680542,2.6971049308776855,15.227578163146973,-12.936304092407227
0,455913,18.82813835144043,6.488536834716797,-27.428661346435547,-5.064589977264404
0,455913,5.196145534515381,-10.337775230407715,-17.493593215942383,0.30392929911613464
0,455914,-15.370332717895508,-6.695594310760498,9.706889152526855,-2.64851975440979
0,455914,-8.314305305480957,-5.528966903686523,15.215205192565918,-1.4599521160125732
0,455914,18.198760986328125,7.628042221069336,2.5953240394592285,30.580955505371094
0,455914,26.920351028442383,9.228928565979004,-20.38871192932129,-11.061790466308594
0,455914,-11.819303512573242,-0.10786425322294235,13.17912483215332,-42.343292236328125
0,455914,-34.43733596801758,-4.878387928009033,16.37771224975586,17.503646850585938
0,455915,9.509446144104004,-4.912092685699463,-5.500796794891357,-1.3957723379135132
0,455915,1.041346549987793,-8.802377700805664,-2.563584804534912,-1.5198137760162354
0,455915,-7.092624187469482,-0.8199064135551453,-4.906336784362793,24.006603240966797
0,455915,5.045343399047852,8.183018684387207,-9.933642387390137,-14.416361808776855
0,455915,-6.053521156311035,-1.623407006263733,-3.294064521789551,-9.447612762451172
0,455915,24.27314567565918,4.094944000244141,9.765164375305176,8.41720962524414
0,455916,4.467107772827148,-16.589675903320312,8.534831047058105,5.674252986907959
0,455916,-27.98231315612793,-11.564620971679688,8.06441879272461,7.0386643409729
0,455916,15.835759162902832,34.8372802734375,-7.052001953125,-15.962990760803223
0,455916,12.77873706817627,6.327448844909668,-16.113584518432617,-14.582387924194336
0,455916,-22.156578063964844,-30.40631675720215,4.9462571144104,21.561676025390625
0,455916,-13.270228385925293,3.950887680053711,18.60009002685547,10.466455459594727
0,455917,5.268700122833252,32.79057693481445,2.0903046131134033,-15.042643547058105
0,455917,20.612821578979492,-3.80182147026062,-5.4043073654174805,-9.709564208984375
0,455917,7.814313888549805,-17.269298553466797,9.062788963317871,7.049965858459473
0,455917,-9.595215797424316,8.300806045532227,-1.8822892904281616,2.0789546966552734
0,455917,0.22670261561870575,-2.204346179962158,-19.530244827270508,-12.5198392868042
0,455917,-7.549895286560059,-5.474231719970703,4.9682793617248535,12.822365760803223
0,455918,-3.920363187789917,6.826369762420654,3.8768062591552734,18.85579490661621
0,455918,22.906646728515625,-2.0804355144500732,-4.134373188018799,-1.4760956764221191
0,455918,18.031930923461914,-20.91241455078125,10.579571723937988,0.8079442381858826
0,455918,-22.128705978393555,-4.293631553649902,-3.927236557006836,-3.3852031230926514
0,455918,-25.75735855102539,31.96380615234375,-4.491748332977295,1.135411262512207
0,455918,6.924243927001953,-0.13645945489406586,-4.623085021972656,1.8947032690048218
0,455919,-2.5369112491607666,-15.617304801940918,-10.698467254638672,-7.755446434020996
0,455919,4.0285325050354,8.47529125213623,3.3847086429595947,-0.4812200367450714
0,455919,15.921751022338867,-0.40961188077926636,13.973936080932617,-11.514188766479492
0,455919,-15.100822448730469,-1.1137988567352295,9.45046329498291,3.6570518016815186
0,455919,-3.5958597660064697,-5.678874492645264,2.3492438793182373,10.978960037231445
0,455919,18.727548599243164,-7.966574668884277,-8.778305053710938,-21.27984619140625
0,455920,-15.97385025024414,-8.883666038513184,-7.458757400512695,-8.465980529785156
0,455920,-11.517901420593262,10.182931900024414,9.457683563232422,17.129573822021484
0,455920,25.352991104125977,16.442956924438477,-5.806087017059326,2.0600814819335938
0,455920,-4.242498874664307,-8.790419578552246,-7.4073486328125,-3.5275444984436035
0,455922,-18.129180908203125,6.293846607208252,2.4017820358276367,8.618549346923828
0,455922,10.865278244018555,-1.4571760892868042,-4.051746845245361,0.11628010869026184
0,455922,-6.798824310302734,-12.804064750671387,2.9446516036987305,6.198528289794922
0,455922,-7.8761138916015625,20.856163024902344,-2.0742502212524414,-5.692008972167969
0,455922,15.286673545837402,4.408482074737549,5.977548122406006,-10.385226249694824
0,455922,9.904748916625977,-5.993524074554443,14.007473945617676,8.696077346801758
0,455923,4.905572414398193,18.500446319580078,-7.56803035736084,-19.413713455200195
0,455923,-10.807174682617188,-20.158687591552734,-9.525655746459961,7.591956615447998
0,455923,-5.6306633949279785,-26.462112426757812,5.216222286224365,39.48308563232422
0,455924,3.522934913635254,9.280472755432129,4.917351245880127,-11.6443510055542
0,455925,-0.13770681619644165,11.549335479736328,-3.7774813175201416,-16.54106903076172
0,455928,15.761283874511719,-1.1987966299057007,-7.974931240081787,-2.1395978927612305
0,455929,10.31379508972168,3.638409376144409,-11.515230178833008,-4.664768218994141
0,455932,-23.52387809753418,7.420902729034424,-2.7623131275177,-8.391626358032227
0,455933,-29.86005973815918,-23.642690658569336,6.255846977233887,0.7550579309463501
0,455936,3.587717294692993,-18.04105567932129,-5.268214702606201,38.67745590209961
0,455937,13.969169616699219,23.86857795715332,2.0050759315490723,-3.8049497604370117
0,455940,3.9904613494873047,6.403093338012695,13.972436904907227,-43.24385070800781
0,455941,13.077698707580566,-8.547111511230469,33.32218933105469,7.6681294441223145
0,455944,9.610794067382812,19.446046829223633,-4.200089454650879,17.08230209350586
0,455945,-18.98981285095215,-4.261850357055664,-48.910152435302734,-15.389270782470703
0,455948,3.3100805282592773,0.0018697520717978477,1.5988311767578125,-2.917283058166504
0,455949,7.356070518493652,-0.1627693623304367,10.248739242553711,14.309029579162598
0,455952,-17.14358901977539,-11.849370002746582,1.7038527727127075,3.8444764614105225
0,455954,19.004432678222656,14.432050704956055,-10.731770515441895,-7.298202991485596
0,455956,5.248170375823975,4.2213544845581055,1.7297550439834595,24.864505767822266
0,455958,-25.78439712524414,-10.382894515991211,18.258224487304688,35.39183807373047
0,455960,-10.09038257598877,-18.16981315612793,7.434610366821289,-50.068885803222656
0,455962,16.421201705932617,12.265758514404297,17.239540100097656,-53.830806732177734
0,456156,5.865243434906006,4.777942657470703,-45.9549560546875,17.318693161010742
0,456157,-19.416467666625977,-25.01193618774414,-32.31390380859375,32.87847137451172
0,456157,0.06356766819953918,15.711709022521973,56.823814392089844,6.555246829986572
0,456157,7.79965877532959,-8.062607765197754,0.003791205585002899,-11.052000045776367
0,456157,-4.859471321105957,-17.058382034301758,-29.064451217651367,-3.419459104537964
0,456157,3.839573621749878,25.051658630371094,31.3892879486084,12.953872680664062
0,456157,26.764474868774414,-0.3751816749572754,-0.6941694021224976,16.85869789123535
0,456158,3.242950916290283,-4.473964691162109,-35.30109786987305,-1.4710001945495605
0,456158,-15.664812088012695,30.33913803100586,12.147115707397461,-7.769104957580566
0,456158,-4.299356937408447,6.203402042388916,19.838172912597656,-10.095155715942383
0,456158,-2.6041629314422607,-24.569900512695312,-15.13632583618164,9.75851821899414
0,456158,5.284247398376465,-7.584659099578857,7.970138072967529,21.447629928588867
0,456159,3.1736340522766113,7.538239002227783,32.84345245361328,-18.933935165405273
0,456159,-0.7240747213363647,10.215065956115723,4.194198131561279,-25.483476638793945
0,456159,6.233157157897949,6.163936614990234,-8.230941772460938,7.689567565917969
0,456159,17.7100830078125,3.0645313262939453,-5.601078987121582,5.373432159423828
0,456159,-16.342397689819336,0.375681072473526,-3.7151224613189697,-9.72109603881836
0,456159,-12.501227378845215,-0.5013645887374878,-0.6774534583091736,-9.337991714477539
0,456160,11.334444999694824,-9.720142364501953,-16.086679458618164,11.83812427520752
0,456160,-20.100008010864258,-15.677340507507324,-5.027110576629639,-9.155871391296387
0,456160,2.7958407402038574,-2.110241651535034,16.048614501953125,-20.3967342376709
0,456160,20.720386505126953,17.845304489135742,6.609689712524414,19.262126922607422
0,456160,-3.132687568664551,13.072770118713379,-11.202333450317383,2.7937231063842773
0,456160,-10.464141845703125,-18.45865821838379,0.10782815515995026,-1.2932475805282593
0,456161,-9.274862289428711,-16.003034591674805,16.11953353881836,16.541860580444336
0,456161,11.551095008850098,5.100325107574463,-4.0146002769470215,-5.554958820343018
0,456161,15.83141040802002,7.548342704772949,-20.781766891479492,-17.762563705444336
0,456161,-6.74141263961792,-1.8595927953720093,-7.412211894989014,7.384392261505127
0,456161,3.2446305751800537,3.584956645965576,16.167699813842773,19.506277084350586
0,456161,-13.428398132324219,7.040513515472412,17.053447723388672,-6.1963629722595215
0,456162,-14.567625045776367,-21.886232376098633,-10.948019981384277,-5.357126712799072
0,456162,10.591775894165039,-10.736865043640137,-7.252472400665283,11.5211181640625
0,456162,-6.577068328857422,30.17926025390625,14.142019271850586,1.2697933912277222
0,456162,5.907706260681152,1.8908220529556274,-22.038440704345703,-16.055505752563477
0,456162,5.297613620758057,-33.1418571472168,-18.316564559936523,3.7461647987365723
0,456162,-8.206305503845215,-2.328627347946167,20.513498306274414,4.866700649261475
0,456163,-7.12307071685791,24.80406379699707,-14.336845397949219,-20.450979232788086
0,456163,-13.432069778442383,13.91032886505127,-4.219232082366943,12.847801208496094
0,456163,30.380205154418945,-4.502974033355713,25.7957820892334,14.965362548828125
0,456163,19.270383834838867,-10.989426612854004,-15.6080961227417,-13.524948120117188
0,456163,-28.00042724609375,-8.693406105041504,-4.5249714851379395,-3.5553441047668457
0,456163,11.47661018371582,15.155217170715332,7.789841175079346,12.021039962768555
0,456164,-1.3377095460891724,12.369504928588867,-22.671894073486328,5.9307146072387695
0,456164,-25.0133113861084,-12.87632942199707,13.55196762084961,-12.03113842010498
0,456164,15.544159889221191,-4.730406284332275,38.052066802978516,2.0520870685577393
0,456164,-1.05893874168396,10.146645545959473,-9.073216438293457,-5.159060478210449
0,456164,-5.964325428009033,6.849258899688721,-25.43840980529785,-26.70016860961914
0,456164,10.306842803955078,-23.098432540893555,1.6523187160491943,17.761714935302734
0,456165,-16.893003463745117,-10.019858360290527,7.513991355895996,30.642189025878906
0,456165,7.8905439376831055,21.37307357788086,1.3754483461380005,-28.417266845703125
0,456165,22.77402114868164,-8.636983871459961,2.221071720123291,-8.156550407409668
0,456165,-21.541208267211914,-4.357998371124268,10.019822120666504,36.82932662963867
0,456165,3.0622847080230713,21.082157135009766,-3.9183406829833984,-3.0466926097869873
0,456166,29.704267501831055,1.3827570676803589,-14.382384300231934,-18.963699340820312
0,456166,-22.759435653686523,-8.677021980285645,4.1583991050720215,4.026647090911865
0,456166,-24.060026168823242,0.8289933800697327,8.51548957824707,5.480973720550537
0,456166,26.240102767944336,4.4836249351501465,2.263843536376953,-2.596543550491333
0,456166,12.665692329406738,-20.100358963012695,-14.079529762268066,2.784843921661377
0,456166,-9.588492393493652,-11.126404762268066,-2.1913673877716064,-15.707429885864258
0,456167,-1.1754984855651855,29.82741928100586,6.1220526695251465,-5.110020160675049
0,456167,-17.306629180908203,16.592832565307617,-13.759940147399902,31.197471618652344
0,456167,-8.860366821289062,-7.697475433349609,12.915066719055176,1.8618477582931519
0,456167,28.077842712402344,-7.927606582641602,19.752117156982422,-21.900449752807617
0,456167,7.931591033935547,-14.962715148925781,-18.455419540405273,-4.758534908294678
0,456167,-26.045839309692383,-2.70048189163208,-2.594425678253174,11.589681625366211
0,456168,-4.741486549377441,4.909952640533447,12.763276100158691,4.99184513092041
0,456168,5.025908946990967,-5.210842132568359,-6.244212627410889,-3.9737613201141357
0,456168,3.9560546875,20.06709098815918,-1.8308343887329102,-12.818107604980469
0,456168,8.664024353027344,1.7428021430969238,1.0153859853744507,7.896158218383789
0,456168,-5.217299461364746,-20.274717330932617,-4.098296642303467,10.702327728271484
0,456168,15.443123817443848,10.274848937988281,-3.669325590133667,-20.745849609375
0,456169,7.657871246337891,-4.784878730773926,8.626618385314941,-0.7414134740829468
0,456169,-18.77631378173828,-6.96536111831665,5.783326148986816,8.625242233276367
0,456169,9.092350006103516,8.153428077697754,-13.234853744506836,-24.104049682617188
0,456169,4.998438358306885,0.6440377831459045,-5.379354476928711,3.011782169342041
0,456169,-16.7308349609375,5.757765293121338,17.506759643554688,31.24506378173828
0,456169,4.870816230773926,3.9806711673736572,12.599130630493164,-19.64286994934082
0,456170,13.758513450622559,-10.484379768371582,-24.943754196166992,0.6006778478622437
0,456170,-12.436525344848633,-18.175491333007812,-1.4616899490356445,44.95782470703125
0,456170,-11.261062622070312,8.30920696258545,21.15471649169922,-0.7013708353042603
0,456170,-5.18126916885376,18.33175277709961,-7.242288589477539,-35.768619537353516
0,456170,14.508983612060547,-2.3514792919158936,-12.6298828125,-15.276521682739258
0,456170,13.470352172851562,-0.7897839546203613,-14.5219144821167,28.040306091308594
0,456171,-21.062725067138672,1.0749754905700684,17.595788955688477,29.290996551513672
0,456171,-9.257351875305176,-18.016942977905273,19.7825870513916,-13.568305969238281
0,456171,-4.5679168701171875,-3.7233288288116455,-18.108989715576172,-9.63939380645752
0,456171,16.70534896850586,29.572229385375977,-10.368748664855957,-2.237030506134033
0,456171,27.576549530029297,1.562131643295288,-4.496123790740967,-18.633577346801758
0,456171,-16.474807739257812,-26.083616256713867,0.548911452293396,2.8232522010803223
0,456172,-16.654354095458984,1.323892593383789,18.796863555908203,7.344673156738281
0,456172,-4.499016284942627,14.978129386901855,-4.800049304962158,-0.21950754523277283
0,456172,-8.240395545959473,-11.854838371276855,-16.74028205871582,2.814462661743164
0,456172,21.472755432128906,-15.842900276184082,13.126002311706543,-7.616745948791504
0,456172,20.72613525390625,23.054170608520508,7.158989429473877,-11.116022109985352
0,456172,-17.624055862426758,20.44342803955078,-4.612085342407227,9.277183532714844
0,456173,-22.616987228393555,-16.026948928833008,8.280399322509766,11.737883567810059
0,456173,10.455631256103516,-3.0207302570343018,3.865187644958496,-1.8314474821090698
0,456174,3.193085193634033,3.5749943256378174,-12.46003532409668,40.16636657714844
0,456174,-8.535920143127441,-4.161395072937012,3.967804193496704,19.40154266357422
0,456174,27.440031051635742,15.317683219909668,4.932517051696777,-54.28606414794922
0,456175,-7.244330406188965,1.7939883470535278,-16.955692291259766,-20.059707641601562
0,456175,-22.106489181518555,-20.229297637939453,6.089754581451416,13.429866790771484
0,456175,28.988012313842773,-7.510133266448975,17.63913917541504,-5.649502754211426
0,456175,-3.9603171348571777,14.981614112854004,12.407819747924805,-14.549302101135254
0,456175,-10.475634574890137,3.063593626022339,-3.296051502227783,-18.64281463623047
0,456175,26.799331665039062,-28.85699462890625,-13.404544830322266,-0.9315106272697449
0,456177,-10.287776947021484,10.324419021606445,1.2320557832717896,-25.933002471923828
0,456178,-31.81940269470215,9.869315147399902,-10.397717475891113,-1.7593202590942383
0,456179,-3.6155824661254883,-27.64105224609375,-0.1899193972349167,62.32143020629883
0,456182,13.152256965637207,24.1877498626709,14.352924346923828,12.234763145446777
0,456183,12.7535982131958,28.770273208618164,-6.294703483581543,-23.539093017578125
0,456186,-14.389101028442383,-24.976192474365234,-19.369123458862305,-0.855879008769989
0,456187,-17.586063385009766,-22.248306274414062,5.931619167327881,25.729230880737305
0,456190,13.840218544006348,17.389816284179688,14.362160682678223,-7.645236015319824
0,456191,5.7386369705200195,27.902118682861328,-15.52924633026123,-17.188600540161133
0,456194,4.380320072174072,1.0079683065414429,-22.356189727783203,30.811433792114258
0,456195,-2.2381479740142822,-20.53390121459961,-4.403241157531738,0.8584760427474976
0,456198,2.978522539138794,-4.632431507110596,30.421607971191406,-10.844348907470703
0,456200,3.2831032276153564,-11.466583251953125,10.867103576660156,-26.15057373046875
0,456202,-3.2068543434143066,-8.828088760375977,-4.104229927062988,-31.841693878173828
0,456204,19.23755645751953,20.965360641479492,26.63495445251465,52.50055694580078
0,456206,-4.414656639099121,7.795093536376953,-13.43746280670166,33.6660041809082
0,456208,-13.52230167388916,-14.103744506835938,-29.50070571899414,-29.239765167236328
0,456210,0.38941147923469543,-5.055562973022461,21.320571899414062,0.548427164554596
0,456212,-7.373164176940918,11.612919807434082,3.835766315460205,7.203263282775879
0,456214,2.5110344886779785,10.558133125305176,-31.189340591430664,-16.28965950012207
0,456216,18.71003532409668,18.56960105895996,9.541093826293945,11.66144847869873
0,456218,-6.873608589172363,-24.59391212463379,20.492351531982422,8.729031562805176
0,456220,-9.660503387451172,-23.209840774536133,2.5195791721343994,-37.62909698486328
0,456222,-0.0004619164392352104,26.550716400146484,-1.9098105430603027,-21.2103214263916
0,456224,-8.922621726989746,2.6541013717651367,-32.194725036621094,13.049555778503418
0,456226,9.341901779174805,-6.553710460662842,2.768111228942871,51.65068435668945
0,456228,1.8760077953338623,-2.0545878410339355,44.16713333129883,13.154767036437988
0,456421,-5.018226623535156,-14.03139877319336,-0.18945513665676117,-40.591487884521484
0,456421,7.576120376586914,-8.637734413146973,-24.566547393798828,-8.970771789550781
0,456422,5.174415588378906,3.743408441543579,-10.291337966918945,-5.0388898849487305
0,456422,-4.921546936035156,-10.612715721130371,13.584915161132812,21.733484268188477
0,456422,-7.86613655090332,14.35643482208252,22.679990768432617,25.151479721069336
0,456422,11.629528999328613,26.14730453491211,-9.180082321166992,-25.67745590209961
0,456422,-2.839395046234131,-15.739411354064941,-13.632277488708496,-5.778640270233154
0,456422,-11.409151077270508,7.215321063995361,3.0096352100372314,24.372800827026367
0,456423,12.68409538269043,11.000438690185547,-5.347785472869873,-16.90312385559082
0,456423,1.5246745347976685,-7.729013442993164,-6.459573268890381,-19.313520431518555
0,456423,-9.177122116088867,3.413463830947876,-0.7659983038902283,22.395498275756836
0,456423,0.38771095871925354,3.4300196170806885,1.2140986919403076,10.693068504333496
0,456423,5.515742301940918,0.6922460198402405,3.3227477073669434,-14.598041534423828
0,456424,-5.535147190093994,-6.767564296722412,-0.8595274686813354,-17.00541877746582
0,456424,-9.65155029296875,0.35533878207206726,-11.327801704406738,6.6839494705200195
0,456424,5.246532440185547,-0.8678045272827148,6.707216739654541,6.949302673339844
0,456424,6.796333312988281,-3.8515546321868896,-0.6529755592346191,-8.61431884765625
0,456424,5.741320610046387,3.787423610687256,-8.839760780334473,3.415992259979248
0,456424,-0.8364953994750977,-9.372173309326172,18.722471237182617,7.72329568862915
0,456424,-4.8360724449157715,4.524171352386475,-5.177441120147705,-7.139087677001953
0,456425,-0.9922446608543396,-3.273186683654785,-26.16498565673828,-13.942136764526367
0,456425,-13.056897163391113,-30.71473503112793,9.059037208557129,10.14130687713623
0,456425,5.495244979858398,11.641654014587402,30.741008758544922,-6.126718044281006
0,456425,2.280627965927124,11.261045455932617,-3.1345701217651367,-23.45214080810547
0,456425,-18.6447811126709,-4.657669544219971,-23.815670013427734,8.12960147857666
0,456426,21.771944046020508,14.386399269104004,-4.003718376159668,-1.5696386098861694
0,456426,1.6599457263946533,-5.804844379425049,7.0238237380981445,-18.298215866088867
0,456426,-20.552165985107422,-3.5465891361236572,-4.497575283050537,-0.10334938764572144
0,456426,13.216178894042969,5.2620463371276855,1.6610674858093262,18.148502349853516
0,456426,2.402132511138916,-7.996214866638184,15.193185806274414,15.50747013092041
0,456426,1.6898763179779053,1.4267503023147583,-0.7909918427467346,7.325870513916016
0,456427,-12.008317947387695,11.922139167785645,-5.48382043838501,14.463239669799805
0,456427,-11.555683135986328,-18.9979248046875,0.486130952835083,-4.015354156494141
0,456427,26.909488677978516,-3.917070150375366,5.282153129577637,-10.624833106994629
0,456427,15.576568603515625,44.0004997253418,11.38422966003418,6.236551284790039
0,456427,-19.35515785217285,-15.465277671813965,-2.501483201980591,-3.321779727935791
0,456427,-14.147135734558105,-36.24169158935547,0.017545057460665703,9.037270545959473
0,456428,29.829423904418945,12.773637771606445,0.04028401896357536,18.779159545898438
0,456428,32.405738830566406,28.701740264892578,2.342726230621338,-9.950494766235352
0,456428,-15.428977966308594,17.210433959960938,17.13558006286621,-23.894309997558594
0,456428,-20.459671020507812,-8.019721984863281,-13.193352699279785,1.0729891061782837
0,456428,9.850198745727539,-5.431062698364258,-24.665237426757812,17.226228713989258
0,456428,2.272273540496826,-8.233956336975098,13.686320304870605,-6.330381870269775
0,456429,-4.53899621963501,-15.29452133178711,19.899383544921875,7.549734115600586
0,456429,5.374637603759766,14.212848663330078,-13.01250171661377,27.560218811035156
0,456429,5.325791358947754,25.82164192199707,-16.097700119018555,-12.332171440124512
0,456429,-18.016088485717773,-34.27399826049805,11.103434562683105,-11.288047790527344
0,456429,-14.798845291137695,-19.06855010986328,3.7168266773223877,-4.21901273727417
0,456429,1.3746029138565063,31.92000961303711,-21.28274154663086,-31.561771392822266
0,456430,-14.950176239013672,-11.959125518798828,8.397825241088867,6.646800518035889
0,456430,1.6879366636276245,-15.959115028381348,15.015990257263184,34.827449798583984
0,456430,7.731594562530518,7.911231994628906,-11.468844413757324,-23.153404235839844
0,456430,9.593232154846191,6.405574798583984,-8.81694507598877,-31.981122970581055
0,456430,10.906486511230469,3.6296942234039307,-3.964374542236328,37.99875259399414
0,456430,-20.29161834716797,1.4666218757629395,0.13823403418064117,17.31536102294922
0,456431,-10.866918563842773,-7.121524810791016,-1.4534300565719604,-38.83686065673828
0,456431,9.684408187866211,-26.79584503173828,1.3129456043243408,13.666792869567871
0,456431,-4.856619358062744,9.680086135864258,-2.3282604217529297,20.645105361938477
0,456431,5.149349212646484,18.39775276184082,7.099425792694092,-18.436662673950195
0,456431,13.678548812866211,-13.300817489624023,18.335803985595703,6.602623462677002
0,456431,-5.645871639251709,11.830629348754883,-12.231976509094238,15.402538299560547
0,456432,1.3228670358657837,7.647995948791504,-12.81605052947998,-3.906512498855591
0,456432,14.172452926635742,-4.60460901260376,1.0573686361312866,-20.54404067993164
0,456432,7.572101593017578,8.574496269226074,3.795151472091675,-4.948659896850586
0,456432,-11.710082054138184,-3.3515851497650146,34.192474365234375,15.445233345031738
0,456432,0.01755567081272602,-4.6980719566345215,0.05918955057859421,5.67900276184082
0,456433,7.301228046417236,18.742284774780273,-25.417314529418945,-1.4999908208847046
0,456433,-20.47199249267578,-2.6885886192321777,14.79004192352295,0.8604042530059814
0,456433,0.011601489037275314,-23.258922576904297,-5.866652965545654,0.12892583012580872
0,456433,23.48396873474121,20.5093936920166,-6.051691055297852,-16.777719497680664
0,456433,-7.452300548553467,10.267778396606445,15.157772064208984,-0.2829008102416992
0,456433,-13.049497604370117,-21.0159854888916,-6.937501907348633,20.931018829345703
0,456434,-10.429742813110352,-15.465948104858398,-2.36399245262146,0.09467019140720367
0,456434,-3.978569507598877,-1.3973599672317505,2.6171042919158936,-7.573761463165283
0,456434,33.36154556274414,25.695390701293945,-20.37028694152832,-9.76146411895752
0,456434,-10.85709285736084,-1.6305776834487915,-3.9253320693969727,6.2698445320129395
0,456434,-24.33040428161621,-9.92279052734375,16.18886375427246,-1.8860032558441162
0,456434,30.03154754638672,13.22411823272705,-2.562910556793213,-21.55107307434082
0,456435,-3.0348267555236816,-22.572059631347656,1.2713420391082764,7.586248397827148
0,456435,-16.01457405090332,-13.821748733520508,0.2949054539203644,5.495573043823242
0,456435,4.335448265075684,14.164724349975586,-10.56921100616455,-1.9930992126464844
0,456435,-3.427445650100708,-7.875022888183594,-12.332551956176758,15.03872299194336
0,456435,0.528548538684845,-4.928996562957764,8.733497619628906,-4.67751407623291
0,456435,7.163292407989502,22.171537399291992,16.817623138427734,-17.672761917114258
0,456435,11.129838943481445,15.19895076751709,-10.664913177490234,11.672920227050781
0,456436,-2.6335866451263428,-8.428102493286133,-2.9319612979888916,15.224397659301758
0,456436,-11.277599334716797,-10.897732734680176,2.090400218963623,-3.4313621520996094
0,456436,-7.408231258392334,-9.041681289672852,-7.581259250640869,-8.10732364654541
0,456436,-8.754324913024902,5.791378498077393,6.286756992340088,15.019307136535645
0,456436,-2.2468667030334473,12.391698837280273,5.526742458343506,15.652265548706055
0,456437,4.186038970947266,-0.8217605948448181,-2.1441123485565186,-27.625871658325195
0,456437,-0.030970703810453415,-1.0502591133117676,4.981709003448486,-14.753663063049316
0,456437,2.7568554878234863,2.356705665588379,2.2367160320281982,15.146089553833008
0,456437,10.287055015563965,5.227697372436523,11.12677001953125,-6.384963035583496
0,456437,3.4388740062713623,-5.783931732177734,1.660835862159729,-15.956260681152344
0,456437,-8.868066787719727,-28.05426025390625,-6.757313251495361,13.503934860229492
0,456438,-0.006375637836754322,0.11146394163370132,6.175270080566406,18.140541076660156
0,456439,19.931781768798828,15.561600685119629,-11.419790267944336,-33.14564895629883
0,456439,8.01574420928955,-3.9027950763702393,-0.8347183465957642,-25.0801944732666
0,456439,-0.9596949219703674,6.6435866355896,8.34479808807373,17.628761291503906
0,456439,5.328308582305908,3.886608600616455,-17.962675094604492,2.566824197769165
0,456440,-9.347156524658203,10.196146011352539,1.0073082447052002,5.487529754638672
0,456440,-5.455185890197754,-0.9273511171340942,8.164365768432617,9.815126419067383
0,456440,-11.587044715881348,-25.805744171142578,-9.833549499511719,2.7027361392974854
0,456440,-20.4659423828125,5.937826633453369,19.936227798461914,1.5786852836608887
0,456441,17.63557243347168,15.906105041503906,25.427379608154297,-9.235511779785156
0,456441,20.960918426513672,10.263893127441406,-8.580141067504883,1.6265013217926025
0,456444,-5.947371006011963,9.512432098388672,-11.393989562988281,23.527851104736328
0,456446,-11.43370532989502,-0.6796624660491943,0.11911453306674957,23.564619064331055
0,456448,-9.381858825683594,3.5532138347625732,-27.182405471801758,-12.499614715576172
0,456450,1.864635944366455,-12.06413459777832,4.357106685638428,-16.80173110961914
0,456452,0.6519171595573425,-21.643678665161133,27.801647186279297,12.805079460144043
0,456454,7.207032680511475,7.614741802215576,-43.684566497802734,-7.435525894165039
0,456456,9.465437889099121,10.1807222366333,-21.428340911865234,-15.92482852935791
0,456458,-19.696361541748047,-23.497024536132812,24.18926239013672,5.569989204406738
0,456460,-6.478490829467773,-7.92289924621582,27.910634994506836,-7.783541679382324
0,456462,20.192419052124023,18.584232330322266,12.07141399383545,-10.856959342956543
0,456464,7.011748313903809,5.027557373046875,-16.901491165161133,35.84221649169922
0,456466,0.48069459199905396,-17.915376663208008,-16.306251525878906,22.90920066833496
0,456468,-10.57886791229248,-25.048580169677734,-27.325151443481445,-13.55833625793457
0,456470,-17.508337020874023,14.799456596374512,19.355365753173828,-26.91758155822754
0,456472,14.506773948669434,39.42622375488281,45.267578125,-23.356882095336914
0,456474,21.647695541381836,24.167924880981445,-4.811084270477295,38.262062072753906
0,456476,-0.6866378784179688,-25.958049774169922,-16.363792419433594,20.28583335876465
0,456478,-13.299051284790039,-39.29689025878906,-12.669598579406738,-45.944820404052734
0,456480,-6.297525405883789,10.658921241760254,9.845818519592285,-16.24923324584961
0,456482,14.607534408569336,31.129152297973633,16.939970016479492,34.924190521240234
0,456484,-10.990352630615234,3.473196506500244,-4.483424186706543,-11.715739250183105
0,456486,-24.257049560546875,-23.256227493286133,-21.465852737426758,-20.416460037231445
0,456488,12.357141494750977,6.647979736328125,-5.663447380065918,45.5892219543457
0,456490,22.100791931152344,3.854119300842285,28.67957305908203,-1.426979899406433
0,456493,0.8401501178741455,-28.082029342651367,-8.972784042358398,-24.569910049438477
0,456686,-15.053146362304688,5.663232326507568,-3.177734613418579,21.933082580566406
0,456686,-5.849395275115967,30.815502166748047,4.3060994148254395,-4.587085723876953
0,456686,-15.71419620513916,-5.818100452423096,-27.746829986572266,-12.934176445007324
0,456687,19.28466033935547,-22.268930435180664,7.5518107414245605,2.9562268257141113
0,456687,26.795812606811523,1.5286381244659424,11.249852180480957,-3.303366184234619
0,456687,-21.454729080200195,8.765069007873535,-7.119202613830566,3.620589256286621
0,456687,-10.110089302062988,-5.054932594299316,8.561055183410645,-2.829047203063965
0,456687,5.494777202606201,7.096147060394287,5.086719512939453,-15.803570747375488
0,456687,15.249628067016602,16.498409271240234,-2.9976999759674072,0.303739070892334
0,456688,-8.65276050567627,-2.6199684143066406,4.342134952545166,8.166109085083008
0,456688,-0.5757179856300354,-6.113161087036133,-11.133113861083984,-6.004172325134277
0,456688,7.524233818054199,-22.03219985961914,-20.6749267578125,5.926745891571045
0,456688,-21.16421127319336,7.02418851852417,16.8112850189209,12.733153343200684
0,456688,11.90580940246582,24.314287185668945,21.24970817565918,3.610666036605835
0,456688,12.294499397277832,-7.602292537689209,-10.57639217376709,2.70383620262146
0,456689,-11.49028491973877,14.127324104309082,-11.18106746673584,-11.202533721923828
0,456689,-4.815124034881592,-25.96746826171875,-2.84066104888916,-20.126358032226562
0,456689,-2.5972659587860107,-21.66225814819336,22.377656936645508,11.214678764343262
0,456689,6.41028356552124,39.87603759765625,26.77297019958496,28.185047149658203
0,456689,15.599994659423828,13.065073013305664,-0.6413487792015076,-5.6097211837768555
0,456690,-0.11488363146781921,-9.928760528564453,-4.838027000427246,-18.008617401123047
0,456690,-9.742317199707031,-18.200395584106445,-15.67822265625,-11.44073486328125
0,456690,-9.666815757751465,-17.713647842407227,-14.231107711791992,10.15207290649414
0,456690,-2.3252573013305664,8.089157104492188,0.7016111612319946,20.716350555419922
0,456690,18.280258178710938,25.08211326599121,-0.30812564492225647,-6.369974136352539
0,456690,-4.993828296661377,-1.2063947916030884,-3.602792263031006,-9.41630744934082
0,456691,-6.57026481628418,-17.975465774536133,-7.167403697967529,-6.802334308624268
0,456691,-3.3584630489349365,-1.793255090713501,-4.410665035247803,-12.12819766998291
0,456691,-8.755814552307129,0.7258780002593994,-14.594056129455566,-3.9154953956604004
0,456691,4.564795970916748,-15.033075332641602,-0.7919284701347351,-2.0713274478912354
0,456691,-3.707540988922119,4.1952948570251465,18.765169143676758,15.320976257324219
0,456691,11.335091590881348,12.583558082580566,0.25978145003318787,16.008811950683594
0,456692,4.385453701019287,-10.864277839660645,-11.106319427490234,-3.8415069580078125
0,456692,-21.358882904052734,7.142615795135498,9.8060941696167,-2.94384765625
0,456692,11.417170524597168,20.536828994750977,18.13760757446289,-19.373699188232422
0,456692,14.41319465637207,-7.9316725730896,-16.430118560791016,1.1952455043792725
0,456692,-15.212911605834961,-5.908350944519043,15.190533638000488,18.843843460083008
0,456692,14.401129722595215,18.023778915405273,27.4400577545166,-5.768455505371094
0,456693,-6.787167072296143,-15.831089973449707,-22.313196182250977,4.123144149780273
0,456693,-14.306331634521484,-28.849489212036133,-6.263776779174805,12.733088493347168
0,456693,27.887939453125,7.6617937088012695,6.307791233062744,7.453550338745117
0,456693,-17.017484664916992,29.119112014770508,4.915627956390381,17.82033348083496
0,456693,-10.490456581115723,17.987857818603516,-9.982173919677734,-24.11690902709961
0,456693,44.7191162109375,-24.330564498901367,-24.06700325012207,-37.16944122314453
0,456694,-17.088247299194336,-26.795093536376953,6.156928539276123,29.02610969543457
0,456694,-49.46733093261719,12.295448303222656,9.59564208984375,12.340544700622559
0,456694,17.11395835876465,10.3394775390625,0.7046340107917786,-3.192922830581665
0,456694,24.113452911376953,1.9966137409210205,5.424995422363281,-0.24296799302101135
0,456694,-1.5553267002105713,9.160077095031738,-12.112866401672363,-14.646247863769531
0,456694,-6.356817722320557,1.6225612163543701,-9.339207649230957,-1.3263407945632935
0,456695,1.9850852489471436,-16.6116886138916,8.532938003540039,-7.833077907562256
0,456695,2.5560383796691895,-15.833593368530273,12.735292434692383,10.75512981414795
0,456695,-16.25519371032715,11.85087776184082,9.03804874420166,11.686020851135254
0,456695,11.274991035461426,17.1242618560791,-17.02783966064453,-15.041241645812988
0,456695,20.305118560791016,-7.357944965362549,-15.0068359375,10.756088256835938
0,456695,-15.142834663391113,-24.63256072998047,10.978554725646973,14.926815032958984
0,456696,3.7273054122924805,14.38963508605957,8.646909713745117,-15.815812110900879
0,456696,-3.220526695251465,16.2747859954834,3.4504363536834717,-13.784724235534668
0,456696,-10.953184127807617,-21.466556549072266,13.28017807006836,-4.331968307495117
0,456696,17.154809951782227,6.485130310058594,5.220979690551758,10.496747016906738
0,456696,-6.698590278625488,11.666069030761719,-16.30043601989746,2.526676654815674
0,456696,-12.546734809875488,0.28879278898239136,-3.7666196823120117,-12.989912033081055
0,456697,0.11957599967718124,5.646140098571777,8.332029342651367,19.119123458862305
0,456697,7.899511337280273,-4.02548360824585,-7.8995890617370605,11.47179126739502
0,456697,19.545869827270508,-3.194164752960205,-3.7680375576019287,-17.235017776489258
0,456697,-21.126232147216797,-0.6392558813095093,-1.0766563415527344,5.730231761932373
0,456697,-20.26311683654785,-3.42961049079895,-4.197805404663086,0.6382741332054138
0,456698,26.372127532958984,-14.090997695922852,2.4805588722229004,-13.28775691986084
0,456698,-2.569809675216675,6.9569549560546875,4.750223636627197,-0.5243960618972778
0,456698,-7.702645301818848,23.408138275146484,1.017702341079712,-3.998399019241333
0,456698,5.12186336517334,-27.90852928161621,-12.37166690826416,-6.4153523445129395
0,456698,-0.8311243057250977,-15.370353698730469,3.244032621383667,2.1985349655151367
0,456698,4.432129859924316,43.381107330322266,15.995136260986328,13.707541465759277
0,456699,-10.515218734741211,4.666438102722168,-7.100000381469727,-10.107049942016602
0,456699,1.731690764427185,-35.83984375,-17.576290130615234,-13.119242668151855
0,456699,7.227996826171875,-5.748626708984375,-9.952861785888672,24.281585693359375
0,456699,-0.03141937777400017,13.917491912841797,17.866220474243164,13.759933471679688
0,456699,1.2459208965301514,-6.222530364990234,19.80213165283203,-22.117631912231445
0,456699,-5.624013900756836,5.270714282989502,-13.971115112304688,-4.217944622039795
0,456700,11.139586448669434,23.331178665161133,-0.5636260509490967,30.99742317199707
0,456700,7.649856090545654,-25.29443359375,5.732814311981201,3.2338507175445557
0,456700,-16.174518585205078,4.099163055419922,-9.882463455200195,-16.105579376220703
0,456700,-9.737421989440918,33.0389404296875,-6.553812026977539,-0.8897685408592224
0,456700,7.6959028244018555,-30.561105728149414,9.923884391784668,4.387851715087891
0,456700,5.150847434997559,-14.52713394165039,29.580263137817383,1.841641902923584
0,456701,-0.020553013309836388,18.623722076416016,-17.92605972290039,-5.2782464027404785
0,456701,-4.784173011779785,2.97271728515625,-29.86731719970703,-1.990921974182129
0,456701,-7.285026550292969,-3.7637486457824707,29.88224220275879,5.19273567199707
0,456701,8.11592960357666,2.154761552810669,9.541678428649902,6.037354946136475
0,456701,5.7625908851623535,15.478537559509277,-15.533731460571289,5.564026832580566
0,456701,-3.123239278793335,-4.664221286773682,5.677608013153076,-5.087210178375244
0,456702,0.6047541499137878,-15.453803062438965,4.9082350730896,-18.311553955078125
0,456702,-0.20783759653568268,14.149370193481445,4.915715217590332,-1.0703426599502563
0,456702,-6.907522201538086,-1.1101289987564087,8.822717666625977,3.830007791519165
0,456702,8.150814056396484,-5.339158058166504,-0.18484772741794586,-14.777223587036133
0,456702,13.597497940063477,8.486714363098145,-20.110397338867188,0.09680793434381485
0,456702,-10.943391799926758,5.935375690460205,-11.586591720581055,-1.2188646793365479
0,456704,-10.612874031066895,1.9660060405731201,15.053915977478027,-21.493898391723633
0,456704,8.710715293884277,-18.25724983215332,-3.234499931335449,-19.475915908813477
0,456704,11.342671394348145,0.6613150238990784,-17.23041343688965,13.374063491821289
1,456704,-3.618011474609375,14.347343444824219,7.100266456604004,35.46420669555664
1,456704,-10.524238586425781,-4.494739532470703,4.037006855010986,-0.7131094932556152
1,456705,-3.5662121772766113,-7.737428188323975,-0.9985412359237671,-8.252819061279297
1,456705,-6.165632724761963,-3.8593900203704834,1.764348030090332,11.98697566986084
1,456705,11.366520881652832,-0.7676330804824829,-12.865278244018555,8.21356201171875
1,456705,18.531248092651367,4.504837512969971,-2.6876542568206787,-11.289113998413086
1,456706,-8.889925003051758,2.3866469860076904,1.908800721168518,1.8394051790237427
1,456708,-9.259284019470215,-11.619803428649902,-0.20605765283107758,47.34535217285156
1,456710,-3.3320605754852295,-16.992300033569336,-3.657874822616577,14.826212882995605
1,456712,-1.334519624710083,-12.350676536560059,-2.462181329727173,-5.032296657562256
1,456714,2.313551664352417,7.357391834259033,11.524664878845215,10.986618995666504
1,456716,-19.451448440551758,7.303991317749023,1.3832440376281738,-41.29038619995117
1,456718,-6.140441417694092,5.722990989685059,5.306861877441406,-55.4857292175293
1,456720,25.558460235595703,14.836645126342773,21.30701446533203,6.487630367279053
1,456722,4.960040092468262,-2.532575845718384,17.946441650390625,58.36219787597656
1,456724,-13.155048370361328,-3.991123676300049,-33.23915481567383,13.941086769104004
1,456726,-6.125911712646484,6.026403427124023,-37.041259765625,-77.90279388427734
1,456728,18.233680725097656,20.046972274780273,37.26780319213867,-39.92564010620117
1,456730,1.79324471950531,-0.6522445678710938,25.230344772338867,70.1861572265625
1,456732,-28.951215744018555,-39.98146438598633,-45.89121627807617,46.65037536621094
1,456735,15.379127502441406,2.7205615043640137,-17.43131446838379,-15.596447944641113
1,456736,23.97926139831543,40.70101547241211,26.637683868408203,-24.71816062927246
1,456739,-11.384119033813477,-10.140922546386719,8.586411476135254,-41.24924087524414
1,456740,-4.162057399749756,-30.266517639160156,6.198132038116455,3.0511634349823
1,456743,0.08299751579761505,-3.0781986713409424,-5.9721550941467285,33.031192779541016
1,456744,3.676024913787842,25.222787857055664,7.680853843688965,18.60681915283203
1,456747,-1.0390071868896484,14.295411109924316,3.2636938095092773,2.238136053085327
1,456748,-9.544626235961914,-19.564855575561523,-28.72730255126953,-19.74066925048828
1,456749,2.158942699432373,3.4686336517333984,14.91308879852295,-3.804615020751953
1,456752,11.739325523376465,-12.051896095275879,27.47808265686035,-3.112009286880493
1,456753,0.5724239945411682,1.2984877824783325,-16.525888442993164,0.919756293296814
1,456756,-2.463855743408203,32.05378723144531,-30.72766876220703,17.695817947387695
1,456757,0.4344054162502289,-23.821781158447266,-10.175203323364258,-2.208221673965454
1,457012,-3.108917713165283,-14.333553314208984,31.025941848754883,1.9479961395263672
1,457014,3.0691096782684326,23.59794044494629,13.4934720993042,0.2526443600654602
1,457016,-10.757248878479004,-14.691144943237305,-20.709449768066406,-29.152036666870117
1,457018,-8.548148155212402,-19.99839210510254,1.284087061882019,12.46069049835205
1,457020,-3.4938931465148926,18.179201126098633,7.728864669799805,24.49335289001465
1,457022,11.217046737670898,23.958377838134766,-4.10557222366333,-39.645782470703125
1,457024,23.360013961791992,-11.146949768066406,-3.1527962684631348,-15.756571769714355
1,458194,-20.61939239501953,-27.64512062072754,6.222095966339111,37.59779739379883
1,458195,-0.12617403268814087,27.31387710571289,13.773066520690918,3.9325380325317383
1,458195,23.33757781982422,10.537315368652344,-12.557474136352539,-5.927152156829834
1,458195,-17.83741569519043,-22.88082504272461,-8.298856735229492,19.756406784057617
1,458195,-1.2080203294754028,9.970462799072266,4.956471920013428,12.01209831237793
1,458195,11.05758285522461,-3.9032788276672363,-13.206402778625488,-11.939867973327637
1,458195,-11.063759803771973,-11.57883071899414,7.0569939613342285,-21.295949935913086
1,458196,2.310455083847046,7.295113563537598,7.084695339202881,0.05921392887830734
1,458196,11.170693397521973,1.848894476890564,8.461856842041016,4.072136402130127
1,458196,-12.294768333435059,-5.039592742919922,1.852175235748291,3.867391347885132
1,458196,-23.947599411010742,-5.003743648529053,-10.084670066833496,1.1515088081359863
1,458196,5.616222381591797,9.977531433105469,1.9129277467727661,-16.42148208618164
1,458196,17.848981857299805,1.0513688325881958,-23.88355827331543,-3.0583059787750244
1,458197,-1.169196367263794,-28.386859893798828,-6.95952033996582,16.630552291870117
1,458197,-14.386515617370605,3.299431562423706,24.484485626220703,15.423166275024414
1,458197,-12.906462669372559,16.006757736206055,11.470255851745605,-0.25382331013679504
1,458197,16.73053741455078,0.42163845896720886,-10.552779197692871,-12.676194190979004
1,458197,21.985570907592773,7.592787265777588,-5.63667631149292,-2.7447221279144287
1,458198,-3.562045097351074,-4.2628045082092285,20.607269287109375,10.623361587524414
1,458198,-7.075352191925049,7.105222225189209,1.1359056234359741,-7.590568542480469
1,458198,8.176726341247559,18.275358200073242,2.461859941482544,-26.313175201416016
1,458198,-5.717777729034424,-13.42048454284668,11.318961143493652,-3.424757242202759
1,458198,-24.232717514038086,-5.0410895347595215,-16.788284301757812,23.197473526000977
1,458198,9.61301040649414,17.9304256439209,3.942018747329712,4.564382553100586
1,458199,25.020925521850586,-10.008604049682617,5.348727703094482,-11.515595436096191
1,458199,-0.07250414043664932,-16.526941299438477,-25.26654052734375,4.593420028686523
1,458199,-9.508749008178711,9.334980964660645,0.06364705413579941,-3.7979464530944824
1,458199,-5.443530559539795,4.060205936431885,7.292186260223389,0.9744227528572083
1,458199,7.397751808166504,-10.370969772338867,-9.498519897460938,12.67420482635498
1,458199,-10.2415189743042,-3.3043787479400635,-11.637924194335938,-11.02153491973877
1,458201,-21.26677131652832,20.249893188476562,7.983473300933838,5.823153495788574
1,458201,10.187284469604492,2.9022538661956787,20.40764808654785,10.670007705688477
1,458201,15.739819526672363,-18.940692901611328,-0.8485668897628784,-22.97174835205078
1,458203,8.062644958496094,18.8527889251709,-17.13958168029785,-19.155820846557617
1,458204,11.362545013427734,6.204113006591797,-3.9217183589935303,3.6511356830596924
1,458207,-23.400562286376953,-23.650739669799805,11.423449516296387,25.816560745239258
1,458208,-20.345613479614258,-0.8917348384857178,1.2965421676635742,16.001995086669922
1,458209,24.277708053588867,20.677837371826172,1.3364300727844238,-19.693960189819336
1,458212,9.230536460876465,2.0446741580963135,-4.707858085632324,-5.968631267547607
1,458213,0.7401986718177795,-17.618328094482422,3.0141212940216064,30.766876220703125
1,458216,0.2407752275466919,-2.195796251296997,-2.9716100692749023,-15.796936988830566
1,458217,-4.464300155639648,-3.3175442218780518,-1.0145798921585083,-24.455381393432617
1,458220,-2.022944927215576,-6.602818489074707,29.577354431152344,36.193511962890625
1,458221,-1.1602678298950195,-8.486678123474121,-16.903799057006836,7.654239654541016
1,458224,-11.922576904296875,8.48858642578125,-29.014562606811523,-25.126632690429688
1,458225,-15.248051643371582,8.238168716430664,14.88780403137207,-10.568703651428223
1,458228,11.522075653076172,3.7861974239349365,10.549591064453125,0.7820888161659241
1,458229,23.0777587890625,7.147830963134766,4.767619609832764,14.021524429321289
1,458232,10.362702369689941,-7.490257263183594,-9.605391502380371,11.667313575744629
1,458304,-12.599915504455566,-4.308262348175049,-9.704179763793945,-31.319610595703125
1,458304,-23.47081756591797,-8.340632438659668,5.470703125,-35.49020004272461
1,458305,-3.205219030380249,2.0091452598571777,6.570498466491699,28.339237213134766
1,458305,22.508642196655273,8.930120468139648,-4.327877044677734,20.536155700683594
1,458305,11.412671089172363,2.857372760772705,-3.7460055351257324,-9.592368125915527
1,458305,-23.074365615844727,-9.21783447265625,3.933905839920044,11.857186317443848
1,458305,-10.688596725463867,3.4048728942871094,-6.40922212600708,11.618562698364258
1,458305,28.095624923706055,8.630959510803223,8.532269477844238,4.53257417678833
1,458306,9.172734260559082,-8.759950637817383,13.651628494262695,-5.180498123168945
1,458306,-14.836787223815918,14.021114349365234,-7.503608703613281,-6.351693153381348
1,458306,-3.2837111949920654,20.590885162353516,-11.995203971862793,11.572128295898438
1,458306,-6.988645553588867,-18.44795799255371,9.857522964477539,8.610764503479004
1,458306,-6.951190948486328,-16.016380310058594,-10.043431282043457,-3.150256872177124
1,458306,12.790005683898926,7.706212997436523,-19.66435432434082,-11.297826766967773
1,458307,10.99813461303711,-0.49953868985176086,22.53362274169922,-10.886981964111328
1,458307,-10.762066841125488,-0.2060924470424652,15.44503402709961,0.7936657667160034
1,458307,-8.531856536865234,1.0868966579437256,-5.048020839691162,5.947300434112549
1,458307,11.054545402526855,7.673062801361084,0.49651485681533813,-3.9802916049957275
1,458307,1.2495282888412476,-27.6712589263916,4.127874851226807,-13.960712432861328
1,458307,-10.930546760559082,-16.816341400146484,-0.8195914626121521,1.1275404691696167
1,458308,-2.431823492050171,37.23373031616211,-8.406041145324707,15.8025541305542
1,458308,7.762185096740723,8.411588668823242,2.1104283332824707,13.267800331115723
1,458308,18.114192962646484,-10.759777069091797,-3.1827337741851807,8.350375175476074
1,458308,-8.428232192993164,-2.989154577255249,-5.963475704193115,-14.114931106567383
1,458308,-12.328444480895996,0.5751824378967285,9.47485637664795,-9.358421325683594
1,458308,19.384952545166016,-4.755280017852783,-1.0903700590133667,4.087181091308594
1,458309,-7.565035343170166,6.0132012367248535,-2.158536911010742,-7.665417671203613
1,458309,-13.150456428527832,3.9512031078338623,-6.072922706604004,-8.38057804107666
1,458309,5.86029052734375,-26.806550979614258,-7.676548480987549,11.225075721740723
1,458309,-12.800437927246094,-1.2787808179855347,7.186802864074707,2.566288948059082
1,458309,-9.521388053894043,4.061151027679443,4.517725467681885,-17.42642593383789
1,458309,14.572945594787598,-0.4467921257019043,2.2400381565093994,7.287714958190918
1,458310,11.41756820678711,30.851465225219727,-1.5913816690444946,2.8615972995758057
1,458310,-14.513376235961914,6.460373878479004,-13.259077072143555,-12.903475761413574
1,458310,-13.655318260192871,-19.15338134765625,0.6165182590484619,8.703216552734375
1,458310,20.402082443237305,-3.887483596801758,14.738279342651367,10.95090103149414
1,458311,8.965262413024902,20.96769142150879,2.8117008209228516,-3.1103954315185547
1,458312,-2.6916086673736572,10.420281410217285,-7.577693939208984,-4.4306840896606445
1,458312,6.9263997077941895,-26.117738723754883,-5.136241912841797,-13.854649543762207
1,458312,-15.515878677368164,-13.038068771362305,-2.2835769653320312,5.954543590545654
1,458313,11.512142181396484,27.99195671081543,-2.1675684452056885,6.348689556121826
1,458316,2.5557913780212402,-1.9398412704467773,10.214203834533691,-19.125879287719727
1,458317,-23.947391510009766,-55.50251770019531,27.45536231994629,7.093810081481934
1,458320,27.62619400024414,16.216442108154297,36.01738357543945,17.359600067138672
1,458321,2.604226589202881,32.75857925415039,-25.514179229736328,3.724527359008789
1,458324,-26.560518264770508,-10.944839477539062,-66.88481140136719,21.59986114501953
1,458325,19.385089874267578,20.526655197143555,21.180519104003906,0.46542030572891235
1,458328,-4.120686054229736,-13.157377243041992,21.02170753479004,-15.706428527832031
1,458329,-21.97381019592285,-20.004901885986328,-37.85755157470703,-5.217978000640869
1,458332,16.02464485168457,24.567371368408203,18.076852798461914,-29.886951446533203
1,458333,17.190006256103516,5.1586761474609375,22.042566299438477,8.223007202148438
1,458336,-9.026946067810059,-32.99868392944336,-23.463441848754883,35.87572479248047
1,458337,-9.265673637390137,5.256823539733887,0.08285771310329437,-31.275043487548828
1,458340,7.493392467498779,42.29825210571289,13.138806343078613,-20.546777725219727
1,458341,-14.39063549041748,-19.80837631225586,-11.495298385620117,51.77545928955078
1,458344,6.282656669616699,-23.055723190307617,-13.081518173217773,-10.35217571258545
1,458346,20.822017669677734,11.771531105041504,16.504003524780273,-41.017024993896484
1,458430,-12.419920921325684,15.401622772216797,30.85097312927246,43.98004150390625
1,458431,-5.695281028747559,7.4536638259887695,-8.125906944274902,22.816308975219727
1,458431,2.210939645767212,-12.966166496276855,-23.680761337280273,-28.634550094604492
1,458431,-0.7569370865821838,-1.78475022315979,1.781524419784546,9.068363189697266
1,458431,2.105611562728882,-1.509980320930481,-15.768996238708496,12.394380569458008
1,458431,5.351798057556152,-7.030512809753418,-0.44642987847328186,-17.155784606933594
1,458431,-7.282354354858398,4.35606050491333,22.11490821838379,-3.407831907272339
1,458432,-8.120126724243164,11.912497520446777,-9.489664077758789,7.547915458679199
1,458432,-5.490014553070068,-17.40631675720215,-8.714129447937012,-4.256952285766602
1,458432,-14.709269523620605,-19.85284423828125,10.573386192321777,-10.745468139648438
1,458432,17.676820755004883,21.173898696899414,9.050857543945312,-6.038455963134766
1,458432,23.659807205200195,3.907538890838623,9.409078598022461,9.205819129943848
1,458433,-24.878250122070312,-14.043815612792969,-7.52401065826416,-7.104418754577637
1,458433,-9.862415313720703,-0.12211190164089203,-16.130908966064453,-1.8271726369857788
1,458433,26.184215545654297,12.131254196166992,15.163227081298828,30.716285705566406
1,458433,1.006298303604126,6.634885311126709,4.484064102172852,-5.405057430267334
1,458433,2.4352917671203613,-23.83570098876953,-25.677001953125,-17.375818252563477
1,458433,9.548178672790527,-10.768611907958984,-2.337427854537964,7.860545635223389
1,458434,-22.173030853271484,14.208473205566406,18.81743049621582,3.996910810470581
1,458434,-7.63138484954834,13.214580535888672,-3.376605272293091,-7.089815616607666
1,458434,15.351337432861328,-2.464238405227661,-12.077117919921875,-16.516794204711914
1,458434,7.019285678863525,-6.221453666687012,5.167464256286621,-7.489995002746582
1,458434,-19.671260833740234,7.209629535675049,-0.0003716722712852061,-0.6512877941131592
1,458434,-15.264954566955566,-10.956290245056152,-4.412863254547119,-1.1119070053100586
1,458435,16.02094078063965,8.898674011230469,18.252769470214844,-14.397727012634277
1,458435,10.103706359863281,38.706783294677734,21.070255279541016,-15.673251152038574
1,458435,8.568782806396484,4.930589199066162,-3.4629111289978027,2.1360220909118652
1,458435,1.2622592449188232,-16.831920623779297,-5.634183883666992,9.92017936706543
1,458435,2.406243085861206,-7.199682235717773,2.7054877281188965,10.172602653503418
1,458435,10.342690467834473,-8.584912300109863,-4.191296100616455,-19.124732971191406
1,458436,-17.184316635131836,-8.003996849060059,13.413679122924805,7.867027759552002
1,458436,-19.7980899810791,-2.1215426921844482,16.358840942382812,38.867462158203125
1,458436,15.410557746887207,18.112428665161133,-27.562074661254883,5.8194732666015625
1,458436,16.05697250366211,4.330348014831543,-18.478879928588867,6.116133213043213
1,458436,-9.8364839553833,-16.544872283935547,13.475894927978516,12.919937133789062
1,458437,-13.25876522064209,-2.2474422454833984,-15.026991844177246,-11.137409210205078
1,458437,1.768342137336731,1.7235904932022095,-14.583009719848633,-5.654200077056885
1,458437,-5.054245471954346,-7.086651802062988,7.03651237487793,27.309818267822266
1,458437,-9.350651741027832,-16.609350204467773,3.2917497158050537,3.0773327350616455
1,458437,16.472288131713867,7.861948490142822,14.724802017211914,-32.5379638671875
1,458437,11.722230911254883,12.369187355041504,1.5709431171417236,-12.143649101257324
1,458438,0.15420708060264587,1.0737547874450684,-32.04888916015625,8.655850410461426
1,458439,-6.961654186248779,5.645666122436523,18.49557113647461,7.961908340454102
1,458439,-14.168946266174316,-4.445716381072998,56.24266052246094,-4.023974895477295
1,458439,23.201160430908203,1.6015857458114624,-17.40326690673828,-11.941810607910156
1,458439,6.374373435974121,9.923973083496094,-30.440326690673828,5.6458516120910645
1,458441,-29.735713958740234,-7.400561332702637,-0.28795313835144043,0.16398842632770538
1,458442,2.6351969242095947,-1.8555692434310913,-18.248136520385742,-2.3745028972625732
1,458443,2.702054738998413,2.192091941833496,-7.824854850769043,5.383972644805908
1,458446,-2.7097880840301514,-6.036826133728027,16.065628051757812,-11.217683792114258
1,458447,2.7305328845977783,7.934391975402832,6.858728885650635,1.5743516683578491
1,458450,-8.743195533752441,-8.68226432800293,-16.065431594848633,36.400054931640625
1,458451,1.5212730169296265,-3.2679343223571777,-19.172603607177734,15.600849151611328
1,458454,20.162904739379883,25.41999053955078,18.45294952392578,-36.532779693603516
1,458455,2.4684464931488037,-26.314987182617188,5.75606107711792,-31.389667510986328
1,458458,-8.95754623413086,-24.412796020507812,1.7572754621505737,-4.5816779136657715
1,458459,3.6656486988067627,33.43918991088867,32.14815902709961,20.498964309692383
1,458462,-15.371415138244629,5.542815685272217,-14.610281944274902,42.11481475830078
1,458463,3.376085042953491,-3.061001777648926,3.865452527999878,2.3692986965179443
1,458466,13.80148696899414,1.2974612712860107,5.946019172668457,-44.33238983154297
1,458467,-20.06000328063965,-6.207457542419434,-34.51152801513672,-25.328262329101562
1,458470,2.330066442489624,-2.364252805709839,9.114974021911621,-3.02719783782959
1,458471,29.002756118774414,4.676936149597168,17.029865264892578,21.973371505737305
1,458474,-10.537863731384277,19.30889129638672,-11.288809776306152,30.105012893676758
1,458570,-17.467512130737305,-11.677428245544434,1.7113313674926758,-16.077713012695312
1,458570,25.894777297973633,-4.7349019050598145,14.246285438537598,-22.071918487548828
1,458571,4.9805498123168945,8.040499687194824,-11.766721725463867,1.0558640956878662
1,458571,-6.41123628616333,-11.41617488861084,4.897486686706543,16.26499366760254
1,458571,-1.307464838027954,1.7694504261016846,14.477337837219238,23.727733612060547
1,458571,1.1113693714141846,11.2315034866333,-10.508993148803711,-10.10645866394043
1,458571,-2.7611637115478516,-8.905899047851562,0.849602222442627,-14.596250534057617
1,458571,-20.076610565185547,-13.030845642089844,2.9078116416931152,19.309558868408203
1,458572,-0.401871919631958,4.979431629180908,-10.930551528930664,8.34874439239502
1,458572,15.25316333770752,18.050048828125,-4.670706272125244,-26.1959171295166
1,458572,1.418107032775879,-6.143382549285889,-17.546472549438477,-9.837779998779297
1,458572,-23.012054443359375,-33.48345184326172,-24.156797409057617,7.56442928314209
1,458572,-13.709592819213867,0.9501046538352966,25.15034294128418,-8.251781463623047
1,458572,17.891498565673828,4.388917922973633,19.437973022460938,2.92486572265625
1,458573,17.1340274810791,6.23533296585083,-15.814064025878906,-4.622791290283203
1,458573,-8.890267372131348,33.62525939941406,7.226443290710449,-12.752180099487305
1,458573,-6.821028232574463,-14.208220481872559,4.296698570251465,2.50127911567688
1,458573,-0.5372380018234253,-38.54029846191406,-5.365184307098389,1.425870656967163
1,458573,-0.3303646147251129,19.34087371826172,14.917070388793945,16.331445693969727
1,458573,6.945869445800781,18.213993072509766,0.11154547333717346,15.334738731384277
1,458574,10.171956062316895,-15.137704849243164,-11.713119506835938,-13.835224151611328
1,458574,1.7115203142166138,9.40440845489502,-13.521174430847168,-1.992336392402649
1,458574,-29.022476196289062,10.482904434204102,-0.43548503518104553,20.33386993408203
1,458574,-2.9733808040618896,-30.82938575744629,11.05974006652832,-3.3663015365600586
1,458574,32.495086669921875,-3.6024818420410156,-12.53114128112793,-14.960979461669922
1,458575,-9.15512752532959,25.155790328979492,0.967943549156189,16.835769653320312
1,458575,-11.805610656738281,-7.79810905456543,14.603838920593262,9.000910758972168
1,458575,-2.6110575199127197,-5.026185989379883,2.6119277477264404,-9.39149284362793
1,458575,-1.3407219648361206,3.355835437774658,-6.4806132316589355,1.6589471101760864
1,458575,24.966041564941406,-1.2928966283798218,5.246862888336182,-11.817570686340332
1,458575,-2.3557894229888916,5.384513854980469,11.731793403625488,8.252114295959473
1,458576,-18.390636444091797,11.273394584655762,3.1576507091522217,16.92633628845215
1,458576,11.371858596801758,-2.0797760486602783,16.540756225585938,-1.3326817750930786
1,458576,23.020679473876953,-16.084854125976562,-9.203049659729004,-4.933344841003418
1,458576,-7.342158794403076,24.22477149963379,-5.175485610961914,-9.941536903381348
1,458576,-21.193695068359375,15.46413803100586,15.908647537231445,15.427322387695312
1,458576,17.995790481567383,-15.050929069519043,-7.121004581451416,-3.1092240810394287
1,458577,8.846585273742676,8.666019439697266,-7.732880115509033,-28.530620574951172
1,458577,-19.516565322875977,-20.694351196289062,-16.197275161743164,8.925274848937988
1,458577,4.749285697937012,-21.380638122558594,12.062156677246094,23.09848976135254
1,458577,2.186265468597412,31.29503631591797,7.9142279624938965,-9.233708381652832
1,458577,-14.130122184753418,7.96809720993042,-24.318262100219727,-13.238821029663086
1,458577,-6.1601409912109375,-20.448001861572266,5.940268516540527,-2.067060708999634
1,458578,9.18750286102295,14.24239444732666,2.2623825073242188,-8.11486530303955
1,458578,16.941837310791016,-40.32848358154297,-0.8663147687911987,-21.161718368530273
1,458578,-0.6423730850219727,-16.977689743041992,-6.414525032043457,-12.756159782409668
1,458578,-12.928671836853027,72.4173812866211,-16.756023406982422,27.077943801879883
1,458578,-2.891690969467163,-26.47258949279785,9.688064575195312,6.217604160308838
1,458580,-1.9735932350158691,-23.980712890625,-3.137258291244507,-19.235408782958984
1,458580,-18.39598274230957,34.104122161865234,-0.8712996244430542,-2.1835570335388184
1,458580,1.92486572265625,-7.15316104888916,47.074710845947266,21.788251876831055
1,458580,26.31690788269043,-2.748516798019409,-15.258757591247559,3.8295016288757324
1,458580,-8.465652465820312,-14.615967750549316,-63.89276885986328,-8.12203311920166
1,458582,0.4792519807815552,4.132310390472412,27.210378646850586,11.337543487548828
1,458584,13.297037124633789,50.792198181152344,35.5214729309082,1.8834577798843384
1,458586,-17.17957305908203,-25.448911666870117,-18.402746200561523,19.899662017822266
1,458588,-3.826657772064209,-55.62715530395508,-6.543926239013672,-9.9993257522583
1,458590,4.702213287353516,29.28272247314453,17.95165252685547,-23.56967544555664
1,458592,15.453287124633789,30.90339469909668,2.3945107460021973,13.740276336669922
1,458594,9.40650749206543,-5.970465183258057,-36.17528533935547,2.09879469871521
1,458596,-22.976499557495117,-4.082870960235596,2.584867000579834,-11.799545288085938
1,458598,-27.4224853515625,-27.127408981323242,52.158470153808594,4.446486473083496
1,458600,5.644838333129883,-20.933156967163086,-18.18109893798828,0.1615588217973709
1,458602,31.06142234802246,21.271358489990234,-34.30632019042969,1.4070512056350708
1,458605,17.67723846435547,24.328784942626953,32.911293029785156,35.01264572143555
1,458606,-0.37529078125953674,1.2809171676635742,2.906499147415161,-14.197529792785645
1,458607,-17.11992073059082,-16.205490112304688,-12.906096458435059,-40.00455093383789
1,458707,-5.225943565368652,-3.532978057861328,5.053504467010498,9.265817642211914
1,458707,0.7415573596954346,2.217822313308716,-17.05327606201172,4.586806774139404
1,458707,-13.116544723510742,-6.471096515655518,16.042205810546875,7.871203422546387
1,458707,16.67875862121582,18.461130142211914,11.167235374450684,0.6116232872009277
1,458707,13.566571235656738,12.610498428344727,-26.720186233520508,-8.132722854614258
1,458708,-13.233590126037598,-3.358231782913208,6.438083171844482,12.227569580078125
1,458708,1.4198739528656006,1.5733720064163208,0.695679247379303,-26.205406188964844
1,458708,-9.878786087036133,-19.558629989624023,-10.490901947021484,-10.837427139282227
1,458708,-8.903966903686523,-8.469362258911133,22.450809478759766,35.055206298828125
1,458708,6.6710920333862305,15.764809608459473,1.6226575374603271,7.192376613616943
1,458708,7.972195625305176,18.51995849609375,-16.961082458496094,-25.576194763183594
1,458709,6.47096586227417,-9.4656400680542,12.019439697265625,-5.181868076324463
1,458709,-11.813894271850586,-25.912822723388672,-4.198266983032227,20.292036056518555
1,458709,3.3644492626190186,5.759189128875732,-19.764404296875,-1.6875516176223755
1,458709,7.199267864227295,5.686673641204834,18.682790756225586,-0.7136889100074768
1,458709,-6.876554489135742,4.4600629806518555,8.110878944396973,4.655084609985352
1,458709,1.220966100692749,13.61288833618164,-7.5576300621032715,-6.098005771636963
1,458710,-11.900774002075195,-3.8121988773345947,14.91158676147461,10.983165740966797
1,458710,7.3198957443237305,-2.5437052249908447,-3.7489099502563477,25.194290161132812
1,458710,15.439330101013184,-1.0589618682861328,9.065731048583984,-2.294511556625366
1,458710,-6.057221412658691,-7.481658458709717,11.883360862731934,-23.436878204345703
1,458710,-6.139249801635742,4.062398433685303,-17.70662498474121,-2.9297373294830322
1,458710,-4.537598133087158,1.4696009159088135,-18.678363800048828,22.37168312072754
1,458711,0.02747303806245327,-17.47617530822754,-0.847939133644104,11.010673522949219
1,458711,-10.584938049316406,2.0818986892700195,17.769851684570312,-14.556471824645996
1,458711,-6.19088077545166,15.295710563659668,-26.108522415161133,-13.3414888381958
1,458711,12.834100723266602,-6.379875183105469,-16.9095458984375,3.3781421184539795
1,458711,5.970219135284424,-1.5947030782699585,32.9640998840332,9.264463424682617
1,458712,-2.428518056869507,3.379868745803833,-12.275938034057617,-16.785999298095703
1,458712,-7.0515313148498535,-9.819565773010254,-18.08216667175293,-9.730156898498535
1,458712,-5.881599426269531,-2.266488552093506,15.629603385925293,14.28954029083252
1,458712,18.22909164428711,18.517635345458984,8.560622215270996,-13.399589538574219
1,458712,21.973478317260742,4.307027339935303,5.53202486038208,-26.779787063598633
1,458712,-12.697669982910156,-18.46038818359375,-2.942594289779663,1.8921808004379272
1,458713,-11.283773422241211,-16.300384521484375,-6.136139869689941,11.117154121398926
1,458713,-0.2512363791465759,5.402047157287598,9.153165817260742,-0.06227922439575195
1,458713,-11.699647903442383,15.88594913482666,4.83689546585083,6.095907211303711
1,458713,18.697494506835938,-3.8828539848327637,-2.484907388687134,6.959702491760254
1,458713,5.6175127029418945,-12.739031791687012,2.4855589866638184,-1.5221153497695923
1,458713,-39.516849517822266,-3.1961746215820312,-1.3757948875427246,-1.8660109043121338
1,458714,3.2672953605651855,15.152647018432617,3.949981451034546,10.454468727111816
1,458714,38.96396255493164,7.315702438354492,-11.562793731689453,-0.08550112694501877
1,458714,-17.754520416259766,-1.439871072769165,-10.181984901428223,1.9466341733932495
1,458714,-15.696928024291992,10.01358413696289,16.927555084228516,12.45738697052002
1,458714,48.425140380859375,-5.321995258331299,12.291239738464355,-14.26301383972168
1,458714,7.194833755493164,-8.630742073059082,-11.357935905456543,-15.903759956359863
1,458715,-45.232608795166016,2.859647035598755,-27.903791427612305,1.7747842073440552
1,458715,-16.045644760131836,-6.0232696533203125,-7.979597568511963,6.703542232513428
1,458715,13.868451118469238,-0.7137901782989502,12.375996589660645,-10.175798416137695
1,458716,14.442276000976562,13.287995338439941,37.30001449584961,-7.2258219718933105
1,458716,8.415907859802246,-10.863174438476562,29.962175369262695,10.19252872467041
1,458717,0.46087387204170227,-9.869912147521973,-28.240703582763672,13.052321434020996
1,458717,0.6532469391822815,27.077892303466797,-10.30729866027832,0.6462932229042053
1,458717,0.35746029019355774,-3.2713193893432617,16.18132209777832,-3.1093673706054688
1,458718,-22.788089752197266,-22.60887336730957,-12.724422454833984,6.535505294799805
1,458720,-0.17210276424884796,14.18224811553955,-18.539779663085938,-13.388142585754395
1,458722,35.8656005859375,12.214737892150879,12.359256744384766,26.904470443725586
1,458724,-2.3188328742980957,2.5529026985168457,8.33225154876709,36.475379943847656
1,458726,-43.23689270019531,-4.818126201629639,-32.36846923828125,-50.950157165527344
1,458728,-10.41930103302002,-13.265228271484375,-3.5880136489868164,-53.868309020996094
1,458730,32.750614166259766,3.8501391410827637,16.42813491821289,34.84040069580078
1,458732,10.480259895324707,6.279352188110352,-26.183677673339844,60.08455276489258
1,458734,-35.18097686767578,-17.863134384155273,-14.815326690673828,-11.299028396606445
1,458736,0.29495349526405334,-0.3372248709201813,38.38263702392578,-0.7813854813575745
1,458738,48.86127853393555,22.97826385498047,37.87802505493164,-9.097137451171875
1,458836,-8.556584358215332,0.958084225654602,-16.993425369262695,-63.58420944213867
1,458836,-22.653675079345703,-8.495802879333496,-32.259220123291016,-10.41038990020752
1,458836,0.9005125164985657,-19.258363723754883,13.724367141723633,11.63585090637207
1,458836,3.7870097160339355,2.533621311187744,14.567837715148926,13.987297058105469
1,458836,29.582181930541992,30.650251388549805,-9.300375938415527,22.337066650390625
1,458836,2.4188084602355957,8.066853523254395,4.7739129066467285,-1.579980492591858
1,458837,-19.789352416992188,-5.625695705413818,12.433467864990234,-3.493197441101074
1,458837,7.868677139282227,-10.933146476745605,-0.48413535952568054,-8.222932815551758
1,458837,-5.830402851104736,-30.719196319580078,-17.97762680053711,-13.953574180603027
1,458837,-12.436782836914062,-5.447996616363525,-2.5387308597564697,20.533994674682617
1,458837,7.117618083953857,29.633060455322266,22.64771842956543,25.97603416442871
1,458838,-11.646805763244629,-2.227874517440796,0.9474181532859802,-5.844192028045654
1,458838,-15.026008605957031,-18.51275634765625,-23.881771087646484,-6.296714782714844
1,458838,10.13873291015625,0.34793099761009216,-2.0310769081115723,5.7798004150390625
1,458838,12.436545372009277,7.321773529052734,27.858638763427734,13.684921264648438
1,458838,-10.273733139038086,-8.324886322021484,-9.108278274536133,1.1373668909072876
1,458838,-17.401355743408203,-18.710081100463867,-24.133270263671875,-15.257949829101562
1,458839,13.15575122833252,20.314855575561523,-2.002958059310913,-16.37666130065918
1,458839,17.027130126953125,32.5822639465332,2.415728807449341,-2.3845064640045166
1,458839,-16.032690048217773,-3.161449909210205,7.529013633728027,13.024189949035645
1,458839,-4.94622802734375,-16.456632614135742,-4.342278480529785,3.1799724102020264
1,458839,13.241754531860352,5.509837627410889,11.493158340454102,-10.809908866882324
1,458839,1.1607381105422974,23.195072174072266,8.332978248596191,9.699386596679688
1,458840,-12.037286758422852,0.1996954083442688,-9.748964309692383,20.926639556884766
1,458840,-9.84304428100586,-15.374086380004883,0.46830955147743225,-22.77170181274414
1,458840,12.925943374633789,-14.05406665802002,-10.434782981872559,-29.25933837890625
1,458840,-6.060460567474365,5.089838981628418,0.3338252007961273,14.568361282348633
1,458840,-11.73121452331543,6.228129863739014,6.272922515869141,9.114337921142578
1,458840,17.9307861328125,-6.739416599273682,1.0289503335952759,-5.491091728210449
1,458841,-5.231649875640869,4.822201728820801,10.24207592010498,13.256826400756836
1,458841,-8.485112190246582,-5.634627342224121,-4.641247749328613,-4.82611608505249
1,458841,11.015878677368164,-22.342538833618164,-14.107396125793457,0.2964242398738861
1,458841,10.27458667755127,0.399297833442688,-2.8706300258636475,20.918413162231445
1,458841,2.7441558837890625,33.23705291748047,-1.4138178825378418,-12.54941177368164
1,458842,-6.063937664031982,-2.8545470237731934,-0.1141299456357956,-13.275327682495117
1,458842,4.733420372009277,-12.02527141571045,21.47135353088379,2.6595749855041504
1,458842,14.118074417114258,22.854318618774414,-9.937335014343262,4.248281478881836
1,458842,-9.639217376708984,-15.509981155395508,-29.213924407958984,4.244298934936523
1,458842,-30.51772117614746,-31.785602569580078,20.987550735473633,-17.126312255859375
1,458842,4.0664262771606445,11.971527099609375,17.9717960357666,0.21114248037338257
1,458843,26.10309410095215,18.688657760620117,-12.642879486083984,14.652032852172852
1,458843,3.190126895904541,-3.509089469909668,-0.7702784538269043,-12.96195125579834
1,458843,-13.228428840637207,-1.2187682390213013,12.201355934143066,8.227952003479004
1,458843,-2.2745583057403564,1.1871092319488525,10.764251708984375,14.50194263458252
1,458843,20.420568466186523,4.2374043464660645,-1.9953926801681519,-12.243196487426758
1,458843,14.189939498901367,-12.093019485473633,-24.45904541015625,0.4815421402454376
1,458844,-23.8005313873291,-15.139567375183105,-16.84867286682129,13.700180053710938
1,458844,-30.684185028076172,19.919797897338867,8.385032653808594,10.940353393554688
1,458844,14.808135032653809,25.55719566345215,17.128862380981445,-7.59978723526001
1,458845,14.793898582458496,5.3141770362854,-3.0137336254119873,-44.1761474609375
1,458845,-4.765193462371826,-28.4041748046875,-18.981605529785156,-17.407472610473633
1,458845,8.193450927734375,-1.2564865350723267,18.514171600341797,39.48517990112305
1,458846,1.1135635375976562,23.600147247314453,10.29563045501709,-5.296198844909668
1,458847,-6.898534297943115,-5.2627387046813965,-25.24243927001953,-24.22542381286621
1,458848,19.039690017700195,16.34336280822754,4.624375820159912,15.876043319702148
1,458850,2.946226119995117,-8.2705078125,25.50992774963379,-3.432276964187622
1,458852,-41.0770263671875,-56.5377197265625,-7.723195552825928,-19.07996940612793
1,458854,-15.243924140930176,-23.557964324951172,-18.698793411254883,19.049697875976562
1,458856,46.047733306884766,36.83715057373047,24.15380859375,59.253665924072266
1,458858,29.526498794555664,31.656213760375977,13.494864463806152,-0.3539425730705261
1,458860,-36.01523971557617,-10.681398391723633,3.8477559089660645,-26.22389793395996
1,458862,2.870152473449707,10.485579490661621,-1.1373927593231201,3.381119728088379
1,458864,6.119528770446777,-8.138177871704102,-33.428958892822266,-42.7513313293457
1,458866,-18.444355010986328,-21.042715072631836,-7.018610954284668,-1.4686640501022339
1,458868,2.131927013397217,17.15382957458496,9.374773025512695,26.692110061645508
1,458870,-19.151641845703125,13.871084213256836,3.58341383934021,-3.703202962875366
1,458872,19.450685501098633,2.6385157108306885,-12.19815444946289,18.21397590637207
1,458874,14.803262710571289,-11.372456550598145,9.876572608947754,-21.961681365966797
1,458876,-38.2164306640625,-22.70163345336914,15.57121467590332,-23.519577026367188
1,458878,14.407793998718262,10.603076934814453,-7.233001708984375,4.395485877990723
1,458880,34.15237808227539,22.13994789123535,-0.5000295639038086,18.888473510742188
1,458882,-16.2242431640625,-0.6493290662765503,-24.419729232788086,35.50752258300781
1,458991,-21.1003475189209,2.3161349296569824,-8.876834869384766,-5.893087863922119
1,458991,2.646669387817383,3.880565881729126,19.180850982666016,-5.490374565124512
1,458991,6.177644729614258,-19.37872886657715,23.00311851501465,5.012126922607422
1,458991,3.0304267406463623,-21.18631362915039,-11.26653003692627,-21.48712921142578
1,458991,2.663447856903076,3.9049103260040283,-18.91688346862793,-16.522266387939453
1,458992,5.332887649536133,11.751716613769531,8.162339210510254,18.532272338867188
1,458992,-8.569672584533691,20.78683090209961,2.142606496810913,-1.3024760484695435
1,458992,-7.3196539878845215,-3.559746026992798,-5.218490123748779,-17.816696166992188
1,458992,1.213096261024475,-40.04032516479492,-16.43892478942871,8.919412612915039
1,458992,-14.131490707397461,-1.0907999277114868,22.62380027770996,8.013497352600098
1,458992,9.349526405334473,20.01368522644043,18.252033233642578,-6.9074578285217285
1,458993,30.01305389404297,2.2862815856933594,-14.67467212677002,-12.766800880432129
1,458993,-7.1797919273376465,-5.780422210693359,9.713010787963867,19.616378784179688
1,458993,-7.5432515144348145,4.337804794311523,7.214186668395996,13.542693138122559
1,458993,13.919057846069336,28.5595760345459,-3.1961758136749268,-14.994966506958008
1,458993,-11.64183521270752,-8.777904510498047,-16.04656982421875,-12.74317455291748
1,458994,-2.112588882446289,-7.142960548400879,-0.5933115482330322,-5.613380432128906
1,458994,8.135269165039062,1.4705561399459839,14.927061080932617,22.349700927734375
1,458994,-14.230378150939941,-29.872549057006836,-0.02593846432864666,16.205001831054688
1,458994,5.146144866943359,18.47944450378418,-0.11213263869285583,-18.242124557495117
1,458994,8.229308128356934,14.775629997253418,-11.773473739624023,-8.031209945678711
1,458994,-14.709616661071777,-24.368301391601562,-0.8902407884597778,16.6251277923584
1,458995,8.758928298950195,9.230684280395508,19.755929946899414,-2.1233274936676025
1,458995,2.0079634189605713,12.823538780212402,8.044090270996094,-14.175551414489746
1,458995,-17.002094268798828,-1.6721125841140747,-7.623611927032471,4.016573429107666
1,458995,5.148743152618408,0.5242171287536621,2.9899983406066895,8.372613906860352
1,458995,11.616138458251953,7.8126301765441895,1.5141246318817139,1.000476360321045
1,458995,-0.27676278352737427,-10.417262077331543,-28.18706703186035,-1.7088274955749512
1,458996,-14.895222663879395,-15.413594245910645,-6.242447853088379,-9.345110893249512
1,458996,-27.462682723999023,18.134674072265625,18.22083854675293,0.3354629874229431
1,458996,1.120443344116211,-7.173035621643066,-5.091357707977295,12.602898597717285
1,458996,35.16023254394531,-7.616265773773193,0.44031456112861633,-3.557194471359253
1,458996,9.25747299194336,10.74172306060791,-1.1853694915771484,-14.506609916687012
1,458996,-15.345962524414062,-25.80207061767578,-21.694650650024414,3.286104679107666
1,458997,-11.918971061706543,-9.319989204406738,-0.1039622351527214,4.083528995513916
1,458997,7.1974334716796875,32.22502899169922,13.587509155273438,-9.998950004577637
1,458997,18.27485466003418,12.56893539428711,7.048366546630859,9.025323867797852
1,458997,-3.7317163944244385,-17.778093338012695,6.626841068267822,2.7033374309539795
1,458997,0.24824388325214386,2.1690661907196045,-9.176714897155762,-16.419836044311523
1,458997,10.702460289001465,3.7797253131866455,-3.350025177001953,8.292234420776367
1,458998,-15.683517456054688,-4.8960771560668945,16.50665855407715,12.003495216369629
1,458998,0.16030383110046387,-0.5029458999633789,-6.793172836303711,-15.445028305053711
1,458998,12.746702194213867,-10.510429382324219,-7.00424861907959,2.464982748031616
1,458998,-16.416990280151367,1.227224588394165,17.6497745513916,23.79279899597168
1,458998,-1.060269832611084,20.639102935791016,8.298648834228516,-2.215622663497925
1,458999,25.49519920349121,14.61086654663086,-8.177328109741211,-7.610802173614502
1,458999,7.0548505783081055,-11.853793144226074,-10.247638702392578,16.362472534179688
1,458999,-15.079211235046387,12.207414627075195,7.507723331451416,7.028872013092041
1,458999,-2.9757988452911377,-0.9531679153442383,8.751636505126953,-22.811338424682617
1,458999,-0.7613611817359924,-42.85244369506836,-13.644988059997559,2.2443370819091797
1,458999,-5.924737453460693,8.427751541137695,-8.512163162231445,2.3104844093322754
1,458999,5.510346412658691,38.82909393310547,-0.5081208944320679,-30.21255111694336
1,459000,-4.762213230133057,19.429006576538086,1.7326791286468506,12.856840133666992
1,459000,-6.910537242889404,-10.667122840881348,2.0060219764709473,4.703203201293945
1,459001,-3.879279375076294,-29.24825668334961,-21.461210250854492,-13.048019409179688
1,459001,-11.938847541809082,-11.373645782470703,-1.9055827856063843,13.382081031799316
1,459001,-0.8316221833229065,2.567600727081299,22.387128829956055,3.483283042907715
1,459002,5.326535224914551,15.451488494873047,-3.52843976020813,-0.6866790652275085
1,459002,14.925934791564941,0.5357354283332825,-8.043475151062012,4.345393180847168
1,459003,16.838525772094727,-25.717063903808594,14.445630073547363,4.767771244049072
1,459004,-26.652585983276367,-14.515466690063477,2.925724744796753,-10.47080135345459
1,459006,-30.53781509399414,6.637795925140381,-19.441133499145508,4.421294689178467
1,459008,47.86425018310547,9.477865219116211,3.935153007507324,31.719236373901367
1,459010,40.3955078125,21.404935836791992,9.782386779785156,-9.467979431152344
1,459012,-44.79584884643555,-7.696961402893066,-15.863739013671875,-59.3064079284668
1,459014,-18.53656005859375,-32.733951568603516,15.752575874328613,2.1714396476745605
1,459016,27.86654281616211,11.352791786193848,18.282367706298828,63.60525131225586
1,459018,3.153357982635498,23.863048553466797,-21.259212493896484,41.18180847167969
1,459021,-10.002145767211914,4.615305423736572,-8.076114654541016,-50.12990951538086
1,459022,-28.16396713256836,-23.10155487060547,-14.258042335510254,-94.2563247680664
1,459025,26.91566276550293,37.05066680908203,19.09676170349121,12.221940994262695
1,459026,72.44066619873047,51.73077392578125,47.72904586791992,20.05927848815918
1,459029,-85.70374298095703,-82.25540924072266,-5.7698655128479,-16.231977462768555
1,459030,-89.11691284179688,-72.3877182006836,-30.224590301513672,98.60852813720703
1,459033,68.47618865966797,59.93520736694336,-22.475616455078125,63.734718322753906
1,459034,12.264817237854004,54.21968460083008,-5.510601997375488,-92.82038879394531
1,459035,5.035558223724365,-22.972734451293945,6.487392425537109,-38.578125
1,459038,55.86896896362305,-27.961381912231445,31.455219268798828,-6.4594197273254395
1,459039,-33.925025939941406,8.952951431274414,43.16252517700195,-23.927385330200195
1,459042,-13.919445037841797,18.554779052734375,-52.05113220214844,22.53359031677246
1,459161,23.87960433959961,3.8018746376037598,-48.65927505493164,53.62078094482422
1,459161,-16.03746223449707,8.558086395263672,60.744781494140625,38.5084228515625
1,459162,13.008718490600586,-12.815240859985352,4.882681369781494,-30.13153076171875
1,459162,21.847644805908203,-11.961578369140625,-32.64098358154297,-27.61481285095215
1,459162,-11.483572006225586,20.10053825378418,24.130428314208984,-0.36030858755111694
1,459162,-14.864266395568848,-7.469460487365723,-1.2862125635147095,1.0345873832702637
1,459162,-20.39607810974121,-16.394643783569336,-16.52250099182129,8.202922821044922
1,459162,1.6494286060333252,-4.221764087677002,1.977117896080017,-8.385804176330566
1,459163,10.771452903747559,-6.330991268157959,-9.83231258392334,-11.596309661865234
1,459163,-33.86505126953125,5.1936211585998535,2.1825811862945557,16.39747428894043
1,459163,0.15726369619369507,8.049615859985352,6.158924102783203,-1.0797046422958374
1,459163,34.453304290771484,12.282657623291016,-3.664323568344116,-12.635444641113281
1,459163,-1.950146198272705,-11.9111328125,0.9019550681114197,-5.1333818435668945
1,459163,-10.045570373535156,-1.9192771911621094,5.198976516723633,-17.22007942199707
1,459164,1.1233406066894531,21.903099060058594,1.22010338306427,7.649128437042236
1,459164,-2.4031803607940674,-13.430296897888184,-1.8865829706192017,21.974708557128906
1,459164,7.113439083099365,-7.247816562652588,1.646174430847168,8.783438682556152
1,459164,18.195415496826172,2.2199389934539795,9.086291313171387,-2.833369731903076
1,459164,5.572906970977783,16.72881507873535,-0.9881600141525269,-2.6030325889587402
1,459164,-20.399202346801758,-7.0441436767578125,-27.882566452026367,9.829232215881348
1,459165,-16.238975524902344,-47.38798522949219,-0.11491440236568451,12.201766967773438
1,459165,17.249540328979492,28.801090240478516,20.750579833984375,-6.199010372161865
1,459165,14.394973754882812,21.942142486572266,-9.289228439331055,-23.02877426147461
1,459165,-24.573060989379883,-24.353614807128906,-7.161777496337891,-11.200230598449707
1,459165,-20.05217170715332,3.5221149921417236,10.752813339233398,7.855747222900391
1,459166,17.977943420410156,2.972017526626587,5.283936977386475,-13.279786109924316
1,459166,7.858582973480225,6.953073024749756,-13.305506706237793,-20.382415771484375
1,459166,-7.603059768676758,-9.703703880310059,-8.960365295410156,33.528114318847656
1,459166,5.371045112609863,10.56859302520752,2.1421234607696533,28.667728424072266
1,459166,13.100003242492676,5.264191150665283,-4.886531352996826,-26.255491256713867
1,459166,5.268327236175537,-28.068660736083984,15.534229278564453,-23.328685760498047
1,459167,-9.041508674621582,13.251731872558594,15.905823707580566,14.598137855529785
1,459167,12.718257904052734,18.823427200317383,0.44204166531562805,22.009340286254883
1,459167,24.68489646911621,-5.878250598907471,-8.226215362548828,5.67242956161499
1,459167,-22.02935791015625,-5.531036853790283,3.0196244716644287,-10.98373794555664
1,459167,-28.23866081237793,6.768411636352539,14.525485038757324,3.3918073177337646
1,459167,5.403274059295654,-3.237626791000366,-13.554348945617676,6.442047119140625
1,459168,5.189951419830322,-3.9905521869659424,6.703310012817383,-15.197199821472168
1,459168,-18.378774642944336,7.898205757141113,4.60651969909668,3.1834237575531006
1,459168,-10.405593872070312,-4.887728691101074,-14.822086334228516,15.315327644348145
1,459168,2.946643590927124,5.246477127075195,19.297216415405273,-3.849968671798706
1,459168,8.402119636535645,15.61194896697998,0.3752124309539795,-14.370824813842773
1,459168,15.59562873840332,-12.03673267364502,-27.629230499267578,-1.9392802715301514
1,459169,-17.62325096130371,-11.14836597442627,6.681164741516113,4.097519874572754
1,459169,18.883644104003906,-7.279323577880859,6.23165225982666,-20.68755531311035
1,459169,22.916709899902344,-4.035641670227051,-21.920381546020508,-9.135344505310059
1,459169,-55.43986129760742,19.8139591217041,-0.9548592567443848,42.16345977783203
1,459169,9.472375869750977,1.594297170639038,16.035234451293945,9.832935333251953
1,459169,50.16722106933594,-0.8083432912826538,16.077348709106445,-36.027915954589844
1,459170,-27.062274932861328,-1.4570586681365967,0.6338347792625427,-0.9377867579460144
1,459170,-28.57482147216797,-23.072465896606445,-20.572294235229492,15.364416122436523
1,459170,17.49169921875,0.9903023838996887,-9.097840309143066,-3.578488349914551
1,459170,13.53951358795166,18.247760772705078,1.0950735807418823,-8.19313907623291
1,459170,-6.221665382385254,1.7128019332885742,8.37774658203125,-7.485352516174316
1,459170,4.706658840179443,-9.212869644165039,11.3997163772583,19.103862762451172
1,459171,4.692276954650879,-1.9945974349975586,7.475008487701416,11.092175483703613
1,459171,-2.1882946491241455,8.068127632141113,2.8309247493743896,-29.134986877441406
1,459171,4.239682674407959,9.941864967346191,-8.629791259765625,-13.893779754638672
1,459171,8.791923522949219,-15.746725082397461,2.2160134315490723,17.708515167236328
1,459171,-6.446813583374023,-12.727651596069336,-8.732544898986816,20.7351131439209
1,459173,-26.997880935668945,4.997420310974121,-22.616939544677734,7.439540863037109
1,459173,-5.33333158493042,-5.890762805938721,19.498762130737305,-4.360714435577393
1,459173,1.6932992935180664,12.09135913848877,10.29426383972168,-9.104050636291504
1,459173,5.626922130584717,15.198342323303223,-18.26032257080078,-10.047513008117676
1,459173,23.1178035736084,-3.802858591079712,4.441697597503662,-7.181034088134766
1,459175,-5.337019443511963,-14.940262794494629,0.2039669305086136,22.687437057495117
1,459176,-22.361812591552734,-25.748910903930664,-8.870553016662598,5.014809608459473
1,459177,-3.1920268535614014,0.4237254559993744,10.491877555847168,-14.878326416015625
1,459180,30.824722290039062,56.31904220581055,22.99668312072754,27.9888973236084
1,459181,40.428348541259766,23.47374725341797,5.690298080444336,18.71414566040039
1,459184,-39.42762756347656,-52.21040344238281,-36.047119140625,-35.97877883911133
1,459185,-38.63424301147461,-7.52802848815918,-13.544907569885254,14.232335090637207
1,459188,48.93502426147461,55.01642990112305,49.98276901245117,26.710588455200195
1,459189,4.718954563140869,-7.295417785644531,8.545685768127441,-70.6307373046875
1,459192,-31.231678009033203,-57.856449127197266,-35.849273681640625,3.8066506385803223
1,459193,-14.212995529174805,12.666884422302246,-6.614148139953613,36.99555969238281
1,459196,25.060171127319336,26.22838592529297,-2.6078782081604004,-60.481834411621094
1,459197,43.57456588745117,-33.472938537597656,4.073378562927246,-10.848101615905762
1,459200,-67.51702880859375,4.003973484039307,3.8499975204467773,53.58347702026367
1,459201,-65.46154022216797,38.98863983154297,2.2989137172698975,5.473886966705322
1,459204,79.6626968383789,-8.819705963134766,22.881366729736328,-32.979881286621094
1,459206,45.17890167236328,-18.81589698791504,-20.3009033203125,-0.7148457169532776
1,459208,-47.62547302246094,4.008581638336182,-38.47087478637695,18.133075714111328
1,459210,7.897308349609375,2.6801977157592773,4.2152299880981445,-14.398360252380371
1,459212,-6.6158223152160645,1.5794878005981445,14.42890739440918,-20.77675437927246
1,459214,-81.98892974853516,-78.00672149658203,9.804780006408691,12.563597679138184
1,459344,36.208778381347656,0.07597190886735916,17.664688110351562,48.59561538696289
1,459344,113.18079376220703,140.61038208007812,17.21828842163086,40.274497985839844
1,459345,-36.194190979003906,-23.52265167236328,-6.662625312805176,-27.664384841918945
1,459345,-44.132328033447266,-61.5447998046875,-17.88045310974121,-38.234703063964844
1,459345,23.017974853515625,25.894107818603516,-3.888516664505005,8.366399765014648
1,459345,0.3699178993701935,-23.69733238220215,4.351574897766113,9.551640510559082
1,459345,7.569578647613525,-1.6831635236740112,-4.763067722320557,3.3264498710632324
1,459346,3.964912176132202,40.93645477294922,9.672139167785645,14.169302940368652
1,459346,-20.45562744140625,-9.660161018371582,8.073221206665039,-14.537332534790039
1,459346,6.278226852416992,-3.4029738903045654,-16.258224487304688,-25.949739456176758
1,459346,22.892202377319336,-0.23384733498096466,-11.184040069580078,13.349782943725586
1,459346,-25.761627197265625,-31.013948440551758,-0.948804497718811,-4.919938087463379
1,459346,-14.966911315917969,3.8266408443450928,-5.137594699859619,-22.091337203979492
1,459346,19.85365104675293,6.879241943359375,-4.681889057159424,9.192983627319336
1,459347,-4.141669273376465,9.80909252166748,4.584352970123291,-0.8742129802703857
1,459347,-4.606082916259766,10.550498962402344,21.63568115234375,5.680686950683594
1,459347,18.576391220092773,-18.777076721191406,20.983671188354492,8.686078071594238
1,459347,-3.9130654335021973,10.328405380249023,-3.8756723403930664,-13.18661117553711
1,459347,-5.297775745391846,20.522253036499023,-2.2745466232299805,4.128222942352295
1,459348,-10.700257301330566,-14.784953117370605,-0.6993274688720703,28.017181396484375
1,459348,-9.933056831359863,9.232288360595703,-4.5288801193237305,11.637772560119629
1,459348,32.12128829956055,8.591530799865723,2.874420642852783,-28.0942440032959
1,459348,4.04125452041626,-26.81367301940918,-3.6544406414031982,-17.82614517211914
1,459348,-42.801307678222656,-5.085165023803711,-20.745405197143555,12.951116561889648
1,459348,-11.22317886352539,-1.211849570274353,-10.535269737243652,16.70806312561035
1,459349,29.431394577026367,-18.78572654724121,6.227832794189453,-1.4955966472625732
1,459349,9.189765930175781,10.668148040771484,-1.1367095708847046,-9.595423698425293
1,459349,-1.3904597759246826,24.87619972229004,11.249911308288574,8.474775314331055
1,459349,1.0389248132705688,13.160417556762695,1.7944974899291992,13.077317237854004
1,459349,-13.859884262084961,-11.326077461242676,-14.056098937988281,5.280816078186035
1,459349,2.130093574523926,-21.63844108581543,2.4542410373687744,-7.7755231857299805
1,459350,20.153244018554688,9.281437873840332,7.033820629119873,-20.27847671508789
1,459350,-3.160048484802246,2.9929540157318115,0.7649012804031372,-2.339691638946533
1,459350,-18.25456428527832,-19.108583450317383,-7.1198296546936035,11.735712051391602
1,459350,-7.182311534881592,0.3412700593471527,9.028178215026855,-1.087924838066101
1,459350,1.2627137899398804,7.508528709411621,-12.73004150390625,-26.526397705078125
1,459351,0.7851213216781616,-31.106369018554688,-13.346725463867188,-6.079304218292236
1,459351,1.5334267616271973,-8.125953674316406,25.84909439086914,35.678279876708984
1,459351,24.224716186523438,37.27569580078125,0.770175576210022,-1.346048355102539
1,459351,-2.6480562686920166,15.24185848236084,-14.396533012390137,-6.276400089263916
1,459351,-30.554241180419922,-19.791893005371094,5.6690568923950195,21.485761642456055
1,459351,17.17413902282715,-8.462784767150879,7.789169788360596,-13.980682373046875
1,459352,24.344619750976562,25.835702896118164,-0.8589900732040405,-9.870465278625488
1,459352,-5.609277725219727,3.4890143871307373,10.252507209777832,28.43091583251953
1,459352,-7.241067409515381,-8.332566261291504,3.5126452445983887,12.180556297302246
1,459352,1.1484508514404297,33.05931091308594,11.787660598754883,-11.194313049316406
1,459352,4.953953266143799,3.2719271183013916,18.13121223449707,-19.676809310913086
1,459352,3.1384849548339844,-19.948890686035156,-10.145211219787598,4.461387634277344
1,459353,-4.88516092300415,21.769498825073242,-12.61299991607666,5.923964023590088
1,459353,-9.491361618041992,-7.433743476867676,-19.46302604675293,-40.654422760009766
1,459353,3.312096118927002,-14.824511528015137,-2.697125196456909,-31.69915008544922
1,459353,0.5385086536407471,9.186330795288086,22.272214889526367,1.6793053150177002
1,459353,-24.438114166259766,-6.819401741027832,0.8799670338630676,8.798590660095215
1,459353,-0.29187285900115967,-21.62152671813965,-14.585728645324707,2.8477978706359863
1,459354,9.129655838012695,-14.144441604614258,8.701231956481934,3.8469152450561523
1,459354,-12.099054336547852,-0.42870602011680603,4.987666606903076,0.10152021050453186
1,459354,6.383728981018066,4.321534156799316,-27.80588722229004,1.381899356842041
1,459354,14.484598159790039,5.207708358764648,-3.4301917552948,27.05954360961914
1,459354,6.487886905670166,4.117074012756348,27.070545196533203,14.572833061218262
1,459354,0.019898436963558197,-5.734959125518799,5.2407426834106445,-3.4552011489868164
1,459355,13.200568199157715,5.899796962738037,-13.433073043823242,24.115379333496094
1,459355,19.026016235351562,21.331018447875977,-2.9049243927001953,18.583986282348633
1,459355,-23.84450340270996,-4.669057369232178,7.2090983390808105,-12.783880233764648
1,459355,-7.22788667678833,2.6008379459381104,11.217440605163574,-3.8277289867401123
1,459355,35.93508529663086,4.8542866706848145,2.630615711212158,7.772555828094482
1,459357,-43.71831512451172,-34.96096420288086,-32.429988861083984,-16.809911727905273
1,459357,-68.9094009399414,-34.35462951660156,-33.68107223510742,-27.644350051879883
1,459357,13.825020790100098,17.665512084960938,18.60062599182129,0.2103852927684784
1,459357,35.43508529663086,29.71662139892578,30.34763526916504,-0.32864120602607727
1,459357,4.4014692306518555,-7.964953899383545,-11.051156044006348,-10.479681968688965
1,459357,-14.177128791809082,-11.09826374053955,-22.954999923706055,8.578577041625977
1,459359,0.3065617084503174,37.471683502197266,18.328737258911133,14.178380012512207
1,459360,-2.0202834606170654,15.168939590454102,2.3570001125335693,24.998266220092773
1,459361,19.866653442382812,-32.74252700805664,-12.069051742553711,5.441027641296387
1,459364,36.4847297668457,7.761265754699707,17.6585693359375,-45.77504348754883
1,459365,-0.588238000869751,31.10942840576172,5.694836139678955,-18.801755905151367
1,459368,-0.32678478956222534,19.32390022277832,14.14340591430664,21.521709442138672
1,459369,19.33729362487793,-10.02428150177002,5.4097514152526855,-3.2273833751678467
1,459372,-19.398704528808594,-50.49156188964844,-33.6308708190918,-22.004472732543945
1,459373,-37.63704299926758,-29.248411178588867,-19.768898010253906,20.29880142211914
1,459376,16.379941940307617,35.20602035522461,49.54704666137695,37.56572723388672
1,459377,6.870636940002441,20.087600708007812,27.051708221435547,-28.439619064331055
1,459380,-19.987485885620117,-40.1709098815918,-32.75812530517578,-44.99663162231445
1,459381,25.912033081054688,3.833176851272583,-16.446395874023438,3.7962491512298584
1,459384,3.909113883972168,34.85654067993164,-22.007822036743164,56.854427337646484
1,459385,-56.52701187133789,-13.181618690490723,-13.030628204345703,26.095706939697266
1,459388,15.245043754577637,-5.299093723297119,37.8397216796875,3.345414638519287
1,459390,27.41378402709961,-9.555471420288086,24.371000289916992,27.649560928344727
1,459392,-2.7886509895324707,-2.0318167209625244,-34.933807373046875,-5.493155479431152
1,459394,38.567813873291016,37.97325897216797,-3.444873332977295,-30.816307067871094
1,459396,-19.933326721191406,-4.219119071960449,22.189924240112305,-89.21984100341797
1,459398,-41.10955810546875,-20.79726791381836,5.813614368438721,-31.307125091552734
1,459400,-0.2778288424015045,3.371385335922241,-9.13879108428955,70.50572967529297
1,459402,5.498970031738281,-10.335765838623047,-21.36289405822754,26.90703582763672
1,459543,6.169701099395752,-7.095774173736572,3.2296266555786133,-16.862354278564453
1,459543,-20.978736877441406,-2.3345837593078613,2.8552541732788086,-5.2487874031066895
1,459543,3.352739095687866,12.948881149291992,7.258758068084717,11.187337875366211
1,459543,24.60951042175293,3.7696914672851562,10.293429374694824,-7.00269079208374
1,459544,-4.174786567687988,-17.925609588623047,-15.44571590423584,13.171417236328125
1,459544,4.8954668045043945,20.504619598388672,-11.47008991241455,20.40630531311035
1,459544,1.8338160514831543,5.585306644439697,12.232093811035156,0.8700565099716187
1,459544,-7.440342426300049,-21.030471801757812,4.42823600769043,22.75131607055664
1,459544,13.188444137573242,19.24248504638672,-4.675729274749756,-5.830475330352783
1,459544,5.132382392883301,7.157632827758789,8.53515625,-36.71483612060547
1,459545,-6.15534782409668,-27.14857292175293,7.396544456481934,-8.121850967407227
1,459545,6.729104042053223,7.888627529144287,6.107698917388916,-3.8596017360687256
1,459545,-10.292231559753418,24.724567413330078,14.96834659576416,-14.58132553100586
1,459545,-0.8301613330841064,-10.803577423095703,-11.32435131072998,2.8639919757843018
1,459545,6.436509132385254,-6.656989097595215,-13.300189018249512,-5.337678909301758
1,459546,-13.70761775970459,15.583897590637207,16.120119094848633,-19.00090980529785
1,459546,7.2083024978637695,-9.713637351989746,-14.555560111999512,12.235832214355469
1,459546,-6.403443336486816,-26.405397415161133,-29.064626693725586,24.851917266845703
1,459546,-25.8515682220459,-10.732178688049316,16.97197151184082,-1.6922742128372192
1,459546,21.345809936523438,7.648725509643555,20.16847801208496,-20.376270294189453
1,459546,27.307395935058594,19.214580535888672,-22.185766220092773,-2.4059295654296875
1,459547,-13.582232475280762,11.507723808288574,3.9495017528533936,14.769105911254883
1,459547,-2.3162684440612793,10.021764755249023,13.025141716003418,-13.56049633026123
1,459547,12.142647743225098,0.5032802224159241,-15.678326606750488,-1.7290760278701782
1,459547,-12.902676582336426,-12.125704765319824,13.690973281860352,26.964988708496094
1,459547,-16.7701473236084,-10.88507080078125,-5.8115434646606445,5.762271404266357
1,459547,5.637002944946289,-9.990827560424805,-15.851095199584961,4.515200614929199
1,459548,8.458111763000488,15.616159439086914,22.65937042236328,6.407343864440918
1,459548,-10.29323673248291,13.373501777648926,9.864789009094238,0.7978302836418152
1,459548,-9.587089538574219,-0.05849089100956917,-17.1898136138916,-10.618138313293457
1,459548,20.979480743408203,-22.339317321777344,-30.086910247802734,4.410238742828369
1,459548,-8.021012306213379,-25.054161071777344,17.833168029785156,18.059619903564453
1,459549,-18.46714973449707,21.58881187438965,34.722354888916016,-10.961748123168945
1,459549,25.01563262939453,-2.330170154571533,-23.92800521850586,0.444987416267395
1,459549,3.374302625656128,-10.962067604064941,-11.76783275604248,-3.608079195022583
1,459549,3.0603761672973633,18.00996971130371,-0.1894516944885254,-17.753387451171875
1,459549,8.92667293548584,-10.43092155456543,-15.143033981323242,7.683217525482178
1,459549,-20.93153953552246,-24.210533142089844,5.594748497009277,5.585188388824463
1,459549,-2.1087989807128906,21.95755386352539,9.571356773376465,-12.730548858642578
1,459550,15.605436325073242,28.923925399780273,3.1193642616271973,-17.726884841918945
1,459550,0.06018096208572388,-8.744132995605469,3.983391761779785,11.346776962280273
1,459550,-1.0600355863571167,-15.75208568572998,17.748493194580078,31.374038696289062
1,459550,16.422075271606445,11.369396209716797,4.496359348297119,-15.580194473266602
1,459550,12.867349624633789,18.62345314025879,-24.898080825805664,-17.38593101501465
1,459550,-16.358600616455078,-16.562702178955078,-1.8217685222625732,25.527618408203125
1,459551,1.0568482875823975,-1.2449736595153809,22.767831802368164,11.51202392578125
1,459551,11.548264503479004,24.896183013916016,17.043081283569336,-12.42516803741455
1,459551,-30.05843162536621,-4.791667461395264,2.0575003623962402,-12.058765411376953
1,459551,-9.91622543334961,-20.254207611083984,-6.161455154418945,23.54388427734375
1,459551,23.426828384399414,2.4148519039154053,-4.071676731109619,17.16307258605957
1,459552,-3.357093095779419,0.2139621376991272,3.988746166229248,-40.47996139526367
1,459552,-19.204551696777344,-7.819478988647461,-8.937740325927734,-19.116405487060547
1,459552,-3.4622957706451416,6.545989513397217,-8.330658912658691,16.590394973754883
1,459552,0.8919553756713867,18.801082611083984,19.616411209106445,2.5199406147003174
1,459552,9.13003921508789,3.2900590896606445,-1.7871516942977905,-13.890253067016602
1,459552,8.417220115661621,-6.035283088684082,-39.03913879394531,-2.2126119136810303
1,459553,-9.471640586853027,-3.6579973697662354,-20.297544479370117,22.878110885620117
1,459553,2.9350249767303467,-11.477621078491211,22.30858612060547,-0.30267903208732605
1,459553,6.90762996673584,0.549411952495575,9.608048439025879,-18.428701400756836
1,459553,6.778039932250977,-4.1724653244018555,-12.532312393188477,6.486556529998779
1,459553,-2.6205978393554688,-2.255310297012329,-4.564664840698242,5.892457008361816
1,459553,-19.62545394897461,-5.3279595375061035,5.00023078918457,-3.4170830249786377
1,459554,3.967440128326416,-20.97455406188965,-7.530934810638428,0.008549625054001808
1,459554,5.095235347747803,7.398825645446777,-15.907275199890137,-0.17640464007854462
1,459554,-5.7639970779418945,18.23463249206543,20.034704208374023,0.37256091833114624
1,459554,-3.3649468421936035,7.071835994720459,20.595857620239258,-6.459310054779053
1,459554,-13.753230094909668,-4.739053249359131,-5.409738540649414,-16.647085189819336
1,459554,5.79045295715332,-8.344287872314453,-9.701568603515625,-14.64517593383789
1,459555,13.260690689086914,1.1894711256027222,-3.2316086292266846,28.914796829223633
1,459555,-21.63819694519043,1.5001420974731445,6.358917713165283,12.268900871276855
1,459556,-17.579307556152344,11.239346504211426,19.962242126464844,-27.844545364379883
1,459556,23.502824783325195,9.59842586517334,25.937602996826172,13.205286026000977
1,459556,24.0908145904541,-1.7404558658599854,-14.051738739013672,15.546815872192383
1,459557,-14.70925521850586,-12.445324897766113,-20.127655029296875,-3.784003734588623
1,459557,-0.23262734711170197,12.309744834899902,15.990849494934082,-3.975205898284912
1,459557,24.78214454650879,16.187692642211914,-3.078061103820801,13.585766792297363
1,459557,-5.882514953613281,-21.601621627807617,-11.36717414855957,15.593047142028809
1,459558,0.03471104055643082,-3.2499008178710938,8.295196533203125,-25.235679626464844
1,459560,15.976414680480957,-5.478936672210693,-11.596023559570312,-17.197528839111328
1,459562,-11.71567440032959,0.01812875084578991,-14.707734107971191,62.16831588745117
1,459564,-23.665142059326172,9.660463333129883,-2.271851062774658,-8.122977256774902
1,459566,-20.71175765991211,-23.98699378967285,-16.91891860961914,-61.32854461669922
1,459568,22.324430465698242,25.068525314331055,8.725712776184082,43.86765670776367
1,459571,48.97917175292969,30.228193283081055,33.05039978027344,-2.2474279403686523
1,459572,-24.74284553527832,-32.59796905517578,-14.113809585571289,-42.267494201660156
1,459575,-32.03223419189453,-29.439477920532227,-7.188061237335205,7.5120625495910645
1,459576,15.692530632019043,-3.5671579837799072,32.087913513183594,24.025901794433594
1,459579,0.30815115571022034,31.981130599975586,8.258627891540527,38.78660202026367
1,459580,-8.056883811950684,-23.70993995666504,-36.40365219116211,20.062471389770508
1,459583,6.1733808517456055,-34.883567810058594,-9.86438274383545,-88.36083221435547
1,459584,8.88741397857666,70.21958923339844,39.48584747314453,-59.43164825439453
1,459585,3.2516229152679443,0.554452657699585,-28.356584548950195,70.72868347167969
1,459588,-8.293554306030273,-48.380821228027344,-10.139513969421387,24.986820220947266
1,459589,-16.81612777709961,24.01518440246582,54.18840789794922,-6.410577297210693
1,459592,16.296829223632812,29.13164520263672,-30.242679595947266,-17.255596160888672
1,459593,6.990856170654297,-7.6078643798828125,-42.77043533325195,-23.71051597595215
1,459596,-26.785404205322266,-13.712708473205566,27.85072135925293,8.896728515625
1,459597,17.67747688293457,31.009384155273438,33.106571197509766,-8.371111869812012
1,459600,36.83998107910156,-5.594221591949463,-24.049531936645508,7.456907272338867
1,459601,-34.3759765625,-53.17369079589844,-34.36396026611328,62.04380798339844
1,459753,-48.95530319213867,28.52277946472168,29.44598388671875,20.788938522338867
1,459753,44.83543395996094,45.38119125366211,22.549861907958984,-48.11301803588867
1,459753,35.379676818847656,-43.68511199951172,-5.410537242889404,-12.533089637756348
1,459753,-32.521793365478516,-19.495777130126953,-6.051046848297119,6.7584028244018555
1,459754,-24.828842163085938,19.275636672973633,-16.8513240814209,15.001317977905273
1,459754,-7.252444744110107,-3.713850975036621,1.1099071502685547,17.826562881469727
1,459754,18.14419174194336,-8.249571800231934,-3.304658889770508,-22.919689178466797
1,459754,17.631731033325195,-11.215086936950684,-9.610063552856445,-23.075315475463867
1,459754,-5.058037281036377,3.7459840774536133,8.821451187133789,5.004632949829102
1,459754,-2.806975841522217,9.883800506591797,9.460047721862793,12.66678524017334
1,459755,6.75433874130249,11.326565742492676,6.026522159576416,-8.541446685791016
1,459755,6.506630897521973,-7.263505935668945,-3.488135576248169,-15.481414794921875
1,459755,-0.4540085792541504,-19.97692108154297,-10.976326942443848,8.833638191223145
1,459755,5.776249408721924,13.739707946777344,-0.5122774243354797,8.008883476257324
1,459755,-19.812429428100586,2.9873788356781006,7.494174957275391,-20.656005859375
1,459755,-18.82693862915039,-10.657709121704102,-10.773811340332031,3.7252304553985596
1,459756,19.534730911254883,24.93118667602539,-2.033304452896118,23.749038696289062
1,459756,13.40755558013916,22.156536102294922,29.838241577148438,-8.1415433883667
1,459756,3.4068500995635986,-14.46507453918457,13.873161315917969,-17.817678451538086
1,459756,4.899420738220215,-32.195159912109375,-7.843723773956299,-0.13998588919639587
1,459756,-7.80133581161499,4.278064727783203,-8.915663719177246,12.093767166137695
1,459757,-12.04906177520752,42.18829345703125,3.7321481704711914,10.92894172668457
1,459757,15.440898895263672,1.6185805797576904,12.764480590820312,-3.426098346710205
1,459757,12.184908866882324,-21.595603942871094,-19.485876083374023,-8.758649826049805
1,459757,-17.79148292541504,-12.333097457885742,-6.94474983215332,25.822580337524414
1,459757,-22.841459274291992,-18.776166915893555,25.71263313293457,10.280250549316406
1,459757,-1.4436652660369873,4.633642196655273,2.89638090133667,-28.92876434326172
1,459758,5.0298991203308105,40.13474655151367,-9.033669471740723,6.459262847900391
1,459758,7.614321708679199,6.976361274719238,-13.657230377197266,5.266922950744629
1,459758,14.6398344039917,-29.28902816772461,-6.618319988250732,-18.506542205810547
1,459758,-6.868100643157959,2.652108907699585,2.3246259689331055,8.734247207641602
1,459758,-12.030540466308594,1.6465116739273071,-2.783367156982422,7.588054656982422
1,459758,-1.5918831825256348,-29.317848205566406,2.6467630863189697,0.3682067394256592
1,459759,16.724933624267578,12.081811904907227,-7.502525806427002,3.647345542907715
1,459759,9.092853546142578,30.02663230895996,-3.2605137825012207,-7.711668014526367
1,459759,-28.229433059692383,-13.138567924499512,0.38182365894317627,3.917895793914795
1,459759,8.294047355651855,-6.27802848815918,-4.71024227142334,2.6271817684173584
1,459759,31.002511978149414,4.343220233917236,8.57766056060791,6.227467060089111
1,459759,-27.174713134765625,-4.16062068939209,-2.4822943210601807,16.240291595458984
1,459760,-18.594924926757812,6.365177154541016,-14.85798168182373,-22.257600784301758
1,459760,32.71431350708008,6.278827667236328,6.1137213706970215,-22.952922821044922
1,459760,-2.971907377243042,-5.246489524841309,12.054046630859375,4.361789703369141
1,459760,-32.50685501098633,-2.2759411334991455,-14.022392272949219,-6.749211311340332
1,459760,-3.699704885482788,-9.780657768249512,-0.5540280342102051,-6.4571213722229
1,459760,22.340248107910156,-1.275107502937317,12.690102577209473,15.88370132446289
1,459761,22.501731872558594,20.186275482177734,-18.997787475585938,-1.6626006364822388
1,459761,-12.17164134979248,5.8264899253845215,3.3603570461273193,-12.597558975219727
1,459761,-12.030386924743652,-11.132564544677734,27.416702270507812,25.47367286682129
1,459761,5.503853797912598,-15.755828857421875,-1.4599151611328125,1.2903043031692505
1,459761,4.45824670791626,-8.999006271362305,-3.036242723464966,-25.419395446777344
1,459761,-10.383886337280273,10.105870246887207,-0.2384471446275711,13.16154670715332
1,459762,-10.291894912719727,9.301766395568848,-10.238174438476562,10.975435256958008
1,459762,16.422319412231445,1.7163183689117432,20.09940528869629,-9.167562484741211
1,459762,3.992072582244873,-15.691041946411133,22.039840698242188,-1.28705632686615
1,459762,-0.3878779411315918,-11.168802261352539,-18.9397029876709,12.295522689819336
1,459762,5.199355602264404,37.64107131958008,3.211822986602783,11.301189422607422
1,459762,-7.839995384216309,12.132139205932617,8.97701358795166,-17.686323165893555
1,459763,3.2661187648773193,-12.698954582214355,-14.005716323852539,-16.710874557495117
1,459763,2.481654644012451,6.441863059997559,0.531116783618927,28.816661834716797
1,459763,-8.270373344421387,-9.481294631958008,3.4850668907165527,27.7633056640625
1,459763,3.2856411933898926,-10.860325813293457,-9.447430610656738,-22.149803161621094
1,459763,2.3223414421081543,-8.30268669128418,-12.094067573547363,-8.242181777954102
1,459763,-5.741246700286865,4.920773029327393,-9.9000825881958,16.873228073120117
1,459764,-15.300731658935547,-2.3044238090515137,5.48134708404541,-5.080190658569336
1,459764,-13.6609525680542,-17.551748275756836,5.339382171630859,-14.599447250366211
1,459764,9.013980865478516,2.592421293258667,-17.21200180053711,-30.256961822509766
1,459764,9.517415046691895,-5.94948148727417,-3.2475028038024902,-17.61444664001465
1,459764,-0.16303537786006927,0.35865938663482666,15.82834529876709,26.5537052154541
1,459765,-0.5841904282569885,33.063697814941406,12.203059196472168,21.788270950317383
1,459765,1.6610774993896484,11.633310317993164,-13.424088478088379,-15.428645133972168
1,459765,10.952706336975098,-11.725607872009277,-3.8076891899108887,7.1808319091796875
1,459765,12.003929138183594,13.555057525634766,17.291431427001953,24.039894104003906
1,459765,3.3202555179595947,5.425052642822266,2.6256959438323975,-17.24451446533203
1,459765,6.82894229888916,-3.664297103881836,-6.955563545227051,-1.9240045547485352
1,459766,1.1611642837524414,-8.02611255645752,5.296113967895508,36.23753356933594
1,459767,-1.821753740310669,-30.707307815551758,11.285209655761719,-1.7694177627563477
1,459767,-7.262172698974609,-11.572729110717773,-12.089395523071289,-39.799835205078125
1,459767,-27.598316192626953,15.688813209533691,-3.5330140590667725,3.6136085987091064
1,459767,-5.917658805847168,8.936695098876953,7.034233570098877,11.843567848205566
1,459768,18.402320861816406,-7.792511940002441,-1.4337819814682007,-31.22840690612793
1,459768,-3.205207347869873,1.7849366664886475,-8.172883033752441,-9.270201683044434
1,459768,-13.937775611877441,-0.19530510902404785,-10.004705429077148,14.691036224365234
1,459769,8.25599193572998,9.019827842712402,6.631903171539307,2.176807403564453
1,459771,-0.15820418298244476,11.366572380065918,15.802270889282227,-2.2353460788726807
1,459772,-7.008071422576904,-7.549807071685791,-19.058069229125977,4.0675368309021
1,459775,15.94131851196289,-9.231114387512207,-5.541314125061035,-2.433748960494995
1,459776,3.356081485748291,-9.616151809692383,38.57880783081055,-9.0410795211792
1,459779,4.342255115509033,23.11711311340332,-5.92382287979126,-37.29494094848633
1,459780,10.143329620361328,22.999162673950195,-2.5684595108032227,-15.16337776184082
1,459783,5.811274528503418,2.020066738128662,5.2817277908325195,89.63777160644531
1,459784,-3.236039876937866,-22.724838256835938,-53.06551742553711,30.221769332885742
1,459787,-30.77543830871582,-41.16850280761719,3.2648086547851562,-50.06644821166992
1,459788,6.508171081542969,12.686951637268066,45.20873260498047,-14.52205753326416
1,459791,9.905739784240723,31.601625442504883,-18.414199829101562,-14.91128921508789
1,459792,-16.738374710083008,17.77375030517578,-3.636281967163086,-10.056620597839355
1,459795,0.70049649477005,-18.529111862182617,7.340351104736328,49.78580093383789
1,459796,-11.68237018585205,-73.31922149658203,-35.42350387573242,38.30188751220703
1,459799,21.245853424072266,28.38885498046875,41.839324951171875,-17.07535743713379
1,459800,23.71396255493164,76.31877136230469,56.71733093261719,9.820331573486328
1,459803,-19.233562469482422,-30.365755081176758,-66.79745483398438,5.736191749572754
1,459804,4.237307548522949,-19.22233009338379,-26.870834350585938,-49.69259262084961
1,459807,-1.4141764640808105,-6.141644477844238,38.537933349609375,-5.361681938171387
1,459808,5.954385280609131,-12.267409324645996,-1.9762991666793823,39.890323638916016
1,459811,8.619802474975586,34.63762664794922,0.808853030204773,-47.16109085083008
1,459812,-23.49365234375,7.115553855895996,-6.790048122406006,-23.24866485595703
1,459815,-11.948845863342285,-19.642257690429688,-12.690653800964355,49.80147933959961
1,459816,3.875006914138794,7.869416236877441,-1.4631246328353882,-1.978735089302063
1,459977,5.8073649406433105,4.136949062347412,2.6872775554656982,-36.05390167236328
1,459977,-8.679524421691895,-22.175987243652344,35.235877990722656,-0.004829034209251404
1,459977,5.989760398864746,6.962796211242676,-8.371079444885254,8.160981178283691
1,459977,17.129108428955078,25.079267501831055,-20.11131477355957,-8.74565601348877
1,459977,-19.80338478088379,-22.055965423583984,34.58409118652344,19.005844116210938
1,459978,1.840053915977478,-7.693746566772461,2.3043999671936035,9.055883407592773
1,459978,22.401866912841797,7.803278923034668,-27.53728675842285,3.7423856258392334
1,459978,-17.33500099182129,-19.622495651245117,-9.308710098266602,17.255603790283203
1,459978,-18.711627960205078,7.449732303619385,5.6909708976745605,-16.070783615112305
1,459978,2.2110211849212646,-0.5599837303161621,-10.824872016906738,-7.450544357299805
1,459978,6.426264762878418,-23.327030181884766,-8.657068252563477,20.97856903076172
1,459979,-10.081618309020996,15.32316780090332,-1.195359230041504,-0.0008434997871518135
1,459979,0.32027095556259155,16.13597869873047,-11.130685806274414,-13.889766693115234
1,459979,11.322630882263184,-8.805824279785156,16.832582473754883,13.85525894165039
1,459979,-3.2489287853240967,11.48920726776123,10.257808685302734,2.4389889240264893
1,459979,17.002592086791992,21.30939292907715,-4.447772979736328,-18.659072875976562
1,459980,12.104080200195312,3.2913014888763428,10.076069831848145,15.46461296081543
1,459980,-6.815252780914307,-13.759481430053711,-2.818542003631592,5.501572132110596
1,459980,11.071179389953613,8.132120132446289,-8.407079696655273,-18.42605972290039
1,459980,13.5709867477417,22.684629440307617,9.429851531982422,5.076662063598633
1,459980,1.1573994159698486,-9.716822624206543,10.57856273651123,-3.888777494430542
1,459980,-1.7319105863571167,-12.392014503479004,-16.140939712524414,-12.001296043395996
1,459981,-10.577108383178711,2.168368339538574,-2.192401647567749,6.52070951461792
1,459981,-2.3693912029266357,2.3696084022521973,11.106354713439941,-9.88059139251709
1,459981,-5.466752052307129,-23.0367431640625,-3.7929129600524902,-23.125925064086914
1,459981,-24.51227378845215,-15.237279891967773,12.068246841430664,13.59160327911377
1,459981,0.7317318916320801,13.550653457641602,6.1013007164001465,40.97932434082031
1,459981,14.401243209838867,15.628095626831055,-12.096827507019043,-15.574884414672852
1,459982,-3.6897873878479004,-7.626060962677002,-9.291595458984375,-15.672892570495605
1,459982,-14.649771690368652,-6.991699695587158,0.27007660269737244,19.744304656982422
1,459982,4.154078960418701,16.81017303466797,16.441791534423828,-20.524747848510742
1,459982,15.72078800201416,-8.324361801147461,2.5815160274505615,-10.871618270874023
1,459982,0.775100827217102,-15.237911224365234,-18.59149742126465,9.775742530822754
1,459982,-11.69587230682373,-3.1732900142669678,-3.2502901554107666,5.567214488983154
1,459983,-11.255971908569336,18.42498016357422,-0.9686561226844788,17.31169319152832
1,459983,22.16108512878418,10.724472045898438,1.1740033626556396,6.354659557342529
1,459983,13.672840118408203,-15.692444801330566,12.87529182434082,-18.084375381469727
1,459983,-9.894559860229492,9.717863082885742,-19.9340877532959,-11.503278732299805
1,459983,0.6877804398536682,13.969677925109863,-13.396309852600098,9.439644813537598
1,459984,-7.9575114250183105,-26.36385154724121,16.042165756225586,17.675857543945312
1,459984,-7.290620803833008,-11.805741310119629,3.739863395690918,-5.978560447692871
1,459984,-8.097527503967285,19.544872283935547,2.7026126384735107,-30.912492752075195
1,459984,-12.99046516418457,-19.732831954956055,-2.219505548477173,15.686899185180664
1,459984,11.230391502380371,-17.204652786254883,-7.273017406463623,35.22580337524414
1,459984,17.278047561645508,26.770870208740234,2.963935375213623,-7.6238508224487305
1,459985,1.1371463537216187,7.703647613525391,15.611198425292969,-18.099834442138672
1,459985,-0.31419503688812256,-3.6952619552612305,16.634098052978516,-14.918550491333008
1,459985,-8.32568645477295,7.159409523010254,-0.31442657113075256,-4.979521751403809
1,459985,-19.29546356201172,-7.207456111907959,-23.80171012878418,9.052047729492188
1,459985,0.8717713952064514,2.350796937942505,-9.0247802734375,-7.846668720245361
1,459985,21.6678409576416,3.9794857501983643,12.540390014648438,-10.1143217086792
1,459985,11.531476020812988,3.213972330093384,-13.027823448181152,-0.8131144046783447
1,459986,-0.9903027415275574,18.72564697265625,-10.630104064941406,4.288445949554443
1,459986,-5.952381610870361,-7.516279220581055,9.40364933013916,3.489699602127075
1,459986,-6.8253278732299805,-22.583118438720703,-9.477293014526367,-9.6785888671875
1,459986,-9.920857429504395,-5.733098030090332,-6.468428134918213,13.137088775634766
1,459986,-4.148172378540039,-5.988595962524414,28.43756675720215,22.257354736328125
1,459987,14.371697425842285,2.5824856758117676,10.469406127929688,-6.851839065551758
1,459987,10.948748588562012,20.027828216552734,-19.426136016845703,-5.099975109100342
1,459987,-0.55731201171875,-2.4416394233703613,1.6391658782958984,13.23808479309082
1,459987,-11.848255157470703,-30.03420066833496,2.518094778060913,10.264787673950195
1,459987,-15.899685859680176,0.6784928441047668,-2.436584234237671,12.259420394897461
1,459987,8.814419746398926,37.01808547973633,15.53689193725586,-6.044320583343506
1,459988,27.375600814819336,12.898493766784668,11.693735122680664,-14.185145378112793
1,459988,4.901087284088135,-25.455400466918945,5.018631458282471,25.745948791503906
1,459988,-0.8255689740180969,-4.903435707092285,3.545398473739624,-2.098698139190674
1,459988,12.501731872558594,15.497693061828613,-7.181623458862305,-37.79820251464844
1,459988,-12.775102615356445,-8.197786331176758,-6.287060737609863,17.442886352539062
1,459988,-24.554931640625,12.57425594329834,-4.418790817260742,23.759016036987305
1,459989,11.606293678283691,13.016609191894531,2.0684866905212402,-35.63656997680664
1,459989,19.26656723022461,-33.393470764160156,-1.4535382986068726,-23.412391662597656
1,459989,-37.05055618286133,-15.668801307678223,-10.40733814239502,-0.7289379239082336
1,459989,-21.050518035888672,24.358736038208008,-1.4023486375808716,-4.582308292388916
1,459989,30.100025177001953,4.657894611358643,-5.950870037078857,8.823250770568848
1,459989,-5.806074142456055,-17.738189697265625,-0.9051178693771362,-4.730120658874512
1,459990,-3.9165701866149902,3.6816132068634033,-1.670157790184021,-11.615540504455566
1,459990,8.309925079345703,8.239860534667969,-2.0273303985595703,12.257220268249512
1,459990,-19.65340805053711,-12.399842262268066,9.90323257446289,19.58292007446289
1,459990,19.82755470275879,4.323703765869141,-4.612340927124023,14.83291244506836
1,459990,36.2718391418457,26.749269485473633,-7.11737585067749,3.208620309829712
1,459992,-1.1412737369537354,-19.156944274902344,-6.542093276977539,14.020868301391602
1,459992,6.018003463745117,-28.317625045776367,6.1303887367248535,16.021377563476562
1,459992,-10.391497611999512,16.262317657470703,11.251785278320312,-24.896957397460938
1,459992,-28.931961059570312,10.940749168395996,-24.83816909790039,-11.114940643310547
1,459992,-2.9942803382873535,-10.214540481567383,5.6578216552734375,0.4419246017932892
1,459992,-7.640394687652588,7.837929725646973,35.858612060546875,-4.668409824371338
1,459993,-0.6080886125564575,9.709843635559082,-10.039650917053223,0.6926509141921997
1,459993,9.58986759185791,-24.242189407348633,-32.526397705078125,-13.637380599975586
1,459994,-11.327217102050781,-15.404431343078613,-1.7026934623718262,-14.608831405639648
1,459995,8.214702606201172,31.47317123413086,29.05521583557129,-27.8289794921875
1,459998,-1.4727318286895752,28.07589340209961,32.8643798828125,3.286991596221924
1,459999,-7.4277262687683105,-9.784907341003418,4.452883720397949,29.749095916748047
1,460002,30.01136589050293,-14.996257781982422,-18.245468139648438,-2.0261244773864746
1,460003,-4.7380690574646,-19.582693099975586,-17.140260696411133,13.895830154418945
1,460006,-26.605884552001953,0.10063296556472778,-17.232545852661133,-0.5251560211181641
1,460007,7.760679721832275,19.761444091796875,16.966035842895508,-4.9910383224487305
1,460010,31.35453224182129,12.661476135253906,2.599120855331421,27.171735763549805
1,460011,7.720445156097412,30.84183692932129,-4.0449676513671875,-6.160113334655762
1,460014,-27.194101333618164,-10.362881660461426,32.277061462402344,13.797616958618164
1,460015,-17.329769134521484,-72.05300903320312,-24.90560531616211,5.521413803100586
1,460018,0.5777208805084229,-12.050819396972656,-23.459152221679688,-31.266923904418945
1,460019,17.034189224243164,49.0882453918457,32.87034606933594,20.953147888183594
1,460022,4.785412788391113,14.20889663696289,2.4124820232391357,2.289036512374878
1,460023,-15.063311576843262,-4.596054553985596,-20.501482009887695,-32.3284797668457
1,460026,-2.432168483734131,-2.1142520904541016,-5.761848449707031,20.60450553894043
1,460027,17.003583908081055,-16.411100387573242,-5.468962669372559,19.487730026245117
1,460030,10.271821975708008,8.234526634216309,-6.468611717224121,-48.2684326171875
1,460031,-23.747203826904297,18.475910186767578,9.33916187286377,-25.03765296936035
1,460034,-5.9496636390686035,-19.242719650268555,-1.4194432497024536,43.06886291503906
1,460035,11.727679252624512,-20.877233505249023,6.378622055053711,28.993871688842773
1,460038,9.777664184570312,17.91354751586914,17.580123901367188,-15.620716094970703
1,460039,1.8122202157974243,23.550167083740234,6.555935859680176,-43.269065856933594
1,460042,-21.49252700805664,6.85105562210083,-9.852202415466309,-4.032634258270264
1,460212,9.810818672180176,-15.170307159423828,-28.589889526367188,62.61896514892578
1,460212,14.390498161315918,-41.90384292602539,18.113277435302734,19.517074584960938
1,460212,-0.6901006698608398,-7.879630088806152,15.844202995300293,-41.05549621582031
1,460212,-9.339574813842773,30.745256423950195,-12.508243560791016,-16.61739730834961
1,460213,-19.556772232055664,9.545794486999512,-1.701671838760376,3.2642197608947754
1,460213,8.600022315979004,-10.893418312072754,-8.083874702453613,2.3646891117095947
1,460213,0.19550788402557373,-1.3331283330917358,-9.749284744262695,11.179712295532227
1,460213,-8.849346160888672,0.1957213580608368,-1.8403971195220947,-8.26431655883789
1,460213,14.223212242126465,-7.292492866516113,-2.2314043045043945,-7.872073173522949
1,460213,-0.7352563142776489,13.229942321777344,-13.366857528686523,-2.3402605056762695
1,460214,-4.775068759918213,13.692873001098633,27.523780822753906,-6.844030380249023
1,460214,2.2325894832611084,-11.839677810668945,35.705020904541016,11.822336196899414
1,460214,-8.773755073547363,3.7325191497802734,-12.352363586425781,-11.594501495361328
1,460214,13.38001537322998,6.938620090484619,-13.2876615524292,-10.071589469909668
1,460214,7.179689884185791,-16.212665557861328,-2.48996901512146,19.467187881469727
1,460215,-14.8147611618042,0.5570862293243408,-7.125929832458496,12.051953315734863
1,460215,6.6841959953308105,10.403627395629883,4.269547462463379,-4.036266326904297
1,460215,12.654745101928711,-8.956140518188477,15.192208290100098,-1.6299889087677002
1,460215,-16.547271728515625,-2.5747621059417725,-13.564489364624023,12.535308837890625
1,460215,-10.8009033203125,-2.4066944122314453,-16.23720932006836,-8.169682502746582
1,460215,12.980873107910156,4.846306800842285,12.348858833312988,-21.678136825561523
1,460216,-5.06704044342041,17.684833526611328,13.831100463867188,-10.781455993652344
1,460216,-0.16624897718429565,-26.804603576660156,-0.6356485486030579,6.9079813957214355
1,460216,6.5037360191345215,-18.29730224609375,-7.137656211853027,29.417072296142578
1,460216,2.081014633178711,22.979848861694336,10.885310173034668,17.531137466430664
1,460216,5.884824275970459,11.438668251037598,-0.384260356426239,-21.980730056762695
1,460216,-0.3101387917995453,6.33064603805542,-12.466343879699707,-10.722628593444824
1,460217,-7.892361640930176,-1.7866122722625732,5.473607540130615,10.87634563446045
1,460217,8.076101303100586,-1.0666252374649048,5.182491779327393,-2.9174935817718506
1,460217,12.316669464111328,4.756815433502197,-6.389339447021484,5.697790145874023
1,460217,-13.57683277130127,5.819108009338379,-16.16295051574707,4.701967239379883
1,460217,-1.973510503768921,-8.833359718322754,-9.570130348205566,13.863944053649902
1,460217,5.781611442565918,-6.778329849243164,9.203215599060059,-2.0367379188537598
1,460218,9.146502494812012,14.13897705078125,22.91608238220215,-10.268104553222656
1,460218,16.322731018066406,6.522693157196045,16.128862380981445,4.321924686431885
1,460218,-7.6646409034729,9.317854881286621,-11.247469902038574,-13.05774974822998
1,460218,-20.796993255615234,-26.425012588500977,-5.885376930236816,8.47736930847168
1,460218,-8.680956840515137,-19.232074737548828,16.693845748901367,9.185340881347656
1,460218,9.251657485961914,36.328617095947266,8.941895484924316,-14.693050384521484
1,460219,-0.11975990235805511,-6.829226016998291,-0.5342536568641663,-11.739587783813477
1,460219,-14.092289924621582,-41.901397705078125,-15.733681678771973,-6.603701114654541
1,460219,1.179427981376648,8.497160911560059,-7.722464561462402,3.3332037925720215
1,460219,3.9580495357513428,25.650053024291992,7.8973188400268555,5.427402973175049
1,460219,5.020787715911865,-9.92688274383545,-7.0257887840271,-1.6027206182479858
1,460219,-20.74518394470215,-4.899632453918457,-12.31961441040039,-6.516296863555908
1,460220,-10.236284255981445,14.165797233581543,-26.84476089477539,-15.509514808654785
1,460220,42.75202178955078,4.126168727874756,-9.155818939208984,2.6111717224121094
1,460220,-1.5635442733764648,-6.332458972930908,28.969131469726562,26.333946228027344
1,460220,-21.711477279663086,-6.223039150238037,1.3767775297164917,9.568144798278809
1,460220,23.203861236572266,-9.827658653259277,-15.86745548248291,-12.563535690307617
1,460220,2.2505102157592773,0.44369229674339294,0.6186241507530212,7.340190410614014
1,460221,-32.471473693847656,14.857837677001953,14.972917556762695,17.711307525634766
1,460221,6.818786144256592,-11.540143966674805,-2.2580580711364746,-7.34581184387207
1,460221,22.471227645874023,-4.199559211730957,-20.625276565551758,-6.762688636779785
1,460221,-14.852805137634277,17.698152542114258,13.03298568725586,3.4061951637268066
1,460221,-3.632852077484131,-14.430523872375488,7.491179466247559,-0.2113744020462036
1,460221,9.789961814880371,-4.201727390289307,-12.570928573608398,-2.004693031311035
1,460222,-17.909364700317383,25.682842254638672,4.5946831703186035,-6.512669086456299
1,460222,5.186337471008301,-1.5926055908203125,23.490018844604492,-10.321005821228027
1,460222,23.07076072692871,-6.040896415710449,10.885028839111328,-7.276815414428711
1,460222,-24.346843719482422,4.835194110870361,-18.662277221679688,-2.416757345199585
1,460222,-6.604644775390625,-14.92982292175293,-2.248497724533081,16.42194938659668
1,460223,26.4819393157959,4.383719444274902,8.83716106414795,11.470159530639648
1,460223,6.086984634399414,18.529495239257812,1.3544374704360962,-6.856956958770752
1,460223,-12.424321174621582,-8.130194664001465,13.852391242980957,9.625021934509277
1,460223,-8.721555709838867,-3.111616611480713,7.245108127593994,3.286107063293457
1,460223,15.444995880126953,8.432392120361328,-13.061567306518555,-10.6162691116333
1,460223,16.37601661682129,0.5135067105293274,-15.890172004699707,9.858447074890137
1,460224,-17.213146209716797,0.09626906365156174,-2.98165225982666,12.628653526306152
1,460224,-12.3202543258667,-5.521617412567139,17.059301376342773,-8.590958595275879
1,460224,24.363834381103516,2.141688823699951,4.346761226654053,-19.74479103088379
1,460224,6.507788181304932,3.748415946960449,-33.22570037841797,-5.8487420082092285
1,460224,-23.75653076171875,-10.338177680969238,-8.709272384643555,-5.485384941101074
1,460224,-18.828157424926758,-0.9013920426368713,20.24960708618164,-13.165596008300781
1,460225,10.340485572814941,-8.061094284057617,-9.191221237182617,-6.020395278930664
1,460225,2.1036105155944824,-12.970293045043945,-7.117591857910156,3.6887741088867188
1,460225,-16.709945678710938,6.255462169647217,9.598270416259766,1.0607935190200806
1,460225,10.554483413696289,12.790369987487793,1.688677191734314,0.0499957837164402
1,460225,4.967033863067627,-2.4585838317871094,4.2343854904174805,3.775251626968384
1,460225,-15.889007568359375,-25.914466857910156,7.982021808624268,-10.618571281433105
1,460226,-6.962767601013184,-2.3539047241210938,-18.435049057006836,-0.42004624009132385
1,460226,6.581916332244873,29.617721557617188,-16.3077392578125,10.245185852050781
1,460226,10.000056266784668,-2.789569854736328,28.473752975463867,10.021483421325684
1,460226,7.244849681854248,-15.57872486114502,15.297754287719727,0.5764666199684143
1,460226,5.60983943939209,5.007756233215332,-23.71090316772461,12.74587631225586
1,460228,4.58766508102417,14.150278091430664,7.684237003326416,29.4709415435791
1,460228,2.753007411956787,10.287989616394043,25.464216232299805,5.808534145355225
1,460228,-5.778129577636719,-17.624725341796875,-10.77070426940918,-9.38679027557373
1,460228,12.740065574645996,-6.788668632507324,-9.697039604187012,-9.957509994506836
1,460228,13.565269470214844,26.69383430480957,-5.418094635009766,7.5629987716674805
1,460228,-35.63081359863281,11.180947303771973,13.270500183105469,10.868782043457031
1,460229,-21.479394912719727,-15.186919212341309,20.49314308166504,-9.974019050598145
1,460229,28.951473236083984,-14.675045013427734,-19.61741065979004,-18.959476470947266
1,460230,7.779176235198975,5.692645072937012,-17.890636444091797,-17.649324417114258
1,460231,-11.704902648925781,20.431642532348633,2.952775001525879,-7.307785987854004
1,460234,-13.61882209777832,-28.00100326538086,5.236839771270752,30.20254898071289
1,460235,-16.290979385375977,-38.620521545410156,2.8439197540283203,4.457342147827148
1,460238,15.91471004486084,24.118989944458008,10.851841926574707,-22.277454376220703
1,460239,28.679256439208984,31.138822555541992,3.934248924255371,0.4142219126224518
1,460242,3.072221517562866,0.015562738291919231,-30.097929000854492,-12.363487243652344
1,460243,-18.042644500732422,-1.9905320405960083,-11.465922355651855,0.9519767165184021
1,460246,6.309269905090332,-5.514297962188721,21.787973403930664,-1.5611369609832764
1,460247,13.583257675170898,-12.694803237915039,7.665073394775391,10.109718322753906
1,460250,-9.009061813354492,18.87347984313965,-0.7661992907524109,24.204538345336914
1,460251,-11.573948860168457,-5.156210899353027,-20.472227096557617,-7.352421283721924
1,460254,-12.632662773132324,-24.162656784057617,-5.846419811248779,-20.417491912841797
1,460255,1.14016592502594,25.393796920776367,53.36972427368164,0.9327569603919983
1,460258,10.714879989624023,-3.22682785987854,-7.013682842254639,9.118700981140137
1,460260,13.51884651184082,-21.257925033569336,-53.81678009033203,-18.54792594909668
1,460262,19.086517333984375,29.193525314331055,20.467863082885742,22.683740615844727
1,460264,-18.452295303344727,2.258146286010742,24.48202896118164,35.766029357910156
1,460266,-31.136018753051758,-25.012664794921875,-16.66057014465332,-11.6731538772583
1,460268,-0.8033223748207092,19.25728988647461,1.9874910116195679,-26.181867599487305
1,460270,22.96560287475586,17.058738708496094,1.617876648902893,-7.446391582489014
1,460272,17.435667037963867,-22.427505493164062,-27.550416946411133,20.295135498046875
1,460274,-16.803592681884766,-0.08421719819307327,31.198888778686523,-30.30804443359375
1,460276,-7.347862720489502,6.662548065185547,34.03223419189453,-14.64493465423584
1,460278,0.5145161151885986,-21.952388763427734,-53.71133041381836,38.01266098022461
1,460280,-6.5428853034973145,4.354903221130371,-15.762046813964844,-11.363576889038086
1,460461,10.911955833435059,12.932073593139648,43.70401382446289,-14.322834968566895
1,460461,2.0618045330047607,-12.880337715148926,-10.671526908874512,10.207785606384277
1,460461,-17.909820556640625,-0.7592319846153259,-23.902496337890625,-0.9861953854560852
1,460461,5.239971160888672,10.38790225982666,25.05956268310547,3.8665692806243896
1,460462,20.248952865600586,3.429574966430664,15.29736042022705,12.908416748046875
1,460462,-1.9063103199005127,-11.823644638061523,-22.713411331176758,2.543667793273926
1,460462,3.069253444671631,-13.09300422668457,-9.338622093200684,5.308456897735596
1,460462,-12.062719345092773,23.737266540527344,16.217004776000977,0.47564342617988586
1,460462,-16.02153778076172,31.00520133972168,3.8282642364501953,-30.32075309753418
1,460463,23.0164737701416,-14.223238945007324,-5.619664669036865,-8.671809196472168
1,460463,-0.05146010220050812,-31.25893783569336,-7.221755027770996,31.53291893005371
1,460463,-6.946003437042236,15.586511611938477,20.420392990112305,13.134015083312988
1,460463,3.8385796546936035,17.557907104492188,10.63795280456543,-22.267370223999023
1,460463,1.8048015832901,-24.337080001831055,-25.63983917236328,-3.805622100830078
1,460463,8.321985244750977,-7.770901679992676,-3.611630916595459,28.905376434326172
1,460464,-9.4144287109375,29.24306297302246,1.036226749420166,-3.3638012409210205
1,460464,-5.037056922912598,3.1051979064941406,-2.361138343811035,-21.585926055908203
1,460464,-1.7572258710861206,-29.81319236755371,5.805406093597412,5.5252838134765625
1,460464,-14.45627498626709,13.412930488586426,-2.335881471633911,1.7169361114501953
1,460464,5.1211137771606445,16.275733947753906,2.957484245300293,11.831399917602539
1,460464,13.54393482208252,-24.873046875,3.6586310863494873,21.695775985717773
1,460465,0.9144434928894043,-4.0662641525268555,-0.7664027214050293,-27.305559158325195
1,460465,8.53811264038086,9.35207462310791,3.6873326301574707,-23.364709854125977
1,460465,-3.6988489627838135,5.475748538970947,-12.408773422241211,14.105459213256836
1,460465,-14.895113945007324,-1.645438313484192,4.15852165222168,-6.033899784088135
1,460465,7.696008682250977,-8.824662208557129,1.5018494129180908,-16.403411865234375
1,460465,13.122129440307617,6.81520938873291,-28.329965591430664,13.247941017150879
1,460466,-8.028450012207031,3.5190517902374268,-0.7510480880737305,3.1244771480560303
1,460466,-17.014841079711914,-10.906106948852539,8.128283500671387,-18.4685115814209
1,460466,-5.749591827392578,-14.81510066986084,-17.440916061401367,10.674237251281738
1,460466,-1.7013720273971558,-11.013073921203613,-0.2520219683647156,4.734368324279785
1,460466,18.24106216430664,17.916954040527344,32.9169807434082,-14.154864311218262
1,460467,9.260640144348145,11.297911643981934,-2.8139171600341797,19.69872283935547
1,460467,-27.51270294189453,-15.691838264465332,-17.20627212524414,13.108731269836426
1,460467,3.834726095199585,18.160755157470703,24.509639739990234,-22.96489143371582
1,460467,24.59172248840332,0.39993396401405334,15.710786819458008,0.5754867196083069
1,460467,-2.2168691158294678,-12.656770706176758,-7.205976486206055,22.2060489654541
1,460467,5.4341511726379395,30.573808670043945,9.839393615722656,5.4570393562316895
1,460467,16.806482315063477,0.3561632037162781,15.90621280670166,-18.58983612060547
1,460468,-7.34751558303833,-15.968376159667969,-12.581986427307129,-14.732763290405273
1,460468,-30.93500518798828,11.532257080078125,-10.810133934020996,16.302221298217773
1,460468,-0.9727092385292053,6.452578067779541,20.13085174560547,22.398677825927734
1,460468,31.95292854309082,-2.0110769271850586,15.430740356445312,-6.686069488525391
1,460468,-10.374669075012207,-0.20790556073188782,-23.962316513061523,-18.55723762512207
1,460468,-9.858622550964355,-13.346559524536133,-23.19495964050293,0.30354782938957214
1,460469,19.029850006103516,-15.188129425048828,6.707248687744141,7.784284591674805
1,460469,-14.089088439941406,19.53118133544922,-6.74882173538208,4.0585408210754395
1,460469,-8.644696235656738,10.299985885620117,-21.036527633666992,-20.146007537841797
1,460469,1.170222282409668,-20.52610206604004,-11.031359672546387,-9.310161590576172
1,460469,-12.87537670135498,-15.163421630859375,16.56973648071289,23.044893264770508
1,460470,-1.284523844718933,-1.8502970933914185,10.449481010437012,-9.115415573120117
1,460470,-0.2361399084329605,-3.645113468170166,-3.9459891319274902,-9.310209274291992
1,460470,16.998844146728516,7.910306930541992,9.065424919128418,5.365600109100342
1,460470,11.693865776062012,23.258899688720703,-16.30046272277832,0.1306968629360199
1,460470,-24.847932815551758,-19.18893814086914,-6.414783477783203,6.212907791137695
1,460470,-7.332552909851074,-24.908254623413086,25.850019454956055,2.042126178741455
1,460471,14.642467498779297,11.761016845703125,7.984394550323486,16.384000778198242
1,460471,9.589216232299805,26.394386291503906,-19.202739715576172,-6.526820182800293
1,460471,2.2178964614868164,2.4529097080230713,-2.3957743644714355,-12.18862247467041
1,460471,-9.989181518554688,-13.194182395935059,12.385490417480469,8.767342567443848
1,460471,7.4756669998168945,11.866706848144531,-7.136347770690918,-3.6889593601226807
1,460471,1.0016851425170898,-16.318296432495117,7.9180498123168945,12.188464164733887
1,460472,-23.976089477539062,-11.800155639648438,-2.3996682167053223,-3.7171518802642822
1,460472,3.7195844650268555,35.712913513183594,-12.497353553771973,-23.770231246948242
1,460472,12.599529266357422,-4.23482084274292,3.8192925453186035,11.027149200439453
1,460472,-7.319545269012451,-27.857955932617188,-3.9377167224884033,15.894492149353027
1,460472,1.3270277976989746,9.097835540771484,15.223335266113281,-5.704334259033203
1,460472,9.425206184387207,15.899309158325195,14.156702995300293,-15.81334400177002
1,460473,-11.491482734680176,-5.197569847106934,-22.43583106994629,-2.7136459350585938
1,460473,-3.396684408187866,-10.897222518920898,-10.426582336425781,32.68013000488281
1,460473,19.151126861572266,-7.356100559234619,15.406678199768066,7.540695667266846
1,460473,12.287657737731934,11.442145347595215,15.107897758483887,-13.39488410949707
1,460473,-11.124073028564453,19.501888275146484,-4.926246166229248,-0.2081519365310669
1,460473,-12.30098819732666,-2.05550479888916,-25.208003997802734,-16.46271324157715
1,460474,15.883990287780762,-13.010656356811523,11.870553970336914,-4.6347150802612305
1,460474,-5.691462516784668,-11.896112442016602,22.22776985168457,16.892969131469727
1,460474,-10.191862106323242,23.415260314941406,-12.156684875488281,-5.121527671813965
1,460474,24.73932647705078,13.259207725524902,-15.303102493286133,-19.772247314453125
1,460474,-17.283710479736328,-19.355932235717773,7.109706878662109,9.532827377319336
1,460474,-15.598424911499023,2.8177568912506104,9.537639617919922,-9.755948066711426
1,460475,15.011855125427246,-8.827905654907227,-27.306474685668945,-17.887243270874023
1,460475,-10.659646034240723,-20.091419219970703,-0.13941282033920288,16.79319190979004
1,460475,8.471921920776367,11.335490226745605,36.05923843383789,10.747469902038574
1,460475,12.185731887817383,20.10672950744629,-2.9287731647491455,-5.874709606170654
1,460475,-17.119142532348633,-0.18153777718544006,-24.935527801513672,-8.183883666992188
1,460475,-3.475139856338501,-15.016533851623535,-1.7874889373779297,7.9381914138793945
1,460476,8.297391891479492,-9.489224433898926,6.183890342712402,8.043302536010742
1,460476,-12.162179946899414,7.506819248199463,8.851813316345215,14.656460762023926
1,460476,7.4940338134765625,0.39945071935653687,15.093785285949707,5.658514022827148
1,460476,32.750308990478516,12.526226997375488,-12.283426284790039,-26.262744903564453
1,460478,1.1792980432510376,13.632010459899902,-2.674917459487915,4.079089164733887
1,460478,-29.105995178222656,-13.03786849975586,13.536029815673828,16.908544540405273
1,460478,-2.0023603439331055,-11.302164077758789,-9.216562271118164,-3.6669883728027344
1,460478,4.97893762588501,-7.890589714050293,3.37918758392334,4.422104358673096
1,460478,-16.718372344970703,25.377361297607422,2.4629225730895996,-5.918715000152588
1,460478,19.183866500854492,7.416123867034912,-24.271142959594727,-12.540907859802246
1,460478,6.562307834625244,-19.545337677001953,12.37192153930664,0.5405697822570801
1,460479,-11.832468032836914,3.8849687576293945,19.138681411743164,4.641467094421387
1,460479,4.926151275634766,-11.243696212768555,-17.6699161529541,-0.393221378326416
1,460480,-17.70783042907715,-8.117735862731934,-10.29246711730957,-4.277307510375977
1,460481,2.4954590797424316,11.71072769165039,-14.196027755737305,-2.5604608058929443
1,460484,12.687750816345215,-2.178976535797119,-0.4297535717487335,-8.012273788452148
1,460485,3.9794857501983643,7.975552558898926,14.576836585998535,2.0792388916015625
1,460488,4.616720676422119,9.663570404052734,0.11648169159889221,16.815034866333008
1,460489,-14.331161499023438,-13.527724266052246,7.395707607269287,18.056121826171875
1,460492,-5.8455071449279785,-0.5428863167762756,-7.090979099273682,-8.007991790771484
1,460493,-14.8854398727417,-12.644627571105957,-15.429649353027344,-42.788055419921875
1,460496,8.449527740478516,-11.417105674743652,29.19261360168457,8.07813549041748
1,460498,38.43333053588867,26.87363624572754,42.30875778198242,62.099124908447266
1,460500,-3.091552257537842,21.04041290283203,-17.976776123046875,4.879934787750244
1,460502,-11.559385299682617,-2.157236099243164,-49.71907424926758,-55.46575164794922
1,460504,5.637906551361084,-16.819772720336914,0.9648960828781128,-24.540294647216797
1,460506,-7.940613746643066,-6.136713027954102,17.109228134155273,16.6621150970459
1,460508,-15.89757251739502,3.7976577281951904,10.220301628112793,31.069854736328125
1,460510,10.476764678955078,-3.8364384174346924,1.2931212186813354,9.243814468383789
1,460512,3.372504472732544,2.321620464324951,-27.042984008789062,-45.58955383300781
1,460514,-8.667852401733398,-12.421368598937988,6.941828727722168,-10.598611831665039
1,460516,7.9783501625061035,9.144432067871094,21.282005310058594,21.396825790405273
1,460518,-17.45237159729004,20.539594650268555,-11.607330322265625,5.970545768737793
1,460520,-3.063664674758911,-14.655282974243164,-1.8569567203521729,28.839279174804688
1,460522,34.066986083984375,4.215085983276367,18.488319396972656,-0.930167555809021
1,460524,4.171649932861328,11.76430892944336,3.7007288932800293,-20.952651977539062
1,460526,-30.332763671875,-17.438337326049805,-21.34368133544922,7.788089275360107
1,460528,-16.897836685180664,-17.380685806274414,-16.570167541503906,-8.325379371643066
1,460530,22.572481155395508,16.689485549926758,-4.421503067016602,-27.251296997070312
1,460718,12.588019371032715,17.549942016601562,28.783784866333008,9.025884628295898
1,460718,-10.38471794128418,-16.19500160217285,34.00286865234375,23.211532592773438
1,460718,10.340460777282715,-12.52812671661377,-21.818622589111328,-19.93557357788086
1,460718,-3.546353816986084,2.866333484649658,-28.957162857055664,2.9794461727142334
1,460718,-20.135009765625,5.444660186767578,10.478638648986816,25.92146110534668
1,460718,11.91744613647461,1.770750880241394,13.403934478759766,-19.90208625793457
1,460719,16.449932098388672,11.043055534362793,-17.21558380126953,-11.399685859680176
1,460719,-8.136642456054688,0.47242358326911926,-11.202357292175293,18.04099464416504
1,460719,-11.461533546447754,4.499823093414307,24.31754493713379,5.652221202850342
1,460719,-5.910930156707764,11.953827857971191,25.03101921081543,7.5495429039001465
1,460719,13.905318260192871,-25.945293426513672,-20.155529022216797,2.4600934982299805
1,460719,9.115052223205566,-0.8477473258972168,-36.48628616333008,-4.436368465423584
1,460720,-13.42416763305664,21.121986389160156,2.5025830268859863,-0.16014136373996735
1,460720,8.918939590454102,-21.56167221069336,4.439575672149658,-7.229560375213623
1,460720,-7.762386322021484,-28.19944190979004,-10.209175109863281,10.689231872558594
1,460720,-11.879332542419434,16.415376663208008,9.856544494628906,10.215957641601562
1,460720,15.038618087768555,20.106595993041992,12.329777717590332,-6.428292274475098
1,460721,-3.3304436206817627,-12.580462455749512,6.412463188171387,-3.0340640544891357
1,460721,0.6248400211334229,-14.023076057434082,-11.24608325958252,-1.58315110206604
1,460721,11.80634880065918,9.587892532348633,-8.71855640411377,-9.259657859802246
1,460721,-8.250051498413086,4.81903600692749,15.186914443969727,-6.523530960083008
1,460721,-4.7739949226379395,3.142315626144409,7.778253078460693,0.15611928701400757
1,460721,19.058652877807617,8.223118782043457,7.282648086547852,-4.979716777801514
1,460722,3.055691719055176,-6.631967067718506,-13.702208518981934,-3.34222674369812
1,460722,-13.318217277526855,16.038719177246094,-10.729984283447266,-5.1019792556762695
1,460722,-16.9184513092041,-1.3292250633239746,21.670490264892578,-0.6830838918685913
1,460722,4.3356146812438965,-25.98128318786621,-5.523381233215332,11.931608200073242
1,460722,13.249070167541504,-3.0623350143432617,1.369351863861084,7.700777053833008
1,460722,-10.977143287658691,11.482711791992188,13.618252754211426,-7.396119594573975
1,460723,14.532035827636719,19.12938117980957,-20.91606903076172,-4.9806671142578125
1,460723,1.2924445867538452,-7.353107929229736,-7.354126930236816,17.312477111816406
1,460723,-20.169519424438477,-14.370773315429688,15.638439178466797,7.807328701019287
1,460723,-0.7129124999046326,2.134140729904175,0.35230499505996704,-9.01900577545166
1,460723,7.361108303070068,0.8681750893592834,-19.246440887451172,4.2182745933532715
1,460723,0.050410911440849304,5.294108867645264,-6.183121204376221,-12.022032737731934
1,460724,-5.543405532836914,9.081212997436523,15.37855339050293,-32.689491271972656
1,460724,17.094942092895508,-11.953073501586914,-1.1689749956130981,-2.977447509765625
1,460724,-7.376290798187256,-15.004920959472656,0.10545790940523148,30.905536651611328
1,460724,-22.66057586669922,15.360150337219238,9.687773704528809,12.96766471862793
1,460724,9.993307113647461,-0.7337355613708496,-7.185977458953857,-28.447351455688477
1,460725,14.3596773147583,-16.913450241088867,-10.522976875305176,-7.423971176147461
1,460725,-6.939273834228516,4.602263450622559,2.9428114891052246,31.16346549987793
1,460725,-24.250274658203125,21.649620056152344,9.829508781433105,8.190800666809082
1,460725,11.208935737609863,3.675208330154419,-2.436408042907715,-13.64993953704834
1,460725,44.19688415527344,-15.596314430236816,2.578073501586914,-3.0980350971221924
1,460725,-12.070878982543945,3.5202853679656982,1.9380313158035278,2.4684600830078125
1,460726,-35.29179000854492,-2.783066749572754,2.378434896469116,-7.699196815490723
1,460726,42.984901428222656,4.066146373748779,-7.440021514892578,-17.03966522216797
1,460726,25.427013397216797,8.26172161102295,-17.062068939208984,10.317480087280273
1,460726,-58.508262634277344,-24.38800621032715,13.875177383422852,23.468069076538086
1,460726,-9.283382415771484,0.6180952787399292,5.247858047485352,-12.617472648620605
1,460726,28.9257869720459,23.209117889404297,-20.41533851623535,-16.344160079956055
1,460727,-16.591711044311523,-1.6290392875671387,-8.293042182922363,5.791652202606201
1,460727,-4.947151184082031,-9.117481231689453,21.70174217224121,3.746662139892578
1,460727,15.77981185913086,-4.14824914932251,21.647485733032227,11.446487426757812
1,460727,2.6567206382751465,0.7776839137077332,-11.87617301940918,8.531497955322266
1,460727,-12.222517967224121,3.7606396675109863,-17.854511260986328,-22.55708885192871
1,460727,-19.049436569213867,-1.3158947229385376,5.334898948669434,15.241679191589355
1,460728,12.322549819946289,2.9645016193389893,19.761831283569336,29.36277198791504
1,460728,17.14185905456543,3.0879342555999756,2.3595807552337646,-26.28658676147461
1,460728,-7.133939743041992,-10.912657737731934,-6.1783576011657715,-6.182398319244385
1,460728,10.611892700195312,-4.704691410064697,0.20935826003551483,22.3760986328125
1,460728,3.0808351039886475,16.12572479248047,9.522071838378906,4.086949825286865
1,460728,-11.657026290893555,14.804276466369629,-0.7965995073318481,-15.12494945526123
1,460729,-2.6095430850982666,-19.804798126220703,-26.573728561401367,-6.1819047927856445
1,460729,-8.702889442443848,-14.53785228729248,-0.5687973499298096,7.759003162384033
1,460729,9.340620040893555,26.03516387939453,10.46108627319336,-11.042263984680176
1,460729,16.649822235107422,11.53951358795166,3.229461431503296,-4.727560520172119
1,460729,-6.192471504211426,-24.24734878540039,-7.8901567459106445,-2.083313465118408
1,460729,-12.047249794006348,-3.1616485118865967,2.674351215362549,-5.249722957611084
1,460730,-2.3924527168273926,36.581058502197266,30.130922317504883,12.915148735046387
1,460730,9.160446166992188,-18.227235794067383,-19.518959045410156,2.59871506690979
1,460730,15.936790466308594,-32.281246185302734,-32.244041442871094,-20.55999755859375
1,460730,-13.179729461669922,19.569875717163086,21.47576332092285,-9.744121551513672
1,460730,-20.028413772583008,3.8454060554504395,25.840356826782227,26.567941665649414
1,460730,3.469849109649658,2.0148205757141113,-6.695814609527588,8.380597114562988
1,460731,-3.6537511348724365,-13.568151473999023,-11.865878105163574,-23.27297019958496
1,460731,-4.570977687835693,-17.519983291625977,-16.265127182006836,12.54818058013916
1,460731,2.4435956478118896,17.84229850769043,-3.8063135147094727,28.156208038330078
1,460731,13.180763244628906,6.440036296844482,19.4896297454834,1.8955702781677246
1,460731,8.500051498413086,0.4289329946041107,-9.37120246887207,-3.181084394454956
1,460731,1.8382865190505981,0.5755552053451538,-9.33493709564209,-5.990090370178223
1,460732,2.777428388595581,-24.592945098876953,2.6098461151123047,-4.9885430335998535
1,460732,-10.508233070373535,-13.834376335144043,3.8684160709381104,6.831918239593506
1,460732,-5.6676225662231445,36.48915481567383,9.550677299499512,0.3154810070991516
1,460732,9.282440185546875,10.348577499389648,-8.537096977233887,-13.540170669555664
1,460732,-1.5952454805374146,-31.66426658630371,-9.3790922164917,-10.606640815734863
1,460732,-3.0271952152252197,6.22020149230957,10.076265335083008,8.525239944458008
1,460733,8.446109771728516,16.578893661499023,27.967121124267578,-12.593402862548828
1,460733,-5.514941692352295,0.16756118834018707,11.700844764709473,-32.28989791870117
1,460733,-8.38248348236084,1.599222183227539,-8.533018112182617,2.0747761726379395
1,460733,7.028379440307617,6.7023725509643555,-5.632688045501709,9.144745826721191
1,460733,14.563633918762207,-2.1474015712738037,-13.920494079589844,3.4232707023620605
1,460733,-14.3956937789917,-12.192273139953613,-6.098393440246582,18.770936965942383
1,460735,-31.875749588012695,1.3425546884536743,17.193456649780273,20.895885467529297
1,460735,26.843090057373047,10.336845397949219,0.30096426606178284,6.552723407745361
1,460735,17.9661865234375,-4.845115661621094,-14.732421875,13.591507911682129
1,460735,-24.460506439208984,3.557035207748413,4.301945686340332,3.5766119956970215
1,460735,13.096306800842285,1.8013195991516113,-13.671871185302734,-18.366226196289062
1,460736,-0.9610109925270081,-21.12523651123047,-20.29804801940918,10.259601593017578
1,460736,-21.061120986938477,4.160249710083008,10.620370864868164,3.294326066970825
1,460736,15.003386497497559,15.070087432861328,15.201685905456543,-18.739534378051758
1,460737,26.400041580200195,9.961371421813965,9.868709564208984,-9.224067687988281
1,460738,2.9628429412841797,11.814510345458984,2.3197922706604004,-22.745555877685547
1,460740,-28.333589553833008,-6.380458354949951,-13.421048164367676,-27.091264724731445
1,460742,-20.386062622070312,-20.8717098236084,-5.571052551269531,25.453035354614258
1,460744,26.393447875976562,-2.7708981037139893,13.893680572509766,1.1999744176864624
1,460746,16.35791778564453,14.662102699279785,2.9659953117370605,1.3628777265548706
1,460748,-21.554128646850586,-0.09053684771060944,-13.821698188781738,40.243263244628906
1,460750,-6.364407539367676,-3.495457887649536,-7.722672939300537,-52.496036529541016
1,460752,12.745255470275879,1.729583740234375,-0.8731837868690491,-20.35763931274414
1,460754,4.204859256744385,-20.08616065979004,-5.890804767608643,44.253204345703125
1,460756,-2.272974967956543,-14.173093795776367,22.650304794311523,10.880513191223145
1,460758,4.4507222175598145,11.59701919555664,38.238468170166016,7.8275580406188965
1,460760,-9.650093078613281,23.690567016601562,-14.62320613861084,-5.902189254760742
1,460762,-10.841560363769531,11.778036117553711,-34.318519592285156,-3.099482774734497
1,460764,18.88106918334961,-39.14410400390625,-0.8426582217216492,4.995350360870361
1,460766,-3.77956223487854,-8.409241676330566,8.811464309692383,-27.268491744995117
1,460768,-1.8449788093566895,36.23607635498047,1.879759669303894,-2.803311347961426
1,460771,11.307462692260742,4.287397861480713,6.804917335510254,53.07887649536133
1,460772,-19.263078689575195,-8.885916709899902,11.80070972442627,13.316128730773926
1,460775,-1.0068583488464355,-4.580140590667725,-3.8263657093048096,-33.353939056396484
1,460776,-9.422927856445312,-2.808814525604248,-24.942989349365234,-38.42209243774414
1,460779,0.8101168870925903,-4.577793121337891,5.434072494506836,-1.4821242094039917
1,460780,13.889435768127441,-2.0483710765838623,6.131841659545898,27.772748947143555
1,460783,-14.558195114135742,-6.657546520233154,-34.6573371887207,-6.999232769012451
1,460784,4.328480243682861,-9.409235954284668,-12.469548225402832,22.433507919311523
1,460785,36.820709228515625,35.116241455078125,20.612913131713867,30.389442443847656
1,460788,9.904349327087402,35.615013122558594,41.823341369628906,-65.50956726074219
1,460789,-47.8150749206543,-24.469900131225586,7.437556266784668,-49.59963607788086
1,460983,-12.103382110595703,-32.473819732666016,-29.507104873657227,60.29286575317383
1,460983,29.193450927734375,-0.004843968898057938,27.62157440185547,38.85898971557617
1,460983,5.283152103424072,-2.168959617614746,10.911420822143555,-19.860868453979492
1,460983,-4.284845352172852,12.294014930725098,-31.42574691772461,8.459030151367188
1,460983,-9.490205764770508,22.890789031982422,5.975963592529297,3.509061336517334
1,460983,11.517087936401367,-12.339600563049316,1.0614627599716187,-30.816421508789062
1,460984,6.9074578285217285,-17.330427169799805,-8.303853988647461,0.02590140514075756
1,460984,-23.725547790527344,-1.0468652248382568,6.969226837158203,13.06712818145752
1,460984,8.878260612487793,11.109894752502441,-14.394667625427246,-13.560798645019531
1,460984,5.219380855560303,-10.5131196975708,-21.84016227722168,3.4285054206848145
1,460984,-21.640920639038086,-11.307005882263184,15.552885055541992,14.747091293334961
1,460984,-4.859735012054443,18.810136795043945,13.594406127929688,-9.076122283935547
1,460985,19.20786476135254,6.564064979553223,-28.80841827392578,-14.568002700805664
1,460985,15.473978042602539,8.770798683166504,3.1910758018493652,-1.1881273984909058
1,460985,-13.069806098937988,0.8347102403640747,35.65338134765625,1.7923732995986938
1,460985,-3.683605909347534,-27.968324661254883,-0.722163200378418,21.746366500854492
1,460985,-3.3389639854431152,13.550432205200195,1.495497226715088,2.9327073097229004
1,460985,-13.462068557739258,-0.9560701251029968,9.45827865600586,-21.045469284057617
1,460986,11.2315092086792,-28.224355697631836,5.141817569732666,13.08362102508545
1,460986,8.95695972442627,29.077930450439453,-12.515222549438477,11.83627986907959
1,460986,-1.2356398105621338,10.713502883911133,-26.960973739624023,-15.316385269165039
1,460986,13.169360160827637,-6.303771495819092,-7.562817573547363,-10.640563011169434
1,460986,-1.030651330947876,-7.253471851348877,-2.199228048324585,7.089062690734863
1,460986,-11.534844398498535,-13.924891471862793,9.149043083190918,17.00273895263672
1,460987,9.492778778076172,24.279090881347656,4.053333282470703,5.1989665031433105
1,460987,2.762937307357788,-9.259273529052734,-5.703522682189941,-14.592263221740723
1,460987,4.993452548980713,-39.59382247924805,2.6190567016601562,-1.7401411533355713
1,460987,-9.903413772583008,27.140155792236328,2.6807756423950195,5.602144718170166
1,460987,-15.121722221374512,46.051605224609375,-8.392204284667969,-5.301027297973633
1,460988,23.588224411010742,-17.59174346923828,4.335452556610107,-1.248648762702942
1,460988,8.171693801879883,-33.36397171020508,7.943473815917969,-8.829662322998047
1,460988,-9.266789436340332,2.629702091217041,-19.74051856994629,1.8452553749084473
1,460988,-13.736043930053711,13.605247497558594,11.7554349899292,28.957008361816406
1,460988,-14.212492942810059,5.074883937835693,27.010051727294922,5.487058162689209
1,460988,15.875874519348145,9.726998329162598,-6.710430145263672,-27.24110221862793
1,460989,15.209532737731934,-3.945542812347412,0.20364314317703247,-12.682527542114258
1,460989,-29.63618278503418,-11.14381217956543,7.031042575836182,18.885303497314453
1,460989,-8.972052574157715,10.127796173095703,-11.312847137451172,-8.963791847229004
1,460989,19.773571014404297,-14.502302169799805,-9.92425537109375,0.782507598400116
1,460989,-17.061050415039062,-11.698970794677734,12.234391212463379,46.35728454589844
1,460989,-0.3703434467315674,26.11674690246582,3.7910897731781006,-13.415492057800293
1,460990,21.213647842407227,-8.287166595458984,-5.898426055908203,-44.94792938232422
1,460990,-2.564049243927002,-9.177569389343262,-0.5334545373916626,19.255483627319336
1,460990,-8.288125038146973,15.876513481140137,-7.884645462036133,30.02683448791504
1,460990,13.08059024810791,1.7027796506881714,4.168665885925293,-36.67637252807617
1,460990,14.114653587341309,-7.87396240234375,8.435193061828613,-27.016605377197266
1,460990,-15.029407501220703,-6.770512580871582,3.053647518157959,18.18174171447754
1,460991,-15.27955436706543,14.167632102966309,4.874602794647217,3.2752859592437744
1,460991,19.598148345947266,8.224074363708496,-6.038261413574219,-16.415407180786133
1,460991,11.702998161315918,-27.399385452270508,-3.02554988861084,5.002394199371338
1,460991,-31.955202102661133,-18.14598846435547,13.461287498474121,21.824840545654297
1,460991,5.012499809265137,33.71068572998047,0.2517324388027191,-23.491334915161133
1,460991,22.208324432373047,8.029165267944336,-18.93062400817871,-6.802726745605469
1,460992,-27.540910720825195,-29.831558227539062,-7.749868392944336,30.829330444335938
1,460992,9.11756706237793,10.32724380493164,-0.27294638752937317,-6.199105262756348
1,460992,14.747004508972168,-0.5293630361557007,0.7669197916984558,-24.369421005249023
1,460992,-29.808115005493164,-17.727684020996094,-0.7660571932792664,4.74747896194458
1,460992,11.402827262878418,7.391923427581787,0.7675671577453613,15.600912094116211
1,460992,19.08949851989746,2.8713810443878174,2.3773272037506104,0.7873924374580383
1,460993,-10.946928977966309,3.576322078704834,-1.5011577606201172,-0.8432982563972473
1,460993,-11.459799766540527,5.4790849685668945,8.176460266113281,-14.644603729248047
1,460993,-2.5766193866729736,-0.683276355266571,0.8328360319137573,3.1118175983428955
1,460993,8.680944442749023,11.534165382385254,-13.119345664978027,13.800883293151855
1,460993,-4.983733654022217,11.229327201843262,-0.2821422219276428,-13.889931678771973
1,460993,-7.454073905944824,-16.46257781982422,5.8189473152160645,-8.910082817077637
1,460994,23.33831787109375,-20.31846809387207,2.1547658443450928,19.627220153808594
1,460994,2.2513017654418945,14.510841369628906,19.484214782714844,24.765705108642578
1,460994,-16.435781478881836,6.536001682281494,-1.9285986423492432,-15.715014457702637
1,460994,12.6958589553833,-11.505706787109375,-22.958328247070312,9.67628288269043
1,460994,-14.487988471984863,8.283921241760254,-4.81770133972168,25.640262603759766
1,460994,-6.703902244567871,1.5079413652420044,8.544649124145508,-28.36490821838379
1,460995,33.136898040771484,12.987829208374023,11.99322509765625,-25.694488525390625
1,460995,-2.108293056488037,2.536515474319458,-7.0013556480407715,4.111968994140625
1,460995,-26.0147647857666,-20.168855667114258,0.6752128601074219,9.454507827758789
1,460995,4.094504356384277,25.616357803344727,13.90572452545166,4.54975700378418
1,460995,21.8951473236084,18.014760971069336,4.339796543121338,8.20350170135498
1,460995,11.124373435974121,-17.389373779296875,-4.197582721710205,-7.833709716796875
1,460996,0.23939217627048492,-10.290566444396973,-2.96804141998291,-8.510276794433594
1,460996,-14.82307243347168,0.9996897578239441,9.838310241699219,5.871976852416992
1,460996,-1.2171456813812256,11.387197494506836,-0.9417724609375,3.6729695796966553
1,460996,10.737123489379883,-3.2421178817749023,-5.387225151062012,18.157447814941406
1,460996,-20.988727569580078,-21.523151397705078,9.491368293762207,10.64494514465332
1,460996,2.6656076908111572,-2.032799482345581,-1.0543437004089355,-4.891980171203613
1,460997,20.568275451660156,2.5726208686828613,-20.600318908691406,3.120622396469116
1,460997,-11.258759498596191,-22.621793746948242,-14.69010066986084,-2.688425064086914
1,460997,-7.750408172607422,4.53163480758667,9.244608879089355,-10.88007926940918
1,460997,-8.250556945800781,22.981712341308594,8.453219413757324,2.3595316410064697
1,460997,-7.393657207489014,-7.851529121398926,-2.4575397968292236,-8.933866500854492
1,460998,5.593271255493164,7.032092571258545,-16.759302139282227,-22.458995819091797
1,460998,2.8762001991271973,19.747407913208008,-3.859070301055908,8.56991195678711
1,460998,-4.927357196807861,-16.662694931030273,23.753671646118164,4.784550189971924
1,460998,7.50631046295166,-19.105194091796875,-18.81306266784668,-16.702648162841797
1,460998,-3.255213737487793,1.2913936376571655,-18.98271369934082,-4.20477819442749
1,460998,-22.289112091064453,-1.0962241888046265,22.483516693115234,7.612949848175049
1,460999,3.186432123184204,7.030433177947998,6.978753089904785,16.911922454833984
1,460999,8.280596733093262,2.8819797039031982,-5.095579624176025,-0.06165081262588501
1,461000,10.520442962646484,-2.7323946952819824,-18.775066375732422,-7.75892972946167
1,461000,4.8423075675964355,9.955430030822754,-17.583110809326172,-0.40521544218063354
1,461000,-12.14802074432373,-3.5859944820404053,12.139750480651855,-11.280752182006836
1,461001,1.6996817588806152,-8.373312950134277,14.187627792358398,4.63437032699585
1,461001,5.900918483734131,10.091948509216309,5.721771240234375,6.306029796600342
1,461001,4.956811904907227,9.531094551086426,17.07984733581543,7.215661525726318
1,461001,17.50979995727539,-4.189915180206299,1.8461517095565796,4.947938919067383
1,461001,-0.542351245880127,-9.341015815734863,-17.013002395629883,-19.455604553222656
1,461001,-28.853601455688477,4.959078788757324,15.129148483276367,2.798362970352173
1,461003,-0.3328176438808441,-8.00339126586914,-5.597733020782471,11.684844017028809
1,461004,23.47675323486328,3.8512134552001953,-21.9822940826416,8.849053382873535
1,461005,2.665522336959839,22.88627815246582,36.18331527709961,16.097902297973633
1,461008,-4.764847278594971,-16.373991012573242,7.905120849609375,-25.300933837890625
1,461009,-4.820428371429443,-0.5950733423233032,-24.182598114013672,-20.791397094726562
1,461012,-7.133290767669678,3.4511520862579346,14.663856506347656,-12.864291191101074
1,461013,-13.78554916381836,-31.21087074279785,-18.382198333740234,-0.7769945859909058
1,461016,-1.5029425621032715,-6.363056182861328,-3.023894786834717,52.59697723388672
1,461017,21.665388107299805,23.435144424438477,41.807193756103516,-5.702956676483154
1,461020,8.427053451538086,18.818161010742188,-20.694990158081055,-15.324165344238281
1,461021,-5.333913803100586,3.7149908542633057,-23.27712059020996,3.710280418395996
1,461024,-10.549151420593262,-20.883413314819336,9.07627010345459,-12.935232162475586
1,461025,0.25197774171829224,-3.1189076900482178,-8.522082328796387,6.050857067108154
1,461028,9.388127326965332,31.442747116088867,29.430660247802734,-4.293555736541748
1,461029,-4.051904678344727,-5.961127281188965,9.555822372436523,7.924900531768799
1,461032,-17.10789680480957,-32.94568634033203,-67.01210021972656,31.84506607055664
1,461033,6.975106716156006,-12.173537254333496,-9.269463539123535,-6.226128578186035
1,461036,24.362646102905273,22.78321075439453,59.156185150146484,-56.05084228515625
1,461037,-11.248703002929688,23.393848419189453,26.420166015625,2.4990956783294678
1,461040,-18.743432998657227,-12.914642333984375,-35.93996810913086,28.308055877685547
1,461041,5.293419361114502,-13.493514060974121,-0.31534090638160706,-9.486328125
1,461044,-10.448894500732422,-11.596318244934082,8.678168296813965,2.1498918533325195
1,461046,-11.402746200561523,0.9099239110946655,-46.38898468017578,20.114839553833008
1,461048,47.13854217529297,15.930716514587402,27.90891456604004,0.6251087784767151
1,461050,24.01394271850586,11.05538272857666,37.2693977355957,-26.022157669067383
1,461052,-42.0679817199707,-12.060766220092773,-42.18578338623047,34.77056121826172
1,461054,-22.13446617126465,0.1706833839416504,-8.705857276916504,50.04710006713867
1,461248,22.698461532592773,19.883018493652344,25.321388244628906,-60.544158935546875
1,461249,22.268539428710938,-4.827703475952148,-6.967068195343018,-56.18430709838867
1,461249,-12.781579971313477,-2.444885492324829,-2.6633994579315186,26.05806541442871
1,461249,-11.280485153198242,-6.2955403327941895,8.586128234863281,-4.554921627044678
1,461249,8.211762428283691,-9.645148277282715,0.1615625023841858,-10.200879096984863
1,461249,4.52320671081543,-6.3889665603637695,-1.8938026428222656,28.57488441467285
1,461249,0.04022369161248207,10.675865173339844,-4.775428295135498,6.745827674865723
1,461250,-2.4948348999023438,14.015990257263184,10.32204818725586,-9.810113906860352
1,461250,1.686103105545044,-16.95001220703125,4.607831954956055,3.0996789932250977
1,461250,-5.564591884613037,-5.41820764541626,-4.941126823425293,15.258459091186523
1,461250,-5.685464859008789,7.680558204650879,-6.137648105621338,11.33044147491455
1,461250,-3.1590137481689453,14.028056144714355,-12.78283405303955,9.941131591796875
1,461251,-8.11208438873291,4.503047943115234,19.192148208618164,-7.312395095825195
1,461251,6.66200065612793,-28.772632598876953,0.5952860713005066,-16.58824920654297
1,461251,2.2753994464874268,6.733665466308594,-16.828960418701172,-3.0789685249328613
1,461251,-3.5307674407958984,21.611316680908203,12.002894401550293,-13.692182540893555
1,461251,-16.23848533630371,-17.964786529541016,-12.212336540222168,-0.09773541986942291
1,461251,3.045560836791992,1.6995881795883179,-1.2514910697937012,-9.756793022155762
1,461252,32.32441329956055,4.090259075164795,6.223576068878174,-19.462190628051758
1,461252,-6.841854095458984,-18.576522827148438,-31.07326889038086,10.471131324768066
1,461252,-19.778034210205078,-8.323530197143555,-2.126943826675415,20.525861740112305
1,461252,-2.329963445663452,11.525887489318848,25.987659454345703,5.001077175140381
1,461252,12.287249565124512,18.435348510742188,12.147052764892578,-4.990753173828125
1,461252,4.670505523681641,-8.698870658874512,2.0472397804260254,2.7396240234375
1,461253,-6.615720272064209,-1.423635482788086,-2.170278549194336,-3.9863781929016113
1,461253,-5.917545318603516,14.832318305969238,6.37890100479126,16.480121612548828
1,461253,10.505739212036133,4.563475131988525,17.43181610107422,4.192849636077881
1,461253,27.25151824951172,-27.868436813354492,5.575445175170898,-13.20370101928711
1,461253,-13.548203468322754,-15.184436798095703,-7.552096366882324,22.29003143310547
1,461253,-15.265498161315918,38.088523864746094,-12.995863914489746,-6.8127593994140625
1,461254,17.003440856933594,-4.481578350067139,-14.59112548828125,-31.955387115478516
1,461254,-4.727784156799316,-12.848393440246582,9.29207706451416,-0.1454329788684845
1,461254,-14.028657913208008,22.980937957763672,4.363367080688477,5.355693817138672
1,461254,9.860947608947754,-22.070457458496094,-14.396089553833008,7.60697603225708
1,461254,1.204033613204956,-23.83224868774414,-8.59831714630127,9.650754928588867
1,461254,-9.71563720703125,22.96160125732422,13.859288215637207,4.605876922607422
1,461255,2.6596615314483643,12.622658729553223,6.306843280792236,-16.164461135864258
1,461255,-6.240206718444824,-13.039071083068848,-3.369436502456665,-9.567554473876953
1,461255,0.45375922322273254,-9.767855644226074,10.47614860534668,20.350662231445312
1,461255,10.248717308044434,21.20478057861328,-17.160066604614258,-13.48055362701416
1,461255,8.008935928344727,4.929849624633789,-14.387810707092285,-5.633285045623779
1,461256,-0.6842405796051025,-29.614246368408203,11.609795570373535,32.34294509887695
1,461256,-33.23363494873047,14.292232513427734,11.432794570922852,7.729864597320557
1,461256,11.047226905822754,23.330596923828125,5.136160373687744,-24.541236877441406
1,461256,34.270179748535156,-22.294265747070312,-4.325666427612305,-10.43575668334961
1,461256,-19.368778228759766,2.1080548763275146,-11.811260223388672,23.371145248413086
1,461256,-12.530126571655273,25.004133224487305,6.716724395751953,-5.330173969268799
1,461257,3.9069151878356934,-16.90279769897461,19.56004524230957,-20.304258346557617
1,461257,9.327129364013672,-13.406038284301758,-14.45052719116211,23.443603515625
1,461257,3.8249804973602295,22.414079666137695,-20.409873962402344,8.802899360656738
1,461257,-19.362411499023438,6.30262565612793,11.942873001098633,-12.637263298034668
1,461257,8.242962837219238,-5.835577011108398,20.452966690063477,-4.852761745452881
1,461257,5.641583442687988,5.089577674865723,-7.025847911834717,-4.236124038696289
1,461258,-5.79526424407959,-11.976692199707031,-27.4251651763916,10.421663284301758
1,461258,18.280254364013672,-20.57051658630371,-3.3067827224731445,26.1040096282959
1,461258,-3.2450084686279297,9.37437629699707,21.661497116088867,-8.36596393585205
1,461258,-1.3696560859680176,12.875802040100098,12.546699523925781,-39.96261978149414
1,461258,8.469442367553711,-14.933294296264648,-10.644461631774902,0.20076698064804077
1,461258,-16.804880142211914,5.7615156173706055,-13.065299034118652,11.344819068908691
1,461259,-17.79678726196289,1.5116912126541138,14.185855865478516,-7.34990930557251
1,461259,8.646594047546387,-14.017387390136719,16.182584762573242,-11.5951509475708
1,461259,15.286747932434082,25.247940063476562,-19.88853645324707,-16.137784957885742
1,461259,-4.9150471687316895,-3.772625207901001,-14.275835990905762,-4.4181389808654785
1,461259,-15.892457008361816,-33.38514709472656,9.230766296386719,5.581592082977295
1,461259,0.5378644466400146,17.37516212463379,-6.740440845489502,8.95451545715332
1,461260,-3.7820329666137695,6.9894866943359375,-8.048700332641602,9.803886413574219
1,461260,-0.9527000784873962,-13.90458869934082,0.32478854060173035,-4.724910736083984
1,461260,23.12540054321289,14.836301803588867,0.013622469268739223,-2.5336484909057617
1,461260,-16.35124397277832,-11.646829605102539,8.012506484985352,12.824019432067871
1,461260,-21.374874114990234,9.846141815185547,11.454317092895508,10.777220726013184
1,461260,37.797122955322266,23.300708770751953,-4.326279640197754,11.568887710571289
1,461261,25.733291625976562,-26.389225006103516,-2.048506498336792,12.764034271240234
1,461261,-21.945621490478516,-1.5648037195205688,20.942222595214844,-9.334956169128418
1,461261,-5.096144199371338,18.272872924804688,-13.426042556762695,-16.62390899658203
1,461261,0.9934568405151367,0.6542916297912598,-10.015018463134766,9.222214698791504
1,461261,-2.1233081817626953,-11.323143005371094,21.77829933166504,14.605846405029297
1,461261,16.738357543945312,5.734922885894775,-7.382471561431885,-3.876255989074707
1,461262,-14.52086067199707,11.575536727905273,-12.179624557495117,-12.997551918029785
1,461262,-13.439945220947266,-22.711688995361328,0.4821941554546356,-10.250381469726562
1,461262,1.715927004814148,-12.377650260925293,5.029959678649902,11.897126197814941
1,461262,-4.8603901863098145,6.584988117218018,6.489885330200195,3.7384238243103027
1,461262,8.953012466430664,-13.28215217590332,-5.0415568351745605,-2.7295398712158203
1,461262,5.980711936950684,-0.2796497344970703,-8.478370666503906,23.751771926879883
1,461263,-1.8098673820495605,21.591796875,9.874467849731445,-3.984764337539673
1,461263,0.31367531418800354,0.2976050078868866,4.1312127113342285,-25.94222068786621
1,461263,-4.323696613311768,-12.558771133422852,-0.3226577639579773,-5.687628269195557
1,461263,-13.62876033782959,-5.000397682189941,3.772169828414917,-1.3388292789459229
1,461263,12.721196174621582,-1.1513670682907104,-14.685240745544434,-0.3255205750465393
1,461263,2.1528964042663574,11.460489273071289,-3.622749090194702,17.748010635375977
1,461264,-9.614829063415527,31.83344268798828,6.437140464782715,1.7842693328857422
1,461264,19.45248794555664,13.239736557006836,3.882744789123535,-32.035484313964844
1,461264,-6.186220645904541,-36.06050109863281,-10.301056861877441,-11.897010803222656
1,461264,-5.81243371963501,-13.172738075256348,-6.76475191116333,20.382953643798828
1,461264,14.181142807006836,24.15498161315918,11.91415786743164,21.180347442626953
1,461264,-14.775104522705078,-10.613030433654785,-0.930371880531311,-3.018265724182129
1,461265,-10.693094253540039,-6.691132545471191,7.349996566772461,-1.0416597127914429
1,461265,23.53678321838379,12.891512870788574,2.4696030616760254,22.832006454467773
1,461266,12.902140617370605,-9.726526260375977,-24.333126068115234,11.307757377624512
1,461266,-11.493454933166504,-4.341729640960693,-16.955148696899414,-2.8176963329315186
1,461266,-22.78558349609375,2.58117413520813,15.300960540771484,-16.26970863342285
1,461267,-14.442740440368652,-8.492993354797363,25.06557273864746,-5.94207763671875
1,461267,16.944387435913086,5.5992431640625,-0.2061050832271576,7.162113666534424
1,461267,18.69767951965332,4.387152194976807,-11.99879264831543,-24.657405853271484
1,461267,-5.34143590927124,-5.8326191902160645,2.3111095428466797,-24.990921020507812
1,461267,-14.045284271240234,5.336821556091309,8.999144554138184,7.45247220993042
1,461267,0.36632266640663147,0.6608434319496155,-0.9316495060920715,1.454632043838501
1,461269,13.529671669006348,15.473563194274902,-2.035334348678589,-10.140202522277832
1,461270,19.411951065063477,22.127470016479492,33.6245231628418,-15.262024879455566
1,461271,-0.35826846957206726,-19.67812728881836,19.140459060668945,-12.09239387512207
1,461274,-20.397258758544922,-24.297569274902344,-37.359466552734375,12.316828727722168
1,461275,-10.020710945129395,-0.9912286996841431,-9.122879028320312,12.810797691345215
1,461278,0.8602498769760132,7.555225849151611,21.778444290161133,17.793779373168945
1,461280,-2.412278175354004,13.194878578186035,-7.6212077140808105,7.284603118896484
1,461282,-11.088647842407227,-2.311645269393921,-20.26841163635254,-6.583635330200195
1,461284,7.247402191162109,-16.46989631652832,-6.528354644775391,13.719572067260742
1,461286,3.2267515659332275,3.029745101928711,-8.377063751220703,13.56265640258789
1,461288,-2.3408801555633545,0.9736689925193787,-2.8165128231048584,-12.428035736083984
1,461290,16.847381591796875,-0.4007986783981323,9.090290069580078,-2.1216931343078613
1,461292,2.543827772140503,12.251087188720703,6.904664516448975,-7.048035144805908
1,461294,-16.843910217285156,-14.065134048461914,-5.630031108856201,0.49215173721313477
1,461296,21.09555435180664,-2.296926498413086,-7.267940044403076,44.4928092956543
1,461298,30.236572265625,27.639110565185547,38.94186019897461,-19.35929298400879
2,461300,-28.153303146362305,-8.027796745300293,8.779927253723145,-32.4986572265625
2,461302,-38.54237747192383,-31.49530029296875,-48.851478576660156,20.738731384277344
2,461304,3.3936939239501953,4.076920509338379,-2.531428813934326,-24.90839958190918
2,461306,26.084070205688477,19.100358963012695,11.818799018859863,53.4075813293457
2,461308,14.271322250366211,3.395886182785034,-4.1420063972473145,73.81704711914062
2,461310,-15.922101020812988,-5.773744583129883,11.432299613952637,-134.1160125732422
2,461312,-21.510942459106445,1.9534159898757935,3.5413496494293213,-83.22148132324219
2,461315,8.5299072265625,-6.155947685241699,4.756692409515381,88.40990447998047
2,461316,10.669766426086426,-23.559738159179688,-3.711089849472046,32.20881271362305
2,461319,6.896676063537598,18.837055206298828,-32.934329986572266,-20.60618019104004
2,461320,7.345098972320557,36.88972473144531,5.750208854675293,-9.502479553222656
2,461513,-3.163569450378418,-14.490255355834961,15.369234085083008,-1.6523114442825317
2,461514,-1.7472565174102783,-25.965801239013672,-6.430528163909912,23.842924118041992
2,461514,-11.655725479125977,5.85185432434082,26.50048828125,9.613924980163574
2,461514,-5.912872791290283,18.158796310424805,20.907611846923828,-10.810683250427246
2,461514,20.076847076416016,-0.0032073548063635826,-18.25335693359375,-4.758598327636719
2,461514,7.49634313583374,-17.88444709777832,-19.06195068359375,8.646369934082031
2,461514,-11.62777328491211,-0.17243565618991852,-0.208050936460495,-2.379091501235962
2,461515,-14.465554237365723,12.43875789642334,6.8370866775512695,-6.107670783996582
2,461515,0.05823817104101181,-1.4215242862701416,8.789817810058594,10.715545654296875
2,461515,2.295424699783325,-13.293376922607422,10.623244285583496,-17.084259033203125
2,461515,-2.6341164112091064,-2.4746837615966797,-13.973666191101074,-10.429431915283203
2,461515,11.965066909790039,9.401704788208008,-15.197257041931152,0.2883317470550537
2,461515,-4.331230640411377,-7.210251808166504,1.9148690700531006,-8.565739631652832
2,461516,0.059612758457660675,6.2407684326171875,3.1262495517730713,7.130478382110596
2,461516,11.669249534606934,9.551923751831055,18.166231155395508,3.8205466270446777
2,461516,-18.378076553344727,-19.609325408935547,-3.4060218334198,13.587945938110352
2,461516,-11.523445129394531,-4.431365489959717,-13.719450950622559,12.585587501525879
2,461516,12.123329162597656,4.219722270965576,-2.3543593883514404,-4.072909832000732
2,461517,-6.481459140777588,1.8832656145095825,1.1990007162094116,6.174993991851807
2,461517,3.6756603717803955,15.065471649169922,5.051496505737305,-3.867403984069824
2,461517,19.045154571533203,0.5548213720321655,-9.238402366638184,-24.097835540771484
2,461517,-15.71855354309082,-18.087087631225586,-4.130249500274658,-3.9127235412597656
2,461517,-18.43058204650879,-8.549903869628906,-0.1880195438861847,17.74126434326172
2,461517,6.907428741455078,19.54521369934082,0.025825293734669685,-2.5543198585510254
2,461518,10.43757152557373,14.110651969909668,-11.51752758026123,-11.798235893249512
2,461518,6.539486408233643,-16.329710006713867,-5.843314170837402,12.08275032043457
2,461518,-7.705028057098389,-1.266144037246704,4.956153392791748,7.316247940063477
2,461518,-14.538604736328125,9.10789680480957,-0.8211280107498169,-10.209848403930664
2,461518,22.160688400268555,9.10319709777832,12.2798490524292,-0.38613176345825195
2,461518,6.7564778327941895,1.7527626752853394,10.198907852172852,6.5249457359313965
2,461519,-9.695637702941895,-13.623931884765625,-1.7802343368530273,-2.748814821243286
2,461519,18.256999969482422,11.64138126373291,-12.708928108215332,-6.594943046569824
2,461519,-7.901535511016846,-7.360990047454834,15.752645492553711,6.479504585266113
2,461519,-18.261445999145508,-22.70420265197754,23.506803512573242,15.298362731933594
2,461519,3.3997268676757812,20.08238410949707,-18.124544143676758,-4.6926493644714355
2,461519,7.961313247680664,3.869027853012085,-6.448457717895508,1.180915117263794
2,461520,-5.512587070465088,-2.3490171432495117,11.015695571899414,9.802730560302734
2,461520,13.547221183776855,19.707347869873047,-14.993827819824219,-16.577789306640625
2,461520,9.502143859863281,-16.870067596435547,-3.3344814777374268,-3.0014429092407227
2,461520,-26.612834930419922,-8.88142204284668,22.421457290649414,12.10350227355957
2,461520,9.869466781616211,22.374414443969727,1.8303585052490234,-3.0718212127685547
2,461521,15.821857452392578,0.8311741948127747,-19.037128448486328,-10.5076265335083
2,461521,-17.201196670532227,-25.508840560913086,-9.062239646911621,-8.920797348022461
2,461521,-4.784727096557617,-18.21849250793457,3.463871955871582,-4.228580951690674
2,461521,-6.047062397003174,18.26909065246582,1.1150535345077515,-0.15788380801677704
2,461521,3.9106125831604004,22.62424087524414,3.3980278968811035,19.133363723754883
2,461521,22.261972427368164,-7.902103900909424,-1.947935938835144,18.964921951293945
2,461522,-13.567477226257324,-19.418275833129883,-8.897586822509766,-16.585037231445312
2,461522,-18.84151268005371,12.358121871948242,9.662873268127441,-14.847183227539062
2,461522,10.219071388244629,-3.316138744354248,10.855332374572754,0.008909838274121284
2,461522,3.9609854221343994,-21.499893188476562,-13.645875930786133,2.9739770889282227
2,461522,7.848004341125488,10.172367095947266,-5.339452743530273,7.601515769958496
2,461522,3.631263256072998,-3.945148468017578,7.733853816986084,-7.728591442108154
2,461523,-15.716021537780762,5.664591312408447,2.4497997760772705,-6.648354530334473
2,461523,-5.681240558624268,18.752840042114258,3.40692400932312,9.315727233886719
2,461523,12.1630277633667,0.8393948078155518,4.022204399108887,-9.20160961151123
2,461523,7.166626453399658,-7.399172782897949,2.4950971603393555,-12.357198715209961
2,461523,1.5179287195205688,-22.4633846282959,-4.201252460479736,20.466474533081055
2,461523,0.8643668293952942,-3.047708511352539,-7.772610187530518,18.13819122314453
2,461524,-11.103006362915039,28.315237045288086,1.330317735671997,-13.726739883422852
2,461524,3.00627064704895,-0.7502447962760925,-12.07373332977295,-4.604780197143555
2,461524,-12.287118911743164,-20.585615158081055,8.125693321228027,14.313324928283691
2,461524,-8.979087829589844,20.17118263244629,30.0167179107666,-7.87261962890625
2,461524,16.66362190246582,4.809798717498779,-19.316112518310547,5.137673377990723
2,461524,-13.1105318069458,-10.743692398071289,-21.832069396972656,15.365472793579102
2,461525,11.572623252868652,9.221855163574219,2.9170985221862793,-14.603665351867676
2,461525,16.456707000732422,-12.456475257873535,4.900062561035156,-18.701738357543945
2,461525,-10.044143676757812,-17.45479965209961,-0.40512269735336304,-12.727343559265137
2,461525,0.13810794055461884,9.816510200500488,2.0060765743255615,13.273247718811035
2,461525,10.324963569641113,22.2041072845459,4.336842060089111,16.18206787109375
2,461525,10.29938793182373,-2.563988447189331,-1.5671883821487427,-22.580833435058594
2,461526,-18.287309646606445,-5.305413246154785,2.2287964820861816,-10.32268238067627
2,461526,-23.78453254699707,4.626689434051514,-5.630218982696533,21.2064266204834
2,461526,-3.4859447479248047,-7.84040641784668,9.429805755615234,8.88114070892334
2,461526,19.16297149658203,-15.284236907958984,15.454568862915039,-8.918547630310059
2,461526,0.7099418044090271,1.3181946277618408,-9.733609199523926,9.044867515563965
2,461526,-12.832481384277344,25.787561416625977,-1.8040722608566284,18.453828811645508
2,461527,18.874547958374023,7.679039001464844,6.036414623260498,-10.222648620605469
2,461527,11.14802360534668,-2.199836254119873,-5.686067581176758,-19.78516387939453
2,461527,-16.0446720123291,-7.176644325256348,-11.916219711303711,10.271522521972656
2,461527,-18.6312198638916,-10.697360038757324,-0.45467609167099,14.706791877746582
2,461527,8.424882888793945,5.847449779510498,20.8746337890625,-18.484891891479492
2,461527,27.462093353271484,-1.9703283309936523,-9.688894271850586,-28.32052993774414
2,461528,1.8822647333145142,-8.652741432189941,-28.506803512573242,-3.6577975749969482
2,461528,-22.693790435791016,-0.4078228175640106,10.139827728271484,25.79172134399414
2,461528,-6.5824995040893555,13.645820617675781,13.795722007751465,-0.31362733244895935
2,461528,8.602951049804688,-0.3756105601787567,-8.050615310668945,-21.834657669067383
2,461528,-3.4998462200164795,-18.263534545898438,-5.578690528869629,35.51008605957031
2,461528,-2.2014684677124023,10.656752586364746,8.843661308288574,28.323638916015625
2,461529,11.101181983947754,8.18089485168457,11.012064933776855,-16.744691848754883
2,461529,9.178759574890137,-17.147235870361328,4.092331409454346,9.026006698608398
2,461529,-0.09735463559627533,-3.2326557636260986,2.8237080574035645,11.561860084533691
2,461529,-12.692686080932617,10.501249313354492,-6.117255687713623,3.458475351333618
2,461529,-5.580769062042236,-0.0822831317782402,-5.706162929534912,-11.378045082092285
2,461529,9.605706214904785,-6.285555362701416,-2.592622756958008,-29.24408721923828
2,461530,-5.821960926055908,-2.3938169479370117,-3.435096025466919,12.250459671020508
2,461530,-1.935247778892517,9.200594902038574,-5.278820514678955,-1.494659185409546
2,461531,22.725072860717773,2.970759153366089,9.391778945922852,-29.328540802001953
2,461531,8.08729362487793,6.102481365203857,27.842500686645508,4.239549160003662
2,461531,-30.180654525756836,9.003915786743164,-10.457002639770508,2.2895967960357666
2,461532,-13.67474365234375,-22.739547729492188,-24.380735397338867,-3.891763687133789
2,461532,22.198455810546875,-0.07791343331336975,9.703165054321289,-11.198400497436523
2,461532,14.003287315368652,7.196086883544922,0.776644229888916,-14.467533111572266
2,461532,-6.326047897338867,1.207856297492981,-13.955172538757324,22.407442092895508
2,461532,-8.731861114501953,16.48036003112793,8.928803443908691,25.036327362060547
2,461534,-18.90962791442871,-31.397140502929688,9.017565727233887,-21.864171981811523
2,461534,-13.937225341796875,-26.665485382080078,-2.497215986251831,-30.192378997802734
2,461536,31.41623306274414,37.141849517822266,2.9493064880371094,6.379728317260742
2,461538,12.725044250488281,18.035585403442383,4.9851813316345215,38.780338287353516
2,461540,-12.662673950195312,-3.7204456329345703,-14.914081573486328,47.96876525878906
2,461542,-10.412245750427246,6.391626358032227,-13.48330307006836,1.3634333610534668
2,461544,-11.670452117919922,6.579901695251465,22.071287155151367,-64.8001480102539
2,461546,21.086009979248047,-14.51474666595459,9.164976119995117,-28.063217163085938
2,461548,23.627197265625,-18.440628051757812,-11.204200744628906,50.05546951293945
2,461550,-18.498292922973633,24.83412742614746,5.793704032897949,27.619653701782227
2,461552,-15.286184310913086,5.275418758392334,-1.0952376127243042,-30.90781593322754
2,461554,3.34301495552063,-37.0517463684082,-13.409444808959961,-27.70635414123535
2,461556,-3.229710102081299,-3.5083250999450684,17.36467742919922,11.443273544311523
2,461558,2.305708408355713,12.674039840698242,-8.332674026489258,27.123180389404297
2,461560,-4.10553503036499,-3.2433600425720215,-23.380765914916992,12.38485050201416
2,461562,2.3576929569244385,-0.47677668929100037,33.627235412597656,-17.37287139892578
2,461564,5.232295036315918,-16.950048446655273,-3.748453378677368,-16.590490341186523
2,461819,18.990877151489258,37.03742599487305,-20.278331756591797,-19.61772918701172
2,461820,10.620824813842773,54.233306884765625,24.088491439819336,-1.4513946771621704
2,461823,-15.28584098815918,-76.08287048339844,-26.045602798461914,43.55586624145508
2,461824,26.17640495300293,-68.5877914428711,-4.608578205108643,20.621049880981445
2,461827,-9.919059753417969,74.87581634521484,30.05727195739746,-17.52809715270996
2,461828,-36.726654052734375,62.021690368652344,-8.469815254211426,-45.6762580871582
2,461831,-2.3588290214538574,-30.565664291381836,18.213699340820312,-36.23385238647461
2,461832,-23.401702880859375,-54.245849609375,-36.88211441040039,25.670185089111328
2,462027,14.381560325622559,-3.9537055492401123,-17.856096267700195,42.01697540283203
2,462028,26.838823318481445,34.79585266113281,67.62847137451172,7.7844438552856445
2,462028,-8.175494194030762,-4.588430881500244,-21.05357551574707,-18.61758804321289
2,462028,-12.286498069763184,-13.203182220458984,-31.078773498535156,-4.964244842529297
2,462028,-3.4922289848327637,9.638469696044922,29.846698760986328,21.701520919799805
2,462028,8.756519317626953,7.674454689025879,-16.77863883972168,5.5951104164123535
2,462028,-4.642441272735596,-3.8762331008911133,-18.73647689819336,-2.755775213241577
2,462029,10.924592971801758,-4.495578765869141,18.07686424255371,10.609269142150879
2,462029,10.690951347351074,6.951784133911133,-5.249610424041748,-12.904459953308105
2,462029,-10.14635944366455,-14.20262336730957,-8.947221755981445,-13.526859283447266
2,462029,-6.394223213195801,-14.698305130004883,4.1637420654296875,0.7723249197006226
2,462029,-3.8422069549560547,25.522052764892578,8.180079460144043,-4.25612211227417
2,462029,-0.7471818923950195,15.537274360656738,13.482892036437988,9.075840950012207
2,462030,6.944161415100098,8.681342124938965,2.8941256999969482,12.165672302246094
2,462030,19.542465209960938,-1.4384973049163818,-20.73146629333496,-4.492229461669922
2,462030,-5.4163689613342285,-23.38043975830078,-12.582976341247559,-19.298839569091797
2,462030,-15.383455276489258,-7.130449295043945,28.91819190979004,3.5753469467163086
2,462030,14.661543846130371,4.089209079742432,15.204865455627441,12.715883255004883
2,462030,9.714956283569336,2.7911078929901123,-28.72062873840332,-16.304088592529297
2,462031,-16.213674545288086,1.5534052848815918,-9.148995399475098,2.1700079441070557
2,462031,-10.858846664428711,0.5341562032699585,6.257760524749756,8.913516998291016
2,462031,0.34343570470809937,-1.4631297588348389,-8.230660438537598,-3.594120979309082
2,462031,-9.990609169006348,3.346836566925049,19.988109588623047,17.878454208374023
2,462031,9.67575454711914,1.9130802154541016,7.508055686950684,-1.827733039855957
2,462031,10.300909042358398,-7.255284309387207,-31.933002471923828,-9.808784484863281
2,462032,-29.210737228393555,3.9238266944885254,6.391651630401611,12.944619178771973
2,462032,-11.256114959716797,0.6795110106468201,25.30731964111328,-11.873461723327637
2,462032,38.35841369628906,-0.37820297479629517,-5.810752868652344,-16.339672088623047
2,462032,11.731698036193848,2.8635265827178955,-9.33090877532959,5.10830020904541
2,462032,-27.686609268188477,-10.213826179504395,-1.9419881105422974,14.410807609558105
2,462033,7.282995700836182,15.405144691467285,14.103513717651367,5.846005439758301
2,462033,22.092538833618164,16.3048152923584,13.143364906311035,-18.805320739746094
2,462033,-9.807332038879395,-17.822872161865234,-7.1978254318237305,-10.847989082336426
2,462033,6.490836143493652,-9.240796089172363,-7.6952104568481445,2.5831589698791504
2,462033,16.545984268188477,-8.292136192321777,-6.9482879638671875,6.309895038604736
2,462033,-28.103384017944336,-0.6624006032943726,-7.50243616104126,3.7069430351257324
2,462034,-18.925697326660156,26.386568069458008,-1.5686455965042114,7.359435558319092
2,462034,26.269739151000977,8.831971168518066,24.526371002197266,1.6500248908996582
2,462034,20.90507698059082,-14.096572875976562,6.733626365661621,-20.67144775390625
2,462034,-8.815009117126465,-13.646342277526855,-34.7508430480957,10.027031898498535
2,462034,-20.34614372253418,-4.102634429931641,-7.175552845001221,13.208020210266113
2,462034,0.14849013090133667,14.051708221435547,25.520709991455078,-8.496862411499023
2,462035,22.373023986816406,5.277920722961426,5.4843316078186035,15.627382278442383
2,462035,10.888916969299316,-1.781267523765564,-9.633345603942871,-2.1591696739196777
2,462035,-15.921602249145508,3.8727452754974365,-3.3435349464416504,-20.159744262695312
2,462035,-1.6655466556549072,-18.575820922851562,-0.31191444396972656,11.324430465698242
2,462035,11.326803207397461,0.17793649435043335,-1.4790990352630615,-0.2155403047800064
2,462035,-22.338241577148438,14.170379638671875,11.047298431396484,-14.811654090881348
2,462036,-1.6110069751739502,-4.691194534301758,15.591126441955566,1.3118057250976562
2,462036,36.93791198730469,2.2011053562164307,-12.242419242858887,-0.09834359586238861
2,462036,-2.150630474090576,0.34133774042129517,-7.241652965545654,6.515636444091797
2,462036,-32.953819274902344,-0.5630487203598022,5.786215305328369,-10.930395126342773
2,462036,-1.4400273561477661,-10.824946403503418,-9.845128059387207,-13.69802188873291
2,462036,2.3071508407592773,-12.229508399963379,-10.274168968200684,23.27667236328125
2,462037,-12.90103816986084,18.158199310302734,11.106168746948242,3.370227813720703
2,462037,20.766220092773438,24.36490821838379,-0.06477192044258118,-20.542320251464844
2,462037,2.520942449569702,-3.628086566925049,-0.7200844883918762,7.270094871520996
2,462037,-29.872758865356445,-22.122285842895508,19.8336181640625,14.907072067260742
2,462037,16.96183967590332,-2.1292295455932617,-3.292680501937866,3.0266339778900146
2,462037,15.579339981079102,11.630659103393555,-21.280580520629883,-11.838648796081543
2,462038,-24.057893753051758,-5.371801853179932,3.4193363189697266,0.7501161694526672
2,462038,-2.0405499935150146,-0.1542823165655136,30.025123596191406,15.762824058532715
2,462038,24.379281997680664,-6.832024097442627,-15.984564781188965,-8.720932960510254
2,462038,-6.575144290924072,-9.58353328704834,-30.715923309326172,-9.819143295288086
2,462038,-23.508089065551758,5.828390121459961,21.45067596435547,-4.575575828552246
2,462038,4.1605706214904785,-19.655668258666992,-7.285100936889648,6.548452377319336
2,462039,-0.26874154806137085,0.070743627846241,-24.1766357421875,16.187702178955078
2,462039,-5.735320091247559,32.49891662597656,23.251752853393555,-11.160183906555176
2,462039,8.300634384155273,-9.352213859558105,7.126363754272461,7.305654525756836
2,462039,-6.9095964431762695,-15.711402893066406,-21.69664764404297,8.847577095031738
2,462039,9.942429542541504,16.600868225097656,-0.8731741309165955,-38.1064338684082
2,462040,32.09718322753906,-8.631185531616211,5.150193214416504,12.194372177124023
2,462040,-18.5745792388916,-8.809537887573242,15.178738594055176,27.108869552612305
2,462040,-13.920270919799805,44.42184829711914,19.162918090820312,-23.10731315612793
2,462040,26.711820602416992,9.644028663635254,-3.4333739280700684,4.659974098205566
2,462040,2.569361448287964,-20.920068740844727,-7.0518341064453125,29.155319213867188
2,462040,-5.448018550872803,12.133285522460938,1.6650007963180542,-13.263915061950684
2,462040,4.046483993530273,-12.032491683959961,13.159668922424316,-18.184934616088867
2,462041,7.953648567199707,-11.08963680267334,-8.281858444213867,5.722222328186035
2,462041,-5.986372470855713,11.327399253845215,-18.289012908935547,1.7793267965316772
2,462041,-15.083477020263672,-4.503868103027344,2.2315104007720947,-3.1824159622192383
2,462041,-1.794103741645813,-3.4234819412231445,5.6830854415893555,-13.647547721862793
2,462041,-15.31169605255127,3.379807472229004,-1.9264274835586548,0.7312362194061279
2,462041,-8.43436336517334,-13.506135940551758,-5.065706253051758,3.502063274383545
2,462042,14.330937385559082,-5.5292181968688965,1.3879029750823975,-3.9249932765960693
2,462042,-0.22638079524040222,14.703665733337402,3.7003908157348633,20.90296745300293
2,462042,3.649273633956909,-7.826447486877441,9.377522468566895,3.3646371364593506
2,462042,14.89305305480957,-9.49726390838623,2.4342591762542725,-24.551807403564453
2,462042,-7.036040306091309,8.514148712158203,-0.784846842288971,9.721693992614746
2,462043,-13.593758583068848,17.284751892089844,1.7810897827148438,10.409623146057129
2,462043,7.2714524269104,-8.527267456054688,4.099673271179199,-6.72963809967041
2,462043,7.77227258682251,-16.403270721435547,9.013022422790527,-6.710079669952393
2,462043,1.6139179468154907,20.614168167114258,-8.712244987487793,-0.7745124697685242
2,462043,9.994769096374512,-0.3774257004261017,0.47771379351615906,24.091798782348633
2,462043,-19.627042770385742,-1.7555904388427734,16.409883499145508,9.310911178588867
2,462044,-7.441020965576172,24.784149169921875,-13.501667022705078,-19.649335861206055
2,462044,23.153427124023438,-13.548270225524902,-12.499208450317383,-14.511369705200195
2,462045,-31.315719604492188,-48.489871978759766,-5.523488998413086,0.92505943775177
2,462045,-32.303401947021484,2.2927262783050537,-22.751806259155273,-1.6836282014846802
2,462045,16.183889389038086,25.647172927856445,-1.0214183330535889,3.5051424503326416
2,462045,14.201606750488281,-13.30397891998291,5.20571756362915,19.695449829101562
2,462046,3.0857603549957275,-3.7969517707824707,7.67776346206665,5.468421936035156
2,462046,11.543097496032715,7.047181606292725,5.610248565673828,-15.07102108001709
2,462046,20.925289154052734,-10.90506362915039,-29.18460464477539,8.437742233276367
2,462046,-0.014768269844353199,-6.468172073364258,-4.62755823135376,5.350043773651123
2,462046,-21.37841033935547,24.53423309326172,29.27977180480957,-21.78465461730957
2,462048,-4.599700450897217,17.396697998046875,11.825946807861328,-1.4489842653274536
2,462049,7.895803928375244,-5.6159515380859375,-2.990597724914551,-1.472570776939392
2,462050,1.2065436840057373,8.901832580566406,-19.144397735595703,-11.866448402404785
2,462053,9.135825157165527,10.715475082397461,-3.519984722137451,20.115047454833984
2,462054,11.101784706115723,13.247886657714844,39.5809440612793,16.155776977539062
2,462057,-24.12503433227539,-25.917253494262695,-8.858386039733887,-25.0441951751709
2,462058,-32.14402389526367,-41.88020324707031,-38.700504302978516,-6.649982929229736
2,462061,7.412354946136475,32.687686920166016,13.838577270507812,2.5174386501312256
2,462062,21.4886474609375,16.70987892150879,9.474348068237305,2.6741456985473633
2,463512,-0.20753638446331024,-47.43659973144531,6.378275394439697,31.056859970092773
2,463513,3.5485992431640625,-11.101318359375,29.633913040161133,-23.46945571899414
2,463516,11.932872772216797,37.36442947387695,-12.283406257629395,-28.163320541381836
2,463517,-14.405495643615723,3.842890501022339,-29.129398345947266,55.43060302734375
2,463520,19.497333526611328,-2.953874349594116,22.86142349243164,7.267758369445801
2,463521,6.429091453552246,11.228896141052246,-24.260435104370117,-59.174964904785156
2,463524,-29.734037399291992,2.2528727054595947,-13.063444137573242,7.779434680938721
2,463525,22.8801326751709,1.5850218534469604,76.9247817993164,25.018835067749023
2,463528,15.558913230895996,-0.9550119042396545,-16.658811569213867,-16.30148696899414
2,463529,-24.772310256958008,5.107468128204346,-58.00107955932617,15.86902141571045
2,463532,-14.724933624267578,-17.897491455078125,0.8430820107460022,-5.039193153381348
2,463533,4.463418483734131,-16.533931732177734,19.671533584594727,-20.307151794433594
2,463536,10.624418258666992,15.622797012329102,33.44941329956055,11.652860641479492
2,463537,-7.640628337860107,-11.433545112609863,-28.055932998657227,-46.12986755371094
2,463540,-15.874471664428711,-28.601709365844727,-38.510711669921875,68.09133911132812
2,463541,28.01323127746582,13.134891510009766,27.16022300720215,88.45034790039062
2,463544,17.025144577026367,41.877567291259766,10.342927932739258,-107.10234832763672
2,463545,-29.473934173583984,11.600244522094727,-0.48740479350090027,-4.606651782989502
2,463741,-15.108479499816895,-25.09215545654297,2.069129705429077,28.588592529296875
2,463741,8.578614234924316,-9.765721321105957,-20.47662925720215,-47.91462326049805
2,463741,-4.642930030822754,16.735727310180664,-5.075097560882568,25.467147827148438
2,463741,0.27162396907806396,13.747762680053711,12.75057315826416,11.691904067993164
2,463741,28.722576141357422,-3.582866907119751,9.981952667236328,-23.650707244873047
2,463741,-0.7913963198661804,-5.583237648010254,-10.26884651184082,7.586800575256348
2,463742,-18.35304069519043,-5.147093296051025,1.2051153182983398,12.98530387878418
2,463742,-6.70584774017334,-14.400944709777832,24.342344284057617,-13.461774826049805
2,463742,-2.3347604274749756,-12.806695938110352,-4.234404563903809,-5.026531219482422
2,463742,9.931279182434082,6.264904022216797,-27.98645782470703,9.854487419128418
2,463742,-4.517447471618652,1.5726656913757324,5.634523391723633,9.451981544494629
2,463742,2.4675090312957764,-10.449129104614258,15.280935287475586,4.741118431091309
2,463743,24.14975357055664,12.618350982666016,-8.027442932128906,-3.059051513671875
2,463743,-5.598308563232422,15.171207427978516,9.578472137451172,-1.8552981615066528
2,463743,-17.84854507446289,-9.77758502960205,9.889150619506836,0.8138571977615356
2,463743,5.2738142013549805,-7.226631164550781,-5.969798564910889,5.270886421203613
2,463743,-4.527890205383301,9.495657920837402,5.11125373840332,-5.608105182647705
2,463744,0.5749899744987488,7.705285549163818,9.865959167480469,-11.18457317352295
2,463744,18.718046188354492,5.929162502288818,-6.12277889251709,-5.854309558868408
2,463744,-4.035888671875,6.5431809425354,-3.8957364559173584,-3.8015871047973633
2,463744,-11.477245330810547,-6.511429786682129,6.323770999908447,0.6209492087364197
2,463744,1.0593268871307373,-5.845351219177246,-1.5579124689102173,-4.038072109222412
2,463744,9.338040351867676,0.8923441171646118,-23.553884506225586,15.60208511352539
2,463745,11.471290588378906,-15.393656730651855,-10.67324447631836,-2.787640333175659
2,463745,-23.329999923706055,-13.369818687438965,16.07829475402832,-17.578521728515625
2,463745,-11.326420783996582,21.003868103027344,-2.9574503898620605,15.821346282958984
2,463745,32.104736328125,21.5693416595459,-3.874790668487549,2.951524019241333
2,463745,-11.190529823303223,-26.259435653686523,-8.160908699035645,-7.482363700866699
2,463745,-26.716821670532227,-22.204696655273438,-6.401960849761963,-6.874326705932617
2,463746,6.654285907745361,18.402297973632812,10.345491409301758,8.725762367248535
2,463746,7.524316787719727,2.003288507461548,8.811690330505371,15.661776542663574
2,463746,9.503716468811035,-0.5785371661186218,-5.363223075866699,-18.09943199157715
2,463746,-2.313264846801758,8.183125495910645,-16.582143783569336,2.0604164600372314
2,463746,-12.701253890991211,-10.315787315368652,7.195959091186523,32.670074462890625
2,463746,-2.889040946960449,0.7921072244644165,11.18541431427002,1.5604865550994873
2,463747,8.747208595275879,5.149486064910889,0.18103861808776855,-19.092201232910156
2,463747,16.304052352905273,5.616068363189697,-6.28423547744751,13.493256568908691
2,463747,-0.8440507650375366,10.62551498413086,9.706703186035156,7.747199058532715
2,463747,-0.2988342046737671,-19.73543357849121,6.432383060455322,-30.1762638092041
2,463747,-9.054129600524902,-11.437410354614258,-25.5481014251709,16.832921981811523
2,463747,-28.35894203186035,24.23698616027832,10.574409484863281,31.468210220336914
2,463748,11.865976333618164,12.323622703552246,20.343355178833008,-29.021610260009766
2,463748,21.15925407409668,-7.858121871948242,-14.500929832458496,-23.67337989807129
2,463748,-14.85947322845459,-13.937209129333496,-4.440847396850586,9.337230682373047
2,463748,-4.900176525115967,1.0147521495819092,5.268338680267334,13.052511215209961
2,463748,18.213607788085938,18.518428802490234,-11.635563850402832,-8.851160049438477
2,463748,-2.720046043395996,-23.053245544433594,-1.2786157131195068,-27.525203704833984
2,463749,-7.621057987213135,-22.086185455322266,18.40520477294922,1.1004421710968018
2,463749,12.977899551391602,25.513471603393555,8.72974967956543,17.026714324951172
2,463749,2.7163870334625244,6.443432807922363,-0.1553659737110138,-8.626213073730469
2,463749,-5.111886024475098,-2.5996854305267334,10.122326850891113,-15.053596496582031
2,463749,8.488402366638184,6.029092311859131,0.2827856242656708,26.649959564208984
2,463749,0.949640691280365,-4.815740585327148,-10.356588363647461,22.88816261291504
2,463750,-8.232897758483887,-4.314272403717041,13.77255630493164,-25.67673683166504
2,463750,-7.571151256561279,9.795087814331055,5.664022922515869,12.966495513916016
2,463750,-3.6256494522094727,2.8961076736450195,-31.362688064575195,11.185436248779297
2,463750,5.245418548583984,-5.512508869171143,-7.408511161804199,-24.933435440063477
2,463750,-8.490325927734375,5.8920416831970215,15.247637748718262,24.41062355041504
2,463751,1.4620845317840576,-3.4549365043640137,-10.407382011413574,8.435125350952148
2,463751,12.102853775024414,-9.506354331970215,9.813492774963379,-20.158065795898438
2,463751,-0.0886673554778099,-0.013421006500720978,-6.034268856048584,-10.561612129211426
2,463751,3.525735378265381,7.124239444732666,-21.107898712158203,-14.984895706176758
2,463751,-5.522209644317627,8.880497932434082,13.096330642700195,1.9266152381896973
2,463751,-4.263928413391113,-18.170543670654297,-7.096506595611572,4.0216779708862305
2,463751,-1.4583921432495117,-19.18813133239746,6.435440540313721,-6.148682117462158
2,463752,-13.050782203674316,24.708942413330078,27.371156692504883,2.1541342735290527
2,463752,6.968754768371582,21.83721923828125,-15.291281700134277,10.626062393188477
2,463752,6.314168930053711,-9.3879976272583,-19.799476623535156,-5.451073169708252
2,463752,-23.068660736083984,-16.75144386291504,19.677722930908203,-4.111581802368164
2,463752,-3.8532516956329346,1.6513009071350098,3.3558645248413086,7.036715507507324
2,463752,30.148326873779297,13.175283432006836,-27.666351318359375,4.5699968338012695
2,463753,-2.7263169288635254,-22.08806037902832,23.290395736694336,4.328467845916748
2,463753,-23.29880142211914,-19.694625854492188,30.089120864868164,8.902908325195312
2,463753,12.538159370422363,20.056617736816406,-23.79006576538086,6.855552673339844
2,463753,25.101499557495117,7.690267086029053,-16.544931411743164,-19.630260467529297
2,463753,-6.203872203826904,-0.12701059877872467,-1.1503446102142334,-7.982520580291748
2,463754,-21.639949798583984,10.138328552246094,3.1933951377868652,18.112207412719727
2,463754,10.461164474487305,-16.717182159423828,4.3234639167785645,-8.85095500946045
2,463754,12.89068603515625,-11.620823860168457,6.361295700073242,-6.088898658752441
2,463754,-3.8747456073760986,24.204030990600586,15.167435646057129,16.793975830078125
2,463754,2.7098166942596436,18.017932891845703,-22.94490623474121,-12.41451358795166
2,463754,-6.0025129318237305,0.04345036298036575,-25.617094039916992,-14.77220344543457
2,463755,-14.127781867980957,-22.09848976135254,32.51942443847656,7.670851230621338
2,463755,16.96489143371582,-0.6171861290931702,18.653947830200195,3.9016034603118896
2,463755,1.9288921356201172,16.044147491455078,-26.53281593322754,-2.6386311054229736
2,463755,-15.965018272399902,-15.845470428466797,-2.608459949493408,3.867500066757202
2,463755,33.1738395690918,6.550812244415283,11.793991088867188,-6.907773971557617
2,463755,8.441056251525879,6.406399250030518,-10.410343170166016,-23.229450225830078
2,463756,-30.228063583374023,-21.1468448638916,1.000561237335205,19.003076553344727
2,463756,-3.9186108112335205,-2.150916576385498,1.5809297561645508,29.05392837524414
2,463756,-1.0420536994934082,16.692567825317383,7.04209566116333,1.0446146726608276
2,463756,10.192687034606934,14.364592552185059,9.620400428771973,-3.181291341781616
2,463756,11.050337791442871,-12.133711814880371,-21.1159610748291,-14.700188636779785
2,463756,-15.539472579956055,3.9728269577026367,3.0773565769195557,-6.402832508087158
2,463757,10.445673942565918,24.3201847076416,22.757850646972656,2.143967390060425
2,463757,5.04090690612793,-26.6163387298584,-18.89497184753418,10.929043769836426
2,463757,-26.737430572509766,-27.044340133666992,-15.367921829223633,19.349742889404297
2,463758,-17.149169921875,5.380059242248535,19.207242965698242,-4.924686431884766
2,463758,9.45972728729248,-2.060878038406372,-3.4877512454986572,-24.71458625793457
2,463759,24.34611701965332,-0.8563514351844788,-3.810025691986084,0.4539830684661865
2,463759,-15.884597778320312,-1.301719307899475,12.443963050842285,14.231724739074707
2,463759,-15.398832321166992,23.633180618286133,-10.968769073486328,-6.609098434448242
2,463759,28.83219337463379,10.289111137390137,-8.778474807739258,4.4370293617248535
2,463759,8.934846878051758,-31.808475494384766,-2.9349043369293213,-1.9144178628921509
2,463759,-30.990154266357422,-3.1859283447265625,-4.5401787757873535,-14.093388557434082
2,463760,-4.795524597167969,6.753451347351074,3.358586311340332,8.435331344604492
2,463761,27.58029556274414,11.004180908203125,-3.352271318435669,8.490804672241211
2,463762,3.735151529312134,16.92674446105957,-3.343749761581421,-15.394277572631836
2,463763,-1.0153453350067139,12.070366859436035,47.116153717041016,7.325251579284668
2,463766,3.2271978855133057,10.344525337219238,13.436005592346191,19.64982795715332
2,463768,-1.6375257968902588,-19.955747604370117,-58.28588104248047,-34.73710250854492
2,463770,4.582744598388672,-24.21451759338379,13.638303756713867,-10.14905834197998
2,463772,-16.52580451965332,-10.963141441345215,16.6814022064209,30.749797821044922
2,463774,28.01468849182129,20.790441513061523,-6.978133201599121,0.7250590324401855
2,463776,45.021183013916016,27.58161163330078,28.14051628112793,1.8201260566711426
2,463778,-73.25511932373047,-46.222957611083984,-24.45778465270996,7.043618679046631
2,463780,-77.40109252929688,-66.01605224609375,-29.928651809692383,-13.411383628845215
2,463782,-52.18318176269531,-41.26630783081055,-31.88521957397461,-3.080944538116455
2,463784,4.539638042449951,15.733416557312012,-27.132871627807617,22.262714385986328
2,463786,153.82437133789062,138.71249389648438,61.17619323730469,10.379779815673828
2,463788,77.8790283203125,88.67660522460938,61.85714340209961,-10.053366661071777
2,463790,-59.612754821777344,-79.06568908691406,-13.28559398651123,-16.81578826904297
2,463792,-34.94355392456055,-64.93451690673828,-39.4782829284668,-26.444244384765625
2,463795,6.813528537750244,17.42828941345215,6.712279319763184,-13.860929489135742
2,463796,6.853969573974609,36.78081512451172,48.71917724609375,12.69274616241455
2,463799,-1.8229807615280151,13.659677505493164,6.378838539123535,14.923309326171875
2,463800,21.54230308532715,-3.8641533851623535,-33.496681213378906,14.157757759094238
2,463803,2.9665985107421875,5.147933006286621,-1.3068758249282837,3.853238582611084
2,463804,-33.7252197265625,-33.917259216308594,-14.527078628540039,-16.2347412109375
2,463807,-8.628955841064453,-25.634584426879883,-26.766347885131836,9.12951374053955
2,463808,-12.943395614624023,-0.7214810252189636,13.088850021362305,1.8463380336761475
2,463809,-20.673452377319336,-25.365942001342773,-8.73369026184082,-26.841554641723633
2,464004,-3.4861652851104736,2.5613889694213867,-9.926376342773438,27.122089385986328
2,464005,18.35418701171875,23.76780891418457,30.080570220947266,39.79828643798828
2,464005,8.253725051879883,4.397538661956787,-7.903601169586182,-18.2104434967041
2,464005,2.302098274230957,10.639105796813965,-14.264792442321777,-28.834199905395508
2,464005,12.305902481079102,10.121492385864258,20.745346069335938,-4.662293434143066
2,464005,-4.952721118927002,-11.049582481384277,9.68869400024414,6.648097991943359
2,464005,7.779736042022705,-2.9210381507873535,-2.180372953414917,-7.511219024658203
2,464006,8.28857135772705,8.072661399841309,-0.9690600037574768,-16.951814651489258
2,464006,-19.541454315185547,-12.265788078308105,-12.554019927978516,9.271544456481934
2,464006,-26.48261833190918,-18.048219680786133,-20.473745346069336,12.82894229888916
2,464006,-10.384757995605469,19.348207473754883,2.5488932132720947,-8.009764671325684
2,464006,-5.487769603729248,-0.16811785101890564,17.120033264160156,3.797632932662964
2,464006,8.438668251037598,-7.9740095138549805,-6.211909294128418,7.8022284507751465
2,464007,34.637123107910156,31.61892318725586,-17.39862823486328,-16.42707061767578
2,464007,19.08318519592285,-21.732553482055664,5.052389144897461,-1.793946623802185
2,464007,-14.3331298828125,-20.195987701416016,19.796533584594727,30.16483497619629
2,464007,-12.245280265808105,26.713167190551758,20.648529052734375,-4.366223335266113
2,464007,11.552651405334473,-6.0629496574401855,2.973233699798584,-15.70588493347168
2,464007,3.6387460231781006,-15.08149242401123,-8.6566801071167,14.608798027038574
2,464008,-23.060415267944336,7.698856353759766,-13.935327529907227,6.629497051239014
2,464008,-8.909056663513184,6.182663917541504,10.80062198638916,10.714468002319336
2,464008,17.847192764282227,4.388781547546387,27.10504722595215,5.369635105133057
2,464008,10.447309494018555,13.252772331237793,-9.234153747558594,-12.764545440673828
2,464008,8.222785949707031,21.44152069091797,-10.802136421203613,6.597438335418701
2,464008,24.160507202148438,0.9827142953872681,14.817654609680176,4.277312755584717
2,464009,7.854626178741455,-19.379281997680664,13.811039924621582,-13.810002326965332
2,464009,-21.99358367919922,1.8251582384109497,-9.446283340454102,3.3727447986602783
2,464009,-6.355764865875244,2.4132602214813232,-12.76011848449707,1.0631768703460693
2,464009,9.770821571350098,-10.587425231933594,-1.6916574239730835,-15.870696067810059
2,464009,-11.498541831970215,-11.446551322937012,-5.928988456726074,7.104018211364746
2,464010,0.7947731614112854,-6.890915393829346,-9.814558982849121,10.697264671325684
2,464010,17.007217407226562,3.1880860328674316,0.2565855383872986,-15.959098815917969
2,464010,-6.811760902404785,-5.349041938781738,3.656773090362549,-2.707951545715332
2,464010,-9.24610424041748,-4.372800350189209,-1.2906835079193115,18.602895736694336
2,464010,4.878582000732422,26.867788314819336,7.174309730529785,-10.21921443939209
2,464010,-3.773686647415161,5.145830154418945,9.39146900177002,-29.915620803833008
2,464011,-19.55813217163086,-24.393701553344727,-2.5949320793151855,-5.13978385925293
2,464011,-6.653019905090332,1.9727293252944946,-5.677263259887695,18.541643142700195
2,464011,7.577820777893066,13.10846996307373,-2.113884449005127,6.912670612335205
2,464011,-4.134033679962158,-10.485675811767578,-8.034547805786133,-14.10600757598877
2,464011,-12.719016075134277,-27.010583877563477,-10.03487777709961,8.793946266174316
2,464011,-24.236984252929688,3.0156357288360596,-5.7735066413879395,-4.40977144241333
2,464012,-4.376316547393799,32.957923889160156,-9.688969612121582,-29.191762924194336
2,464012,26.465463638305664,-0.3751218616962433,-1.8304448127746582,15.023982048034668
2,464012,-3.646038293838501,-17.255504608154297,16.813093185424805,9.35382080078125
2,464012,-5.415313720703125,11.752401351928711,-0.31202614307403564,-2.1872148513793945
2,464012,21.313819885253906,-9.314565658569336,-11.797693252563477,11.398958206176758
2,464012,-6.048635482788086,-26.887245178222656,13.290104866027832,-14.717413902282715
2,464013,-10.440512657165527,8.878863334655762,24.598421096801758,7.786024570465088
2,464013,23.09172821044922,20.633197784423828,8.844136238098145,12.229588508605957
2,464013,8.263026237487793,11.65470027923584,-8.60219955444336,-20.72085189819336
2,464013,-12.97332763671875,-3.195631980895996,-2.7305798530578613,-6.642136573791504
2,464013,-3.3614675998687744,-21.203643798828125,2.609163522720337,12.337152481079102
2,464013,18.060997009277344,19.720582962036133,-7.965888977050781,1.8913682699203491
2,464014,17.738351821899414,18.704673767089844,-5.621655464172363,-5.0812578201293945
2,464014,-17.785415649414062,-29.1694393157959,5.807988166809082,9.35143756866455
2,464014,-29.166534423828125,-2.230381727218628,-14.77090072631836,6.388221263885498
2,464014,-9.293380737304688,6.998161792755127,-13.739672660827637,8.776981353759766
2,464014,-2.871450901031494,-4.843384265899658,8.694486618041992,12.972162246704102
2,464015,-11.538537979125977,6.186567306518555,-18.288482666015625,-12.767942428588867
2,464015,-8.184197425842285,-11.381277084350586,-4.7914137840271,-5.66435432434082
2,464015,-3.918240547180176,-5.671609401702881,15.799952507019043,24.076120376586914
2,464015,10.745950698852539,21.502639770507812,-2.0962233543395996,-0.6778066158294678
2,464015,23.179458618164062,-12.343424797058105,4.619546413421631,-14.415843963623047
2,464015,-4.784966945648193,-15.366168975830078,-4.563279151916504,16.726043701171875
2,464016,3.252692222595215,17.606657028198242,6.793399333953857,5.532877445220947
2,464016,37.362083435058594,4.634039878845215,8.371081352233887,-3.4836254119873047
2,464016,4.906687259674072,2.564058303833008,-2.280275344848633,-0.3767589330673218
2,464016,-10.423726081848145,9.988725662231445,-4.326915264129639,-27.68661117553711
2,464016,18.577184677124023,8.523726463317871,-8.416203498840332,0.03488041087985039
2,464016,18.041118621826172,-7.53955078125,20.634538650512695,18.835567474365234
2,464017,-5.974343299865723,-11.657242774963379,5.83116340637207,-15.108048439025879
2,464017,-13.06390380859375,20.036027908325195,-8.702605247497559,-4.392696380615234
2,464017,5.847815990447998,13.163824081420898,15.258776664733887,1.3144086599349976
2,464017,5.998114109039307,-2.797909736633301,14.986170768737793,-31.98702049255371
2,464017,-17.025634765625,-1.7811428308486938,-12.998705863952637,-19.56069564819336
2,464017,-0.4540313482284546,-14.694765090942383,-13.381318092346191,21.558122634887695
2,464018,6.09092903137207,-4.668158054351807,7.847663402557373,20.151264190673828
2,464018,-18.89773178100586,-0.8756420612335205,-3.2701961994171143,11.23757266998291
2,464018,2.824772357940674,-17.082971572875977,6.724405765533447,6.0558295249938965
2,464018,7.300787925720215,-0.44625425338745117,4.027529239654541,-12.279451370239258
2,464018,-3.615757703781128,7.188467979431152,-18.922292709350586,1.4743655920028687
2,464018,-17.127710342407227,-13.4662446975708,-6.7748918533325195,13.588457107543945
2,464019,-18.42823028564453,-0.5111367702484131,-0.5124447345733643,-13.4234619140625
2,464019,11.55469036102295,9.242263793945312,6.892534255981445,1.9672329425811768
2,464019,1.7546552419662476,-8.480263710021973,-1.0545730590820312,11.677245140075684
2,464019,-7.045956611633301,2.6596016883850098,-17.499309539794922,-20.18478775024414
2,464019,-11.273078918457031,16.79728126525879,-3.403710126876831,-13.420870780944824
2,464019,1.6308517456054688,-5.834646701812744,8.915716171264648,-4.82769250869751
2,464020,12.041999816894531,-4.249221324920654,8.622329711914062,8.792333602905273
2,464020,6.556677341461182,9.909231185913086,3.408447742462158,24.832366943359375
2,464020,14.189990997314453,0.3347034156322479,8.429654121398926,-2.8969624042510986
2,464020,-11.077850341796875,-6.261966705322266,1.681362271308899,-13.276267051696777
2,464020,-2.8588318824768066,8.863249778747559,-13.60566234588623,5.218761920928955
2,464020,18.7579345703125,14.594888687133789,-1.377803087234497,5.113847732543945
2,464021,-5.150859832763672,-16.371055603027344,5.667579650878906,7.965851783752441
2,464021,2.9139137268066406,-3.7789716720581055,18.00754165649414,9.063032150268555
2,464022,29.20258331298828,18.366893768310547,22.612911224365234,27.892024993896484
2,464022,-0.2474307417869568,6.319484233856201,-11.248708724975586,9.223219871520996
2,464022,-25.41255760192871,4.798247814178467,-18.205032348632812,-40.98479080200195
2,464023,14.862776756286621,-13.591523170471191,0.41335514187812805,-2.6849913597106934
2,464023,8.59618854522705,-8.816633224487305,-3.738001585006714,17.608781814575195
2,464023,-13.44336986541748,6.14319372177124,-11.941534042358398,-5.168612480163574
2,464023,4.746510028839111,-9.281865119934082,8.306208610534668,0.7845945954322815
2,464023,-18.10262107849121,-3.74535870552063,21.414112091064453,-7.487609386444092
2,464023,-5.501359939575195,-6.663377285003662,-10.377618789672852,-12.483820915222168
2,464025,0.36773109436035156,-7.821231842041016,-34.29939270019531,-27.68136215209961
2,464026,-22.35091781616211,38.19145584106445,-13.56685733795166,-50.647647857666016
2,464027,35.37235641479492,48.956390380859375,26.13536262512207,12.575480461120605
2,464030,28.577091217041016,-51.48540115356445,28.442712783813477,88.55622100830078
2,464031,-83.60848999023438,-131.49221801757812,-25.063488006591797,31.955848693847656
2,464034,-106.68241119384766,-10.173257827758789,-24.206850051879883,-75.99002075195312
2,464035,31.35183334350586,100.35122680664062,36.67161178588867,-35.99522399902344
2,464038,129.40830993652344,37.271514892578125,12.13792610168457,54.079193115234375
2,464039,24.36465835571289,3.1202404499053955,-22.339637756347656,20.17295265197754
2,464042,-41.12535095214844,-13.827346801757812,-1.696829080581665,-32.12227249145508
2,464043,1.6891013383865356,-13.526681900024414,5.198646068572998,-3.027890682220459
2,464046,6.374495506286621,44.91977310180664,19.247615814208984,16.007070541381836
2,464048,21.723573684692383,29.580591201782227,-6.2687249183654785,8.541584968566895
2,464050,104.5879898071289,29.669775009155273,-9.517799377441406,-27.499980926513672
2,464052,73.2866439819336,-3.5706660747528076,19.11149024963379,-40.084651947021484
2,464054,-208.97523498535156,-166.35745239257812,-42.13945388793945,32.203834533691406
2,464056,-305.6410827636719,-151.68862915039062,-50.20527648925781,61.19118881225586
2,464058,74.26870727539062,68.22464752197266,20.108131408691406,44.63920593261719
2,464060,234.95523071289062,177.70504760742188,49.87531280517578,-15.886292457580566
2,464062,41.82488250732422,49.205814361572266,27.004783630371094,-75.09358215332031
2,464064,17.74151611328125,-68.24591827392578,-23.828990936279297,-44.413368225097656
2,464066,-45.167327880859375,-1.8299095630645752,-16.090890884399414,27.97175407409668
2,464068,-55.762123107910156,25.096071243286133,8.097107887268066,35.31230163574219
2,464070,27.010643005371094,-3.5418431758880615,10.70749282836914,-15.194917678833008
2,464072,23.55170249938965,11.74485969543457,13.408186912536621,-19.21430778503418
2,464074,63.2476692199707,22.154457092285156,12.107414245605469,4.5151519775390625
2,464076,85.02926635742188,25.35926055908203,31.532657623291016,3.376093864440918
2,464079,-56.25691604614258,-30.214012145996094,-28.555328369140625,-21.04294204711914
2,464271,-128.57814025878906,-53.490726470947266,-41.26884460449219,20.632966995239258
2,464271,3.8325319290161133,-8.140854835510254,35.45848083496094,53.13818359375
2,464272,8.748785972595215,-19.51051902770996,-1.1287978887557983,-6.84823751449585
2,464272,-37.503746032714844,-25.22882080078125,-41.14181137084961,-15.419286727905273
2,464272,-11.421667098999023,-6.478598117828369,-7.558018207550049,13.626474380493164
2,464272,12.39530086517334,24.863832473754883,15.546701431274414,2.489086389541626
2,464272,24.862537384033203,47.54120635986328,0.08631939440965652,-27.368398666381836
2,464272,19.117969512939453,15.6709566116333,-2.518624782562256,-20.75325584411621
2,464273,40.50090026855469,0.17885829508304596,-2.500464916229248,4.5626325607299805
2,464273,17.574514389038086,-5.444056034088135,-8.82599925994873,-20.462745666503906
2,464273,-38.971553802490234,-19.352943420410156,18.387832641601562,3.523451805114746
2,464273,-26.020572662353516,-27.079458236694336,9.842552185058594,23.84124183654785
2,464273,2.643228769302368,-26.169748306274414,-11.940957069396973,-3.316492795944214
2,464273,-18.6889591217041,11.647088050842285,-4.088055610656738,24.21638298034668
2,464274,-11.61390209197998,18.711732864379883,11.022308349609375,10.07320785522461
2,464274,16.684185028076172,16.35368537902832,8.003596305847168,-25.306867599487305
2,464274,-0.6347637176513672,35.43124008178711,-15.778022766113281,-3.4783663749694824
2,464274,14.363059997558594,-4.791805267333984,1.6943095922470093,14.200617790222168
2,464274,34.14546585083008,-10.022245407104492,17.075132369995117,5.7861480712890625
2,464274,16.30565071105957,14.459808349609375,1.728060245513916,-2.511852979660034
2,464275,-15.045071601867676,-0.08923854678869247,-12.567734718322754,2.6227571964263916
2,464275,-28.554195404052734,-10.371232032775879,-3.7397093772888184,4.326145648956299
2,464275,2.2011821269989014,-29.62221336364746,-4.6835713386535645,-24.53060531616211
2,464275,-1.3509641885757446,-21.073671340942383,-17.97791862487793,-1.4500811100006104
2,464275,-8.651013374328613,8.645456314086914,-6.071660995483398,39.1014404296875
2,464276,2.8890483379364014,15.559309959411621,2.063754081726074,-4.268925666809082
2,464276,2.7640421390533447,2.0465710163116455,19.448055267333984,-35.403934478759766
2,464276,19.57699966430664,14.791180610656738,7.216147422790527,-23.04692840576172
2,464276,4.872448921203613,19.919517517089844,-17.632352828979492,-1.382427453994751
2,464276,-19.939489364624023,-23.419445037841797,3.81805682182312,23.619609832763672
2,464276,-0.8675260543823242,-12.706045150756836,15.653965950012207,20.00800323486328
2,464277,-4.035669326782227,22.0255126953125,0.7480978965759277,-5.921640872955322
2,464277,-6.949906826019287,2.9959657192230225,-12.002860069274902,-1.8620038032531738
2,464277,2.197611093521118,-18.532617568969727,-0.965783417224884,1.2279527187347412
2,464277,5.091198444366455,-12.97040843963623,18.15693473815918,0.6335821747779846
2,464277,9.798543930053711,14.925568580627441,9.987378120422363,19.751283645629883
2,464277,1.2425062656402588,25.49300193786621,-3.4450411796569824,-4.52074670791626
2,464278,4.939867973327637,-8.090176582336426,-13.243816375732422,-22.698040008544922
2,464278,-1.5389859676361084,-15.06010913848877,-21.025541305541992,-4.590335369110107
2,464278,-1.8043678998947144,12.927046775817871,4.021158218383789,14.990262985229492
2,464278,-11.852230072021484,3.3711774349212646,21.936948776245117,26.5236759185791
2,464278,-10.36036205291748,-16.793346405029297,-5.501891136169434,-11.31800365447998
2,464278,12.49549388885498,-18.059236526489258,-20.387432098388672,-27.87090492248535
2,464279,-6.406858444213867,-19.008438110351562,4.6326117515563965,13.478062629699707
2,464279,-3.9429283142089844,-0.4746071398258209,5.78340482711792,13.22717571258545
2,464279,2.4124178886413574,23.928937911987305,-0.35501548647880554,-11.518726348876953
2,464279,14.179707527160645,8.809355735778809,11.874382019042969,-10.20689868927002
2,464279,9.730475425720215,-2.73347544670105,-5.948112487792969,-3.6309845447540283
2,464279,-18.398115158081055,6.314112663269043,-0.8275267481803894,3.169508218765259
2,464280,10.495915412902832,1.7577704191207886,9.416519165039062,-5.088164329528809
2,464280,6.280793190002441,6.843931198120117,-0.5151987671852112,-19.667835235595703
2,464280,-20.52577018737793,-0.6749476790428162,1.2373782396316528,-7.435113430023193
2,464280,-2.0088212490081787,-11.094019889831543,-6.865877628326416,6.240355491638184
2,464280,13.344314575195312,1.016745924949646,6.989234924316406,9.974979400634766
2,464280,-5.937234878540039,5.9132080078125,-0.5498324036598206,2.592010736465454
2,464281,-1.4492689371109009,-14.101277351379395,-11.86377239227295,-16.564926147460938
2,464281,16.170671463012695,-19.661251068115234,16.652006149291992,9.416108131408691
2,464281,-6.441165447235107,6.044421672821045,-5.49318265914917,25.907888412475586
2,464281,12.379456520080566,4.1941819190979,-19.605117797851562,-4.266779899597168
2,464281,24.960163116455078,-3.232700824737549,11.748461723327637,-8.056477546691895
2,464281,-22.20893096923828,5.529049396514893,-7.744802951812744,-0.10658685117959976
2,464282,-32.00285339355469,-27.62885856628418,-18.53302574157715,-2.8448026180267334
2,464282,-5.20823335647583,-38.68619918823242,12.094099044799805,1.7169592380523682
2,464282,-10.762042999267578,15.136702537536621,15.026013374328613,19.032522201538086
2,464282,-3.5261340141296387,35.747764587402344,-4.736351490020752,0.8442491292953491
2,464282,27.16541862487793,2.54510235786438,-14.8756103515625,-35.29988098144531
2,464283,-22.126672744750977,-11.535114288330078,14.357048034667969,13.704154014587402
2,464283,-37.20994186401367,11.873502731323242,16.94952392578125,35.628292083740234
2,464283,25.964813232421875,8.899813652038574,-4.825038909912109,-10.506840705871582
2,464283,19.998825073242188,-2.2038774490356445,-3.7163689136505127,-18.680713653564453
2,464283,-13.472233772277832,23.933002471923828,-0.9059420228004456,-13.640140533447266
2,464283,-1.0136256217956543,22.90388298034668,-1.240492582321167,5.1462836265563965
2,464284,14.96118450164795,-5.295376300811768,-8.064637184143066,4.271561622619629
2,464284,4.250444412231445,12.831408500671387,13.662434577941895,-9.582120895385742
2,464284,2.8462767601013184,4.452434062957764,5.358264446258545,-1.8355246782302856
2,464284,14.498671531677246,-2.9920096397399902,-17.33983612060547,-10.894091606140137
2,464284,6.988585472106934,7.8599534034729,-5.541337966918945,-4.704735279083252
2,464284,-19.797897338867188,-22.125764846801758,9.095474243164062,29.517793655395508
2,464285,-10.11722469329834,1.8831983804702759,20.752267837524414,13.309317588806152
2,464285,14.016681671142578,18.702598571777344,-2.9282655715942383,-26.703020095825195
2,464285,6.173098564147949,-9.035931587219238,-9.877565383911133,1.3606433868408203
2,464285,-12.316073417663574,-3.956251382827759,13.267379760742188,23.077911376953125
2,464285,-9.496549606323242,-10.581127166748047,14.944047927856445,12.144564628601074
2,464285,14.472475051879883,2.6616086959838867,-11.672780990600586,-2.715212821960449
2,464286,-3.956697702407837,15.116663932800293,-14.03274917602539,-15.110346794128418
2,464286,-26.114208221435547,-16.525352478027344,4.401276111602783,10.20837688446045
2,464286,8.806831359863281,-3.070211410522461,-13.589829444885254,-1.0576589107513428
2,464286,22.09587860107422,0.008658080361783504,-1.6446224451065063,-15.361091613769531
2,464286,-10.815193176269531,-25.113788604736328,11.604660987854004,14.507146835327148
2,464286,-2.959685802459717,-0.40009456872940063,0.9611278176307678,7.185009002685547
2,464287,33.7231330871582,9.04044246673584,-5.928038597106934,-15.434648513793945
2,464287,14.750700950622559,-12.750800132751465,-9.14768123626709,3.3805294036865234
2,464287,-7.5392231941223145,-4.913794040679932,6.606810569763184,23.839801788330078
2,464287,1.019126534461975,11.090778350830078,8.18928050994873,-3.4116249084472656
2,464287,10.201598167419434,16.048664093017578,-0.16011492908000946,-26.31083106994629
2,464287,13.020814895629883,-9.239607810974121,-4.747725486755371,2.2467823028564453
2,464288,-3.128551721572876,-22.901954650878906,-0.6371643543243408,22.734020233154297
2,464289,8.025297164916992,7.938722610473633,-4.833123207092285,20.057376861572266
2,464289,14.110218048095703,9.694907188415527,7.446722984313965,11.48775577545166
2,464289,-25.73863983154297,-10.17871379852295,-4.431411266326904,-7.727947235107422
2,464289,-36.268959045410156,2.2854015827178955,-26.800617218017578,1.3879940509796143
2,464290,5.626253604888916,19.01426887512207,6.875180244445801,-15.551673889160156
2,464290,24.960315704345703,-27.135251998901367,17.318078994750977,-36.9782600402832
2,464290,-14.026987075805664,-18.20181655883789,8.348060607910156,-0.37944671511650085
2,464290,-21.679975509643555,26.932926177978516,-12.594489097595215,7.521886348724365
2,464291,19.640705108642578,-8.38353443145752,-0.9652950763702393,-56.6707763671875
2,464292,-16.426044464111328,-6.066269874572754,28.68518829345703,-34.567386627197266
2,464294,-48.923458099365234,29.603900909423828,-9.58469295501709,42.999752044677734
2,464296,4.96533727645874,37.71129608154297,6.343512535095215,-2.685822010040283
2,464298,20.179080963134766,-20.131755828857422,8.761136054992676,-6.253915309906006
2,464300,14.13863468170166,-28.070575714111328,-41.71001434326172,29.73182487487793
2,464302,-9.507462501525879,28.6778507232666,-6.4601030349731445,35.5030632019043
2,464304,3.5052733421325684,5.631677627563477,20.89704132080078,12.442588806152344
2,464306,29.9102840423584,-5.830051422119141,18.199886322021484,-29.587203979492188
2,464308,-43.5717658996582,-21.00227165222168,-36.789306640625,6.188177108764648
2,464310,-36.64009475708008,-23.052616119384766,-24.98307228088379,-0.30335885286331177
2,464312,45.86912155151367,19.565889358520508,53.08991241455078,-21.562463760375977
2,464314,41.33081817626953,4.492611408233643,4.51581335067749,50.93569564819336
2,464316,8.230521202087402,3.3949103355407715,6.8868184089660645,47.93269348144531
2,464318,-18.02412986755371,5.46390962600708,14.661280632019043,-50.833953857421875
2,464320,-45.87651443481445,-28.436670303344727,-49.83811569213867,-52.52098846435547
2,464322,-5.495710372924805,-6.188480854034424,-11.839744567871094,1.866790771484375
2,464324,47.287384033203125,38.60981750488281,36.782840728759766,7.740736484527588
2,464326,11.490571022033691,11.71084213256836,-13.267966270446777,5.869344234466553
2,464328,-15.908570289611816,-31.017005920410156,-25.401473999023438,41.16738510131836
2,464330,2.4941577911376953,-6.554138660430908,20.738643646240234,16.52161979675293
2,464332,-13.305070877075195,24.27079200744629,19.809221267700195,-48.73496627807617
2,464335,32.63869857788086,5.887683391571045,16.878385543823242,-34.176326751708984
2,464336,41.44219207763672,-11.846657752990723,13.22158145904541,9.018649101257324
2,464339,-110.1889877319336,-34.85495376586914,-53.5827522277832,18.180770874023438
2,464340,-72.5116195678711,-5.6224493980407715,-34.69738006591797,-7.587879180908203
2,464343,134.4288787841797,82.21900177001953,51.16725158691406,-1.0136542320251465
2,464536,69.63652038574219,-6.155097961425781,18.730253219604492,17.79010009765625
2,464536,-88.74365234375,-70.25592041015625,-9.429314613342285,5.610450744628906
2,464537,-23.51475715637207,31.503263473510742,3.3394739627838135,6.5225701332092285
2,464537,29.97579574584961,10.98781967163086,-22.798755645751953,3.027480363845825
2,464537,-12.318009376525879,-28.344690322875977,-13.574139595031738,3.317762851715088
2,464537,-6.652065277099609,12.348321914672852,1.9484423398971558,9.512128829956055
2,464537,7.412062168121338,4.977106094360352,-12.902068138122559,-5.951755523681641
2,464537,2.850717782974243,-3.911459445953369,9.200201988220215,-9.208941459655762
2,464538,-1.2682571411132812,-5.043907165527344,26.00678253173828,-13.121328353881836
2,464538,-1.4115185737609863,-2.3051137924194336,5.353290557861328,9.584356307983398
2,464538,-3.0181639194488525,3.523613929748535,-4.3394341468811035,4.843625545501709
2,464538,-6.399720191955566,-20.56541633605957,-12.460546493530273,-27.846166610717773
2,464538,-11.319104194641113,0.4232618808746338,1.5021659135818481,21.239093780517578
2,464538,8.768682479858398,35.3766975402832,16.333942413330078,0.07031320035457611
2,464539,24.18623161315918,7.097339630126953,-4.163465976715088,-44.12708282470703
2,464539,-13.006989479064941,-24.263715744018555,-7.484839916229248,14.424531936645508
2,464539,-4.6198601722717285,-12.68642807006836,-7.327881813049316,8.097415924072266
2,464539,18.780027389526367,20.294872283935547,2.6567249298095703,-27.480220794677734
2,464539,-8.441619873046875,11.774421691894531,29.04195213317871,4.220926761627197
2,464539,-4.904932022094727,-14.086341857910156,4.1009111404418945,23.772705078125
2,464540,3.9699082374572754,15.50659465789795,-18.51218605041504,-8.629669189453125
2,464540,-7.0257954597473145,6.847668170928955,-4.658588409423828,-10.351507186889648
2,464540,11.772245407104492,-39.215763092041016,-18.078397750854492,20.934207916259766
2,464540,0.49603158235549927,6.1468071937561035,-9.999642372131348,12.052578926086426
2,464540,-30.034013748168945,33.42292785644531,18.159711837768555,14.23373794555664
2,464541,0.31219449639320374,-22.18100357055664,-0.8091028332710266,4.764862537384033
2,464541,28.47654914855957,-13.572364807128906,-11.652585983276367,-10.99039077758789
2,464541,8.369195938110352,11.039329528808594,0.4535744786262512,-13.877034187316895
2,464541,-4.372392177581787,5.141711235046387,-0.7575125694274902,-6.391580581665039
2,464541,-12.37954044342041,-6.468761444091797,3.6433050632476807,27.190933227539062
2,464541,-11.808218955993652,-8.653419494628906,7.691751003265381,1.9564437866210938
2,464542,23.71536636352539,30.334959030151367,4.223710536956787,-29.036067962646484
2,464542,18.646108627319336,6.792216777801514,10.386795997619629,-2.85262393951416
2,464542,-21.98847198486328,-28.473234176635742,2.5697028636932373,21.78984832763672
2,464542,-5.54175329208374,8.116259574890137,-0.36032429337501526,6.7588419914245605
2,464542,5.113641262054443,14.356772422790527,-10.240700721740723,1.2443411350250244
2,464542,-17.585981369018555,-16.618959426879883,-17.975566864013672,10.027831077575684
2,464543,7.32675838470459,-5.0235724449157715,15.77750301361084,-6.501931190490723
2,464543,25.087451934814453,10.830366134643555,14.540346145629883,-7.209715366363525
2,464543,-3.5290372371673584,6.918539524078369,2.96630597114563,5.194518566131592
2,464543,-20.902435302734375,-2.150768518447876,9.867520332336426,-3.5352537631988525
2,464543,-5.378138065338135,-21.712871551513672,-11.093571662902832,-15.506461143493652
2,464543,6.10923433303833,2.4381725788116455,-16.56869125366211,5.1616926193237305
2,464544,7.37269926071167,6.211895942687988,12.814467430114746,7.53563117980957
2,464544,17.762615203857422,-6.435051918029785,3.4824483394622803,-12.116199493408203
2,464544,3.987301826477051,11.886870384216309,-8.279864311218262,-8.595776557922363
2,464544,-22.192787170410156,6.336744785308838,12.943378448486328,3.1320106983184814
2,464544,-3.907667875289917,-1.3615531921386719,-18.166532516479492,5.35383415222168
2,464544,28.2917537689209,-12.817309379577637,-25.85573387145996,2.5816078186035156
2,464545,-8.358922958374023,-5.079643726348877,13.264915466308594,3.452941417694092
2,464545,-35.322566986083984,18.317150115966797,5.601741313934326,-1.1800593137741089
2,464545,7.683991432189941,-9.267247200012207,-3.913365602493286,2.5724358558654785
2,464545,16.917999267578125,-17.04428482055664,-4.245882034301758,5.41890287399292
2,464545,-10.771097183227539,32.992774963378906,1.1997286081314087,-7.295807361602783
2,464546,-3.902627468109131,15.77638053894043,9.218840599060059,-1.6381558179855347
2,464546,25.027568817138672,-33.601932525634766,3.241724967956543,9.295588493347168
2,464546,9.558040618896484,-1.4429482221603394,-8.171936988830566,-14.878783226013184
2,464546,-18.8607234954834,9.06842041015625,-3.0951054096221924,-20.352310180664062
2,464546,0.6767716407775879,-21.15439796447754,7.983201503753662,23.44461441040039
2,464546,10.137537002563477,8.279960632324219,13.20707893371582,24.41802215576172
2,464547,-12.927948951721191,15.14729118347168,1.5463080406188965,-18.407209396362305
2,464547,-12.638086318969727,-13.763711929321289,-31.523460388183594,-21.193204879760742
2,464547,7.5940985679626465,-7.184845447540283,1.6129441261291504,-9.087581634521484
2,464547,-1.6194233894348145,2.4748284816741943,17.7658634185791,7.174628734588623
2,464547,-18.15945053100586,1.6741167306900024,-13.300360679626465,6.98742151260376
2,464547,-4.687228679656982,-9.310443878173828,6.549293041229248,6.000790119171143
2,464548,6.200835227966309,-2.5233073234558105,5.994046211242676,20.170927047729492
2,464548,11.365174293518066,10.995377540588379,-13.132322311401367,-8.127378463745117
2,464548,-3.3110718727111816,14.074324607849121,9.433318138122559,-30.846149444580078
2,464548,2.721204996109009,1.0679881572723389,6.455002307891846,-7.342862129211426
2,464548,8.114401817321777,-12.107926368713379,-9.413490295410156,15.518535614013672
2,464548,-13.04917049407959,15.662534713745117,10.515776634216309,10.400604248046875
2,464549,15.887738227844238,6.143492221832275,5.7387871742248535,15.46985149383545
2,464549,5.895322799682617,-23.57476806640625,-3.395998477935791,-9.278847694396973
2,464549,-21.875375747680664,3.16756010055542,1.2119947671890259,-30.03101921081543
2,464549,-2.2894656658172607,22.743589401245117,-6.8355913162231445,11.07528305053711
2,464549,12.364683151245117,-10.11518383026123,7.8293046951293945,31.70921516418457
2,464549,13.697978019714355,-10.096384048461914,7.184796333312988,-4.128342151641846
2,464550,0.2529285252094269,1.1308119297027588,4.951329708099365,-32.96677017211914
2,464550,-18.285432815551758,-15.285568237304688,-0.19398072361946106,11.2843017578125
2,464550,-12.9180326461792,3.6677253246307373,-6.118121147155762,29.697742462158203
2,464550,4.70205020904541,10.358230590820312,2.251300096511841,4.095061779022217
2,464550,12.782236099243164,-10.506704330444336,-4.582263469696045,-8.539679527282715
2,464550,-3.8182432651519775,-6.887526035308838,4.6764936447143555,-16.386301040649414
2,464551,-19.8250732421875,12.167617797851562,-1.6288312673568726,-9.79072093963623
2,464551,4.616245746612549,-5.862755298614502,-17.15383529663086,1.9811222553253174
2,464551,-9.04140853881836,-9.724929809570312,-10.506319046020508,14.49406909942627
2,464551,-17.914941787719727,15.334921836853027,16.116092681884766,5.304995059967041
2,464551,26.286401748657227,13.429950714111328,0.49216949939727783,-24.519872665405273
2,464551,15.001371383666992,-5.880298137664795,-22.587074279785156,-16.35960578918457
2,464552,-12.882338523864746,-20.82754135131836,14.721473693847656,27.218650817871094
2,464552,-4.672349452972412,11.667343139648438,13.769366264343262,17.564441680908203
2,464552,9.658711433410645,26.533519744873047,-12.289518356323242,-14.394373893737793
2,464552,17.992517471313477,-8.339632987976074,-1.35008704662323,-1.8503278493881226
2,464552,-6.806160926818848,-6.972130298614502,9.725123405456543,17.252805709838867
2,464552,1.1771286725997925,9.314066886901855,4.208646297454834,-7.8045654296875
2,464553,22.40110969543457,-5.07335901260376,-10.434646606445312,-14.804163932800293
2,464554,21.546403884887695,1.6154663562774658,-4.93579626083374,18.705068588256836
2,464554,5.277525901794434,19.53553581237793,14.224594116210938,7.971251964569092
2,464554,-24.269237518310547,-5.1450324058532715,2.82224440574646,-11.135259628295898
2,464554,-2.5196313858032227,-20.737693786621094,-14.301098823547363,-9.76547622680664
2,464555,-4.520832538604736,7.18441915512085,1.7628947496414185,1.868000864982605
2,464555,-13.919596672058105,3.436070442199707,15.370610237121582,9.058938980102539
2,464555,11.05761432647705,-16.06396484375,-6.370513439178467,-9.190613746643066
2,464555,-5.180153846740723,8.172490119934082,-8.140783309936523,1.5742301940917969
2,464555,-20.217443466186523,4.228267192840576,3.485081672668457,23.82685089111328
2,464557,-6.756397247314453,-21.623680114746094,-10.774323463439941,-6.728871822357178
2,464558,9.603909492492676,8.825462341308594,-9.571269035339355,-3.524873971939087
2,464561,18.09461784362793,4.220765113830566,15.935357093811035,-13.10342788696289
2,464562,2.8277578353881836,-18.415992736816406,-5.800633907318115,-41.53996658325195
2,464565,-12.763275146484375,5.910745620727539,-36.720619201660156,7.311702728271484
2,464566,-9.495233535766602,3.641597032546997,29.498825073242188,3.4492716789245605
2,464569,2.0172970294952393,13.710247993469238,38.74704360961914,6.177683353424072
2,464570,13.122523307800293,0.05538148805499077,-29.766376495361328,34.61172103881836
2,464573,6.271976947784424,-17.63170623779297,14.132184028625488,-4.18067741394043
2,464574,-21.564929962158203,-1.0328975915908813,28.5175724029541,-14.577749252319336
2,464575,-10.783764839172363,33.79956817626953,-23.0725154876709,-23.196271896362305
2,464578,25.869922637939453,20.09760284423828,-9.238387107849121,10.833637237548828
2,464579,2.4853434562683105,-33.52828598022461,-4.505806922912598,62.111873626708984
2,464582,-22.18940544128418,-22.41204833984375,2.3097143173217773,8.506245613098145
2,464583,35.97840881347656,12.233345985412598,-9.533219337463379,-40.64525604248047
2,464586,12.005203247070312,37.24599075317383,-3.9230566024780273,-9.712751388549805
2,464587,-60.6968994140625,-11.548624992370605,12.935056686401367,4.026932716369629
2,464590,-2.4216480255126953,-43.776065826416016,-22.611204147338867,-36.66673278808594
2,464591,34.049072265625,5.888219356536865,13.403505325317383,34.37467956542969
2,464594,36.61322784423828,35.81044387817383,46.925846099853516,23.621549606323242
2,464595,-1.548155426979065,4.5926594734191895,-8.157194137573242,-77.96827697753906
2,464598,-76.08856964111328,-45.425743103027344,-49.87592315673828,3.465331792831421
2,464599,-10.972208976745605,-16.105764389038086,-16.412607192993164,51.58440399169922
2,464602,53.0839958190918,31.8138484954834,50.575958251953125,28.518543243408203
2,464603,9.97754955291748,22.047224044799805,44.176536560058594,10.792222023010254
2,464606,-16.092836380004883,9.274016380310059,-50.4417610168457,-45.21805191040039
2,464607,-0.5794269442558289,-15.727133750915527,-56.29829025268555,-7.247470855712891
2,464802,9.230550765991211,-16.319360733032227,32.89375305175781,45.85053634643555
2,464802,3.617184638977051,12.819889068603516,41.94477844238281,-21.756425857543945
2,464803,-8.208551406860352,8.739385604858398,-4.456937789916992,-20.48601722717285
2,464803,-8.516386032104492,-12.503151893615723,-25.84927749633789,15.376757621765137
2,464803,0.8514060378074646,-15.125146865844727,-19.341096878051758,-6.278914928436279
2,464803,2.279675245285034,11.698713302612305,9.8948392868042,5.464841365814209
2,464803,2.5423402786254883,2.7684834003448486,25.636842727661133,-8.733556747436523
2,464803,-1.3933982849121094,-8.234107971191406,1.1691398620605469,-20.56768226623535
2,464804,5.704438209533691,15.89425277709961,-29.934995651245117,7.28399133682251
2,464804,4.07155704498291,-8.324331283569336,-2.9736499786376953,16.824533462524414
2,464804,-3.133312940597534,-15.387900352478027,12.283004760742188,6.092186450958252
2,464804,9.53088092803955,26.1977596282959,-20.299409866333008,-8.883794784545898
2,464804,-2.9961044788360596,-6.907726287841797,8.060977935791016,-10.880375862121582
2,464804,-3.9569284915924072,-21.02260398864746,11.221298217773438,2.5786685943603516
2,464805,-4.303466796875,21.191133499145508,-9.686929702758789,7.099112033843994
2,464805,-13.046881675720215,-9.64382266998291,27.487884521484375,1.6912121772766113
2,464805,-0.5212479829788208,-8.311487197875977,7.3300461769104,3.4466071128845215
2,464805,-4.962524890899658,22.524173736572266,-24.408052444458008,-6.188503265380859
2,464805,-5.464416980743408,-10.78156852722168,-12.474981307983398,2.7039389610290527
2,464805,-7.578647136688232,-21.385536193847656,-5.6678571701049805,-5.936672687530518
2,464806,-10.661481857299805,-4.5321550369262695,-0.925329864025116,-17.098644256591797
2,464806,7.737210273742676,17.94261360168457,11.260115623474121,24.345808029174805
2,464806,13.262407302856445,9.164407730102539,4.684236526489258,17.80512046813965
2,464806,13.336580276489258,-7.549007415771484,-7.373695373535156,-24.284711837768555
2,464806,8.59640884399414,20.726730346679688,3.784762382507324,-8.929034233093262
2,464806,-13.748950958251953,-15.052166938781738,9.27380657196045,19.593738555908203
2,464807,2.2114570140838623,-13.704432487487793,27.366146087646484,-9.007163047790527
2,464807,6.763163089752197,28.366424560546875,8.662806510925293,-19.726764678955078
2,464807,-0.1455623209476471,-7.524932384490967,-15.130452156066895,2.2907724380493164
2,464807,10.185291290283203,-10.690340995788574,-6.599735736846924,11.99266242980957
2,464807,-3.947885513305664,3.03519868850708,-17.901756286621094,3.7850961685180664
2,464807,7.4613494873046875,-5.3085198402404785,6.795495986938477,-10.287452697753906
2,464808,7.554965972900391,4.041928768157959,18.483478546142578,12.144499778747559
2,464808,-20.077613830566406,10.041666984558105,-3.2476656436920166,15.691622734069824
2,464808,3.544997215270996,10.811385154724121,-0.2836622893810272,5.218195915222168
2,464808,16.126420974731445,15.25877571105957,-10.186650276184082,0.5097087025642395
2,464808,-17.69173812866211,-15.611559867858887,5.469629764556885,1.3237279653549194
2,464809,-1.3181885480880737,-29.694326400756836,12.943349838256836,11.445048332214355
2,464809,17.618331909179688,2.6425743103027344,-12.935115814208984,-7.122984886169434
2,464809,1.2762938737869263,15.845541954040527,0.9049789309501648,-12.505080223083496
2,464809,-6.427872180938721,1.0333794355392456,2.7496912479400635,4.838749885559082
2,464809,-12.892084121704102,6.466513633728027,-4.448728084564209,-9.387848854064941
2,464809,0.6873749494552612,-9.649086952209473,-6.279797077178955,-29.767969131469727
2,464810,-2.359208106994629,-23.65990447998047,-1.7724854946136475,-2.9092397689819336
2,464810,-14.216337203979492,12.04563045501709,2.851743459701538,10.495230674743652
2,464810,7.670960426330566,8.834809303283691,-1.7182000875473022,-7.001899719238281
2,464810,1.0551621913909912,-2.1741867065429688,16.536861419677734,3.0270349979400635
2,464810,-0.6049010157585144,1.762497901916504,-1.8823174238204956,19.33631706237793
2,464810,14.100790977478027,2.826442241668701,-8.743040084838867,2.3428092002868652
2,464811,1.2495578527450562,4.62732458114624,8.381586074829102,-3.9173710346221924
2,464811,-2.886855363845825,6.679859638214111,-5.569591045379639,-0.9246549010276794
2,464811,-7.164942264556885,-0.9525072574615479,-15.994450569152832,-5.409852027893066
2,464811,-3.1409175395965576,-21.412076950073242,-5.509153366088867,9.18639850616455
2,464811,-1.7109791040420532,-4.3194475173950195,12.933627128601074,6.493497848510742
2,464811,9.35359001159668,2.1919708251953125,-8.31423282623291,-26.50946807861328
2,464812,10.447406768798828,-29.935672760009766,-15.790843963623047,-13.634420394897461
2,464812,-19.395204544067383,3.9320590496063232,4.433417797088623,19.42879295349121
2,464812,-13.129121780395508,41.448455810546875,4.671254634857178,4.372875690460205
2,464812,-0.30756962299346924,-7.770214557647705,11.59521770477295,6.734298229217529
2,464812,-3.9134228229522705,-22.22490119934082,4.409014701843262,0.7526036500930786
2,464812,12.571788787841797,26.19674301147461,-6.419190406799316,-4.058322429656982
2,464813,5.686530590057373,9.961904525756836,13.5383882522583,12.657247543334961
2,464813,-22.503646850585938,-26.349550247192383,10.688438415527344,-1.7583975791931152
2,464813,-7.226022720336914,21.817096710205078,-17.04770278930664,3.2566041946411133
2,464813,17.816394805908203,16.34369468688965,2.5111582279205322,22.749534606933594
2,464813,19.561813354492188,-24.297161102294922,-3.0167815685272217,-14.039916038513184
2,464813,-4.403942584991455,-2.7415919303894043,-14.114157676696777,-22.039661407470703
2,464814,-4.6226606369018555,12.436744689941406,19.486806869506836,18.410598754882812
2,464814,12.236458778381348,8.907272338867188,-7.950674533843994,-2.842318296432495
2,464814,4.1553425788879395,-5.278961181640625,-8.706561088562012,-23.29397201538086
2,464814,5.501681327819824,-3.4350388050079346,7.100409030914307,7.698125839233398
2,464814,7.775574684143066,10.926310539245605,-7.404915809631348,29.2447509765625
2,464814,8.361659049987793,10.418853759765625,6.289187431335449,-6.370921611785889
2,464815,0.017722178250551224,-20.58875846862793,4.86956787109375,-21.298686981201172
2,464815,-16.540220260620117,-15.322429656982422,4.71148157119751,14.418705940246582
2,464815,-4.58017635345459,33.747413635253906,-5.384331226348877,-3.449805974960327
2,464815,25.71868896484375,6.322366714477539,-15.127402305603027,-26.929712295532227
2,464815,10.105181694030762,-28.02569007873535,3.6295478343963623,-7.963876724243164
2,464815,-33.054378509521484,-11.778890609741211,13.051173210144043,19.4025936126709
2,464816,2.0217936038970947,-4.238598823547363,-0.3419243097305298,4.619621753692627
2,464816,16.43181610107422,4.401523113250732,-13.616403579711914,-16.4427490234375
2,464816,-31.093564987182617,-4.304572582244873,-6.321297645568848,10.656294822692871
2,464816,-1.2041878700256348,-6.763968467712402,12.729264259338379,5.444372177124023
2,464816,9.285836219787598,24.65619468688965,15.458409309387207,-11.07165241241455
2,464817,-13.417705535888672,13.919129371643066,-16.197715759277344,-0.24790918827056885
2,464817,-2.393920421600342,-26.711870193481445,-13.123640060424805,14.320284843444824
2,464817,-14.245450973510742,-17.399375915527344,11.932723999023438,-0.841639518737793
2,464817,-10.353028297424316,9.526002883911133,6.755880832672119,-4.78825044631958
2,464817,18.411327362060547,22.969120025634766,19.08894920349121,16.587038040161133
2,464817,20.048852920532227,4.858098983764648,-1.4240463972091675,3.9889543056488037
2,464817,7.03224515914917,-18.066556930541992,-19.5178165435791,6.397313117980957
2,464818,1.3661047220230103,-3.447220802307129,8.236004829406738,1.9190001487731934
2,464818,-19.67252540588379,11.493332862854004,-6.502946853637695,-25.179128646850586
2,464818,-6.966078758239746,6.913168907165527,-10.858980178833008,-0.5326195359230042
2,464818,24.59585952758789,-13.75052547454834,16.95282745361328,12.165959358215332
2,464818,4.596504211425781,-4.00762414932251,8.372997283935547,-5.850257873535156
2,464818,-20.027202606201172,17.153066635131836,-17.036806106567383,-6.160532474517822
2,464820,-35.60792541503906,-39.33806610107422,-24.618898391723633,-12.771052360534668
2,464820,-38.707157135009766,-62.634010314941406,0.7296742796897888,-1.9618675708770752
2,464820,6.231304168701172,30.18714141845703,23.179546356201172,12.92152214050293
2,464820,29.735342025756836,31.633363723754883,3.222053289413452,-8.89157485961914
2,464820,-12.352208137512207,-13.005772590637207,-8.864215850830078,-12.710492134094238
2,464821,-12.49557876586914,-10.388956069946289,-4.5082502365112305,32.32022476196289
2,464821,15.748018264770508,-20.78020668029785,-6.406692028045654,14.903450012207031
2,464821,9.861660957336426,13.404685020446777,6.817321300506592,-25.89653968811035
2,464821,15.335711479187012,49.08445358276367,18.94951057434082,17.05851936340332
2,464822,33.30954360961914,35.07551956176758,-2.744884967803955,16.470947265625
2,464824,-16.320146560668945,-30.996078491210938,-38.75293731689453,-24.550289154052734
2,464826,-7.034329414367676,-1.6007579565048218,-3.572175979614258,-14.912768363952637
2,464828,60.71744155883789,63.51104736328125,43.37740707397461,-16.433244705200195
2,464830,28.498106002807617,18.394134521484375,27.94209861755371,45.18962478637695
2,464832,9.523664474487305,-2.797837257385254,13.470037460327148,57.88747024536133
2,464834,-25.17899513244629,-17.238576889038086,-11.298004150390625,-73.945068359375
2,464836,-39.8269157409668,-26.706226348876953,-23.39801788330078,-69.6712646484375
2,464839,-6.706785202026367,-14.352357864379883,-4.94779634475708,35.48921585083008
2,464840,4.230225563049316,-4.694177627563477,-9.435382843017578,22.552499771118164
2,464843,7.518242835998535,-5.759913444519043,-4.008055686950684,-18.891185760498047
2,464844,-14.8120698928833,-7.396416187286377,35.60125732421875,32.05485153198242
2,464847,-25.733230590820312,17.24195098876953,-3.5083138942718506,50.116729736328125
2,464848,-1.8881946802139282,-10.369759559631348,-43.91098403930664,-18.922758102416992
2,464851,8.865132331848145,-41.07526779174805,-8.118334770202637,-49.781333923339844
2,464852,-4.128477096557617,2.356316328048706,14.315265655517578,0.8880674839019775
2,464853,10.868806838989258,25.058639526367188,26.697032928466797,30.591764450073242
2,464856,6.464376926422119,12.922287940979004,-3.8649303913116455,-14.901876449584961
2,464857,-6.779975414276123,8.804944038391113,-25.171838760375977,-40.05067443847656
2,464860,8.67288875579834,0.8328289985656738,28.86405372619629,1.1926244497299194
2,464861,-6.716930389404297,-5.947484970092773,13.658910751342773,29.492521286010742
2,464864,-6.540703296661377,-10.57447338104248,-40.369972229003906,7.094656467437744
2,464865,22.16047477722168,4.318163871765137,-20.894847869873047,-4.809170246124268
2,464868,-14.968890190124512,7.820285320281982,-11.537090301513672,-6.643315315246582
2,464869,-30.227214813232422,-12.986614227294922,19.651451110839844,-6.307206153869629
2,464872,29.483234405517578,5.196266174316406,60.04703140258789,8.860983848571777
2,464873,-9.437771797180176,1.2629289627075195,-7.930389404296875,-6.1487812995910645
2,465067,-28.69795036315918,-24.521696090698242,-53.875247955322266,29.88165283203125
2,465067,47.520233154296875,10.582663536071777,-1.6839159727096558,46.721824645996094
2,465067,1.2966212034225464,18.331893920898438,27.939956665039062,-29.9892578125
2,465067,-23.008569717407227,4.532547950744629,24.523372650146484,-5.9077467918396
2,465068,26.057140350341797,12.025006294250488,3.2481281757354736,4.1465654373168945
2,465068,14.474238395690918,-0.6165996789932251,-5.699807643890381,-45.125022888183594
2,465068,-7.628780364990234,-20.13736343383789,-7.8452067375183105,-19.79933738708496
2,465068,-26.797529220581055,-16.628183364868164,-13.280740737915039,6.318577289581299
2,465068,-17.344846725463867,11.446308135986328,-9.232375144958496,12.605045318603516
2,465068,13.68191909790039,2.010274648666382,-3.174757480621338,2.5133728981018066
2,465069,17.00986671447754,-10.8516263961792,14.319021224975586,2.261624336242676
2,465069,5.112760543823242,10.44802474975586,-1.1013929843902588,0.5734331607818604
2,465069,-7.27405309677124,15.369094848632812,-2.8424673080444336,-21.512786865234375
2,465069,-3.188809394836426,-17.347394943237305,8.819376945495605,11.339122772216797
2,465069,6.149677276611328,-13.709240913391113,1.2657955884933472,14.940910339355469
2,465070,-0.03774126619100571,20.59662628173828,2.598417043685913,-15.826855659484863
2,465070,-1.2655247449874878,11.269515991210938,-8.258420944213867,-3.0742692947387695
2,465070,-6.467435836791992,-6.1301188468933105,-7.71359395980835,4.953456878662109
2,465070,-10.974686622619629,-20.444536209106445,-6.616408824920654,25.714256286621094
2,465070,-3.649221181869507,-0.12654604017734528,-3.4583969116210938,17.014266967773438
2,465070,9.718329429626465,13.427739143371582,1.4647642374038696,-9.242541313171387
2,465071,2.069300651550293,-18.047346115112305,1.2720978260040283,1.5469400882720947
2,465071,-6.108590602874756,0.08421207219362259,8.423421859741211,-7.444098949432373
2,465071,7.954277515411377,25.1817684173584,-8.700946807861328,-18.298622131347656
2,465071,-6.786222457885742,-24.68155860900879,-2.444965362548828,2.206749200820923
2,465071,-6.268925666809082,-11.013922691345215,25.049205780029297,15.113672256469727
2,465071,18.310937881469727,25.537771224975586,0.5836464166641235,3.808030128479004
2,465072,-0.5540767908096313,-11.789684295654297,-27.238767623901367,-1.813561201095581
2,465072,-9.424912452697754,6.076064586639404,0.26289308071136475,-10.349166870117188
2,465072,-4.337462902069092,21.865978240966797,16.109111785888672,-1.6292672157287598
2,465072,5.265842437744141,3.4890594482421875,14.940555572509766,13.955038070678711
2,465072,19.221208572387695,-1.6371248960494995,0.7494357824325562,8.361275672912598
2,465073,-4.541749954223633,-19.523324966430664,-8.608833312988281,0.743231475353241
2,465073,-7.334107398986816,-4.847064018249512,20.612764358520508,-11.125926971435547
2,465073,3.951730966567993,19.971168518066406,-8.780224800109863,-6.030316352844238
2,465073,0.71938157081604,-2.825018882751465,-21.10943031311035,15.860283851623535
2,465073,-3.1385748386383057,-9.27742862701416,21.78487205505371,24.902788162231445
2,465073,13.822461128234863,14.192995071411133,8.933791160583496,1.9977729320526123
2,465073,-5.17691707611084,9.313407897949219,-22.265064239501953,-37.45452880859375
2,465074,-24.126955032348633,-6.276403427124023,-14.508031845092773,-14.091684341430664
2,465074,4.8396525382995605,-16.221445083618164,19.293014526367188,40.400638580322266
2,465074,-5.925509929656982,-0.28212815523147583,5.171194553375244,3.7301063537597656
2,465074,-1.0484538078308105,5.905490398406982,-31.3436336517334,-20.42660140991211
2,465074,13.80030632019043,-13.245720863342285,4.037531852722168,-15.47424030303955
2,465074,0.9680848717689514,-0.29434749484062195,23.577787399291992,-18.936386108398438
2,465075,-17.60526466369629,14.04224967956543,-12.647971153259277,12.194762229919434
2,465075,-3.2390360832214355,3.1576361656188965,-8.721579551696777,-1.4723525047302246
2,465075,27.425411224365234,-3.1979689598083496,9.805776596069336,-4.89921236038208
2,465075,12.064708709716797,-7.226861000061035,-2.259660005569458,4.5688323974609375
2,465075,-13.577213287353516,-8.7760009765625,-9.981332778930664,-16.365053176879883
2,465076,-7.274874210357666,8.46184253692627,1.493533968925476,-10.42519474029541
2,465076,12.701725006103516,-7.755495071411133,5.277979373931885,7.963815689086914
2,465076,-11.738195419311523,-3.2622270584106445,-9.830598831176758,15.560310363769531
2,465076,-18.91246795654297,28.607280731201172,-6.512107849121094,-7.361721992492676
2,465076,32.208099365234375,-3.4781606197357178,-1.9211225509643555,-14.989614486694336
2,465076,-1.2702661752700806,-17.31524658203125,-9.71409797668457,17.19377326965332
2,465077,-47.60419464111328,-4.724620342254639,3.774155378341675,14.171201705932617
2,465077,9.732100486755371,-11.111475944519043,18.761337280273438,-3.706949234008789
2,465077,29.124052047729492,8.975849151611328,8.398962020874023,-6.5420050621032715
2,465077,-4.73138427734375,21.948890686035156,-10.934497833251953,1.44870924949646
2,465077,1.4400603771209717,-7.289631366729736,9.804505348205566,22.76056671142578
2,465077,16.68152618408203,-0.6745054721832275,23.29752540588379,-5.915522575378418
2,465078,-3.7459816932678223,3.8257925510406494,0.1748264729976654,-11.9613618850708
2,465078,-16.68436622619629,-16.200870513916016,-1.1330770254135132,40.86543655395508
2,465078,-4.9483642578125,17.92233657836914,7.654041290283203,8.441956520080566
2,465078,20.36149024963379,15.52717113494873,-2.380186080932617,-46.0904426574707
2,465078,18.118642807006836,-10.992425918579102,-14.067801475524902,-11.951067924499512
2,465078,-23.925168991088867,-8.678157806396484,-6.338068008422852,18.622352600097656
2,465079,-1.4921019077301025,-7.6242876052856445,4.4663801193237305,-8.722589492797852
2,465079,17.307754516601562,0.6174209117889404,-2.775923252105713,-10.279309272766113
2,465079,-22.76417350769043,3.34256911277771,-19.355064392089844,-4.107374668121338
2,465079,-11.775315284729004,-1.1725066900253296,-7.9789252281188965,-13.816819190979004
2,465079,12.852483749389648,-10.706392288208008,13.940166473388672,7.4700703620910645
2,465079,-7.62478494644165,-4.6664509773254395,11.818466186523438,4.4752197265625
2,465080,-2.1273956298828125,7.353312969207764,4.494683742523193,9.103667259216309
2,465080,11.126053810119629,9.498072624206543,8.280390739440918,15.708956718444824
2,465080,0.11195236444473267,3.11977481842041,-7.691347599029541,-0.4436199367046356
2,465080,-7.712921619415283,9.28763484954834,-7.240406513214111,23.599655151367188
2,465080,-9.916035652160645,14.077770233154297,33.015113830566406,8.587709426879883
2,465080,17.039016723632812,-4.731417655944824,9.821382522583008,-25.788259506225586
2,465081,18.15127182006836,-9.848833084106445,-32.72297286987305,-0.6527667045593262
2,465081,-15.85804271697998,-7.671459197998047,-7.490882396697998,16.461904525756836
2,465081,-6.358438491821289,-1.4291863441467285,18.645235061645508,-10.879324913024902
2,465081,10.243799209594727,4.686770915985107,-10.782304763793945,-20.11555290222168
2,465081,-14.535923957824707,-7.667402267456055,-27.038063049316406,18.58754539489746
2,465081,-0.44761550426483154,-12.279454231262207,13.75548267364502,9.981385231018066
2,465082,22.65666961669922,10.160252571105957,6.197544097900391,-19.75760841369629
2,465082,-7.326671123504639,2.4853060245513916,-16.588048934936523,-6.062038898468018
2,465082,1.2509151697158813,-27.417688369750977,0.025984324514865875,-6.423801422119141
2,465082,5.567670822143555,9.701408386230469,-10.432671546936035,-3.7825701236724854
2,465082,-26.82381248474121,22.046422958374023,0.43593236804008484,12.116381645202637
2,465082,10.62127685546875,-11.592251777648926,2.472435474395752,2.3843767642974854
2,465083,13.812692642211914,-9.541716575622559,-10.556161880493164,1.698596477508545
2,465083,-22.492374420166016,10.565223693847656,15.79452896118164,2.5655345916748047
2,465083,16.692285537719727,23.233070373535156,10.435932159423828,-23.697904586791992
2,465083,11.354514122009277,-6.139433860778809,-0.9982404112815857,-5.26522970199585
2,465084,-18.43663215637207,-32.886722564697266,-2.794149875640869,16.095638275146484
2,465085,1.5323002338409424,-9.455248832702637,-2.7433173656463623,-20.18583869934082
2,465085,-2.4881398677825928,21.762653350830078,8.01173210144043,0.35055413842201233
2,465085,-7.324277877807617,25.68589210510254,0.35616546869277954,12.287816047668457
2,465085,7.261170864105225,-0.853490948677063,1.0849546194076538,-20.85016441345215
2,465085,-1.813784122467041,-16.568464279174805,-9.302172660827637,18.134525299072266
2,465085,-11.239364624023438,-2.4004006385803223,-2.171727180480957,17.62386703491211
2,465086,1.9273158311843872,5.147869110107422,20.354848861694336,-3.760591983795166
2,465086,-5.855663299560547,10.402462005615234,11.349029541015625,12.726239204406738
2,465087,0.3329220414161682,-1.711214542388916,-7.192968368530273,-12.33444881439209
2,465088,17.219606399536133,-18.68416976928711,-34.81248474121094,1.7960845232009888
2,465090,0.31302687525749207,3.8787989616394043,12.926589012145996,31.04575538635254
2,465092,13.63253402709961,1.2642697095870972,41.42665481567383,-32.4085693359375
2,465094,1.8245480060577393,-8.959595680236816,-8.003561973571777,-39.66231918334961
2,465096,-20.830625534057617,15.374150276184082,-14.5530366897583,64.40424346923828
2,465098,-0.9129769206047058,12.694438934326172,-3.7029829025268555,63.932315826416016
2,465101,11.981250762939453,-35.06224822998047,-5.521928310394287,-43.900856018066406
2,465102,3.4426629543304443,-18.76506233215332,-16.30577850341797,-60.47140884399414
2,465105,-1.6159076690673828,50.30827331542969,12.005635261535645,-0.36304134130477905
2,465106,10.324731826782227,0.5147834420204163,12.322449684143066,0.2923969626426697
2,465109,-13.447626113891602,-23.982017517089844,-23.20677947998047,-12.381763458251953
2,465110,-2.217630624771118,22.170801162719727,1.8122773170471191,10.076577186584473
2,465111,10.438834190368652,-8.784783363342285,26.83286476135254,11.710158348083496
2,465114,-42.63213348388672,-26.911434173583984,-18.589893341064453,-8.079996109008789
2,465115,-20.404497146606445,28.435081481933594,-8.155916213989258,5.959557056427002
2,465118,51.3848876953125,37.429710388183594,27.62914276123047,11.903348922729492
2,465119,56.169376373291016,-0.7108926773071289,-6.190042495727539,-21.59381675720215
2,465122,-4.406881809234619,-34.88846969604492,-8.484355926513672,7.025242328643799
2,465123,-65.72209930419922,-63.4094123840332,-40.90043258666992,41.85816955566406
2,465126,-44.16033172607422,23.167543411254883,-19.091991424560547,0.8444558382034302
2,465127,53.10196304321289,62.49123764038086,54.59587860107422,-10.72212028503418
2,465130,46.61330032348633,-15.948650360107422,39.421958923339844,-16.42584228515625
2,465131,-22.480493545532227,-22.74276351928711,11.231986999511719,-0.2168748825788498
2,465134,-24.57889747619629,-13.24487018585205,-25.468263626098633,21.517629623413086
2,465135,-24.66387367248535,-16.900575637817383,-45.99867248535156,-22.49574851989746
2,465138,-45.418853759765625,9.32975959777832,-14.118779182434082,-22.22952651977539
2,465332,31.532073974609375,38.16145706176758,34.77695083618164,-11.160881042480469
2,465332,113.49136352539062,22.79360008239746,27.351011276245117,-7.694053649902344
2,465332,-30.574129104614258,-17.479036331176758,-10.408843994140625,9.656793594360352
2,465332,-62.783729553222656,-2.7488796710968018,3.3712003231048584,24.9627685546875
2,465332,36.17426681518555,1.4342079162597656,-7.916097164154053,3.399275064468384
2,465333,2.4233245849609375,-10.672089576721191,-19.610107421875,-7.466442108154297
2,465333,-9.707818031311035,4.767778396606445,5.4864325523376465,26.28290367126465
2,465333,9.918036460876465,13.095667839050293,16.441999435424805,8.854286193847656
2,465333,3.7837347984313965,6.738953590393066,8.699109077453613,-22.402027130126953
2,465333,0.19276466965675354,-11.706292152404785,-10.671950340270996,-10.236824989318848
2,465334,-10.15592098236084,-12.29601764678955,-4.6995086669921875,10.619072914123535
2,465334,-25.3544921875,4.025122165679932,18.84697723388672,20.320512771606445
2,465334,0.24368546903133392,6.431398391723633,0.4017757475376129,4.222236633300781
2,465334,15.87426471710205,-9.888028144836426,-14.563441276550293,-18.94378089904785
2,465334,-15.843343734741211,-4.371062278747559,-2.527825117111206,-0.3183346390724182
2,465334,2.8841726779937744,6.252458572387695,-2.28691029548645,2.397974729537964
2,465335,16.326852798461914,1.5508097410202026,-7.929113388061523,-21.611101150512695
2,465335,1.3175075054168701,7.392925262451172,-2.8976902961730957,-13.76254653930664
2,465335,8.699336051940918,-15.294434547424316,6.593003749847412,20.176265716552734
2,465335,-4.830390453338623,-26.066041946411133,-9.564271926879883,6.438073635101318
2,465335,-3.998379707336426,8.088654518127441,-0.3688001334667206,-19.887714385986328
2,465335,4.963916778564453,12.375408172607422,14.0404691696167,7.98001766204834
2,465336,-11.706849098205566,-11.177578926086426,-2.250816822052002,16.498010635375977
2,465336,-16.95684242248535,-0.9037161469459534,-2.322187900543213,8.747222900390625
2,465336,12.044034004211426,25.23277473449707,11.030721664428711,-3.5401690006256104
2,465336,15.403342247009277,2.9600908756256104,-3.870471477508545,-14.018996238708496
2,465336,-5.242237091064453,-13.077628135681152,-22.75702476501465,8.934005737304688
2,465336,-8.563133239746094,-13.370254516601562,-3.2348928451538086,4.536163330078125
2,465337,-8.197662353515625,1.3576997518539429,21.423770904541016,-12.018255233764648
2,465337,18.254932403564453,28.607202529907227,13.833335876464844,2.940246820449829
2,465337,12.952215194702148,-7.097959041595459,-13.460342407226562,6.94249153137207
2,465337,-13.281867980957031,-13.606364250183105,-12.426315307617188,-8.338418960571289
2,465337,0.15316523611545563,16.25547981262207,18.300397872924805,-9.186891555786133
2,465338,-0.2549303472042084,5.716254711151123,9.229656219482422,6.370316028594971
2,465338,-2.3941051959991455,-9.72573184967041,-10.803821563720703,16.588335037231445
2,465338,-3.365323305130005,-6.735097885131836,-0.6663795709609985,9.358936309814453
2,465338,-3.5561373233795166,3.9604756832122803,-16.84920310974121,-15.658282279968262
2,465338,3.2379086017608643,8.821059226989746,-0.6404954791069031,-8.010502815246582
2,465338,7.119309902191162,11.931397438049316,5.506230354309082,-3.7657032012939453
2,465339,6.639142036437988,-15.083937644958496,-11.99380874633789,2.4197769165039062
2,465339,-13.342522621154785,-8.001472473144531,20.545087814331055,9.21005916595459
2,465339,-7.426639556884766,16.879497528076172,4.948149681091309,-15.454916000366211
2,465339,16.672693252563477,-9.616032600402832,-27.236522674560547,-8.37109375
2,465339,6.748538017272949,-4.94234561920166,-2.9425530433654785,-15.046268463134766
2,465339,-24.301115036010742,1.9890245199203491,16.012222290039062,-2.0047125816345215
2,465340,-21.443443298339844,-7.344358921051025,7.077777862548828,3.570375919342041
2,465340,15.110053062438965,2.2914981842041016,-3.992954730987549,-18.196887969970703
2,465340,30.3696346282959,-0.6082962155342102,1.48769211769104,16.965160369873047
2,465340,14.760849952697754,9.030059814453125,-2.4049360752105713,20.369544982910156
2,465340,-14.513690948486328,-8.527680397033691,2.9295079708099365,-11.502925872802734
2,465340,-15.039522171020508,-21.02639389038086,4.248732089996338,11.322708129882812
2,465341,-10.303669929504395,27.694982528686523,6.107340335845947,25.681865692138672
2,465341,1.1888912916183472,-5.205759048461914,21.448928833007812,-15.003083229064941
2,465341,18.899572372436523,-27.676862716674805,-17.858762741088867,-8.519736289978027
2,465341,-5.7870683670043945,34.57421112060547,-9.970171928405762,25.58523178100586
2,465341,-7.753087997436523,24.068267822265625,14.09603214263916,15.480147361755371
2,465341,11.094533920288086,-19.707721710205078,-2.656388998031616,-11.274784088134766
2,465342,-1.6262586116790771,-15.196859359741211,1.407868504524231,-16.798110961914062
2,465342,-1.4172451496124268,18.96539878845215,-8.447221755981445,12.89199447631836
2,465342,5.683377742767334,14.244171142578125,6.015386581420898,0.34830474853515625
2,465342,-8.90320110321045,-19.59874153137207,5.692419528961182,-22.384931564331055
2,465342,-12.031264305114746,-10.565061569213867,-22.234825134277344,8.49472713470459
2,465342,9.314445495605469,2.8371381759643555,-14.884016990661621,-6.948340892791748
2,465343,11.8511323928833,3.785388708114624,16.4471435546875,-7.285800457000732
2,465343,-19.15538787841797,-6.8020920753479,11.843973159790039,-0.005279170349240303
2,465343,7.987775802612305,-5.839171886444092,-28.769338607788086,-22.841358184814453
2,465343,17.735660552978516,-13.636514663696289,-0.3028237223625183,16.024032592773438
2,465343,-28.2523250579834,-0.50472491979599,31.082735061645508,11.903508186340332
2,465343,-3.6841022968292236,43.78348159790039,0.7900097370147705,-4.27072811126709
2,465344,15.82453727722168,-15.490471839904785,-19.89492416381836,16.748249053955078
2,465344,-6.148900508880615,-37.228057861328125,4.9090495109558105,8.416788101196289
2,465344,3.6632280349731445,31.65215492248535,16.011516571044922,0.6649230122566223
2,465344,4.364353656768799,16.39122200012207,-25.515949249267578,-0.38988956809043884
2,465344,1.2940396070480347,-9.873934745788574,-12.252784729003906,-9.97946834564209
2,465344,7.300326824188232,-8.075255393981934,10.253149032592773,-12.538086891174316
2,465345,-13.667051315307617,-22.071823120117188,0.9598106145858765,7.513336658477783
2,465345,1.1305147409439087,23.017671585083008,6.628456115722656,1.1393661499023438
2,465345,13.803434371948242,30.364952087402344,-8.55567741394043,-20.107860565185547
2,465345,-12.944010734558105,-29.216259002685547,3.3005905151367188,-1.7947784662246704
2,465345,-14.078727722167969,-12.27395248413086,10.650094032287598,11.993902206420898
2,465345,9.325150489807129,23.027612686157227,-7.259644031524658,-17.79987335205078
2,465346,4.753894329071045,8.171578407287598,6.241495609283447,-5.651332378387451
2,465346,4.294748306274414,-6.401965141296387,13.680832862854004,34.6290283203125
2,465346,30.355693817138672,-3.7445623874664307,-2.4440300464630127,-9.526849746704102
2,465346,-3.920971632003784,-12.357990264892578,1.2600805759429932,-19.80750274658203
2,465346,-21.26709747314453,-3.1314942836761475,-1.2427709102630615,33.466957092285156
2,465346,1.3648958206176758,3.205739736557007,-10.824751853942871,11.116483688354492
2,465347,-17.747406005859375,-8.604418754577637,13.356714248657227,-16.08160972595215
2,465347,-4.916547775268555,-1.7115076780319214,5.490448951721191,3.9311227798461914
2,465347,12.313451766967773,-11.844453811645508,-24.17720603942871,-2.9733991622924805
2,465347,-0.10041588544845581,12.877043724060059,2.0974857807159424,-6.980678081512451
2,465347,7.75954532623291,14.19515323638916,19.133987426757812,5.7546868324279785
2,465348,-11.344483375549316,-21.669353485107422,-11.022872924804688,2.8220858573913574
2,465348,-19.61363410949707,1.1568043231964111,4.158477306365967,-8.630843162536621
2,465348,17.325773239135742,10.052289009094238,8.908716201782227,-3.504016876220703
2,465348,7.9334397315979,5.0566558837890625,-13.279041290283203,18.13426971435547
2,465348,-23.932201385498047,11.767719268798828,3.407923698425293,6.0132927894592285
2,465350,10.267803192138672,18.242589950561523,17.183082580566406,-17.27738380432129
2,465350,40.231536865234375,-5.943779945373535,11.320576667785645,-1.444322109222412
2,465350,6.00383996963501,-37.83354187011719,-15.103605270385742,21.846641540527344
2,465350,-27.09002685546875,9.233025550842285,-14.028287887573242,0.5720215439796448
2,465350,-10.021296501159668,31.491010665893555,-0.07838361710309982,-32.873985290527344
2,465350,-1.2432482242584229,-28.711740493774414,-9.067259788513184,-13.240921020507812
2,465350,-5.584349155426025,-4.491048812866211,-1.0488353967666626,19.558998107910156
2,465351,12.163034439086914,26.803091049194336,3.577059030532837,10.374205589294434
2,465351,7.335974216461182,-12.13928508758545,4.798816204071045,-2.85897159576416
2,465352,11.475916862487793,8.671109199523926,13.982951164245605,-15.822813034057617
2,465353,-0.7383405566215515,0.09648232907056808,-3.2109007835388184,-20.487998962402344
2,465356,-35.153564453125,-25.62548828125,-22.104366302490234,1.1506171226501465
2,465357,-11.025723457336426,4.032048225402832,-13.534090995788574,34.60833740234375
2,465360,16.64983367919922,11.230039596557617,19.399126052856445,39.78347396850586
2,465361,9.101130485534668,0.6110516786575317,24.193801879882812,-26.980226516723633
2,465364,3.6013083457946777,-4.2284016609191895,-22.606847763061523,-30.745418548583984
2,465365,-4.899225234985352,6.023930549621582,-34.36553192138672,28.977853775024414
2,465368,4.906321048736572,3.0414178371429443,16.446096420288086,2.3679540157318115
2,465370,-6.182410717010498,-15.833255767822266,29.656469345092773,-13.712140083312988
2,465372,-21.057825088500977,-10.997139930725098,-0.040601328015327454,3.828937292098999
2,465374,20.191614151000977,5.801095008850098,3.5401387214660645,-10.419711112976074
2,465376,48.405216217041016,53.76078414916992,0.32008013129234314,-5.6311140060424805
2,465378,41.76664352416992,43.213382720947266,-13.962668418884277,-23.079666137695312
2,465380,-74.89598846435547,-126.79393768310547,-15.36051082611084,6.715160369873047
2,465382,-126.50690460205078,-117.54576873779297,-23.558650970458984,73.84998321533203
2,465384,32.995033264160156,129.81968688964844,20.009042739868164,2.4058001041412354
2,465386,78.5029296875,100.36814880371094,40.00312042236328,-68.45965576171875
2,465388,1.7071417570114136,-63.28812789916992,-22.67888069152832,-19.436681747436523
2,465390,28.85736846923828,-6.1625447273254395,3.063743829727173,45.11548614501953
2,465582,13.331680297851562,12.485880851745605,8.413139343261719,19.467723846435547
2,465582,-51.31366729736328,-21.398956298828125,-40.03780746459961,-36.62269973754883
2,465583,2.664290428161621,10.84302806854248,10.251089096069336,-17.33841896057129
2,465583,39.23735809326172,5.206992149353027,25.196577072143555,11.344222068786621
2,465583,-11.941418647766113,-3.331916570663452,-0.2883688509464264,14.476346015930176
2,465583,-22.389602661132812,16.020936965942383,-0.05431152507662773,-27.87563705444336
2,465583,16.371824264526367,3.6949000358581543,-2.4828484058380127,-15.318081855773926
2,465584,13.265580177307129,-31.616989135742188,1.268218755722046,32.28721618652344
2,465584,-29.374256134033203,-15.069963455200195,1.4781628847122192,13.974956512451172
2,465584,-9.865204811096191,25.589519500732422,0.6601209044456482,15.661978721618652
2,465584,14.631623268127441,-9.772421836853027,-7.657136917114258,0.7584008574485779
2,465584,-19.799562454223633,-13.647469520568848,-14.492582321166992,-12.962719917297363
2,465584,-3.7820982933044434,23.753013610839844,-12.509622573852539,11.88646411895752
2,465584,25.98286247253418,8.377410888671875,12.861903190612793,4.488521099090576
2,465585,4.7086639404296875,5.4164719581604,29.557668685913086,-2.3045058250427246
2,465585,-0.6522291898727417,0.08584477752447128,-1.0649927854537964,-10.190619468688965
2,465585,17.62036895751953,-3.3008131980895996,-23.285125732421875,-20.796249389648438
2,465585,-9.898052215576172,-18.743078231811523,7.106163024902344,19.975608825683594
2,465585,-29.358840942382812,-14.563796043395996,12.728120803833008,6.141034126281738
2,465586,-2.9199907779693604,13.313699722290039,-23.75922393798828,-23.140121459960938
2,465586,10.91572380065918,-0.1087077185511589,-4.1344499588012695,-1.191654086112976
2,465586,1.3624898195266724,-1.7420412302017212,26.72130584716797,3.9258034229278564
2,465586,-6.545435428619385,16.6749210357666,10.331892967224121,3.647272825241089
2,465586,8.739616394042969,0.24502190947532654,-2.3061017990112305,-12.748844146728516
2,465586,14.49293327331543,-24.087875366210938,1.8227688074111938,2.634631633758545
2,465587,0.44491809606552124,16.87786293029785,-6.752751350402832,23.412076950073242
2,465587,4.880090236663818,17.635604858398438,-3.5912277698516846,-6.342729568481445
2,465587,8.926963806152344,-19.88910675048828,6.618847370147705,-13.606611251831055
2,465587,-23.022598266601562,2.8826606273651123,-6.945703983306885,-10.015081405639648
2,465587,-18.519065856933594,10.776846885681152,-14.32845687866211,1.7816674709320068
2,465588,6.704111576080322,-1.8578221797943115,7.222700595855713,32.183738708496094
2,465588,-0.2764853835105896,-16.19025421142578,24.217361450195312,2.9188578128814697
2,465588,5.475395679473877,-15.891881942749023,-7.337997913360596,-18.529979705810547
2,465588,6.140421390533447,14.734845161437988,-24.637094497680664,9.123181343078613
2,465588,-4.53156852722168,8.69224739074707,4.216498851776123,4.395109176635742
2,465588,3.945167303085327,-26.43737030029297,22.55314064025879,-3.4434385299682617
2,465589,4.794905662536621,1.6376597881317139,-1.866309642791748,0.32161423563957214
2,465589,0.05562547966837883,24.84275245666504,-21.880409240722656,12.326215744018555
2,465589,12.353873252868652,6.4245171546936035,1.750083565711975,2.8376333713531494
2,465589,1.6746656894683838,11.59756088256836,0.9391879439353943,-0.8720118403434753
2,465589,-20.612850189208984,-12.205205917358398,-1.3410494327545166,-8.204143524169922
2,465589,-16.160736083984375,-21.604713439941406,5.20389986038208,-34.00227737426758
2,465590,7.821345329284668,-1.5568623542785645,-7.076852798461914,0.9444161653518677
2,465590,-0.3085177540779114,-6.304791450500488,6.626749038696289,18.271636962890625
2,465590,-1.316922664642334,4.710291862487793,0.7945967316627502,-10.937420845031738
2,465590,9.7787504196167,12.047760009765625,-11.976329803466797,-23.905244827270508
2,465590,-10.996088981628418,10.909186363220215,-2.5561795234680176,-9.293380737304688
2,465590,9.557578086853027,-2.8055427074432373,-8.337546348571777,7.535630702972412
2,465591,4.311603546142578,-24.90802764892578,3.6343960762023926,16.365787506103516
2,465591,-9.215096473693848,10.740374565124512,9.853974342346191,10.289913177490234
2,465591,-0.942283034324646,7.363616943359375,-2.174581527709961,7.07316255569458
2,465591,-12.475747108459473,-37.37284851074219,-7.4937591552734375,8.090216636657715
2,465591,11.459207534790039,6.729974746704102,2.6815099716186523,4.070735931396484
2,465591,11.91386890411377,39.544029235839844,4.710751056671143,1.7847566604614258
2,465592,-7.6573805809021,-7.394183158874512,10.443947792053223,-0.7984929084777832
2,465592,-9.936738967895508,-0.8110302090644836,21.514421463012695,13.694968223571777
2,465592,2.21820068359375,31.184494018554688,-12.146597862243652,-7.25689172744751
2,465592,17.44854164123535,-10.2637357711792,-9.2801513671875,-9.212719917297363
2,465592,-3.0232129096984863,-13.00800609588623,6.889389514923096,10.218391418457031
2,465592,2.2951323986053467,1.5877715349197388,-7.124269962310791,-14.3331937789917
2,465593,7.6794610023498535,-1.0867363214492798,11.756996154785156,1.7575565576553345
2,465593,-9.468850135803223,23.742000579833984,-1.7770946025848389,8.270303726196289
2,465593,8.852289199829102,-10.793038368225098,-20.422346115112305,-1.7259677648544312
2,465593,-0.016309604048728943,-21.097549438476562,14.799891471862793,0.5324270725250244
2,465593,-16.51467514038086,9.981182098388672,9.264869689941406,-25.887845993041992
2,465593,14.258695602416992,12.659643173217773,-6.037867546081543,-0.17648784816265106
2,465594,21.309316635131836,6.8136820793151855,5.224682807922363,20.10685920715332
2,465594,-17.974498748779297,-28.35649299621582,-13.961811065673828,-14.697344779968262
2,465594,-16.701004028320312,-26.26651954650879,-2.6532790660858154,-6.557884216308594
2,465594,12.41804313659668,17.230045318603516,18.133773803710938,6.896631240844727
2,465594,2.545924425125122,9.342954635620117,-6.221812725067139,-6.8539838790893555
2,465595,-8.522106170654297,-16.116016387939453,-24.638225555419922,-2.6518516540527344
2,465595,-13.157625198364258,1.6887379884719849,-4.049917697906494,5.130935192108154
2,465595,-8.650497436523438,11.949788093566895,26.00124740600586,10.981541633605957
2,465595,18.243227005004883,6.177095890045166,0.6285924911499023,-2.310781717300415
2,465595,8.626020431518555,10.173511505126953,-17.434526443481445,-20.90622901916504
2,465595,-18.001220703125,-1.410186529159546,15.680803298950195,10.011526107788086
2,465595,-2.381314277648926,-20.168811798095703,4.8070387840271,22.089282989501953
2,465596,5.724817752838135,-5.338728904724121,-11.215893745422363,-7.62678337097168
2,465596,4.821699142456055,18.462783813476562,18.674562454223633,-12.121872901916504
2,465596,7.876954078674316,14.63138484954834,4.728254318237305,-1.4628046751022339
2,465596,1.774216890335083,9.200124740600586,-12.07266902923584,18.952592849731445
2,465596,-1.0870205163955688,-15.493424415588379,-2.0289146900177,7.406810760498047
2,465596,3.6282501220703125,-6.150134086608887,-4.645602703094482,-19.002090454101562
2,465597,-0.8714990615844727,21.61417007446289,-2.935650110244751,5.92002534866333
2,465597,-8.668233871459961,-17.030061721801758,-6.061709403991699,9.232386589050293
2,465597,2.6673450469970703,-30.910856246948242,-9.44251823425293,4.378026485443115
2,465597,-5.723097801208496,-4.586210250854492,-5.291852951049805,3.214458703994751
2,465597,1.069364309310913,14.771223068237305,-2.3993349075317383,-8.683147430419922
2,465598,4.597630023956299,4.6480584144592285,19.810029983520508,3.5282702445983887
2,465598,-12.519683837890625,-1.4325660467147827,16.787240982055664,1.5632457733154297
2,465598,3.273829936981201,0.6641411185264587,-26.4685115814209,-11.632322311401367
2,465598,-0.09674202650785446,-13.959622383117676,-19.546676635742188,-12.638072967529297
2,465598,-8.761664390563965,4.439623832702637,11.616735458374023,5.972293376922607
2,465598,11.851134300231934,17.093280792236328,20.51169204711914,-2.267662286758423
2,465599,10.702016830444336,-7.606293201446533,-0.805897057056427,-7.313425540924072
2,465600,-4.477921962738037,-12.791610717773438,-8.114853858947754,-0.48625507950782776
2,465600,-10.014975547790527,0.7648884057998657,14.62367057800293,-16.505468368530273
2,465600,-9.554760932922363,16.77132225036621,2.006831169128418,7.797670841217041
2,465600,10.09264850616455,15.070262908935547,-16.029727935791016,-1.8123245239257812
2,465601,5.190228462219238,-4.7429986000061035,-3.727180004119873,-0.7892534136772156
2,465601,-3.6947720050811768,-13.539875030517578,15.137188911437988,27.23673439025879
2,465601,9.483298301696777,-2.2168118953704834,2.3539247512817383,2.8802618980407715
2,465601,-0.38829389214515686,9.991127014160156,-2.72841739654541,-0.04099388048052788
2,465601,-11.72633171081543,-4.099972724914551,5.44397497177124,16.410898208618164
2,465603,6.354127883911133,5.768924713134766,-30.577226638793945,-3.4770708084106445
2,465604,9.637198448181152,5.926828861236572,-8.185916900634766,-40.39634323120117
2,465607,-0.021194439381361008,-6.62693452835083,42.58066177368164,26.922643661499023
2,465608,1.689294695854187,-1.5374854803085327,8.212904930114746,63.97180938720703
2,465609,-15.44291877746582,-7.789377689361572,-5.775097370147705,-44.857723236083984
2,465612,-16.806957244873047,-21.420745849609375,3.4901647567749023,-64.2301254272461
2,465613,15.885822296142578,8.422442436218262,-5.214249134063721,27.348615646362305
2,465616,31.952842712402344,37.65475845336914,4.039093494415283,50.73030090332031
2,465617,-3.967085838317871,-6.810538291931152,-13.733955383300781,-3.30971097946167
2,465620,-30.42552375793457,-16.687772750854492,-21.055723190307617,-36.94355392456055
2,465621,-3.003538131713867,-0.3295404613018036,18.450679779052734,-25.114099502563477
2,465624,3.413698196411133,-6.9036545753479,6.316275596618652,14.023731231689453
2,465625,12.404500961303711,17.662513732910156,-21.771732330322266,8.258840560913086
2,465628,4.923518657684326,-0.025685438886284828,-5.087670803070068,23.7502498626709
2,465629,-20.547704696655273,-19.810190200805664,18.518766403198242,43.741058349609375
2,465632,0.4586268365383148,16.199298858642578,16.63665771484375,-86.40850067138672
2,465633,2.137312889099121,-12.173641204833984,-16.01304054260254,-44.40713119506836
2,465636,10.654329299926758,-9.23930835723877,-24.381502151489258,94.73358154296875
2,465637,16.097143173217773,24.78282356262207,24.589767456054688,5.061850547790527
2,465640,-5.764645576477051,-2.942997455596924,25.45929527282715,-48.38087844848633
2,465641,-24.1573543548584,5.242667198181152,-33.432926177978516,-11.785208702087402
2,465835,-10.721187591552734,-1.765574336051941,7.409040927886963,21.226390838623047
2,465835,19.05257225036621,-18.766006469726562,28.670385360717773,33.975650787353516
2,465836,4.974057674407959,24.86705780029297,-8.485613822937012,-15.227102279663086
2,465836,5.443836688995361,15.486969947814941,-6.441482067108154,-20.487590789794922
2,465836,4.935177326202393,-15.042779922485352,-20.48697280883789,13.673965454101562
2,465836,-16.252107620239258,-12.78278636932373,7.551182746887207,14.40837287902832
2,465836,9.863900184631348,-16.96466636657715,13.080156326293945,10.338419914245605
2,465836,6.502809524536133,15.14148235321045,-10.919063568115234,-24.02981185913086
2,465837,-19.54534149169922,10.512927055358887,15.146915435791016,-26.0562801361084
2,465837,13.865458488464355,-18.82499885559082,-10.450173377990723,20.1434326171875
2,465837,11.978348731994629,-5.429582595825195,-9.883565902709961,24.535634994506836
2,465837,-17.28191566467285,5.227488994598389,11.208775520324707,-4.411864757537842
2,465837,-3.645510673522949,1.2292696237564087,-20.883663177490234,-24.112407684326172
2,465837,5.073615074157715,-9.338854789733887,-1.486533761024475,6.910848140716553
2,465838,-5.226269721984863,-2.5645253658294678,8.039274215698242,14.232673645019531
2,465838,-14.29173755645752,13.523250579833984,-15.923049926757812,-21.037290573120117
2,465838,7.431449890136719,0.4381919205188751,-14.444745063781738,-10.133673667907715
2,465838,7.867348670959473,-17.406490325927734,4.32860803604126,21.88051986694336
2,465838,-5.977768421173096,11.889145851135254,15.228528022766113,-0.4869788885116577
2,465838,4.4574737548828125,10.374690055847168,-8.17010498046875,-15.428714752197266
2,465839,-16.874582290649414,-13.28939151763916,-6.738012313842773,14.53393268585205
2,465839,5.4299540519714355,4.074491500854492,22.903085708618164,1.2303802967071533
2,465839,26.83287239074707,4.385581016540527,13.090030670166016,-20.544069290161133
2,465839,7.329400539398193,14.929197311401367,-22.150726318359375,-9.568679809570312
2,465839,-10.160268783569336,21.38886833190918,1.0232079029083252,10.359519004821777
2,465840,-26.51474380493164,-19.93486213684082,28.759899139404297,6.445671081542969
2,465840,13.0512113571167,-12.172927856445312,7.050351142883301,-2.9362127780914307
2,465840,23.864065170288086,9.17931842803955,20.249998092651367,-5.310580253601074
2,465840,-5.675485610961914,7.809473991394043,6.740965843200684,-22.059814453125
2,465840,-9.997469902038574,8.759903907775879,-29.903839111328125,13.213605880737305
2,465840,-0.30885761976242065,-21.10836410522461,-0.21395084261894226,31.866609573364258
2,465841,-4.342800140380859,-2.1357758045196533,10.521061897277832,-5.535027980804443
2,465841,-1.758992075920105,16.440723419189453,-5.361266613006592,11.38071346282959
2,465841,15.301694869995117,-8.210811614990234,4.825230121612549,8.805240631103516
2,465841,-8.865585327148438,0.35600680112838745,-1.465520977973938,-10.061304092407227
2,465841,-16.41306495666504,-1.7693942785263062,-13.807478904724121,6.646766185760498
2,465841,15.476612091064453,-13.264119148254395,-15.958111763000488,-13.694995880126953
2,465842,22.479284286499023,4.757284641265869,-5.596335411071777,-10.480484962463379
2,465842,-12.987951278686523,-3.4722371101379395,13.754668235778809,25.048542022705078
2,465842,-18.722043991088867,4.1995320320129395,3.3736188411712646,13.455865859985352
2,465842,5.610263347625732,6.401414394378662,-21.87929916381836,-26.87565803527832
2,465842,-0.1885480135679245,-39.50426483154297,-6.69288444519043,-11.582348823547363
2,465842,-5.373084545135498,3.5728018283843994,19.099990844726562,5.538437366485596
2,465843,-4.020055294036865,16.71234703063965,-9.361209869384766,-4.858227729797363
2,465843,-4.059698104858398,-21.928417205810547,-19.14971351623535,24.149747848510742
2,465843,4.464115619659424,17.078777313232422,12.672652244567871,-3.3957154750823975
2,465843,12.01344108581543,20.472328186035156,19.642730712890625,-25.239412307739258
2,465843,-9.78644847869873,6.6829633712768555,2.0920331478118896,27.019941329956055
2,465843,-4.72694206237793,-5.936154365539551,-10.225582122802734,6.367867469787598
2,465844,11.327596664428711,-15.729948997497559,13.697489738464355,-33.94175720214844
2,465844,-2.4283628463745117,29.115724563598633,4.673019886016846,10.629327774047852
2,465844,3.9473752975463867,11.604485511779785,-21.50726318359375,5.6503825187683105
2,465844,1.592621088027954,-35.39031982421875,5.569157123565674,-26.359996795654297
2,465844,-5.116277694702148,3.782170295715332,17.5157527923584,23.345638275146484
2,465844,-6.577450752258301,21.607421875,-0.9173734188079834,0.5568499565124512
2,465845,11.717653274536133,-14.773283958435059,-11.597859382629395,-31.358827590942383
2,465845,6.024176597595215,-0.9449430108070374,0.08405761420726776,6.575984001159668
2,465845,-24.445674896240234,12.157584190368652,8.162518501281738,7.611228942871094
2,465845,3.6180927753448486,-22.244626998901367,-10.604507446289062,5.731893062591553
2,465845,28.37639045715332,-9.851572036743164,-11.464530944824219,-8.704668045043945
2,465845,-8.331945419311523,13.627758026123047,-11.468951225280762,-14.166708946228027
2,465846,-23.118976593017578,-5.051011085510254,-1.178769826889038,1.1795722246170044
2,465846,14.080750465393066,-2.57308292388916,11.483139038085938,-9.690888404846191
2,465846,3.374042272567749,-0.8878957629203796,-14.738677024841309,-11.63481330871582
2,465846,-16.007423400878906,-3.367933988571167,-0.5221075415611267,9.134167671203613
2,465846,16.471179962158203,15.160569190979004,19.24630355834961,20.8802547454834
2,465847,11.598291397094727,6.039643287658691,9.894688606262207,14.202432632446289
2,465847,-12.552366256713867,8.483031272888184,22.15506935119629,3.6538803577423096
2,465847,12.396524429321289,8.43553352355957,3.2156665325164795,3.260223627090454
2,465847,7.472690582275391,-22.39052963256836,-19.40204620361328,27.937856674194336
2,465847,-16.376157760620117,9.144610404968262,24.272539138793945,13.458767890930176
2,465847,7.279808044433594,11.885321617126465,29.2969970703125,-25.398513793945312
2,465848,15.252229690551758,-17.85576629638672,-4.084625244140625,12.358477592468262
2,465848,-6.480877876281738,15.580486297607422,-10.529733657836914,29.466190338134766
2,465848,-5.5582733154296875,3.1476588249206543,-13.536354064941406,-19.2362117767334
2,465848,0.8180756568908691,-23.434459686279297,-10.897977828979492,-26.377803802490234
2,465848,-10.924331665039062,-14.363736152648926,-11.373409271240234,-0.36002159118652344
2,465848,-8.694960594177246,2.2818799018859863,-12.882255554199219,-0.5654265284538269
2,465849,2.800029754638672,18.938547134399414,-3.4452133178710938,-10.944816589355469
2,465849,-7.363409996032715,-5.5991034507751465,6.007431983947754,6.6236090660095215
2,465849,-4.188076019287109,-3.1620495319366455,-6.657477855682373,3.6849470138549805
2,465849,10.099956512451172,-4.8221259117126465,-8.205031394958496,-31.9947452545166
2,465849,2.634765386581421,-10.08968734741211,-1.7384285926818848,-20.290836334228516
2,465849,-9.584945678710938,7.4226531982421875,-1.4698833227157593,26.434307098388672
2,465850,-1.3525351285934448,10.332138061523438,7.637188911437988,9.922318458557129
2,465850,3.470698356628418,6.996216773986816,6.464043140411377,-25.81366539001465
2,465850,-9.346108436584473,-25.376867294311523,-8.587008476257324,2.2713675498962402
2,465850,5.676271915435791,-6.3841552734375,-4.616463661193848,16.119966506958008
2,465850,-0.6555740237236023,5.350651264190674,16.357267379760742,8.347765922546387
2,465850,-7.807905673980713,-14.246648788452148,19.313478469848633,5.566556930541992
2,465851,8.574413299560547,20.243606567382812,17.668807983398438,-8.840991973876953
2,465851,3.8991358280181885,16.761066436767578,-16.4762020111084,-5.751810550689697
2,465851,-1.166591763496399,-12.965667724609375,-20.704143524169922,7.78538179397583
2,465851,2.898667097091675,-0.2502767741680145,21.534137725830078,4.159648418426514
2,465851,12.028008460998535,12.863155364990234,1.4150900840759277,-0.9312183260917664
2,465851,-1.5055458545684814,14.39065933227539,-17.469852447509766,16.391321182250977
2,465852,-6.821080207824707,0.5240643620491028,17.922887802124023,10.501340866088867
2,465853,13.928874969482422,-11.550235748291016,22.641969680786133,5.545790672302246
2,465853,-4.4340596199035645,9.995988845825195,-19.034868240356445,-4.407429218292236
2,465853,-18.53314208984375,3.465664863586426,-19.2672119140625,-22.148027420043945
2,465853,6.256025791168213,-25.31850814819336,-9.105879783630371,2.7552762031555176
2,465854,1.7679535150527954,-1.7037867307662964,-14.391273498535156,8.780271530151367
2,465854,6.365319728851318,29.856258392333984,14.73401927947998,-0.43005824089050293
2,465854,-3.476952075958252,7.104275703430176,10.909951210021973,-3.541470527648926
2,465854,-14.789441108703613,-22.087581634521484,-1.7371479272842407,6.78122091293335
2,465855,12.48073673248291,-24.332101821899414,-10.596222877502441,-31.10440444946289
2,465855,-2.996950149536133,-13.668035507202148,-27.74322509765625,-30.401412963867188
2,465858,10.260720252990723,36.333648681640625,10.997307777404785,81.15625
2,465860,33.844749450683594,16.71377182006836,9.033090591430664,8.721805572509766
2,465862,-19.755517959594727,-16.551698684692383,-7.302383899688721,-98.62577819824219
2,465864,-25.757369995117188,13.56582260131836,21.657018661499023,4.052048683166504
2,465866,6.978867053985596,-33.416194915771484,-19.207456588745117,46.68826675415039
2,465868,-2.3612477779388428,-13.013603210449219,-7.443557262420654,20.57986068725586
2,465870,4.499148368835449,21.095726013183594,46.25653076171875,31.59576416015625
2,465872,7.161905288696289,-6.193343639373779,-6.731495380401611,11.479985237121582
2,465874,-15.930807113647461,12.254932403564453,-14.194493293762207,-51.39873123168945
2,465876,-5.662354946136475,-7.016709804534912,-8.383424758911133,-73.1805419921875
2,465878,-0.5380120277404785,-10.681938171386719,-11.20263385772705,3.851457118988037
2,465880,-4.843934535980225,17.104169845581055,45.951499938964844,44.36943054199219
2,465882,22.452865600585938,4.076426029205322,4.210495948791504,7.110628128051758
2,465884,2.7459373474121094,-10.440106391906738,-33.5683708190918,1.6483120918273926
2,465886,-13.806899070739746,14.912945747375488,3.191074848175049,15.388079643249512
2,465888,19.965124130249023,18.90505599975586,-13.276703834533691,-7.6136016845703125
2,465890,2.4465019702911377,-28.308517456054688,11.562355041503906,-21.40964698791504
2,465892,-24.72577476501465,-25.300949096679688,10.243195533752441,5.674116134643555
2,465894,0.4890972673892975,27.999649047851562,-15.778326988220215,33.76603317260742
2,465896,10.23431396484375,19.791217803955078,6.456035614013672,13.914078712463379
2,465898,-5.981812000274658,-10.728554725646973,-1.632397174835205,-7.923796653747559
2,465900,-4.3009724617004395,-9.437433242797852,-8.218311309814453,-21.90690803527832
2,465903,-2.837965965270996,-24.122314453125,0.7146332263946533,-6.670143127441406
2,465904,4.841854095458984,-4.595752716064453,0.3563631772994995,18.59419059753418
2,465907,19.656038284301758,41.992347717285156,-0.13980889320373535,-24.295515060424805
2,466100,-14.465185165405273,6.285194396972656,17.651264190673828,-32.81428527832031
2,466100,-19.880443572998047,-21.26392364501953,-5.632840633392334,7.876310348510742
2,466101,15.38757610321045,10.390694618225098,-10.8702392578125,19.33640480041504
2,466101,3.9139606952667236,-4.630441188812256,21.690902709960938,-5.053480625152588
2,466101,-0.2962433695793152,-1.7664415836334229,-2.9859964847564697,12.573164939880371
2,466101,2.3108105659484863,3.614650011062622,-12.682806968688965,15.350247383117676
2,466101,-11.302709579467773,-26.709468841552734,4.699716091156006,-18.14080047607422
2,466102,-1.3932974338531494,13.953380584716797,1.1978563070297241,17.423879623413086
2,466102,6.991131782531738,29.043249130249023,4.5550312995910645,18.924022674560547
2,466102,0.17105090618133545,-17.36659049987793,3.0639162063598633,-20.672563552856445
2,466102,5.992453575134277,-15.891186714172363,7.387568950653076,1.72908353805542
2,466102,14.244634628295898,12.97824478149414,-4.795992374420166,18.172969818115234
2,466102,-5.8101983070373535,3.620734453201294,-23.50393295288086,-6.165893077850342
2,466102,-13.789219856262207,-9.162752151489258,-3.2274386882781982,-8.87513256072998
2,466103,7.982470989227295,-7.72812032699585,6.257587432861328,8.519721031188965
2,466103,11.875057220458984,0.7121593356132507,6.508523464202881,11.794072151184082
2,466103,0.7280389070510864,14.975418090820312,3.9775514602661133,-2.052419900894165
2,466103,-3.8219196796417236,-12.811017036437988,-5.689171314239502,-21.022930145263672
2,466103,-3.9988129138946533,-1.169878363609314,-5.636823654174805,-3.5658252239227295
2,466104,-18.716995239257812,12.222865104675293,14.800237655639648,11.025201797485352
2,466104,-0.5936301350593567,-3.14225697517395,18.390968322753906,-15.819897651672363
2,466104,21.217973709106445,17.116798400878906,-16.615276336669922,-4.2957282066345215
2,466104,-2.6721510887145996,-2.3798232078552246,-22.184446334838867,1.6772719621658325
2,466104,-14.54785442352295,-32.20762252807617,14.84105396270752,-14.824457168579102
2,466104,0.7292938828468323,-9.670146942138672,18.5411434173584,-5.816686153411865
2,466105,-5.987888813018799,40.6174201965332,-8.280689239501953,-0.09599631279706955
2,466105,-16.575328826904297,4.520984649658203,-13.369682312011719,-0.06570382416248322
2,466105,31.585514068603516,-40.254173278808594,-7.687017917633057,3.342576265335083
2,466105,22.165103912353516,11.092741966247559,2.8611037731170654,9.276278495788574
2,466105,-25.61090087890625,14.002663612365723,1.4843345880508423,-14.145584106445312
2,466105,-21.309471130371094,-15.0537748336792,-2.0885519981384277,-12.369620323181152
2,466106,13.926033973693848,-6.070321083068848,2.923851251602173,18.098392486572266
2,466106,27.146379470825195,-1.501440405845642,-2.0549113750457764,9.614099502563477
2,466106,-16.444799423217773,10.063077926635742,2.2677254676818848,9.120427131652832
2,466106,-8.185144424438477,15.513420104980469,4.943419456481934,-8.267487525939941
2,466106,16.937850952148438,-15.627349853515625,1.598558783531189,-15.141217231750488
2,466107,-8.836501121520996,12.046965599060059,-0.22568941116333008,16.46412467956543
2,466107,-5.838354587554932,14.687914848327637,-7.352971076965332,2.697625160217285
2,466107,6.941649913787842,-27.19049072265625,7.165375232696533,-4.833174228668213
2,466107,-10.080657958984375,11.4635009765625,7.246500015258789,3.215548276901245
2,466107,3.2681076526641846,13.320829391479492,-3.8880183696746826,-2.481760025024414
2,466107,11.717025756835938,-24.819408416748047,-2.7578346729278564,11.62771987915039
2,466108,-24.042171478271484,-7.184702396392822,-0.572887122631073,-9.033891677856445
2,466108,-16.74766731262207,17.24962043762207,-2.7105720043182373,-3.01183819770813
2,466108,40.0839958190918,5.3260955810546875,0.620681643486023,14.730144500732422
2,466108,14.677703857421875,-9.336053848266602,12.881794929504395,-3.7925591468811035
2,466108,-30.010461807250977,-0.42036476731300354,7.754745960235596,11.835975646972656
2,466108,3.6483404636383057,4.365751266479492,-4.396377086639404,-2.455711841583252
2,466109,-2.9680330753326416,0.09398774057626724,-14.74795913696289,-2.8621115684509277
2,466109,-8.662553787231445,4.823970317840576,5.389791965484619,11.582576751708984
2,466109,26.122737884521484,1.2797991037368774,11.983319282531738,-13.125908851623535
2,466109,-2.591886043548584,-1.7480369806289673,-8.755024909973145,-6.598033428192139
2,466109,-20.79817771911621,-2.6843342781066895,-21.69124412536621,12.327812194824219
2,466109,11.234195709228516,0.5533111691474915,0.8583710789680481,-11.573719024658203
2,466110,14.190727233886719,4.080800533294678,26.41649627685547,-20.94776725769043
2,466110,-6.837674140930176,1.0044984817504883,-3.559443235397339,15.673789978027344
2,466110,-17.517229080200195,-4.189183712005615,-6.639008045196533,9.986082077026367
2,466110,1.456203579902649,-5.8138885498046875,8.994736671447754,-26.98624038696289
2,466110,16.072978973388672,1.4859185218811035,-12.15464973449707,12.610947608947754
2,466110,2.0361533164978027,-15.81546401977539,-14.771053314208984,30.51607322692871
2,466111,-8.47213363647461,-5.229142189025879,17.882230758666992,-34.54436111450195
2,466111,7.063576698303223,18.458219528198242,9.591608047485352,-8.458524703979492
2,466111,-2.4385108947753906,-9.446465492248535,-22.249086380004883,38.61737823486328
2,466111,-19.64920997619629,-0.22529003024101257,5.816329002380371,6.986761569976807
2,466111,3.3978354930877686,22.009859085083008,-2.1467597484588623,-8.07474422454834
2,466111,8.1261568069458,-6.961402416229248,-24.987651824951172,-12.81607723236084
2,466112,-5.137721061706543,-21.223758697509766,9.149911880493164,-7.885412216186523
2,466112,-0.46936145424842834,-1.2934833765029907,15.773181915283203,20.84012222290039
2,466112,6.1023077964782715,26.70730972290039,3.7468655109405518,3.7682878971099854
2,466112,-7.56104040145874,18.987930297851562,0.49692410230636597,-17.147268295288086
2,466112,-1.1430631875991821,-20.50482940673828,2.686037540435791,-4.705212593078613
2,466112,14.33204174041748,-25.623567581176758,-4.991919040679932,-8.484028816223145
2,466113,6.411379814147949,2.3005211353302,6.389411449432373,0.5122050046920776
2,466113,12.369819641113281,23.497987747192383,3.577375888824463,-2.2779486179351807
2,466113,0.03452161327004433,6.622795104980469,-9.979021072387695,-3.2399532794952393
2,466113,-8.106283187866211,-5.24399471282959,22.8514461517334,13.068552017211914
2,466113,-0.46275442838668823,9.982010841369629,8.155396461486816,-3.8126540184020996
2,466113,-18.77106475830078,-10.56151294708252,-13.066732406616211,-9.453901290893555
2,466114,2.7549643516540527,-5.873100280761719,-3.9587130546569824,-5.654947280883789
2,466114,15.99047565460205,15.624558448791504,-7.965153217315674,7.603907108306885
2,466114,-5.697815418243408,-2.143141031265259,-2.491039514541626,17.19668960571289
2,466114,-16.52216339111328,-2.704463481903076,-4.137887954711914,-3.220423936843872
2,466114,-15.61450481414795,-3.407425880432129,1.2989370822906494,-4.684022426605225
2,466114,13.945859909057617,-0.6083998680114746,7.3701372146606445,4.087242603302002
2,466115,25.70680046081543,4.048832893371582,-10.292072296142578,1.3073160648345947
2,466115,-2.667095422744751,-14.153274536132812,-13.576723098754883,1.2269374132156372
2,466115,-22.628604888916016,-1.2158994674682617,7.583851337432861,20.989025115966797
2,466115,-6.3425140380859375,15.226798057556152,-0.23431642353534698,18.534791946411133
2,466115,10.641230583190918,-13.756217956542969,-5.201298236846924,-11.912233352661133
2,466115,12.199953079223633,-4.360658168792725,12.347261428833008,-11.74737548828125
2,466116,4.167238712310791,15.842794418334961,2.7314624786376953,22.36144256591797
2,466116,-8.622268676757812,4.111267566680908,1.0808932781219482,2.202558994293213
2,466116,1.549683928489685,5.824234962463379,-6.465267181396484,-40.35066223144531
2,466116,4.92486572265625,-18.421342849731445,-3.8701725006103516,-9.068941116333008
2,466116,-10.166611671447754,-26.364831924438477,14.983261108398438,6.2331976890563965
2,466116,5.0230183601379395,17.495182037353516,-6.0583295822143555,-4.217545032501221
2,466117,14.96524715423584,21.423091888427734,-2.255810499191284,-6.216090202331543
2,466118,-10.650978088378906,-19.462852478027344,15.375897407531738,-29.37651252746582
2,466118,-21.163734436035156,-10.142041206359863,-8.285592079162598,-14.233366012573242
2,466118,3.163926362991333,9.502326965332031,1.0775067806243896,24.166431427001953
2,466119,19.453811645507812,-9.009615898132324,12.456380844116211,10.889876365661621
2,466119,-1.8828529119491577,-1.4929571151733398,-18.63027572631836,9.586478233337402
2,466119,-21.930973052978516,23.843191146850586,9.160894393920898,8.175509452819824
2,466119,2.0425472259521484,16.035253524780273,13.983952522277832,-7.678163051605225
2,466119,5.319892406463623,-18.88935089111328,-29.39347267150879,32.78034591674805
2,466119,-15.180350303649902,-33.41025161743164,-5.233523368835449,18.76729393005371
2,466121,5.611409664154053,16.236940383911133,12.400601387023926,-45.85932159423828
2,466122,22.89150047302246,30.981517791748047,-3.8022987842559814,-23.976852416992188
2,466123,5.630276679992676,-14.59699535369873,-5.328470230102539,6.902065753936768
2,466126,-16.238882064819336,2.572786808013916,-8.923186302185059,22.66560935974121
2,466127,7.0963239669799805,9.996223449707031,-3.823620080947876,11.589770317077637
2,466130,11.118879318237305,-23.449453353881836,12.182406425476074,-39.30790710449219
2,466131,-13.371392250061035,-12.300347328186035,25.914064407348633,-19.07140350341797
2,466134,-3.6915128231048584,10.53198528289795,20.44516372680664,37.86908721923828
2,466135,12.255510330200195,25.140836715698242,-14.904367446899414,15.909475326538086
2,466138,6.473522186279297,-1.1897307634353638,-31.087690353393555,-17.726093292236328
2,466139,-16.060609817504883,-35.1412239074707,-5.904810428619385,31.9351806640625
2,466142,-11.452169418334961,9.635820388793945,17.40494728088379,2.688408851623535
2,466144,12.005389213562012,16.864444732666016,-1.7396022081375122,-22.811147689819336
2,466146,23.484336853027344,7.384641170501709,1.7104380130767822,18.653539657592773
2,466148,-7.231393337249756,15.325125694274902,15.901507377624512,-6.00606632232666
2,466150,-30.812152862548828,-32.33055877685547,-7.814441204071045,-26.129749298095703
2,466152,9.056479454040527,-21.089643478393555,-8.873059272766113,-7.540710926055908
2,466154,16.821460723876953,14.218034744262695,-19.204639434814453,32.72795104980469
2,466156,-15.090906143188477,3.8834571838378906,3.666201591491699,4.163362503051758
2,466158,7.023918151855469,21.369857788085938,4.047634601593018,-62.17127990722656
2,466160,-5.306280612945557,16.544795989990234,4.2460174560546875,-10.679571151733398
2,466162,-8.396707534790039,-19.54918098449707,36.121788024902344,76.41650390625
2,466164,9.284564971923828,-23.224145889282227,-26.493595123291016,9.359539985656738
2,466166,1.4778584241867065,2.408923625946045,-13.36571216583252,-64.3307876586914
2,466168,2.436722755432129,11.39354419708252,12.034069061279297,6.68782901763916
2,466170,-24.089139938354492,1.561533808708191,-8.670077323913574,66.84454345703125
2,466172,-0.5218425989151001,6.67125940322876,16.319244384765625,-2.543354034423828
2,466367,14.815155029296875,-4.7114973068237305,-11.471822738647461,-43.958919525146484
2,466367,9.648178100585938,-9.690373420715332,-22.478525161743164,5.074521541595459
2,466367,7.393897533416748,0.218083918094635,29.183034896850586,8.891929626464844
2,466367,1.0072482824325562,6.425225734710693,22.995399475097656,1.9260176420211792
2,466367,6.992408275604248,0.10161220282316208,-10.78048324584961,-13.79073715209961
2,466367,1.7679073810577393,-26.341686248779297,-9.015399932861328,-14.211231231689453
2,466368,-12.385581016540527,-3.2747550010681152,1.305505633354187,10.759836196899414
2,466368,-23.709177017211914,20.519838333129883,4.254132270812988,2.234666347503662
2,466368,8.6195068359375,2.0833899974823,-11.179224967956543,6.643162250518799
2,466368,21.674510955810547,16.13022804260254,0.6505348682403564,-4.0084309577941895
2,466368,7.560782432556152,14.173750877380371,5.352030277252197,-11.96834945678711
2,466368,-18.695491790771484,-12.9362211227417,6.3792033195495605,8.648744583129883
2,466369,-18.828386306762695,0.6251705288887024,18.592405319213867,-8.443127632141113
2,466369,8.716801643371582,-12.164446830749512,-29.16910743713379,-4.791170120239258
2,466369,-4.655086994171143,-17.527910232543945,-26.944948196411133,20.981325149536133
2,466369,12.514196395874023,26.798032760620117,21.646005630493164,20.035810470581055
2,466369,21.659446716308594,2.3901607990264893,-1.135589838027954,-3.962590217590332
2,466369,-14.700843811035156,-21.938791275024414,-8.122682571411133,-17.139068603515625
2,466370,-4.665659427642822,18.773937225341797,6.757833480834961,-6.633503437042236
2,466370,8.40623664855957,7.2245402336120605,8.228753089904785,-5.043601036071777
2,466370,-13.84836196899414,-39.67446517944336,-0.21213746070861816,3.152681589126587
2,466370,-14.675164222717285,-14.698184967041016,-23.970008850097656,10.491791725158691
2,466370,-3.495753288269043,33.170379638671875,17.856609344482422,1.4613044261932373
2,466371,8.152778625488281,-4.597018241882324,20.847829818725586,-25.432947158813477
2,466371,10.334243774414062,-17.59780502319336,-23.563671112060547,-13.251287460327148
2,466371,-4.561867713928223,28.07147789001465,-1.0094622373580933,26.403011322021484
2,466371,0.4125826060771942,-0.006717560812830925,-3.2427608966827393,7.79797887802124
2,466371,12.730924606323242,-19.23935317993164,-2.0540072917938232,-12.103286743164062
2,466371,-2.2682156562805176,7.95897102355957,18.11071014404297,15.96738052368164
2,466372,-5.3236823081970215,16.62312889099121,-9.524018287658691,5.3366169929504395
2,466372,15.77194595336914,10.862170219421387,-17.627384185791016,-15.998175621032715
2,466372,-5.2086286544799805,-18.279069900512695,13.559236526489258,11.584441184997559
2,466372,-11.470128059387207,-17.333179473876953,15.242708206176758,5.672052383422852
2,466372,6.001611232757568,20.178573608398438,-4.4184088706970215,-1.3921481370925903
2,466372,-8.779104232788086,30.255725860595703,-6.112016201019287,-17.91943359375
2,466373,-1.1329143047332764,0.1601632684469223,10.328628540039062,-17.68736457824707
2,466373,18.168922424316406,-17.191665649414062,12.57689380645752,26.40205955505371
2,466373,10.256677627563477,-18.800260543823242,-16.431753158569336,1.0310392379760742
2,466373,-12.553628921508789,0.21089357137680054,-7.7842020988464355,-4.199532985687256
2,466373,-11.39997673034668,23.072021484375,16.403987884521484,6.015617370605469
2,466373,-2.3794736862182617,-1.581525206565857,-8.68194580078125,-15.589722633361816
2,466374,3.416227340698242,-22.72793197631836,-10.6191987991333,1.164684534072876
2,466374,4.513883590698242,-9.099878311157227,13.774918556213379,8.09829330444336
2,466374,4.730097770690918,20.460739135742188,-2.880539894104004,-1.055140495300293
2,466374,1.3987572193145752,-0.1061805933713913,-20.91477394104004,11.062896728515625
2,466374,-17.452482223510742,-8.759414672851562,4.217068195343018,11.864984512329102
2,466374,-9.515522956848145,-1.4136112928390503,9.586013793945312,-10.611921310424805
2,466375,-1.4577131271362305,-8.8184814453125,-7.938009262084961,-9.833130836486816
2,466375,-3.4298653602600098,8.538187980651855,5.317102432250977,10.967735290527344
2,466375,15.034945487976074,4.968138217926025,8.794953346252441,4.2349324226379395
2,466375,26.54991912841797,9.91225814819336,-1.3889775276184082,-21.814891815185547
2,466375,-3.9371166229248047,-15.377283096313477,-1.9238017797470093,-12.246694564819336
2,466375,-13.818197250366211,-15.529446601867676,-8.752799034118652,18.57653045654297
2,466376,-2.764193534851074,37.572601318359375,-1.439897894859314,-1.5772299766540527
2,466376,-0.7045024633407593,7.533482551574707,13.85184383392334,-7.5412821769714355
2,466376,15.9954252243042,-20.73044776916504,-0.5077526569366455,-1.893777847290039
2,466376,-6.2280659675598145,-15.075870513916016,-10.305181503295898,-14.076752662658691
2,466376,-10.943061828613281,-2.2652223110198975,-1.6833481788635254,13.144021987915039
2,466376,11.131136894226074,21.81890106201172,8.034692764282227,2.5154802799224854
2,466377,-0.5869081616401672,3.6639938354492188,5.441771507263184,-7.57133150100708
2,466377,-23.06476402282715,-24.086421966552734,-17.272226333618164,17.95587730407715
2,466377,-13.148284912109375,0.24589739739894867,-6.997380256652832,3.9202115535736084
2,466377,34.169776916503906,19.22439193725586,20.71015739440918,-2.7599220275878906
2,466377,10.206673622131348,-10.085229873657227,2.9659600257873535,15.206167221069336
2,466377,-29.00957489013672,12.815187454223633,-14.47638988494873,3.2993195056915283
2,466378,6.81538200378418,1.7709730863571167,14.771689414978027,4.320923805236816
2,466378,30.848180770874023,-18.112873077392578,5.9980854988098145,4.993283271789551
2,466378,-3.9532570838928223,12.813823699951172,-17.153060913085938,-16.976863861083984
2,466378,-32.7421875,-12.181147575378418,2.4221627712249756,-0.8094678521156311
2,466378,1.5028479099273682,6.401559352874756,9.623490333557129,-0.15775179862976074
2,466378,25.254201889038086,33.43060302734375,7.368265151977539,-15.62084674835205
2,466379,-0.5075380802154541,-30.760578155517578,-9.794012069702148,0.37449613213539124
2,466379,-10.241257667541504,-31.29448890686035,-10.750288009643555,4.809309959411621
2,466379,-2.9484524726867676,19.11456871032715,27.211275100708008,-13.228309631347656
2,466379,-8.209702491760254,7.481607437133789,5.590122222900391,3.128429651260376
2,466379,0.8762942552566528,1.6569942235946655,-37.018775939941406,10.107126235961914
2,466379,2.561086893081665,-11.101076126098633,-14.111804008483887,-5.135448455810547
3,466380,-9.45411205291748,-4.808719635009766,15.736501693725586,10.25876235961914
3,466380,3.947323799133301,17.661550521850586,7.995920658111572,-6.157244682312012
3,466380,10.431707382202148,-1.5799212455749512,-5.338079929351807,-1.7687902450561523
3,466380,-5.530827522277832,-12.68527603149414,10.294557571411133,20.931968688964844
3,466380,-6.763482570648193,-8.867232322692871,2.996433973312378,0.051199715584516525
3,466380,0.5470079183578491,10.128429412841797,0.007490331307053566,18.245573043823242
3,466381,11.22647762298584,13.889534950256348,-1.556517243385315,-0.08261090517044067
3,466381,2.52608323097229,-11.34773063659668,-11.304574012756348,-21.6662654876709
3,466381,-7.557385444641113,-8.646197319030762,1.7854182720184326,15.446810722351074
3,466381,1.81289541721344,11.740933418273926,-3.7167961597442627,0.7076784372329712
3,466381,2.095454454421997,5.0185227394104,-7.591517448425293,-8.378446578979492
3,466381,7.737083911895752,-1.340185523033142,14.257105827331543,-1.9771783351898193
3,466382,0.056764353066682816,19.753211975097656,20.439411163330078,-10.463873863220215
3,466382,3.8816349506378174,4.475350379943848,-17.026538848876953,-9.010086059570312
3,466382,-1.2538487911224365,-20.44230842590332,-7.0440754890441895,-8.050480842590332
3,466382,-14.625123023986816,0.09018971025943756,19.392690658569336,-11.62442398071289
3,466382,5.4390411376953125,-1.795792579650879,0.3418685793876648,-8.710012435913086
3,466383,15.904687881469727,-6.080451488494873,-5.983832359313965,3.482171058654785
3,466383,2.624619960784912,22.224468231201172,-8.939348220825195,-22.052661895751953
3,466383,-16.35129165649414,5.268303394317627,4.408289432525635,-5.404672145843506
3,466384,-7.461880207061768,-26.125944137573242,2.600956916809082,17.57752227783203
3,466384,-2.2020339965820312,-16.165754318237305,-21.172544479370117,-1.1882367134094238
3,466385,-8.882665634155273,5.7826762199401855,-0.08603326976299286,16.593196868896484
3,466385,3.9297232627868652,5.228357315063477,4.848400115966797,8.151832580566406
3,466385,7.550775051116943,4.443382263183594,-2.3604609966278076,-1.6248642206192017
3,466385,3.7274324893951416,15.42771053314209,5.022637844085693,4.724146842956543
3,466385,0.14851638674736023,-17.866634368896484,-0.6935879588127136,9.911714553833008
3,466385,2.3130955696105957,2.3806099891662598,12.016265869140625,14.799905776977539
3,466386,0.15754690766334534,26.919204711914062,14.886570930480957,2.9281728267669678
3,466387,-13.035935401916504,-31.161855697631836,-8.005139350891113,-9.601741790771484
3,466388,2.1316404342651367,-14.151569366455078,-19.3140811920166,-22.146800994873047
3,466390,23.4970703125,16.524328231811523,11.776663780212402,20.012495040893555
3,466392,1.639180064201355,-11.425630569458008,29.688539505004883,8.879920959472656
3,466394,-24.661640167236328,5.586302280426025,-15.71394157409668,-40.67155456542969
3,466396,18.893545150756836,21.008089065551758,-10.749929428100586,26.041208267211914
3,466398,18.129751205444336,7.512472152709961,2.165511131286621,14.838699340820312
3,466400,-39.50605773925781,2.1904850006103516,-15.588679313659668,-38.53797149658203
3,466402,-16.44537925720215,-6.229367733001709,1.8607215881347656,-4.950575351715088
3,466404,22.22903823852539,-6.889194965362549,5.875884056091309,48.76321792602539
3,466406,15.427765846252441,8.164158821105957,9.370931625366211,16.510562896728516
3,466408,-11.063520431518555,-10.987960815429688,1.6349252462387085,-60.16313171386719
3,466410,-2.978060483932495,-21.61668586730957,-17.556474685668945,-9.763673782348633
3,466412,15.138504028320312,20.04710578918457,-0.9478729367256165,47.64045715332031
3,466414,-11.10598373413086,11.692733764648438,7.943543434143066,26.378101348876953
3,466416,-0.9719750285148621,-5.96726131439209,-10.23359489440918,-6.9734368324279785
3,466418,19.929607391357422,1.719305396080017,-2.1487557888031006,-48.647525787353516
3,466420,-17.311691284179688,-27.3675594329834,13.829974174499512,-28.608203887939453
3,466422,-7.44312858581543,-8.214913368225098,-10.039511680603027,29.600238800048828
3,466424,4.492555618286133,19.937307357788086,-12.444913864135742,-6.31272029876709
3,466426,-12.352651596069336,-6.783535480499268,16.842626571655273,-1.4235386848449707
3,466429,7.081147193908691,9.75248908996582,13.810004234313965,39.72352981567383
3,466430,9.71570873260498,13.667169570922852,14.242002487182617,-19.047752380371094
3,466433,2.7885491847991943,-12.589594841003418,-0.3637979328632355,-47.64485168457031
3,466434,-8.39437484741211,4.9732818603515625,-25.505615234375,9.805482864379883
3,466437,-1.886529803276062,22.224302291870117,-2.6020307540893555,56.98250961303711
3,466438,1.8574676513671875,-24.088233947753906,-4.815007209777832,17.40857696533203
3,466693,-2.7315688133239746,-26.941553115844727,-3.3925604820251465,-23.35264015197754
3,466695,12.061123847961426,20.89279556274414,13.961836814880371,-13.016318321228027
3,466697,-15.834575653076172,10.00094223022461,3.2081892490386963,-13.322023391723633
3,466699,-4.419984817504883,6.405735015869141,-0.07003771513700485,13.26959228515625
3,466701,33.65805435180664,6.69326114654541,-3.1238696575164795,-0.4729904532432556
3,466703,-4.244568824768066,-0.11050564795732498,6.170940399169922,-8.800881385803223
3,466705,-33.708953857421875,-4.410195827484131,0.5726261734962463,26.801067352294922
3,466706,-8.08469009399414,-22.726335525512695,-24.485227584838867,1.848116159439087
3,469629,35.07115936279297,-13.832825660705566,19.032901763916016,-36.4852180480957
3,469629,21.958532333374023,17.59335708618164,35.14609146118164,-31.318864822387695
3,469629,-17.154970169067383,13.927186012268066,-26.609344482421875,12.248419761657715
3,469629,-8.891185760498047,-9.034817695617676,-19.10669708251953,26.46807098388672
3,469630,-1.2351937294006348,-6.626206874847412,9.77735424041748,8.603184700012207
3,469630,3.851328134536743,10.156790733337402,2.5293619632720947,-15.886251449584961
3,469630,-5.186034679412842,2.528951406478882,-16.684886932373047,-0.07216893881559372
3,469630,-22.232757568359375,-7.174114227294922,-9.6558256149292,9.492534637451172
3,469630,12.698326110839844,-5.52953577041626,7.4601030349731445,-20.165908813476562
3,469631,19.746978759765625,-9.943931579589844,-1.2089545726776123,20.294208526611328
3,469631,-20.212657928466797,6.581801414489746,12.113564491271973,18.92188262939453
3,469631,-12.08132553100586,-5.456414699554443,2.5170698165893555,-29.1144962310791
3,469631,13.720613479614258,-17.425790786743164,-16.146663665771484,15.744001388549805
3,469631,-4.4154372215271,25.6771297454834,-2.362551212310791,34.331520080566406
3,469631,-4.415038585662842,19.83022117614746,4.318790912628174,-26.12600326538086
3,469632,16.920146942138672,-16.418886184692383,4.1161298751831055,-8.692231178283691
3,469632,-6.268276691436768,3.581235647201538,0.8487474322319031,30.07759666442871
3,469632,-11.760939598083496,11.123040199279785,9.213980674743652,-11.747030258178711
3,469632,20.25709342956543,10.740049362182617,7.635766983032227,-17.116167068481445
3,469632,6.804234504699707,2.2677829265594482,-17.484643936157227,-1.377030611038208
3,469632,-19.114273071289062,-23.571027755737305,5.106387138366699,5.563899517059326
3,469633,5.560988426208496,3.660426616668701,25.678306579589844,-7.883366584777832
3,469633,17.080087661743164,17.11638832092285,-7.360588550567627,-20.46396827697754
3,469633,-1.9301533699035645,-15.933147430419922,-10.507577896118164,16.237506866455078
3,469633,-9.454843521118164,-11.504130363464355,10.06101131439209,-0.2642669081687927
3,469633,6.718484401702881,7.499186038970947,-0.9007547497749329,-8.598578453063965
3,469633,-8.520358085632324,0.6296180486679077,1.7188782691955566,15.81982421875
3,469634,-7.434699535369873,2.944186210632324,2.2675669193267822,-1.1765978336334229
3,469634,7.020824909210205,-9.905731201171875,-19.916414260864258,4.068737506866455
3,469634,-12.381486892700195,-4.419482231140137,0.7387455105781555,15.842955589294434
3,469634,4.402897834777832,12.548074722290039,10.98852825164795,8.428937911987305
3,469634,0.3856423497200012,-2.081561803817749,-12.816632270812988,12.04812240600586
3,469635,7.418797969818115,9.625213623046875,2.0788538455963135,-4.3878679275512695
3,469635,15.897374153137207,3.1802115440368652,-0.36539795994758606,-13.520130157470703
3,469635,-12.770026206970215,-19.058879852294922,-8.17399787902832,-7.075625419616699
3,469635,-9.47038745880127,1.9816385507583618,23.321094512939453,3.8288795948028564
3,469635,20.094703674316406,25.5989990234375,15.377708435058594,17.451059341430664
3,469635,8.794750213623047,3.7749216556549072,-16.748340606689453,-13.865260124206543
3,469635,-22.799545288085938,-20.00737190246582,-2.9624249935150146,-44.11770248413086
3,469636,12.283428192138672,-0.9188360571861267,12.582761764526367,0.08601891994476318
3,469636,1.9683959484100342,9.769944190979004,-7.400846481323242,39.01374816894531
3,469636,-26.53696632385254,-6.345048427581787,-7.096558570861816,-13.642608642578125
3,469636,19.91069793701172,5.96689510345459,11.81098461151123,-22.162479400634766
3,469636,12.342637062072754,16.131479263305664,5.088935852050781,5.692137241363525
3,469636,-15.96330738067627,-22.118005752563477,-13.448290824890137,6.002045154571533
3,469637,-4.575527191162109,-21.884904861450195,-8.167049407958984,-2.8435871601104736
3,469637,-2.963188886642456,-7.18264102935791,-1.6680055856704712,-12.610128402709961
3,469638,-8.064143180847168,-3.4685041904449463,-29.43390655517578,-9.209942817687988
3,469638,-16.639047622680664,22.09043312072754,-14.751097679138184,-8.646774291992188
3,469638,8.022224426269531,-1.7293552160263062,31.03965950012207,16.575641632080078
3,469639,21.458402633666992,-17.430206298828125,0.23034942150115967,25.602079391479492
3,469639,-23.059886932373047,4.834305763244629,-19.3281307220459,13.9065580368042
3,469640,-3.4298601150512695,10.703496932983398,3.4692375659942627,-8.498631477355957
3,469641,12.032278060913086,9.002811431884766,-3.003309726715088,-12.405705451965332
3,469644,-9.885926246643066,2.0649685859680176,16.517126083374023,-5.571230888366699
3,469645,10.092621803283691,-17.89437484741211,39.587852478027344,11.984112739562988
3,469648,16.148269653320312,-3.1277904510498047,9.69366455078125,13.717191696166992
3,469649,11.610824584960938,9.306328773498535,-20.377859115600586,-31.0985107421875
3,469652,-4.685018539428711,21.573705673217773,-4.859214782714844,7.6712751388549805
3,469653,3.637467384338379,40.11098861694336,25.072132110595703,41.34457778930664
3,469656,-4.110929012298584,-40.70729064941406,-16.706871032714844,-23.409671783447266
3,469657,-25.996768951416016,-28.62714385986328,-25.09343147277832,-34.458518981933594
3,469660,8.669368743896484,33.51332473754883,35.79753112792969,24.216236114501953
3,469661,12.244240760803223,-17.943445205688477,-1.5853908061981201,17.08115005493164
3,469664,-10.416779518127441,-26.18545150756836,-47.428497314453125,-7.472479343414307
3,469666,10.662675857543945,-4.599990367889404,-5.559820175170898,14.919404983520508
3,469668,3.189075469970703,13.28219985961914,34.17633056640625,-7.613288879394531
3,469670,-16.369356155395508,30.195446014404297,11.144944190979004,-29.50723648071289
3,469672,7.391904354095459,7.525720119476318,-35.89932632446289,-7.764540672302246
3,469674,-2.4463744163513184,-10.735995292663574,-3.0226776599884033,15.768231391906738
3,469677,-0.3501847982406616,-36.670387268066406,12.664434432983398,21.359657287597656
3,469782,7.887335300445557,-5.341728210449219,-7.108994960784912,0.7997007369995117
3,469782,3.1478614807128906,52.52896499633789,26.411865234375,-13.163979530334473
3,469783,5.485052108764648,-0.6321907043457031,-9.284324645996094,4.924766540527344
3,469783,-5.427101135253906,-21.293798446655273,-25.658061981201172,8.491225242614746
3,469783,-4.276970863342285,3.862718105316162,19.67626190185547,-1.2228918075561523
3,469783,-0.7658488154411316,-7.772703647613525,3.627716541290283,10.149704933166504
3,469783,2.9270408153533936,-3.28283429145813,-11.737895965576172,-19.674121856689453
3,469784,-19.65581512451172,-14.555963516235352,-1.9997851848602295,-2.352018117904663
3,469784,-6.4779462814331055,-13.851351737976074,12.149537086486816,24.134490966796875
3,469784,27.192699432373047,29.556808471679688,1.9086772203445435,-36.915462493896484
3,469784,-7.127882957458496,9.896623611450195,-14.109545707702637,-27.116252899169922
3,469784,-10.495052337646484,-25.38560676574707,6.264765739440918,24.329513549804688
3,469784,-2.9781148433685303,17.86693572998047,11.734282493591309,2.2623071670532227
3,469785,-9.198020935058594,31.878787994384766,0.2935064733028412,-16.834577560424805
3,469785,21.774890899658203,-0.586257815361023,9.483329772949219,-2.276757001876831
3,469785,9.854357719421387,-19.505998611450195,-5.049654006958008,4.199458599090576
3,469785,-16.25286102294922,-0.6739847660064697,0.8267338275909424,11.037821769714355
3,469785,15.775079727172852,14.067167282104492,30.991594314575195,-2.237076759338379
3,469785,9.051668167114258,-17.22059440612793,-8.793438911437988,2.648693323135376
3,469786,-12.233896255493164,11.674741744995117,-18.573139190673828,12.348776817321777
3,469786,18.176374435424805,19.45352554321289,-6.884915828704834,-19.955821990966797
3,469786,-7.577775001525879,-35.26723861694336,-3.4112930297851562,-2.578395128250122
3,469786,-26.21660804748535,-12.13125991821289,20.617280960083008,30.729257583618164
3,469786,13.376083374023438,20.726076126098633,-14.05943775177002,-6.558182716369629
3,469786,4.106667995452881,-4.633120536804199,-7.414377689361572,-16.25016212463379
3,469787,-8.142600059509277,-25.550094604492188,9.8085298538208,12.502960205078125
3,469787,-2.444025993347168,-0.9385986924171448,-20.913066864013672,9.760271072387695
3,469787,-8.744820594787598,24.00535774230957,7.334443092346191,-0.32882314920425415
3,469787,16.900901794433594,-2.495014190673828,6.838270664215088,-9.8464937210083
3,469787,2.332151174545288,-17.4267520904541,-15.343975067138672,8.243890762329102
3,469787,-9.63288402557373,19.503662109375,14.658842086791992,-0.8962259888648987
3,469788,1.5673613548278809,11.198432922363281,1.6233742237091064,-6.0721659660339355
3,469788,-9.420270919799805,-21.529287338256836,-12.959906578063965,21.13425636291504
3,469788,19.711780548095703,8.346614837646484,15.089118957519531,-8.39644718170166
3,469788,11.436701774597168,11.39858627319336,1.663977861404419,-9.165874481201172
3,469788,-15.189788818359375,-4.940588474273682,-10.44148063659668,2.213437795639038
3,469788,-12.56543254852295,7.9015703201293945,-10.198637008666992,0.8693820834159851
3,469789,0.5187329649925232,6.525215148925781,4.555812358856201,8.214808464050293
3,469789,7.779592990875244,-9.597810745239258,18.333053588867188,-12.176251411437988
3,469789,-13.583842277526855,-24.760160446166992,-8.849510192871094,-8.173898696899414
3,469789,-6.452313423156738,11.233198165893555,0.9890616536140442,16.032941818237305
3,469789,13.218029975891113,24.22565460205078,6.882045269012451,7.0431742668151855
3,469790,-1.3568097352981567,-8.449596405029297,-10.002422332763672,-27.008892059326172
3,469790,-0.9629898071289062,-12.27479076385498,-0.22115835547447205,-9.982390403747559
3,469790,5.619551658630371,-19.895166397094727,4.4802656173706055,21.34592056274414
3,469790,9.82617473602295,23.218618392944336,-4.025040149688721,7.515377998352051
3,469790,1.0476661920547485,19.449100494384766,-19.861101150512695,-15.85290241241455
3,469790,-14.5199613571167,-38.89335250854492,-2.672628879547119,0.8455133438110352
3,469791,13.484676361083984,10.190092086791992,19.042030334472656,21.276308059692383
3,469791,6.587548732757568,24.644916534423828,-2.844363212585449,-12.63316822052002
3,469791,-20.855670928955078,-21.02204704284668,-1.305395245552063,-6.039676189422607
3,469791,7.414185047149658,-5.710601329803467,0.40615954995155334,-0.26198652386665344
3,469791,1.5794552564620972,11.176013946533203,4.192240238189697,6.3677592277526855
3,469793,-21.34545135498047,10.136548042297363,6.8878560066223145,14.33340835571289
3,469793,21.781831741333008,8.066803932189941,-22.891481399536133,-18.278900146484375
3,469793,4.447510242462158,-19.907358169555664,6.898914813995361,9.327420234680176
3,469793,-32.41070556640625,-3.1857149600982666,24.19779396057129,2.9460504055023193
3,469793,15.816841125488281,6.572978496551514,-6.763628959655762,-15.824822425842285
3,469795,34.7715950012207,-17.380416870117188,-7.277789115905762,10.994217872619629
3,469796,-12.291023254394531,7.323533058166504,2.5252721309661865,-1.2986382246017456
3,469799,-19.961992263793945,2.180074691772461,0.4010496735572815,-15.415558815002441
3,469800,15.505908012390137,2.3467516899108887,3.3334333896636963,9.506593704223633
3,469803,2.677767515182495,16.258920669555664,-15.820921897888184,5.701993942260742
3,469804,-13.773308753967285,-21.360013961791992,-4.492995262145996,-8.112727165222168
3,469807,1.9860658645629883,-15.963401794433594,40.59040451049805,-7.186618804931641
3,469808,-15.496220588684082,6.050642013549805,-7.817935466766357,-1.915178894996643
3,469811,-5.748865127563477,11.672216415405273,-31.545095443725586,8.780141830444336
3,469812,29.90483283996582,14.112200736999512,-4.229150295257568,-28.871536254882812
3,469815,-9.75558090209961,29.805225372314453,10.229515075683594,18.62941551208496
3,469816,-25.489280700683594,16.723697662353516,11.482791900634766,53.35022735595703
3,469819,25.527067184448242,-38.11042404174805,1.439812421798706,-24.4128360748291
3,469820,18.85515594482422,-53.645179748535156,2.8772101402282715,-27.008922576904297
3,469821,-20.10472297668457,-11.016777992248535,-6.9059648513793945,38.58706283569336
3,469824,24.00429344177246,-14.929407119750977,-5.769616603851318,25.243804931640625
3,469825,20.37359046936035,-32.03629684448242,1.4949947595596313,-33.27559280395508
3,469828,-37.874847412109375,108.44571685791016,1.8366678953170776,-35.34709167480469
3,469829,-34.30960464477539,62.99485397338867,13.63949203491211,-14.979448318481445
3,469832,19.92489242553711,-73.95030212402344,22.412324905395508,22.542131423950195
3,469833,62.385868072509766,-4.564307689666748,-15.443733215332031,42.510955810546875
3,469951,-16.91034698486328,16.369468688964844,-27.334854125976562,-17.022138595581055
3,469951,-57.58127975463867,-22.583173751831055,1.1239715814590454,-65.14520263671875
3,469951,-0.9664815068244934,3.0589985847473145,13.906404495239258,10.900909423828125
3,469952,11.26291275024414,31.76280403137207,5.750373363494873,40.94050979614258
3,469952,14.490071296691895,8.35554027557373,-20.97703742980957,-6.11585807800293
3,469952,14.423835754394531,-15.371685028076172,3.9988367557525635,8.312936782836914
3,469952,-3.6447455883026123,-10.50825023651123,5.712346076965332,2.083509922027588
3,469952,-8.830875396728516,4.094449996948242,-19.236003875732422,-15.854601860046387
3,469952,-11.812541961669922,-19.70527458190918,12.988160133361816,16.808622360229492
3,469953,-4.066039085388184,-20.979415893554688,26.630645751953125,17.460403442382812
3,469953,19.058460235595703,2.7292327880859375,-17.311819076538086,-23.520845413208008
3,469953,5.302357196807861,2.6805596351623535,-28.903179168701172,-9.868836402893066
3,469953,-8.837388038635254,22.05594825744629,19.29328727722168,10.91512680053711
3,469953,0.36004284024238586,12.44763469696045,25.795896530151367,-8.293558120727539
3,469953,-4.7667951583862305,4.928965091705322,-6.287700653076172,0.39533716440200806
3,469954,-24.277265548706055,0.457521915435791,-26.835468292236328,20.7977294921875
3,469954,-6.616963863372803,-35.38627243041992,4.17245626449585,13.606523513793945
3,469954,24.96990394592285,0.9494026899337769,15.03651237487793,-10.714895248413086
3,469954,3.517390727996826,11.296101570129395,-17.66724395751953,-17.648099899291992
3,469954,-5.850922107696533,-2.431861400604248,-10.7569580078125,7.869174957275391
3,469954,4.4575629234313965,-1.8345814943313599,9.161880493164062,6.806064128875732
3,469955,-2.7205607891082764,-8.815949440002441,2.0316598415374756,-9.90539836883545
3,469955,-11.760140419006348,26.73528480529785,3.96626353263855,8.438506126403809
3,469955,15.485404968261719,5.257101058959961,11.443048477172852,-4.489212512969971
3,469955,11.45212173461914,-14.335150718688965,-4.092107772827148,-8.265029907226562
3,469955,-7.850511074066162,-4.794210433959961,-0.4486616253852844,0.3375544548034668
3,469956,14.87315845489502,1.250260353088379,4.584899425506592,-7.776737213134766
3,469956,0.5912896394729614,10.471569061279297,-2.5692763328552246,-3.5369670391082764
3,469956,-14.104289054870605,-20.138248443603516,1.1987102031707764,-9.126463890075684
3,469956,-1.3162517547607422,1.9670219421386719,16.13384246826172,10.713438987731934
3,469956,6.134555339813232,29.1833438873291,3.924469232559204,8.319408416748047
3,469956,3.139336109161377,-9.451837539672852,-16.940988540649414,-16.931852340698242
3,469956,-3.9697153568267822,-2.3834331035614014,5.077419757843018,0.25552546977996826
3,469957,1.3591862916946411,19.635446548461914,9.584050178527832,12.086442947387695
3,469957,0.9566839337348938,-3.4901890754699707,-19.122962951660156,4.0363545417785645
3,469957,-1.853926420211792,-17.1236572265625,-12.37474250793457,-1.8070087432861328
3,469957,-2.6945719718933105,-5.784058570861816,4.435705184936523,-9.515020370483398
3,469957,-5.7859063148498535,4.957825183868408,-9.619102478027344,3.7418203353881836
3,469958,-2.164271354675293,-11.825993537902832,-13.173966407775879,13.90392780303955
3,469958,-10.811344146728516,-28.066015243530273,11.1510591506958,-4.333141326904297
3,469958,-3.142636299133301,5.041958332061768,12.989068984985352,-12.871580123901367
3,469958,12.888720512390137,20.258180618286133,-0.6777599453926086,-1.0064961910247803
3,469958,-8.256498336791992,4.157245635986328,-4.323096752166748,-11.112092971801758
3,469958,-10.73597526550293,-3.1743035316467285,-6.543586254119873,-13.496310234069824
3,469959,10.296708106994629,-14.643068313598633,16.3603515625,24.47327995300293
3,469959,15.774084091186523,21.546737670898438,21.00762939453125,23.422672271728516
3,469959,21.30219268798828,21.227781295776367,4.226239204406738,4.582121849060059
3,469959,-3.284109115600586,-5.029533863067627,12.991684913635254,4.353476524353027
3,469959,-0.8585426807403564,10.718987464904785,-11.324930191040039,1.9958717823028564
3,469959,7.773438930511475,6.02316951751709,-32.725341796875,8.925762176513672
3,469960,-28.79375457763672,4.279554843902588,20.125864028930664,-5.027943134307861
3,469960,14.874388694763184,-9.457623481750488,10.644426345825195,-27.828857421875
3,469960,16.065799713134766,-13.469161987304688,-35.797237396240234,2.8047966957092285
3,469960,-36.06974792480469,-2.3551254272460938,11.925202369689941,15.203688621520996
3,469960,3.9923298358917236,-4.574154853820801,22.21052360534668,-11.500029563903809
3,469960,1.1840918064117432,2.188250780105591,-35.339332580566406,3.8298330307006836
3,469961,-9.193254470825195,3.397519826889038,-29.39293098449707,2.7969160079956055
3,469961,24.81233024597168,-21.163959503173828,24.704185485839844,-16.737159729003906
3,469962,-11.603009223937988,-19.92596435546875,12.858007431030273,-4.080103397369385
3,469962,-22.811809539794922,-0.13101832568645477,-2.429258108139038,4.401381015777588
3,469962,23.845640182495117,-6.029737949371338,9.621277809143066,5.655358791351318
3,469963,-1.4376099109649658,23.066722869873047,-10.364182472229004,2.550886392593384
3,469963,-11.988235473632812,20.17332649230957,-5.156608581542969,-9.988100051879883
3,469963,16.190183639526367,-33.59869384765625,4.386325359344482,7.501968860626221
3,469964,-1.694126844406128,0.05615852773189545,7.7278289794921875,18.940584182739258
3,469966,-6.237845420837402,20.78053092956543,4.525269508361816,-19.55042266845703
3,469968,-13.245732307434082,-6.968146324157715,-1.2492930889129639,-31.445951461791992
3,469970,4.5521321296691895,18.81939125061035,21.62605857849121,18.25609588623047
3,469972,22.26662826538086,5.388404369354248,-9.955708503723145,30.66250991821289
3,469974,-8.867692947387695,-6.176487922668457,-23.586650848388672,-18.876113891601562
3,469976,-1.8759467601776123,15.647293090820312,20.091777801513672,-24.930572509765625
3,469978,-6.459259986877441,-15.357176780700684,3.784346342086792,33.004737854003906
3,469980,-17.83388900756836,-12.329645156860352,-16.254291534423828,37.14118194580078
3,469982,15.36592960357666,10.720420837402344,-14.780138969421387,-38.77324295043945
3,469984,28.394521713256836,10.507652282714844,3.424424886703491,-36.87910461425781
3,469986,-7.490002632141113,3.0202059745788574,15.457498550415039,4.559316635131836
3,469988,-10.404964447021484,-34.552120208740234,5.849568843841553,10.55038070678711
3,469990,16.91313362121582,0.45083317160606384,4.158680438995361,28.080842971801758
3,469993,-7.3015899658203125,52.644344329833984,-9.851104736328125,9.572840690612793
3,469994,-21.76459312438965,-12.713668823242188,-5.931857585906982,11.013139724731445
3,469997,-15.04397964477539,-44.528316497802734,7.243512153625488,-16.267650604248047
3,469998,8.387619018554688,22.021543502807617,0.41107165813446045,-46.241397857666016
3,470001,39.002662658691406,32.71007537841797,-3.4136838912963867,25.11448860168457
3,470002,5.273452281951904,-31.926124572753906,-0.9765018224716187,37.48365783691406
3,470005,-36.903141021728516,-19.716894149780273,0.6824647784233093,-11.627106666564941
3,470006,-21.603044509887695,14.146690368652344,-7.356977939605713,-19.809600830078125
3,470135,38.3298225402832,-2.1168534755706787,-10.618940353393555,15.143575668334961
3,470135,17.51835060119629,4.939772129058838,-2.182720422744751,-2.5003628730773926
3,470136,-30.866418838500977,-4.196390151977539,1.4138829708099365,-40.778953552246094
3,470136,10.660974502563477,-4.913843154907227,20.632659912109375,5.234750270843506
3,470136,4.088541030883789,11.461480140686035,15.923223495483398,39.335628509521484
3,470136,-7.129929542541504,0.14249566197395325,-29.606948852539062,-8.875225067138672
3,470136,6.36563777923584,-7.322834491729736,-5.406617164611816,-30.255592346191406
3,470136,4.04086971282959,6.506261825561523,22.22233772277832,11.897833824157715
3,470137,-0.025600051507353783,10.895998001098633,-1.583685040473938,7.824944972991943
3,470137,-16.9262638092041,2.9862382411956787,15.324870109558105,-1.9833039045333862
3,470137,4.012806415557861,9.472835540771484,6.113015174865723,6.305831432342529
3,470137,6.033914089202881,-20.26638412475586,-13.337668418884277,-2.9810144901275635
3,470137,0.2926431894302368,-21.551355361938477,-9.56488037109375,-0.6520864963531494
3,470138,12.925856590270996,19.23052406311035,-11.664284706115723,-9.594549179077148
3,470138,-10.095537185668945,-0.9268490076065063,7.568592548370361,8.329194068908691
3,470138,-19.593273162841797,-0.926076352596283,13.551878929138184,36.05465316772461
3,470138,5.267367362976074,2.7013845443725586,-0.8098446726799011,-16.182571411132812
3,470138,17.66338348388672,-10.259628295898438,-8.663980484008789,-33.32868576049805
3,470138,-21.988027572631836,0.47120654582977295,-10.535429954528809,8.175521850585938
3,470138,-21.071842193603516,-3.0241353511810303,-13.103582382202148,11.73760986328125
3,470139,17.475872039794922,12.50966739654541,10.459729194641113,-1.9151453971862793
3,470139,1.4689688682556152,18.24730682373047,18.578006744384766,-5.104112148284912
3,470139,3.8992605209350586,-6.456479549407959,-10.450179100036621,-7.554956436157227
3,470139,1.6315723657608032,-15.289419174194336,-14.42585277557373,3.3730902671813965
3,470139,13.566977500915527,-5.608117580413818,-3.7787959575653076,11.91297435760498
3,470140,20.490358352661133,10.03661823272705,8.016400337219238,-7.3998026847839355
3,470140,-19.100406646728516,-13.668750762939453,12.35383415222168,2.318568468093872
3,470140,-4.754735469818115,6.989894390106201,5.9887309074401855,3.81581711769104
3,470140,7.148706912994385,23.383586883544922,-2.8115110397338867,-2.2834396362304688
3,470140,-9.208993911743164,-20.817245483398438,-2.7596089839935303,-1.724900484085083
3,470140,-3.5613820552825928,-12.301201820373535,-2.9369914531707764,-6.302123546600342
3,470141,-10.824836730957031,-1.3718290328979492,-11.728680610656738,15.881938934326172
3,470141,0.9554148316383362,21.052654266357422,5.448832988739014,16.6243953704834
3,470141,15.030865669250488,8.69931411743164,11.356120109558105,-10.229493141174316
3,470141,-12.777074813842773,-21.784385681152344,-4.877928733825684,0.658088743686676
3,470141,-4.291146755218506,-3.685488224029541,5.843412399291992,1.0763030052185059
3,470141,9.017988204956055,-20.734249114990234,-7.53564977645874,-27.614011764526367
3,470142,2.9289042949676514,10.14783763885498,-9.253820419311523,14.245109558105469
3,470142,10.96487045288086,40.26980209350586,17.773725509643555,37.04817581176758
3,470142,-1.9373189210891724,-8.152575492858887,-6.133273124694824,-16.150257110595703
3,470142,-9.581673622131348,-13.000357627868652,-3.419771909713745,-25.944026947021484
3,470142,-2.162320852279663,-1.680719256401062,8.847673416137695,5.954015254974365
3,470142,-1.077746033668518,-2.5099105834960938,-8.245808601379395,-7.416699409484863
3,470143,12.121119499206543,6.486017227172852,-4.439940929412842,-14.46749210357666
3,470143,-9.031709671020508,-6.841196537017822,5.81254243850708,1.6652997732162476
3,470143,-19.590282440185547,-10.07037353515625,18.229780197143555,-8.257568359375
3,470143,20.521610260009766,22.52106285095215,4.542314529418945,18.31305503845215
3,470143,8.043560028076172,17.883596420288086,-9.540337562561035,17.032398223876953
3,470143,-14.637228965759277,-20.21063995361328,0.40444323420524597,-5.703613758087158
3,470144,2.3454489707946777,-6.2958550453186035,4.9371562004089355,6.139614105224609
3,470144,13.147193908691406,2.596677303314209,-5.055983066558838,-28.266618728637695
3,470144,1.6427631378173828,-7.22433614730835,-15.767472267150879,-19.479860305786133
3,470144,-2.8682661056518555,6.768424034118652,10.794840812683105,39.85532760620117
3,470144,7.996262073516846,8.81265926361084,24.329008102416992,16.313308715820312
3,470144,-0.9862639904022217,4.0961761474609375,-16.332889556884766,-35.97580337524414
3,470145,-19.133329391479492,-6.25040864944458,-12.592506408691406,1.5829070806503296
3,470145,-0.8694727420806885,-5.086535930633545,16.950199127197266,19.06144142150879
3,470145,26.722030639648438,-3.128356456756592,-29.355106353759766,-4.13339900970459
3,470145,-6.331496238708496,4.006154537200928,-21.81835174560547,-11.439739227294922
3,470145,-18.407520294189453,2.4866182804107666,40.41752624511719,-8.35110092163086
3,470145,0.8608495593070984,-10.799066543579102,8.531135559082031,23.377954483032227
3,470146,9.23064136505127,3.336594820022583,-13.261283874511719,3.115978717803955
3,470146,6.708310604095459,10.520995140075684,2.4220194816589355,-16.607532501220703
3,470146,-10.744980812072754,-4.047492980957031,-6.11483097076416,5.373081684112549
3,470146,1.647668480873108,-19.218212127685547,10.163249969482422,16.431310653686523
3,470147,-6.225153923034668,7.125244140625,-9.845297813415527,-9.280877113342285
3,470148,-10.080476760864258,18.392972946166992,-26.232919692993164,-26.364280700683594
3,470148,15.389708518981934,-23.64789390563965,19.634309768676758,6.536107540130615
3,470148,0.8000493049621582,-10.13138484954834,24.944528579711914,17.504390716552734
3,470148,2.5584449768066406,36.11384201049805,-12.588543891906738,-5.214066505432129
3,470148,6.744107246398926,-6.855952262878418,-15.646743774414062,-4.744220733642578
3,470150,-13.375774383544922,-11.745271682739258,11.088669776916504,41.40724182128906
3,470152,6.125670433044434,36.62931823730469,-10.813545227050781,23.47502326965332
3,470154,7.391965389251709,-9.445915222167969,-28.297218322753906,-58.18673324584961
3,470156,-6.0882697105407715,-29.714881896972656,14.88219928741455,-40.33481979370117
3,470158,2.7106897830963135,25.49985122680664,36.525272369384766,23.35683822631836
3,470160,7.163083076477051,21.156234741210938,4.7567901611328125,51.60283660888672
3,470162,-10.621999740600586,-29.501188278198242,-23.46990394592285,22.4853458404541
3,470164,-15.890804290771484,-19.075458526611328,-9.381741523742676,-35.57442855834961
3,470166,-4.781131744384766,1.9418092966079712,21.522687911987305,-23.089014053344727
3,470168,-3.70992374420166,-13.778121948242188,13.222469329833984,0.8435856103897095
3,470170,10.887457847595215,3.569120168685913,-6.5627760887146,-13.67406177520752
3,470172,21.35323715209961,27.752803802490234,-16.2325382232666,9.931068420410156
3,470174,-1.7324120998382568,8.878655433654785,3.967743396759033,46.090877532958984
3,470176,-38.40996551513672,-32.88933181762695,7.320398330688477,-18.416217803955078
3,470178,-9.85964298248291,-15.016128540039062,-25.252450942993164,-47.28525161743164
3,470180,31.827259063720703,45.18792724609375,6.635044574737549,13.778146743774414
3,470182,1.9943718910217285,22.52103042602539,15.506078720092773,14.828322410583496
3,470184,-1.7635000944137573,-43.136863708496094,-1.8485673666000366,3.367251396179199
3,470186,12.21465015411377,-52.025943756103516,-3.6620869636535645,23.683677673339844
3,470188,3.387503147125244,50.02320098876953,4.360640525817871,-12.04773235321045
3,470190,7.854250907897949,62.34703826904297,20.012069702148438,-44.80196762084961
3,470330,-11.836283683776855,-60.71617889404297,5.104020118713379,9.718849182128906
3,470330,-1.9314138889312744,-39.99233627319336,-17.169878005981445,12.95229721069336
3,470330,10.851999282836914,33.243289947509766,-12.746655464172363,-4.422377586364746
3,470330,-16.64769744873047,18.04245948791504,16.150737762451172,21.3124942779541
3,470330,0.9359464645385742,1.6243525743484497,-6.227160930633545,7.691202640533447
3,470330,11.798516273498535,0.8951833248138428,-24.01058006286621,-14.263221740722656
3,470331,-1.17161226272583,-0.4801598787307739,0.20386092364788055,-8.119403839111328
3,470331,-17.545034408569336,6.523853778839111,0.3937522768974304,5.834097862243652
3,470331,-19.476625442504883,-1.8308994770050049,13.156177520751953,4.13224983215332
3,470331,16.40541648864746,-7.630250453948975,-1.0298264026641846,-1.5231664180755615
3,470331,15.566845893859863,2.9939663410186768,-24.534727096557617,4.967612266540527
3,470331,-7.353673458099365,-1.0610079765319824,22.058277130126953,13.7879638671875
3,470332,2.8546125888824463,-5.923309326171875,14.287297248840332,2.256808042526245
3,470332,11.050641059875488,-11.738460540771484,-13.600411415100098,-19.49160385131836
3,470332,-9.845954895019531,-0.0825444832444191,17.772619247436523,5.61356782913208
3,470332,-0.6098179221153259,12.897669792175293,6.043274879455566,2.4122817516326904
3,470332,11.979643821716309,-11.916755676269531,-20.836078643798828,-21.958568572998047
3,470333,-14.328821182250977,1.6707736253738403,-0.24960577487945557,12.688592910766602
3,470333,-7.376676559448242,20.47486114501953,10.427841186523438,4.943000316619873
3,470333,18.947023391723633,-1.4008656740188599,-18.09619140625,-22.474170684814453
3,470333,7.045965194702148,-13.873424530029297,-8.52252197265625,12.42337417602539
3,470333,-17.134910583496094,-7.6623430252075195,11.089507102966309,21.540922164916992
3,470333,-8.574609756469727,1.5180506706237793,2.1179378032684326,-40.895816802978516
3,470334,23.625715255737305,6.089751243591309,-5.513372898101807,-23.263784408569336
3,470334,8.644063949584961,8.283029556274414,-1.7912403345108032,37.23664093017578
3,470334,-15.738109588623047,13.024703025817871,13.654449462890625,4.138404846191406
3,470334,13.66828727722168,18.312442779541016,5.1352128982543945,-18.9395751953125
3,470334,5.5222554206848145,-22.447006225585938,-3.2179293632507324,3.5490846633911133
3,470334,-13.557223320007324,-2.5641560554504395,-1.8113170862197876,13.489139556884766
3,470335,-8.191612243652344,28.711181640625,3.8718323707580566,-5.129703998565674
3,470335,-1.44266676902771,-23.558544158935547,10.093213081359863,-13.428247451782227
3,470335,16.434459686279297,-19.486997604370117,-9.546239852905273,11.290163040161133
3,470335,-1.5191212892532349,20.4637393951416,0.9830936789512634,27.483142852783203
3,470335,-9.840649604797363,28.9000301361084,18.895736694335938,-17.360963821411133
3,470335,-13.06566333770752,-7.1606268882751465,-11.418153762817383,-17.737817764282227
3,470336,-19.42072868347168,-38.68222427368164,-19.659881591796875,32.365474700927734
3,470336,9.969938278198242,-16.457063674926758,-10.141467094421387,-3.4963057041168213
3,470336,1.8401118516921997,-8.099811553955078,-11.97209358215332,-20.24142074584961
3,470336,-5.574446201324463,-7.6836347579956055,3.425733804702759,-4.670400142669678
3,470336,3.573800802230835,10.441699981689453,17.118478775024414,5.15378475189209
3,470336,-10.294894218444824,11.79157829284668,12.928850173950195,-0.17358258366584778
3,470337,10.955358505249023,4.473600387573242,-7.997387409210205,-25.729389190673828
3,470337,6.3340888023376465,-8.894834518432617,-16.06255531311035,4.154939651489258
3,470337,-6.08407735824585,-1.2441182136535645,8.179872512817383,35.98453140258789
3,470337,1.5706943273544312,16.776899337768555,19.5656795501709,4.335748195648193
3,470337,-13.503572463989258,0.4851938486099243,13.280611038208008,-11.053947448730469
3,470337,1.1048446893692017,5.512791156768799,-14.19864559173584,5.084656238555908
3,470338,16.77570915222168,-6.239811897277832,-33.23875045776367,-5.239073753356934
3,470338,3.949425458908081,-36.75666809082031,-0.39939117431640625,12.09532642364502
3,470338,-18.81911277770996,19.19742202758789,27.736207962036133,4.019436359405518
3,470338,-14.74582576751709,36.65962600708008,7.018117904663086,-9.90241813659668
3,470338,17.30722999572754,-15.065220832824707,-1.5201586484909058,10.78609848022461
3,470338,12.388827323913574,-12.311956405639648,-1.4720056056976318,-7.034947395324707
3,470339,6.0712504386901855,5.074043273925781,-3.154327392578125,-9.01449203491211
3,470339,4.507824420928955,5.8130083084106445,21.002750396728516,8.66994571685791
3,470339,3.9816465377807617,18.50775146484375,2.920370578765869,0.8556503653526306
3,470339,23.797040939331055,22.080053329467773,-11.7706298828125,-16.860553741455078
3,470339,-3.92108416557312,-18.335981369018555,-0.05314844846725464,1.816254734992981
3,470339,-13.305400848388672,-16.324052810668945,-4.600709915161133,14.236042976379395
3,470340,0.5392186641693115,6.704166889190674,0.9180511832237244,-14.246477127075195
3,470340,-8.40861988067627,-11.66739273071289,-12.000882148742676,-8.597065925598145
3,470340,1.1077244281768799,-0.10237423330545425,-21.637527465820312,7.441694736480713
3,470340,-3.499220371246338,-4.594244480133057,6.982050895690918,-5.7898383140563965
3,470340,10.641169548034668,-13.660955429077148,17.539091110229492,5.088122844696045
3,470340,6.387075901031494,-3.1335902214050293,-7.718642234802246,7.540127277374268
3,470341,-22.84485626220703,-2.4342925548553467,-20.520498275756836,-8.893503189086914
3,470341,-6.761260509490967,6.824802398681641,16.845054626464844,0.3480730950832367
3,470341,4.787730693817139,14.628933906555176,23.92654037475586,0.20327365398406982
3,470341,10.36326789855957,-0.6540600061416626,-21.764976501464844,-0.8208181858062744
3,470341,-4.40309476852417,-10.576952934265137,-21.750200271606445,11.30622673034668
3,470343,-25.946882247924805,-8.052427291870117,-13.71943187713623,1.5625568628311157
3,470343,-18.86611557006836,-22.60739517211914,2.8134028911590576,-11.522977828979492
3,470343,14.157466888427734,11.208148002624512,28.47623062133789,7.925532341003418
3,470343,30.783166885375977,26.23528480529785,11.726581573486328,14.138763427734375
3,470343,-15.186934471130371,-17.292613983154297,4.748788356781006,-4.396359443664551
3,470343,-15.546024322509766,-2.400702476501465,-4.72669792175293,5.633600234985352
3,470345,26.631206512451172,20.198068618774414,-16.74917984008789,21.077537536621094
3,470346,12.741085052490234,1.6732429265975952,29.964876174926758,17.766220092773438
3,470347,7.531830787658691,-5.4101104736328125,51.021209716796875,3.162703037261963
3,470350,14.702340126037598,25.476634979248047,-7.063992977142334,-55.5740852355957
3,470351,-14.350584983825684,17.627939224243164,-28.784854888916016,-54.47518539428711
3,470354,-23.61713981628418,-29.8261661529541,-37.91233825683594,48.83702087402344
3,470355,10.677545547485352,-4.324316024780273,-17.985918045043945,37.9366569519043
3,470358,21.6003360748291,17.174184799194336,37.9412956237793,-32.63328170776367
3,470359,5.835822582244873,-2.2173776626586914,-3.2132418155670166,-16.955039978027344
3,470362,-10.86746597290039,-11.623126983642578,-30.598590850830078,21.39602279663086
3,470363,-46.057186126708984,-2.2877163887023926,2.95375394821167,-1.4078147411346436
3,470366,-13.180740356445312,-7.789269924163818,-3.553952217102051,-62.065574645996094
3,470367,40.03924560546875,-14.843599319458008,11.798307418823242,-3.4767417907714844
3,470370,-9.872995376586914,2.393035650253296,19.996553421020508,66.52503967285156
3,470371,-21.804452896118164,2.712458610534668,-13.365721702575684,22.290145874023438
3,470374,30.925716400146484,14.526050567626953,1.6033560037612915,-21.890522003173828
3,470375,15.676264762878418,10.031535148620605,12.982175827026367,-7.327822208404541
3,470378,-11.682897567749023,-1.0427978038787842,14.212282180786133,9.93634033203125
3,470379,-9.745119094848633,12.429479598999023,-3.035006046295166,-7.555126667022705
3,470382,-11.407922744750977,-11.776113510131836,-44.527587890625,-11.91105842590332
3,470383,5.652021408081055,-34.91926193237305,1.3314063549041748,-1.3836686611175537
3,470386,22.406404495239258,-6.0247416496276855,40.24020004272461,7.015416145324707
3,470387,6.352887153625488,37.93758773803711,-1.2143206596374512,-8.435473442077637
3,470538,-27.590045928955078,11.475353240966797,-29.011215209960938,5.667500019073486
3,470538,-12.033037185668945,-38.18401336669922,-18.633235931396484,20.833757400512695
3,470538,31.571699142456055,9.496670722961426,7.3630595207214355,-17.808956146240234
3,470539,0.030002377927303314,27.3032283782959,19.08328628540039,-17.72380828857422
3,470539,-21.838218688964844,-13.723780632019043,9.360894203186035,5.004676818847656
3,470539,11.700601577758789,2.830562114715576,-7.237056732177734,15.607023239135742
3,470539,16.44632911682129,7.597406387329102,-17.90079689025879,-6.8105878829956055
3,470539,2.3994898796081543,-10.371061325073242,-10.240985870361328,-10.919689178466797
3,470539,-28.691511154174805,9.421061515808105,7.8221659660339355,30.052539825439453
3,470540,-5.887112140655518,9.826842308044434,26.925329208374023,26.260953903198242
3,470540,27.834571838378906,-10.416226387023926,12.41069507598877,-4.972552299499512
3,470540,8.52098274230957,7.981114387512207,0.2795827388763428,-8.024417877197266
3,470540,-16.13676643371582,5.026571750640869,10.31352424621582,-0.0822199285030365
3,470540,-24.297351837158203,-23.915817260742188,-8.479401588439941,-2.5042545795440674
3,470541,14.115775108337402,-12.143200874328613,-4.144698619842529,-13.906475067138672
3,470541,4.728658199310303,-2.925626277923584,-5.637218475341797,-10.676895141601562
3,470541,-23.81450843811035,-12.740714073181152,-9.285924911499023,21.094764709472656
3,470541,11.841337203979492,15.032925605773926,12.720993041992188,9.530134201049805
3,470541,18.704641342163086,30.260467529296875,-7.198475360870361,-20.68062400817871
3,470541,-17.491397857666016,-39.40707778930664,-8.967283248901367,-9.95201587677002
3,470542,-7.762940406799316,-14.802386283874512,9.04076099395752,-18.664770126342773
3,470542,22.67197036743164,50.23257064819336,-9.341647148132324,-4.943631649017334
3,470542,9.104827880859375,-4.9292802810668945,-4.189398288726807,23.763999938964844
3,470542,-9.77647876739502,-30.028671264648438,1.1507974863052368,1.412276268005371
3,470542,-1.2382346391677856,-8.465831756591797,-2.116562843322754,4.790689468383789
3,470542,1.3206350803375244,13.130178451538086,13.454748153686523,-1.3831347227096558
3,470543,-4.892998695373535,21.744577407836914,6.396090030670166,-9.712971687316895
3,470543,-4.876404285430908,-1.2655353546142578,-1.6010526418685913,6.949991703033447
3,470543,13.86085033416748,-5.924380779266357,-5.015704154968262,-9.542890548706055
3,470543,11.646479606628418,-2.905485153198242,-6.305078506469727,12.115617752075195
3,470543,-6.817043304443359,-11.774737358093262,-7.032388687133789,19.173242568969727
3,470543,-10.80173110961914,7.314940929412842,13.934256553649902,7.281474590301514
3,470544,-4.179560661315918,19.337480545043945,6.1894073486328125,-5.633235454559326
3,470544,-8.604695320129395,-9.145478248596191,-26.664297103881836,-26.96211814880371
3,470544,-20.022266387939453,-14.196526527404785,11.07852840423584,23.006404876708984
3,470544,17.48758888244629,4.520514965057373,19.347204208374023,19.88079071044922
3,470544,29.043254852294922,9.828141212463379,-18.386518478393555,-28.04120445251465
3,470544,-5.21708869934082,13.456080436706543,-0.16746175289154053,-16.563518524169922
3,470545,-4.561914920806885,-0.02897842414677143,15.052518844604492,3.4393575191497803
3,470545,1.777306318283081,-19.3104190826416,-15.144925117492676,-7.700817108154297
3,470545,-13.472357749938965,-8.13137435913086,-4.294983386993408,-6.184895038604736
3,470545,-2.9602842330932617,9.325854301452637,12.536608695983887,13.50129508972168
3,470545,12.024863243103027,14.982659339904785,3.5869901180267334,-22.366554260253906
3,470545,7.929956436157227,-13.891322135925293,-7.474184989929199,-11.096334457397461
3,470546,-2.331059694290161,-20.66646957397461,1.2501447200775146,38.025550842285156
3,470546,-4.130288600921631,28.666778564453125,7.619391441345215,-0.35041189193725586
3,470546,0.5914083123207092,8.851855278015137,-8.947957992553711,-20.336034774780273
3,470546,-8.714426040649414,-21.0046443939209,-6.279201030731201,3.657562494277954
3,470546,-12.92726993560791,6.4474053382873535,1.697114109992981,6.444580078125
3,470546,1.8488292694091797,-2.1519222259521484,11.40639877319336,11.902836799621582
3,470547,16.79787826538086,-17.730697631835938,6.91042947769165,13.523723602294922
3,470547,1.2591524124145508,11.908058166503906,-6.382359981536865,-3.379631280899048
3,470547,-4.7679572105407715,16.432849884033203,-5.132174015045166,-20.59143829345703
3,470547,3.5076396465301514,-23.725099563598633,7.465592861175537,8.017645835876465
3,470547,-10.961849212646484,-0.790058434009552,-10.970968246459961,16.901424407958984
3,470547,-1.8444271087646484,37.038387298583984,-4.756589889526367,-24.59636116027832
3,470548,16.15042495727539,-3.665041923522949,16.69927215576172,-6.584182262420654
3,470548,-4.269271373748779,-9.151671409606934,-2.7015531063079834,2.5513710975646973
3,470548,-12.136479377746582,6.066074371337891,-11.754290580749512,5.703363418579102
3,470548,14.381885528564453,-8.609084129333496,-12.978527069091797,34.2730827331543
3,470548,9.562763214111328,0.36235731840133667,7.509641170501709,4.66534423828125
3,470548,-9.028563499450684,-3.9013826847076416,4.241486072540283,-21.54436492919922
3,470549,5.509244918823242,-8.567626953125,4.866495609283447,-2.283207893371582
3,470549,1.0816165208816528,12.825072288513184,3.0294692516326904,5.525864601135254
3,470549,-22.970958709716797,15.910500526428223,-18.36199378967285,-4.939337253570557
3,470549,3.240450620651245,-13.284088134765625,18.706789016723633,-4.275672912597656
3,470549,14.864446640014648,-3.6455204486846924,3.782625198364258,-4.297319412231445
3,470549,3.229912757873535,5.487468242645264,-27.43513298034668,-3.523259401321411
3,470550,-1.0128709077835083,-31.20551109313965,17.23213005065918,1.4699076414108276
3,470550,-30.778718948364258,-6.092385292053223,18.75315284729004,3.0764522552490234
3,470550,7.875033378601074,31.511188507080078,-30.485523223876953,9.126460075378418
3,470550,35.60920333862305,2.8490686416625977,-15.388030052185059,0.1893288493156433
3,470550,-24.678483963012695,-36.170928955078125,9.026873588562012,-11.88121509552002
3,470551,-23.561635971069336,-14.776578903198242,-13.8937406539917,1.543400764465332
3,470551,23.137849807739258,34.020931243896484,14.689962387084961,4.505859851837158
3,470552,7.032909870147705,16.85986328125,38.11137008666992,-13.62695026397705
3,470552,3.0247626304626465,-0.6600014567375183,-4.81615686416626,-3.1346664428710938
3,470552,21.032957077026367,10.841643333435059,-6.830169677734375,20.54857635498047
3,470552,-3.86889910697937,11.387842178344727,9.629420280456543,1.5614664554595947
3,470553,-7.446784496307373,13.650148391723633,-4.219395160675049,-6.531909942626953
3,470553,21.555572509765625,6.015778541564941,14.336281776428223,6.75559663772583
3,470553,8.45427417755127,-5.167679309844971,9.558843612670898,-8.896769523620605
3,470554,-33.631736755371094,-20.60303497314453,-25.00939178466797,-25.23797035217285
3,470556,-50.85809326171875,-43.062129974365234,-38.172149658203125,-7.560615062713623
3,470558,-53.02875518798828,-30.774738311767578,-4.613457679748535,22.284915924072266
3,470560,21.408329010009766,6.698281764984131,24.64716339111328,24.20222282409668
3,470562,74.87095642089844,10.440058708190918,-21.49611473083496,-12.258062362670898
3,470564,5.725168228149414,-1.74082350730896,-1.8963342905044556,-43.640201568603516
3,470566,-20.364648818969727,3.447866201400757,34.89236831665039,7.703097343444824
3,470568,-3.4983649253845215,8.373679161071777,-1.2592731714248657,26.667736053466797
3,470570,0.39331138134002686,2.7193045616149902,4.923172473907471,-7.2973198890686035
3,470572,17.247926712036133,3.201895236968994,8.367364883422852,-9.319294929504395
3,470574,10.358053207397461,39.28038024902344,-11.630809783935547,23.299556732177734
3,470576,8.091042518615723,35.88694763183594,-3.567894458770752,54.47299575805664
3,470578,-0.9005210399627686,-44.978816986083984,5.421525955200195,-18.16295051574707
3,470580,-17.269412994384766,-23.905271530151367,4.9305338859558105,-40.39834976196289
3,470582,-6.048933982849121,24.73932456970215,-7.602476119995117,19.271827697753906
3,470584,-8.78230094909668,-13.448738098144531,-17.629249572753906,-6.042023658752441
3,470587,6.767825126647949,-23.87980842590332,1.8333661556243896,-17.712678909301758
3,470588,-0.9152545928955078,6.908557415008545,28.756040573120117,9.48498249053955
3,470591,-20.235687255859375,18.51656150817871,5.369745254516602,-3.47420072555542
3,470592,15.518378257751465,-0.5263187885284424,-40.28315734863281,-9.862061500549316
3,470595,27.261959075927734,-19.151397705078125,-31.09435272216797,-16.342378616333008
3,470596,33.904788970947266,36.35721969604492,47.830020904541016,15.850536346435547
3,470599,4.037156105041504,29.444374084472656,49.61724090576172,53.91213607788086
3,470757,-62.436214447021484,-62.44224166870117,-46.67475509643555,14.38913345336914
3,470757,-18.055484771728516,0.7046833634376526,-42.66438293457031,-30.97364044189453
3,470757,24.714710235595703,30.05843162536621,21.960342407226562,-12.865091323852539
3,470757,-12.55336856842041,-9.013033866882324,12.855332374572754,12.801348686218262
3,470757,-15.467727661132812,-16.522811889648438,-13.92039966583252,-11.148856163024902
3,470757,16.428939819335938,-13.028712272644043,-0.5433990955352783,-22.84516716003418
3,470758,12.3074369430542,15.084891319274902,9.353155136108398,13.722649574279785
3,470758,-18.274967193603516,6.787654876708984,9.644721031188965,7.510586261749268
3,470758,-0.1564897745847702,-11.406059265136719,1.8289611339569092,-33.898353576660156
3,470758,13.002641677856445,-3.471571445465088,8.192174911499023,7.9265313148498535
3,470758,-2.622296094894409,21.356098175048828,24.14206314086914,16.580333709716797
3,470758,14.011470794677734,-4.938464164733887,-17.593029022216797,-11.220433235168457
3,470759,18.043107986450195,-13.456583976745605,-25.360931396484375,0.0687054917216301
3,470759,-16.80703353881836,6.195134162902832,13.451994895935059,-2.164491891860962
3,470759,-11.69300651550293,7.4781975746154785,11.010988235473633,19.697187423706055
3,470759,13.460301399230957,20.809484481811523,-8.947286605834961,8.970349311828613
3,470759,4.917597770690918,-9.164119720458984,-19.437725067138672,-16.5047664642334
3,470760,-13.311116218566895,-14.754539489746094,17.476232528686523,-0.9569355845451355
3,470760,1.6509122848510742,15.865924835205078,12.479482650756836,-22.49802017211914
3,470760,24.426746368408203,-13.781010627746582,-16.616044998168945,-9.435827255249023
3,470760,-15.598097801208496,-22.93744468688965,26.903825759887695,25.725982666015625
3,470760,-14.055341720581055,36.253623962402344,7.2276692390441895,-10.788460731506348
3,470760,16.04743194580078,18.78434944152832,-34.69282531738281,-6.27812385559082
3,470761,-6.817823886871338,-27.02032470703125,0.8376597166061401,20.704824447631836
3,470761,-10.781763076782227,-11.783437728881836,4.387162685394287,0.995300829410553
3,470761,-10.38754940032959,-12.016928672790527,-6.2594380378723145,-3.150519371032715
3,470761,-3.075866460800171,15.358016967773438,19.789155960083008,5.771617412567139
3,470761,3.7162554264068604,22.663265228271484,-6.545722007751465,0.9679891467094421
3,470761,-7.289322376251221,-11.462700843811035,-27.559782028198242,3.7804996967315674
3,470762,13.8919095993042,-13.25702953338623,3.6104016304016113,-2.2926084995269775
3,470762,28.397926330566406,-1.8431705236434937,-1.7400718927383423,-13.764397621154785
3,470762,-2.862654447555542,-10.398306846618652,-3.916257619857788,9.853592872619629
3,470762,-33.18181228637695,-17.09503173828125,10.367494583129883,-1.8859272003173828
3,470762,-9.311210632324219,9.356767654418945,-1.105144739151001,-1.095755696296692
3,470762,21.125085830688477,21.317747116088867,-5.99955940246582,9.998917579650879
3,470763,-6.175500392913818,-1.3293952941894531,5.420713901519775,-3.9862072467803955
3,470763,-7.276378631591797,-10.611405372619629,6.382832050323486,11.568286895751953
3,470763,19.84398078918457,8.452324867248535,2.990272045135498,-15.659152030944824
3,470763,-3.6177194118499756,4.350311279296875,7.973764419555664,-16.148502349853516
3,470763,-15.556209564208984,-10.46692180633545,6.836272239685059,13.76873779296875
3,470763,10.473227500915527,11.037338256835938,5.253539085388184,-3.5727243423461914
3,470764,11.231825828552246,27.973833084106445,-2.244398593902588,4.89354133605957
3,470764,-0.6315592527389526,-11.730921745300293,-29.12967300415039,21.390932083129883
3,470764,1.9336854219436646,-18.10504722595215,-12.318500518798828,-9.73858642578125
3,470764,-0.24333392083644867,3.3200957775115967,21.538511276245117,-29.611042022705078
3,470764,-3.822131872177124,-1.506962537765503,20.6013240814209,14.435243606567383
3,470764,11.529289245605469,-3.5474355220794678,6.929994583129883,12.976219177246094
3,470765,11.592191696166992,-11.190228462219238,-25.525753021240234,-8.444378852844238
3,470765,-25.440977096557617,3.601217269897461,-11.855269432067871,9.241592407226562
3,470765,-15.637974739074707,1.0625239610671997,20.258136749267578,-22.2268123626709
3,470765,17.76507568359375,9.24756145477295,12.296712875366211,-10.88719367980957
3,470765,13.406834602355957,20.465049743652344,-13.996411323547363,19.210163116455078
3,470766,-21.69470977783203,-6.454230785369873,-17.240880966186523,-4.447847843170166
3,470766,-18.00984764099121,-15.208507537841797,20.92692756652832,0.13747654855251312
3,470766,23.207277297973633,-8.197067260742188,9.015204429626465,23.174144744873047
3,470766,-7.865783214569092,19.341157913208008,-11.82432746887207,-5.554035186767578
3,470766,-15.411894798278809,5.174535274505615,3.201085090637207,-15.189491271972656
3,470766,13.704516410827637,-25.79991340637207,4.994574546813965,12.305659294128418
3,470766,19.67572784423828,9.746970176696777,-9.85036849975586,-8.9757080078125
3,470767,12.118602752685547,16.709171295166016,-4.547183513641357,4.0063066482543945
3,470767,-12.341526985168457,-4.934505939483643,17.865480422973633,5.134614944458008
3,470767,-6.350318908691406,-6.566464900970459,-15.584111213684082,-11.460097312927246
3,470767,-3.8830716609954834,10.125235557556152,-12.158559799194336,22.77021598815918
3,470767,-3.210507869720459,10.209757804870605,24.82512092590332,-7.3094987869262695
3,470767,10.391682624816895,-20.819665908813477,-17.376609802246094,-25.508760452270508
3,470768,-1.3120758533477783,-0.6805894374847412,-25.444499969482422,7.800267696380615
3,470768,-6.173667907714844,7.778223037719727,21.477773666381836,-12.102331161499023
3,470768,-5.008449077606201,-5.818925380706787,13.443270683288574,-2.5539817810058594
3,470768,-1.578207015991211,-7.566616535186768,-14.434696197509766,12.764456748962402
3,470768,3.910714626312256,-10.900712013244629,-7.30344820022583,0.7302581071853638
3,470769,-27.788612365722656,8.300155639648438,13.643546104431152,7.303791046142578
3,470769,14.54511833190918,6.21694803237915,-2.030871629714966,3.7899508476257324
3,470769,42.66851806640625,-9.263962745666504,-15.110367774963379,1.5041271448135376
3,470769,-20.754608154296875,-1.2378957271575928,-1.8891127109527588,2.1333022117614746
3,470769,-2.741603136062622,18.10846710205078,12.190741539001465,-6.311642646789551
3,470769,2.185176372528076,1.4328250885009766,21.563039779663086,-14.579018592834473
3,470770,-25.542142868041992,-29.06481170654297,-1.626346230506897,17.713909149169922
3,470770,2.2193756103515625,11.70360279083252,-6.566525459289551,6.201327800750732
3,470770,22.201251983642578,31.174734115600586,7.250456809997559,-27.27402687072754
3,470771,2.8811025619506836,-21.99483299255371,-12.142936706542969,33.04397964477539
3,470771,0.0863075852394104,-8.927440643310547,-17.51054573059082,31.616867065429688
3,470772,-2.2913942337036133,19.584932327270508,13.360825538635254,-34.901790618896484
3,470772,-5.365645885467529,-10.721023559570312,0.6975107192993164,-20.618188858032227
3,470772,5.772451400756836,-18.270883560180664,-22.109786987304688,15.34105110168457
3,470772,-16.476877212524414,10.017570495605469,11.573195457458496,7.666172981262207
3,470772,3.9931297302246094,16.503925323486328,22.01410675048828,-1.7157176733016968
3,470772,32.365882873535156,-7.556107997894287,-10.821520805358887,-16.46725082397461
3,470774,-1.8890650272369385,7.145785331726074,-21.650869369506836,-9.952411651611328
3,470776,-33.43864059448242,18.406782150268555,7.775124549865723,47.090057373046875
3,470778,-8.371713638305664,-18.702409744262695,19.338390350341797,13.419938087463379
3,470780,27.874338150024414,-18.39365005493164,5.009882926940918,-23.071168899536133
3,470782,27.38838005065918,38.274314880371094,7.718911647796631,13.713929176330566
3,470784,-44.45750427246094,-10.610053062438965,-12.017777442932129,-42.61780548095703
3,470786,-40.112762451171875,-60.46135330200195,-0.4135848581790924,-38.856422424316406
3,470788,48.202667236328125,30.715938568115234,12.021458625793457,26.756975173950195
3,470790,7.259484767913818,14.702720642089844,-23.552526473999023,10.17893123626709
3,470792,-1.2252616882324219,-9.307374000549316,2.452972650527954,21.930265426635742
3,470794,30.474023818969727,34.35237121582031,18.490184783935547,5.011097431182861
3,470796,-21.66814613342285,-4.069152355194092,-11.957502365112305,-26.14826011657715
3,470798,-76.84913635253906,-39.06558609008789,-24.811901092529297,-8.942946434020996
3,470800,21.62807273864746,7.479888916015625,-7.542370796203613,-17.961576461791992
3,470802,94.71553039550781,40.373512268066406,26.758739471435547,36.53163528442383
3,470804,-38.44017791748047,-27.873197555541992,13.71926498413086,37.309417724609375
3,470806,-48.74229049682617,-34.39934158325195,-6.273533344268799,-63.75916290283203
3,470808,28.460365295410156,6.679080963134766,19.383447647094727,-0.4926992654800415
3,470810,14.703130722045898,30.641944885253906,8.067048072814941,68.69617462158203
3,470812,80.28538513183594,91.21803283691406,-6.510443687438965,8.164563179016113
3,470814,29.43526268005371,-4.125936508178711,-0.5151789784431458,-30.676908493041992
3,470816,-234.9751434326172,-168.8003387451172,-44.65907669067383,-53.40514373779297
3,470818,-58.948421478271484,-25.3292293548584,-20.39122772216797,-17.43498992919922
3,470821,211.7097930908203,132.1624298095703,49.61121368408203,25.625913619995117
3,470822,-15.954544067382812,-26.511791229248047,7.509852886199951,13.118780136108398
3,470990,-55.99176025390625,-46.59718704223633,-16.966581344604492,30.259510040283203
3,470991,49.738094329833984,55.56824493408203,8.913856506347656,1.004518985748291
3,470991,-20.333314895629883,-28.61255645751953,-9.85301685333252,-24.185110092163086
3,470991,-25.618085861206055,-32.70070266723633,-5.337919235229492,16.089088439941406
3,470991,17.689729690551758,35.85616683959961,3.0636613368988037,3.8080098628997803
3,470991,31.026803970336914,13.92116641998291,-3.4354054927825928,-20.238569259643555
3,470991,6.513457298278809,-0.44477298855781555,0.10112438350915909,1.7568928003311157
3,470992,3.472896099090576,2.825824737548828,0.0543227456510067,7.764966011047363
3,470992,2.889538049697876,9.976908683776855,3.7008445262908936,-1.9905436038970947
3,470992,0.5346964597702026,12.487066268920898,11.81928825378418,6.77700662612915
3,470992,-4.451994895935059,-2.2225334644317627,-0.37309208512306213,-0.006714572198688984
3,470992,-29.275148391723633,-1.1729755401611328,-16.44051742553711,-19.26840591430664
3,470992,-8.500494956970215,-2.035600185394287,2.86081600189209,-12.170265197753906
3,470993,3.9196038246154785,-29.487483978271484,-12.435269355773926,12.414741516113281
3,470993,-14.002256393432617,-23.29129981994629,4.304633140563965,14.275229454040527
3,470993,14.934178352355957,24.110902786254883,38.19804763793945,-4.215808391571045
3,470993,22.10318374633789,19.940044403076172,-12.559422492980957,-16.532747268676758
3,470993,-2.1594722270965576,-18.02059555053711,-23.316722869873047,3.916172504425049
3,470993,-10.950108528137207,-8.942617416381836,14.765779495239258,31.7143611907959
3,470994,-4.9181060791015625,13.377514839172363,8.349644660949707,-6.6130523681640625
3,470994,15.132494926452637,5.899759292602539,-17.037643432617188,-25.65013885498047
3,470994,-17.17447853088379,4.53640079498291,6.103524208068848,17.014787673950195
3,470994,-14.634068489074707,4.2523274421691895,15.296924591064453,17.20443344116211
3,470994,17.081344604492188,-7.620706081390381,-15.368437767028809,-19.335838317871094
3,470994,-0.0018409490585327148,-11.055658340454102,-18.42346954345703,-14.046258926391602
3,470995,4.9581427574157715,-7.128084659576416,21.392122268676758,24.609445571899414
3,470995,4.302392482757568,15.440173149108887,23.918106079101562,-0.8657627105712891
3,470995,-19.462879180908203,5.37218713760376,-12.218929290771484,-23.80266761779785
3,470995,-4.094698429107666,-13.506361961364746,-5.82565450668335,0.24627907574176788
3,470995,24.5999698638916,10.173117637634277,-2.0397748947143555,-6.660674571990967
3,470996,0.2644914984703064,2.798173427581787,-5.503088474273682,-0.17394672334194183
3,470996,-24.52914047241211,-17.20009994506836,-6.707846641540527,3.0269501209259033
3,470996,0.14732816815376282,0.6651310324668884,-13.528188705444336,1.1102051734924316
3,470996,11.578657150268555,13.410492897033691,5.713573932647705,21.197153091430664
3,470996,-6.172128677368164,-6.653326511383057,12.151618957519531,8.94111442565918
3,470996,-2.5374796390533447,-20.25591468811035,-0.5563381910324097,-18.005510330200195
3,470997,5.654524326324463,-6.304945468902588,5.186379909515381,8.342166900634766
3,470997,7.517236232757568,31.524282455444336,-14.628424644470215,16.756282806396484
3,470997,11.7706298828125,25.118593215942383,0.926461935043335,-3.344475269317627
3,470997,-3.3908846378326416,-6.733297348022461,21.675777435302734,-5.182499885559082
3,470997,1.7517061233520508,-23.952951431274414,-20.586044311523438,-18.949798583984375
3,470997,6.404595851898193,-8.567644119262695,-4.244475364685059,2.7192184925079346
3,470998,-11.104557037353516,33.77579879760742,25.112043380737305,7.57021427154541
3,470998,-4.1599225997924805,-3.339553117752075,-10.660402297973633,2.409522533416748
3,470998,-1.3726770877838135,-21.272972106933594,-18.417186737060547,-3.237781524658203
3,470998,-2.9632043838500977,-0.34560611844062805,7.174216270446777,-22.580780029296875
3,470998,-3.047534227371216,-20.350055694580078,13.498990058898926,5.012007713317871
3,470998,-12.027848243713379,-15.042254447937012,7.484620094299316,4.364352703094482
3,470999,-11.956936836242676,14.323390007019043,-4.363702774047852,-0.9812901020050049
3,470999,-3.2074031829833984,10.839616775512695,-11.872523307800293,5.288731098175049
3,470999,1.3024578094482422,-15.548619270324707,3.4045188426971436,-3.1655476093292236
3,470999,0.24303829669952393,13.178167343139648,14.03976058959961,-1.582362413406372
3,470999,14.809107780456543,12.442253112792969,-16.273548126220703,2.3695590496063232
3,470999,6.362926006317139,-10.814117431640625,-14.914475440979004,22.020246505737305
3,471000,-10.984874725341797,13.842109680175781,1.9748831987380981,-20.00020408630371
3,471000,12.12075424194336,-5.034205436706543,5.488372802734375,-24.26287841796875
3,471000,18.158889770507812,2.7796928882598877,17.17904281616211,48.53826141357422
3,471000,8.030540466308594,32.93438720703125,-6.923789024353027,-2.394937753677368
3,471000,2.728036880493164,-0.22621190547943115,-15.176370620727539,-21.69468879699707
3,471000,0.10376348346471786,-30.24610137939453,10.214370727539062,29.29084587097168
3,471001,-5.659765243530273,-0.6782986521720886,12.380735397338867,-4.1942830085754395
3,471001,-1.2255645990371704,14.53905200958252,0.9346882700920105,-21.62736701965332
3,471001,-2.6529300212860107,-6.177308559417725,-4.556397438049316,4.352319240570068
3,471001,-12.97253131866455,-7.0141167640686035,0.4435368478298187,17.79833221435547
3,471001,-2.955599784851074,-0.5639399290084839,13.353472709655762,-5.834870338439941
3,471001,18.90627670288086,11.782410621643066,-9.201560974121094,-15.98434066772461
3,471002,24.044404983520508,9.503993034362793,-22.751523971557617,-7.2971110343933105
3,471002,-21.043272018432617,-13.675012588500977,16.227581024169922,-3.5481796264648438
3,471002,-33.769012451171875,-16.550186157226562,19.148744583129883,16.36762809753418
3,471002,7.4829912185668945,11.546311378479004,-11.164041519165039,-9.99083137512207
3,471002,18.816118240356445,-6.0625176429748535,-15.621292114257812,-14.025483131408691
3,471002,-1.639180302619934,-12.293218612670898,1.5219340324401855,-0.2595484256744385
3,471003,-4.863332748413086,17.90192413330078,9.621232032775879,-17.853111267089844
3,471003,-5.011690139770508,-24.371166229248047,-0.3832966983318329,24.95954132080078
3,471003,-8.234176635742188,1.5840774774551392,8.445992469787598,20.898571014404297
3,471003,5.425895690917969,39.723121643066406,-1.845262050628662,-18.419879913330078
3,471003,-0.09577875584363937,-27.223478317260742,-9.534875869750977,-12.255300521850586
3,471003,-3.0533225536346436,-26.028438568115234,4.708777904510498,-7.392027378082275
3,471004,2.2725539207458496,24.8393497467041,-3.389143466949463,3.1136975288391113
3,471004,-3.8327889442443848,10.904962539672852,4.284123420715332,-3.7476630210876465
3,471004,4.502591609954834,-10.57895278930664,-3.276292324066162,-1.4872685670852661
3,471004,14.281014442443848,-0.42346125841140747,-9.755417823791504,1.388258934020996
3,471004,3.125596284866333,-12.51608943939209,11.924541473388672,4.924091339111328
3,471004,-16.215234756469727,-8.621039390563965,-1.3318158388137817,12.750508308410645
3,471006,-2.1928741931915283,22.932052612304688,-3.1635854244232178,40.93584060668945
3,471006,20.35628890991211,13.607001304626465,22.949495315551758,51.63410949707031
3,471006,-0.4950371980667114,-3.479447841644287,1.8598642349243164,-40.55650329589844
3,471006,-27.45805549621582,-21.051048278808594,-13.84801959991455,-25.778453826904297
3,471007,2.708373785018921,-1.5373928546905518,4.539375305175781,56.458221435546875
3,471007,33.92930603027344,34.968292236328125,-10.20162296295166,2.1920135021209717
3,471007,-3.1357502937316895,-3.3158178329467773,-17.07779884338379,-28.75748062133789
3,471007,-32.301551818847656,-28.510286331176758,11.545860290527344,5.285472393035889
3,471008,-1.1930508613586426,16.17567253112793,9.472710609436035,-25.57229995727539
3,471010,29.485595703125,48.23985290527344,-8.947898864746094,-52.34541320800781
3,471012,-11.582990646362305,-18.635711669921875,-29.0946044921875,-24.904661178588867
3,471014,-39.50083541870117,-48.582618713378906,-36.55484390258789,10.106218338012695
3,471016,30.802152633666992,33.46995544433594,18.229970932006836,44.73387908935547
3,471018,29.42397689819336,20.738170623779297,36.874549865722656,-16.893115997314453
3,471020,-39.23633575439453,-24.251047134399414,3.54874587059021,-25.499492645263672
3,471022,0.046457648277282715,4.416525363922119,-4.501437187194824,13.855229377746582
3,471024,19.33759880065918,-36.69771194458008,-14.542000770568848,8.663248062133789
3,471026,-13.493609428405762,-25.928302764892578,13.258503913879395,45.694091796875
3,471028,0.1980709284543991,50.55081558227539,46.213294982910156,-6.394612789154053
3,471030,1.326106071472168,5.630063533782959,-10.283973693847656,-26.421260833740234
3,471032,15.731073379516602,-13.368392944335938,-1.6094285249710083,2.6341605186462402
3,471034,24.119060516357422,19.461380004882812,29.386022567749023,-19.65603256225586
3,471036,-32.703739166259766,-12.815544128417969,-62.307247161865234,4.51972770690918
3,471038,-25.39864730834961,-34.44305419921875,-37.75810241699219,22.124130249023438
3,471040,44.1103630065918,35.14879608154297,44.71998596191406,17.7622127532959
3,471042,19.132366180419922,43.219451904296875,14.998880386352539,-12.166976928710938
3,471044,-71.32227325439453,-62.1104850769043,-9.987966537475586,-15.58492660522461
3,471046,-11.238351821899414,-19.15561866760254,3.7001001834869385,27.392242431640625
3,471048,67.75120544433594,48.607662200927734,16.049922943115234,-15.665229797363281
3,471050,-21.191316604614258,-5.382077217102051,-25.651473999023438,-44.712562561035156
3,471052,-14.6961669921875,-9.649189949035645,-23.373430252075195,32.178401947021484
3,471054,24.48731803894043,-3.6395750045776367,25.988245010375977,29.916839599609375
3,471057,1.6782400608062744,-13.717317581176758,1.807891845703125,-13.27072811126709
3,471058,-23.643367767333984,27.213794708251953,-2.976713180541992,31.836965560913086
3,471235,-8.308174133300781,13.95492935180664,13.676173210144043,-23.989404678344727
3,471236,38.74631118774414,-29.093917846679688,-11.936290740966797,-72.38833618164062
3,471236,-6.499282360076904,10.580022811889648,-13.196524620056152,25.977834701538086
3,471236,-14.585827827453613,18.158855438232422,7.5995564460754395,38.86056137084961
3,471236,9.191120147705078,-9.910017013549805,4.161281108856201,-12.530608177185059
3,471236,0.18922238051891327,-14.915240287780762,5.703004837036133,2.457186222076416
3,471236,-10.470534324645996,-6.304413318634033,0.6793010234832764,15.205814361572266
3,471237,-8.386765480041504,3.1667144298553467,3.1280312538146973,-6.7278594970703125
3,471237,-2.902193307876587,-13.9077787399292,13.881087303161621,-14.432299613952637
3,471237,2.4362401962280273,-1.7235552072525024,-3.4393467903137207,1.0183666944503784
3,471237,17.338279724121094,13.4353666305542,-11.746309280395508,8.630005836486816
3,471237,0.06426399201154709,6.450300216674805,-7.021549701690674,4.631478786468506
3,471237,-13.742083549499512,8.454895973205566,2.1905484199523926,3.4963324069976807
3,471238,2.6022469997406006,-3.1765260696411133,0.074666328728199,-4.472630500793457
3,471238,-3.007343292236328,-2.479858875274658,-3.9507949352264404,2.3897314071655273
3,471238,-7.287194728851318,-6.116330146789551,-13.85596752166748,7.560090065002441
3,471238,13.616690635681152,-4.93420934677124,-7.349558353424072,-0.8139674663543701
3,471238,-2.880544662475586,6.540543556213379,12.956645965576172,-12.925658226013184
3,471238,3.781144142150879,-6.727768898010254,12.002727508544922,-28.675777435302734
3,471239,6.3452348709106445,-0.293310284614563,-8.302400588989258,-3.4711990356445312
3,471239,-14.790614128112793,6.207228660583496,-2.9314513206481934,19.188976287841797
3,471239,17.56155776977539,5.379794597625732,30.554157257080078,12.034220695495605
3,471239,7.540047645568848,15.402068138122559,-1.6913641691207886,-10.362479209899902
3,471239,-11.34726333618164,-7.34035062789917,-31.67586326599121,-12.656848907470703
3,471239,-5.539679050445557,-5.362419128417969,-3.301764726638794,21.41214370727539
3,471240,-3.8772332668304443,15.271449089050293,18.69379234313965,22.063344955444336
3,471240,5.835808277130127,-13.076495170593262,15.410983085632324,-9.978657722473145
3,471240,3.1606380939483643,-11.19898509979248,-14.166622161865234,-17.50666618347168
3,471240,-3.4723246097564697,1.5238226652145386,-20.64249610900879,11.41798210144043
3,471240,-13.021897315979004,0.6202308535575867,15.056330680847168,0.0024600792676210403
3,471240,12.741847038269043,9.275260925292969,13.303546905517578,-20.335474014282227
3,471241,10.047420501708984,-10.067405700683594,-9.798972129821777,8.568461418151855
3,471241,-4.206854343414307,10.41096019744873,-1.8318710327148438,11.826205253601074
3,471241,17.35230827331543,15.345491409301758,5.139802932739258,-11.748587608337402
3,471241,-18.284700393676758,-23.893348693847656,-6.6658101081848145,-10.27700424194336
3,471241,-27.56385040283203,-4.008282661437988,3.7333476543426514,6.967392921447754
3,471242,31.80291748046875,10.732328414916992,14.519822120666504,4.312195301055908
3,471242,17.98299217224121,0.8515500426292419,-4.149723052978516,11.679889678955078
3,471242,-24.604145050048828,0.694843590259552,-8.90058422088623,15.340420722961426
3,471242,-6.358577251434326,9.395811080932617,-1.2588235139846802,-23.129592895507812
3,471242,-2.3153529167175293,-8.225123405456543,18.62104034423828,-4.502748012542725
3,471242,-6.237754821777344,-30.988998413085938,-2.9344563484191895,26.18766212463379
3,471243,1.7413767576217651,2.6962809562683105,-21.17715835571289,-14.13031005859375
3,471243,15.018446922302246,15.801372528076172,3.803588390350342,-22.687211990356445
3,471243,-3.7993452548980713,-10.75897216796875,-0.31698399782180786,14.487223625183105
3,471243,-14.752524375915527,-9.010424613952637,-1.5838558673858643,14.434901237487793
3,471243,11.332697868347168,9.328712463378906,-21.844667434692383,-20.131826400756836
3,471243,-5.6997270584106445,18.19175910949707,-2.3188226222991943,-15.721490859985352
3,471244,4.388824939727783,-10.303606033325195,29.338871002197266,7.032338619232178
3,471244,16.19505500793457,-22.82957649230957,-18.185749053955078,7.639578342437744
3,471244,-13.017866134643555,23.356555938720703,1.9838160276412964,1.3713995218276978
3,471244,-11.084668159484863,15.267277717590332,17.791929244995117,1.7534773349761963
3,471244,5.369215488433838,-22.631938934326172,-16.08944320678711,3.8157219886779785
3,471244,-3.4943580627441406,-10.132054328918457,6.580595970153809,-9.312714576721191
3,471245,-3.6314570903778076,20.445842742919922,2.2605929374694824,-11.161284446716309
3,471245,9.034565925598145,5.775676727294922,-1.828959584236145,-0.4827491044998169
3,471245,2.92399263381958,-13.56290054321289,18.882837295532227,-5.537699222564697
3,471245,-5.984635353088379,13.48046588897705,5.87823486328125,-15.991796493530273
3,471245,-20.381404876708984,-3.0529768466949463,-9.809792518615723,-4.809518814086914
3,471245,-4.88974142074585,1.6360218524932861,-16.788921356201172,10.158707618713379
3,471246,25.772254943847656,14.86825180053711,-10.749690055847168,4.767733097076416
3,471246,-5.636739730834961,-17.19765281677246,17.359342575073242,3.929142951965332
3,471246,-13.972086906433105,-4.03877592086792,4.734291076660156,6.409039497375488
3,471246,18.390840530395508,11.16088581085205,-18.004060745239258,-7.6394429206848145
3,471246,8.209124565124512,-4.911204814910889,10.530839920043945,20.17522430419922
3,471246,-2.5211846828460693,5.085151672363281,17.766786575317383,17.581161499023438
3,471247,4.788858413696289,10.023283004760742,-0.40788862109184265,-9.854082107543945
3,471247,-5.906742095947266,-10.564208030700684,-6.80161190032959,23.473051071166992
3,471247,4.600679397583008,2.8507609367370605,5.61158561706543,-6.316263675689697
3,471247,14.117002487182617,4.635682106018066,13.074907302856445,-30.457637786865234
3,471247,-1.3362066745758057,-4.819662094116211,-3.2908544540405273,23.436037063598633
3,471247,2.734722375869751,-10.366613388061523,-20.45390510559082,35.660926818847656
3,471248,-10.127609252929688,-5.1203083992004395,-16.205163955688477,-0.9014661312103271
3,471248,-8.604918479919434,17.1765193939209,7.452836990356445,-15.307790756225586
3,471248,16.03008270263672,1.138782024383545,7.911940574645996,-1.5407609939575195
3,471248,-7.2151079177856445,-23.405807495117188,-8.776254653930664,21.288246154785156
3,471248,-24.374818801879883,-8.982705116271973,-8.835258483886719,13.749155044555664
3,471248,16.454648971557617,12.557574272155762,1.3694647550582886,-16.89352798461914
3,471249,21.562461853027344,20.082334518432617,9.759366989135742,-21.16103172302246
3,471249,-12.66746997833252,-5.754693031311035,0.048981186002492905,-1.0745384693145752
3,471249,-4.8710103034973145,-23.814340591430664,-17.862442016601562,18.756744384765625
3,471249,-4.1582441329956055,20.21242904663086,9.858349800109863,-5.034969329833984
3,471249,-7.843211650848389,13.881227493286133,20.890363693237305,-14.138771057128906
3,471249,17.095365524291992,-10.692028045654297,-10.142319679260254,0.7460033297538757
3,471250,15.277947425842285,-10.908062934875488,-3.0547947883605957,-5.794657230377197
3,471250,-6.31947660446167,-4.611005783081055,9.20388412475586,-11.908135414123535
3,471250,-2.699554443359375,6.945401668548584,1.156821846961975,5.319010257720947
3,471250,-14.968092918395996,-2.1890177726745605,3.0541653633117676,30.328187942504883
3,471250,-16.212318420410156,18.05042839050293,-2.248201370239258,9.178194999694824
3,471252,29.631868362426758,14.564370155334473,2.1628777980804443,-21.266000747680664
3,471252,1.421986699104309,-12.280898094177246,3.289911985397339,-31.140899658203125
3,471252,-28.16758155822754,-6.574789047241211,-14.545659065246582,-23.56705093383789
3,471252,8.786519050598145,-9.972113609313965,4.13780403137207,0.1762423813343048
3,471252,4.2281270027160645,-6.6096320152282715,3.1606016159057617,1.3154398202896118
3,471252,-7.5285186767578125,15.208956718444824,-14.15198802947998,-0.3637450933456421
3,471253,1.8860448598861694,9.607828140258789,-1.5336902141571045,-0.5138957500457764
3,471253,14.461066246032715,-12.338763236999512,8.843518257141113,-18.898101806640625
3,471254,3.3077571392059326,-13.277434349060059,-12.165246963500977,-23.7730655670166
3,471255,-18.98670196533203,-0.6928513646125793,-15.15359115600586,-16.84244155883789
3,471258,12.556479454040527,6.278116703033447,38.82333755493164,35.62671661376953
3,471259,16.08551597595215,12.119338989257812,-3.6014151573181152,63.9738655090332
3,471262,-18.6992244720459,-3.9273645877838135,-31.32445526123047,-11.2750244140625
3,471263,-12.847620010375977,-7.03867244720459,36.45729064941406,-27.95155143737793
3,471266,-22.480220794677734,-20.99219512939453,8.449974060058594,45.32558822631836
3,471267,9.071064949035645,-8.510750770568848,-2.1595749855041504,17.927961349487305
3,471270,57.6209716796875,60.922630310058594,-2.385075807571411,-64.89934539794922
3,471271,-20.607152938842773,-1.7690387964248657,-33.45770263671875,-18.112775802612305
3,471274,-49.63801574707031,-51.41703796386719,-7.232140064239502,81.28248596191406
3,471275,15.53739070892334,14.801837921142578,5.88616418838501,61.29545974731445
3,471278,18.92710304260254,11.976369857788086,14.181398391723633,-88.10120391845703
3,471279,6.639006614685059,8.957904815673828,12.087260246276855,-82.62896728515625
3,471282,5.343624591827393,8.156740188598633,6.032356262207031,63.598052978515625
3,471283,2.680006504058838,-18.476512908935547,19.20827293395996,14.894180297851562
3,471286,-3.088801145553589,-19.692520141601562,-25.2096004486084,-27.457439422607422
3,471287,-20.575368881225586,-14.206512451171875,-35.580265045166016,22.626293182373047
3,471290,3.3388803005218506,33.23955154418945,27.815509796142578,7.197961807250977
3,471291,15.716048240661621,18.223421096801758,-4.887289524078369,0.2013605684041977
3,471294,-17.678544998168945,-25.847078323364258,-24.36125373840332,1.0237689018249512
3,471295,13.917339324951172,-6.390753269195557,24.391164779663086,-12.889086723327637
3,471298,17.465408325195312,19.593475341796875,20.52208137512207,22.236032485961914
3,471299,-32.43626403808594,20.6270694732666,-0.9097782373428345,25.283300399780273
3,471302,-16.33910369873047,-47.676944732666016,-26.755155563354492,-45.5540771484375
3,471303,18.635543823242188,-13.911908149719238,-9.892064094543457,-15.463071823120117
3,471490,31.19796371459961,54.27727508544922,41.43250274658203,32.72031784057617
3,471490,0.9150433540344238,11.467819213867188,12.597322463989258,-12.887060165405273
3,471490,-24.858028411865234,-20.32819175720215,-20.006507873535156,-23.578811645507812
3,471491,-5.647004127502441,-10.220061302185059,10.594456672668457,30.82525634765625
3,471491,4.963068962097168,27.17892074584961,-4.6660871505737305,9.407569885253906
3,471491,15.175009727478027,-1.105286717414856,-4.473367214202881,-40.35725402832031
3,471491,7.825460433959961,-47.38389205932617,1.6752434968948364,-8.810056686401367
3,471491,-17.630447387695312,-2.282376289367676,-23.385568618774414,25.88644027709961
3,471492,-9.734089851379395,27.2979793548584,9.039185523986816,18.43115234375
3,471492,13.27385425567627,10.734284400939941,2.5763211250305176,-9.324479103088379
3,471492,6.280798435211182,3.2393810749053955,-27.968914031982422,0.4307224750518799
3,471492,-2.320004463195801,-12.921894073486328,5.682984352111816,10.05021858215332
3,471492,1.47724187374115,-5.269116401672363,17.207401275634766,-10.821188926696777
3,471492,-0.9323992133140564,6.570962905883789,7.537990570068359,-0.19620268046855927
3,471493,-1.1998140811920166,-10.80879020690918,11.320025444030762,7.3520941734313965
3,471493,-17.651927947998047,-3.4223241806030273,-11.28850269317627,-8.866275787353516
3,471493,-5.790270805358887,2.1163527965545654,-13.64085578918457,-4.5886712074279785
3,471493,-0.48004385828971863,-4.9516730308532715,6.458597183227539,2.6369926929473877
3,471493,-1.9256925582885742,5.171794414520264,5.802495002746582,-9.007928848266602
3,471493,19.2581729888916,-1.4050817489624023,-16.977384567260742,3.115200996398926
3,471494,-18.671445846557617,3.22816801071167,-15.16572380065918,0.5684038996696472
3,471494,-19.784107208251953,10.129997253417969,28.249557495117188,-12.777037620544434
3,471494,23.031747817993164,-15.949087142944336,12.29093074798584,12.002310752868652
3,471494,12.46105670928955,-1.304362177848816,-26.25754737854004,-7.2239179611206055
3,471494,-8.436336517333984,8.218308448791504,-10.786689758300781,-10.378721237182617
3,471494,-1.9431865215301514,-8.42520809173584,20.193294525146484,21.397674560546875
3,471495,21.595985412597656,12.295891761779785,7.357646942138672,-2.2660269737243652
3,471495,-3.079317331314087,-0.6953904032707214,-22.74163055419922,-16.90928840637207
3,471495,-19.63010025024414,-13.403642654418945,0.8357533812522888,5.251706123352051
3,471495,6.94458532333374,6.630744934082031,8.706961631774902,14.643583297729492
3,471495,-12.14197826385498,-8.458820343017578,-0.8498764038085938,6.171720027923584
3,471495,-19.689477920532227,8.428560256958008,18.01136589050293,3.0504164695739746
3,471496,13.51161003112793,15.29024600982666,-4.85534143447876,0.23960356414318085
3,471496,11.450438499450684,-17.555904388427734,-4.263235569000244,-7.2135725021362305
3,471496,-10.43925952911377,0.12638051807880402,19.84510612487793,0.33172136545181274
3,471496,9.703681945800781,6.357764720916748,-2.190413236618042,-2.9860057830810547
3,471496,2.928722381591797,-11.322227478027344,-4.513747215270996,-0.37792685627937317
3,471496,-19.719892501831055,-2.119601249694824,-1.0219110250473022,22.085693359375
3,471497,15.455058097839355,26.43670082092285,4.531970024108887,5.864019393920898
3,471497,20.36598014831543,19.564523696899414,9.015331268310547,-20.02666664123535
3,471497,13.599376678466797,-12.862680435180664,-7.806926727294922,-26.13184928894043
3,471497,15.265888214111328,-23.49953842163086,-8.699789047241211,10.459964752197266
3,471497,-17.168031692504883,-3.8560564517974854,10.042793273925781,22.538360595703125
3,471497,-13.096085548400879,18.351608276367188,-2.302605390548706,-16.980220794677734
3,471498,24.25506019592285,12.418719291687012,-11.172639846801758,-13.42570972442627
3,471498,3.4253644943237305,7.490769386291504,12.965030670166016,9.633289337158203
3,471498,-20.813087463378906,-3.2279767990112305,-11.356913566589355,16.17923355102539
3,471498,14.077963829040527,-17.014902114868164,-26.611896514892578,-20.30682945251465
3,471498,5.232133388519287,-23.056425094604492,8.058091163635254,-8.97757625579834
3,471499,-24.20203971862793,-2.6640868186950684,5.292576789855957,20.54952621459961
3,471499,-16.012737274169922,16.837230682373047,-19.169757843017578,-14.059304237365723
3,471499,-2.6497840881347656,-9.322851181030273,3.9804320335388184,-12.36424446105957
3,471499,11.060552597045898,2.05197811126709,16.31828498840332,3.5598714351654053
3,471499,0.02198518067598343,22.741796493530273,-1.6024906635284424,10.90393352508545
3,471499,-5.229668140411377,-12.476629257202148,3.5169599056243896,-2.899066686630249
3,471500,-13.068624496459961,-5.0775885581970215,3.2257137298583984,-17.270191192626953
3,471500,0.9733486771583557,13.53354263305664,13.710875511169434,10.09579849243164
3,471500,23.082820892333984,-20.279537200927734,-3.821030855178833,18.878217697143555
3,471500,-16.964948654174805,-10.60805606842041,-11.737857818603516,0.8162527084350586
3,471500,-1.441238522529602,31.596527099609375,16.850584030151367,-10.328573226928711
3,471500,13.293079376220703,-7.152060031890869,-12.270697593688965,13.027674674987793
3,471501,-27.262453079223633,-23.029953002929688,-11.880779266357422,25.545289993286133
3,471501,-1.1216152906417847,19.699623107910156,20.26902961730957,-3.791400671005249
3,471501,28.428123474121094,-2.3930130004882812,-10.992694854736328,-22.41581153869629
3,471501,-1.160164475440979,-29.03404998779297,-0.6928397417068481,-3.608062982559204
3,471501,-17.594982147216797,6.912456035614014,11.187755584716797,17.48390769958496
3,471501,7.492654323577881,20.53137969970703,-29.111358642578125,2.5679445266723633
3,471502,10.865859031677246,-3.160872459411621,5.782765865325928,5.744653224945068
3,471502,-3.9057652950286865,16.681486129760742,19.171218872070312,15.546367645263672
3,471502,9.650634765625,14.10678768157959,4.730226039886475,-20.001073837280273
3,471502,-2.77880597114563,-27.081485748291016,-0.03222004324197769,-20.070030212402344
3,471502,-6.7427778244018555,-10.256246566772461,-25.01264762878418,19.60987663269043
3,471502,8.045065879821777,10.64667797088623,3.1566832065582275,10.725521087646484
3,471503,-9.154786109924316,-9.038698196411133,15.471925735473633,-11.521769523620605
3,471503,4.206948280334473,1.253686547279358,-2.788961410522461,-7.177663326263428
3,471503,-0.5581203103065491,-0.48109132051467896,-4.463137149810791,16.146007537841797
3,471503,-9.0977201461792,-15.074317932128906,2.5530943870544434,13.982470512390137
3,471503,17.528789520263672,15.880256652832031,10.18986701965332,-17.168798446655273
3,471503,-3.1170849800109863,17.021074295043945,-6.437751293182373,-12.56444263458252
3,471504,-15.151535987854004,-0.914764404296875,-2.593090057373047,-6.105374813079834
3,471504,26.95184326171875,-5.6035966873168945,-0.4222564101219177,-16.722702026367188
3,471504,-5.278578281402588,-12.080077171325684,-0.6323978304862976,11.50424575805664
3,471504,-30.08987045288086,21.73773193359375,13.302206039428711,28.73944091796875
3,471504,32.97661590576172,8.39164924621582,-6.5883026123046875,-9.64482593536377
3,471504,-0.4246513247489929,-19.16634750366211,-5.991221904754639,-7.897329330444336
3,471505,-20.940391540527344,18.77842140197754,8.449742317199707,16.741825103759766
3,471505,32.516239166259766,-12.814870834350586,5.1378326416015625,5.563217639923096
3,471505,-4.441503524780273,-23.773530960083008,-10.729641914367676,-11.549169540405273
3,471505,-27.503257751464844,25.297870635986328,-10.017525672912598,-10.597784042358398
3,471505,16.21220588684082,12.170180320739746,23.097970962524414,12.1829833984375
3,471505,1.3190470933914185,-2.099370241165161,16.837663650512695,8.636601448059082
3,471506,-15.729185104370117,-10.562687873840332,-6.555041790008545,-18.451478958129883
3,471506,2.8048503398895264,-13.408498764038086,-13.689044952392578,-19.21358299255371
3,471507,6.015176296234131,-7.390217304229736,-3.2993216514587402,-22.8927001953125
3,471507,4.698087215423584,15.035019874572754,1.2582948207855225,-27.850492477416992
3,471507,-9.95944881439209,21.372968673706055,-13.724492073059082,-4.579914569854736
3,471508,-14.471817970275879,-29.909255981445312,-2.260699510574341,5.375076770782471
3,471508,1.9197289943695068,-5.126888275146484,16.769268035888672,16.770233154296875
3,471508,14.46523666381836,26.201082229614258,9.018714904785156,13.89856243133545
3,471508,6.533862590789795,-6.73978853225708,-20.766572952270508,-18.38886070251465
3,471508,-4.292704105377197,-18.50123405456543,-18.5824031829834,9.24302864074707
3,471510,-3.7324514389038086,-3.0859732627868652,5.953632354736328,40.75506591796875
3,471510,-3.6532652378082275,30.077251434326172,-1.6323611736297607,8.895279884338379
3,471512,-15.631890296936035,-5.235320568084717,0.5332075953483582,-41.298858642578125
3,471514,-9.285320281982422,-33.490020751953125,8.645687103271484,-15.260262489318848
3,471516,23.16766929626465,37.43305587768555,-1.5273540019989014,66.33777618408203
3,471518,20.69801902770996,20.271686553955078,15.307901382446289,23.9747371673584
3,471520,-11.364156723022461,-38.58842849731445,-13.38276195526123,-51.01249313354492
3,471522,-10.689482688903809,-8.831120491027832,-48.22134017944336,-26.446369171142578
3,471524,13.903621673583984,-0.610243558883667,39.72410202026367,18.98038101196289
3,471526,3.8700103759765625,2.4909873008728027,60.07007598876953,-0.18663954734802246
3,471528,-14.945439338684082,15.133904457092285,-19.18808937072754,31.101051330566406
3,471530,0.16863341629505157,-1.54611074924469,-21.00701141357422,49.551151275634766
3,471532,20.454715728759766,4.650077819824219,-7.666836738586426,-55.75497055053711
3,471534,-7.143694877624512,12.31213092803955,-12.211389541625977,-34.1491584777832
3,471537,-23.754880905151367,-14.739428520202637,9.610112190246582,13.213910102844238
3,471538,-4.567647933959961,-17.137117385864258,14.951695442199707,-13.8839750289917
3,471541,18.392581939697266,21.71234893798828,2.4896748065948486,38.19657897949219
3,471542,18.36773681640625,5.385909080505371,-9.52550983428955,29.616676330566406
3,471545,-36.0255126953125,-46.60161209106445,-36.216346740722656,-47.952816009521484
3,471546,-25.249038696289062,-19.099082946777344,-21.16668128967285,-34.583377838134766
3,471549,47.752864837646484,54.791412353515625,77.33200073242188,13.269831657409668
3,471550,22.747278213500977,23.91888999938965,40.210693359375,20.42624855041504
3,471551,-24.36537742614746,-31.35129737854004,-69.79132080078125,-13.344120979309082
3,471554,7.9293341636657715,-0.8349764347076416,-9.6151762008667,11.894743919372559
3,471555,-3.459319591522217,-4.38062858581543,21.612979888916016,36.524410247802734
3,471558,-15.351188659667969,-3.651711940765381,-7.693830490112305,-5.321861743927002
3,471559,14.785804748535156,27.4139404296875,-8.969147682189941,-24.101770401000977
3,471753,17.3446102142334,8.356228828430176,5.041878700256348,-38.379417419433594
3,471753,-21.646751403808594,-23.20117950439453,19.92546272277832,4.264756679534912
3,471753,-20.75765609741211,14.073944091796875,-2.4667720794677734,4.6999359130859375
3,471753,37.62420654296875,23.90596580505371,-7.649717807769775,11.919282913208008
3,471754,-13.462178230285645,-29.302526473999023,14.074203491210938,35.16352081298828
3,471754,-19.341012954711914,-20.136028289794922,-11.271461486816406,-39.34915542602539
3,471754,35.04330825805664,11.172216415405273,-13.134361267089844,-8.463217735290527
3,471754,-32.82215881347656,0.11267819255590439,13.327179908752441,25.088764190673828
3,471754,-21.701332092285156,-3.8184585571289062,-8.15546703338623,-18.4886474609375
3,471754,40.559566497802734,9.6493501663208,2.272596597671509,15.951948165893555
3,471755,-4.935875415802002,-6.880821704864502,-0.010189581662416458,33.65147399902344
3,471755,-19.171987533569336,-12.174697875976562,-2.490924119949341,-10.362541198730469
3,471755,7.767281532287598,16.535139083862305,6.300917625427246,-24.04837417602539
3,471755,13.940271377563477,-1.4637808799743652,-22.269197463989258,-3.0778751373291016
3,471755,1.0870153903961182,-24.31928253173828,-10.41415023803711,21.447498321533203
3,471755,-1.1664068698883057,7.244576454162598,11.917346000671387,3.9586920738220215
3,471756,9.401636123657227,0.9079962372779846,10.795079231262207,-15.994963645935059
3,471756,-0.15292061865329742,4.021005630493164,8.815628051757812,-2.3517067432403564
3,471756,-11.966608047485352,6.694580078125,-1.6015729904174805,21.06137466430664
3,471756,-0.32671836018562317,-13.827614784240723,20.749401092529297,17.526702880859375
3,471756,5.772990703582764,20.262348175048828,-4.346770763397217,-22.96088981628418
3,471757,-28.374372482299805,8.469940185546875,-34.851539611816406,-11.01642894744873
3,471757,-36.87287139892578,-19.16895294189453,16.438751220703125,21.09847640991211
3,471757,22.377904891967773,-4.969109535217285,9.558059692382812,0.7897883057594299
3,471757,51.608760833740234,-10.43461799621582,-25.1817684173584,-13.46269702911377
3,471757,-10.109659194946289,18.407752990722656,-2.1876745223999023,-7.364949703216553
3,471757,-17.951322555541992,20.19568634033203,10.002998352050781,-15.7654447555542
3,471758,4.096096038818359,-28.7130069732666,-2.0026957988739014,-2.0538997650146484
3,471758,1.615471601486206,1.8085309267044067,5.992189407348633,0.43745556473731995
3,471758,16.416948318481445,10.613954544067383,-5.691215991973877,-10.592473983764648
3,471758,5.076929569244385,9.064558982849121,-3.9694032669067383,13.192061424255371
3,471758,7.371169090270996,21.33522605895996,3.028883695602417,8.319071769714355
3,471758,-1.0304982662200928,-25.68844223022461,-3.828256845474243,-5.545987129211426
3,471759,-18.58161163330078,-4.2070817947387695,26.84743309020996,4.78247594833374
3,471759,17.365888595581055,15.773271560668945,9.92060661315918,9.92468547821045
3,471759,-10.509312629699707,-5.176604270935059,-24.25992774963379,-1.8248316049575806
3,471759,-46.57720947265625,-2.7195634841918945,9.69075870513916,-1.6911509037017822
3,471759,31.345203399658203,-10.54150676727295,12.212132453918457,11.462799072265625
3,471759,30.845462799072266,3.0006165504455566,-17.80377769470215,-14.600008964538574
3,471760,-35.21017074584961,-12.74574089050293,1.196681022644043,-17.44147491455078
3,471760,0.2559663653373718,0.6172707080841064,17.572919845581055,27.067052841186523
3,471760,31.13267707824707,27.218183517456055,2.2994298934936523,-5.2159528732299805
3,471760,-19.90579605102539,-16.211326599121094,-2.6720073223114014,-18.75265121459961
3,471760,-28.22524642944336,4.3924479484558105,-34.34062576293945,37.44841003417969
3,471760,42.48340606689453,6.522071361541748,-16.512798309326172,-24.269546508789062
3,471761,24.885852813720703,-20.086999893188477,33.360206604003906,-51.3618049621582
3,471761,-51.51418685913086,-5.2035112380981445,5.8560099601745605,14.906299591064453
3,471761,-11.676765441894531,9.443275451660156,-4.695671081542969,-0.32559171319007874
3,471761,22.284000396728516,7.315667629241943,-11.325333595275879,0.3705995976924896
3,471761,-6.0279860496521,-8.216219902038574,12.662055969238281,38.07769012451172
3,471761,3.280641794204712,15.215962409973145,7.5284905433654785,20.2221622467041
3,471762,5.4910149574279785,1.7223459482192993,-36.739017486572266,-31.460079193115234
3,471762,3.5913124084472656,-20.347497940063477,10.854658126831055,-25.21929168701172
3,471762,-1.0675325393676758,-1.8063981533050537,29.20717430114746,55.212127685546875
3,471762,3.674225330352783,10.445070266723633,-2.4451799392700195,34.36567687988281
3,471762,7.492067337036133,25.681900024414062,-8.14465618133545,-54.097900390625
3,471762,-54.4119987487793,-5.1003499031066895,4.275396823883057,-6.3252973556518555
3,471763,-9.717412948608398,-32.61875915527344,8.93011474609375,48.79600524902344
3,471763,60.44294357299805,1.576864242553711,-9.3729829788208,-18.727691650390625
3,471763,-3.196281909942627,17.698144912719727,-1.8163955211639404,-23.67976951599121
3,471763,-4.40435266494751,7.159038543701172,-2.774482011795044,14.505724906921387
3,471763,13.670720100402832,-9.4822359085083,-6.2549052238464355,-12.093388557434082
3,471764,-11.846450805664062,-8.6809720993042,8.624248504638672,-9.919390678405762
3,471764,6.251440048217773,10.133452415466309,-5.391764163970947,-11.422525405883789
3,471764,-11.68021297454834,3.4701762199401855,5.623209476470947,15.214760780334473
3,471764,-19.94930076599121,2.6804637908935547,22.441234588623047,27.056344985961914
3,471764,34.28015899658203,6.588495254516602,-11.083768844604492,2.7738497257232666
3,471764,21.890722274780273,-15.704790115356445,-27.987611770629883,-1.4240137338638306
3,471765,-33.29758834838867,-13.298014640808105,4.559643745422363,-17.742856979370117
3,471765,-19.658884048461914,6.34375524520874,23.31006622314453,-8.343989372253418
3,471765,25.839590072631836,17.878658294677734,-3.144094944000244,-11.661351203918457
3,471765,0.6361668109893799,-6.8922038078308105,-13.165570259094238,-0.4145343005657196
3,471765,-30.822084426879883,-27.18922233581543,0.8544718623161316,-3.730602502822876
3,471765,1.126173496246338,14.955404281616211,-15.733075141906738,-10.94160270690918
3,471766,5.834177017211914,4.771799087524414,-4.293501853942871,27.17778205871582
3,471766,-6.032343864440918,-8.059514999389648,23.654050827026367,6.451868534088135
3,471766,16.32807159423828,5.5836100578308105,-13.761955261230469,-17.90386390686035
3,471766,0.2393064647912979,-9.277139663696289,-19.790607452392578,-21.25319480895996
3,471766,-13.104928970336914,-4.99313497543335,17.81591796875,5.043639659881592
3,471766,26.107582092285156,8.234646797180176,17.323623657226562,45.008514404296875
3,471767,5.580296516418457,19.171245574951172,11.76972770690918,-5.5081467628479
3,471767,-33.19735336303711,1.9544721841812134,-8.358558654785156,-19.383153915405273
3,471767,8.413553237915039,-14.98332691192627,-14.625621795654297,8.067480087280273
3,471767,17.730056762695312,5.591744899749756,4.251506328582764,-12.205009460449219
3,471767,-3.4375507831573486,7.7447404861450195,3.0540308952331543,-4.039667129516602
3,471767,7.009941577911377,-1.0655437707901,2.560420274734497,19.64741325378418
3,471768,-9.219328880310059,12.367029190063477,-21.412944793701172,10.21036148071289
3,471768,-8.365303039550781,-3.087682008743286,-14.163851737976074,-1.7159234285354614
3,471768,-7.838403701782227,-21.25383186340332,20.093055725097656,-0.6359787583351135
3,471768,-3.7440054416656494,0.22075049579143524,5.128679275512695,7.221079349517822
3,471768,34.113136291503906,16.189546585083008,-2.406748056411743,-0.8506719470024109
3,471768,-8.846210479736328,-3.064458131790161,-3.114901065826416,-21.9088077545166
3,471769,-31.734905242919922,-3.384279251098633,-2.3449511528015137,-7.885165691375732
3,471769,16.443849563598633,5.158740520477295,0.5830180048942566,6.497577667236328
3,471769,0.09390588104724884,-30.259916305541992,-3.342017889022827,18.068803787231445
3,471769,3.6065280437469482,2.146721363067627,15.64507007598877,8.83576774597168
3,471770,17.921167373657227,34.27869415283203,10.830496788024902,-27.0462703704834
3,471771,-17.61238670349121,-26.004314422607422,-7.852806568145752,-0.478063702583313
3,471771,-8.355175971984863,-7.366150856018066,1.0292227268218994,7.401381969451904
3,471771,11.636096954345703,24.658424377441406,1.4670557975769043,-20.878063201904297
3,471771,-15.49356460571289,-12.991094589233398,3.6665186882019043,-0.15642967820167542
3,471771,-11.033266067504883,-7.221707344055176,-10.238747596740723,11.836982727050781
3,471771,10.56809139251709,15.657842636108398,-12.358314514160156,4.027772903442383
3,471772,25.308605194091797,-1.5943866968154907,24.213680267333984,8.569511413574219
3,471772,18.657546997070312,-21.947542190551758,16.081462860107422,2.0003037452697754
3,471773,-26.454504013061523,14.085683822631836,-30.153230667114258,-4.884838581085205
3,471774,-10.910334587097168,28.408496856689453,-13.321097373962402,-9.005934715270996
3,471776,14.625478744506836,-9.165262222290039,14.891631126403809,-14.288819313049316
3,471778,5.937880516052246,-13.929390907287598,-21.43425941467285,42.66527557373047
3,471780,-10.881828308105469,1.5987377166748047,-13.200955390930176,14.370828628540039
3,471782,-28.942068099975586,-17.34921646118164,16.35777473449707,-50.63365173339844
3,471784,9.671053886413574,-20.117284774780273,12.17090892791748,1.0809876918792725
3,471787,30.33428382873535,24.3599853515625,14.313824653625488,2.0337741374969482
3,471788,20.119640350341797,33.240386962890625,25.253368377685547,-2.314725399017334
3,471791,6.048655986785889,11.007095336914062,5.149731159210205,43.142967224121094
3,471792,-15.870271682739258,-18.5758056640625,-35.10361862182617,12.490635871887207
3,471795,-19.53558349609375,-26.507936477661133,-34.91746139526367,-73.62349700927734
3,471796,-30.603029251098633,-12.329970359802246,5.784567356109619,-27.204694747924805
3,471974,5.100017070770264,21.054080963134766,43.92713165283203,54.46826934814453
3,471974,36.16486740112305,23.8149471282959,4.880555629730225,7.945745468139648
3,471974,-0.10264138132333755,-8.258808135986328,-32.017845153808594,-18.93781280517578
3,471974,-22.703834533691406,-2.3341281414031982,-8.934164047241211,2.1693031787872314
3,471975,-14.447093963623047,-21.136226654052734,-0.8326096534729004,11.013628959655762
3,471975,-5.480175971984863,-11.490982055664062,0.8024740219116211,8.197470664978027
3,471975,18.223161697387695,21.357011795043945,9.790250778198242,-6.5001220703125
3,471975,13.467276573181152,15.33071231842041,18.463605880737305,5.229471683502197
3,471975,-21.870838165283203,9.420696258544922,13.467306137084961,12.078418731689453
3,471975,10.734942436218262,-17.33602523803711,-7.995883941650391,-8.997349739074707
3,471976,30.576135635375977,-20.574445724487305,-18.351276397705078,2.874138355255127
3,471976,-13.981306076049805,0.7629357576370239,-3.3928744792938232,16.270896911621094
3,471976,-10.856897354125977,14.820730209350586,25.194534301757812,-14.370033264160156
3,471976,8.67367935180664,13.889122009277344,-5.150637626647949,-3.4410040378570557
3,471976,-10.743681907653809,-18.241254806518555,-20.522424697875977,5.9232001304626465
3,471976,-6.599721431732178,-10.866427421569824,4.710546016693115,-26.88172721862793
3,471977,9.753059387207031,8.925342559814453,-15.49632453918457,-1.2583096027374268
3,471977,-4.295437812805176,4.219326019287109,8.62740421295166,19.932458877563477
3,471977,6.544349670410156,8.496996879577637,20.537357330322266,-10.28819751739502
3,471977,4.3705034255981445,-4.8471360206604,-22.247264862060547,-8.767631530761719
3,471977,-10.492650985717773,2.721480131149292,-4.8563103675842285,14.94443416595459
3,471977,12.355924606323242,16.48149871826172,26.504526138305664,-0.7486738562583923
3,471978,1.958549976348877,-9.327445983886719,7.668048858642578,-3.6261680126190186
3,471978,-11.73901653289795,-8.371964454650879,-18.781421661376953,13.978812217712402
3,471978,2.3855409622192383,-0.132765993475914,-9.550070762634277,-4.112705230712891
3,471978,0.2281097173690796,-20.860271453857422,5.750410556793213,3.1436760425567627
3,471978,2.0770211219787598,-8.545561790466309,-11.783912658691406,-1.5896403789520264
3,471979,9.503619194030762,13.945630073547363,-16.465538024902344,-29.450252532958984
3,471979,-18.98198127746582,6.438572406768799,13.109869956970215,16.987808227539062
3,471979,-22.08823585510254,12.262340545654297,30.059589385986328,28.400938034057617
3,471979,24.14181137084961,-6.550612449645996,-0.8604088425636292,-4.993926048278809
3,471979,23.606779098510742,-10.46397876739502,-25.08965301513672,5.995673656463623
3,471979,-7.840947151184082,29.326248168945312,10.649236679077148,2.540930986404419
3,471980,3.1710667610168457,3.587135076522827,15.164386749267578,-13.62837028503418
3,471980,9.735363006591797,-17.31705093383789,-26.961185455322266,1.6891870498657227
3,471980,-28.537147521972656,-13.119645118713379,2.0659475326538086,2.3482537269592285
3,471980,-21.529359817504883,-6.585608005523682,33.35652542114258,-4.803923606872559
3,471980,33.030845642089844,19.249425888061523,-1.549980640411377,-8.1582612991333
3,471980,24.489458084106445,4.126605033874512,-0.07153166085481644,-5.9401373863220215
3,471981,-21.935691833496094,-19.271574020385742,0.8571333289146423,9.83160400390625
3,471981,-15.092281341552734,13.909036636352539,-3.8484809398651123,-18.167680740356445
3,471981,20.741296768188477,26.031410217285156,3.7096917629241943,-27.46778106689453
3,471981,-6.380730628967285,-26.52190399169922,2.365614652633667,14.264625549316406
3,471981,-21.143478393554688,-10.86270523071289,0.4968889355659485,5.926332473754883
3,471981,27.4771671295166,26.093332290649414,-8.411163330078125,-25.114700317382812
3,471982,-4.95581579208374,4.901533603668213,10.950592994689941,6.573736190795898
3,471982,-35.1927375793457,-16.618162155151367,-6.978590488433838,2.1561660766601562
3,471982,24.3948917388916,-27.30101776123047,-33.31195831298828,-0.757538378238678
3,471982,-2.99013090133667,4.886665344238281,6.614287376403809,24.951250076293945
3,471982,-22.4670467376709,9.939945220947266,13.10987663269043,-24.84776496887207
3,471982,31.211044311523438,-29.737064361572266,-15.172876358032227,-24.69677734375
3,471983,0.3412631154060364,0.8427343964576721,-3.281899929046631,24.063264846801758
3,471983,-21.540586471557617,37.3764533996582,-3.8180856704711914,12.463156700134277
3,471983,14.361971855163574,-8.27646255493164,-6.358134746551514,-3.359567880630493
3,471983,13.505010604858398,-34.70178985595703,8.814614295959473,16.541757583618164
3,471983,-19.217016220092773,15.245147705078125,21.612239837646484,23.724679946899414
3,471983,15.105613708496094,29.606908798217773,12.684059143066406,-7.564351558685303
3,471984,19.297826766967773,3.4892523288726807,-20.523014068603516,-0.6380702257156372
3,471984,-31.80885124206543,5.256289958953857,-6.692543983459473,16.334257125854492
3,471984,8.837810516357422,-6.1606764793396,11.372072219848633,-7.609212875366211
3,471984,9.694042205810547,-25.837844848632812,-4.968595027923584,9.445457458496094
3,471984,-23.014446258544922,7.853433132171631,-4.411901473999023,9.664616584777832
3,471984,-13.012649536132812,8.530823707580566,5.935911178588867,-13.38215160369873
3,471985,-8.247061729431152,-10.937273979187012,0.47725003957748413,-2.8302533626556396
3,471985,17.03907585144043,0.030968433246016502,-7.634392738342285,3.405735731124878
3,471985,19.82261085510254,-3.4778993129730225,-21.668859481811523,-15.031983375549316
3,471985,-16.972137451171875,7.819687366485596,2.6132376194000244,-17.92345428466797
3,471985,-23.957632064819336,12.356510162353516,25.634899139404297,6.866293907165527
3,471985,36.90563201904297,12.391901969909668,3.699734687805176,2.6370785236358643
3,471986,49.422325134277344,6.708157062530518,10.14912223815918,-4.802130699157715
3,471986,-19.545316696166992,-4.581606388092041,14.21948528289795,-15.232236862182617
3,471986,-28.2615966796875,-5.4279327392578125,-10.308043479919434,-5.751173496246338
3,471986,7.502532482147217,2.6056771278381348,3.6268486976623535,30.76047134399414
3,471986,14.700855255126953,17.910276412963867,16.298391342163086,8.336569786071777
3,471986,-5.93196964263916,-9.749468803405762,-22.02676773071289,-17.893739700317383
3,471987,-19.63373374938965,-26.44645881652832,1.0381367206573486,-1.6604312658309937
3,471987,-0.19096402823925018,13.001811981201172,18.957706451416016,4.590020656585693
3,471987,2.3206839561462402,3.4930269718170166,-24.587295532226562,14.219232559204102
3,471987,-14.377354621887207,-25.367244720458984,-8.136677742004395,8.097935676574707
3,471987,-14.302576065063477,-15.028368949890137,8.634780883789062,1.319101095199585
3,471988,3.761543035507202,13.347566604614258,-18.79459571838379,4.455610752105713
3,471988,21.99079704284668,11.177363395690918,-14.611228942871094,-12.293703079223633
3,471988,-6.953451156616211,-9.20654296875,16.60166358947754,12.691548347473145
3,471988,-22.13614845275879,4.9629387855529785,21.493764877319336,26.40028953552246
3,471988,20.417936325073242,-1.518698811531067,0.366167277097702,-23.7484130859375
3,471988,18.27378273010254,-9.786436080932617,-18.50147247314453,-17.622718811035156
3,471989,-22.153173446655273,6.419135570526123,7.993371486663818,13.328567504882812
3,471989,-1.3909707069396973,19.112903594970703,34.051448822021484,1.7200868129730225
3,471989,24.865629196166992,13.393338203430176,-23.970230102539062,2.521839141845703
3,471990,13.660564422607422,18.920255661010742,-11.277491569519043,-37.73849868774414
3,471990,14.920573234558105,14.53592586517334,28.697355270385742,-52.089210510253906
3,471990,-10.125299453735352,-22.125900268554688,-27.710411071777344,20.22620391845703
3,471991,-23.006534576416016,-27.451641082763672,-9.970169067382812,40.68191146850586
3,471991,5.95582389831543,7.971688747406006,4.596228122711182,-5.373585224151611
3,471991,9.346399307250977,2.4301936626434326,-24.525959014892578,-22.62883949279785
3,471991,-3.381080389022827,-30.218332290649414,-11.119651794433594,11.361745834350586
3,471991,-30.03883171081543,-3.915982961654663,-5.818495750427246,17.799985885620117
3,471993,-9.521042823791504,10.789135932922363,17.48177146911621,0.14351405203342438
3,471994,37.174564361572266,-10.363042831420898,16.839189529418945,2.519284963607788
3,471995,-23.032041549682617,-6.479202747344971,-20.764930725097656,-20.64661407470703
3,471998,-39.42000961303711,9.027606964111328,3.1295671463012695,-28.425851821899414
3,471999,25.954273223876953,-1.4812266826629639,14.40295696258545,16.752140045166016
3,472002,11.414847373962402,-8.994190216064453,-12.404297828674316,19.777318954467773
3,472003,1.9839063882827759,12.306492805480957,7.310118198394775,15.315051078796387
3,472006,17.120607376098633,12.49817943572998,39.42281723022461,4.538132667541504
3,472007,-1.323279619216919,-1.8058578968048096,25.400436401367188,-46.56473159790039
3,472010,2.732234239578247,20.946340560913086,-42.69406509399414,0.6767212152481079
3,472011,6.061744213104248,10.799633026123047,-32.014766693115234,46.887847900390625
3,472014,-16.890398025512695,-24.404678344726562,21.583415985107422,-2.2650113105773926
3,472015,-6.599281311035156,1.3108623027801514,16.858993530273438,-11.01807975769043
3,472018,14.344021797180176,-6.7256574630737305,-9.887775421142578,2.163966655731201
3,472019,-4.39324951171875,-23.63241958618164,-24.59286880493164,-0.12706661224365234
3,472022,-7.726461410522461,23.78813934326172,16.90965461730957,30.438154220581055
3,472023,-1.8825010061264038,3.1119704246520996,28.6823787689209,24.745805740356445
3,472026,8.237563133239746,-4.895633697509766,17.666601181030273,-42.76937484741211
3,472027,-1.2369437217712402,23.56047248840332,-3.1708011627197266,-54.40660858154297
3,472204,-10.396392822265625,-5.9759907722473145,-27.390621185302734,11.593461990356445
3,472204,24.272741317749023,-12.389348983764648,-9.3758544921875,37.2541618347168
3,472204,-11.517343521118164,-17.686851501464844,1.661495327949524,8.843486785888672
3,472204,-24.3638973236084,-3.5656545162200928,7.4766411781311035,-7.786597728729248
3,472204,13.998785972595215,20.9339656829834,4.2769670486450195,-11.82626724243164
3,472205,7.758841514587402,4.529683589935303,-15.94098949432373,-3.9239232540130615
3,472205,-4.280418872833252,-24.010051727294922,-7.767469882965088,5.026930809020996
3,472205,2.2845723628997803,4.504286766052246,11.024748802185059,0.809578537940979
3,472205,23.411191940307617,36.45844268798828,-5.695847511291504,-12.407453536987305
3,472205,4.6216559410095215,-18.23656463623047,-2.5276451110839844,-6.770416736602783
3,472205,-37.36249923706055,-29.830181121826172,8.581231117248535,24.090736389160156
3,472206,-14.08888053894043,20.831218719482422,8.491559028625488,16.947141647338867
3,472206,36.72706604003906,9.69872760772705,-0.32561352849006653,-16.689287185668945
3,472206,14.788379669189453,-23.11655616760254,-5.192631721496582,6.813855171203613
3,472206,-21.919294357299805,9.654444694519043,2.1005027294158936,12.990596771240234
3,472206,-12.190468788146973,23.303529739379883,2.3603403568267822,-9.956302642822266
3,472206,4.580190181732178,-7.85778284072876,5.670639991760254,-3.008481979370117
3,472207,12.664645195007324,-6.442718505859375,-18.774070739746094,-9.101557731628418
3,472207,-14.798645973205566,-9.763206481933594,-30.67096519470215,-5.2283525466918945
3,472207,-24.9627628326416,1.5528435707092285,17.192222595214844,6.33892297744751
3,472207,27.659231185913086,20.70126724243164,18.890377044677734,-13.870258331298828
3,472207,13.361610412597656,-11.663660049438477,-23.633914947509766,-15.841280937194824
3,472207,-18.334016799926758,-17.491750717163086,7.463736057281494,8.353477478027344
3,472208,5.006880283355713,7.619702339172363,23.2545166015625,19.79303741455078
3,472208,1.4322699308395386,16.195581436157227,-14.603253364562988,12.075846672058105
3,472208,3.3782401084899902,11.338301658630371,-12.304628372192383,-16.451204299926758
3,472208,-0.689693808555603,-12.151179313659668,9.586655616760254,-9.721769332885742
3,472208,-19.41413688659668,-12.037715911865234,-0.05122722312808037,12.55668830871582
3,472208,10.897051811218262,5.662838459014893,-7.426576137542725,1.2425737380981445
3,472209,13.025182723999023,3.648258924484253,11.678799629211426,-1.9621466398239136
3,472209,-16.1422119140625,-1.7895708084106445,-1.5734572410583496,9.315778732299805
3,472209,0.006323737092316151,-13.929729461669922,-0.5112867951393127,9.542065620422363
3,472209,7.179224014282227,8.9845552444458,20.17645263671875,-16.091419219970703
3,472209,3.8624114990234375,6.095606803894043,-11.379973411560059,-13.902024269104004
3,472210,6.43272066116333,-16.790674209594727,-2.7355892658233643,8.030229568481445
3,472210,-9.809179306030273,10.923718452453613,15.917479515075684,1.5213474035263062
3,472210,-12.11816692352295,-0.9127034544944763,-15.885285377502441,-7.037661075592041
3,472210,11.464092254638672,-7.067480087280273,-10.50721549987793,-8.787093162536621
3,472210,-1.9313536882400513,14.659540176391602,-2.477158546447754,-1.720699667930603
3,472210,-10.62498950958252,5.221625328063965,-6.554764270782471,8.47558879852295
3,472211,5.194980144500732,1.9525372982025146,21.602895736694336,2.906158208847046
3,472211,15.570661544799805,-5.754642486572266,0.06537342071533203,-9.559704780578613
3,472211,6.343738555908203,-13.192612648010254,-13.176709175109863,-0.9329008460044861
3,472211,-17.460094451904297,6.675716876983643,30.7735595703125,17.801118850708008
3,472211,3.859018325805664,9.022445678710938,12.97053050994873,14.616225242614746
3,472211,2.5024030208587646,-10.852740287780762,-25.752464294433594,-11.29537582397461
3,472212,11.65664005279541,-6.690747261047363,-19.107852935791016,-9.183357238769531
3,472212,18.945178985595703,13.657439231872559,17.311992645263672,11.595606803894043
3,472212,-18.413698196411133,-1.8029594421386719,19.47576904296875,3.4956820011138916
3,472212,14.461758613586426,-10.577390670776367,-8.151208877563477,-2.970196008682251
3,472212,0.6519818902015686,13.227470397949219,-5.412882328033447,5.707751274108887
3,472212,-41.80414581298828,18.903350830078125,10.058134078979492,-1.2678022384643555
3,472213,17.801095962524414,4.12606143951416,9.719310760498047,-4.243873596191406
3,472213,23.691865921020508,-16.053632736206055,-8.176307678222656,-2.1900057792663574
3,472213,-19.171415328979492,-17.453523635864258,-6.309930801391602,-2.7340121269226074
3,472213,-0.3110685646533966,9.053682327270508,6.25321102142334,15.905157089233398
3,472213,8.219682693481445,23.620532989501953,-12.813115119934082,4.021608829498291
3,472213,-12.915678024291992,-15.626365661621094,-14.983955383300781,-14.836921691894531
3,472214,-3.557675361633301,-17.996305465698242,13.215609550476074,9.761122703552246
3,472214,5.337101459503174,15.490035057067871,-1.1374425888061523,17.41951560974121
3,472214,1.889046549797058,-20.905221939086914,-10.374715805053711,-24.652902603149414
3,472214,-4.7224955558776855,-13.513324737548828,-17.909099578857422,-23.492971420288086
3,472214,-14.359879493713379,19.715171813964844,-23.972427368164062,29.169633865356445
3,472214,-16.531211853027344,-3.0985822677612305,11.368359565734863,3.4242868423461914
3,472215,6.09384298324585,-0.9582186937332153,15.037312507629395,-35.19257736206055
3,472215,21.149721145629883,-6.109306812286377,-10.686752319335938,-3.977790355682373
3,472215,-24.04953384399414,-14.242237091064453,9.727640151977539,17.094266891479492
3,472215,-6.656391620635986,3.8167409896850586,28.519405364990234,-8.23259449005127
3,472215,40.45584487915039,4.730093955993652,-11.709518432617188,-28.756135940551758
3,472215,-5.336864471435547,16.802061080932617,-18.561418533325195,16.973644256591797
3,472216,-26.098905563354492,6.435842037200928,16.23826026916504,34.657691955566406
3,472216,9.800586700439453,-16.435659408569336,9.365057945251465,-2.6398303508758545
3,472216,10.032679557800293,-1.9510551691055298,-19.677597045898438,-1.5284738540649414
3,472216,2.789336919784546,2.3254833221435547,11.533476829528809,0.10632394999265671
3,472216,14.092763900756836,10.03041934967041,11.573812484741211,-7.647918224334717
3,472216,-2.603628396987915,17.378311157226562,-10.179007530212402,8.77133560180664
3,472217,-23.85118865966797,-2.7639777660369873,18.81018829345703,10.813567161560059
3,472217,-0.16906097531318665,-16.56732940673828,-4.6484375,-15.641189575195312
3,472217,18.040184020996094,7.8670525550842285,-24.637338638305664,4.741281032562256
3,472217,-4.327991008758545,12.37320613861084,19.267715454101562,27.006494522094727
3,472217,-5.769288063049316,-1.5697736740112305,19.79042625427246,-21.315189361572266
3,472217,8.482339859008789,2.082310914993286,-23.67259407043457,-20.254610061645508
3,472218,2.2823901176452637,-9.857786178588867,-3.403822898864746,25.393484115600586
3,472218,5.4562201499938965,2.49517560005188,26.394495010375977,-1.4436033964157104
3,472218,5.7610883712768555,8.797439575195312,-4.250894069671631,-11.52124309539795
3,472218,-1.34243643283844,-2.5558953285217285,-16.999521255493164,5.252368927001953
3,472218,5.914592266082764,-0.36052873730659485,4.9903693199157715,-15.621406555175781
3,472218,-8.546817779541016,-15.591540336608887,4.982706546783447,7.041150093078613
3,472220,-22.1875057220459,-14.110955238342285,-13.9209566116333,6.236769199371338
3,472220,-0.4413590729236603,10.344072341918945,-19.239219665527344,-32.000125885009766
3,472220,-4.067997455596924,-9.287994384765625,-4.1494140625,-1.3619496822357178
3,472220,-16.179861068725586,-28.806289672851562,5.698376178741455,16.221424102783203
3,472220,8.507678985595703,25.435869216918945,11.127920150756836,-1.772127389907837
3,472221,18.30177879333496,30.141023635864258,-5.97891092300415,4.986019134521484
3,472221,4.303592681884766,-20.134090423583984,-0.5314404368400574,4.69924783706665
3,472221,-10.094987869262695,-21.811826705932617,11.41272258758545,5.095555782318115
3,472222,-3.9141435623168945,16.665771484375,-2.1879892349243164,1.7794499397277832
3,472223,26.897220611572266,47.252254486083984,28.477819442749023,12.632918357849121
3,472226,6.303276538848877,-11.006190299987793,37.53710174560547,-2.0570406913757324
3,472227,-15.043656349182129,-32.989349365234375,-22.8376522064209,-45.45252227783203
3,472230,5.0088653564453125,21.947694778442383,-43.70170593261719,-16.52994728088379
3,472231,4.035848617553711,20.932262420654297,-4.607812881469727,7.789665699005127
3,472234,12.518640518188477,-15.455766677856445,20.104860305786133,25.760486602783203
3,472235,-6.205829620361328,-33.58049392700195,7.795335292816162,43.22404479980469
3,472238,-23.725698471069336,-0.14976558089256287,-34.00364303588867,-5.053745746612549
3,472239,0.04796277731657028,41.90850830078125,-7.302049160003662,-36.46858215332031
3,472242,-3.6638784408569336,-7.286494731903076,22.845979690551758,-10.531651496887207
3,472244,-6.111509323120117,-53.653594970703125,-10.14561653137207,17.34762954711914
3,472246,3.4837849140167236,3.7194676399230957,-18.996822357177734,9.973631858825684
3,472248,10.251933097839355,43.2122688293457,40.031612396240234,8.802855491638184
3,472250,2.8078949451446533,22.998668670654297,37.70991897583008,-11.857549667358398
3,472252,-7.8937273025512695,-9.384907722473145,-53.726898193359375,-21.649076461791992
3,472254,3.976367712020874,-42.75370407104492,-38.25282287597656,43.42465591430664
3,472256,8.986074447631836,-15.617688179016113,35.36686706542969,25.280534744262695
3,472258,10.383955955505371,39.140892028808594,28.159313201904297,-26.766172409057617
3,472260,-11.737298965454102,13.830994606018066,-33.207130432128906,-26.451078414916992
3,472262,-31.675111770629883,-24.602426528930664,-7.975027084350586,-16.51603126525879
3,472264,-3.5809381008148193,-19.57923698425293,34.155826568603516,-7.882946491241455
3,472266,24.309181213378906,6.80199670791626,-10.094907760620117,16.090049743652344
3,472268,18.48283576965332,15.789144515991211,-0.7635724544525146,42.838443756103516
3,472270,8.056885719299316,9.846941947937012,21.882692337036133,-13.555275917053223
3,472272,-25.631765365600586,-5.1054301261901855,-9.296751022338867,-16.80669403076172
3,472456,-28.86586570739746,-7.502582550048828,1.645222544670105,7.0885748863220215
3,472456,31.397974014282227,14.901190757751465,1.515735149383545,-30.249496459960938
3,472456,17.80829429626465,6.287477970123291,-13.507226943969727,4.139319896697998
3,472457,-23.408164978027344,6.089290142059326,9.671126365661621,9.577573776245117
3,472457,11.593525886535645,2.8158812522888184,-1.9614614248275757,-4.089250564575195
3,472457,12.501933097839355,-11.616321563720703,-27.078529357910156,22.512773513793945
3,472457,-21.087947845458984,2.720003366470337,-0.0891895666718483,-3.9613845348358154
3,472457,15.264330863952637,-12.44011116027832,10.905092239379883,-4.362559795379639
3,472457,3.482983350753784,-19.136486053466797,-11.481405258178711,10.877134323120117
3,472458,-26.281597137451172,15.29198932647705,5.85369348526001,-9.351533889770508
3,472458,14.979098320007324,4.750739097595215,15.63696575164795,-11.454758644104004
3,472458,-4.380253791809082,-29.961610794067383,-5.186721324920654,5.662303924560547
3,472458,-25.215171813964844,-15.077061653137207,2.3413612842559814,9.322059631347656
3,472458,26.69778060913086,33.5654182434082,2.3584704399108887,9.784152030944824
3,472458,18.994020462036133,10.097084045410156,-6.310658931732178,0.9752000570297241
3,472459,-21.27433967590332,-26.103351593017578,-8.439558029174805,-16.65690803527832
3,472459,-11.264361381530762,6.127556324005127,-6.463230609893799,3.627802610397339
3,472459,8.632797241210938,15.548463821411133,15.672218322753906,9.010414123535156
3,472459,13.982688903808594,-0.8627557754516602,-0.6024383306503296,-1.8725512027740479
3,472459,-22.316892623901367,-3.787996292114258,-25.57056999206543,-4.720991134643555
3,472459,-17.594568252563477,4.028654098510742,13.207605361938477,-23.90044593811035
3,472460,24.10155487060547,3.730769157409668,20.483510971069336,-9.886787414550781
3,472460,4.701092720031738,-5.569981098175049,-5.475910663604736,10.517049789428711
3,472460,-6.972592353820801,0.9098952412605286,3.0933568477630615,4.834240913391113
3,472460,-9.323853492736816,12.337038040161133,4.615034103393555,11.402853965759277
3,472460,6.902558326721191,5.2393059730529785,-12.188729286193848,1.3625273704528809
3,472461,22.038185119628906,-17.785816192626953,-4.671601295471191,-1.1544872522354126
3,472461,-15.803263664245605,-13.532803535461426,18.742830276489258,-2.0177462100982666
3,472461,-5.077777862548828,17.044479370117188,-17.34374237060547,-21.801889419555664
3,472461,19.74081802368164,-0.0865929052233696,-17.39480972290039,16.067323684692383
3,472461,-1.1077996492385864,-27.976089477539062,22.852216720581055,4.765033721923828
3,472461,-8.609612464904785,4.41674280166626,15.93079662322998,-25.338659286499023
3,472462,-12.169466972351074,22.029069900512695,-7.1897125244140625,17.712547302246094
3,472462,2.5126967430114746,8.460588455200195,-11.87998104095459,15.471846580505371
3,472462,23.797489166259766,-7.279601097106934,6.771420478820801,-8.74986457824707
3,472462,-12.362951278686523,-10.769804954528809,-4.408636093139648,-7.734314441680908
3,472462,-22.290987014770508,26.2366943359375,-0.5575770139694214,21.86197853088379
3,472462,16.19947052001953,-1.2030513286590576,11.156134605407715,15.537406921386719
3,472463,13.536723136901855,-27.608068466186523,-14.403335571289062,-16.392898559570312
3,472463,-7.1125359535217285,16.402565002441406,-9.897151947021484,6.07597541809082
3,472463,3.234666109085083,7.016024589538574,17.510530471801758,13.508358001708984
3,472463,10.81955623626709,-5.661287784576416,18.255510330200195,-5.462576866149902
3,472463,-4.219022750854492,-4.959701061248779,-3.3111844062805176,-20.699878692626953
3,472463,-14.448171615600586,1.240830659866333,-10.474285125732422,1.6884642839431763
3,472464,-12.243993759155273,7.629168510437012,9.47189998626709,15.753519058227539
3,472464,25.834299087524414,-7.9790215492248535,-0.07387024164199829,-23.419267654418945
3,472464,24.22403335571289,-13.85903263092041,-3.8680386543273926,0.7053964734077454
3,472464,-30.11357879638672,7.399532318115234,11.230039596557617,5.542875289916992
3,472464,-10.775618553161621,27.275754928588867,-1.2433236837387085,-25.050878524780273
3,472464,18.81892967224121,-0.10443880409002304,3.8647634983062744,17.582294464111328
3,472465,-5.540443420410156,-17.896236419677734,-7.31252908706665,1.1735458374023438
3,472465,-11.651069641113281,-11.729515075683594,-9.741643905639648,-17.351234436035156
3,472465,2.723788261413574,10.347564697265625,-15.004446983337402,24.335155487060547
3,472465,-1.7394267320632935,11.699499130249023,-9.084359169006348,1.2331812381744385
3,472465,-4.620398044586182,-10.627424240112305,21.766420364379883,-23.31641960144043
3,472465,12.368247985839844,-6.2858171463012695,-23.046403884887695,10.590214729309082
3,472466,-7.773271560668945,-2.216146230697632,-9.076391220092773,20.490398406982422
3,472466,-22.979745864868164,-14.638137817382812,19.19014549255371,-2.8811025619506836
3,472466,2.550940990447998,-6.686634540557861,-17.219255447387695,-5.4774580001831055
3,472466,7.467644691467285,24.714136123657227,8.948575973510742,9.413708686828613
3,472466,11.312658309936523,11.99986457824707,27.68996810913086,-2.3314244747161865
3,472466,4.1224260330200195,-19.041353225708008,-13.364640235900879,-6.71909236907959
3,472467,-25.217424392700195,-8.627695083618164,-20.97954750061035,21.293071746826172
3,472467,-7.360344409942627,11.448330879211426,-0.5120203495025635,3.2455432415008545
3,472467,27.366989135742188,-12.737279891967773,11.191667556762695,-26.1964111328125
3,472467,-10.759594917297363,-3.399040937423706,22.14923667907715,0.06194980815052986
3,472467,-10.26547908782959,25.791719436645508,-4.250553607940674,7.686808109283447
3,472468,23.22188949584961,-6.6734395027160645,-15.4868803024292,-17.869211196899414
3,472468,4.5654072761535645,9.017009735107422,6.954606533050537,-16.80877113342285
3,472468,2.830312728881836,2.510928153991699,10.258533477783203,10.842162132263184
3,472468,0.8709668517112732,-9.94448184967041,2.108724355697632,16.884416580200195
3,472468,8.314980506896973,23.0051212310791,-3.4436557292938232,-14.860150337219238
3,472468,10.748592376708984,-8.399263381958008,-15.0234956741333,-19.258562088012695
3,472469,-4.369571685791016,-12.347100257873535,-12.923198699951172,17.342243194580078
3,472469,-6.2290778160095215,-4.467169284820557,21.646764755249023,15.129494667053223
3,472469,1.3536651134490967,-3.103567361831665,17.616422653198242,-17.63786506652832
3,472469,1.7394331693649292,20.870628356933594,-21.91449737548828,2.270602226257324
3,472469,-21.259172439575195,0.19674623012542725,-18.082460403442383,21.41122817993164
3,472469,-2.1736135482788086,-15.647056579589844,10.680262565612793,-0.5774173736572266
3,472470,7.800985813140869,-8.21002197265625,12.683558464050293,-2.548168182373047
3,472470,-19.137353897094727,4.133329391479492,6.194705009460449,16.652963638305664
3,472470,11.719823837280273,20.262659072875977,-3.2857439517974854,-12.181455612182617
3,472470,31.130210876464844,5.511497974395752,-13.33792781829834,-33.173526763916016
3,472470,-21.228281021118164,-10.264859199523926,8.391160011291504,11.120081901550293
3,472470,-21.877038955688477,-25.066871643066406,13.577316284179688,12.807714462280273
3,472471,20.19020652770996,-13.948600769042969,-15.945676803588867,-0.12860581278800964
3,472471,6.933590888977051,32.828853607177734,-5.948592662811279,-4.16257381439209
3,472471,4.365155220031738,8.810956001281738,16.280609130859375,-16.16684341430664
3,472471,-20.012575149536133,-16.47442054748535,-6.813017845153809,6.59987211227417
3,472471,-11.180233001708984,-5.464936256408691,-13.152888298034668,3.471735715866089
3,472471,24.881715774536133,-16.04146385192871,11.871275901794434,-11.619380950927734
3,472472,-9.149285316467285,16.555824279785156,1.2205357551574707,5.974074363708496
3,472473,-1.9646474123001099,33.11836624145508,-1.2576534748077393,30.877708435058594
3,472473,3.1802825927734375,-12.08117389678955,13.873327255249023,10.922322273254395
3,472473,-8.300484657287598,-14.433453559875488,2.577260971069336,-21.465578079223633
3,472473,9.920230865478516,7.79646635055542,-15.988899230957031,1.316108226776123
3,472473,-2.212484121322632,6.376153945922852,-7.532229900360107,6.223052501678467
3,472474,-3.670031785964966,3.2090258598327637,14.01475715637207,-7.737293720245361
3,472474,13.767740249633789,-10.446171760559082,-1.3298959732055664,10.398885726928711
3,472474,-7.630013942718506,-7.4878034591674805,1.4848679304122925,0.13566158711910248
3,472475,-5.776363849639893,2.4994091987609863,0.2840442657470703,-18.1424560546875
3,472475,12.741846084594727,-15.03388500213623,-18.62348175048828,11.260051727294922
3,472478,-7.241030216217041,8.790914535522461,-7.112576961517334,17.88658332824707
3,472479,-11.00902271270752,9.79334545135498,-0.018322298303246498,-23.93589210510254
3,472482,9.059708595275879,-26.851516723632812,6.029282093048096,-38.28904724121094
3,472483,-1.5514683723449707,-1.1056227684020996,1.5641021728515625,17.24423599243164
3,472486,-9.645318984985352,16.107824325561523,-26.18954086303711,23.434656143188477
3,472487,1.511987328529358,14.787327766418457,27.868860244750977,-1.882943034172058
3,472490,15.45173454284668,4.466725826263428,63.44580841064453,-3.118368148803711
3,472492,-0.09047910571098328,-2.2547881603240967,-24.003049850463867,-7.099731922149658
3,472494,-12.639501571655273,15.328960418701172,-40.04825973510742,-3.2526772022247314
3,472496,8.422883987426758,-1.4405356645584106,0.611832857131958,-3.1157922744750977
3,472498,-12.175122261047363,-27.515243530273438,3.5643768310546875,38.453067779541016
3,472500,-0.49531635642051697,-15.508049964904785,-20.096054077148438,20.413345336914062
3,472502,22.62010383605957,8.523606300354004,12.357693672180176,-59.370994567871094
3,472504,8.154192924499512,2.0348024368286133,36.1498908996582,-16.78597640991211
3,472506,-12.135550498962402,-0.937944233417511,-7.64423942565918,41.044097900390625
3,472508,-8.822525024414062,10.156085968017578,5.868663311004639,1.4698631763458252
3,472510,12.867538452148438,6.061488628387451,-5.056480407714844,-2.1521072387695312
3,472512,-1.3855819702148438,-5.6021575927734375,-39.68421936035156,-10.682177543640137
3,472514,-19.52351188659668,-21.681882858276367,-1.2497550249099731,-13.512951850891113
3,472516,3.109177350997925,19.91158676147461,28.986289978027344,19.97425651550293
3,472518,-2.7753424644470215,31.36485481262207,-9.433685302734375,2.5108516216278076
3,472520,-3.5978589057922363,-12.913081169128418,-16.853605270385742,-4.673546314239502
3,472522,19.154705047607422,-7.931555271148682,30.040138244628906,6.003123760223389
3,472524,-18.048702239990234,-16.224437713623047,11.378556251525879,-8.450773239135742
3,472527,9.414972305297852,1.7720280885696411,9.753181457519531,-7.194879055023193
3,472718,19.686756134033203,43.328956604003906,-2.214384078979492,22.27119255065918
3,472718,-17.47110366821289,-11.469748497009277,-50.15792465209961,25.510393142700195
3,472718,-0.052908364683389664,-36.91105651855469,-1.0923848152160645,-20.629518508911133
3,472719,1.6312389373779297,12.243658065795898,23.84820556640625,-40.05975341796875
3,472719,-2.220989465713501,3.0451083183288574,12.569849014282227,2.836942195892334
3,472719,5.043824672698975,-9.054884910583496,-9.847294807434082,8.63769245147705
3,472719,1.7789509296417236,3.4615256786346436,-22.35794448852539,-0.26103270053863525
3,472719,-3.163907051086426,-3.737610340118408,17.905288696289062,1.0371522903442383
3,472719,1.180861473083496,-3.9844822883605957,-2.838167190551758,-0.836412787437439
3,472720,-6.527508735656738,1.3192108869552612,-32.54825973510742,5.958105087280273
3,472720,-3.584893226623535,-16.33887481689453,9.43867301940918,-2.7350265979766846
3,472720,-1.022398591041565,3.3338515758514404,31.04168128967285,-4.32371711730957
3,472720,-9.76021671295166,16.4713077545166,8.782697677612305,-0.3392624855041504
3,472720,8.381321907043457,-17.419038772583008,-8.976908683776855,2.552823781967163
3,472720,-0.9536765217781067,4.878826141357422,1.9812242984771729,-5.645320892333984
3,472721,-11.312161445617676,16.270671844482422,13.238153457641602,5.239958763122559
3,472721,27.70836067199707,0.07607850432395935,3.2953333854675293,-2.9735660552978516
3,472721,3.389404058456421,7.91351842880249,-4.786977767944336,-6.153095722198486
3,472721,-29.388044357299805,-4.553057670593262,-4.177541255950928,28.11525535583496
3,472721,16.517568588256836,-6.1064229011535645,-11.322068214416504,-5.69437313079834
3,472722,26.741788864135742,8.459380149841309,-9.010129928588867,-19.367887496948242
3,472722,-5.227893829345703,1.236802577972412,6.282596111297607,12.901883125305176
3,472722,-14.238540649414062,-8.720980644226074,10.746692657470703,10.659215927124023
3,472722,6.554274559020996,8.515114784240723,2.778442621231079,-11.332524299621582
3,472722,11.28676700592041,3.960015296936035,-0.4365321397781372,-16.53411865234375
3,472722,-19.037670135498047,-8.807086944580078,8.522934913635254,25.847572326660156
3,472723,-11.794720649719238,0.4226354658603668,-1.5721369981765747,7.846269130706787
3,472723,21.56715202331543,-6.304590702056885,-16.86974334716797,-27.94985580444336
3,472723,-11.135115623474121,6.731482028961182,-22.546823501586914,17.012466430664062
3,472723,-34.84987258911133,7.645444393157959,-2.0514378547668457,-0.2922528088092804
3,472723,20.04949188232422,-9.136216163635254,17.647993087768555,-22.020092010498047
3,472723,26.348684310913086,-6.5307722091674805,-2.2933168411254883,8.16171932220459
3,472724,-14.321148872375488,7.132846355438232,-13.528106689453125,11.786606788635254
3,472724,-6.9689412117004395,-9.59017276763916,19.93137550354004,10.245254516601562
3,472724,9.642721176147461,-20.661144256591797,7.9474945068359375,-2.96962571144104
3,472724,-3.163855791091919,11.907353401184082,-14.193446159362793,-7.778707504272461
3,472724,-15.132938385009766,5.245354175567627,22.86054801940918,14.934332847595215
3,472724,10.842728614807129,3.415421962738037,13.917734146118164,13.958889961242676
3,472725,26.803359985351562,23.626184463500977,-23.217788696289062,-8.515595436096191
3,472725,-18.26322364807129,3.6692121028900146,-1.0926144123077393,8.402968406677246
3,472725,-14.113011360168457,-17.117969512939453,18.541040420532227,5.4150543212890625
3,472725,14.688908576965332,-4.986617088317871,-25.047340393066406,-14.705134391784668
3,472725,-26.23820686340332,3.6839208602905273,-15.159717559814453,-2.0743942260742188
3,472725,0.696018397808075,7.650871276855469,13.546514511108398,-6.89849328994751
3,472726,23.49785804748535,-12.090371131896973,11.620890617370605,-11.061030387878418
3,472726,-4.738182544708252,-19.423160552978516,1.7741217613220215,4.174431324005127
3,472726,8.655271530151367,39.70331954956055,-15.662940979003906,-20.646711349487305
3,472726,12.78521728515625,27.315481185913086,8.947367668151855,-31.66309928894043
3,472726,-4.525055885314941,-31.502912521362305,0.5715075731277466,21.52301597595215
3,472726,-27.366180419921875,-19.931133270263672,0.5580103397369385,20.460540771484375
3,472727,17.8421573638916,-2.3998706340789795,2.500697612762451,-20.155797958374023
3,472727,27.50694465637207,1.352744460105896,-26.845773696899414,-13.383523941040039
3,472727,-32.509220123291016,13.26058292388916,10.154449462890625,28.564165115356445
3,472727,3.413501262664795,7.524439811706543,18.299665451049805,33.30173110961914
3,472727,23.18521499633789,-13.957529067993164,-14.924471855163574,-20.986141204833984
3,472727,-13.119507789611816,-15.157753944396973,-13.080753326416016,-17.285629272460938
3,472728,-10.670648574829102,9.960567474365234,-2.0211517810821533,16.080707550048828
3,472728,-11.296611785888672,21.742454528808594,20.53036880493164,15.847784042358398
3,472728,-1.2248247861862183,-16.299816131591797,6.8081488609313965,19.279504776000977
3,472728,6.514883995056152,-10.093039512634277,-13.109293937683105,-10.760435104370117
3,472728,0.03407233953475952,19.985868453979492,6.699051856994629,-20.305910110473633
3,472728,0.15158802270889282,-14.106938362121582,12.962891578674316,3.894793748855591
3,472729,9.956916809082031,-4.779572486877441,-3.790493965148926,-8.30349063873291
3,472729,2.7424228191375732,26.595808029174805,-18.155311584472656,-1.7488988637924194
3,472729,-27.620468139648438,-4.505229473114014,11.253987312316895,12.530046463012695
3,472729,-12.583645820617676,-14.719339370727539,16.282115936279297,-0.6808108687400818
3,472729,21.51183319091797,4.725318431854248,-23.648075103759766,-20.865232467651367
3,472730,15.455476760864258,-7.390397548675537,-8.83068561553955,-16.717920303344727
3,472730,-6.182472229003906,-3.8097145557403564,8.347416877746582,18.102922439575195
3,472730,-4.876853942871094,3.703369379043579,4.612406253814697,18.11367416381836
3,472730,7.74030065536499,-0.8041026592254639,-3.3604321479797363,-22.637542724609375
3,472730,6.331928730010986,-3.5196797847747803,-18.23455810546875,-8.201784133911133
3,472730,-3.2888453006744385,-2.3023529052734375,3.8062033653259277,24.07107162475586
3,472731,-2.151475191116333,8.894743919372559,11.617127418518066,-8.912540435791016
3,472731,-6.960055351257324,-1.2152267694473267,15.610535621643066,-6.90958309173584
3,472731,1.443036675453186,10.841292381286621,10.926237106323242,5.271862506866455
3,472731,23.633010864257812,24.83147430419922,-19.274248123168945,-6.791814804077148
3,472731,3.096893548965454,-14.547039031982422,-3.135201930999756,-0.7718784809112549
3,472731,-31.87308692932129,-28.222671508789062,3.9060463905334473,0.9152553677558899
3,472732,-27.492704391479492,13.876897811889648,-4.685472011566162,10.473424911499023
3,472732,13.369583129882812,9.780296325683594,20.527368545532227,7.99111795425415
3,472732,19.663171768188477,-13.375439643859863,12.105033874511719,-5.536183834075928
3,472732,9.730132102966309,11.077286720275879,-17.18489646911621,-3.548358678817749
3,472732,6.125807285308838,-4.425999164581299,-17.504182815551758,7.6243510246276855
3,472732,-5.87890625,-20.996137619018555,7.751380443572998,12.121424674987793
3,472733,9.792543411254883,8.23558235168457,9.471960067749023,-3.284045934677124
3,472733,-4.046504974365234,16.20241928100586,-12.871540069580078,-11.555220603942871
3,472733,-21.17482566833496,3.41123104095459,0.4623447060585022,18.47295379638672
3,472733,1.5741519927978516,-22.81339454650879,-3.2467174530029297,20.291902542114258
3,472733,1.6175005435943604,-6.079957962036133,6.358635902404785,-18.104202270507812
3,472733,5.755983352661133,36.09770584106445,20.330238342285156,-13.259586334228516
3,472734,6.6540207862854,-3.490919351577759,-18.566518783569336,-5.450374603271484
3,472734,-13.291830062866211,-20.168739318847656,-12.987685203552246,-1.5510872602462769
3,472734,-16.11936378479004,9.321821212768555,12.477814674377441,10.964463233947754
3,472734,7.482390880584717,-1.3595874309539795,0.230575829744339,-14.011175155639648
3,472734,16.327369689941406,-20.44289779663086,-11.931219100952148,-13.51527214050293
3,472736,-5.190956115722656,-2.737400770187378,-0.717953622341156,-8.030007362365723
3,472736,1.0744699239730835,20.20911407470703,23.056690216064453,-26.034757614135742
3,472736,5.777801036834717,7.110929012298584,3.7073352336883545,17.890501022338867
3,472736,-0.003132901154458523,10.68343448638916,-17.564315795898438,28.470911026000977
3,472736,14.193103790283203,4.962087154388428,4.247285842895508,-22.616710662841797
3,472736,9.35759162902832,-18.31209373474121,13.932976722717285,-4.740616321563721
3,472737,-22.250486373901367,-20.904600143432617,-8.093505859375,20.389020919799805
3,472737,-21.938522338867188,7.468672752380371,-12.722983360290527,4.284106254577637
3,472737,11.705286979675293,25.9843692779541,4.6046061515808105,3.8267621994018555
3,472738,2.0715057849884033,-16.311046600341797,-23.181856155395508,30.443714141845703
3,472740,-4.8683319091796875,-25.288043975830078,-29.10531997680664,50.907958984375
3,472742,-1.467142939567566,1.3961070775985718,32.275272369384766,-12.604905128479004
3,472744,-6.8295578956604,-2.5231120586395264,34.14517593383789,-55.466983795166016
3,472746,16.364904403686523,25.979156494140625,-9.742039680480957,-18.621292114257812
3,472748,0.7213456034660339,19.362977981567383,-6.833521842956543,4.0651469230651855
3,472750,-19.794376373291016,-24.559803009033203,1.918199896812439,16.35562515258789
3,472752,2.035761594772339,-21.166616439819336,-21.00421905517578,-9.602862358093262
3,472754,19.93943214416504,16.064464569091797,7.8145751953125,-9.668088912963867
3,472756,2.109096050262451,8.199494361877441,19.117145538330078,8.781904220581055
3,472758,1.3593699932098389,5.4728922843933105,1.230265736579895,5.436444282531738
3,472760,3.2705016136169434,37.63882064819336,12.195677757263184,2.7003252506256104
3,472762,-23.11026382446289,-42.10421371459961,-22.02950096130371,-8.03607177734375
3,472764,5.486741065979004,-43.9365119934082,-3.3259475231170654,-2.313541889190674
3,472767,29.136817932128906,38.53474426269531,9.658687591552734,-9.670790672302246
3,472768,-11.469182014465332,13.500357627868652,-1.7494105100631714,-13.846391677856445
3,472771,-18.76194190979004,-0.13846446573734283,1.960166335105896,-5.767823219299316
3,472772,10.511042594909668,3.9166040420532227,-9.707594871520996,23.102773666381836
3,472775,-2.3244879245758057,-22.044410705566406,-2.5029282569885254,13.97280502319336
3,472776,-7.1859636306762695,-2.6671619415283203,11.051115989685059,-23.197900772094727
3,472779,21.821823120117188,13.547744750976562,15.065901756286621,5.311777591705322
3,472780,-0.26342931389808655,15.37255573272705,-26.770954132080078,25.93647003173828
3,472781,-21.483888626098633,3.955432176589966,-5.283672332763672,-11.709856033325195
4,472784,9.23000717163086,-43.24049758911133,31.42901039123535,-20.11821937561035
4,472785,-7.91057825088501,-18.297042846679688,-1.347579836845398,33.928863525390625
4,472788,-25.890485763549805,41.24757385253906,-21.865394592285156,22.145837783813477
4,472789,32.95224380493164,25.522689819335938,-5.967404365539551,-21.863590240478516
4,472983,33.1447868347168,-21.853179931640625,2.249028444290161,-23.730562210083008
4,472983,-39.151283264160156,-21.065048217773438,-17.294795989990234,-16.475698471069336
4,472983,-26.405141830444336,10.479411125183105,10.097766876220703,8.269227981567383
4,472983,23.13764762878418,5.791223049163818,19.88516616821289,0.9800585508346558
4,472984,23.680273056030273,-7.56627893447876,2.391179323196411,-14.816004753112793
4,472984,5.017933368682861,12.147207260131836,3.9436967372894287,17.245203018188477
4,472984,-18.93401527404785,9.576160430908203,-3.0394132137298584,26.810707092285156
4,472984,-17.54714012145996,0.9381885528564453,10.467060089111328,-5.390755653381348
4,472984,18.203920364379883,-5.01346492767334,-7.044373989105225,-2.393615961074829
4,473239,11.669323921203613,-1.1957545280456543,-16.24195098876953,18.948408126831055
4,473241,-10.765951156616211,10.93045425415039,-5.107778072357178,-7.733031749725342
4,473244,-18.975051879882812,-28.944974899291992,-20.293275833129883,-24.044057846069336
4,473245,7.987788200378418,-8.441789627075195,17.685253143310547,0.3244768977165222
4,473246,44.57406234741211,53.36002731323242,49.66670227050781,22.38576316833496
4,473249,-22.72526741027832,-12.752931594848633,3.6891543865203857,3.1885805130004883
4,473250,-29.81572914123535,-53.84973907470703,-47.68096160888672,-11.360997200012207
4,473253,22.77393913269043,32.61146545410156,-16.04912757873535,-32.6999397277832
4,473254,-0.5638434290885925,17.79863166809082,10.219062805175781,-31.478351593017578
4,473257,6.454434394836426,-22.15831184387207,12.549803733825684,76.24046325683594
4,474525,3.6217005252838135,12.429998397827148,21.462491989135742,23.744232177734375
4,474525,-34.71030807495117,-16.00864028930664,-15.173333168029785,-62.86190414428711
4,474526,-0.48549214005470276,-7.874251842498779,4.834615707397461,11.640917778015137
4,474526,23.640430450439453,33.29536056518555,14.793490409851074,1.8367863893508911
4,474526,4.420259952545166,4.62713623046875,-20.75566864013672,-23.5266170501709
4,474526,-0.5965334177017212,-15.533352851867676,-0.14060711860656738,28.514080047607422
4,474526,-8.269381523132324,7.076650619506836,8.259480476379395,11.013041496276855
4,474526,7.369212627410889,-8.785744667053223,-11.603925704956055,-20.00552749633789
4,474527,3.1746973991394043,-19.599531173706055,-13.41926383972168,6.326074123382568
4,474527,-9.86214542388916,-0.46066051721572876,8.464156150817871,11.021432876586914
4,474527,4.512593746185303,2.1912620067596436,20.16512107849121,21.51983642578125
4,474527,-2.5060019493103027,9.561813354492188,-0.8025344014167786,8.360960006713867
4,474527,-12.404842376708984,8.901372909545898,7.673739910125732,-17.43317413330078
4,474527,-1.0999583005905151,2.5704214572906494,-5.246342658996582,-10.152092933654785
4,474528,6.278016090393066,-8.711682319641113,-22.510154724121094,0.9346573352813721
4,474528,-12.106607437133789,-6.978634834289551,5.345654010772705,6.258766174316406
4,474529,11.219636917114258,-0.5053274035453796,-18.25953483581543,-61.58040237426758
4,474529,22.002471923828125,1.8727787733078003,-16.531911849975586,-50.71773910522461
4,474530,-29.790830612182617,0.7368929386138916,5.008890151977539,75.27017211914062
4,474532,-12.830510139465332,-6.5407938957214355,-0.5798719525337219,26.36109161376953
4,474535,14.28824520111084,3.3220486640930176,11.302959442138672,-39.71613311767578
4,474536,8.666488647460938,19.893253326416016,13.709712982177734,28.981021881103516
4,474539,3.2771503925323486,1.4956822395324707,0.43848302960395813,42.387325286865234
4,474540,-13.348579406738281,-22.157915115356445,-20.13418197631836,-17.671499252319336
4,474543,11.818594932556152,-12.036384582519531,10.636754989624023,-71.44161987304688
4,474544,6.194747447967529,5.309172630310059,38.566932678222656,-6.659576892852783
4,474545,-7.718047142028809,23.78302764892578,5.018116474151611,61.47026824951172
4,474548,19.013084411621094,13.844897270202637,-17.82770538330078,29.197595596313477
4,474549,3.185722827911377,-5.607307434082031,-23.28668975830078,9.291035652160645
4,474552,-23.490982055664062,-5.647597312927246,-3.4715678691864014,-34.043548583984375
4,474553,0.08541573584079742,-8.0889310836792,34.048831939697266,-37.270904541015625
4,474600,12.265580177307129,-5.967300891876221,-2.053654670715332,8.090418815612793
4,474600,-13.164708137512207,3.5905921459198,-46.3662109375,13.004254341125488
4,474600,0.9567719101905823,-11.535919189453125,1.2074939012527466,8.883853912353516
4,474600,1.2044029235839844,-1.0840938091278076,26.419404983520508,-7.701634883880615
4,474601,0.9114158153533936,19.92031478881836,-1.9639997482299805,-3.431065797805786
4,474601,9.784491539001465,-9.806876182556152,-3.492363691329956,26.132001876831055
4,474601,-13.74425983428955,-2.3978826999664307,5.024791240692139,6.195902347564697
4,474601,-1.34014892578125,-1.5014395713806152,14.21389102935791,-30.959360122680664
4,474601,3.919112205505371,-9.730205535888672,0.35089531540870667,-6.066557884216309
4,474601,0.7185648679733276,15.9413423538208,-17.039777755737305,11.113533973693848
4,474602,4.295417308807373,7.463474273681641,26.59114646911621,-0.7043778300285339
4,474602,-8.212058067321777,3.0864734649658203,24.020397186279297,0.27397456765174866
4,474602,-1.8055096864700317,-3.820094585418701,-39.01973342895508,-6.055039405822754
4,474602,5.752887725830078,-10.030640602111816,-23.403934478759766,0.8886669874191284
4,474602,-5.427305698394775,-8.969475746154785,27.69579315185547,15.439404487609863
4,474603,-11.602776527404785,-4.898917198181152,4.830506801605225,8.399251937866211
4,474603,17.278873443603516,14.27548885345459,-9.82763957977295,-12.46970272064209
4,474603,18.420169830322266,2.514281749725342,4.333964824676514,-1.2456845045089722
4,474603,-23.144641876220703,6.5219011306762695,-5.6560821533203125,9.964699745178223
4,474603,-9.874125480651855,1.5147939920425415,5.149089813232422,-9.314080238342285
4,474603,16.166921615600586,-19.14069366455078,0.32171088457107544,-8.759449005126953
4,474604,8.884403228759766,-0.9140440821647644,-15.569089889526367,-3.968409299850464
4,474604,0.7789618372917175,9.269455909729004,-7.901316165924072,-3.164053440093994
4,474605,-7.504760265350342,14.45909309387207,8.570588111877441,9.436901092529297
4,474605,12.169445991516113,22.190284729003906,6.210062503814697,13.040538787841797
4,474607,1.6583588123321533,-7.284785270690918,-19.634845733642578,5.385700702667236
4,474608,-23.513792037963867,-17.54899787902832,3.9028403759002686,-1.6290795803070068
4,474611,9.122138977050781,6.242222309112549,4.036907196044922,-20.794431686401367
4,474612,12.721600532531738,-1.922954797744751,-27.09320831298828,-16.09406280517578
4,474615,-11.346713066101074,-19.86635971069336,13.106524467468262,21.9173641204834
4,474616,-1.5596052408218384,3.6122491359710693,24.03753662109375,10.144780158996582
4,474619,12.36622428894043,4.254878520965576,-2.4666194915771484,-9.784392356872559
4,474620,-5.981565475463867,-25.35852813720703,0.09946483373641968,-10.478788375854492
4,474621,-12.98676586151123,22.964693069458008,5.974919319152832,-10.597415924072266
4,474624,-6.409176826477051,13.243144989013672,24.107492446899414,41.12791442871094
4,474625,-6.207731246948242,-36.94635772705078,2.231631278991699,16.964256286621094
4,474628,5.4109978675842285,1.573142647743225,-43.15489196777344,-39.54949951171875
4,474629,2.8284571170806885,18.390913009643555,-7.591923236846924,-33.29307556152344
4,474632,4.699947357177734,19.84564971923828,48.227542877197266,20.93024253845215
4,474689,18.584331512451172,0.8103863000869751,6.428043365478516,81.99951934814453
4,474689,-8.458382606506348,-37.07112503051758,-36.006500244140625,-1.4390640258789062
4,474689,-13.596182823181152,15.878649711608887,3.0942282676696777,-62.109100341796875
4,474689,18.71949577331543,29.032711029052734,-5.779562950134277,-6.343723297119141
4,474690,-4.661905288696289,-32.865150451660156,-23.148876190185547,21.40260124206543
4,474690,-19.35588836669922,1.3124583959579468,18.004140853881836,4.798599720001221
4,474690,17.077917098999023,28.50185203552246,4.615986347198486,-11.070096015930176
4,474690,23.403308868408203,-11.138299942016602,-6.678953170776367,-8.896039962768555
4,474690,-15.291949272155762,-15.093559265136719,23.673988342285156,4.5496506690979
4,474690,-13.30523681640625,5.027693748474121,6.637176513671875,-9.021574974060059
4,474691,-2.102343797683716,5.08494234085083,-11.530905723571777,-25.151103973388672
4,474691,-7.709645748138428,-4.72092866897583,-19.52475357055664,6.649961471557617
4,474691,15.049242973327637,-1.1920710802078247,-3.3156065940856934,24.808074951171875
4,474691,11.120115280151367,9.574662208557129,22.60548210144043,2.9741320610046387
4,474691,-11.31665325164795,-1.3662759065628052,5.56520414352417,-21.708139419555664
4,474692,-23.134370803833008,-16.311006546020508,-1.5017809867858887,0.9341696500778198
4,474692,-1.5417492389678955,6.755204677581787,-10.529726028442383,14.540976524353027
4,474692,27.847814559936523,-1.617860198020935,-23.276020050048828,-11.823110580444336
4,474692,-8.972357749938965,-22.444250106811523,-6.704624176025391,-11.682804107666016
4,474692,-24.377674102783203,14.354411125183105,20.626781463623047,3.463383197784424
4,474692,13.565631866455078,7.942702293395996,10.470169067382812,-4.105428695678711
4,474693,11.351554870605469,-12.19510269165039,-7.060751914978027,5.6880202293396
4,474693,0.45470288395881653,18.380081176757812,13.411161422729492,26.00287628173828
4,474693,15.836960792541504,17.552900314331055,-10.047621726989746,-5.086034297943115
4,474693,-5.283294200897217,-8.722332000732422,-23.494234085083008,-16.469560623168945
4,474693,-18.678804397583008,-9.398884773254395,24.629825592041016,9.741214752197266
4,474694,5.496801853179932,-9.631120681762695,20.383676528930664,13.954866409301758
4,474694,10.517233848571777,-7.7023606300354,-22.414899826049805,1.7610183954238892
4,474695,13.901432991027832,22.549922943115234,5.138171672821045,-13.990156173706055
4,474695,-11.801974296569824,22.86326026916504,22.021045684814453,-3.3369224071502686
4,474695,-12.807408332824707,-2.8609366416931152,-17.617395401000977,23.674583435058594
4,474697,5.032810688018799,-19.853832244873047,-26.569189071655273,-12.653797149658203
4,474698,5.396458148956299,-5.378809928894043,23.452314376831055,-34.77310562133789
4,474701,11.266966819763184,9.57475471496582,61.309181213378906,20.823108673095703
4,474702,-22.296415328979492,-9.437775611877441,-29.223865509033203,22.47623062133789
4,474705,-4.591326713562012,-11.299962043762207,-53.78329086303711,-49.045013427734375
4,474706,25.155031204223633,-2.2659761905670166,17.343488693237305,-14.751739501953125
4,474709,-3.449348211288452,20.66329002380371,3.4904627799987793,86.7957763671875
4,474710,-28.637475967407227,-9.508621215820312,-17.329444885253906,24.098697662353516
4,474713,11.368185043334961,-17.737939834594727,4.787737846374512,-71.3072738647461
4,474714,30.588407516479492,35.528533935546875,28.817338943481445,-23.328449249267578
4,474717,-15.80802059173584,5.677271366119385,-10.31593132019043,34.6789665222168
4,474718,-9.043856620788574,-37.2647705078125,-42.48863983154297,17.244821548461914
4,474721,-14.178950309753418,-7.608351230621338,5.976147651672363,1.370691180229187
4,474722,-11.631268501281738,18.070011138916016,35.838287353515625,-11.593807220458984
4,474725,25.4186954498291,18.11469078063965,37.70062255859375,-32.2225456237793
4,474726,-0.6927270889282227,8.705362319946289,-11.70513916015625,-11.158503532409668
4,474727,-27.993968963623047,-30.968481063842773,-47.11216735839844,24.11634635925293
4,474799,8.432465553283691,-15.1490478515625,-6.944584369659424,15.445476531982422
4,474799,26.793807983398438,29.05415153503418,-0.44960781931877136,-8.49252986907959
4,474799,-2.480079174041748,3.0148708820343018,2.6830623149871826,-3.6912736892700195
4,474799,-14.658308982849121,-27.587682723999023,13.650297164916992,5.471669673919678
4,474799,11.97033405303955,0.36548855900764465,7.266643047332764,8.62435245513916
4,474799,8.54897403717041,26.617704391479492,-2.4102413654327393,-7.389262676239014
4,474799,-13.061199188232422,9.168769836425781,-0.21393707394599915,-3.123026132583618
4,474800,13.095771789550781,-16.108470916748047,-6.281739234924316,7.769629001617432
4,474800,14.323851585388184,-20.79107093811035,-22.627197265625,3.629352569580078
4,474800,-24.570940017700195,5.539129734039307,16.72270393371582,1.2302496433258057
4,474800,-7.272538661956787,21.097562789916992,32.28833770751953,-29.11150550842285
4,474800,19.298601150512695,-7.556552410125732,1.288264513015747,-0.26201534271240234
4,474801,-11.997291564941406,-2.494148015975952,-3.4678847789764404,34.70469284057617
4,474801,-0.26558932662010193,11.600015640258789,0.41814878582954407,-13.079450607299805
4,474801,13.742206573486328,-11.6604642868042,-9.381343841552734,-24.02937126159668
4,474801,-16.21196746826172,-3.810154676437378,-19.134197235107422,12.956486701965332
4,474801,1.4800019264221191,12.781798362731934,5.257093906402588,25.404691696166992
4,474801,4.331450462341309,6.906248092651367,19.298614501953125,4.104227542877197
4,474802,-6.994687557220459,-0.7556952238082886,-2.311666965484619,-19.66248893737793
4,474802,12.584563255310059,-5.1700849533081055,-1.906731128692627,9.139071464538574
4,474802,-3.857074499130249,-3.0466983318328857,10.159026145935059,3.32367205619812
4,474802,-5.297266483306885,-1.5053271055221558,-8.530872344970703,-26.622644424438477
4,474802,0.9221107959747314,-18.6280517578125,-23.311941146850586,5.841012001037598
4,474802,-18.48668098449707,4.913344860076904,-1.7541179656982422,3.811663866043091
4,474803,18.705196380615234,15.124507904052734,16.622631072998047,7.335127830505371
4,474803,16.33928108215332,-13.151822090148926,3.990344285964966,26.63452911376953
4,474803,-31.64006233215332,15.339449882507324,-19.00952911376953,-9.938982963562012
4,474803,3.5143394470214844,10.760150909423828,-12.255608558654785,-26.61726188659668
4,474803,18.680343627929688,-20.6295166015625,15.658543586730957,4.834866046905518
4,474803,-15.323058128356934,1.3261115550994873,19.688119888305664,12.007719993591309
4,474804,-4.049531936645508,9.097115516662598,12.136462211608887,10.278826713562012
4,474804,13.487236022949219,-4.24846887588501,-7.295196533203125,11.226689338684082
4,474804,-0.07755214720964432,17.883569717407227,-12.534717559814453,-5.83144474029541
4,474804,2.88612699508667,7.579662322998047,15.70806884765625,-12.713083267211914
4,474804,0.40121063590049744,-30.48280143737793,1.409591555595398,-5.183622360229492
4,474806,4.1114115715026855,-5.769299030303955,-9.194670677185059,18.525936126708984
4,474806,23.791513442993164,15.475664138793945,1.9757975339889526,1.2118483781814575
4,474806,-20.30512809753418,11.953460693359375,-16.718677520751953,-20.900714874267578
4,474806,-17.283645629882812,4.3755717277526855,-8.677536010742188,3.168771266937256
4,474807,11.407864570617676,-23.78833770751953,-24.53535270690918,-35.31558609008789
4,474810,-9.891805648803711,-5.220648765563965,-14.334237098693848,-37.65987014770508
4,474811,10.99657917022705,16.143978118896484,31.566530227661133,39.941593170166016
4,474814,1.8091976642608643,-15.673738479614258,-10.92597770690918,11.681371688842773
4,474815,-27.701908111572266,-16.837427139282227,-21.80428123474121,-29.008821487426758
4,474818,20.330446243286133,25.094703674316406,63.952491760253906,18.771026611328125
4,474819,22.75279426574707,26.84543800354004,57.46906280517578,7.768983840942383
4,474822,-42.329078674316406,-45.91623306274414,-69.76809692382812,-12.1640625
4,474823,-9.977351188659668,-15.299460411071777,-24.827407836914062,25.902854919433594
4,474826,32.99933624267578,53.987823486328125,56.07213592529297,2.45003342628479
4,474827,-6.215034008026123,-11.851187705993652,-15.712305068969727,6.102865219116211
4,474830,-7.562163829803467,-28.544925689697266,-32.50013732910156,21.17361831665039
4,474831,2.434154987335205,16.359222412109375,1.947638750076294,-17.586889266967773
4,474834,-8.499384880065918,13.747882843017578,22.32062339782715,-9.355474472045898
4,474835,15.772857666015625,-13.962044715881348,-3.19704270362854,5.388114929199219
4,474838,0.5869298577308655,-28.932214736938477,-32.242855072021484,-5.95580530166626
4,474920,-13.197623252868652,6.95113468170166,8.924323081970215,-20.604095458984375
4,474920,-0.7449930310249329,23.9901065826416,28.653121948242188,6.171494960784912
4,474920,-3.2553932666778564,-7.873401165008545,2.459019184112549,12.879439353942871
4,474920,18.162492752075195,6.392363548278809,-9.255404472351074,-14.568922996520996
4,474920,11.396618843078613,19.04766845703125,6.328022003173828,13.426732063293457
4,474920,-3.0861968994140625,-14.352411270141602,24.034021377563477,12.922585487365723
4,474921,-1.1580275297164917,-5.844186305999756,1.7666985988616943,-12.398584365844727
4,474921,-1.5110005140304565,-3.5292863845825195,-24.84088134765625,-3.9308111667633057
4,474921,-12.408244132995605,-1.6848493814468384,-14.43742561340332,9.480849266052246
4,474921,-7.340606689453125,33.718414306640625,13.302984237670898,-3.9235196113586426
4,474921,11.86341667175293,1.184898853302002,-2.4244022369384766,-13.196199417114258
4,474921,-0.41611307859420776,-34.040313720703125,-16.269826889038086,11.064245223999023
4,474922,-4.843108177185059,-3.379826784133911,-5.521185398101807,0.7714973092079163
4,474922,1.2062186002731323,15.49744987487793,-2.611217975616455,-10.90766429901123
4,474922,4.176621437072754,-2.8064956665039062,16.37416648864746,4.84194278717041
4,474922,-2.785045862197876,-7.488781452178955,18.544416427612305,6.347970485687256
4,474922,3.8604583740234375,8.568262100219727,-6.309477806091309,0.012500271201133728
4,474922,7.97275972366333,-0.845079779624939,-17.68621063232422,7.351755619049072
4,474923,-12.40245246887207,-4.8643951416015625,22.087703704833984,-0.4578597843647003
4,474923,4.454012393951416,3.92921781539917,0.318166047334671,-3.5145058631896973
4,474923,18.992464065551758,6.261165618896484,-43.03656005859375,1.952663540840149
4,474923,-15.785957336425781,-4.622766017913818,19.0430850982666,-13.771432876586914
4,474923,-12.213456153869629,-11.023116111755371,27.997600555419922,4.5386457443237305
4,474923,12.107994079589844,-13.316009521484375,-27.0933837890625,35.29213333129883
4,474924,-3.2379751205444336,12.947291374206543,9.704306602478027,6.591106414794922
4,474924,-0.031904470175504684,24.06035041809082,28.1883544921875,-37.5626106262207
4,474924,-0.8703556060791016,-23.659608840942383,-42.55379104614258,2.5986530780792236
4,474924,-16.89010238647461,2.40985107421875,-18.28417205810547,21.1174259185791
4,474924,11.600074768066406,17.186002731323242,40.67888641357422,-23.55198097229004
4,474924,15.040290832519531,-11.619284629821777,-2.388892889022827,-3.627828598022461
4,474925,-28.548351287841797,-0.37246817350387573,-14.519078254699707,10.95385456085205
4,474925,2.4519999027252197,1.4254201650619507,15.640929222106934,-22.665842056274414
4,474925,23.8798828125,12.304479598999023,-8.440013885498047,-4.825282096862793
4,474925,-8.718148231506348,-8.828274726867676,-24.615455627441406,15.391805648803711
4,474925,6.077572822570801,-18.405176162719727,2.85862135887146,-8.387591361999512
4,474926,-3.4611873626708984,9.371430397033691,26.15211296081543,2.889572858810425
4,474926,-1.8594799041748047,-5.064335346221924,16.84648323059082,12.477629661560059
4,474926,18.079843521118164,5.821531295776367,-9.228841781616211,-15.538501739501953
4,474926,-12.856386184692383,21.135135650634766,-8.35971450805664,-2.622668504714966
4,474926,-7.733724117279053,4.428061485290527,-3.3019723892211914,10.437272071838379
4,474926,12.079137802124023,-14.72996711730957,-9.20226001739502,-0.16139797866344452
4,474928,-1.3804283142089844,-23.558338165283203,4.451435565948486,11.384554862976074
4,474928,-9.537110328674316,-0.5389239192008972,7.3490424156188965,8.795830726623535
4,474928,7.382513523101807,20.879209518432617,-14.254318237304688,-1.0697932243347168
4,474928,4.719511985778809,16.354167938232422,-1.1099326610565186,3.0480144023895264
4,474929,-29.583284378051758,-14.163675308227539,17.853286743164062,-13.57711124420166
4,474932,3.946356773376465,-1.4785295724868774,-2.739760160446167,6.859818935394287
4,474933,23.498641967773438,13.837870597839355,-20.0247745513916,7.041640758514404
4,474936,-16.622394561767578,-23.68197250366211,-19.06853675842285,-28.634990692138672
4,474937,24.181642532348633,5.16286039352417,15.480045318603516,24.419607162475586
4,474940,0.716549277305603,-5.479403972625732,16.516876220703125,-5.323746204376221
4,474941,-47.626224517822266,-15.371706008911133,18.974924087524414,-29.20185089111328
4,474944,12.329963684082031,32.31583023071289,40.33606719970703,27.667083740234375
4,474945,12.964265823364258,0.5697823166847229,-14.956337928771973,-17.5439510345459
4,474948,-6.627854824066162,-19.33911895751953,-39.20835876464844,-4.002237796783447
4,474950,15.522768020629883,15.030747413635254,-1.6951673030853271,28.9865779876709
4,474952,7.8178791999816895,6.1345601081848145,7.8473310470581055,-14.718236923217773
4,474954,-20.818132400512695,-19.815414428710938,-29.75468635559082,-16.261205673217773
4,474956,-7.781110763549805,9.490736961364746,-13.166933059692383,8.69063663482666
4,474958,7.030885696411133,-0.9555215835571289,26.31655502319336,15.359673500061035
4,474960,8.782647132873535,-15.762393951416016,7.586827754974365,-3.289285182952881
4,474962,14.525677680969238,-4.311193466186523,-1.3185967206954956,-0.060047779232263565
4,474965,-0.578004777431488,5.775627136230469,14.746146202087402,-6.860745429992676
4,475059,-7.563920021057129,12.083123207092285,-13.582901954650879,-16.787525177001953
4,475059,-3.83596134185791,4.551542282104492,-19.665420532226562,13.633406639099121
4,475059,1.569061517715454,3.2379071712493896,25.626813888549805,-2.046100378036499
4,475059,-6.921104431152344,-12.32575511932373,23.612295150756836,-14.724480628967285
4,475059,-3.868075132369995,-9.801767349243164,0.8405254483222961,29.429893493652344
4,475059,4.478190898895264,-0.9956705570220947,-13.048471450805664,18.327579498291016
4,475060,-15.234450340270996,5.010629177093506,-14.177176475524902,-23.798559188842773
4,475060,5.760559558868408,15.572019577026367,-14.26466178894043,-4.0028767585754395
4,475060,28.788421630859375,13.845895767211914,6.630605220794678,18.390796661376953
4,475060,-8.747966766357422,-6.421483039855957,2.031503200531006,5.3935747146606445
4,475060,-7.637564659118652,-4.158782958984375,-4.158693790435791,-8.807516098022461
4,475061,30.16459083557129,10.107254028320312,6.994071960449219,-29.469362258911133
4,475061,-5.0920305252075195,-23.586013793945312,-10.782853126525879,-15.53038215637207
4,475061,-29.571317672729492,-23.452226638793945,3.1271286010742188,34.92947769165039
4,475061,4.6668806076049805,19.288156509399414,23.137353897094727,18.839155197143555
4,475061,8.032598495483398,10.256185531616211,0.9591723084449768,-27.424402236938477
4,475061,0.9014085531234741,-10.5177640914917,-12.659984588623047,-23.599937438964844
4,475062,-3.4218270778656006,14.826700210571289,1.1317533254623413,7.47042989730835
4,475062,-15.075803756713867,3.07420015335083,-9.80307674407959,23.568883895874023
4,475062,-4.106672286987305,-25.62590980529785,2.9042282104492188,9.807235717773438
4,475062,-0.5740271806716919,-0.8756605386734009,18.7479190826416,-0.29204079508781433
4,475062,-10.114224433898926,11.299651145935059,-9.280906677246094,-6.910175323486328
4,475062,5.380105495452881,4.433424949645996,6.771531581878662,-10.566244125366211
4,475063,8.245100975036621,3.777547836303711,6.730614185333252,-1.834465503692627
4,475063,3.1442322731018066,7.3945512771606445,-22.48263168334961,3.143718957901001
4,475063,5.048078536987305,-3.2580602169036865,10.154716491699219,5.1118550300598145
4,475063,6.554939270019531,-0.9579671621322632,11.417296409606934,-0.8347315788269043
4,475063,5.801307201385498,-2.8668649196624756,-21.738622665405273,5.841129302978516
4,475064,-7.52210807800293,-3.7955322265625,-17.661043167114258,3.826056718826294
4,475064,-8.012454986572266,8.486862182617188,2.2747738361358643,-6.521945953369141
4,475064,0.23646162450313568,-5.644629001617432,23.130956649780273,14.198864936828613
4,475064,-7.370339393615723,0.1398332417011261,3.5424602031707764,3.3634774684906006
4,475064,2.0587573051452637,3.847792625427246,-19.04042625427246,-11.566877365112305
4,475064,3.6740903854370117,1.763741374015808,11.469613075256348,2.8188486099243164
4,475065,-0.7498169541358948,-7.302825927734375,16.628509521484375,-10.448053359985352
4,475065,-0.5605137944221497,-7.4732747077941895,-16.748228073120117,-5.680462837219238
4,475065,-3.183340311050415,13.28989315032959,-3.8714334964752197,23.1271915435791
4,475065,24.390853881835938,-2.1840193271636963,16.88588523864746,10.636009216308594
4,475065,-4.964155197143555,-9.765769958496094,-9.128933906555176,-28.298961639404297
4,475065,-6.626241207122803,11.736724853515625,-20.158924102783203,-18.168006896972656
4,475066,31.63367462158203,7.6218767166137695,-2.7435007095336914,17.49820899963379
4,475066,-13.087559700012207,-14.449762344360352,21.510082244873047,4.447094440460205
4,475066,-17.887481689453125,-13.812300682067871,9.803404808044434,-19.84624481201172
4,475066,16.487428665161133,-0.09060323238372803,-25.819507598876953,2.6797401905059814
4,475066,-5.877490997314453,19.307065963745117,12.582646369934082,20.003463745117188
4,475066,-10.250422477722168,13.094305038452148,20.556278228759766,-22.939558029174805
4,475067,-14.85178279876709,-15.859053611755371,-23.407777786254883,-14.677661895751953
4,475068,-14.196854591369629,-14.635160446166992,-19.621131896972656,45.90386199951172
4,475068,30.300582885742188,22.347774505615234,12.55496883392334,9.680413246154785
4,475068,22.593841552734375,28.682342529296875,30.50931739807129,-38.48085021972656
4,475068,-6.935055255889893,-29.127811431884766,2.928687334060669,5.853759765625
4,475068,-11.140116691589355,-5.628235340118408,-5.103531360626221,18.143634796142578
4,475070,-2.3952584266662598,32.90385055541992,22.47328758239746,11.72498607635498
4,475073,-6.034188270568848,-24.724802017211914,-39.62064743041992,4.537391662597656
4,475074,3.4394760131835938,-22.55923843383789,-67.79883575439453,-15.136836051940918
4,475077,17.279706954956055,17.357051849365234,48.46284103393555,15.623255729675293
4,475078,-14.011232376098633,1.7180581092834473,22.913583755493164,-22.182649612426758
4,475081,-12.099259376525879,-32.56548309326172,-25.75973129272461,-25.4810791015625
4,475082,4.555003643035889,-13.714509010314941,36.89499282836914,28.84788703918457
4,475085,-7.205532073974609,23.477563858032227,-2.708773374557495,-19.34975242614746
4,475086,-5.14950704574585,20.125347137451172,-26.211137771606445,-11.460065841674805
4,475089,-5.279223918914795,5.768746852874756,-0.23106829822063446,28.777124404907227
4,475090,-0.9703598618507385,-25.95757484436035,-9.468552589416504,-15.244933128356934
4,475093,11.616015434265137,-12.796774864196777,15.131952285766602,-24.272268295288086
4,475094,15.975045204162598,39.767738342285156,32.28490447998047,34.247196197509766
4,475097,6.545518398284912,13.720637321472168,4.413333415985107,27.227426528930664
4,475098,3.953341007232666,-11.556376457214355,-14.230123519897461,-35.97938537597656
4,475101,-11.591317176818848,-3.8561203479766846,-6.701054573059082,-9.47383975982666
4,475102,-30.150253295898438,-17.074073791503906,-2.999525308609009,14.398457527160645
4,475105,18.642295837402344,10.26972770690918,8.749321937561035,-0.19716772437095642
4,475210,21.11444854736328,9.965253829956055,13.531060218811035,14.286155700683594
4,475210,-3.754972457885742,-10.296911239624023,-27.24711799621582,-2.621870517730713
4,475210,-10.365158081054688,1.9958546161651611,-10.828185081481934,9.868856430053711
4,475210,-11.391005516052246,-9.759340286254883,28.840534210205078,-0.8813756108283997
4,475210,12.20171070098877,-5.758482456207275,-18.273035049438477,-40.83313751220703
4,475210,-9.114084243774414,13.545635223388672,-20.8339786529541,2.979365587234497
4,475211,-10.739883422851562,0.08751288056373596,27.83225440979004,37.001686096191406
4,475211,17.6239013671875,-5.500738620758057,1.3819538354873657,1.618957281112671
4,475211,8.793527603149414,-9.542694091796875,-24.1525821685791,-27.07367515563965
4,475211,-9.923686981201172,-15.3454008102417,-6.86889123916626,6.885188579559326
4,475211,-12.71542739868164,21.903034210205078,9.551399230957031,6.95855188369751
4,475212,7.0363922119140625,18.97271728515625,10.643575668334961,-2.713306427001953
4,475212,10.50394344329834,-13.408679962158203,-5.047765254974365,-1.0675548315048218
4,475212,0.48801755905151367,8.201383590698242,7.198433876037598,-8.666271209716797
4,475212,16.891756057739258,3.370746374130249,17.604698181152344,10.384021759033203
4,475212,-6.931314468383789,-24.473928451538086,-7.201435089111328,-7.578317642211914
4,475212,-15.475907325744629,14.595653533935547,-18.26038932800293,-7.47749137878418
4,475213,5.527416229248047,28.33521842956543,7.501113414764404,7.983926773071289
4,475213,-1.1285773515701294,-18.080238342285156,14.203725814819336,-2.750081777572632
4,475213,3.0344066619873047,-19.58971405029297,-10.383316040039062,2.76488995552063
4,475213,-2.9305732250213623,-1.3367910385131836,-8.304561614990234,2.8425164222717285
4,475213,1.32350492477417,7.938014984130859,-3.5256190299987793,-4.2977190017700195
4,475213,-1.2173423767089844,4.182881832122803,4.2709641456604,13.958136558532715
4,475214,-18.12886619567871,-17.686431884765625,7.52612829208374,6.921379089355469
4,475214,0.21015603840351105,7.776554584503174,-7.4382643699646,-10.898926734924316
4,475214,6.017569065093994,26.568819046020508,-2.3868567943573,-0.8373460173606873
4,475214,6.482340335845947,-6.3379716873168945,-0.6913542747497559,-4.636488437652588
4,475214,12.426499366760254,-12.755746841430664,9.486085891723633,-1.6485486030578613
4,475214,-20.33715057373047,-1.76063072681427,7.828543663024902,1.72689688205719
4,475215,-4.151978492736816,9.461600303649902,-21.72283935546875,-15.049445152282715
4,475215,12.547636032104492,13.242154121398926,-1.7066113948822021,-16.552234649658203
4,475215,-12.024032592773438,-25.354639053344727,14.75662899017334,19.75909996032715
4,475215,9.01934814453125,-11.778401374816895,-6.874566078186035,25.142271041870117
4,475215,12.277507781982422,24.216297149658203,-4.104889392852783,-11.500391960144043
4,475215,-5.039796829223633,-13.185425758361816,-0.3938177227973938,-13.650198936462402
4,475216,-21.43369483947754,-27.81948471069336,16.694448471069336,21.920381546020508
4,475216,7.253732681274414,23.436508178710938,2.919938087463379,10.928723335266113
4,475216,38.74201583862305,28.95973777770996,-25.600414276123047,-29.839460372924805
4,475216,-19.247802734375,-27.694944381713867,11.173295974731445,19.5157470703125
4,475216,-14.362613677978516,-14.44733715057373,18.933860778808594,35.662139892578125
4,475217,23.18124771118164,18.181020736694336,-11.422289848327637,-20.16403579711914
4,475217,-2.578612804412842,8.123603820800781,-13.252819061279297,-15.41145133972168
4,475217,-15.738391876220703,-2.0246896743774414,21.488954544067383,-4.154053211212158
4,475217,-0.026309745386242867,10.584110260009766,15.14879322052002,-6.032248020172119
4,475217,22.1527156829834,14.343473434448242,-19.201282501220703,-3.993748903274536
4,475217,-1.5389845371246338,-20.872814178466797,8.51452350616455,-3.213841676712036
4,475218,-25.415672302246094,-18.826801300048828,13.00525188446045,24.269121170043945
4,475218,-4.822727203369141,18.19886016845703,-11.824920654296875,7.05696439743042
4,475218,13.72959041595459,1.2573225498199463,-8.082413673400879,-32.00969696044922
4,475218,2.7585771083831787,-31.101835250854492,-6.201711654663086,6.762361526489258
4,475218,-18.121522903442383,10.807034492492676,-3.85265851020813,20.8972225189209
4,475218,-13.925402641296387,24.753530502319336,-1.655866265296936,-17.031070709228516
4,475219,16.243696212768555,-21.518272399902344,11.366850852966309,-10.719178199768066
4,475220,22.807985305786133,-9.8025484085083,9.834097862243652,3.623666286468506
4,475220,-19.802356719970703,17.521270751953125,-16.392135620117188,8.046534538269043
4,475220,-8.76987361907959,-3.737593412399292,-4.180402755737305,0.615596354007721
4,475220,14.163905143737793,1.5792903900146484,15.068897247314453,-13.084152221679688
4,475220,-8.833539009094238,7.230759620666504,-16.36614418029785,-11.732950210571289
4,475222,14.529131889343262,6.269059181213379,-5.134095191955566,-13.683137893676758
4,475225,15.01904582977295,8.18625259399414,24.542699813842773,14.768301010131836
4,475226,-9.233601570129395,-17.393898010253906,-9.527243614196777,16.874643325805664
4,475229,2.2833189964294434,9.963178634643555,4.822981834411621,-14.444908142089844
4,475230,-5.148863315582275,9.866991996765137,-8.440306663513184,-0.8498284816741943
4,475233,5.989127159118652,-26.7999210357666,-36.30916976928711,48.80997848510742
4,475234,5.754016876220703,-6.1701579093933105,17.056283950805664,27.430309295654297
4,475235,-23.804731369018555,17.334131240844727,4.4007697105407715,-25.803455352783203
4,475238,-1.7195868492126465,12.013460159301758,-12.667581558227539,-34.723690032958984
4,475239,2.534158945083618,3.235630750656128,22.06788444519043,-18.202577590942383
4,475242,-5.704535007476807,-3.4095234870910645,26.41008758544922,16.578630447387695
4,475243,14.910137176513672,-17.750730514526367,6.088073253631592,4.3287153244018555
4,475246,8.630977630615234,-5.787123680114746,-21.223989486694336,-1.9922678470611572
4,475247,-19.366085052490234,18.32903289794922,-27.14749526977539,-21.551097869873047
4,475250,-18.627696990966797,-4.848433017730713,10.368976593017578,-0.9587326049804688
4,475251,-0.19862113893032074,-28.111547470092773,23.187114715576172,43.189815521240234
4,475254,2.6970937252044678,9.703617095947266,-25.10808563232422,-11.788349151611328
4,475255,25.260211944580078,29.0272216796875,-11.227989196777344,-24.480863571166992
4,475258,14.55551528930664,-14.601930618286133,28.129131317138672,0.4143696129322052
4,475373,-7.775913238525391,-1.3818796873092651,14.786478042602539,45.37164306640625
4,475373,19.118955612182617,35.71891784667969,-0.18041817843914032,47.66997528076172
4,475374,-6.077477931976318,-11.391090393066406,-11.99256420135498,-35.12472915649414
4,475374,-35.17827606201172,-32.630897521972656,-8.022481918334961,-30.860048294067383
4,475374,24.869522094726562,4.110754013061523,2.799229621887207,-3.5636417865753174
4,475374,15.62344741821289,7.568532466888428,9.241742134094238,-7.681811809539795
4,475374,-37.529441833496094,-14.686957359313965,-5.093840599060059,-8.806737899780273
4,475375,13.898383140563965,4.7672295570373535,-26.859521865844727,-20.258060455322266
4,475375,17.65083122253418,7.940812110900879,-4.349466323852539,-16.70164680480957
4,475375,-43.15755844116211,-25.079973220825195,3.206723928451538,18.389591217041016
4,475375,-24.51526641845703,-2.678466796875,-4.069161891937256,27.570878982543945
4,475375,31.088102340698242,23.204919815063477,2.0816540718078613,-7.247440814971924
4,475375,23.042259216308594,8.332274436950684,-4.222530364990234,-2.258268356323242
4,475376,13.928291320800781,-2.99763822555542,7.291736125946045,0.5365152359008789
4,475376,-14.272418975830078,-10.50294303894043,8.209033012390137,-11.009430885314941
4,475376,-83.5937271118164,-15.071379661560059,26.682905197143555,14.212334632873535
4,475376,32.05085754394531,28.485124588012695,19.522167205810547,5.824823379516602
4,475376,101.28804016113281,20.130714416503906,-45.546669006347656,-5.838412284851074
4,475376,-38.43846130371094,-42.78643798828125,-15.954583168029785,-5.025573253631592
4,475377,-61.144256591796875,-9.108450889587402,24.924745559692383,-1.8228237628936768
4,475377,11.63502311706543,14.487687110900879,14.058609008789062,22.973356246948242
4,475377,69.18035125732422,21.212602615356445,1.2483129501342773,-4.970597743988037
4,475377,0.6909507513046265,0.8700593709945679,-20.503931045532227,-14.9837064743042
4,475377,-111.30697631835938,-25.542724609375,2.7873587608337402,6.52313756942749
4,475377,24.719690322875977,17.278228759765625,5.3197197914123535,5.209309101104736
4,475378,93.06484985351562,4.946812152862549,-2.814253807067871,24.98847007751465
4,475378,-28.935470581054688,7.69639778137207,21.476587295532227,3.6426312923431396
4,475378,-14.155536651611328,5.443997859954834,12.205613136291504,-29.360946655273438
4,475378,20.405494689941406,-10.981940269470215,22.069849014282227,9.125005722045898
4,475378,-10.226892471313477,-1.6216620206832886,-2.7915945053100586,17.283533096313477
4,475378,-3.2375118732452393,-15.646895408630371,-43.350120544433594,-17.844356536865234
4,475379,-3.1603589057922363,-15.952373504638672,-7.102524280548096,12.729055404663086
4,475379,-7.292108535766602,17.80358123779297,23.572080612182617,18.82569122314453
4,475379,5.218496799468994,37.66483688354492,4.696493148803711,-40.509002685546875
4,475379,-8.374347686767578,-33.81648254394531,-23.097280502319336,-3.6665310859680176
4,475379,-1.2573442459106445,-28.955472946166992,-10.684861183166504,20.014326095581055
4,475379,8.02265739440918,33.79667282104492,9.287848472595215,-26.945985794067383
4,475380,-17.578649520874023,3.1854522228240967,3.702383518218994,4.284018516540527
4,475380,-7.728333473205566,10.049223899841309,-3.4884231090545654,27.41588592529297
4,475380,27.046789169311523,11.383872032165527,-2.676896810531616,-17.518415451049805
4,475380,14.021184921264648,-28.27743148803711,-8.350312232971191,-21.916757583618164
4,475380,-25.231674194335938,-21.30434226989746,-11.39628791809082,15.707307815551758
4,475380,7.980252742767334,7.156744003295898,2.695453643798828,12.489100456237793
4,475381,10.782909393310547,37.27034378051758,4.739332675933838,-14.561258316040039
4,475381,-8.113059997558594,-13.288932800292969,-4.134018898010254,-10.457929611206055
4,475381,12.047953605651855,-43.711585998535156,-21.669645309448242,-2.658726453781128
4,475381,-44.6096076965332,31.806127548217773,4.622645854949951,2.831045150756836
4,475381,-8.020895004272461,12.549684524536133,51.317588806152344,38.85768127441406
4,475381,82.52024841308594,-26.681318283081055,2.259404420852661,-2.443765878677368
4,475382,-18.629812240600586,2.600370168685913,-27.9609317779541,-89.44584655761719
4,475382,-95.6450424194336,23.55562400817871,-6.65092658996582,13.67811393737793
4,475382,26.131376266479492,-5.036180019378662,-1.146751046180725,110.12257385253906
4,475382,62.748748779296875,-26.260757446289062,23.269062042236328,-6.778480052947998
4,475382,-13.514175415039062,34.92933654785156,28.083032608032227,-41.46396255493164
4,475383,-0.07580661028623581,11.53837776184082,-28.063884735107422,8.79075813293457
4,475383,-2.7614002227783203,-43.00644302368164,-58.12675857543945,-13.232403755187988
4,475383,12.302175521850586,19.79997444152832,27.548019409179688,1.3590210676193237
4,475383,10.435516357421875,15.171506881713867,70.6563949584961,15.724566459655762
4,475384,-51.07516860961914,-34.98098373413086,-34.728946685791016,-27.598270416259766
4,475384,-4.3538384437561035,28.095762252807617,-50.08168029785156,-33.180267333984375
4,475385,24.163061141967773,32.070289611816406,23.119766235351562,10.870220184326172
4,475385,-9.69933032989502,-40.78286361694336,19.18537712097168,7.441164970397949
4,475385,1.1218738555908203,-13.056812286376953,-10.473437309265137,-3.251800537109375
4,475386,4.4487504959106445,29.994354248046875,3.14792537689209,30.524261474609375
4,475388,10.062907218933105,-7.56807804107666,2.021313428878784,8.564011573791504
4,475390,3.25290584564209,-22.007585525512695,-11.815421104431152,-34.707454681396484
4,475392,-3.164809465408325,18.89255714416504,21.776042938232422,9.524299621582031
4,475394,11.4065580368042,18.50812339782715,3.081916570663452,36.303985595703125
4,475396,-9.979350090026855,-19.156530380249023,-31.17584991455078,-20.421003341674805
4,475398,4.725616455078125,-15.102645874023438,9.081063270568848,3.978630781173706
4,475400,9.013280868530273,-4.569858551025391,30.710708618164062,33.236080169677734
4,475402,-12.465545654296875,-11.656783103942871,3.0626890659332275,-30.591426849365234
4,475404,6.799795150756836,23.249893188476562,-13.281450271606445,-19.268407821655273
4,475514,-9.67406177520752,21.265899658203125,-22.963539123535156,10.419885635375977
4,475514,-22.18128204345703,-21.180204391479492,-17.905750274658203,-17.342453002929688
4,475515,10.438372611999512,-9.937677383422852,13.66964054107666,1.5659517049789429
4,475515,12.10112190246582,7.006581783294678,10.973862648010254,32.31298828125
4,475515,-11.948270797729492,16.572301864624023,-2.8039591312408447,5.502135276794434
4,475515,8.259750366210938,7.184367656707764,8.52797794342041,-14.443431854248047
4,475515,22.81342124938965,-24.426523208618164,-6.731968879699707,-1.116029977798462
4,475516,-20.229528427124023,-1.361526608467102,-21.199312210083008,-5.942651748657227
4,475516,-18.17389488220215,17.81719207763672,3.483548164367676,-1.7153719663619995
4,475516,19.293968200683594,-12.497847557067871,33.85324478149414,2.4086685180664062
4,475516,13.982136726379395,6.895382881164551,8.05013656616211,-26.012283325195312
4,475516,-5.854856967926025,11.419060707092285,-14.884662628173828,5.1373291015625
4,475516,-23.605331420898438,-18.384788513183594,-7.3558268547058105,29.290178298950195
4,475517,5.1352620124816895,-6.047412872314453,-2.6578071117401123,-15.778322219848633
4,475517,32.7408332824707,4.741580963134766,15.71381950378418,1.6212375164031982
4,475517,-11.897250175476074,3.2942187786102295,11.586338996887207,16.229093551635742
4,475517,-12.974925994873047,-1.156056523323059,-11.342179298400879,-4.714998245239258
4,475517,14.523260116577148,3.083463430404663,-20.76348876953125,-8.344688415527344
4,475517,-13.406728744506836,16.791906356811523,4.979335784912109,-15.754058837890625
4,475518,-8.228557586669922,-3.11907958984375,0.725892961025238,6.360870361328125
4,475518,-4.516636848449707,-27.991445541381836,-9.7064790725708,16.924121856689453
4,475518,-10.940701484680176,-4.8368353843688965,25.518871307373047,2.44502854347229
4,475518,17.96322250366211,14.184666633605957,9.014019966125488,-12.483948707580566
4,475518,13.653525352478027,14.040692329406738,-16.67157745361328,-23.318269729614258
4,475518,-5.459297180175781,3.7896478176116943,-17.168991088867188,-1.6420341730117798
4,475519,-15.922625541687012,-15.941835403442383,-7.436573505401611,30.408769607543945
4,475519,0.14921051263809204,-7.661800861358643,21.4360294342041,9.420612335205078
4,475519,1.0548385381698608,-1.5013459920883179,5.091897964477539,-25.81726837158203
4,475519,-13.877079963684082,-0.8441154360771179,-18.78809928894043,1.6858088970184326
4,475519,16.561798095703125,-5.810825824737549,-0.26319125294685364,20.287233352661133
4,475519,10.516682624816895,0.6249176263809204,18.567312240600586,8.628989219665527
4,475520,-10.140924453735352,29.05095100402832,12.595683097839355,-8.962544441223145
4,475520,8.932222366333008,-6.849952697753906,-7.705653667449951,-25.19998550415039
4,475520,9.403428077697754,-19.61622428894043,-8.01183795928955,-0.738173246383667
4,475520,-23.800996780395508,15.71232795715332,3.9845383167266846,20.779027938842773
4,475520,-6.2923736572265625,0.7936004996299744,3.5574960708618164,-0.8141867518424988
4,475520,37.57920837402344,-6.731670379638672,4.782981872558594,-11.408954620361328
4,475521,-10.67811107635498,6.912808895111084,-7.552680015563965,12.603941917419434
4,475521,-14.702532768249512,6.814594745635986,-16.86014747619629,-2.2263312339782715
4,475521,15.193589210510254,-4.154526233673096,7.818747520446777,-1.637259840965271
4,475521,-3.296109914779663,-12.614792823791504,15.883199691772461,3.514057159423828
4,475521,6.319015979766846,-0.2861374616622925,2.973066806793213,-22.730669021606445
4,475521,9.162315368652344,21.07316780090332,3.3617780208587646,7.817273139953613
4,475522,1.6227502822875977,3.994985580444336,-9.735159873962402,20.487709045410156
4,475522,-27.78785514831543,-25.078542709350586,-9.746167182922363,6.1702070236206055
4,475522,-6.24568510055542,0.8507684469223022,13.686320304870605,-9.232683181762695
4,475522,26.881895065307617,11.106527328491211,-1.6346884965896606,-10.623591423034668
4,475522,-23.41967010498047,-8.960702896118164,-23.651275634765625,14.136822700500488
4,475522,-0.2716655433177948,13.15030288696289,1.631588101387024,-17.51677894592285
4,475523,23.6085262298584,3.229775905609131,12.806233406066895,-14.936192512512207
4,475523,-22.416316986083984,-22.244043350219727,-18.893131256103516,30.890117645263672
4,475523,-4.640915870666504,0.17688116431236267,-3.6304118633270264,3.265751361846924
4,475523,5.854094505310059,-0.8012703061103821,14.648853302001953,-18.35812759399414
4,475523,-8.022359848022461,4.597189903259277,-6.763835430145264,7.271291732788086
4,475523,4.686609268188477,14.811707496643066,4.801169395446777,15.96622085571289
4,475525,20.24196434020996,-2.4926350116729736,1.0925744771957397,8.0656099319458
4,475525,17.52869987487793,4.109677791595459,-11.078470230102539,-9.139137268066406
4,475525,-18.107810974121094,-17.05605697631836,-1.329235553741455,-24.483041763305664
4,475525,-10.030518531799316,-18.30388069152832,0.46975111961364746,9.520108222961426
4,475526,16.73255157470703,35.97636413574219,8.43072509765625,12.171236038208008
4,475527,-11.437209129333496,25.125255584716797,15.478938102722168,-21.433467864990234
4,475528,-18.663841247558594,-15.818848609924316,10.2918119430542,56.61197280883789
4,475529,9.130165100097656,-16.4794864654541,-0.8214349746704102,50.464942932128906
4,475532,-17.150699615478516,-21.82864761352539,-20.391307830810547,-99.69102478027344
4,475534,-3.092139959335327,1.396152138710022,-12.80618667602539,-58.83622360229492
4,475536,47.921966552734375,24.18809700012207,24.280437469482422,55.86362075805664
4,475538,11.930455207824707,-6.6871795654296875,18.01435661315918,10.15580940246582
4,475540,-26.272502899169922,-4.0997700691223145,-19.51161766052246,-23.75049591064453
4,475542,-25.717023849487305,-6.965952396392822,-4.937811851501465,-5.8077216148376465
4,475544,-9.350726127624512,-8.035314559936523,13.041520118713379,-10.168919563293457
4,475546,6.387319564819336,15.014691352844238,-10.674384117126465,9.529688835144043
4,475548,15.637168884277344,8.426007270812988,-13.326560974121094,14.334230422973633
4,475550,21.125715255737305,2.83815598487854,-7.280190944671631,2.6085715293884277
4,475552,17.662979125976562,1.3165422677993774,12.007969856262207,5.445131301879883
4,475554,-8.102319717407227,2.551030397415161,-7.182750701904297,0.47327959537506104
4,475556,-36.078182220458984,-5.961155891418457,-20.164011001586914,13.65646743774414
4,475558,-22.72152328491211,-9.274365425109863,18.780744552612305,10.099267959594727
4,475560,19.20684242248535,-0.10071893781423569,16.445472717285156,-11.981766700744629
4,475562,20.735445022583008,-3.5129120349884033,27.07752227783203,-13.20989990234375
4,475564,17.87114143371582,10.840556144714355,8.168498039245605,-0.2655474543571472
4,475566,20.141643524169922,-6.007166862487793,-47.25003433227539,28.07558250427246
4,475687,-28.04796600341797,8.060914993286133,-2.5048635005950928,11.464667320251465
4,475687,-24.188447952270508,23.759845733642578,44.39895248413086,-22.90679359436035
4,475688,16.623313903808594,-18.976301193237305,6.21223258972168,-19.211212158203125
4,475688,-5.021749019622803,-9.048240661621094,-19.855762481689453,-15.118538856506348
4,475688,-22.643115997314453,3.3948562145233154,-19.764297485351562,14.61279296875
4,475688,-8.640597343444824,3.2615997791290283,1.278024435043335,29.416229248046875
4,475688,9.067161560058594,3.0604493618011475,3.585576057434082,-1.8290045261383057
4,475688,24.243366241455078,-16.252817153930664,-17.877002716064453,-23.53594970703125
4,475689,-0.34773576259613037,-16.494855880737305,-5.554573059082031,-25.27749252319336
4,475689,-22.259113311767578,11.440305709838867,10.360918045043945,7.951558589935303
4,475689,-1.8305790424346924,5.673313617706299,4.6797966957092285,23.62220573425293
4,475689,14.154367446899414,-14.887413024902344,-7.246204853057861,-11.601218223571777
4,475689,15.213431358337402,4.725015163421631,5.335336208343506,-12.936942100524902
4,475690,-0.22728639841079712,5.991322040557861,4.533034324645996,5.427091121673584
4,475690,-27.615665435791016,0.5948119163513184,-14.95962142944336,15.023599624633789
4,475690,3.2685365676879883,13.576017379760742,5.498621940612793,12.643223762512207
4,475690,27.235671997070312,4.299967288970947,13.432677268981934,-8.632599830627441
4,475690,-16.611753463745117,-1.8524906635284424,-4.55692720413208,11.634142875671387
4,475690,-8.41181755065918,6.521242618560791,-3.4416587352752686,12.153217315673828
4,475690,29.995433807373047,-12.134191513061523,1.5018986463546753,-15.467740058898926
4,475691,-9.606687545776367,-2.921088218688965,9.772735595703125,-14.86864948272705
4,475691,-16.243268966674805,24.19835090637207,-5.174441337585449,-0.7167591452598572
4,475691,19.876239776611328,-12.319046974182129,-7.536957263946533,5.50624942779541
4,475691,-6.129425048828125,-22.652036666870117,9.077083587646484,-13.719935417175293
4,475691,-17.757732391357422,1.2674915790557861,-0.38592588901519775,4.541873931884766
4,475692,4.167107582092285,6.825649738311768,5.909191608428955,27.117111206054688
4,475692,18.145343780517578,15.461291313171387,0.4525650441646576,-12.193464279174805
4,475692,-0.148359477519989,-1.5019100904464722,-10.858983993530273,-16.502788543701172
4,475692,-14.288634300231934,-10.385279655456543,7.315713405609131,-2.146275520324707
4,475692,-8.092181205749512,-8.14633846282959,-8.667987823486328,-6.247160911560059
4,475692,-12.853572845458984,-14.134625434875488,-15.797652244567871,20.790246963500977
4,475693,16.324045181274414,7.4270243644714355,8.171540260314941,11.006409645080566
4,475693,19.469707489013672,11.796660423278809,7.785463809967041,-11.662227630615234
4,475693,-29.51348876953125,3.288419485092163,10.518187522888184,8.449129104614258
4,475693,-1.148661494255066,-1.1229559183120728,-0.8626589775085449,1.6658884286880493
4,475693,22.22496795654297,0.5921241641044617,-13.485568046569824,-16.59560775756836
4,475693,-24.448240280151367,14.34886646270752,18.685649871826172,9.096029281616211
4,475694,14.7020263671875,-5.138792037963867,16.9762020111084,23.312271118164062
4,475694,43.01230239868164,-13.099320411682129,-30.156492233276367,-7.558974742889404
4,475694,-28.691015243530273,13.418496131896973,7.456303119659424,-27.735475540161133
4,475694,-29.04079818725586,4.289153575897217,14.523411750793457,-12.050479888916016
4,475694,17.38428497314453,-25.278827667236328,-35.20487594604492,12.31911849975586
4,475694,14.658679008483887,-5.173858165740967,12.058947563171387,15.033585548400879
4,475695,1.6030887365341187,24.948060989379883,14.676566123962402,-10.030013084411621
4,475695,-10.525045394897461,2.1373558044433594,-23.267118453979492,-17.45760726928711
4,475695,-3.0743560791015625,-9.849502563476562,7.730072021484375,18.542322158813477
4,475695,12.890335083007812,-1.2134569883346558,4.652675151824951,16.490386962890625
4,475695,-2.580029249191284,-8.777002334594727,-11.720993995666504,-18.892501831054688
4,475695,-22.72481346130371,5.5506439208984375,2.8624651432037354,-12.254899978637695
4,475696,-0.327496737241745,2.9193623065948486,1.2034047842025757,-5.427083492279053
4,475696,19.420692443847656,-10.953378677368164,-9.712956428527832,9.127169609069824
4,475696,-6.154203414916992,6.416345596313477,11.499136924743652,19.508075714111328
4,475696,-12.617785453796387,-3.4048149585723877,17.36104965209961,-11.988571166992188
4,475696,3.3370633125305176,-10.182618141174316,-17.873903274536133,-10.540340423583984
4,475696,-0.9323442578315735,9.129571914672852,5.575063228607178,19.48480796813965
4,475697,-3.5103044509887695,23.55219268798828,24.23591423034668,12.765421867370605
4,475697,13.28758430480957,8.245879173278809,-2.039578437805176,-15.547600746154785
4,475697,24.51482391357422,-25.603708267211914,-0.8428980112075806,-27.675743103027344
4,475697,-18.759672164916992,2.3727097511291504,-24.124149322509766,-5.162095069885254
4,475697,-16.275421142578125,18.107942581176758,-21.10239601135254,22.548797607421875
4,475697,26.50299835205078,-4.327624320983887,35.05917739868164,25.495738983154297
4,475699,-6.136380195617676,-7.21475076675415,18.876283645629883,2.285031318664551
4,475699,-2.080657958984375,-17.000247955322266,-15.41334056854248,-17.439043045043945
4,475699,4.15464448928833,-6.34766960144043,-8.711130142211914,-5.9904046058654785
4,475699,-14.20600700378418,3.4657185077667236,-10.866689682006836,-4.275182723999023
4,475700,1.393441915512085,9.562230110168457,-14.381601333618164,-4.49381685256958
4,475701,-1.1636399030685425,6.4988813400268555,0.2982431948184967,25.341386795043945
4,475702,-1.768005609512329,-15.603959083557129,24.935997009277344,26.979616165161133
4,475703,1.500327706336975,-1.095525860786438,29.260961532592773,-26.15826416015625
4,475706,5.851036548614502,18.36043930053711,-15.265734672546387,-22.07383155822754
4,475707,-7.040205955505371,9.448200225830078,-34.198368072509766,20.51122283935547
4,475710,-1.8601969480514526,7.915287494659424,0.8986103534698486,-5.037718296051025
4,475712,10.944868087768555,-0.9711024761199951,3.5637097358703613,-10.331933975219727
4,475714,-7.3170247077941895,-13.404719352722168,3.902611017227173,10.312280654907227
4,475716,0.702424943447113,-1.5215762853622437,-0.9216528534889221,-21.28497886657715
4,475718,-4.095393180847168,-10.519063949584961,-5.080569267272949,-2.317610025405884
4,475720,-2.684159755706787,-1.7390555143356323,17.438982009887695,40.306427001953125
4,475722,9.0623197555542,7.97637414932251,7.100707530975342,-15.791552543640137
4,475724,7.8339948654174805,-6.1573286056518555,-4.332435607910156,-39.026039123535156
4,475726,14.590133666992188,15.812079429626465,26.554943084716797,35.493289947509766
4,475728,-18.844066619873047,9.865434646606445,5.596979141235352,19.893321990966797
4,475730,-38.80131530761719,-24.304977416992188,-66.19852447509766,-45.839412689208984
4,475732,16.364809036254883,-9.88542366027832,-14.944276809692383,-10.702037811279297
4,475734,40.292537689208984,30.74801254272461,43.809303283691406,35.6916389465332
4,475736,2.220991849899292,12.03960132598877,5.736846923828125,15.383837699890137
4,475738,-30.144512176513672,-32.90642547607422,-4.910620212554932,-34.44972229003906
4,475740,11.985491752624512,-13.196390151977539,-6.862842082977295,13.543427467346191
4,475872,22.107620239257812,8.088232040405273,-26.434494018554688,34.82963562011719
4,475872,-40.2812614440918,13.702473640441895,5.028565406799316,-27.598926544189453
4,475872,-0.14423325657844543,3.6644742488861084,34.753047943115234,-3.666825294494629
4,475872,33.76042938232422,-12.956232070922852,-1.4034870862960815,0.2747155427932739
4,475872,-12.730733871459961,-2.6258816719055176,-1.6040064096450806,-13.407992362976074
4,475873,-11.702960014343262,-5.055649757385254,2.529165029525757,-2.9546985626220703
4,475873,7.098255634307861,7.127774238586426,3.501958131790161,6.7203216552734375
4,475873,-9.459012031555176,21.661333084106445,8.845173835754395,20.159717559814453
4,475873,2.8992865085601807,6.003006935119629,-12.574989318847656,-9.757686614990234
4,475873,-3.235661745071411,-7.277082443237305,-10.62071704864502,-17.320709228515625
4,475874,-25.472959518432617,-11.019573211669922,-11.78862190246582,8.799091339111328
4,475874,7.729776859283447,-12.634980201721191,-6.306565761566162,5.369599342346191
4,475874,18.049823760986328,-2.5971717834472656,8.457733154296875,-4.421347141265869
4,475874,3.613797187805176,11.608233451843262,3.7776341438293457,1.6204675436019897
4,475874,-5.786090850830078,5.5553693771362305,3.6069459915161133,9.348928451538086
4,475874,6.2515034675598145,-1.913684606552124,7.461882591247559,2.3638105392456055
4,475875,25.393436431884766,14.897309303283691,6.914912700653076,-10.286431312561035
4,475875,-3.8334732055664062,4.078759670257568,0.6513527035713196,0.5143941640853882
4,475875,-6.5685133934021,-20.055891036987305,-8.860883712768555,0.23378179967403412
4,475875,8.022459983825684,-3.1326406002044678,1.303961157798767,-8.492437362670898
4,475875,-7.836857795715332,-1.8673367500305176,11.313213348388672,-7.645012855529785
4,475875,-11.070882797241211,-13.309813499450684,1.9692792892456055,-7.160829067230225
4,475876,-9.342130661010742,8.219451904296875,-2.012554883956909,7.442108154296875
4,475876,3.9491140842437744,11.387558937072754,-9.820977210998535,12.677702903747559
4,475876,3.465574264526367,-17.824995040893555,-11.429145812988281,4.503100395202637
4,475876,-17.91246795654297,-11.559383392333984,7.496127128601074,1.7178996801376343
4,475876,-11.84880542755127,7.828012943267822,0.06919347494840622,7.9363579750061035
4,475876,16.626283645629883,-1.750832200050354,-4.510539531707764,5.5655436515808105
4,475877,7.1650776863098145,3.146794319152832,-8.040318489074707,-1.6601861715316772
4,475877,1.1159238815307617,13.126226425170898,-5.482161998748779,7.1912102699279785
4,475877,22.46050262451172,-0.9609091877937317,5.020448684692383,4.599917888641357
4,475877,-3.5274603366851807,4.521280765533447,-18.264310836791992,-13.15433120727539
4,475877,-17.27405548095703,17.934534072875977,1.6370919942855835,-4.401391506195068
4,475877,11.533135414123535,-17.003618240356445,26.135833740234375,22.59493064880371
4,475878,0.775130569934845,-14.908590316772461,14.575698852539062,3.2211878299713135
4,475878,-15.978339195251465,18.461162567138672,-13.966930389404297,-11.531684875488281
4,475878,-12.19023609161377,-14.39306354522705,-14.715949058532715,-1.0395891666412354
4,475878,-11.816153526306152,-11.564449310302734,32.624359130859375,-11.9008207321167
4,475878,19.24281883239746,30.736679077148438,12.084321022033691,4.283891201019287
4,475878,7.259366035461426,14.87509536743164,-24.82975196838379,4.157406806945801
4,475879,-13.066534042358398,-32.44957733154297,-11.335609436035156,-9.101495742797852
4,475879,-4.068912506103516,-9.334919929504395,6.113536834716797,11.026800155639648
4,475879,-3.16996693611145,32.842227935791016,2.3173420429229736,0.7008877992630005
4,475879,23.247291564941406,-11.338058471679688,-10.521824836730957,-21.15857696533203
4,475879,17.812721252441406,-8.489540100097656,4.110045909881592,-9.566642761230469
4,475880,-0.8263287544250488,13.198099136352539,5.094306945800781,-11.998950958251953
4,475880,-7.4522833824157715,-21.576452255249023,-11.187934875488281,-11.2775297164917
4,475880,-18.818931579589844,-9.788524627685547,2.9536235332489014,5.345303535461426
4,475880,-3.6551525592803955,4.997859001159668,9.510659217834473,-3.676193952560425
4,475880,28.217729568481445,-2.512080669403076,0.5419187545776367,-13.71465015411377
4,475880,3.214952230453491,11.934062957763672,0.4590645432472229,3.599979877471924
4,475880,-29.357141494750977,15.83277416229248,-2.8327765464782715,12.566110610961914
4,475881,11.180604934692383,-1.6279034614562988,4.912931442260742,0.40082016587257385
4,475881,19.110992431640625,2.1319174766540527,11.290254592895508,22.065671920776367
4,475881,-23.291770935058594,2.2522571086883545,-0.03948160260915756,11.838119506835938
4,475881,6.611996173858643,-11.645963668823242,11.418234825134277,-0.1970463991165161
4,475881,36.00715255737305,22.118947982788086,4.10331392288208,4.4572858810424805
4,475881,-6.756255626678467,9.945062637329102,-26.683347702026367,-5.011993885040283
4,475882,-13.333390235900879,-21.421934127807617,-3.2969188690185547,7.161994934082031
4,475882,2.746901750564575,-4.3979926109313965,22.46015739440918,-6.921106815338135
4,475882,-11.058647155761719,2.46543288230896,-2.0132596492767334,-0.504370927810669
4,475882,-26.458282470703125,17.81264877319336,-9.330928802490234,2.4396579265594482
4,475882,7.688516616821289,-23.231218338012695,-2.060488700866699,-16.29339027404785
4,475883,27.471467971801758,-20.925233840942383,-14.667646408081055,5.051434516906738
4,475883,-20.261436462402344,17.435720443725586,-7.402078628540039,6.73196268081665
4,475883,-8.024703979492188,15.289438247680664,7.807741165161133,-20.505207061767578
4,475884,15.743743896484375,3.7889976501464844,13.52038860321045,12.72183895111084
4,475884,-12.208645820617676,-30.556869506835938,-3.048732042312622,24.802579879760742
4,475884,-11.13869857788086,6.540580749511719,-22.515670776367188,-6.116888046264648
4,475885,-2.2574737071990967,20.14588165283203,4.949792385101318,15.513072967529297
4,475885,12.630428314208984,-16.713197708129883,15.344701766967773,-7.238661766052246
4,475885,20.8265380859375,-4.44191312789917,-16.064130783081055,-29.34441566467285
4,475886,-7.0395026206970215,4.169534683227539,-12.07237434387207,14.888348579406738
4,475888,-16.925432205200195,-2.593005895614624,9.381599426269531,17.51983642578125
4,475890,3.5967395305633545,10.489385604858398,13.54736042022705,-28.89138412475586
4,475892,5.5062947273254395,-4.6679158210754395,-5.2150421142578125,-11.78122615814209
4,475894,-14.472428321838379,-12.730973243713379,-22.41828155517578,29.060583114624023
4,475896,-12.96885871887207,16.73542022705078,9.045926094055176,2.279064893722534
4,475898,24.537464141845703,-2.202796220779419,36.18513870239258,-15.941997528076172
4,475900,24.502193450927734,-14.52680492401123,0.7828601002693176,-31.652318954467773
4,475902,-26.718080520629883,4.999627590179443,-3.5417251586914062,-2.4693682193756104
4,475904,-18.062965393066406,-4.14705228805542,17.24691390991211,39.30878448486328
4,475906,20.808847427368164,7.772225856781006,-8.719322204589844,1.3644006252288818
4,475908,15.848237991333008,26.53173065185547,-22.967491149902344,-6.771434307098389
4,475910,-7.807469844818115,-13.776981353759766,-7.53549337387085,8.97273063659668
4,475912,6.574928283691406,-12.511553764343262,19.350446701049805,-10.857029914855957
4,475914,4.324215888977051,14.420075416564941,-13.023598670959473,5.55361270904541
4,475916,-17.62884521484375,-8.929524421691895,-29.21959686279297,16.410032272338867
4,475918,7.6851091384887695,-1.2681078910827637,15.721280097961426,-25.578025817871094
4,475920,9.799623489379883,-2.185603618621826,15.771235466003418,-17.912813186645508
4,475922,-15.547370910644531,-25.687257766723633,13.147786140441895,35.115657806396484
4,475924,-26.950536727905273,13.144356727600098,6.54126501083374,7.559778213500977
4,475926,8.315274238586426,49.62128829956055,-12.799553871154785,-15.1165771484375
4,475928,42.68296432495117,-0.06528417021036148,-4.299088954925537,17.2044677734375
4,476069,-11.834948539733887,-45.62818145751953,-19.170841217041016,-9.473989486694336
4,476069,-38.60725021362305,-13.309209823608398,1.470618724822998,-11.411778450012207
4,476070,15.92265796661377,26.30982208251953,27.881114959716797,13.453177452087402
4,476070,8.961627006530762,-1.4187920093536377,-6.977976322174072,-10.382957458496094
4,476070,-6.399760723114014,-15.845584869384766,-8.62877082824707,-19.70624542236328
4,476070,10.39913272857666,8.112845420837402,-23.702890396118164,18.129638671875
4,476070,-1.216836929321289,5.086402416229248,-16.628173828125,15.013245582580566
4,476070,-10.732464790344238,-19.66931915283203,18.85811424255371,-9.705647468566895
4,476071,2.4848737716674805,3.0382750034332275,21.713258743286133,3.864039659500122
4,476071,6.310989856719971,34.75697708129883,10.852802276611328,1.853597640991211
4,476071,-5.508453845977783,-16.18610191345215,-9.797484397888184,-23.909801483154297
4,476071,1.0232504606246948,-28.322715759277344,-9.99528980255127,-12.169422149658203
4,476071,-1.3907290697097778,17.48916244506836,2.712684154510498,16.6376895904541
4,476071,-1.8710668087005615,27.874279022216797,30.42548370361328,6.562080383300781
4,476072,16.417240142822266,9.506226539611816,7.102795124053955,12.304179191589355
4,476072,9.183127403259277,-7.5969109535217285,-29.905414581298828,4.789993762969971
4,476072,-13.876848220825195,-21.473840713500977,0.11653938889503479,-8.201702117919922
4,476072,-11.78433895111084,-11.671248435974121,24.66912841796875,-3.4778387546539307
4,476072,9.219525337219238,30.764209747314453,4.229241371154785,-15.733260154724121
4,476072,28.186477661132812,5.449398040771484,-22.741573333740234,4.188211917877197
4,476073,-8.733469009399414,-29.261484146118164,-1.2833646535873413,19.18586540222168
4,476073,-30.396377563476562,8.950430870056152,12.769449234008789,-14.602001190185547
4,476073,17.859098434448242,15.125899314880371,2.2373805046081543,-8.078760147094727
4,476073,17.204364776611328,-2.3191680908203125,5.0796661376953125,20.949247360229492
4,476073,-5.2752838134765625,-4.003787517547607,-11.206656455993652,-6.468273162841797
4,476074,-7.347930431365967,6.2801690101623535,-17.376863479614258,-21.68410873413086
4,476074,-11.085585594177246,-13.85102653503418,-5.684731960296631,8.478011131286621
4,476074,-8.044620513916016,-18.835308074951172,2.6254913806915283,11.766349792480469
4,476074,0.7815859913825989,11.05053997039795,1.6376744508743286,-5.860935211181641
4,476074,3.0211334228515625,0.8889065980911255,-17.195756912231445,-4.377337455749512
4,476074,-9.414998054504395,-11.258316993713379,-3.9357197284698486,0.30824223160743713
4,476075,-3.146127700805664,-9.109871864318848,23.71389389038086,-0.5489841103553772
4,476075,18.144502639770508,13.439251899719238,4.795344352722168,1.680299997329712
4,476075,-1.2699443101882935,16.535600662231445,-23.084535598754883,7.679413795471191
4,476075,-17.438190460205078,-16.664182662963867,5.14651346206665,15.813369750976562
4,476075,3.447418212890625,7.532539367675781,32.207611083984375,4.333767890930176
4,476075,14.862305641174316,19.77374839782715,-3.817674160003662,-22.59632110595703
4,476076,21.17665672302246,-22.777156829833984,-13.746213912963867,1.9349825382232666
4,476076,-0.7830971479415894,8.122573852539062,-0.6395302414894104,23.504257202148438
4,476076,-23.72715187072754,14.893123626708984,3.1137969493865967,-22.135866165161133
4,476076,-8.665131568908691,-23.13571548461914,17.19578742980957,-18.227842330932617
4,476076,3.0298686027526855,4.552204608917236,-8.606328010559082,21.272798538208008
4,476076,5.809416770935059,16.16499900817871,-18.830904006958008,-4.277004241943359
4,476077,4.041240215301514,-17.02106285095215,14.14667797088623,-14.049447059631348
4,476077,-6.870068550109863,-10.593205451965332,6.52601957321167,14.21761703491211
4,476077,-5.62826681137085,21.43107795715332,-17.655988693237305,17.671789169311523
4,476077,4.046981334686279,-5.749855041503906,8.22213077545166,-10.837081909179688
4,476077,11.034305572509766,-21.871131896972656,5.800910949707031,-23.63361930847168
4,476077,-8.296099662780762,19.858020782470703,-14.318013191223145,5.5508623123168945
4,476078,-28.216176986694336,3.969228744506836,17.51820182800293,20.44280433654785
4,476078,11.910728454589844,-21.33378791809082,11.699491500854492,-0.29702088236808777
4,476078,31.589872360229492,-1.7424733638763428,-14.89830493927002,-17.541534423828125
4,476078,-8.236310005187988,3.490638494491577,7.527898788452148,-1.2867372035980225
4,476078,-14.4052095413208,8.10572338104248,17.637710571289062,0.5819966793060303
4,476078,13.663407325744629,-3.990858554840088,-17.676448822021484,-13.073287963867188
4,476079,-10.814241409301758,8.077131271362305,-17.16319465637207,18.205034255981445
4,476079,-8.517034530639648,23.349653244018555,11.282393455505371,16.67583465576172
4,476079,28.90403938293457,-13.104170799255371,-0.1918555647134781,-18.08736801147461
4,476079,-7.832021713256836,-18.686973571777344,-19.643823623657227,3.6238832473754883
4,476079,-13.63122272491455,6.921909332275391,7.94273042678833,16.298341751098633
4,476079,26.603347778320312,24.521581649780273,25.72507095336914,-7.817530155181885
4,476080,8.38302993774414,-1.9506218433380127,-15.392722129821777,-18.590530395507812
4,476080,-16.434215545654297,-26.007307052612305,-24.447988510131836,4.983124256134033
4,476080,1.3946552276611328,-0.6434085369110107,8.99600601196289,17.703760147094727
4,476080,-0.5685233473777771,12.206989288330078,-5.1859636306762695,-8.256305694580078
4,476080,-19.9124698638916,3.0497710704803467,-10.0823392868042,-23.475086212158203
4,476081,-0.39683282375335693,-20.469186782836914,13.289449691772461,4.75156831741333
4,476081,5.024974822998047,3.3401947021484375,-4.427424907684326,23.976926803588867
4,476081,-11.702784538269043,23.304706573486328,11.771456718444824,-12.442842483520508
4,476081,-1.5879497528076172,-15.322516441345215,15.837127685546875,-10.295248031616211
4,476081,11.367620468139648,-7.364731788635254,-9.914348602294922,13.481582641601562
4,476083,7.170373439788818,0.2895711064338684,-6.617678642272949,2.4357197284698486
4,476083,-5.032854080200195,-8.424714088439941,6.91302490234375,-2.5070016384124756
4,476083,-0.08728571236133575,23.597335815429688,10.88806438446045,-2.4208579063415527
4,476083,14.923528671264648,10.286070823669434,-2.3688106536865234,-1.8126299381256104
4,476083,10.85550308227539,-13.849519729614258,-3.397819995880127,4.399452209472656
4,476083,-7.707543849945068,12.176088333129883,3.0468859672546387,7.192893981933594
4,476085,-5.9561238288879395,-8.45192813873291,5.534890651702881,5.532341480255127
4,476086,14.293168067932129,-13.592207908630371,-38.39308547973633,7.4056196212768555
4,476087,-8.573859214782715,12.680815696716309,-24.209571838378906,-0.7966334223747253
4,476090,-25.29649543762207,-2.4023993015289307,36.74617004394531,-4.079658508300781
4,476091,6.37799596786499,8.387685775756836,13.25394344329834,-5.6751933097839355
4,476094,12.130553245544434,13.548314094543457,-23.129411697387695,-9.622416496276855
4,476095,2.5089805126190186,-3.8618743419647217,-7.8087592124938965,5.536501407623291
4,476098,-23.822818756103516,-14.953609466552734,10.763117790222168,-9.395734786987305
4,476099,-20.980573654174805,-25.335832595825195,19.778533935546875,-14.59390926361084
4,476102,25.084396362304688,-3.706726312637329,17.378185272216797,15.087026596069336
4,476103,8.5614652633667,8.62901782989502,-16.941303253173828,3.6186363697052
4,476106,-7.147583961486816,15.076505661010742,-5.445451259613037,-17.03447723388672
4,476107,5.051519393920898,6.040853023529053,5.871789455413818,-8.600830078125
4,476110,4.719601631164551,-16.048864364624023,-1.1242130994796753,36.53823471069336
4,476111,18.608657836914062,6.5814666748046875,4.731398582458496,40.25236511230469
4,476114,-15.77418041229248,-6.956277370452881,1.5296986103057861,-6.448358535766602
4,476115,-18.506717681884766,7.278919696807861,-4.184564590454102,-27.762556076049805
4,476118,18.92609214782715,17.688058853149414,-16.754905700683594,-47.073707580566406
4,476119,6.818759918212891,-10.752045631408691,19.360347747802734,-4.908215045928955
4,476122,-1.605269432067871,-12.945730209350586,18.62415885925293,47.73035430908203
4,476123,-10.553467750549316,1.557323932647705,-14.138357162475586,11.836749076843262
4,476126,-1.0749704837799072,22.787609100341797,1.6721855401992798,-33.7545166015625
4,476127,8.127197265625,-18.867189407348633,-19.444660186767578,-26.117881774902344
4,476279,-8.839213371276855,-10.378591537475586,-0.8985458612442017,-2.5501270294189453
4,476279,-5.482102870941162,12.61935043334961,13.19825267791748,9.866740226745605
4,476279,6.941023826599121,-9.540895462036133,-15.785658836364746,33.622398376464844
4,476280,-11.577016830444336,-1.8670105934143066,13.268655776977539,15.59676742553711
4,476280,5.807265281677246,12.964142799377441,7.656562328338623,-18.70709800720215
4,476280,12.825167655944824,-3.888395071029663,-19.2260684967041,2.037893772125244
4,476280,-11.469666481018066,-12.114559173583984,6.203097343444824,25.968082427978516
4,476280,19.058998107910156,21.818214416503906,6.835785865783691,-1.8507012128829956
4,476281,13.144121170043945,5.100770473480225,-7.104691982269287,-9.722883224487305
4,476281,-22.065690994262695,-15.379331588745117,-1.8391218185424805,9.981734275817871
4,476281,-5.982956409454346,10.826604843139648,0.9673925638198853,-19.829730987548828
4,476281,5.240559101104736,6.767378330230713,2.19645357131958,-27.014249801635742
4,476281,-6.684922218322754,-9.923142433166504,-9.413070678710938,12.30184268951416
4,476281,9.842378616333008,15.41613483428955,7.2285051345825195,6.180623531341553
4,476282,12.532637596130371,2.813143014907837,3.7518727779388428,-21.78579330444336
4,476282,-12.117094993591309,-28.32887840270996,-7.0794453620910645,-7.270298480987549
4,476282,-11.953761100769043,-8.031315803527832,7.915849685668945,8.77688217163086
4,476282,-9.912823677062988,7.889425754547119,-5.2431135177612305,6.736667633056641
4,476282,2.21999454498291,18.622173309326172,6.565186023712158,8.782493591308594
4,476282,15.101336479187012,-6.182652950286865,14.36958122253418,13.373929023742676
4,476283,1.9490492343902588,-7.006873607635498,4.127018451690674,-5.318031311035156
4,476283,-9.271842956542969,-0.7606109380722046,-2.821068286895752,-7.7452263832092285
4,476283,-5.061598300933838,-10.339491844177246,-9.321383476257324,31.286235809326172
4,476283,3.606274366378784,12.255940437316895,-0.6094616055488586,6.408982753753662
4,476283,7.268789768218994,-7.050939083099365,-11.519892692565918,-28.636734008789062
4,476283,20.53428077697754,10.581443786621094,-13.222780227661133,8.150424003601074
4,476284,-4.251343727111816,21.93438148498535,-3.8280975818634033,6.082490921020508
4,476284,-22.71181869506836,-18.78257942199707,11.82512378692627,-12.539104461669922
4,476284,9.81524658203125,-8.75826358795166,4.463720321655273,0.6975629925727844
4,476284,-7.448032379150391,-7.3132548332214355,-25.767005920410156,7.601110935211182
4,476284,-11.113436698913574,1.8573251962661743,8.667043685913086,-17.188814163208008
4,476284,21.980941772460938,9.175821304321289,16.902307510375977,-19.90042495727539
4,476285,-10.537190437316895,-11.002201080322266,0.5478235483169556,16.451730728149414
4,476285,-17.5203800201416,-1.9297860860824585,-0.18927225470542908,12.132314682006836
4,476285,16.231569290161133,3.5210182666778564,-11.766351699829102,1.9777439832687378
4,476285,3.991755723953247,20.42538070678711,20.768512725830078,-21.152021408081055
4,476285,-8.503629684448242,5.220749855041504,6.118752956390381,-14.1351957321167
4,476285,-4.3811211585998535,-32.893592834472656,-24.494359970092773,22.62060546875
4,476286,3.033853054046631,-18.684965133666992,3.9959020614624023,-0.6198183298110962
4,476286,14.762285232543945,33.864097595214844,15.690397262573242,-10.054033279418945
4,476286,2.776181697845459,30.853984832763672,-2.981248617172241,-4.274890422821045
4,476286,-12.699971199035645,-31.600751876831055,-24.954362869262695,-5.0989274978637695
4,476286,-13.8306245803833,-27.344717025756836,2.9594967365264893,12.969422340393066
4,476286,-8.193881034851074,18.871997833251953,18.3310546875,10.275083541870117
4,476287,24.25269317626953,24.368011474609375,-13.249080657958984,-1.5057504177093506
4,476287,8.339645385742188,-5.0847487449646,-1.6119736433029175,8.932663917541504
4,476287,-9.354570388793945,-1.2621653079986572,29.315288543701172,-1.0312049388885498
4,476287,16.734508514404297,-4.141498565673828,1.0359135866165161,-19.961877822875977
4,476287,-0.9574402570724487,-10.29505729675293,-9.763413429260254,11.346295356750488
4,476287,-1.3875612020492554,21.955106735229492,14.540390014648438,19.30651092529297
4,476288,7.454540252685547,9.360776901245117,-0.6336606740951538,-7.244064807891846
4,476288,-6.597140312194824,-16.53352165222168,-3.521092176437378,-14.725508689880371
4,476288,-1.1631252765655518,-0.5356020927429199,1.0018744468688965,5.868847370147705
4,476288,1.1396424770355225,-3.3360323905944824,-5.789674282073975,19.765111923217773
4,476288,3.6140964031219482,0.1679314821958542,3.03542423248291,-22.087936401367188
4,476289,-5.815986633300781,1.8142729997634888,-5.657389163970947,-9.63590145111084
4,476289,-22.91893768310547,-16.216527938842773,-26.756145477294922,18.707143783569336
4,476289,7.805131912231445,5.498140335083008,-8.387524604797363,-8.812833786010742
4,476289,6.645634174346924,0.7843760848045349,20.157577514648438,-6.787856578826904
4,476289,-24.312074661254883,-9.488790512084961,10.431697845458984,-1.1132457256317139
4,476289,8.240907669067383,17.257198333740234,-6.598818778991699,5.489645004272461
4,476290,25.998462677001953,-6.899530410766602,-24.050825119018555,4.331825256347656
4,476290,-8.365106582641602,-35.72404861450195,-7.413714408874512,10.153462409973145
4,476290,-5.327023506164551,13.176895141601562,31.86956787109375,3.0784130096435547
4,476290,11.218829154968262,37.057884216308594,-2.590959072113037,-28.885520935058594
4,476290,-8.59522533416748,-7.880411148071289,-22.99044418334961,9.30843734741211
4,476290,-18.49454689025879,-26.969663619995117,10.712177276611328,28.82750129699707
4,476291,7.474851131439209,6.249704837799072,11.18358325958252,-22.69130516052246
4,476291,18.23195457458496,20.208559036254883,3.272845983505249,-18.172359466552734
4,476291,-13.23527717590332,-5.156189918518066,1.690749168395996,14.245623588562012
4,476291,2.8158915042877197,2.905611038208008,1.632820725440979,-18.831409454345703
4,476291,8.516158103942871,19.660194396972656,-9.14943790435791,-11.606546401977539
4,476291,-20.864974975585938,-16.275917053222656,-12.227740287780762,30.022188186645508
4,476292,3.053765058517456,-19.397483825683594,24.646596908569336,5.036363124847412
4,476292,10.794633865356445,19.842605590820312,9.625908851623535,-19.220458984375
4,476293,8.920663833618164,8.993136405944824,-7.348985195159912,37.53886795043945
4,476293,14.424531936645508,-12.496868133544922,9.365588188171387,47.182899475097656
4,476293,-16.711959838867188,-12.474397659301758,-4.533636093139648,-14.655686378479004
4,476294,-11.917170524597168,9.5540189743042,-4.080499649047852,-10.850154876708984
4,476294,12.655121803283691,2.352482318878174,-14.582825660705566,-10.600646018981934
4,476294,6.453579425811768,-4.888910293579102,-6.682775020599365,-13.949602127075195
4,476294,11.042377471923828,10.863032341003418,20.5933837890625,-2.930237054824829
4,476295,-3.7777795791625977,-5.756958484649658,7.027620315551758,-8.860199928283691
4,476295,-24.13662338256836,6.069716930389404,-5.824875354766846,5.638544082641602
4,476298,1.7142595052719116,-21.527297973632812,-3.288004159927368,7.417083263397217
4,476300,12.083487510681152,-34.45409393310547,-9.767087936401367,-19.518753051757812
4,476302,-13.562361717224121,40.86763000488281,3.938737630844116,-25.637359619140625
4,476304,11.166960716247559,37.50339889526367,15.60484504699707,4.622674465179443
4,476306,6.7561564445495605,-26.34018898010254,-2.13612961769104,45.21429443359375
4,476308,-28.41739273071289,-22.213424682617188,-7.749598979949951,3.917203664779663
4,476310,-15.716459274291992,-13.188578605651855,-32.9942626953125,-66.48519134521484
4,476312,10.784172058105469,-2.6085751056671143,-1.1740285158157349,-3.342292547225952
4,476314,47.96636199951172,61.154109954833984,62.418636322021484,58.49378967285156
4,476316,1.6698977947235107,17.65196418762207,-4.939786434173584,0.6081266403198242
4,476318,-47.38468933105469,-75.70098876953125,-50.60588836669922,-16.36751937866211
4,476320,-2.736936092376709,-5.934619426727295,3.077035903930664,2.2189810276031494
4,476322,23.10075569152832,61.92063903808594,41.34051513671875,-13.227150917053223
4,476324,9.508320808410645,19.203290939331055,9.643060684204102,-2.1859278678894043
4,476327,-12.540708541870117,-24.297439575195312,-30.55815315246582,2.8989689350128174
4,476328,-17.393144607543945,-27.17578887939453,-8.51089859008789,7.730381011962891
4,476331,15.35716438293457,-4.808644771575928,-6.352777004241943,16.40686798095703
4,476332,10.849523544311523,-0.30727437138557434,9.676548957824707,3.882627248764038
4,476335,-16.451318740844727,9.427509307861328,18.828161239624023,17.253341674804688
4,476336,-4.134006023406982,6.996520519256592,-26.494258880615234,11.666587829589844
4,476339,18.830963134765625,-11.664667129516602,-1.7381494045257568,-56.12833786010742
4,476340,16.19904136657715,4.045958995819092,37.155094146728516,-30.607744216918945
4,476341,-27.132648468017578,-1.329100489616394,-6.182473182678223,28.098934173583984
4,476504,-20.211275100708008,-13.321852684020996,-23.615711212158203,0.05492729693651199
4,476504,24.922645568847656,25.60796546936035,3.357473611831665,0.8398297429084778
4,476504,17.123342514038086,4.10967493057251,10.004343032836914,2.7293081283569336
4,476505,-13.889177322387695,-14.635688781738281,6.218567371368408,-7.571116924285889
4,476505,-4.836207389831543,18.550369262695312,-2.5822553634643555,-2.0500190258026123
4,476505,2.779917001724243,-4.025880813598633,2.4792098999023438,9.279298782348633
4,476505,-5.441308975219727,-11.057880401611328,3.773843288421631,19.217554092407227
4,476505,10.033891677856445,4.818598747253418,-23.551555633544922,0.02862289547920227
4,476505,-6.129324436187744,4.824359893798828,-24.046981811523438,-0.011177698150277138
4,476506,-13.328279495239258,-1.9701308012008667,2.0225062370300293,12.528255462646484
4,476506,13.089231491088867,-20.729890823364258,10.174712181091309,-2.5278990268707275
4,476506,19.264636993408203,-2.5818493366241455,12.34577751159668,-15.93311882019043
4,476506,-3.9743669033050537,19.290464401245117,-0.7581729888916016,9.082572937011719
4,476506,-21.82248878479004,-3.0361719131469727,2.235579013824463,20.928264617919922
4,476506,-15.071142196655273,-6.204557418823242,16.468597412109375,-1.6215332746505737
4,476507,2.3126418590545654,3.4306201934814453,-11.883546829223633,-11.919930458068848
4,476507,23.014184951782227,3.0163936614990234,-11.033329963684082,-24.52200698852539
4,476507,10.700098037719727,-15.438546180725098,-2.7190120220184326,-10.689934730529785
4,476507,-24.20785903930664,-0.19632014632225037,-6.161701679229736,18.24403953552246
4,476507,-1.5496041774749756,37.204627990722656,11.963935852050781,10.666533470153809
4,476508,18.93478012084961,-15.490036964416504,0.7856463193893433,-15.016212463378906
4,476508,-2.731362819671631,-23.589061737060547,-17.787216186523438,-13.012782096862793
4,476508,11.57799243927002,15.9308500289917,8.5820894241333,8.246809959411621
4,476508,-0.06944073736667633,2.1006438732147217,25.937114715576172,-4.184145450592041
4,476508,-22.211162567138672,-4.687333583831787,-16.057430267333984,-2.082066297531128
4,476508,9.922195434570312,5.328579902648926,-12.673548698425293,6.142788410186768
4,476509,10.709027290344238,-0.4085284173488617,31.067602157592773,-13.60103988647461
4,476509,-4.505392074584961,-7.721755027770996,9.534768104553223,0.5541989207267761
4,476509,12.24813175201416,5.565067291259766,-14.157917022705078,17.410114288330078
4,476509,-14.588440895080566,-8.976634979248047,-11.371015548706055,-7.458040237426758
4,476509,-23.005645751953125,-14.84632682800293,-7.325066089630127,-7.209280490875244
4,476509,3.374135732650757,19.133241653442383,30.771604537963867,22.603906631469727
4,476510,3.034513235092163,4.297636985778809,17.647165298461914,11.772345542907715
4,476510,1.9992969036102295,-17.011281967163086,-30.786569595336914,-14.185531616210938
4,476510,-8.179984092712402,4.06502628326416,-10.683544158935547,-8.168723106384277
4,476510,5.976230144500732,11.847180366516113,9.49937629699707,4.794181823730469
4,476510,9.74960994720459,14.890953063964844,-2.0160036087036133,-5.422738075256348
4,476510,-8.270101547241211,-5.926514148712158,-11.86999225616455,-13.709233283996582
4,476511,0.3403190076351166,-15.056039810180664,-5.880512714385986,9.646376609802246
4,476511,6.411893844604492,9.237150192260742,2.359266757965088,15.852408409118652
4,476511,11.687639236450195,1.078477382659912,-7.1137800216674805,-1.4378679990768433
4,476511,-7.767693996429443,-15.593801498413086,-3.102578639984131,5.085216045379639
4,476511,-17.213401794433594,17.908855438232422,13.196593284606934,-1.7445282936096191
4,476511,12.554795265197754,13.162799835205078,4.598504543304443,-17.8951358795166
4,476512,-5.234445095062256,-19.16315269470215,-12.496196746826172,13.21772575378418
4,476512,-2.2959680557250977,-6.175483226776123,5.214620113372803,32.56890869140625
4,476512,19.96579933166504,13.949430465698242,12.30556583404541,-9.110268592834473
4,476512,-10.082569122314453,21.203624725341797,4.235561370849609,-14.697587966918945
4,476512,22.68692970275879,-14.029216766357422,8.474020004272461,0.8677864074707031
4,476512,16.416751861572266,-21.642393112182617,4.448822021484375,-1.6131134033203125
4,476513,-33.186397552490234,25.33755874633789,16.881183624267578,-0.7139710783958435
4,476513,14.369281768798828,24.8347110748291,-0.6361622214317322,-13.959944725036621
4,476513,16.969968795776367,-24.1018123626709,-12.626051902770996,1.8880391120910645
4,476513,-15.236268997192383,-27.956207275390625,8.351892471313477,17.45087242126465
4,476513,6.274640083312988,28.03976821899414,-5.203376293182373,-5.403579235076904
4,476513,1.291694164276123,14.227006912231445,-3.765662670135498,-17.07110595703125
4,476514,-30.557872772216797,-49.53363800048828,0.6243793964385986,11.20173168182373
4,476514,-24.19605827331543,-9.734820365905762,-13.08178997039795,21.01022720336914
4,476514,11.524511337280273,24.6583309173584,-14.436841011047363,-37.148128509521484
4,476514,5.279919624328613,9.204461097717285,-17.333833694458008,-25.036653518676758
4,476514,-19.188037872314453,-6.3303446769714355,-3.3638222217559814,26.081331253051758
4,476514,14.921146392822266,-18.761722564697266,6.94616174697876,7.975815773010254
4,476515,1.3367271423339844,5.022886276245117,-2.554893970489502,5.359401226043701
4,476515,-26.46977424621582,-1.323798418045044,0.27413085103034973,-6.124446392059326
4,476515,27.758544921875,-12.200777053833008,-0.18455125391483307,-8.760769844055176
4,476515,12.657313346862793,13.20307731628418,-1.4261771440505981,0.1648656576871872
4,476515,-23.810550689697266,9.232206344604492,9.055808067321777,6.294247627258301
4,476515,5.195042133331299,-11.402724266052246,3.6150381565093994,20.21782684326172
4,476516,1.694408655166626,-8.12436580657959,5.646491527557373,-5.759149074554443
4,476516,8.905465126037598,14.296695709228516,12.812692642211914,-20.869918823242188
4,476516,20.020301818847656,24.045785903930664,-21.45387077331543,8.006257057189941
4,476516,-17.022705078125,-0.4793394207954407,-0.4852091073989868,26.74652862548828
4,476516,-13.116085052490234,-23.402769088745117,38.28828430175781,-4.5017523765563965
4,476516,21.64329719543457,-5.671455383300781,-14.031230926513672,-27.219528198242188
4,476517,14.403231620788574,27.094369888305664,-19.720613479614258,-3.8053784370422363
4,476517,-13.969586372375488,7.33402156829834,16.51287078857422,20.264122009277344
4,476517,-12.120856285095215,-21.173707962036133,3.385806083679199,0.26864495873451233
4,476517,-3.6941983699798584,-3.2123968601226807,7.779660701751709,-11.689688682556152
4,476517,-0.261370986700058,11.487462043762207,21.830184936523438,3.73714017868042
4,476517,18.224491119384766,-3.300110340118408,-7.55514669418335,-6.667762756347656
4,476518,-10.296357154846191,-14.387555122375488,-28.506807327270508,-4.470727920532227
4,476519,-28.92253303527832,-6.343688488006592,-3.459908962249756,0.15268556773662567
4,476519,18.667003631591797,-10.171194076538086,1.8062115907669067,6.900184154510498
4,476519,27.494234085083008,18.976987838745117,2.9293200969696045,13.301527976989746
4,476519,-12.329726219177246,23.578916549682617,20.31429672241211,-11.141892433166504
4,476520,-5.607448101043701,-25.603879928588867,-16.548290252685547,-15.033269882202148
4,476520,11.594341278076172,0.5437073707580566,-11.764298439025879,10.904613494873047
4,476520,-10.809990882873535,21.94343376159668,23.487060546875,16.883249282836914
4,476521,2.4765233993530273,-13.515877723693848,-20.80215072631836,6.426573276519775
4,476521,18.137245178222656,-9.903630256652832,-18.530927658081055,-0.7833967208862305
4,476524,-8.531706809997559,12.310399055480957,14.911502838134766,-20.389577865600586
4,476525,-6.985252857208252,13.50151252746582,-8.030072212219238,-9.833592414855957
4,476528,-4.036273002624512,-7.698267459869385,-18.117603302001953,38.04291534423828
4,476529,-11.926339149475098,-7.913140296936035,12.634056091308594,19.210948944091797
4,476532,18.00820541381836,12.181744575500488,9.37531566619873,-43.45390319824219
4,476533,9.384848594665527,4.980287551879883,-8.654536247253418,-21.1208553314209
4,476536,-19.4997615814209,-3.2234861850738525,5.955286026000977,23.29140281677246
4,476537,7.009094715118408,-7.9709248542785645,2.4045817852020264,-1.1255906820297241
4,476540,-4.565237522125244,-19.324501037597656,5.087543964385986,-31.081825256347656
4,476541,-17.931272506713867,-13.23819637298584,8.961983680725098,-11.98990249633789
4,476544,31.81968116760254,21.936613082885742,9.229110717773438,29.381105422973633
4,476545,10.759474754333496,28.17360496520996,10.73968505859375,22.285722732543945
4,476548,-34.59748840332031,1.4640580415725708,-19.595422744750977,0.8153890371322632
4,476549,3.5788211822509766,-21.92746925354004,-25.206912994384766,3.4105050563812256
4,476552,11.283699035644531,-9.924384117126465,10.632487297058105,-14.252433776855469
4,476553,-12.438512802124023,8.215715408325195,-6.757424831390381,-5.546995639801025
4,476556,12.24014663696289,-7.985231399536133,-6.792530059814453,6.860589504241943
4,476557,0.23084019124507904,2.49809193611145,30.53925323486328,15.983447074890137
4,476560,-12.381921768188477,7.045752048492432,4.978005886077881,0.7244133353233337
4,476562,13.755218505859375,-9.412273406982422,-11.806342124938965,-38.04553985595703
4,476564,11.577363967895508,24.601346969604492,12.189682960510254,-1.914291262626648
4,476566,-14.410993576049805,12.534527778625488,2.890397548675537,32.702667236328125
4,476568,-5.3202385902404785,-37.449745178222656,-21.09037208557129,15.247698783874512
4,476738,2.237082004547119,-25.824556350708008,-6.3356428146362305,-22.73345375061035
4,476738,-15.237833976745605,7.640096187591553,20.75566291809082,-16.72281837463379
4,476738,18.550403594970703,22.170188903808594,12.6659517288208,1.1882901191711426
4,476739,-0.2772841453552246,5.320764064788818,-29.536752700805664,23.573307037353516
4,476739,-21.644548416137695,6.831681251525879,-2.463061809539795,11.487760543823242
4,476739,21.922975540161133,4.736820697784424,9.73373794555664,-24.25425148010254
4,476739,20.6175537109375,-16.60252571105957,-18.999326705932617,4.275969505310059
4,476739,-16.03404998779297,-13.478171348571777,17.671428680419922,3.7182183265686035
4,476740,-11.452584266662598,14.054555892944336,17.334491729736328,0.6272963881492615
4,476740,13.975520133972168,18.59889793395996,-0.6286637187004089,-8.108846664428711
4,476740,-2.1498637199401855,-13.67209243774414,-1.1350743770599365,-19.160524368286133
4,476740,-0.09663499146699905,-17.842790603637695,-3.640085458755493,15.063817024230957
4,476740,-5.040059566497803,3.5231337547302246,9.780945777893066,18.76395034790039
4,476740,-14.027213096618652,7.1718878746032715,-5.910759449005127,-7.480014801025391
4,476741,10.694072723388672,13.669837951660156,-14.146507263183594,-12.71019172668457
4,476741,11.501492500305176,4.936222076416016,-2.6360697746276855,7.898861885070801
4,476741,-18.276264190673828,-11.429241180419922,9.931151390075684,16.774450302124023
4,476741,-16.455232620239258,-4.849151611328125,-2.0842912197113037,-11.220995903015137
4,476741,21.378450393676758,-3.2638447284698486,-26.881711959838867,-16.372406005859375
4,476741,-2.1503162384033203,4.031737327575684,8.169726371765137,4.058997631072998
4,476742,2.157674551010132,7.132297039031982,23.46527099609375,9.148334503173828
4,476742,29.477142333984375,6.206894397735596,-8.309358596801758,-8.719321250915527
4,476742,-21.90168571472168,-15.665909767150879,-20.161020278930664,-4.106363296508789
4,476742,-22.38013458251953,-9.126666069030762,15.216531753540039,10.747308731079102
4,476742,22.279359817504883,31.692352294921875,15.569281578063965,-9.496274948120117
4,476742,0.8614249229431152,-6.0767364501953125,-27.673568725585938,3.184314489364624
4,476743,-16.204471588134766,-25.706634521484375,-4.589690208435059,16.976472854614258
4,476743,4.496370315551758,12.534400939941406,31.695837020874023,6.370527267456055
4,476743,0.6788201332092285,13.678159713745117,10.316994667053223,-10.250829696655273
4,476743,12.604482650756836,-9.571545600891113,-14.467081069946289,-17.809995651245117
4,476743,12.434240341186523,-2.5425822734832764,-10.739080429077148,2.0668156147003174
4,476743,-15.169356346130371,-6.286828994750977,-7.671391487121582,5.0980224609375
4,476744,-9.03958797454834,-3.5960593223571777,0.456859827041626,7.230158805847168
4,476744,12.555936813354492,18.928401947021484,8.379035949707031,-3.040055513381958
4,476744,-0.2886282503604889,-11.876631736755371,-5.216424465179443,-0.8296549320220947
4,476744,-15.333210945129395,-3.578258991241455,-7.988215446472168,-0.8761020302772522
4,476744,11.641253471374512,17.044111251831055,11.874236106872559,-3.7903778553009033
4,476744,-8.932766914367676,-5.356125354766846,8.524636268615723,17.656152725219727
4,476745,-14.109188079833984,-4.044083595275879,0.6181168556213379,-3.6734840869903564
4,476745,23.781940460205078,2.097372531890869,-9.679413795471191,-16.070810317993164
4,476745,2.8727664947509766,0.58928382396698,-13.519084930419922,-7.1993513107299805
4,476745,-17.554227828979492,-1.0584545135498047,2.7055985927581787,10.374695777893066
4,476745,-14.371132850646973,-12.451909065246582,20.854148864746094,19.362314224243164
4,476745,14.294495582580566,-3.647484064102173,19.727272033691406,-8.462923049926758
4,476746,27.02615737915039,6.89078426361084,-15.913681030273438,-15.57570743560791
4,476746,-17.864707946777344,-10.649368286132812,-18.756881713867188,10.670398712158203
4,476746,-15.815924644470215,-10.524881362915039,-5.856590747833252,3.047421455383301
4,476746,18.901819229125977,9.316497802734375,0.590480387210846,-9.220571517944336
4,476746,6.625217914581299,12.18230152130127,13.359014511108398,12.221271514892578
4,476747,-19.228116989135742,-8.497373580932617,-6.450039386749268,2.814662456512451
4,476747,-13.509163856506348,5.656412124633789,7.960524559020996,-15.488777160644531
4,476747,28.801006317138672,24.339513778686523,12.66839599609375,-6.399346351623535
4,476747,12.647393226623535,-1.5077598094940186,-32.59751892089844,12.38780403137207
4,476747,-17.19791030883789,-10.761622428894043,-1.7144685983657837,-6.460610866546631
4,476747,13.4323091506958,0.21325035393238068,19.621509552001953,-8.597524642944336
4,476748,-17.514690399169922,0.05848653241991997,7.896711826324463,19.03645896911621
4,476748,-15.383184432983398,-8.879984855651855,12.087841987609863,-10.80477237701416
4,476748,50.517822265625,-6.515298843383789,-11.000604629516602,-9.233357429504395
4,476748,2.907552719116211,19.32147789001465,-14.322256088256836,9.967011451721191
4,476748,-45.664207458496094,11.47675895690918,0.5897909998893738,-1.8287572860717773
4,476748,-1.2158864736557007,-17.0627498626709,0.7248198986053467,12.735751152038574
4,476749,15.573834419250488,-0.030925683677196503,5.694369792938232,-3.7421529293060303
4,476749,5.797375202178955,5.945123195648193,1.2142194509506226,-13.551911354064941
4,476749,1.0096173286437988,-13.024930000305176,-13.019444465637207,6.301019668579102
4,476749,-7.488381385803223,1.4554338455200195,4.964597702026367,-5.24589729309082
4,476749,0.8239895105361938,12.390214920043945,19.51179313659668,7.85711669921875
4,476749,0.2078094184398651,-18.192705154418945,-8.520395278930664,10.558926582336426
4,476750,1.971313714981079,1.5172715187072754,-25.525495529174805,-17.52406120300293
4,476750,-10.498130798339844,21.90921974182129,6.7370524406433105,6.91750955581665
4,476750,-15.27706241607666,-17.244407653808594,25.080373764038086,9.23693561553955
4,476750,41.45291519165039,0.10305798798799515,5.4613356590271,-16.246004104614258
4,476750,3.402890682220459,13.548386573791504,4.542715549468994,5.358353137969971
4,476750,-32.53726577758789,-16.936643600463867,-7.420835971832275,10.53528118133545
4,476751,13.83785629272461,2.2094361782073975,-33.81039810180664,3.3676681518554688
4,476751,-16.214027404785156,14.379734992980957,5.228402614593506,10.874733924865723
4,476751,-2.592641592025757,-2.2284395694732666,20.97492218017578,-9.0490083694458
4,476751,27.00152015686035,6.621651649475098,-3.42397403717041,-22.354644775390625
4,476751,2.7544262409210205,-11.808625221252441,1.7518115043640137,0.02540377527475357
4,476751,-23.578359603881836,-18.059534072875977,-1.5425679683685303,5.32016134262085
4,476752,-21.264633178710938,10.225618362426758,3.3289756774902344,0.11568746715784073
4,476752,23.294719696044922,5.153797626495361,-7.731396198272705,-7.599518775939941
4,476752,13.814380645751953,-5.0905961990356445,-20.18775749206543,5.217531681060791
4,476752,-15.399353981018066,-12.039332389831543,2.830366611480713,33.06418991088867
4,476752,-4.252588272094727,1.5406204462051392,10.380535125732422,-4.017658233642578
4,476752,17.65951919555664,25.301265716552734,4.69359827041626,-15.857138633728027
4,476754,-9.893637657165527,-2.4918670654296875,7.774723052978516,15.970035552978516
4,476754,-18.399887084960938,-21.6745662689209,-2.227363348007202,-4.963598251342773
4,476754,27.259151458740234,0.5346841812133789,-8.12138557434082,-23.375015258789062
4,476754,2.447206735610962,17.8562068939209,-6.465538024902344,-7.6368937492370605
4,476754,-15.104873657226562,4.880330562591553,-3.9421021938323975,4.17036771774292
4,476755,14.993549346923828,-15.27561092376709,26.707677841186523,16.008853912353516
4,476755,-9.278081893920898,0.5083763599395752,19.36591911315918,14.700902938842773
4,476755,-18.083486557006836,10.871415138244629,-23.735546112060547,-17.268409729003906
4,476756,12.659534454345703,5.739838123321533,-7.023473739624023,-31.617048263549805
4,476757,14.934462547302246,-8.270065307617188,3.657470941543579,-1.419690728187561
4,476760,1.3786598443984985,-25.684152603149414,1.1388423442840576,20.70294189453125
4,476762,-15.986732482910156,2.669236898422241,10.609652519226074,9.509943962097168
4,476764,-0.7769052386283875,21.89468765258789,-13.702661514282227,1.3760842084884644
4,476766,23.28334617614746,7.486160755157471,-9.34907341003418,-21.915992736816406
4,476768,2.8962526321411133,9.980026245117188,8.4505033493042,1.760522484779358
4,476770,-7.923182010650635,0.5092058777809143,10.469732284545898,33.734092712402344
4,476772,-17.78199005126953,-16.420448303222656,-2.4822988510131836,9.86988639831543
4,476774,-21.60955810546875,-5.205228805541992,-23.249197006225586,13.771895408630371
4,476776,28.67654800415039,-0.9107396602630615,4.195712566375732,-13.620555877685547
4,476778,14.031105995178223,-13.513690948486328,16.869991302490234,-57.19615173339844
4,476780,-38.47813415527344,4.692569732666016,2.9995052814483643,-24.177762985229492
4,476782,13.97566032409668,16.10365104675293,16.988780975341797,52.7942008972168
4,476784,26.541309356689453,-6.512973308563232,-15.552881240844727,15.615702629089355
4,476786,-8.665283203125,17.49641227722168,-24.37405776977539,-16.33142852783203
4,476788,8.415197372436523,-3.951566696166992,6.868727207183838,43.460819244384766
4,476790,3.86749529838562,-28.05242347717285,-2.6480698585510254,-26.10590362548828
4,476792,-16.756114959716797,12.56868839263916,15.088370323181152,-51.30795669555664
4,476794,-1.2438290119171143,10.198503494262695,3.857814311981201,19.272266387939453
4,476797,14.270530700683594,7.677195072174072,-14.499347686767578,18.855506896972656
4,476798,-11.020838737487793,-5.073936939239502,11.408565521240234,-2.6641509532928467
4,476801,-13.571883201599121,-23.97639274597168,-1.9107108116149902,-10.358076095581055
4,476802,-1.7670878171920776,-13.078269958496094,-6.844507694244385,8.477347373962402
4,476805,-4.702231407165527,22.418346405029297,-1.7082886695861816,19.223848342895508
4,476806,4.449565410614014,15.690424919128418,-5.9977288246154785,-0.04358914494514465
4,476985,16.27437400817871,-11.334073066711426,3.96621036529541,-18.94344139099121
4,476985,-0.9122098088264465,8.716096878051758,2.408858060836792,-5.642479419708252
4,476985,-4.6085710525512695,10.4198637008667,19.706750869750977,1.790202021598816
4,476985,10.983772277832031,-25.04418182373047,-3.494124174118042,2.4763002395629883
4,476985,-1.1899065971374512,0.7268085479736328,-22.648155212402344,7.896039962768555
4,476985,-6.389842510223389,35.33807373046875,27.210739135742188,-4.520730972290039
4,476986,8.29988956451416,-2.6307215690612793,5.624621868133545,-6.484817028045654
4,476986,9.74488353729248,0.14462141692638397,-12.070995330810547,7.492184638977051
4,476986,3.0268666744232178,3.462822198867798,17.804920196533203,-4.415300369262695
4,476986,-6.755694389343262,-39.01650619506836,-7.502386093139648,8.49836540222168
4,476986,-25.70334815979004,-14.206974983215332,-12.12215518951416,17.817291259765625
4,476986,-6.876389026641846,28.173419952392578,9.922390937805176,-27.39064598083496
4,476987,9.714963912963867,2.4688901901245117,-9.31173038482666,-21.791521072387695
4,476987,3.9492013454437256,-15.415664672851562,-12.688545227050781,11.06179141998291
4,476987,8.520447731018066,-9.126510620117188,-6.894698143005371,20.033843994140625
4,476987,-2.754956007003784,5.025733947753906,-10.25056266784668,8.01335334777832
4,476987,-7.03319787979126,10.071975708007812,-1.9149609804153442,-16.160642623901367
4,476988,-4.939395904541016,-3.784623384475708,-0.35416120290756226,-6.185293197631836
4,476988,-11.326461791992188,1.1028295755386353,15.449484825134277,18.51225471496582
4,476988,13.618579864501953,1.5743293762207031,6.447013854980469,6.092946529388428
4,476988,0.6848545670509338,-17.111473083496094,-17.754173278808594,-7.539125442504883
4,476988,-33.63420867919922,-13.605621337890625,-0.10718092322349548,-5.94683837890625
4,476988,12.725754737854004,29.594392776489258,17.165651321411133,4.897976875305176
4,476989,30.74622344970703,16.46935272216797,14.66065502166748,-5.3227009773254395
4,476989,-7.524188995361328,-25.44504737854004,-14.836112022399902,-6.188164234161377
4,476989,-15.297207832336426,1.1228686571121216,-24.994291305541992,23.504776000976562
4,476989,10.587164878845215,15.60623836517334,15.950689315795898,-6.641002178192139
4,476989,5.885939121246338,9.291927337646484,6.908039093017578,-7.867859840393066
4,476989,-9.209383010864258,0.6926936507225037,2.6570472717285156,19.993722915649414
4,476990,21.557558059692383,-18.255022048950195,7.735800266265869,-19.405841827392578
4,476990,-11.754536628723145,-1.8208802938461304,-7.766916275024414,-12.798613548278809
4,476990,-18.50576400756836,15.611852645874023,10.85794448852539,32.71006393432617
4,476990,43.51677703857422,-1.2564126253128052,-13.210674285888672,-15.805163383483887
4,476990,-1.4394620656967163,-8.082747459411621,-7.373665809631348,-29.291364669799805
4,476990,-37.096534729003906,-3.6735217571258545,17.231372833251953,36.60558319091797
4,476991,2.9552462100982666,-4.553915977478027,-10.371087074279785,20.913536071777344
4,476991,13.127535820007324,10.896815299987793,-3.4671437740325928,-11.883331298828125
4,476991,5.30075740814209,15.557852745056152,22.266756057739258,-6.250810146331787
4,476991,-15.760406494140625,-5.725075721740723,-1.9311237335205078,-3.5312998294830322
4,476991,-6.461297988891602,-20.45069122314453,-29.844890594482422,-4.6979875564575195
4,476992,19.52861785888672,-19.352293014526367,9.803934097290039,-5.400097846984863
4,476992,-5.22490119934082,17.929800033569336,29.502714157104492,-17.523740768432617
4,476992,-8.348065376281738,11.488266944885254,-0.6778979301452637,-9.476531982421875
4,476992,13.688858985900879,-2.542999029159546,-8.802586555480957,10.833298683166504
4,476992,12.74794864654541,18.340547561645508,0.9360499382019043,7.393617153167725
4,476992,-17.592300415039062,-11.95678424835205,-1.4492331743240356,-0.22355514764785767
4,476993,-16.003934860229492,0.32402220368385315,-12.15990161895752,-15.712081909179688
4,476993,21.072328567504883,20.804609298706055,4.216170310974121,-7.323195457458496
4,476993,4.556885242462158,-24.007291793823242,13.611906051635742,6.001176834106445
4,476993,-8.933079719543457,-13.967440605163574,-19.119382858276367,20.130647659301758
4,476993,-1.1917619705200195,25.911983489990234,-18.1732177734375,9.748547554016113
4,476993,-2.61840558052063,-2.7053632736206055,13.853093147277832,-25.327472686767578
4,476994,15.43282699584961,-14.917048454284668,9.920021057128906,1.1524193286895752
4,476994,6.1752400398254395,1.604859471321106,-10.342642784118652,21.497512817382812
4,476994,-21.468151092529297,-15.863040924072266,0.6058337092399597,2.6565475463867188
4,476994,9.80475902557373,0.901542067527771,10.370726585388184,0.8206784129142761
4,476994,10.42149543762207,19.842796325683594,-11.242843627929688,3.215998888015747
4,476994,-36.265464782714844,-7.917942523956299,-13.826675415039062,5.135194778442383
4,476995,1.5342456102371216,-8.771842002868652,-3.6318328380584717,-4.018544673919678
4,476995,30.183303833007812,-1.9893298149108887,4.272436618804932,-12.009528160095215
4,476995,-26.891199111938477,3.949510335922241,17.608434677124023,8.585247039794922
4,476995,1.3991127014160156,15.160980224609375,0.49963030219078064,6.929364204406738
4,476995,29.118715286254883,-1.3306457996368408,-6.958492755889893,-18.301652908325195
4,476995,-11.994734764099121,-4.921203136444092,14.720559120178223,-8.471871376037598
4,476996,-9.446402549743652,10.919100761413574,6.860481262207031,0.22803305089473724
4,476996,-8.649956703186035,-12.769410133361816,-13.01766586303711,2.5587668418884277
4,476996,19.092262268066406,-9.989187240600586,4.2644476890563965,4.25640869140625
4,476996,21.212223052978516,31.521831512451172,2.4404518604278564,-9.676847457885742
4,476996,-21.17403221130371,3.3417465686798096,-14.03964614868164,-16.664030075073242
4,476996,-11.93147087097168,-28.927457809448242,4.545434951782227,10.477117538452148
4,476997,3.7060470581054688,-2.31199312210083,14.940874099731445,23.9184513092041
4,476997,2.0589208602905273,20.713838577270508,14.066075325012207,-8.177875518798828
4,476997,8.50708293914795,1.4426429271697998,-11.974894523620605,2.191335439682007
4,476997,-19.509777069091797,-16.050119400024414,-24.919862747192383,14.794422149658203
4,476997,-15.381263732910156,4.825750827789307,8.127511024475098,1.4555431604385376
4,476997,28.48710060119629,14.170581817626953,14.216882705688477,-6.811070442199707
4,476998,-4.288124084472656,-12.6463041305542,-6.087996959686279,-3.3421363830566406
4,476998,-6.648872375488281,-9.146817207336426,-5.788060665130615,-0.6016010642051697
4,476998,22.682186126708984,-11.943166732788086,-6.591526508331299,7.721878528594971
4,476998,-6.351303577423096,2.2922449111938477,7.4139251708984375,1.8108803033828735
4,476998,-12.66098690032959,13.017702102661133,-1.3972361087799072,-20.95421028137207
4,476998,-4.3010101318359375,-17.44736671447754,-26.458728790283203,7.974071979522705
4,476999,-4.475376605987549,3.5299301147460938,11.434266090393066,0.12284070998430252
4,476999,5.419768333435059,12.00114631652832,15.05536937713623,-28.988243103027344
4,476999,-3.817201852798462,-5.845731258392334,-5.0191497802734375,2.00962233543396
4,476999,-9.434898376464844,-4.297463417053223,4.262808799743652,22.415138244628906
4,476999,15.95676040649414,9.364803314208984,-1.593862533569336,7.556582450866699
4,476999,12.893369674682617,-14.273354530334473,8.175249099731445,6.957092761993408
4,477000,-16.28604507446289,-1.9089206457138062,11.644220352172852,-9.798338890075684
4,477001,19.69737434387207,27.410661697387695,-2.1241133213043213,-18.90006446838379
4,477001,24.202564239501953,0.9433367252349854,-7.863170623779297,13.237157821655273
4,477001,-27.270673751831055,-6.008397579193115,-10.425262451171875,10.289660453796387
4,477001,-7.532956600189209,3.307300329208374,9.09086799621582,-1.788698434829712
4,477002,13.857440948486328,25.263931274414062,-2.762667417526245,6.898314952850342
4,477002,2.355379581451416,11.565037727355957,-11.283791542053223,-3.2228505611419678
4,477002,0.025701336562633514,-31.28466033935547,9.136102676391602,-2.426743507385254
4,477002,-13.64901065826416,-11.646768569946289,4.454931259155273,9.214397430419922
4,477003,10.916621208190918,41.95403289794922,35.402427673339844,-24.479923248291016
4,477004,30.98871421813965,10.511703491210938,17.503433227539062,-21.809371948242188
4,477006,-51.33587646484375,-49.780418395996094,-39.842384338378906,6.5703606605529785
4,477008,-57.92321014404297,-14.60532283782959,-41.378482818603516,-13.009859085083008
4,477010,37.23811721801758,13.988198280334473,-23.865346908569336,45.758331298828125
4,477012,44.292293548583984,-6.461703777313232,32.98551559448242,60.29057693481445
4,477014,0.9673135876655579,18.217586517333984,31.2714786529541,-27.975507736206055
4,477016,-24.770015716552734,4.367310047149658,-27.1004581451416,-26.456472396850586
4,477018,0.4955478310585022,-42.83213806152344,6.012394428253174,-23.07942771911621
4,477020,19.667552947998047,-7.649956226348877,12.84053897857666,-15.648738861083984
4,477022,-27.46306037902832,25.914043426513672,-18.960187911987305,30.22627830505371
4,477024,-5.785285472869873,11.970638275146484,10.857728958129883,10.990192413330078
4,477026,45.07376480102539,2.872028350830078,10.6435546875,-21.03517723083496
4,477028,1.950079083442688,8.148082733154297,-13.6480712890625,-29.935571670532227
4,477030,-15.352295875549316,-5.507924556732178,-9.140828132629395,17.370811462402344
4,477032,5.06748104095459,-11.54832935333252,24.227685928344727,54.05046844482422
4,477034,-11.645298957824707,8.160735130310059,1.103411316871643,-16.12302017211914
4,477036,0.1862040013074875,11.828907012939453,-19.81842613220215,-45.342037200927734
4,477038,-4.728865146636963,-3.089085102081299,12.008185386657715,-35.35039520263672
4,477040,-18.22919273376465,-23.159578323364258,-11.959786415100098,3.8945729732513428
4,477042,16.112804412841797,-10.178706169128418,-2.2842040061950684,69.83512878417969
4,477044,10.1846284866333,22.467979431152344,31.664379119873047,71.911376953125
4,477046,-19.258935928344727,4.001485824584961,-29.801939010620117,-41.108131408691406
4,477048,-11.059504508972168,-21.04831314086914,-49.63505935668945,-91.72985076904297
4,477050,8.319381713867188,17.081029891967773,58.364681243896484,44.77287673950195
4,477052,20.645408630371094,19.850360870361328,46.209102630615234,29.5296688079834
4,477054,10.330975532531738,-21.72873878479004,-54.853118896484375,-34.888214111328125
4,477241,-21.162206649780273,-33.65602111816406,-36.45252990722656,0.15554969012737274
4,477241,-10.452000617980957,-10.764242172241211,-3.1625378131866455,-9.070795059204102
4,477241,14.466205596923828,22.958192825317383,7.1743645668029785,-6.760301113128662
4,477241,-12.84214973449707,18.742876052856445,2.2605433464050293,-2.740138053894043
4,477242,-8.867145538330078,9.49642276763916,15.210543632507324,7.160086154937744
4,477242,30.973087310791016,-7.680666446685791,31.501113891601562,6.10624885559082
4,477242,17.784160614013672,-7.417883396148682,0.6861392259597778,5.387527942657471
4,477242,-16.045347213745117,15.083456993103027,30.364303588867188,11.762690544128418
4,477242,-4.732326507568359,-11.94450855255127,36.63735580444336,-2.721043586730957
4,477242,7.003936290740967,16.283710479736328,-16.766931533813477,10.69450855255127
4,477243,-1.3847737312316895,39.03061294555664,-8.072279930114746,25.116207122802734
4,477243,-4.129662036895752,-15.942181587219238,-8.75809383392334,4.6628499031066895
4,477243,-11.440844535827637,-29.2106990814209,-12.71851634979248,-14.998614311218262
4,477243,14.572980880737305,12.252765655517578,7.925697326660156,-5.969667434692383
4,477243,18.952808380126953,30.949535369873047,-12.532898902893066,-8.379465103149414
4,477243,-21.871484756469727,-18.978410720825195,-16.738872528076172,-21.123579025268555
4,477244,-23.245420455932617,-34.700843811035156,-8.612404823303223,2.366570234298706
4,477244,8.967777252197266,-12.15303897857666,1.9846339225769043,7.97732400894165
4,477244,17.61283302307129,7.2635297775268555,7.767367839813232,-39.393131256103516
4,477244,-8.709077835083008,2.758061647415161,-27.11626434326172,-20.608718872070312
4,477244,-26.741613388061523,-13.293004035949707,-6.851995468139648,36.86302185058594
4,477244,1.6000787019729614,-8.253700256347656,14.84445571899414,8.340177536010742
4,477245,24.66535186767578,-0.028114723041653633,-8.686056137084961,1.4338879585266113
4,477245,-6.588351249694824,30.324888229370117,18.523727416992188,34.46909713745117
4,477245,-7.444929599761963,10.030957221984863,4.3370041847229,-5.05874490737915
4,477245,-1.3669629096984863,-26.14474868774414,-25.279714584350586,-20.787601470947266
4,477245,0.5144146680831909,7.0733113288879395,-6.964971542358398,4.8714189529418945
4,477246,10.07388687133789,-2.9657528400421143,-3.1808135509490967,0.5690598487854004
4,477246,-6.972722053527832,-14.855145454406738,12.081111907958984,4.952361106872559
4,477246,10.001747131347656,24.33245277404785,-16.536022186279297,2.5901753902435303
4,477246,13.958025932312012,15.453697204589844,-22.192705154418945,-9.439671516418457
4,477246,-15.790852546691895,-15.15833854675293,25.501493453979492,8.418929100036621
4,477246,-24.325231552124023,-9.517895698547363,15.78300666809082,18.71698760986328
4,477247,3.9622387886047363,-0.6631059050559998,-3.5433928966522217,-12.036264419555664
4,477247,32.20226287841797,9.021415710449219,-1.917592167854309,-4.521702766418457
4,477247,11.62922477722168,4.092922687530518,17.259157180786133,9.580140113830566
4,477247,-24.81372833251953,-3.8149900436401367,11.228057861328125,-4.94692325592041
4,477247,-10.143805503845215,10.223737716674805,7.437053203582764,15.213648796081543
4,477247,9.91821002960205,-1.7971751689910889,17.40652847290039,16.323152542114258
4,477248,7.463063716888428,-2.5713984966278076,-7.078161239624023,-11.199892044067383
4,477248,7.3123087882995605,7.411426067352295,-2.5807247161865234,-14.560460090637207
4,477248,-10.255708694458008,13.971712112426758,-1.6589220762252808,-2.083242893218994
4,477248,1.324734091758728,-8.65567398071289,-12.32767105102539,2.517422914505005
4,477248,9.488592147827148,-15.887832641601562,7.765969753265381,-3.4306719303131104
4,477248,-5.5173726081848145,7.64444637298584,-1.827370524406433,4.086498260498047
4,477249,-5.677419185638428,-9.873116493225098,-25.37030792236328,-17.494449615478516
4,477249,1.2490333318710327,-14.744465827941895,-11.052495002746582,-31.353227615356445
4,477249,-1.1386350393295288,-2.30981707572937,-4.452845573425293,11.355592727661133
4,477249,-21.804536819458008,-11.234320640563965,-4.4231109619140625,8.564282417297363
4,477249,-4.647275447845459,-8.546491622924805,5.533849716186523,-20.25226593017578
4,477249,20.62036895751953,12.634082794189453,10.557815551757812,4.60823392868042
4,477250,1.5668070316314697,22.37223243713379,-3.1405510902404785,6.258464336395264
4,477250,-0.026623360812664032,8.986570358276367,-19.405181884765625,-25.492116928100586
4,477250,2.800571918487549,-17.66788673400879,0.6277464032173157,-6.414730548858643
4,477250,-13.300735473632812,-13.696290016174316,29.11290168762207,23.735933303833008
4,477250,-7.563269138336182,16.159515380859375,22.504364013671875,6.711901664733887
4,477250,26.41496467590332,40.021244049072266,-0.8231149315834045,-5.075606822967529
4,477251,21.33377456665039,5.039176940917969,3.4700381755828857,19.32284927368164
4,477251,-13.547012329101562,-28.285911560058594,5.356004238128662,-11.851658821105957
4,477251,2.6901698112487793,3.792046308517456,-3.4312210083007812,-5.430920600891113
4,477251,-2.5273208618164062,1.5510002374649048,3.463857889175415,32.16223907470703
4,477251,-17.52323341369629,-17.851037979125977,9.803289413452148,-9.822422981262207
4,477251,7.825275421142578,4.537759304046631,-2.3368144035339355,-4.618743419647217
4,477252,6.451053142547607,24.172733306884766,-11.80064582824707,6.026898384094238
4,477252,1.894758939743042,5.5398759841918945,3.7966256141662598,-9.25400161743164
4,477252,4.262836456298828,-26.0908203125,-1.9012335538864136,-2.596484422683716
4,477252,-6.207564830780029,-17.184701919555664,-18.412248611450195,16.12274169921875
4,477252,4.740786075592041,22.67270278930664,0.24184443056583405,2.3109211921691895
4,477252,6.32087516784668,14.755188941955566,2.6001930236816406,-28.001596450805664
4,477253,-4.843977451324463,-12.353920936584473,-6.593270301818848,14.358390808105469
4,477253,1.8137236833572388,6.274913787841797,5.243518829345703,9.117609024047852
4,477253,-4.485269546508789,6.151546001434326,-9.719545364379883,-26.143692016601562
4,477253,-15.614645957946777,-13.115944862365723,-18.311359405517578,12.390918731689453
4,477253,4.675577163696289,-14.620726585388184,-5.699347496032715,20.826765060424805
4,477253,5.950714111328125,-9.867301940917969,5.220400810241699,-10.227852821350098
4,477254,-15.476248741149902,7.67091703414917,15.338294982910156,-7.6988444328308105
4,477254,-6.7642951011657715,10.972847938537598,4.5691986083984375,4.620402812957764
4,477254,-3.5931761264801025,-13.799262046813965,-7.979516983032227,6.814020156860352
4,477254,-8.525733947753906,-17.402042388916016,-4.569526672363281,-5.659231662750244
4,477254,-1.6624475717544556,-0.7962387800216675,14.82701587677002,-10.299410820007324
4,477255,4.722209930419922,9.948872566223145,8.02021312713623,17.430448532104492
4,477255,10.093208312988281,22.27080535888672,-3.709787130355835,-7.868621826171875
4,477255,12.54534912109375,-2.4157156944274902,4.924263954162598,-10.655500411987305
4,477255,7.448502063751221,-15.16282844543457,5.365348815917969,18.34366798400879
4,477255,0.47678932547569275,15.990650177001953,-0.8550011515617371,-12.499704360961914
4,477255,-5.495100975036621,0.1748606264591217,-18.13600730895996,-3.723264217376709
4,477256,-17.132978439331055,-15.381956100463867,-9.466276168823242,11.650737762451172
4,477256,-14.867680549621582,9.555502891540527,5.89007568359375,4.8509202003479
4,477256,13.906620979309082,3.8075387477874756,-1.067652940750122,4.158048629760742
4,477256,31.07723617553711,-20.496065139770508,4.095193386077881,-18.61065101623535
4,477256,-2.5803639888763428,6.16033935546875,-10.889668464660645,5.561398983001709
4,477256,-27.121562957763672,15.925207138061523,-2.1399624347686768,31.16761016845703
4,477257,18.159456253051758,-4.890763282775879,17.651885986328125,-11.777323722839355
4,477258,20.499746322631836,-1.5917832851409912,12.926774978637695,-2.99542498588562
4,477258,-14.303186416625977,-11.477075576782227,10.618987083435059,13.234458923339844
4,477258,-8.120967864990234,8.01474666595459,-15.930608749389648,-15.688132286071777
4,477258,-6.6504082679748535,22.002456665039062,-2.117968797683716,-6.074773788452148
4,477259,7.157308101654053,-7.644826412200928,18.864038467407227,1.6590691804885864
4,477259,18.551307678222656,-13.968332290649414,-18.766029357910156,4.174659729003906
4,477259,-4.246443748474121,11.7982759475708,-16.421405792236328,6.900517463684082
4,477259,-27.233503341674805,6.471435070037842,31.44147491455078,-7.1624603271484375
4,477259,-6.815188884735107,-24.468658447265625,4.983234405517578,-5.757861614227295
4,477260,18.118602752685547,-5.183990001678467,-28.76420021057129,15.014087677001953
4,477262,-5.68172550201416,1.6484546661376953,-15.270299911499023,-9.965460777282715
4,477264,0.7352163791656494,25.826393127441406,15.15601921081543,-39.20932388305664
4,477266,15.14352035522461,38.43428039550781,32.88325119018555,-16.307920455932617
4,477268,4.5912675857543945,-20.81085777282715,-21.87877655029297,-4.668069362640381
4,477270,4.242570400238037,-16.4562931060791,-25.633787155151367,19.224409103393555
4,477272,-31.455585479736328,-9.561745643615723,-6.75499153137207,59.764503479003906
4,477274,-8.315156936645508,3.587858200073242,-16.88965606689453,24.41210174560547
4,477276,35.683895111083984,4.700782775878906,50.14107894897461,-60.25601577758789
4,477278,-10.021956443786621,-26.317119598388672,24.786731719970703,-41.53221893310547
4,477281,-0.3058432340621948,13.151304244995117,-33.31612014770508,16.722036361694336
4,477282,19.886823654174805,3.3144564628601074,13.466484069824219,24.18068504333496
4,477285,-28.901052474975586,-19.82990837097168,-9.424590110778809,28.041561126708984
4,477286,-14.223796844482422,17.454710006713867,-11.024112701416016,19.911636352539062
4,477289,12.836434364318848,6.040561199188232,12.166476249694824,-34.651023864746094
4,477290,-2.1920721530914307,-11.202921867370605,-4.011227130889893,-37.106842041015625
4,477293,10.299094200134277,1.7821155786514282,27.21607208251953,23.540700912475586
4,477294,-5.634644031524658,2.9600677490234375,-6.6783576011657715,12.832963943481445
4,477295,-10.425036430358887,19.878793716430664,-52.21757888793945,-3.574021100997925
4,477298,11.019636154174805,-1.561719536781311,24.883562088012695,9.551997184753418
4,477299,-5.022543430328369,-25.048364639282227,59.794822692871094,19.181299209594727
4,477302,-8.572429656982422,10.695595741271973,-32.73859405517578,23.10407066345215
4,477303,-5.53261137008667,-10.907851219177246,-50.95478057861328,-40.864219665527344
4,477306,15.95561408996582,-33.54796600341797,10.752681732177734,-41.172393798828125
4,477307,10.827964782714844,19.537092208862305,12.400617599487305,28.62021827697754
4,477310,-0.46535274386405945,21.510089874267578,-14.780179023742676,-0.7341841459274292
4,477311,13.89909553527832,-4.109987735748291,-1.0656566619873047,-18.02132797241211
4,477505,-7.057229518890381,25.65627670288086,51.38264846801758,-7.560965538024902
4,477505,2.9965760707855225,13.437906265258789,8.114728927612305,7.495068073272705
4,477505,13.018622398376465,-25.496885299682617,-44.712677001953125,15.944326400756836
4,477505,-24.60877227783203,-17.444286346435547,2.0867626667022705,2.4056646823883057
4,477505,-13.870293617248535,22.061948776245117,19.85997200012207,11.758566856384277
4,477505,26.69316291809082,20.724393844604492,-7.261075973510742,7.200908660888672
4,477506,-17.101852416992188,-39.365447998046875,-11.3414306640625,0.5208712816238403
4,477506,-26.11692237854004,-19.799861907958984,12.933722496032715,7.298038005828857
4,477506,11.074091911315918,26.88627815246582,12.373828887939453,9.467033386230469
4,477506,2.4929656982421875,0.23202581703662872,-12.352156639099121,-8.888587951660156
4,477506,10.084880828857422,-0.17966510355472565,-23.449872970581055,-27.509389877319336
4,477506,6.625189304351807,2.3289668560028076,-6.232728958129883,-13.125920295715332
4,477507,0.8944684863090515,-22.309043884277344,-2.7226662635803223,7.078591346740723
4,477507,-10.174440383911133,-1.8555161952972412,-6.492607593536377,3.918696641921997
4,477507,-23.414295196533203,7.200100898742676,16.252702713012695,-9.14228630065918
4,477507,14.740822792053223,8.832655906677246,8.030317306518555,-6.412037372589111
4,477507,22.46490478515625,16.748586654663086,-0.534623920917511,7.320040225982666
4,477507,-11.639542579650879,-15.610029220581055,17.93949317932129,9.558587074279785
4,477508,11.356117248535156,-0.41166952252388,-7.077235221862793,16.98599624633789
4,477508,6.582607269287109,27.766586303710938,-19.828842163085938,24.836301803588867
4,477508,-15.035635948181152,-1.7669750452041626,24.31625747680664,7.926124095916748
4,477508,16.14592933654785,-15.506649017333984,9.584856033325195,-13.534897804260254
4,477508,-9.10963249206543,-12.544306755065918,-25.362655639648438,-4.041148662567139
4,477508,-5.472225666046143,1.5098795890808105,11.369677543640137,7.856869697570801
4,477509,34.477210998535156,15.555802345275879,16.503509521484375,6.987837314605713
4,477509,-4.997871398925781,-2.304722785949707,-12.30938720703125,-4.3028693199157715
4,477509,-26.360950469970703,-14.003942489624023,-0.7801198959350586,-22.67801856994629
4,477509,9.282938003540039,-6.252598285675049,4.188390254974365,-7.57627010345459
4,477509,11.663029670715332,12.240423202514648,-8.295510292053223,-5.738185882568359
4,477510,-25.12376594543457,8.238030433654785,-5.674464702606201,-29.185495376586914
4,477510,-25.04444122314453,-23.619930267333984,3.633209705352783,-23.62460708618164
4,477510,11.527624130249023,-16.653545379638672,-0.9401199817657471,-10.597880363464355
4,477510,25.369970321655273,27.74236488342285,-1.6901366710662842,-9.661343574523926
4,477510,2.8527302742004395,37.43459701538086,1.2740410566329956,5.335420608520508
4,477510,-21.959857940673828,-13.7506103515625,0.31720036268234253,-1.0862942934036255
4,477511,-1.7522896528244019,-13.394647598266602,-14.174440383911133,-26.001415252685547
4,477511,12.971704483032227,6.347194194793701,0.4596950113773346,21.323043823242188
4,477511,-9.48959732055664,-22.586631774902344,30.972429275512695,42.05883026123047
4,477511,9.423067092895508,12.873018264770508,8.671309471130371,-8.152573585510254
4,477511,12.421771049499512,9.658767700195312,-2.670621871948242,1.3155120611190796
4,477511,-23.68474769592285,-25.146484375,2.0549464225769043,26.8896541595459
4,477512,-12.518245697021484,19.546321868896484,10.406681060791016,15.756661415100098
4,477512,17.511404037475586,17.451824188232422,-3.041747808456421,1.9923875331878662
4,477512,14.59508228302002,-14.997262954711914,-27.596345901489258,3.2156782150268555
4,477512,-0.8820975422859192,10.058934211730957,-1.6322412490844727,16.52475929260254
4,477512,-10.3264799118042,14.455366134643555,13.939457893371582,-12.944171905517578
4,477512,-8.478278160095215,-17.320709228515625,-17.50579833984375,-24.382694244384766
4,477513,14.961637496948242,-14.486002922058105,-22.14321517944336,14.041598320007324
4,477513,2.0494391918182373,-6.329655647277832,18.404272079467773,16.490943908691406
4,477513,-16.857444763183594,0.4433179795742035,13.73183536529541,-4.965114116668701
4,477513,-1.241271734237671,0.31329789757728577,-35.69095993041992,-20.2750244140625
4,477513,-11.357364654541016,-7.047476291656494,-12.863005638122559,-8.479020118713379
4,477513,-6.617553234100342,6.247459411621094,32.89777374267578,6.324216842651367
4,477514,16.107614517211914,-13.54920768737793,-15.288484573364258,-9.49598503112793
4,477514,4.512313365936279,-23.80783462524414,-30.102108001708984,8.288116455078125
4,477514,1.0869879722595215,8.604504585266113,33.165863037109375,26.117380142211914
4,477514,4.247396945953369,10.892792701721191,22.840702056884766,-7.575310230255127
4,477514,-10.866113662719727,9.683182716369629,-21.34841537475586,-31.28215217590332
4,477514,-3.4927377700805664,9.708297729492188,-5.850446701049805,-0.9220067262649536
4,477515,7.087111949920654,-12.814159393310547,5.255072593688965,3.5900232791900635
4,477515,4.243203163146973,5.339395523071289,3.4229695796966553,-11.271236419677734
4,477515,8.75458812713623,15.342031478881836,20.94801139831543,15.576201438903809
4,477515,9.309318542480469,2.3698363304138184,7.119636535644531,-1.8536417484283447
4,477515,-13.773313522338867,1.2392982244491577,-10.517637252807617,-12.9933443069458
4,477515,-12.928153991699219,-11.658400535583496,1.5193732976913452,-3.0497512817382812
4,477516,21.384328842163086,14.70175552368164,15.724385261535645,-1.2456777095794678
4,477516,-2.315786123275757,2.3139781951904297,10.80683422088623,11.151113510131836
4,477516,-10.453853607177734,-23.65070915222168,-18.430423736572266,-6.900243759155273
4,477516,11.698602676391602,3.5289692878723145,1.944096326828003,5.186138153076172
4,477516,1.0750107765197754,9.582533836364746,11.653326034545898,35.72943115234375
4,477516,-10.587898254394531,10.58785343170166,-9.688273429870605,0.2732711732387543
4,477517,2.43941330909729,-2.6290082931518555,-1.402079701423645,-11.470846176147461
4,477517,8.401179313659668,-9.257702827453613,-3.7167742252349854,23.15264320373535
4,477517,-5.591407775878906,9.018446922302246,-0.6863772869110107,9.382554054260254
4,477517,12.817412376403809,-2.1625895500183105,-10.950371742248535,5.698740482330322
4,477517,3.898336887359619,-9.613266944885254,-10.780774116516113,-13.779766082763672
4,477517,-18.04053497314453,2.0236611366271973,3.3958632946014404,-28.276573181152344
4,477518,-20.091264724731445,-16.341970443725586,-6.897885322570801,1.4198267459869385
4,477518,-4.212588787078857,-2.361097812652588,-6.444098472595215,-2.1194090843200684
4,477518,12.225419044494629,10.473494529724121,5.025850772857666,18.601003646850586
4,477518,-0.9367444515228271,-4.406313419342041,14.398280143737793,-10.019831657409668
4,477518,23.79545783996582,17.754981994628906,9.687522888183594,-25.487140655517578
4,477518,18.866058349609375,-12.643423080444336,-3.2216293811798096,31.162412643432617
4,477519,-22.97237777709961,-19.05877113342285,3.2612810134887695,3.0795984268188477
4,477519,-17.30730628967285,23.31648063659668,8.313674926757812,-20.78339958190918
4,477519,8.103680610656738,11.765644073486328,9.345590591430664,12.792265892028809
4,477519,17.94915771484375,-8.478119850158691,0.12226435542106628,20.393878936767578
4,477519,-7.752072811126709,-1.0935825109481812,1.198476791381836,11.225902557373047
4,477519,4.3984599113464355,20.474815368652344,22.435396194458008,-12.34721565246582
4,477520,13.892528533935547,3.2674646377563477,-14.025581359863281,-21.71601676940918
4,477520,-23.902040481567383,3.624574661254883,-23.09345817565918,-0.6214967966079712
4,477520,-8.21157169342041,-6.838736534118652,-1.8343082666397095,-0.34116148948669434
4,477520,12.030685424804688,-29.76050567626953,3.131957530975342,4.656596660614014
4,477520,-9.65040397644043,-3.2246012687683105,10.07141399383545,-10.572117805480957
4,477520,4.794094085693359,14.374826431274414,-7.633728504180908,-18.81243133544922
4,477521,4.246596813201904,10.959254264831543,-11.353608131408691,17.734153747558594
4,477522,-30.49579429626465,-22.41701889038086,-49.05250549316406,-19.3367862701416
4,477522,-6.455081939697266,-20.366376876831055,-49.15324020385742,-19.08134651184082
4,477522,3.6178407669067383,9.194074630737305,32.55525207519531,23.6362361907959
4,477522,-2.1079719066619873,-7.897340774536133,32.304771423339844,3.0483968257904053
4,477523,5.998569488525391,-13.211703300476074,-10.157942771911621,0.7798061370849609
4,477523,6.441005706787109,11.921640396118164,-15.760774612426758,-12.215949058532715
4,477523,-5.953982830047607,14.272550582885742,6.15643310546875,-6.116398811340332
4,477523,-2.2488627433776855,8.649930000305176,30.4883975982666,6.414024829864502
4,477523,26.72047996520996,6.63254976272583,15.791260719299316,-5.799870014190674
4,477525,10.747413635253906,19.414344787597656,35.48912811279297,1.8757729530334473
4,477526,10.444870948791504,41.397377014160156,22.710025787353516,9.887951850891113
4,477527,10.2597017288208,-0.728523850440979,-28.062213897705078,13.036171913146973
4,477530,-12.59282398223877,-28.877452850341797,-6.760588645935059,65.22709655761719
4,477531,3.436100721359253,-1.4043307304382324,0.8965346217155457,8.928826332092285
4,477534,10.710288047790527,-6.6435089111328125,-15.22350788116455,-113.36630249023438
4,477535,-25.646060943603516,-19.85579490661621,-24.507320404052734,24.990558624267578
4,477538,-22.2203311920166,-11.719558715820312,3.8765296936035156,48.614654541015625
4,477539,4.833971977233887,-3.710750102996826,36.364620208740234,-52.71212387084961
4,477542,-6.813107013702393,-12.067984580993652,9.22236442565918,38.00749206542969
4,477543,10.056352615356445,11.7361478805542,-25.361568450927734,26.67627716064453
4,477546,12.073866844177246,23.568336486816406,-22.121784210205078,-68.71160888671875
4,477547,-26.582441329956055,-21.718217849731445,11.703752517700195,-20.963356018066406
4,477550,3.8303940296173096,-1.757279634475708,22.217178344726562,63.30644989013672
4,477551,29.708250045776367,6.209286212921143,-8.70127010345459,-2.0563158988952637
4,477554,-16.621105194091797,-2.4627490043640137,-13.397031784057617,-20.963003158569336
4,477555,-4.128145694732666,17.22893524169922,16.462779998779297,34.377079010009766
4,477558,12.48875904083252,-20.5738582611084,-8.54075813293457,-15.515836715698242
4,477559,-6.547843933105469,-11.548800468444824,-24.784181594848633,-41.564449310302734
4,477562,-5.911227703094482,26.31272315979004,11.70511531829834,32.044010162353516
4,477563,-8.122593879699707,-1.8402796983718872,13.298551559448242,41.78103256225586
4,477566,17.30480194091797,3.586381435394287,-10.879889488220215,-13.718778610229492
4,477568,14.730806350708008,14.884649276733398,-16.058067321777344,-8.98110580444336
4,477570,-10.180363655090332,-21.657554626464844,10.547150611877441,-42.76301193237305
4,477572,-6.417017459869385,8.139028549194336,21.664913177490234,-41.695682525634766
4,477574,-4.540787220001221,19.71251106262207,-14.70811939239502,39.62877655029297
4,477576,8.946541786193848,-19.797008514404297,-6.975534439086914,49.85041427612305
4,477771,7.99530553817749,-8.617239952087402,24.40327262878418,-31.463987350463867
4,477771,-11.640283584594727,2.8007586002349854,-20.342575073242188,-57.603389739990234
4,477771,-7.08071756362915,0.24150289595127106,-30.211362838745117,25.044178009033203
4,477771,4.782261848449707,12.107776641845703,19.121768951416016,36.583099365234375
4,477771,10.602311134338379,1.4611412286758423,19.994409561157227,-5.709623336791992
4,477771,-3.8043272495269775,-22.80939483642578,1.9594390392303467,3.8494374752044678
4,477771,-15.050467491149902,0.8942607045173645,-3.7554211616516113,2.672847032546997
4,477772,5.042552471160889,7.169434547424316,6.504027366638184,-5.662039756774902
4,477772,6.678529739379883,9.877995491027832,15.059568405151367,17.234827041625977
4,477772,-1.5408931970596313,7.36198616027832,2.780435800552368,13.553969383239746
4,477772,3.338580369949341,-11.307814598083496,-6.004500865936279,-14.793155670166016
4,477772,-4.520321369171143,5.958991050720215,1.7691338062286377,-1.4284107685089111
4,477773,-15.239692687988281,-13.106165885925293,-6.153849124908447,19.33672523498535
4,477773,5.102958679199219,-18.538061141967773,-13.963078498840332,10.854388236999512
4,477773,15.661375999450684,18.023645401000977,-0.947625458240509,-28.3791561126709
4,477773,-14.139408111572266,2.907538890838623,-8.311573028564453,-15.905815124511719
4,477773,-15.291436195373535,-19.12729835510254,5.173236846923828,16.256391525268555
4,477773,8.393795013427734,14.646032333374023,22.718950271606445,-17.61813735961914
4,477774,18.4190731048584,4.374802589416504,-10.689270973205566,0.13582031428813934
4,477774,11.203634262084961,-11.721148490905762,-26.98045539855957,21.178665161132812
4,477774,-20.741907119750977,15.61567211151123,-1.9006259441375732,5.900180339813232
4,477774,-6.051102161407471,8.75766658782959,19.23064422607422,6.770707130432129
4,477774,25.432767868041992,-8.310998916625977,9.237640380859375,-4.301783084869385
4,477774,1.9732273817062378,-18.655357360839844,-12.01811695098877,-24.220109939575195
4,477775,-14.55969524383545,-8.419440269470215,-13.754117965698242,-15.886468887329102
4,477775,-12.429767608642578,14.82270622253418,11.75023078918457,17.48858070373535
4,477775,8.279504776000977,11.585073471069336,26.135236740112305,16.017728805541992
4,477775,12.1138334274292,-15.369382858276367,-9.464486122131348,-8.113201141357422
4,477775,-7.206149101257324,-9.469951629638672,-19.157873153686523,-10.596534729003906
4,477775,-0.6140365600585938,26.101045608520508,19.570669174194336,8.43261432647705
4,477776,-0.599925696849823,19.516799926757812,9.682572364807129,-11.239887237548828
4,477776,2.630176305770874,-4.693808078765869,-18.285114288330078,-33.97909927368164
4,477776,8.171380996704102,-13.263045310974121,-2.9066574573516846,8.271797180175781
4,477776,-9.484569549560547,-19.54789924621582,1.7304991483688354,17.128421783447266
4,477776,-21.056875228881836,1.3508909940719604,-0.5199325680732727,-4.3836541175842285
4,477777,5.377620697021484,20.985132217407227,1.4750492572784424,13.575872421264648
4,477777,19.959396362304688,-4.920933723449707,4.970780849456787,2.3210129737854004
4,477777,-0.8107737302780151,-17.090320587158203,-0.3255140483379364,-27.88935661315918
4,477777,-1.728762149810791,10.973196029663086,-25.978675842285156,-4.1332316398620605
4,477777,-9.634608268737793,7.818535804748535,1.0732378959655762,33.71013259887695
4,477777,4.061629295349121,-11.475546836853027,13.543241500854492,10.437074661254883
4,477778,3.605463743209839,-14.903712272644043,-12.338208198547363,-6.171597003936768
4,477778,-42.64508819580078,-0.8468915224075317,9.609833717346191,10.72584056854248
4,477778,8.275857925415039,16.506637573242188,6.800857067108154,12.074347496032715
4,477778,48.044620513916016,18.31501579284668,-0.4632496237754822,-12.440668106079102
4,477778,-11.426068305969238,-8.879964828491211,15.975767135620117,-21.487125396728516
4,477778,-14.742419242858887,-36.47593307495117,7.880801200866699,-0.8439586758613586
4,477779,19.857101440429688,13.488079071044922,-10.050326347351074,7.4854021072387695
4,477779,-2.989104747772217,26.532751083374023,-11.635120391845703,-2.4056708812713623
4,477779,-2.4123034477233887,-7.280827522277832,-2.2288455963134766,-26.308303833007812
4,477779,16.13477325439453,-11.778238296508789,3.043365240097046,21.29353141784668
4,477779,-29.809635162353516,6.265975475311279,13.93396282196045,31.786272048950195
4,477779,-17.33622932434082,18.08548355102539,-0.9444594979286194,-22.638195037841797
4,477780,42.05513000488281,-8.635821342468262,-17.053647994995117,-25.837932586669922
4,477780,14.527332305908203,-6.789584159851074,0.14004428684711456,3.7982945442199707
4,477780,-24.355337142944336,7.873755931854248,18.737464904785156,21.362197875976562
4,477780,2.826706647872925,7.161165714263916,-4.354583263397217,-5.5738935470581055
4,477780,5.064528465270996,-11.270544052124023,-26.347675323486328,3.626011610031128
4,477780,-21.25752067565918,-2.4561636447906494,12.091940879821777,12.677139282226562
4,477781,10.795427322387695,16.682340621948242,11.836504936218262,-25.769254684448242
4,477781,27.213340759277344,-7.00205659866333,-18.174257278442383,-11.62296199798584
4,477781,-17.400087356567383,-17.911354064941406,5.720777988433838,20.81346321105957
4,477781,-19.546499252319336,6.581107139587402,4.970881938934326,4.403317451477051
4,477781,29.86908721923828,29.199522018432617,-3.0807464122772217,-4.605883598327637
4,477781,8.332466125488281,1.0928295850753784,10.906106948852539,8.900010108947754
4,477782,-30.87981605529785,-21.666156768798828,6.49660587310791,20.233654022216797
4,477782,3.9855988025665283,-3.821269989013672,7.808701038360596,1.4935749769210815
4,477782,0.9863121509552002,15.995467185974121,-12.052767753601074,-17.98749351501465
4,477782,-21.111900329589844,-0.5184653401374817,-17.956907272338867,-7.727956771850586
4,477782,-2.855090856552124,-19.417774200439453,16.543869018554688,1.3560810089111328
4,477782,0.32185298204421997,-1.3882611989974976,9.301079750061035,8.379467964172363
4,477783,10.63536548614502,8.989104270935059,-16.061603546142578,-4.9793853759765625
4,477783,3.6184632778167725,-11.266728401184082,-7.076776027679443,-6.41023588180542
4,477783,-7.838054180145264,-5.1399922370910645,-5.968259334564209,-2.793015956878662
4,477783,23.56269645690918,6.19972038269043,-0.46792134642601013,-0.2643715441226959
4,477783,-2.8364717960357666,-6.039519786834717,1.7018461227416992,6.60473108291626
4,477783,-30.507383346557617,11.459098815917969,-1.5089120864868164,-6.128920555114746
4,477784,23.070167541503906,-4.91222620010376,-2.477318525314331,9.140290260314941
4,477784,24.553251266479492,-4.751684188842773,-13.716512680053711,11.92538070678711
4,477784,-25.154449462890625,19.957395553588867,14.453227996826172,-1.7060790061950684
4,477784,-12.801471710205078,9.593013763427734,31.344940185546875,3.50485897064209
4,477784,33.39974594116211,-6.581137180328369,0.3918565511703491,-4.887745380401611
4,477784,4.434140682220459,-16.91297149658203,-12.723408699035645,-9.271904945373535
4,477785,-32.93943786621094,-4.908690452575684,-2.815264940261841,-3.9072208404541016
4,477785,5.777245998382568,-5.187540054321289,-2.858903169631958,-10.050728797912598
4,477785,-0.17023785412311554,-3.6390318870544434,-5.236498832702637,2.118910074234009
4,477785,-12.31340217590332,8.313383102416992,-1.971529245376587,2.720865488052368
4,477785,7.852889537811279,3.3587963581085205,12.208026885986328,-5.00651216506958
4,477785,10.155668258666992,-6.386506080627441,-1.4564080238342285,8.270048141479492
4,477786,6.342573165893555,5.176279067993164,-19.325517654418945,2.6515262126922607
4,477786,-18.523128509521484,-3.9156482219696045,7.6904215812683105,-7.706151485443115
4,477786,0.9609962105751038,-1.6800811290740967,-3.8558661937713623,-10.1355562210083
4,477786,6.064408302307129,14.700142860412598,-28.716997146606445,2.220839023590088
4,477786,-15.434298515319824,-7.999788284301758,6.254451751708984,8.529183387756348
4,477787,3.5168063640594482,-4.911076545715332,27.29378318786621,11.948271751403809
4,477787,3.171734094619751,9.93721866607666,8.77352523803711,2.4244534969329834
4,477787,14.137408256530762,11.109442710876465,-14.3521089553833,-10.746932029724121
4,477788,25.864749908447266,14.50086784362793,30.34721565246582,21.072736740112305
4,477788,5.6552228927612305,3.481504201889038,36.944034576416016,1.589483380317688
4,477788,-21.14234733581543,-29.120716094970703,-41.01693344116211,-32.68404006958008
4,477789,-42.755130767822266,-23.596914291381836,-12.225727081298828,5.791618824005127
4,477789,8.542162895202637,16.863237380981445,14.269257545471191,10.999604225158691
4,477789,45.461360931396484,14.691816329956055,-7.567465305328369,-1.3727909326553345
4,477789,-21.64480972290039,-14.140213012695312,-8.091938972473145,12.218857765197754
4,477789,-29.113473892211914,-6.852907657623291,-1.2333152294158936,-7.067902088165283
4,477789,7.892571449279785,20.5210018157959,6.865917682647705,-7.038942337036133
4,477791,12.979202270507812,-6.350767612457275,-5.691120147705078,4.3019633293151855
4,477792,10.775012969970703,-19.53026580810547,-8.889952659606934,-4.275361061096191
4,477793,-22.602540969848633,2.892037868499756,-21.891252517700195,-14.293291091918945
4,477796,-0.8015639781951904,11.8443021774292,10.075745582580566,-8.132701873779297
4,477797,22.311933517456055,8.220063209533691,29.037334442138672,7.496936798095703
4,477800,-12.197647094726562,-18.832321166992188,-16.22071075439453,-10.359236717224121
4,477801,1.4779728651046753,7.394470691680908,3.654015064239502,20.06100082397461
4,477804,27.128000259399414,19.901269912719727,22.672866821289062,24.234588623046875
4,477805,5.163259029388428,-13.138249397277832,3.9062459468841553,-30.071866989135742
4,477808,-35.10975646972656,-2.0623385906219482,-25.005596160888672,23.373464584350586
4,477809,-6.980466365814209,2.6823246479034424,-29.75760841369629,16.48832893371582
4,477812,24.807409286499023,10.967023849487305,8.953058242797852,-29.678678512573242
4,477813,2.8793070316314697,10.271448135375977,26.89326286315918,-18.97624397277832
4,477816,0.8377293348312378,-28.357040405273438,20.36089324951172,-38.1270866394043
4,477817,-22.193981170654297,-18.76482582092285,-19.71046257019043,30.03300666809082
4,477820,-2.3612492084503174,7.847577095031738,-4.474381446838379,59.191627502441406
4,477821,40.430206298828125,17.34803581237793,19.95376968383789,8.78812026977539
