Aktueller Finger,timestamp_ms,sensor_0,sensor_1,sensor_2,sensor_3
0,64420,-72.33051300048828,236.60093688964844,74.5654067993164,-63.21357727050781
0,64422,-221.87313842773438,190.33494567871094,51.154850006103516,-30.613670349121094
0,64424,262.1537780761719,-368.0287170410156,-113.81275939941406,70.32647705078125
0,64426,419.05767822265625,-337.74847412109375,-119.14883422851562,71.1763916015625
0,64428,183.13677978515625,58.56483459472656,119.08922576904297,32.54864501953125
0,64430,-35.9539794921875,97.85545349121094,106.20146179199219,-23.104036331176758
0,64433,-217.69593811035156,104.81143951416016,23.98871421813965,-80.77904510498047
0,64434,-116.224365234375,97.52609252929688,7.319272994995117,-60.53897476196289
0,64437,-35.87818908691406,8.543235778808594,-64.82166290283203,68.23035430908203
0,64448,125.86933135986328,-94.12594604492188,-24.90037727355957,44.67796325683594
0,64448,147.5148162841797,-61.41979217529297,48.69438934326172,-39.77314376831055
0,64449,-222.30458068847656,175.09197998046875,19.322294235229492,-15.221132278442383
0,64449,-164.99143981933594,73.39232635498047,-45.52145767211914,-9.845479965209961
0,64449,13.854586601257324,-68.56831359863281,-31.74197769165039,-15.162017822265625
0,64449,18.084346771240234,-7.689451694488525,34.079734802246094,43.37395095825195
0,64450,17.908184051513672,-19.927404403686523,-14.410497665405273,29.336977005004883
0,64452,-22.97566795349121,15.844138145446777,-19.96890640258789,-49.14643096923828
0,64454,-40.16093444824219,42.45780944824219,27.935504913330078,-32.77436065673828
0,64456,-87.37895202636719,54.02882766723633,-13.369412422180176,12.679300308227539
0,64458,-96.57080841064453,152.4640655517578,30.934598922729492,-20.80666732788086
0,64460,-111.580810546875,128.58087158203125,26.295793533325195,-39.1535530090332
0,64463,26.963735580444336,-149.6958770751953,-81.86934661865234,29.535823822021484
0,64464,180.02557373046875,-264.6162109375,-56.902347564697266,36.83662033081055
0,64467,286.0677795410156,-201.71749877929688,18.80938148498535,66.5282974243164
0,64468,246.77244567871094,-35.44306945800781,36.09659957885742,30.182437896728516
0,64471,-165.29623413085938,167.36834716796875,29.924175262451172,-87.71546173095703
0,64472,-198.7131805419922,64.097900390625,4.792914867401123,-10.138033866882324
0,64473,98.50419616699219,-50.368995666503906,50.911041259765625,49.262638092041016
0,64500,-135.66818237304688,175.98101806640625,22.20924949645996,-45.50730895996094
0,64500,-236.18638610839844,185.74758911132812,-81.17996215820312,-59.212646484375
0,64500,126.42013549804688,-121.03301239013672,14.345528602600098,21.776660919189453
0,64500,27.248395919799805,-44.857215881347656,38.232452392578125,19.958833694458008
0,64501,-125.98551940917969,79.7928466796875,-24.889646530151367,-13.14560604095459
0,64501,-7.1070756912231445,-10.912270545959473,-20.95821189880371,-7.132079601287842
0,64501,18.61543846130371,-66.49110412597656,-38.886993408203125,-2.5028975009918213
0,64501,82.26984405517578,-110.85326385498047,-21.358001708984375,24.396928787231445
0,64501,147.44924926757812,-75.01315307617188,6.931060791015625,37.07796859741211
0,64502,118.95489501953125,-64.61115264892578,0.7828678488731384,21.68991470336914
0,64502,68.13395690917969,-72.58201599121094,7.5265302658081055,25.319120407104492
0,64502,22.079391479492188,11.778931617736816,38.625762939453125,19.38072395324707
0,64502,-33.35593032836914,70.88505554199219,14.0967435836792,-15.738826751708984
0,64503,-1.2472376823425293,-2.0751395225524902,-7.352062225341797,-6.821139812469482
0,64503,-4.207091808319092,7.742435932159424,12.717958450317383,-0.7761942744255066
0,64506,88.48092651367188,-4.118768692016602,-27.40818977355957,-20.509336471557617
0,64507,175.9945831298828,-80.31444549560547,7.214774131774902,14.888139724731445
0,64510,-164.9580535888672,132.22377014160156,101.90418243408203,-25.92321014404297
0,64512,-248.7413330078125,143.2322998046875,5.113831996917725,-39.90438461303711
0,64514,-21.284120559692383,-48.60759353637695,-86.03504180908203,40.853431701660156
0,64516,-8.570189476013184,-24.017179489135742,-27.618431091308594,-9.00711727142334
0,64518,-33.09526062011719,91.42823791503906,55.78116226196289,-66.23282623291016
0,64520,-116.05782318115234,143.33995056152344,51.16600799560547,-28.078975677490234
0,64522,-91.23929595947266,-81.59866333007812,-104.61417388916016,36.2578010559082
0,64524,92.01762390136719,-200.1660614013672,-92.61676025390625,41.29408264160156
0,64526,256.5150451660156,-102.12229919433594,34.69392395019531,26.125181198120117
0,64564,-93.01913452148438,139.41448974609375,10.779102325439453,-29.143878936767578
0,64564,-336.86260986328125,195.2769012451172,-6.873986721038818,-68.79586791992188
0,64564,227.03306579589844,-187.35464477539062,-11.33746337890625,52.192317962646484
0,64564,265.1414794921875,-180.679931640625,-10.396653175354004,73.5633316040039
0,64564,-12.249202728271484,0.45560649037361145,21.139453887939453,24.08325958251953
0,64564,56.786903381347656,-21.52330780029297,17.761585235595703,7.443149566650391
0,64565,-7.978038311004639,51.57257080078125,14.959787368774414,-11.382699966430664
0,64565,-93.99673461914062,91.43634033203125,28.81814193725586,-18.110116958618164
0,64565,-78.6561508178711,52.484466552734375,29.052724838256836,-34.898681640625
0,64565,-51.981689453125,29.84278678894043,4.275370121002197,2.1620900630950928
0,64565,-8.337748527526855,15.441485404968262,-4.228524684906006,30.320873260498047
0,64565,63.732444763183594,-18.350929260253906,0.9096920490264893,-0.12584522366523743
0,64566,68.27082061767578,-49.169254302978516,-15.299899101257324,-8.952406883239746
0,64566,47.91481399536133,-62.1679801940918,-4.772985935211182,25.211191177368164
0,64566,57.52616500854492,-19.726667404174805,5.5215044021606445,10.76060962677002
0,64566,17.31031036376953,29.932287216186523,-0.3337496817111969,-35.32555389404297
0,64566,-51.932334899902344,28.31627082824707,21.89101219177246,-22.487316131591797
0,64567,-85.06291198730469,46.697227478027344,16.319669723510742,-32.9416618347168
0,64567,-68.397216796875,69.36835479736328,-11.439146041870117,-16.543415069580078
0,64568,-17.857770919799805,68.24356842041016,27.899879455566406,6.68902587890625
0,64568,-3.8715338706970215,19.906322479248047,23.027759552001953,-27.67477798461914
0,64569,-72.14956665039062,-49.1015510559082,-28.22663688659668,-33.87534713745117
0,64572,-131.5784912109375,39.78693771362305,3.449397325515747,-78.00106048583984
0,64574,-1.4310123920440674,58.15401840209961,18.3450927734375,28.521087646484375
0,64576,65.80197143554688,-31.770750045776367,-18.422405242919922,100.86576080322266
0,64578,-20.590784072875977,11.855369567871094,1.8742458820343018,-80.83016967773438
0,64580,-127.16352844238281,70.08949279785156,-24.567115783691406,-53.314754486083984
0,64582,-125.55857849121094,-72.86376953125,-97.48051452636719,97.91751861572266
0,64584,253.37538146972656,-288.8426513671875,-76.03555297851562,94.04808807373047
0,64586,379.52740478515625,-111.78156280517578,-24.755311965942383,67.76263427734375
0,64588,103.94876861572266,137.55825805664062,83.61085510253906,26.67251205444336
0,64590,-98.62490844726562,23.349672317504883,71.3249282836914,-56.04189682006836
0,64592,-205.67990112304688,-23.397014617919922,18.88884162902832,-41.917381286621094
0,64594,-33.227176666259766,48.02482986450195,33.48122024536133,32.67827606201172
0,64645,177.5557403564453,-119.085693359375,-118.5471420288086,10.261916160583496
0,64645,80.9472885131836,-149.58447265625,-63.25559616088867,10.139732360839844
0,64645,-38.0593147277832,101.44975280761719,118.56258392333984,7.625083923339844
0,64645,-61.64634704589844,146.61605834960938,40.28915786743164,-43.620628356933594
0,64645,-103.6072769165039,56.28000259399414,-4.973400592803955,-50.083499908447266
0,64646,-78.40580749511719,15.884603500366211,10.462089538574219,-27.965797424316406
0,64646,-7.904439926147461,-13.846111297607422,-13.278937339782715,8.159940719604492
0,64646,37.037261962890625,-19.395008087158203,-30.647533416748047,22.21209144592285
0,64646,59.04170227050781,-17.61526870727539,-27.130903244018555,14.799489974975586
0,64646,67.25756072998047,-15.130986213684082,2.9888622760772705,7.79478120803833
0,64647,42.56184387207031,-3.8197290897369385,17.401412963867188,24.857318878173828
0,64647,10.334612846374512,23.598722457885742,33.84368896484375,15.151054382324219
0,64647,-24.118579864501953,37.889625549316406,33.014320373535156,-33.255855560302734
0,64647,-74.09281158447266,28.563562393188477,6.459625720977783,-25.910018920898438
0,64647,-72.25825500488281,44.72584533691406,-8.08080005645752,-12.773232460021973
0,64647,-45.19588851928711,24.69325065612793,2.3455002307891846,-4.229106903076172
0,64648,-24.30729866027832,-23.36369514465332,-18.949302673339844,7.569388389587402
0,64648,9.999505043029785,-16.009733200073242,-42.948238372802734,-10.102971076965332
0,64648,31.811185836791992,-21.114429473876953,5.4996137619018555,5.429144859313965
0,64648,38.259822845458984,-28.567873001098633,23.55937957763672,-5.254126071929932
0,64648,29.452674865722656,-16.723590850830078,-18.901853561401367,-14.295777320861816
0,64648,3.1111438274383545,-11.019431114196777,-4.336180686950684,23.198822021484375
0,64649,-29.363319396972656,18.151302337646484,36.027400970458984,11.509469032287598
0,64649,-27.35633659362793,37.314754486083984,2.051321268081665,-7.546035289764404
0,64649,-30.5736026763916,22.473770141601562,-11.154093742370605,-6.171492099761963
0,64650,-90.3542251586914,49.350162506103516,32.669246673583984,-2.4572103023529053
0,64650,-24.181121826171875,15.540072441101074,-22.491853713989258,19.33005142211914
0,64651,62.63636779785156,-74.75581359863281,-48.60784149169922,20.65801429748535
0,64652,-18.062339782714844,5.033344745635986,25.443506240844727,-4.2698163986206055
0,64655,-41.32994842529297,83.12625122070312,3.1602439880371094,-0.16702759265899658
0,64656,8.681187629699707,-16.69065284729004,-37.602447509765625,-0.22554083168506622
0,64659,-52.83039474487305,51.5686149597168,31.198719024658203,-83.3178482055664
0,64660,-96.80487060546875,86.34294891357422,20.391876220703125,-47.85957336425781
0,64663,97.43411254882812,-201.80824279785156,-86.87760925292969,104.19612884521484
0,64664,247.43118286132812,-249.9029541015625,-56.39633560180664,56.34653854370117
0,64667,256.7799377441406,-103.13053131103516,57.61849594116211,11.087383270263672
0,64668,134.61705017089844,74.57533264160156,101.46858978271484,5.465880870819092
0,64671,-248.27125549316406,210.996337890625,31.6583309173584,-52.96071243286133
0,64672,-231.0582275390625,16.267709732055664,-39.21894454956055,-20.346433639526367
0,64675,41.9881706237793,-69.96788024902344,-36.27116012573242,28.20206069946289
0,64676,27.00530242919922,67.47810363769531,-19.68231201171875,9.961898803710938
0,64679,-65.8436508178711,157.0267333984375,38.74153137207031,-65.92170715332031
0,64741,-147.1060791015625,60.53147506713867,31.17934799194336,-73.04563903808594
0,64741,-26.37637710571289,-102.76795196533203,-48.881534576416016,-13.126201629638672
0,64741,49.348297119140625,-3.951759099960327,-22.14457130432129,28.48929786682129
0,64741,-44.39288330078125,64.12335968017578,24.64716911315918,22.620113372802734
0,64741,-9.823305130004883,-32.8964729309082,-0.7279607653617859,2.715709924697876
0,64742,73.50225067138672,-78.41846466064453,-33.75163650512695,15.903489112854004
0,64742,90.69652557373047,-99.52664184570312,-12.232040405273438,49.42803192138672
0,64742,98.35108947753906,-84.0741195678711,12.876399040222168,43.87455749511719
0,64742,113.24742889404297,-34.43891906738281,-2.24289870262146,8.75784969329834
0,64742,57.07508087158203,-13.13385009765625,3.851989269256592,22.487001419067383
0,64742,-22.0484561920166,16.605106353759766,32.0974235534668,31.751981735229492
0,64743,-41.77276611328125,41.55562210083008,21.267410278320312,-7.007501602172852
0,64743,-57.13143539428711,30.77843475341797,-16.215547561645508,-18.589284896850586
0,64743,-54.747737884521484,37.81224822998047,-8.773387908935547,-13.548788070678711
0,64743,-23.575214385986328,4.653977870941162,0.02662970870733261,-22.809711456298828
0,64743,-13.278109550476074,-26.78679847717285,-16.83100128173828,-13.697839736938477
0,64743,33.97492599487305,1.4570913314819336,-27.624387741088867,-11.360812187194824
0,64744,45.07169723510742,-30.2530517578125,3.5639400482177734,20.247102737426758
0,64744,33.14604568481445,-36.5294075012207,39.0901985168457,37.01695251464844
0,64744,41.917999267578125,2.2335500717163086,8.746418952941895,5.639788627624512
0,64744,4.137272357940674,15.093843460083008,1.7255030870437622,-12.504244804382324
0,64744,-26.992265701293945,32.69367218017578,14.440546035766602,-17.75668716430664
0,64744,-62.956214904785156,10.232664108276367,-8.215229988098145,-10.661747932434082
0,64745,-43.75044250488281,26.995746612548828,-17.642786026000977,-14.09169864654541
0,64745,-1.7350132465362549,35.75928497314453,-5.132381916046143,-3.513307809829712
0,64745,5.999404430389404,-24.774005889892578,14.80074691772461,3.47937273979187
0,64745,51.31569290161133,-5.566486835479736,0.22623303532600403,-30.037731170654297
0,64745,38.954872131347656,-4.771725654602051,-8.238883972167969,16.153038024902344
0,64746,3.5826079845428467,-28.191967010498047,17.31963348388672,41.5532112121582
0,64746,7.983123779296875,12.2240571975708,7.317636489868164,-17.13408851623535
0,64746,-12.013812065124512,13.964550971984863,4.505874156951904,1.5434832572937012
0,64747,39.7169075012207,52.05235290527344,25.579238891601562,19.715251922607422
0,64747,15.174166679382324,76.24156188964844,12.046412467956543,-12.335041046142578
0,64748,-113.977294921875,-9.368072509765625,-14.1455717086792,-26.777578353881836
0,64749,-89.43597412109375,26.060016632080078,-3.632483959197998,-55.87636947631836
0,64750,-77.90229797363281,55.4161491394043,5.986057758331299,-58.21267318725586
0,64751,-86.47222900390625,-26.252710342407227,-15.420544624328613,18.233779907226562
0,64754,-51.37919616699219,-2.2130775451660156,-11.619714736938477,-23.42497444152832
0,64756,-14.088666915893555,-21.112876892089844,-28.84710121154785,-57.87717056274414
0,64758,-28.25084686279297,100.96434020996094,27.304208755493164,72.4595947265625
0,64760,-76.85289001464844,126.320556640625,54.86054229736328,29.698862075805664
0,64762,112.1949691772461,-274.0115051269531,-109.76739501953125,-36.0776252746582
0,64764,233.4932098388672,-292.35101318359375,-101.06906127929688,41.52057647705078
0,64766,242.06468200683594,-66.18862915039062,44.83602523803711,146.46278381347656
0,64768,151.35264587402344,55.89521789550781,77.36251068115234,119.56627655029297
0,64770,-202.62725830078125,241.3511505126953,64.19815826416016,-163.76461791992188
0,64772,-185.42774963378906,78.08755493164062,3.595607280731201,-135.70301818847656
0,64774,27.302703857421875,-76.6092529296875,-50.55613327026367,104.17849731445312
0,64776,23.20530128479004,-9.32481861114502,-27.5968074798584,18.322280883789062
0,64849,229.6815948486328,-154.00669860839844,30.183523178100586,41.803321838378906
0,64849,150.72129821777344,-69.65583038330078,34.44790267944336,82.42475128173828
0,64850,-272.8386535644531,181.23561096191406,-2.118054151535034,-112.66984558105469
0,64850,-188.36183166503906,101.74393463134766,1.5032150745391846,-74.58073425292969
0,64850,-0.642812192440033,-5.789175987243652,-12.405557632446289,15.035574913024902
0,64850,-33.19438171386719,0.9999404549598694,-20.239219665527344,-2.422316789627075
0,64850,-0.9363422393798828,-10.622751235961914,5.227092266082764,24.992464065551758
0,64850,68.59680938720703,-58.18968200683594,-26.693899154663086,10.910991668701172
0,64851,72.53883361816406,-32.134178161621094,-20.816312789916992,-4.285071849822998
0,64851,13.18844985961914,42.71628189086914,18.58422088623047,-5.741121292114258
0,64851,-35.356201171875,5.800069332122803,-8.89586067199707,-5.5644354820251465
0,64851,-73.5482177734375,0.07654279470443726,9.290189743041992,-25.19532012939453
0,64851,-58.3298225402832,61.62031173706055,46.58057403564453,-19.749195098876953
0,64851,-17.34081268310547,31.16425895690918,1.5603842735290527,17.979721069335938
0,64852,-17.452972412109375,-2.1606924533843994,-36.237850189208984,-7.483255863189697
0,64852,7.304591655731201,-11.374068260192871,-3.382420539855957,-9.451919555664062
0,64852,52.89605712890625,-40.93393325805664,13.675503730773926,21.57780647277832
0,64852,54.23783874511719,-48.97418975830078,-11.052308082580566,8.456602096557617
0,64852,26.59156608581543,-24.56875991821289,-12.046553611755371,13.207399368286133
0,64852,25.894428253173828,3.8392677307128906,2.6999924182891846,9.472809791564941
0,64853,4.019580841064453,4.473159313201904,3.884021520614624,-25.2703857421875
0,64853,-52.85723876953125,28.803680419921875,6.121863842010498,-17.944913864135742
0,64853,-25.068998336791992,50.20574188232422,8.502662658691406,6.6812310218811035
0,64853,-6.9995574951171875,11.953387260437012,-2.1386401653289795,-8.283782005310059
0,64853,-26.032995223999023,-39.48371124267578,0.4614303708076477,8.236343383789062
0,64853,16.203990936279297,-21.282562255859375,3.8959462642669678,25.607704162597656
0,64854,20.323348999023438,16.866395950317383,-23.71125030517578,3.2358486652374268
0,64854,12.027665138244629,-16.62891960144043,-14.319476127624512,19.058324813842773
0,64854,34.27915573120117,-35.51124954223633,29.728939056396484,15.731463432312012
0,64854,24.462533950805664,8.550795555114746,-5.6897501945495605,-22.036657333374023
0,64854,1.9515290260314941,13.148021697998047,-21.756582260131836,-10.76833724975586
0,64855,-27.987655639648438,-1.996396780014038,27.477317810058594,18.58620834350586
0,64855,-20.473718643188477,6.701535701751709,4.009796619415283,-15.788854598999023
0,64855,-13.69313907623291,0.39975211024284363,-18.81798553466797,-39.88432312011719
0,64855,-23.2310848236084,18.653667449951172,4.064332008361816,1.9629976749420166
0,64855,19.186767578125,23.31464195251465,11.521142959594727,13.397123336791992
0,64855,19.19963264465332,-26.40888023376465,-9.33319091796875,17.031164169311523
0,64857,-28.07682228088379,-7.110509395599365,-20.72212028503418,7.226957321166992
0,64857,-12.77681827545166,43.765140533447266,25.364688873291016,-8.172656059265137
0,64857,33.253299713134766,12.829652786254883,29.898290634155273,-0.5234757661819458
0,64858,-44.45360565185547,49.08294677734375,0.9241074919700623,-11.572038650512695
0,64860,-115.35055541992188,72.73770904541016,1.1054502725601196,12.070237159729004
0,64862,73.37391662597656,-107.73580932617188,-62.047767639160156,59.6783447265625
0,64864,224.767333984375,-260.6605224609375,-62.53015899658203,49.90717315673828
0,64866,258.31561279296875,-176.6046905517578,35.99177551269531,-67.65031433105469
0,64868,106.48353576660156,106.86286926269531,84.155029296875,-88.12873840332031
0,64870,-307.93914794921875,238.14268493652344,58.752193450927734,53.51665115356445
0,64872,-248.32278442382812,35.984718322753906,-25.25748634338379,105.16343688964844
0,64874,47.970760345458984,-16.986125946044922,-45.4910888671875,-4.89102840423584
0,64876,7.9473876953125,21.12079429626465,0.2853533923625946,-130.9202117919922
0,64878,-118.95893096923828,71.97418975830078,29.878414154052734,-108.00166320800781
0,64880,-134.56808471679688,124.595947265625,-12.005599021911621,10.465474128723145
0,64882,107.13056945800781,-125.83702850341797,-65.7115478515625,39.53843688964844
0,64884,175.74063110351562,-219.88009643554688,-56.20802688598633,1.3259658813476562
0,64886,157.668212890625,-83.96987915039062,46.198699951171875,156.27073669433594
0,64888,119.72673034667969,97.327392578125,93.49785614013672,81.2701416015625
0,64891,-240.3998260498047,201.11497497558594,-15.364755630493164,-131.25711059570312
0,64974,-241.21600341796875,69.49446868896484,-37.94923400878906,-3.3135111331939697
0,64975,98.94892883300781,-58.134830474853516,4.016280174255371,-1.7852426767349243
0,64975,191.42266845703125,-107.5674819946289,10.01350212097168,-8.173738479614258
0,64975,42.88396453857422,-20.052753448486328,8.508769035339355,30.881881713867188
0,64975,-81.8332748413086,48.83666229248047,7.3586530685424805,-8.15933895111084
0,64975,-86.87625885009766,27.84075355529785,21.092031478881836,-7.09398889541626
0,64975,-97.9056396484375,72.04505157470703,18.224727630615234,-16.94490623474121
0,64976,-70.553466796875,65.49684143066406,-13.434391021728516,-22.959096908569336
0,64976,15.739990234375,-27.123519897460938,-40.56668472290039,-28.15142059326172
0,64976,54.35383987426758,-106.92557525634766,-43.30598449707031,13.141651153564453
0,64976,87.5669937133789,-97.175537109375,4.311233997344971,34.253849029541016
0,64976,99.47915649414062,-48.68186569213867,27.129575729370117,11.583060264587402
0,64976,53.431663513183594,-25.419736862182617,-12.538223266601562,3.712237596511841
0,64977,18.759857177734375,12.67850399017334,-3.936171770095825,11.889140129089355
0,64977,-50.28236389160156,42.134193420410156,25.591388702392578,-2.0009171962738037
0,64977,-94.46754455566406,68.16710662841797,26.802242279052734,-20.954662322998047
0,64977,-66.87556457519531,106.11909484863281,0.07143712043762207,-16.163347244262695
0,64977,-41.751625061035156,63.037784576416016,-20.263704299926758,-40.56088638305664
0,64977,-9.550033569335938,-34.02094268798828,-15.112205505371094,-47.66184616088867
0,64978,-1.894544243812561,-52.8316764831543,-11.50355339050293,8.189119338989258
0,64978,25.524614334106445,-19.610280990600586,-0.8737143874168396,20.550233840942383
0,64978,83.9316635131836,-33.70621109008789,-1.1047239303588867,6.191847801208496
0,64978,46.897090911865234,-60.975677490234375,9.333666801452637,24.90867805480957
0,64978,-2.611377477645874,-23.764341354370117,3.482412815093994,9.775270462036133
0,64978,-23.581998825073242,27.36499786376953,-5.711129188537598,7.635456085205078
0,64979,-37.91072463989258,49.390968322753906,18.78416633605957,17.87345314025879
0,64979,-15.490094184875488,16.53257942199707,-0.663398027420044,-11.79609203338623
0,64979,-14.642073631286621,3.7867238521575928,1.328694462776184,-32.993770599365234
0,64979,1.8001519441604614,12.557469367980957,18.080978393554688,-0.6301094889640808
0,64979,15.916072845458984,-65.37594604492188,-30.741331100463867,40.73417663574219
0,64980,18.56939125061035,-59.17329025268555,-30.107131958007812,14.141857147216797
0,64980,58.01128387451172,12.63476848602295,7.398179531097412,-10.096927642822266
0,64980,21.80529022216797,-13.922247886657715,-14.625057220458984,10.5400972366333
0,64980,-19.229997634887695,-47.685447692871094,1.140030860900879,17.58643913269043
0,64980,12.756170272827148,28.148696899414062,20.176218032836914,-13.668420791625977
0,64980,-23.370885848999023,59.378936767578125,-10.576577186584473,-6.818428039550781
0,64981,-57.15115737915039,-17.14226722717285,9.071789741516113,7.517587184906006
0,64981,1.9515280723571777,-0.5492914319038391,-6.5924153327941895,-19.673986434936523
0,64981,18.174001693725586,19.194564819335938,-18.47882652282715,14.13523006439209
0,64981,-1.1658709049224854,-5.817637920379639,22.21690559387207,16.622840881347656
0,64981,33.964542388916016,-8.303868293762207,-9.521427154541016,-16.745861053466797
0,64981,38.68313217163086,-18.089073181152344,-8.819459915161133,2.3323023319244385
0,64983,65.47854614257812,-50.306678771972656,23.519990921020508,15.37824535369873
0,64983,58.43467712402344,-41.153865814208984,2.6941025257110596,33.04665756225586
0,64983,-41.207786560058594,56.96006774902344,-6.18888521194458,20.017343521118164
0,64983,-27.791900634765625,51.82208251953125,-1.843936562538147,-28.926420211791992
0,64984,96.12150573730469,-113.8187255859375,8.069998741149902,12.01773738861084
0,64986,185.31446838378906,-117.6656494140625,30.1536865234375,38.69257354736328
0,64988,-23.59031867980957,147.7659454345703,53.538330078125,-49.958396911621094
0,64990,-237.2509307861328,191.20127868652344,47.376522064208984,-34.332401275634766
0,64993,-161.82952880859375,14.852289199829102,-6.0678229331970215,-27.048059463500977
0,64994,-68.37885284423828,25.08026695251465,-28.750980377197266,-66.73899841308594
0,64997,-10.897894859313965,84.98477172851562,-31.06138801574707,11.422630310058594
0,64998,-63.87810134887695,73.69953918457031,-20.219104766845703,3.0276107788085938
0,65001,-116.95926666259766,-34.89193344116211,-52.22948455810547,-2.049086332321167
0,65002,39.89414596557617,-163.04550170898438,-96.4844970703125,68.01348876953125
0,65003,171.5399627685547,-136.96627807617188,-7.230559349060059,30.161252975463867
0,65006,247.20562744140625,-72.7711181640625,60.74497985839844,27.690738677978516
0,65007,196.71104431152344,35.36533737182617,95.42284393310547,29.175113677978516
0,65010,-198.36341857910156,117.38219451904297,75.79769897460938,-109.55608367919922
0,65011,-254.8077850341797,2.01926851272583,-46.34861373901367,-101.71102142333984
0,65014,19.19317054748535,-65.22091674804688,-86.35990905761719,33.93909454345703
0,65015,70.7386474609375,14.317496299743652,-3.2459583282470703,111.71015930175781
0,65018,-52.77876281738281,136.07171630859375,71.62214660644531,32.81622314453125
0,65019,-138.5045623779297,107.18949127197266,37.451053619384766,-116.64665985107422
0,65116,114.19393157958984,-110.9948501586914,-7.378067493438721,66.07962036132812
0,65116,104.49185180664062,-56.167755126953125,-6.6363372802734375,74.19558715820312
0,65117,-192.09466552734375,149.93316650390625,-28.509355545043945,-139.3776092529297
0,65117,-75.00753784179688,27.52353286743164,-34.16988754272461,-21.640056610107422
0,65117,95.78959655761719,-111.89196014404297,-36.215553283691406,42.06978988647461
0,65117,85.60680389404297,-78.89341735839844,-30.877216339111328,-8.407423973083496
0,65117,79.19747924804688,-61.9963493347168,29.429014205932617,-16.019716262817383
0,65117,72.98651885986328,-9.038102149963379,41.15522003173828,-47.085853576660156
0,65118,23.703689575195312,13.13563060760498,-10.679030418395996,-41.011024475097656
0,65118,-50.43089294433594,5.769005298614502,4.361024379730225,-21.71284294128418
0,65118,-73.26040649414062,54.3846549987793,44.55077362060547,-20.648677825927734
0,65118,-68.02388763427734,47.7445068359375,-7.326451301574707,-55.51163864135742
0,65118,-66.06036376953125,11.19737434387207,-56.89433670043945,-39.84365463256836
0,65119,-22.715757369995117,1.9033186435699463,-18.481679916381836,39.3779296875
0,65119,45.20204162597656,-43.17647171020508,-0.21973107755184174,49.084617614746094
0,65119,49.87032699584961,-82.77569580078125,-10.951600074768066,48.28636932373047
0,65119,57.775535583496094,-33.63334655761719,14.522727966308594,57.17659378051758
0,65119,78.98196411132812,6.189918041229248,10.787616729736328,35.911373138427734
0,65119,30.330860137939453,-8.75763988494873,-0.6990501284599304,32.4512825012207
0,65119,-33.14925765991211,8.207740783691406,6.31968879699707,48.30951690673828
0,65120,-57.63026809692383,25.032140731811523,-3.6572346687316895,74.99427032470703
0,65120,-48.11265182495117,22.962141036987305,-8.865496635437012,54.296634674072266
0,65120,-34.33628463745117,6.310273170471191,-1.9779181480407715,29.497159957885742
0,65120,-5.5644965171813965,1.243161916732788,4.964324474334717,66.0837631225586
0,65120,33.86870574951172,-4.340329170227051,1.5036180019378662,58.11283493041992
0,65121,44.92856979370117,-31.284446716308594,-15.001976013183594,15.97132396697998
0,65121,44.46195602416992,-27.061098098754883,5.4921875,7.471029758453369
0,65121,45.638916015625,-16.597993850708008,16.820363998413086,-17.5648250579834
0,65121,21.98696517944336,2.0203497409820557,-7.201421737670898,-34.586917877197266
0,65121,-20.563133239746094,11.587103843688965,25.75579071044922,-66.42518615722656
0,65121,-33.34877395629883,4.340188026428223,17.420499801635742,-95.12872314453125
0,65122,-31.91314125061035,31.527236938476562,-27.200925827026367,-70.8717041015625
0,65122,-21.824831008911133,40.38500213623047,-8.770821571350098,-60.98431396484375
0,65122,6.96216344833374,-6.133276462554932,-20.256092071533203,-55.1334342956543
0,65122,23.179922103881836,-35.33524703979492,-25.094799041748047,-34.840660095214844
0,65122,16.601533889770508,-12.524785041809082,24.732337951660156,-11.846258163452148
0,65122,7.545577526092529,-1.3814728260040283,30.44231605529785,-3.993499755859375
0,65123,30.695348739624023,-26.87656021118164,3.3856453895568848,-2.6129863262176514
0,65123,33.320152282714844,14.752169609069824,6.800903797149658,18.481325149536133
0,65123,0.787990927696228,39.666202545166016,13.250762939453125,38.98836135864258
0,65123,-33.20100784301758,-22.52851676940918,-2.3167994022369385,28.86680030822754
0,65123,-36.906681060791016,-3.3489668369293213,-3.3268613815307617,23.21853256225586
0,65123,0.6853595972061157,32.22399139404297,5.49200439453125,46.529747009277344
0,65124,13.281740188598633,-2.8146450519561768,-16.305997848510742,36.5260009765625
0,65124,7.389182090759277,-28.566858291625977,-20.526885986328125,-0.8626112341880798
0,65124,9.397211074829102,-18.8509521484375,26.913875579833984,26.15434455871582
0,65124,14.292492866516113,9.043691635131836,19.214736938476562,31.709251403808594
0,65124,1.3851768970489502,14.789860725402832,-15.969425201416016,-10.836095809936523
0,65126,91.4222183227539,-25.105093002319336,30.923912048339844,-4.716137886047363
0,65126,81.31378936767578,-22.248775482177734,46.51980209350586,-26.616453170776367
0,65126,-103.66044616699219,55.04030227661133,-21.721237182617188,-55.758365631103516
0,65126,-78.67829132080078,53.66236114501953,-16.64276885986328,-35.10142517089844
0,65126,-2.208158016204834,4.537776947021484,16.682518005371094,-9.890693664550781
0,65128,-30.64788055419922,6.591165542602539,-6.008986473083496,65.75323486328125
0,65130,-146.4930419921875,84.36060333251953,30.45090103149414,-12.216022491455078
0,65132,-133.79495239257812,153.04298400878906,33.68696212768555,-117.83554077148438
0,65134,62.92721939086914,69.95489501953125,1.1117992401123047,22.100980758666992
0,65136,69.44384765625,-94.97631072998047,9.169000625610352,48.96072006225586
0,65138,-222.7010498046875,10.610541343688965,-64.263427734375,-93.37207794189453
0,65140,-276.524658203125,67.59326171875,-129.08836364746094,-40.25215530395508
0,65142,222.9834442138672,-276.5079650878906,-142.17593383789062,-1.724736213684082
0,65144,421.3473815917969,-279.1831359863281,-49.23223114013672,-129.49122619628906
0,65147,294.4376525878906,-34.934059143066406,103.5080795288086,247.82208251953125
0,65148,40.31204605102539,100.04508972167969,73.26871490478516,425.78057861328125
0,65151,-328.92779541015625,146.41749572753906,132.49411010742188,-108.26248931884766
0,65152,-112.0525131225586,2.3557722568511963,115.43852996826172,-295.0413818359375
0,65155,90.44264221191406,-30.951414108276367,-137.82623291015625,-120.16645812988281
0,65156,-51.47053909301758,63.25133514404297,-79.71900177001953,0.17220868170261383
0,65159,-101.22415161132812,135.48065185546875,79.43518829345703,28.70014190673828
0,65160,-107.50836181640625,61.24148178100586,23.028833389282227,65.35857391357422
0,65163,136.65380859375,-145.89117431640625,-42.332427978515625,91.69659423828125
0,65268,354.7226867675781,-202.6343231201172,32.93840789794922,46.999610900878906
0,65269,52.101924896240234,3.0573408603668213,56.945674896240234,-41.57203674316406
0,65269,-273.8359375,133.72328186035156,-61.402923583984375,-94.35131072998047
0,65269,-61.13163757324219,-23.013874053955078,-77.681640625,-14.258397102355957
0,65269,130.68260192871094,-77.10993194580078,-26.812681198120117,48.63098907470703
0,65269,59.38713836669922,-28.327627182006836,0.5231376886367798,32.403480529785156
0,65269,24.430513381958008,-18.932828903198242,15.480324745178223,16.16448974609375
0,65270,-15.667901992797852,43.21437072753906,27.9611759185791,22.670747756958008
0,65270,-85.2978286743164,71.98194122314453,50.9093017578125,-13.640556335449219
0,65270,-119.5125732421875,84.9419937133789,41.23080062866211,-51.931880950927734
0,65270,-92.85968017578125,72.9241714477539,-8.908085823059082,-53.75333786010742
0,65270,-82.22599029541016,42.33119583129883,-27.57417869567871,-43.66719055175781
0,65270,-38.55409240722656,4.2535247802734375,-20.5915584564209,-31.760412216186523
0,65271,65.95680236816406,-71.72042846679688,-23.369735717773438,-12.971026420593262
0,65271,95.98985290527344,-75.38407897949219,-24.211925506591797,42.13361740112305
0,65271,70.32035064697266,-52.397972106933594,-13.377055168151855,48.96749496459961
0,65271,48.98299026489258,-52.029720306396484,2.704162359237671,36.01798629760742
0,65271,11.230612754821777,-1.5131399631500244,21.935630798339844,35.21930694580078
0,65271,-15.47274398803711,53.458927154541016,35.37051010131836,-16.394344329833984
0,65272,-41.676998138427734,65.1801986694336,18.057405471801758,-36.832271575927734
0,65272,-71.59296417236328,42.9831428527832,1.9387696981430054,-18.530162811279297
0,65272,-42.28240203857422,32.40912628173828,-18.07550811767578,-14.909088134765625
0,65272,12.437623023986816,-2.224097728729248,-29.968603134155273,-1.5422943830490112
0,65272,19.725690841674805,-51.96541213989258,-8.544270515441895,13.432708740234375
0,65272,37.43918991088867,-36.27939987182617,10.573653221130371,40.68446350097656
0,65273,69.23477935791016,-29.573001861572266,-13.870148658752441,16.081947326660156
0,65273,47.06520080566406,-23.80817985534668,0.5965748429298401,-18.846942901611328
0,65273,-5.137237548828125,8.095857620239258,47.15647506713867,33.222476959228516
0,65273,-17.19756507873535,10.244646072387695,22.51641845703125,24.272851943969727
0,65273,-35.61677551269531,22.9677791595459,-5.920080661773682,-0.9610447883605957
0,65273,-58.97828674316406,28.155941009521484,-20.66754722595215,29.653703689575195
0,65274,-13.7105073928833,23.746103286743164,-2.123948812484741,28.669557571411133
0,65274,12.278700828552246,18.04041862487793,1.4798046350479126,43.613929748535156
0,65274,10.45361042022705,-18.355138778686523,-42.237361907958984,28.48695182800293
0,65274,28.552743911743164,-20.818618774414062,-4.5408196449279785,-9.56893539428711
0,65274,30.238788604736328,-4.645139217376709,23.652673721313477,22.148212432861328
0,65275,14.61337661743164,-10.920818328857422,-18.30219841003418,28.890501022338867
0,65275,-8.160151481628418,-9.232705116271973,8.33763599395752,1.9780534505844116
0,65275,-4.675866603851318,12.262702941894531,21.638105392456055,-15.405302047729492
0,65275,2.0321168899536133,17.838623046875,-6.439599514007568,-84.46660614013672
0,65275,-27.675146102905273,-5.32570219039917,-2.637885808944702,-94.3747329711914
0,65275,-32.178436279296875,7.456930637359619,8.848058700561523,-22.683448791503906
0,65276,-10.723739624023438,17.03833770751953,2.7469327449798584,-37.53596115112305
0,65276,13.736065864562988,-20.281118392944336,-24.977962493896484,-31.75551414489746
0,65276,19.049152374267578,-19.75291633605957,16.232669830322266,4.6070027351379395
0,65276,5.9647321701049805,21.147550582885742,11.514176368713379,-39.686058044433594
0,65276,12.980841636657715,-1.2181189060211182,-37.094337463378906,-29.764062881469727
0,65276,-1.9770281314849854,-28.3773136138916,9.909175872802734,-2.0811843872070312
0,65277,-10.70721435546875,17.82502555847168,33.22346878051758,-45.89339828491211
0,65277,-4.25879430770874,10.482831001281738,-0.6381993889808655,-40.30937957763672
0,65277,-39.01187515258789,-4.397981643676758,-8.820269584655762,-2.775783061981201
0,65277,-29.443132400512695,7.166149616241455,-6.4269256591796875,-38.233131408691406
0,65277,-13.55400562286377,-30.43404769897461,-6.627315521240234,-42.118011474609375
0,65279,-104.93440246582031,12.442811965942383,-46.24953842163086,-237.5235595703125
0,65279,-48.25225830078125,16.84417724609375,-49.40793228149414,-200.83641052246094
0,65279,111.30699920654297,-51.76716613769531,43.813934326171875,251.13336181640625
0,65279,55.8626823425293,-22.780914306640625,13.193849563598633,159.77854919433594
0,65279,-27.338605880737305,21.183000564575195,-16.289152145385742,-29.000459671020508
0,65281,51.79642868041992,-3.048374652862549,14.140233993530273,76.05814361572266
0,65282,134.13023376464844,-97.53047180175781,-48.782657623291016,424.2043762207031
0,65285,257.3064880371094,-222.67164611816406,3.17789626121521,785.9379272460938
0,65286,239.7841796875,-123.92274475097656,107.51057434082031,78.64165496826172
0,65289,-142.4878692626953,284.99053955078125,96.8472900390625,-667.3098754882812
0,65290,-265.0771179199219,256.46484375,22.061477661132812,-160.19317626953125
0,65293,-113.47532653808594,-43.34181213378906,-42.708152770996094,214.84970092773438
0,65294,-24.15452003479004,3.415694236755371,-41.36518096923828,-24.7432804107666
0,65295,8.672286987304688,-0.6995710134506226,-37.29120635986328,-120.16474914550781
0,65298,-190.40679931640625,67.70458984375,18.48709487915039,-201.85121154785156
0,65299,-194.5990447998047,163.3948211669922,43.04224395751953,-59.82527542114258
0,65302,128.9434051513672,-84.7159423828125,-76.05656433105469,-66.18695068359375
0,65303,204.0708465576172,-176.95477294921875,-99.14057159423828,-608.7486572265625
0,65306,174.45034790039062,-135.64495849609375,-29.96770477294922,216.31503295898438
0,65307,104.87442779541016,-88.52120971679688,27.61241340637207,1065.10302734375
0,65310,-224.20022583007812,144.13912963867188,108.23623657226562,-461.8984375
0,65311,-166.87979125976562,86.06717681884766,37.657955169677734,-788.76416015625
0,65314,125.65706634521484,-7.833108901977539,-25.907581329345703,662.0859375
0,65315,74.64826202392578,24.934473037719727,18.33759880065918,614.1261596679688
0,65318,-133.8682098388672,52.476036071777344,0.798552930355072,-80.02440643310547
0,65435,-18.60265350341797,-26.91919708251953,16.745983123779297,-489.2914733886719
0,65435,152.19024658203125,-105.84508514404297,10.552142143249512,-462.50048828125
0,65435,-166.0491180419922,127.91339111328125,-22.151153564453125,165.6248321533203
0,65435,-165.41453552246094,90.3977279663086,-6.033697128295898,145.36514282226562
0,65435,70.1912841796875,-68.99777221679688,-9.970670700073242,-43.571475982666016
0,65435,62.15761947631836,-30.112178802490234,-19.05817985534668,83.67839050292969
0,65435,102.64356994628906,-52.52973556518555,-27.6895809173584,37.73432159423828
0,65436,115.34605407714844,-82.95127868652344,-24.42139434814453,10.003365516662598
0,65436,40.50291442871094,-18.665529251098633,-0.6191163659095764,24.36993408203125
0,65436,-26.712474822998047,44.51697540283203,25.453632354736328,2.197042226791382
0,65436,-59.7050895690918,59.383060455322266,29.940092086791992,8.819684028625488
0,65436,-73.23587036132812,76.43024444580078,6.558496952056885,-1.7976279258728027
0,65437,-84.36555480957031,42.12401580810547,-5.10114860534668,-41.5940055847168
0,65437,-71.6761703491211,25.465560913085938,-8.507494926452637,-4.59345817565918
0,65437,-7.724643230438232,18.202045440673828,-5.99897575378418,24.297399520874023
0,65437,55.0217170715332,-47.61128616333008,10.831284523010254,13.20502758026123
0,65437,51.409095764160156,-88.33328247070312,-4.780327320098877,7.2398881912231445
0,65437,54.497344970703125,-72.50927734375,-19.084260940551758,25.085798263549805
0,65438,102.38999938964844,-10.827227592468262,13.070757865905762,-3.2702510356903076
0,65438,7.630737781524658,15.224668502807617,15.392988204956055,-29.464921951293945
0,65438,-95.54589080810547,-16.140647888183594,2.9961934089660645,1.0724399089813232
0,65438,-30.50540542602539,23.73212242126465,-2.618612766265869,-6.714840888977051
0,65438,-7.5022735595703125,40.09116744995117,-26.394262313842773,1.179787278175354
0,65438,-29.95655059814453,-14.465466499328613,-3.7332942485809326,1.6096309423446655
0,65439,17.237703323364258,9.700929641723633,17.140283584594727,-16.637346267700195
0,65439,29.566364288330078,3.02569317817688,-16.389175415039062,1.8963528871536255
0,65439,-2.576725959777832,-79.0847396850586,-23.286014556884766,-13.132115364074707
0,65439,18.01299476623535,-48.672298431396484,-11.841073989868164,-11.036649703979492
0,65439,62.38848114013672,27.733076095581055,-8.005966186523438,23.755094528198242
0,65440,8.43632698059082,-1.1715583801269531,21.84290313720703,-3.68918514251709
0,65440,-32.888248443603516,-19.77546501159668,24.00177764892578,-16.96212387084961
0,65440,-7.57119083404541,40.53184509277344,-9.6588773727417,-3.150097370147705
0,65440,-25.520118713378906,44.16748046875,-10.111115455627441,-7.447275638580322
0,65440,-25.757349014282227,4.937630653381348,9.57921314239502,3.0403645038604736
0,65440,18.4884033203125,-3.035379648208618,13.213789939880371,17.714704513549805
0,65441,56.60018539428711,1.8429145812988281,-8.003560066223145,0.5824171304702759
0,65441,18.134519577026367,-15.9192476272583,-15.047035217285156,-14.955026626586914
0,65441,-5.827111721038818,-34.84126281738281,2.626558542251587,31.089574813842773
0,65441,31.176481246948242,2.518601894378662,9.059748649597168,8.802077293395996
0,65441,9.032760620117188,-2.913090467453003,-0.07760366797447205,-28.326324462890625
0,65441,-32.12724685668945,-7.032520771026611,13.561319351196289,25.790285110473633
0,65442,-21.04706573486328,40.19967269897461,18.77621841430664,18.378231048583984
0,65442,-7.223750591278076,12.189441680908203,-9.63976001739502,0.6183557510375977
0,65442,-8.756857872009277,-10.424261093139648,-0.13792864978313446,8.006767272949219
0,65442,24.47017478942871,-11.50037956237793,9.904178619384766,-6.860988140106201
0,65442,30.614343643188477,-18.207561492919922,-14.858542442321777,-10.007495880126953
0,65442,8.569953918457031,-8.97903823852539,1.7564641237258911,-3.1965994834899902
0,65443,15.913487434387207,7.3019866943359375,13.781818389892578,8.398533821105957
0,65443,19.464523315429688,8.70763874053955,-3.8947291374206543,-23.419477462768555
0,65443,-7.119377613067627,-17.48781394958496,7.263839244842529,-18.55044937133789
0,65443,-23.768522262573242,-2.267958879470825,6.87086296081543,-3.817241668701172
0,65443,-14.711910247802734,1.2148317098617554,-6.385433673858643,-34.93882751464844
0,65443,1.6633708477020264,0.7811537384986877,-8.923968315124512,-6.148716926574707
0,65444,-5.529989719390869,15.151754379272461,-4.452834606170654,23.874971389770508
0,65444,-27.48246955871582,8.97719669342041,4.358672142028809,-0.6723045110702515
0,65444,-1.9214200973510742,10.664259910583496,-7.260993957519531,-34.25944137573242
0,65444,-0.9661344885826111,-5.271214008331299,-12.071181297302246,-5.788898468017578
0,65444,-9.912396430969238,-17.78647804260254,19.208513259887695,43.31834030151367
0,65446,106.31749725341797,-7.024527072906494,26.93030548095703,83.37723541259766
0,65446,66.2361831665039,22.31362533569336,-16.791589736938477,68.47235107421875
0,65446,-103.7925033569336,49.08549118041992,-13.503961563110352,-22.225324630737305
0,65446,-30.74288558959961,12.383855819702148,14.91692066192627,-29.31118392944336
0,65446,14.960954666137695,-6.067781448364258,1.336272954940796,20.60011100769043
0,65446,-20.566476821899414,20.345539093017578,-4.882336139678955,14.831342697143555
0,65448,-23.66753387451172,29.651140213012695,39.6129035949707,28.73355484008789
0,65450,-161.67640686035156,103.66302490234375,13.174715995788574,-19.89775848388672
0,65452,-154.32937622070312,54.02738952636719,-53.15929412841797,-241.0075225830078
0,65454,22.006147384643555,-86.47187805175781,-7.4610466957092285,-194.0360870361328
0,65456,12.020769119262695,-6.14456033706665,-4.898983955383301,81.58850860595703
0,65458,-140.21275329589844,176.92971801757812,14.862250328063965,327.0603942871094
0,65460,-86.00222778320312,98.14869689941406,4.165071487426758,84.27911376953125
0,65462,332.71917724609375,-383.4737548828125,-77.42764282226562,-242.34852600097656
0,65464,370.900390625,-397.2989196777344,-37.15299606323242,144.2002716064453
0,65467,66.07471466064453,145.72036743164062,73.13165283203125,-91.86128997802734
0,65468,-12.086758613586426,218.8114471435547,92.81568145751953,-203.23916625976562
0,65471,-176.96670532226562,5.561470031738281,-15.974776268005371,358.95855712890625
0,65585,-25.963207244873047,-143.75991821289062,-106.2593765258789,88.96343231201172
0,65585,246.36558532714844,-143.01365661621094,-70.98680114746094,-171.10902404785156
0,65585,-26.029401779174805,67.5342788696289,60.954437255859375,-19.25725555419922
0,65585,-144.50982666015625,92.88562774658203,63.229576110839844,-33.55790710449219
0,65585,-21.142683029174805,42.761390686035156,-10.090313911437988,-64.69618225097656
0,65585,-78.07488250732422,63.92049789428711,5.115675449371338,-35.822540283203125
0,65586,-107.53809356689453,49.45983123779297,17.75525665283203,10.895736694335938
0,65586,-28.9465274810791,56.59211349487305,2.2980616092681885,15.379091262817383
0,65586,18.72820472717285,13.059893608093262,1.1836148500442505,38.5586051940918
0,65586,32.64817810058594,-22.221105575561523,15.126372337341309,58.01386642456055
0,65586,47.860103607177734,-7.655426025390625,-11.401138305664062,3.333871603012085
0,65586,26.835800170898438,-39.62529754638672,1.0370374917984009,15.746138572692871
0,65587,14.314289093017578,-39.47207260131836,36.75967788696289,20.49795150756836
0,65587,-11.902222633361816,12.03343677520752,-19.58236312866211,-25.92482566833496
0,65587,-54.862266540527344,22.900224685668945,-16.242563247680664,-13.810216903686523
0,65587,-45.063697814941406,13.019553184509277,22.68375587463379,-9.904387474060059
0,65587,-36.78819274902344,7.8276848793029785,-19.747522354125977,-8.065909385681152
0,65587,-22.9161434173584,1.7197824716567993,-33.72859191894531,6.7721123695373535
0,65588,1.6813199520111084,-6.101123809814453,-18.350770950317383,5.893504619598389
0,65588,16.843639373779297,-5.992588996887207,12.452418327331543,3.552530527114868
0,65588,40.61817932128906,-8.977439880371094,16.86199378967285,-7.328979969024658
0,65588,19.996829986572266,-20.521486282348633,-26.09183692932129,-6.760258674621582
0,65588,4.47589635848999,-20.63719367980957,6.068934917449951,-7.338291645050049
0,65589,8.147642135620117,8.704876899719238,44.69318389892578,1.1930696964263916
0,65589,-4.7390851974487305,45.2276725769043,-15.80077075958252,15.122077941894531
0,65589,-10.123332977294922,9.03735065460205,-25.299198150634766,-21.733749389648438
0,65589,-22.295503616333008,-0.3884347379207611,20.091064453125,12.61014461517334
0,65589,-11.131231307983398,5.971391201019287,-11.134305000305176,34.05936813354492
0,65589,13.756448745727539,-32.110321044921875,-9.885326385498047,-18.33993911743164
0,65590,11.169565200805664,-13.529111862182617,12.278714179992676,-4.768604278564453
0,65590,8.614474296569824,-11.254508018493652,-5.493658542633057,4.666497230529785
0,65590,20.676862716674805,-20.42474365234375,2.5351450443267822,1.2191362380981445
0,65590,17.985694885253906,-1.4407129287719727,7.630527973175049,-7.687863826751709
0,65590,-7.038702487945557,6.820216655731201,4.634282112121582,-8.050963401794434
0,65590,-42.959388732910156,20.129663467407227,-13.112141609191895,-8.33016586303711
0,65591,-10.226359367370605,6.84494686126709,-8.914538383483887,-24.591556549072266
0,65591,28.729869842529297,-8.63988971710205,11.986265182495117,-2.877251148223877
0,65591,-32.19374084472656,-0.33514878153800964,2.9953830242156982,5.182129859924316
0,65591,-20.05106544494629,18.024614334106445,-0.028972461819648743,-0.774033784866333
0,65591,22.302709579467773,5.914760112762451,3.326845169067383,-3.999201536178589
0,65591,15.660985946655273,-15.121160507202148,-3.0700809955596924,-16.770166397094727
0,65592,19.89094352722168,1.476778268814087,-8.831108093261719,-13.943408012390137
0,65592,-1.6444082260131836,5.393709659576416,3.0164358615875244,6.967072010040283
0,65592,-0.9050344824790955,17.761938095092773,-1.1300290822982788,21.493356704711914
0,65592,-0.1297674924135208,8.830862045288086,-7.129631042480469,14.225469589233398
0,65592,-9.129569053649902,-18.769977569580078,18.4864444732666,4.862728595733643
0,65592,0.8041275143623352,14.071410179138184,7.515423774719238,20.10110092163086
0,65593,10.800743103027344,30.457401275634766,-29.338733673095703,34.000518798828125
0,65593,9.686720848083496,-14.958045959472656,11.779398918151855,11.959787368774414
0,65593,-2.189249277114868,-30.6124324798584,17.709522247314453,-0.14767751097679138
0,65593,9.34473991394043,1.8086025714874268,-28.56142807006836,4.01498556137085
0,65593,9.329164505004883,5.427811145782471,8.791741371154785,17.68495750427246
0,65593,10.495122909545898,-3.070335865020752,13.201441764831543,3.8970794677734375
0,65594,9.954035758972168,-3.0499320030212402,-0.20900101959705353,-29.808940887451172
0,65594,-19.376575469970703,0.38404974341392517,7.091315269470215,-14.765652656555176
0,65594,-13.271939277648926,-1.6965137720108032,-36.107364654541016,-15.714566230773926
0,65594,-13.52076530456543,-24.99085807800293,-7.855843544006348,-20.682559967041016
0,65595,-33.58842086791992,18.91744041442871,40.654911041259766,-22.982168197631836
0,65596,4.254594802856445,51.09267044067383,4.580502986907959,-26.50684356689453
0,65596,25.044946670532227,5.149726390838623,-1.9109121561050415,2.387042999267578
0,65596,-0.4370603561401367,-11.115411758422852,2.2064952850341797,-7.492318153381348
0,65596,-15.363015174865723,-12.809863090515137,-4.515917778015137,-16.874284744262695
0,65596,-14.207768440246582,1.9082238674163818,14.343366622924805,2.2640762329101562
0,65598,-76.22679901123047,71.15980529785156,-10.967089653015137,-1.5626566410064697
0,65600,-74.53680419921875,-35.153778076171875,-69.2120361328125,-23.687467575073242
0,65602,138.4226531982422,-196.6027374267578,-34.58121109008789,4.032900333404541
0,65604,354.90252685546875,-204.572509765625,16.17990493774414,121.70755767822266
0,65606,216.36624145507812,-68.05326843261719,30.31910514831543,102.97229766845703
0,65608,-221.2263946533203,221.98329162597656,72.66163635253906,-44.30873107910156
0,65610,-255.3975372314453,178.74600219726562,11.154092788696289,-29.251253128051758
0,65612,-57.008140563964844,-4.38405179977417,-31.187313079833984,-24.488365173339844
0,65614,-27.888076782226562,17.170236587524414,6.412098407745361,-54.998046875
0,65616,-41.2027473449707,83.9364013671875,8.881903648376465,-3.0547714233398438
0,65618,-109.79524993896484,141.47120666503906,21.854028701782227,62.352783203125
0,65620,-22.337642669677734,-81.65177917480469,-50.919532775878906,1.4847121238708496
0,65622,116.93939971923828,-231.04283142089844,-70.02184295654297,-147.73886108398438
0,65624,265.5574951171875,-91.74139404296875,32.08291244506836,24.26348114013672
0,65626,203.7716064453125,-15.967560768127441,50.79771423339844,160.70814514160156
0,65628,-218.95834350585938,116.53945922851562,39.22571563720703,-19.674219131469727
0,65630,-218.96653747558594,148.37777709960938,4.008755207061768,-58.27402877807617
0,65632,6.223611354827881,-18.29500961303711,-62.067684173583984,-2.573375701904297
0,65634,36.44264221191406,-103.20379638671875,-15.776318550109863,-28.1313533782959
0,65758,-64.8921890258789,61.68040084838867,25.989988327026367,-17.17568588256836
0,65758,-128.63499450683594,150.44851684570312,-12.719160079956055,-1.9712741374969482
0,65758,81.2784652709961,-21.53009033203125,23.621734619140625,17.39982795715332
0,65759,8.5183687210083,4.939914226531982,25.174434661865234,6.270029544830322
0,65759,-138.14649963378906,36.346229553222656,-31.894771575927734,-32.04090881347656
0,65759,-37.85182189941406,-25.140920639038086,-9.598916053771973,8.586193084716797
0,65759,45.32221984863281,-34.09019470214844,7.029975891113281,26.470977783203125
0,65759,125.02727508544922,-110.39055633544922,-42.22287368774414,3.4106686115264893
0,65759,136.73770141601562,-117.48039245605469,-35.89706039428711,24.719472885131836
0,65760,115.98124694824219,-45.37198257446289,18.17186164855957,41.28044509887695
0,65760,99.23948669433594,-40.10372543334961,25.266910552978516,4.375822067260742
0,65760,10.201247215270996,-19.682214736938477,20.793657302856445,-1.106886863708496
0,65760,-68.6500473022461,47.483306884765625,20.388193130493164,14.41707706451416
0,65760,-61.329139709472656,77.47480773925781,11.249135971069336,-27.19414710998535
0,65761,-54.49275207519531,74.0124740600586,-10.162114143371582,-39.82871627807617
0,65761,-57.4920654296875,27.49069595336914,-28.30010223388672,-15.805868148803711
0,65761,-32.97290802001953,-24.332979202270508,-16.191665649414062,-5.471839904785156
0,65761,43.721473693847656,-36.28981018066406,9.196808815002441,3.2300310134887695
0,65761,77.14476776123047,-34.73374557495117,0.958217442035675,13.230854034423828
0,65761,43.927066802978516,-65.33869934082031,-0.8355119824409485,12.095490455627441
0,65762,45.73422622680664,-49.787628173828125,13.251856803894043,-0.9417642951011658
0,65762,15.284126281738281,30.28453826904297,8.729823112487793,18.17974090576172
0,65762,-39.99370574951172,41.01449966430664,9.791338920593262,1.2833354473114014
0,65762,-54.3599967956543,35.40822982788086,13.207070350646973,-24.81675148010254
0,65762,-49.470699310302734,47.82308578491211,7.821969032287598,-2.0876529216766357
0,65762,-31.6318359375,18.63228416442871,-20.609506607055664,-0.6746515035629272
0,65763,10.11821460723877,-6.081297874450684,-17.601821899414062,-1.8465657234191895
0,65763,48.38527297973633,-27.735628128051758,4.896289825439453,10.529754638671875
0,65763,44.00629425048828,-46.71681213378906,-14.367426872253418,2.6845462322235107
0,65763,9.785951614379883,-21.860572814941406,4.971119403839111,0.8292648792266846
0,65763,2.8778812885284424,5.593221664428711,15.063858032226562,29.65663719177246
0,65763,18.537120819091797,21.26146697998047,-1.2538220882415771,17.338481903076172
0,65764,-3.523766040802002,40.16987228393555,22.091001510620117,-10.343780517578125
0,65764,-9.248795509338379,16.905380249023438,6.618495464324951,6.785373687744141
0,65764,-30.842708587646484,13.360206604003906,-14.154679298400879,-7.746275901794434
0,65764,-54.40141677856445,18.186010360717773,-8.141244888305664,-40.54866027832031
0,65764,-8.443473815917969,-29.32098388671875,-13.757753372192383,-11.070147514343262
0,65764,5.239572525024414,-20.54921531677246,-2.8298439979553223,20.360675811767578
0,65765,20.941753387451172,3.5657005310058594,-3.8447017669677734,9.651022911071777
0,65765,31.062036514282227,-11.507560729980469,5.952402114868164,-1.7786966562271118
0,65765,-3.7633187770843506,2.2726147174835205,21.420679092407227,-0.27908042073249817
0,65765,-18.794286727905273,14.286645889282227,-1.7035720348358154,-4.20576286315918
0,65765,-19.779523849487305,6.6928911209106445,-5.188472747802734,-0.6971795558929443
0,65765,1.0165575742721558,24.143556594848633,6.577576160430908,0.5429664254188538
0,65766,-20.072587966918945,32.573699951171875,6.726683616638184,-2.255018711090088
0,65766,-50.6428337097168,-6.316071033477783,5.625272750854492,1.9476518630981445
0,65766,5.622706413269043,5.127566337585449,0.7873602509498596,-20.949674606323242
0,65766,17.73735809326172,17.763639450073242,-2.4360523223876953,3.9231631755828857
0,65766,-13.998991012573242,-0.6208509206771851,16.270505905151367,26.252836227416992
0,65766,9.666413307189941,10.907264709472656,1.6508253812789917,-13.321549415588379
0,65767,21.78754234313965,-16.422571182250977,-24.979633331298828,-6.140596389770508
0,65767,-6.30141544342041,-10.589406967163086,9.839550018310547,2.2411553859710693
0,65767,-18.014833450317383,-9.170317649841309,4.232032299041748,-4.770118236541748
0,65767,-7.712008476257324,-8.65093994140625,-10.411948204040527,0.825691819190979
0,65767,-16.422048568725586,25.845720291137695,6.830624103546143,-3.3955307006835938
0,65767,-15.290488243103027,-9.509710311889648,-13.53030014038086,-2.23641037940979
0,65768,14.417571067810059,4.803224563598633,-7.718082904815674,-11.754354476928711
0,65768,17.85305404663086,0.8100109100341797,1.5965588092803955,-1.73466956615448
0,65768,-1.0886422395706177,-34.51690673828125,3.1782195568084717,5.874053955078125
0,65768,-5.94675350189209,2.726703643798828,8.746386528015137,-2.8681271076202393
0,65768,3.4557018280029297,16.48360824584961,-17.348562240600586,-2.395073175430298
0,65769,7.094420909881592,-17.342443466186523,-5.228534698486328,5.700653076171875
0,65770,-65.13477325439453,12.030503273010254,22.11566162109375,2.461866855621338
0,65770,-57.21240997314453,51.140995025634766,-2.080925941467285,-20.950809478759766
0,65770,50.46747970581055,-9.902716636657715,-18.792098999023438,-8.848341941833496
0,65770,22.30415916442871,-19.439956665039062,-7.674100875854492,5.316589832305908
0,65771,-28.041257858276367,-13.590776443481445,-0.7191212177276611,11.399714469909668
0,65771,5.419256687164307,-4.8036909103393555,-0.16293957829475403,21.374109268188477
0,65772,-5.768707275390625,14.895369529724121,-11.521452903747559,-11.876729011535645
0,65773,-5.551424026489258,31.57768440246582,-7.845879077911377,-31.01641845703125
0,65776,11.607995986938477,147.91751098632812,35.747894287109375,11.663984298706055
0,65777,-92.64656066894531,99.91162109375,14.886436462402344,5.584218502044678
0,65780,-57.86222457885742,-215.89224243164062,-82.63236999511719,-44.10517120361328
0,65781,166.31349182128906,-245.0458526611328,-29.70985984802246,13.918709754943848
0,65784,330.37420654296875,-133.87551879882812,27.789236068725586,99.66014862060547
0,65785,208.84568786621094,-87.99142456054688,-7.374327182769775,60.77606964111328
0,65788,-184.10557556152344,226.73736572265625,113.37311553955078,-29.472719192504883
0,65789,-245.12408447265625,201.88385009765625,93.53430938720703,-58.786903381347656
0,65792,-67.91324615478516,-76.1888656616211,-87.64804077148438,-23.122377395629883
0,65793,-9.215054512023926,-11.283995628356934,-50.09343719482422,7.431113243103027
0,65796,3.8728604316711426,112.14490509033203,28.079303741455078,22.70705223083496
0,65797,-111.71968841552734,98.09430694580078,6.739689350128174,-18.667165756225586
0,65800,-78.91248321533203,-75.7715072631836,-45.42231369018555,-66.883056640625
0,65801,131.67816162109375,-141.55108642578125,-61.0079345703125,8.725916862487793
0,65804,259.23468017578125,-116.53507232666016,5.893457412719727,80.60636138916016
0,65805,157.26145935058594,-71.38109588623047,64.1137466430664,28.742862701416016
0,65808,-155.18931579589844,186.9317626953125,71.72057342529297,-41.17101287841797
0,65809,-182.8212890625,146.8301544189453,-4.017903804779053,-37.92153549194336
0,65812,-33.44877243041992,-80.38735961914062,-65.10749053955078,6.74229097366333
0,65814,13.899439811706543,-44.773460388183594,-20.585620880126953,33.20178985595703
0,65948,252.94137573242188,-151.8847198486328,26.60552406311035,43.80116653442383
0,65948,184.41810607910156,-109.73555755615234,33.62103271484375,27.964004516601562
0,65948,-219.71817016601562,197.55209350585938,12.92926025390625,-47.30790710449219
0,65949,-182.98260498046875,148.38226318359375,0.9900030493736267,-63.33810043334961
0,65949,-68.58564758300781,20.858985900878906,-7.9376325607299805,-23.90635871887207
0,65949,-86.55567932128906,37.81734085083008,-27.89533042907715,9.482732772827148
0,65949,7.978341102600098,9.560951232910156,-31.484941482543945,6.511482238769531
0,65949,46.01139450073242,-57.109920501708984,-9.74743938446045,-11.796489715576172
0,65949,33.52696228027344,-107.23371124267578,14.185782432556152,21.396188735961914
0,65950,89.6042251586914,-49.7180061340332,-6.287653923034668,18.434064865112305
0,65950,62.46858215332031,3.0039680004119873,-7.941244125366211,3.7244620323181152
0,65950,-31.924509048461914,21.45029640197754,28.412185668945312,22.310373306274414
0,65950,-49.729713439941406,71.65802001953125,23.415590286254883,8.907675743103027
0,65950,-47.840999603271484,58.16862487792969,-1.8353257179260254,-21.011333465576172
0,65950,-60.65766525268555,7.968461990356445,-8.962005615234375,-0.6988565921783447
0,65951,-26.88149070739746,-7.400475025177002,-1.5797016620635986,5.188015937805176
0,65951,47.835609436035156,-10.017749786376953,-24.76751708984375,-18.185739517211914
0,65951,35.21836853027344,-41.874881744384766,-31.5609130859375,0.3722168505191803
0,65951,19.682754516601562,-67.60440826416016,13.679743766784668,2.494502544403076
0,65951,65.6443099975586,-17.75218963623047,20.900127410888672,-14.244497299194336
0,65951,43.87510299682617,6.672447204589844,-1.7111685276031494,14.638405799865723
0,65952,-39.42229461669922,14.072693824768066,-0.40876924991607666,21.171083450317383
0,65952,-42.96985626220703,45.81643295288086,15.115578651428223,-21.945541381835938
0,65952,-0.9620600938796997,28.542917251586914,8.530332565307617,-10.867777824401855
0,65952,-30.857084274291992,4.646116733551025,5.210691928863525,13.930895805358887
0,65952,-29.84596061706543,1.1640377044677734,-2.2265005111694336,-3.378092050552368
0,65953,9.58100700378418,-4.469674110412598,-23.074983596801758,-2.6178812980651855
0,65953,11.733866691589355,-22.320493698120117,-17.46164894104004,-13.76463794708252
0,65953,26.743148803710938,-41.28339767456055,-4.970048904418945,-5.851073741912842
0,65953,46.51486587524414,-14.00560474395752,15.999937057495117,19.63353157043457
0,65953,23.79151725769043,11.774079322814941,19.586055755615234,0.3055163323879242
0,65953,-14.318717956542969,12.156745910644531,5.10745096206665,6.422452926635742
0,65953,-42.135047912597656,8.176365852355957,-3.7055609226226807,-5.770266056060791
0,65954,-31.541030883789062,23.64520835876465,-7.384268760681152,-26.33382797241211
0,65954,4.419381618499756,16.62495231628418,-1.439196228981018,18.595687866210938
0,65954,8.713126182556152,-6.0643157958984375,-2.5608832836151123,16.02080726623535
0,65954,3.345116376876831,3.001718521118164,-0.9831629991531372,-19.073102951049805
0,65954,11.084504127502441,-18.58650016784668,-4.991840839385986,6.837525844573975
0,65955,13.134682655334473,-19.389251708984375,9.31015682220459,31.334697723388672
0,65955,10.539587020874023,29.81793975830078,20.541833877563477,-3.9646718502044678
0,65955,15.499690055847168,24.324108123779297,-8.00654411315918,-22.11067771911621
0,65955,-3.547464370727539,-17.369064331054688,-6.337333679199219,1.840876579284668
0,65955,-30.248350143432617,28.3012752532959,14.854111671447754,10.409575462341309
0,65955,-13.933783531188965,29.28179359436035,10.945094108581543,-2.751890182495117
0,65956,-6.475052833557129,-13.13427734375,-9.366820335388184,-25.686176300048828
0,65956,-16.036373138427734,12.293804168701172,-23.146257400512695,-14.031122207641602
0,65956,-3.5545616149902344,-18.777170181274414,2.386486291885376,0.1234242171049118
0,65956,-1.6610223054885864,-35.78112030029297,18.39254379272461,3.518378734588623
0,65956,-3.3990366458892822,6.837138652801514,-2.8164150714874268,9.490715026855469
0,65956,2.8855814933776855,-1.49435293674469,-26.333576202392578,-15.288861274719238
0,65957,4.645139217376709,-20.88623809814453,-12.61976432800293,2.923647165298462
0,65957,-4.429482936859131,-1.6079391241073608,17.869104385375977,8.905252456665039
0,65957,-13.664844512939453,-1.3087214231491089,-4.378180503845215,-9.14995288848877
0,65957,-5.806695461273193,-13.117828369140625,-6.948066711425781,16.476184844970703
0,65957,-10.057887077331543,11.220651626586914,19.50319480895996,6.175734996795654
0,65957,13.143147468566895,4.9104084968566895,-9.289867401123047,-9.687457084655762
0,65958,29.88226318359375,-20.32233428955078,-23.421117782592773,5.008228778839111
0,65958,-14.183253288269043,-8.334264755249023,0.4295870065689087,14.658531188964844
0,65958,3.6042749881744385,-13.282541275024414,1.3169833421707153,0.7473832368850708
0,65958,36.31398391723633,-29.255958557128906,-2.1962029933929443,-1.4127485752105713
0,65958,0.376831591129303,1.8765296936035156,-7.588558197021484,5.2916436195373535
0,65958,-3.907336473464966,-0.8158314824104309,2.9925973415374756,-1.6686830520629883
0,65959,16.401174545288086,-27.6247615814209,23.14457893371582,-5.47613000869751
0,65959,17.021696090698242,15.61894416809082,3.4565086364746094,-10.795645713806152
0,65959,0.25914907455444336,22.95187759399414,-9.516423225402832,7.465177059173584
0,65959,-9.672089576721191,1.156022548675537,2.049142360687256,14.703948974609375
0,65959,16.838430404663086,0.16476641595363617,-5.29497766494751,1.4606877565383911
0,65961,63.879486083984375,-49.03923797607422,-15.288415908813477,26.42144775390625
0,65961,43.443416595458984,-40.13411331176758,-3.104677677154541,21.145620346069336
0,65961,-45.97051239013672,24.380908966064453,6.920742034912109,-25.73657989501953
0,65961,-28.546384811401367,12.628569602966309,-1.3555774688720703,-22.632192611694336
0,65961,33.95718765258789,-4.7945098876953125,6.855776786804199,17.25189781188965
0,65961,24.750280380249023,9.053744316101074,14.378082275390625,16.62025260925293
0,65963,73.8602294921875,-62.69559860229492,-22.68074607849121,18.160797119140625
0,65964,162.17611694335938,-115.460205078125,8.577229499816895,32.50399398803711
0,65965,55.86796188354492,61.65794372558594,83.12589263916016,-16.399703979492188
0,65968,-176.5183868408203,185.4367218017578,39.13272476196289,-72.23722076416016
0,65969,-228.09295654296875,93.45939636230469,1.6628509759902954,-56.698822021484375
0,65972,-103.00267028808594,38.235252380371094,-7.7782487869262695,0.44698065519332886
0,65973,-15.741137504577637,46.61848831176758,-30.007606506347656,2.3742802143096924
0,65976,-58.443084716796875,82.89950561523438,-7.052240371704102,-30.6407470703125
0,65977,-126.59542083740234,33.63816833496094,-12.852836608886719,-20.241931915283203
0,65980,-11.330560684204102,-132.38589477539062,-57.81782531738281,2.6537742614746094
0,65981,159.547119140625,-144.00030517578125,-71.60855102539062,15.428281784057617
0,65984,298.94232177734375,-181.08624267578125,-0.5448751449584961,136.81417846679688
0,65985,207.3959503173828,-76.28776550292969,56.82012176513672,102.04131317138672
0,65988,-213.82936096191406,226.9956817626953,58.677284240722656,-125.75590515136719
0,65989,-229.4482879638672,115.20145416259766,32.144447326660156,-79.7219009399414
0,65992,16.98153305053711,-71.84300231933594,-41.381858825683594,65.74998474121094
0,65993,44.67251968383789,-47.684051513671875,-20.982282638549805,28.484729766845703
0,65996,-0.3377474248409271,104.6133804321289,51.645145416259766,-67.34974670410156
0,65997,-127.74628448486328,163.44346618652344,-4.879301071166992,-60.31336975097656
0,66000,-56.29518127441406,-129.61526489257812,-84.2709732055664,35.02070236206055
0,66001,115.54953002929688,-191.67587280273438,-36.10942077636719,74.33988952636719
0,66004,239.61001586914062,-94.24713134765625,30.991783142089844,55.50122833251953
0,66006,172.2195587158203,-2.6895084381103516,22.721675872802734,1.261560082435608
0,66151,-342.1233215332031,260.7405700683594,53.08222198486328,-127.7015151977539
0,66152,-254.75277709960938,76.392578125,26.080814361572266,-87.53716278076172
0,66152,291.2459716796875,-216.91661071777344,-57.28916931152344,105.71321105957031
0,66152,177.56272888183594,-83.84332275390625,-11.242815971374512,81.10891723632812
0,66152,-29.50788688659668,21.43259620666504,25.28907585144043,-14.244139671325684
0,66152,-15.429267883300781,57.59442138671875,14.892112731933594,-24.36048698425293
0,66152,-87.97936248779297,100.34974670410156,23.942428588867188,-36.53604507446289
0,66153,-143.4457244873047,68.0313720703125,8.55666446685791,-18.35963249206543
0,66153,-88.84312438964844,39.45472717285156,-22.512231826782227,-7.835085868835449
0,66153,-18.41104507446289,17.401323318481445,-34.4736213684082,-16.617599487304688
0,66153,29.5571346282959,-33.65457534790039,-24.484235763549805,17.259294509887695
0,66153,80.46331024169922,-77.3618392944336,-18.054597854614258,32.329811096191406
0,66153,97.57881164550781,-79.64258575439453,1.98068368434906,32.03756332397461
0,66154,72.8202133178711,-34.05254364013672,16.32355308532715,26.991207122802734
0,66154,43.519081115722656,18.58716583251953,6.767456531524658,-20.978208541870117
0,66154,-15.113234519958496,10.628324508666992,9.493135452270508,-15.819173812866211
0,66154,-76.35295104980469,18.75978660583496,14.627837181091309,-2.267230272293091
0,66154,-84.31773376464844,78.70354461669922,20.59235382080078,-26.34473991394043
0,66155,-52.328556060791016,58.55559539794922,7.715459823608398,-16.579587936401367
0,66155,-21.23114776611328,-5.790304660797119,-28.678159713745117,-2.4730165004730225
0,66155,-11.353742599487305,-20.16049575805664,-24.186155319213867,11.82767105102539
0,66155,55.192291259765625,-30.262805938720703,-1.6326090097427368,-1.110304594039917
0,66155,81.68707275390625,-33.30741500854492,-2.3371479511260986,-6.813745498657227
0,66155,23.201038360595703,-27.88045310974121,-4.062548637390137,30.346149444580078
0,66156,-2.897242784500122,-13.044622421264648,26.056013107299805,15.45129108428955
0,66156,8.914373397827148,31.511125564575195,43.21928024291992,-17.94162368774414
0,66156,-24.997173309326172,37.29819869995117,7.242950439453125,-12.05732536315918
0,66156,-75.62593078613281,25.122568130493164,-19.33188819885254,1.1583480834960938
0,66156,-44.985008239746094,27.700855255126953,-3.639273166656494,0.3288792669773102
0,66156,5.356309413909912,-10.785888671875,-15.420698165893555,-8.531672477722168
0,66157,12.694754600524902,-50.14132308959961,-18.327716827392578,2.5963995456695557
0,66157,9.57796859741211,-31.536998748779297,-5.669198036193848,17.65320587158203
0,66157,40.69099426269531,-23.205995559692383,-23.788471221923828,5.273128032684326
0,66157,43.2154426574707,-25.084287643432617,3.5659265518188477,12.233064651489258
0,66157,11.607402801513672,-17.98921012878418,20.002893447875977,13.955824851989746
0,66157,-4.581246852874756,6.33656644821167,-4.66275691986084,-23.161060333251953
0,66158,-16.68999481201172,36.700687408447266,3.6102280616760254,-2.4947705268859863
0,66158,-11.303571701049805,5.990288257598877,14.559490203857422,20.245195388793945
0,66158,-22.783430099487305,-1.0548218488693237,-7.012612819671631,-21.389671325683594
0,66158,-11.684754371643066,11.51327133178711,-9.37890338897705,-13.247406005859375
0,66158,33.032108306884766,-26.779348373413086,-26.79124641418457,7.692004203796387
0,66158,0.6115938425064087,-32.25520324707031,-15.176947593688965,7.454296588897705
0,66159,18.02867889404297,-5.289719104766846,28.62798309326172,6.788146018981934
0,66159,55.18532943725586,-3.6964333057403564,4.142290115356445,3.627540349960327
0,66159,-8.742746353149414,-4.997078895568848,-11.50968074798584,16.5334529876709
0,66159,-3.7446129322052,-8.408774375915527,10.664275169372559,5.4219970703125
0,66159,17.7006778717041,19.467906951904297,23.21775245666504,-13.105134963989258
0,66159,-24.305782318115234,38.72145462036133,-10.17656135559082,-9.158002853393555
0,66160,-29.951181411743164,-13.570708274841309,-19.03802490234375,12.455743789672852
0,66160,-4.131242275238037,5.727368354797363,25.924673080444336,-2.3135128021240234
0,66160,27.99956512451172,26.85922622680664,8.758567810058594,-9.043810844421387
0,66160,22.92542266845703,-41.35718536376953,-8.182657241821289,21.76691436767578
0,66160,5.734436988830566,-35.967071533203125,12.87922191619873,5.39729118347168
0,66161,18.340944290161133,0.1269165277481079,-31.82277488708496,-8.378129005432129
0,66161,-1.5355377197265625,-11.01468276977539,-22.657743453979492,-8.023303985595703
0,66161,-7.348529815673828,13.098993301391602,47.826168060302734,-16.579063415527344
0,66161,9.6422758102417,19.538259506225586,7.187447547912598,-7.336127758026123
0,66161,-12.409746170043945,-17.069175720214844,-35.97761535644531,-9.469548225402832
0,66161,-11.013761520385742,-5.80468225479126,-3.0624935626983643,0.3422112762928009
0,66162,-1.74197518825531,14.020359992980957,9.039851188659668,10.870959281921387
0,66162,-0.6003144383430481,-4.003970623016357,-2.1344521045684814,8.352582931518555
0,66162,23.71531105041504,-13.160378456115723,13.74770450592041,4.519515514373779
0,66162,9.55134105682373,-6.609230041503906,15.57386302947998,-10.941004753112793
0,66162,-7.190647602081299,12.4300537109375,-25.614788055419922,-6.285813331604004
0,66162,6.63231897354126,15.921032905578613,-8.624804496765137,18.345211029052734
0,66163,10.679924964904785,-16.079753875732422,32.73868179321289,18.824575424194336
0,66163,-11.317007064819336,19.6273193359375,3.9643986225128174,-20.325428009033203
0,66163,-18.053319931030273,22.96678352355957,-30.24900245666504,-5.820415019989014
0,66163,12.630631446838379,-13.905253410339355,0.1366434246301651,16.518760681152344
0,66163,3.6176295280456543,-3.392387628555298,19.091894149780273,-20.4117431640625
0,66163,-18.90104103088379,-8.290407180786133,-3.4763317108154297,-11.160173416137695
0,66164,2.5452961921691895,17.42536735534668,18.1230525970459,23.560585021972656
0,66164,16.8261775970459,5.286277770996094,9.037186622619629,4.46094274520874
0,66165,50.71730422973633,-8.183916091918945,3.215646505355835,-54.402313232421875
0,66165,8.42959213256836,31.939815521240234,19.569366455078125,-34.0243034362793
0,66165,-77.89862823486328,24.230812072753906,-16.4327335357666,30.262720108032227
0,66165,-35.2286262512207,11.470694541931152,-0.3060958981513977,-3.867190361022949
0,66166,-18.51868438720703,21.559343338012695,16.89763069152832,-17.142017364501953
0,66166,-14.423964500427246,24.8070125579834,5.629924297332764,18.164714813232422
0,66167,-17.741186141967773,45.30988311767578,28.546648025512695,17.080677032470703
0,66168,-77.3150405883789,49.67616271972656,-1.0848736763000488,12.796636581420898
0,66170,-95.57403564453125,-7.8331146240234375,-52.59560012817383,-12.475483894348145
0,66172,-93.32643127441406,13.773534774780273,-16.596235275268555,-22.632404327392578
0,66174,8.800039291381836,4.1304121017456055,4.139442443847656,25.28604507446289
0,66176,-21.718692779541016,68.1843490600586,17.873674392700195,-45.46358871459961
0,66178,-117.87279510498047,105.9389877319336,-4.587990760803223,-49.519527435302734
0,66180,150.73182678222656,-252.56582641601562,-117.44254302978516,116.39965057373047
0,66182,288.6125183105469,-337.0374755859375,-68.29350280761719,75.69366455078125
0,66185,269.563232421875,-91.63356018066406,86.30982208251953,12.274938583374023
0,66186,168.55186462402344,96.56041717529297,102.18478393554688,6.240275859832764
0,66189,-258.3754577636719,220.35655212402344,18.308940887451172,-82.1849594116211
0,66190,-244.25657653808594,41.015541076660156,-14.411788940429688,-83.31192779541016
0,66193,28.59063720703125,-51.32938003540039,-4.368013381958008,12.017146110534668
0,66194,11.467350959777832,52.33869552612305,-24.071380615234375,91.50878143310547
0,66197,-69.5235366821289,90.08194732666016,0.01515976618975401,-22.14961814880371
0,66198,-135.88079833984375,54.43943405151367,35.604705810546875,-93.30038452148438
0,66199,-22.634546279907227,-135.64442443847656,-33.61606979370117,15.305625915527344
0,66202,198.4262237548828,-163.73594665527344,-73.88545989990234,97.90587615966797
0,66203,262.5324401855469,-70.83578491210938,-12.498666763305664,104.6661376953125
0,66206,82.30218505859375,17.51071548461914,51.61897659301758,-61.88483810424805
0,66207,-128.0001678466797,165.65614318847656,66.01012420654297,-108.84196472167969
0,66210,-202.08030700683594,62.87317657470703,-7.893648147583008,2.923421621322632
0,66211,-44.956783294677734,-104.00260162353516,-43.24519348144531,5.959146976470947
0,66366,346.6021728515625,-183.03607177734375,-7.351179122924805,58.683807373046875
0,66366,258.30322265625,-107.84060668945312,16.568941116333008,61.67958450317383
0,66366,-229.64410400390625,186.17724609375,51.338951110839844,-52.90074920654297
0,66366,-207.5789031982422,190.4635772705078,33.19620895385742,-59.0232048034668
0,66366,-77.02017211914062,50.91967010498047,-16.015825271606445,-34.23102569580078
0,66366,-118.1288833618164,44.49856948852539,-25.001996994018555,-6.456711769104004
0,66367,-59.8950309753418,9.088808059692383,-12.588727951049805,11.313961029052734
0,66367,7.039855003356934,-20.675098419189453,-18.118532180786133,10.791417121887207
0,66367,66.37825012207031,-54.89763641357422,-31.621164321899414,42.24116516113281
0,66367,82.82627868652344,-62.852046966552734,-6.98316764831543,18.52153778076172
0,66367,36.866939544677734,-24.901151657104492,2.6394927501678467,-15.46309757232666
0,66367,-5.728170871734619,1.5955333709716797,16.41740608215332,-8.956351280212402
0,66368,-26.33626937866211,17.27068519592285,36.76790237426758,9.060407638549805
0,66368,-58.998783111572266,17.683475494384766,-4.603631496429443,-6.528563022613525
0,66368,-60.09181594848633,37.06019592285156,-20.772457122802734,-26.497011184692383
0,66368,-39.560028076171875,39.00117492675781,0.7206111550331116,-9.381551742553711
0,66368,-2.763313055038452,-16.950990676879883,-11.713296890258789,0.6823827624320984
0,66368,33.477134704589844,-37.97783660888672,-2.945399761199951,8.839520454406738
0,66369,57.837154388427734,-18.900789260864258,-6.350823402404785,25.116596221923828
0,66369,49.3017463684082,-15.497247695922852,-13.905412673950195,17.986175537109375
0,66369,0.10503490269184113,-34.92274856567383,9.940286636352539,8.763859748840332
0,66369,11.850221633911133,-11.985529899597168,14.036393165588379,11.812088966369629
0,66369,16.282896041870117,38.31959533691406,12.711075782775879,-7.302231311798096
0,66369,-35.49201202392578,44.638160705566406,6.47674560546875,-39.99474334716797
0,66370,-39.60152816772461,16.7238712310791,-1.6831399202346802,-3.874573230743408
0,66370,-27.060199737548828,-4.631498336791992,-11.426356315612793,4.228061199188232
0,66370,-4.265427589416504,-3.7076871395111084,-10.786040306091309,-33.31189727783203
0,66370,29.383325576782227,-16.989620208740234,-0.08516279608011246,21.363296508789062
0,66370,31.748729705810547,-27.775068283081055,5.771760940551758,44.77580642700195
0,66371,25.305110931396484,-2.465909242630005,-3.200155735015869,-7.715886116027832
0,66371,13.763460159301758,1.415847897529602,-20.63796615600586,-28.486406326293945
0,66371,11.00918197631836,9.563188552856445,8.319811820983887,5.285506248474121
0,66371,15.28867244720459,25.18450164794922,23.937484741210938,16.79056167602539
0,66371,-26.99525260925293,-2.423632860183716,13.552711486816406,-9.34449577331543
0,66371,-43.685970306396484,9.32747745513916,11.435956001281738,-8.92955493927002
0,66372,9.125383377075195,23.07499885559082,-10.340362548828125,-0.6971240043640137
0,66372,0.29077717661857605,-10.02126693725586,-6.299768447875977,-12.141921043395996
0,66372,-21.83724021911621,-29.697463989257812,5.571572303771973,-13.962898254394531
0,66372,30.628341674804688,-9.246241569519043,-10.822253227233887,-6.750132083892822
0,66372,46.1024284362793,-15.862907409667969,-34.247013092041016,-2.1327455043792725
0,66372,-10.015645027160645,-29.52851104736328,12.365959167480469,31.765954971313477
0,66373,-22.518394470214844,27.778114318847656,35.46804428100586,14.057397842407227
0,66373,5.624218940734863,13.544466018676758,-11.413288116455078,-18.87296485900879
0,66373,-3.045271873474121,-6.424387454986572,10.306534767150879,9.89664363861084
0,66373,-17.208820343017578,22.900117874145508,-6.319604873657227,5.444447994232178
0,66373,-3.5559961795806885,-0.959246814250946,-24.987106323242188,-22.962890625
0,66373,-1.6599647998809814,-15.880942344665527,13.138891220092773,-6.280303001403809
0,66374,-2.8531765937805176,-13.886883735656738,1.3599705696105957,36.95878982543945
0,66374,19.35483169555664,11.261615753173828,-12.720674514770508,9.572294235229492
0,66374,30.748079299926758,4.1228437423706055,4.289914131164551,-19.603137969970703
0,66374,1.7342751026153564,-8.716571807861328,27.370044708251953,3.153820276260376
0,66374,-3.475970506668091,40.7778205871582,14.636300086975098,-2.786313056945801
0,66374,-3.2778537273406982,18.32836151123047,-22.80323600769043,-16.588390350341797
0,66375,-32.511558532714844,-13.785604476928711,-15.721514701843262,-3.215186357498169
0,66375,-7.910080432891846,28.35151481628418,11.016548156738281,-2.483189582824707
0,66375,0.866881251335144,6.606437683105469,5.171815395355225,-13.693882942199707
0,66375,-33.611961364746094,-17.728525161743164,-8.633770942687988,7.419694900512695
0,66375,-20.37059783935547,3.3293395042419434,3.148517370223999,11.648249626159668
0,66376,9.934858322143555,-6.475942134857178,6.269233226776123,-4.2156195640563965
0,66376,5.134166717529297,-24.583959579467773,-13.777045249938965,-6.0531206130981445
0,66376,-3.094806432723999,-26.491641998291016,-7.3322272300720215,3.80851149559021
0,66376,0.27761220932006836,-9.288602828979492,-1.5545560121536255,7.655762672424316
0,66376,-6.432255268096924,-4.539247989654541,-12.161441802978516,8.73630142211914
0,66376,0.5549254417419434,4.413740158081055,10.105853080749512,-3.5967912673950195
0,66376,10.712867736816406,-1.7025372982025146,12.345438003540039,-9.536243438720703
0,66377,-3.4579100608825684,-32.627418518066406,-11.374393463134766,3.0240707397460938
0,66377,7.0716986656188965,-20.310293197631836,-7.112575054168701,3.0287840366363525
0,66377,13.063446044921875,13.759746551513672,9.501701354980469,16.65321922302246
0,66377,4.7131547927856445,22.439067840576172,3.797342300415039,5.140405178070068
0,66377,10.883392333984375,3.8786964416503906,-18.861337661743164,-9.925727844238281
0,66377,3.3901095390319824,-4.663073539733887,-6.277027606964111,-3.305644989013672
0,66378,8.867018699645996,-12.017486572265625,8.538485527038574,-8.053792953491211
0,66378,16.22897720336914,-6.472965240478516,9.156804084777832,11.446854591369629
0,66378,8.717094421386719,27.03765106201172,4.671445369720459,10.132783889770508
0,66378,1.577389121055603,8.461673736572266,-9.40504264831543,-11.186256408691406
0,66378,-7.581849575042725,-27.416316986083984,-9.596420288085938,19.61956214904785
0,66379,-5.467879295349121,-3.5594723224639893,18.128536224365234,15.3514404296875
0,66380,75.06965637207031,-41.3095588684082,-2.0736470222473145,8.067109107971191
0,66380,80.19766235351562,-43.59000015258789,-32.814056396484375,32.46318817138672
0,66380,-34.23400115966797,48.968894958496094,17.40299415588379,-19.809030532836914
0,66380,-29.4068546295166,14.921808242797852,19.286348342895508,-25.791292190551758
0,66381,-9.035836219787598,-26.83463478088379,-13.529176712036133,6.401476860046387
0,66381,-17.744895935058594,-3.3675310611724854,-14.713974952697754,9.092774391174316
0,66381,16.800630569458008,11.712699890136719,6.089003086090088,-1.9949020147323608
0,66382,109.47611236572266,-81.6673812866211,19.384363174438477,30.20475196838379
0,66384,163.65248107910156,-120.4933090209961,2.354414939880371,25.27678108215332
0,66386,16.781747817993164,154.8199462890625,60.81142044067383,-80.6803207397461
0,66388,-161.78260803222656,178.06805419921875,63.98848342895508,-35.72224807739258
0,66390,-232.79049682617188,-7.627664089202881,-39.20730972290039,-19.433696746826172
0,66392,-119.27456665039062,68.10204315185547,-30.356882095336914,-23.492408752441406
0,66394,26.86966323852539,77.94049072265625,-0.23870640993118286,33.78526306152344
0,66396,-61.45412063598633,69.34528350830078,-0.45098522305488586,-30.00501251220703
0,66398,-137.46282958984375,-9.357072830200195,-12.450636863708496,-34.87487030029297
0,66400,41.730628967285156,-171.9462890625,-60.385597229003906,51.3346061706543
0,66402,324.87762451171875,-240.84390258789062,-64.78413391113281,98.15474700927734
0,66404,265.9761047363281,-155.06439208984375,4.8517560958862305,45.03122329711914
0,66406,-99.63530731201172,186.78616333007812,102.94923400878906,-42.23819351196289
0,66408,-192.13746643066406,186.49755859375,54.46923828125,-41.2598991394043
0,66410,-108.07866668701172,-49.035701751708984,-50.09813690185547,-35.2162971496582
0,66412,-30.920730590820312,-12.162731170654297,-28.762056350708008,-18.963001251220703
0,66415,102.1327133178711,124.13672637939453,28.464149475097656,36.88850402832031
0,66416,8.929844856262207,55.27531051635742,18.05913734436035,-37.36566162109375
0,66419,-182.54263305664062,-136.74351501464844,-38.878929138183594,-33.657936096191406
0,66420,-35.06427764892578,-54.71285629272461,-48.20092010498047,66.8115005493164
0,66423,263.44293212890625,-108.9413833618164,-25.36012840270996,26.022226333618164
0,66424,211.3780059814453,-123.72032928466797,11.711359024047852,10.911027908325195
0,66427,-101.33387756347656,191.30072021484375,73.40082550048828,-12.194891929626465
0,66428,-155.55003356933594,152.4364471435547,46.07526779174805,-22.561614990234375
0,66429,-11.021308898925781,-86.41129302978516,-41.72925567626953,-0.4604274034500122
1,67304,223.8654327392578,-235.59933471679688,-72.11893463134766,37.428565979003906
1,67306,159.28460693359375,-58.165626525878906,34.420631408691406,48.01845169067383
1,67308,-220.517578125,261.91595458984375,91.2370834350586,-57.94183349609375
1,67310,-212.04702758789062,102.81034088134766,-13.416759490966797,-48.78874588012695
1,67312,-99.0563735961914,53.87120819091797,1.55754554271698,-18.580791473388672
1,67314,-142.17823791503906,237.96646118164062,33.59728240966797,-50.05314636230469
1,67316,-176.33697509765625,83.16088104248047,-42.45477294921875,-30.687232971191406
1,67325,327.9631652832031,-402.5628662109375,-83.25946807861328,76.52848815917969
1,67326,455.1674499511719,-337.47314453125,-15.699699401855469,117.95036315917969
1,67326,-217.80538940429688,178.57012939453125,30.504135131835938,-30.639360427856445
1,67326,-82.99931335449219,58.17218017578125,-16.615604400634766,-35.52305221557617
1,67326,187.56564331054688,-128.77496337890625,-4.427031993865967,37.23158645629883
1,67327,-22.8250789642334,20.03898048400879,40.515865325927734,8.12081527709961
1,67330,-130.16917419433594,94.71308135986328,21.059770584106445,-6.034173965454102
1,67332,-109.057861328125,70.28870391845703,-18.121408462524414,-61.57710266113281
1,67334,-90.01599884033203,188.5782470703125,17.26742935180664,-65.67436218261719
1,67336,-190.4615936279297,199.17234802246094,23.269052505493164,-5.692744731903076
1,67338,-40.976802825927734,-189.71656799316406,-89.85296630859375,39.78388595581055
1,67340,215.44296264648438,-289.0517272949219,-88.90918731689453,77.82328033447266
1,67342,341.63262939453125,-161.28172302246094,44.82313919067383,60.129581451416016
1,67344,237.55618286132812,-36.51942825317383,86.09989929199219,12.84205436706543
1,67346,-187.248291015625,223.85910034179688,44.613162994384766,-81.25401306152344
1,67348,-201.0469970703125,129.41233825683594,7.577816009521484,-58.25046157836914
1,67370,40.84672927856445,-105.0131607055664,-10.354777336120605,55.857852935791016
1,67371,29.791048049926758,-72.4069595336914,-13.22935676574707,28.22179412841797
1,67371,20.795305252075195,30.900848388671875,-8.132630348205566,-29.333982467651367
1,67371,-62.29930114746094,77.74970245361328,9.992780685424805,-37.90713882446289
1,67371,-135.1878662109375,67.53398132324219,7.771369457244873,-23.23761558532715
1,67371,-87.57420349121094,44.255165100097656,-21.340473175048828,-8.460991859436035
1,67371,-39.092281341552734,31.867794036865234,-12.317902565002441,-5.4093732833862305
1,67372,23.857236862182617,-20.57940673828125,-1.2046799659729004,6.52311897277832
1,67372,66.68456268310547,-90.92668151855469,-9.340575218200684,32.44950485229492
1,67372,91.35264587402344,-69.96227264404297,-1.9127240180969238,32.98743438720703
1,67372,110.4081802368164,-19.914339065551758,-4.874073505401611,-0.38005849719047546
1,67373,34.295841217041016,68.10230255126953,37.74921798706055,-2.8281195163726807
1,67374,-50.66230392456055,109.43817901611328,45.89728927612305,-0.9981056451797485
1,67376,-162.62075805664062,-8.073820114135742,-70.70747375488281,-29.308256149291992
1,67378,-137.7620849609375,-86.29032135009766,-89.23185729980469,-16.469907760620117
1,67380,256.5061340332031,-194.6030731201172,-8.472857475280762,53.83926773071289
1,67382,299.7821960449219,-144.15159606933594,40.88934326171875,57.3057746887207
1,67384,-2.2435710430145264,126.33143615722656,81.05602264404297,-12.289817810058594
1,67386,-88.17562103271484,165.0982666015625,47.138938903808594,-81.53706359863281
1,67388,-182.49325561523438,70.95731353759766,-31.218429565429688,-41.629966735839844
1,67390,-106.0463638305664,-61.636573791503906,-51.72925567626953,72.83763885498047
1,67392,77.63617706298828,-52.0257568359375,-4.259466171264648,24.646575927734375
1,67394,-26.658782958984375,153.5028533935547,55.44695281982422,-65.59272003173828
1,67396,-182.9317169189453,106.19725799560547,9.96216106414795,-18.640872955322266
1,67431,71.91577911376953,-144.61019897460938,-20.79479217529297,32.05668258666992
1,67431,170.0394287109375,-105.84408569335938,27.75187110900879,-2.3105993270874023
1,67431,-189.09828186035156,150.16534423828125,-21.558717727661133,-18.932723999023438
1,67431,-91.66357421875,65.83197021484375,-45.01364517211914,4.952334403991699
1,67432,117.06200408935547,-124.3851318359375,-7.803056240081787,17.405521392822266
1,67432,79.51607513427734,-94.90579986572266,-11.66253662109375,23.552215576171875
1,67432,103.54832458496094,-56.384605407714844,-0.7815824151039124,20.5257625579834
1,67432,89.64002227783203,-24.753684997558594,7.298024654388428,13.162249565124512
1,67432,27.73265266418457,27.88132667541504,25.306238174438477,-13.761899948120117
1,67432,-44.34705352783203,48.49885559082031,23.2120304107666,-25.846220016479492
1,67433,-95.99467468261719,97.72441864013672,10.599689483642578,-1.1057517528533936
1,67433,-96.05310821533203,113.23541259765625,16.06021499633789,-16.34551239013672
1,67433,-60.168487548828125,32.31243133544922,-14.609954833984375,-40.182533264160156
1,67433,-31.078060150146484,-19.258913040161133,-28.502790451049805,12.402498245239258
1,67433,28.092374801635742,-55.70945358276367,-8.544538497924805,30.87345314025879
1,67434,53.74894714355469,-55.48591995239258,3.6373414993286133,-4.367851257324219
1,67434,47.95722198486328,-29.930713653564453,-0.7071883082389832,6.496233940124512
1,67435,0.6190993785858154,0.3962908685207367,-6.280640125274658,-2.625643491744995
1,67435,-47.88262176513672,10.955628395080566,5.38539457321167,-11.52232837677002
1,67436,4.194447994232178,-7.333194732666016,-10.465283393859863,31.395668029785156
1,67438,43.7595100402832,-59.05418014526367,-40.889068603515625,44.01393508911133
1,67440,155.02003479003906,-312.06451416015625,-65.03768157958984,37.77070236206055
1,67442,199.21690368652344,-195.39479064941406,-26.58839225769043,21.649019241333008
1,67445,-1.2658110857009888,298.79241943359375,133.2871551513672,-61.04375076293945
1,67446,-142.69894409179688,234.5234375,112.02743530273438,-62.2198371887207
1,67449,-168.8573455810547,-13.831424713134766,-57.35341262817383,16.574026107788086
1,67450,-60.12432098388672,6.4736409187316895,-53.657737731933594,2.9982399940490723
1,67451,84.09417724609375,-7.007505893707275,11.284089088439941,-25.89554786682129
1,67454,-70.14714813232422,105.90522003173828,36.551029205322266,-13.756637573242188
1,67455,-197.21694946289062,175.96249389648438,31.3645076751709,-8.497272491455078
1,67458,-10.414411544799805,-90.95518493652344,-50.980628967285156,-5.098961353302002
1,67459,129.42178344726562,-168.42909240722656,-71.74046325683594,21.370817184448242
1,67507,144.97412109375,-27.743589401245117,79.94525909423828,24.176538467407227
1,67507,48.18842697143555,20.365333557128906,61.6566276550293,-9.973493576049805
1,67507,-105.4597396850586,8.46138858795166,-89.77796936035156,5.511625289916992
1,67508,-5.192349433898926,-63.79591369628906,-34.656009674072266,29.972702026367188
1,67508,138.8798065185547,-76.9402847290039,11.397911071777344,13.313394546508789
1,67508,86.23587799072266,-59.814117431640625,-4.676932334899902,-3.1532626152038574
1,67508,9.39282512664795,-11.391745567321777,30.983745574951172,-16.758581161499023
1,67508,-55.631046295166016,93.67699432373047,28.616214752197266,-1.7491847276687622
1,67508,-100.54054260253906,133.11813354492188,18.88287925720215,-12.327239990234375
1,67509,-111.14649963378906,93.84796142578125,-3.7433390617370605,-46.85896301269531
1,67509,-110.75660705566406,37.562015533447266,-26.940200805664062,-9.908565521240234
1,67509,-45.989410400390625,-3.324105978012085,-20.011981964111328,34.18580627441406
1,67509,27.188440322875977,-27.90433692932129,-26.438396453857422,6.160556793212891
1,67509,63.289398193359375,-64.60467529296875,-11.273056030273438,-7.70077657699585
1,67509,92.5439453125,-73.02076721191406,12.36169147491455,0.74409019947052
1,67510,70.98724365234375,-49.919952392578125,0.3299865126609802,1.570321798324585
1,67510,18.35900115966797,-17.454360961914062,7.734918117523193,30.280109405517578
1,67510,-6.062932968139648,44.9195671081543,34.920623779296875,4.905003070831299
1,67510,-40.47565841674805,57.58717727661133,13.80747127532959,-26.833362579345703
1,67510,-63.64808654785156,35.83906173706055,-9.000285148620605,-11.026379585266113
1,67511,-61.2650146484375,27.3487606048584,-4.242664337158203,0.07668917626142502
1,67511,-16.922897338867188,5.423525333404541,-2.9218688011169434,10.082132339477539
1,67511,46.448726654052734,-28.387615203857422,-18.212461471557617,-5.628390312194824
1,67512,21.586320877075195,-12.371134757995605,-9.127532958984375,7.73119592666626
1,67512,37.77210998535156,9.29428768157959,21.247833251953125,36.7200813293457
1,67512,67.09002685546875,-35.25254440307617,1.5443601608276367,-10.477109909057617
1,67514,-56.114315032958984,79.55152893066406,13.140915870666504,-42.498661041259766
1,67517,-169.29623413085938,49.46924591064453,-33.3734245300293,-22.65801239013672
1,67518,-0.39242783188819885,-205.81497192382812,-91.3860855102539,33.2098274230957
1,67519,226.9877166748047,-119.27830505371094,12.228891372680664,63.634403228759766
1,67522,275.0674133300781,-73.43256378173828,48.58012008666992,58.28654098510742
1,67523,124.20870208740234,-10.944846153259277,37.019569396972656,-1.4375860691070557
1,67526,-255.12957763671875,219.6986083984375,38.75639343261719,-123.9048080444336
1,67527,-242.98544311523438,78.88638305664062,1.670364260673523,-40.10572052001953
1,67530,23.069589614868164,-65.37997436523438,-6.769924163818359,58.666595458984375
1,67531,11.804375648498535,-0.10356444120407104,-10.904040336608887,8.001130104064941
1,67534,-51.20419692993164,104.97256469726562,14.804911613464355,-38.62675476074219
1,67535,-115.39956665039062,150.37307739257812,15.396758079528809,-61.88676834106445
1,67538,-28.07695770263672,-113.91325378417969,-62.7760009765625,43.183475494384766
1,67539,134.47100830078125,-208.11590576171875,-41.17131042480469,104.25975799560547
1,67599,-36.03281021118164,109.489990234375,40.53468704223633,-46.301849365234375
1,67599,-147.1226348876953,142.16722106933594,3.3631999492645264,-97.97569274902344
1,67599,81.83877563476562,-92.8585205078125,-44.292572021484375,43.80617904663086
1,67599,135.84146118164062,-126.2095718383789,-18.69135284423828,74.3483657836914
1,67599,93.35270690917969,-91.6246337890625,21.91807746887207,10.717386245727539
1,67599,112.8775405883789,-54.86265182495117,10.976442337036133,5.331925392150879
1,67600,54.54541015625,-2.850041389465332,5.0785698890686035,6.974021911621094
1,67600,7.450204849243164,21.803226470947266,20.536073684692383,-12.826687812805176
1,67600,-33.90900421142578,81.08379364013672,26.913881301879883,-0.6845628023147583
1,67600,-73.75308227539062,103.7957992553711,23.64238739013672,-17.744524002075195
1,67600,-54.917381286621094,47.75592803955078,-3.8016321659088135,-33.43614196777344
1,67601,-35.70700454711914,-6.047848224639893,-9.26524829864502,4.309810161590576
1,67601,-34.702232360839844,-16.307327270507812,-7.433151721954346,16.217805862426758
1,67601,31.800884246826172,-39.392372131347656,-11.282235145568848,17.92677116394043
1,67601,87.42437744140625,-56.95005416870117,-14.377668380737305,17.417207717895508
1,67601,53.49598693847656,-30.442157745361328,-7.516709804534912,7.192573070526123
1,67601,2.004922389984131,-1.9431365728378296,9.393478393554688,-10.226150512695312
1,67602,-25.706039428710938,32.318145751953125,24.21416664123535,-16.482954025268555
1,67602,-33.49066162109375,47.555702209472656,22.515756607055664,-21.768037796020508
1,67602,-47.47526168823242,24.993032455444336,4.068230152130127,-19.6621150970459
1,67602,-47.76567077636719,18.158979415893555,-5.476236343383789,17.331209182739258
1,67602,-38.51758575439453,41.875850677490234,-3.957643985748291,14.791399002075195
1,67602,4.275658130645752,4.516547203063965,-19.56070327758789,-22.53891944885254
1,67603,41.79402160644531,-48.40727615356445,-12.670510292053223,-8.960556030273438
1,67603,5.626867771148682,-20.79239273071289,8.846667289733887,3.118272542953491
1,67603,11.586255073547363,3.7840213775634766,0.29965972900390625,1.2132604122161865
1,67603,14.968257904052734,1.1758769750595093,16.778614044189453,15.535493850708008
1,67603,-17.91401481628418,18.196895599365234,18.553997039794922,-11.616472244262695
1,67604,-22.734468460083008,40.753299713134766,-5.326085090637207,-33.61991882324219
1,67605,-74.93013000488281,45.193824768066406,12.376666069030762,-9.095069885253906
1,67605,-71.07785034179688,29.974618911743164,1.0399835109710693,12.608743667602539
1,67605,13.213460922241211,-19.69489097595215,-26.19886589050293,13.494612693786621
1,67607,-47.45274353027344,-25.713584899902344,2.8981807231903076,-20.058391571044922
1,67608,-80.00855255126953,9.739313125610352,-3.759552478790283,-17.845760345458984
1,67611,-20.24598503112793,10.122554779052734,-45.11095428466797,-2.612545967102051
1,67612,12.639968872070312,-22.196645736694336,-23.767532348632812,-11.107744216918945
1,67613,48.97176742553711,72.39866638183594,51.474632263183594,4.763723373413086
1,67616,-88.48526763916016,134.57362365722656,19.691055297851562,-2.3926563262939453
1,67617,-54.90292739868164,-136.12294006347656,-80.49095153808594,33.52399444580078
1,67620,327.14990234375,-358.50042724609375,-72.79562377929688,49.0916633605957
1,67621,345.5019226074219,-162.83221435546875,-4.3145432472229,55.24393844604492
1,67624,49.6581916809082,166.08529663085938,110.45404815673828,56.29403305053711
1,67625,-135.34132385253906,155.9229278564453,113.01587677001953,-51.422916412353516
1,67628,-230.6798858642578,60.3566780090332,-40.919429779052734,-69.8095703125
1,67629,-65.36476135253906,24.993009567260742,-46.975276947021484,-7.122929573059082
1,67632,80.37022399902344,-42.18291091918945,30.797279357910156,16.495359420776367
1,67633,-33.45014572143555,104.98018646240234,13.137264251708984,-28.025501251220703
1,67636,-141.85694885253906,81.24317169189453,-37.53213119506836,-47.92835235595703
1,67707,160.35916137695312,-241.04637145996094,25.71663475036621,53.117881774902344
1,67707,258.30950927734375,-115.16307830810547,59.117149353027344,46.29073715209961
1,67707,-256.98516845703125,215.36880493164062,-50.711849212646484,-59.82343292236328
1,67707,-193.13970947265625,61.31493377685547,-50.132911682128906,-30.348121643066406
1,67708,108.57740020751953,-85.45507049560547,-3.27289080619812,12.27353286743164
1,67708,73.29962158203125,-37.08021926879883,-4.227004051208496,14.245284080505371
1,67708,74.466796875,-69.71195983886719,-3.871959686279297,30.102991104125977
1,67708,41.30347442626953,-59.67512893676758,-2.529104232788086,3.152562379837036
1,67708,-4.253604888916016,20.05029296875,1.0918959379196167,-22.989887237548828
1,67708,-44.054359436035156,35.648780822753906,-6.067205905914307,-3.3657143115997314
1,67709,-96.06631469726562,51.259029388427734,2.754676580429077,7.182357311248779
1,67709,-81.64580535888672,101.7800064086914,19.395278930664062,-30.8441219329834
1,67709,-33.78386306762695,36.394901275634766,0.4553316533565521,-12.959861755371094
1,67709,-19.468015670776367,-14.575531005859375,-24.553600311279297,33.38082504272461
1,67709,35.682796478271484,-13.249068260192871,-20.431255340576172,5.648708820343018
1,67709,73.00691223144531,-57.63924789428711,-0.7073201537132263,10.401268005371094
1,67710,43.81791687011719,-51.56301498413086,11.658884048461914,53.093631744384766
1,67710,50.041748046875,-6.347871780395508,21.54680061340332,41.797969818115234
1,67710,44.35858154296875,3.1178228855133057,26.22300910949707,6.59212589263916
1,67710,-21.04114532470703,7.0225510597229,-11.930267333984375,-27.67320442199707
1,67710,-46.41493606567383,44.881404876708984,-7.109108924865723,-12.532076835632324
1,67710,-44.48220443725586,67.83695220947266,28.459630966186523,14.573395729064941
1,67711,-26.291366577148438,28.617813110351562,-4.077189922332764,-36.91154098510742
1,67711,-1.806704044342041,-29.22968864440918,-27.02583885192871,-45.18571853637695
1,67711,4.288334369659424,-29.770694732666016,8.941243171691895,15.905591011047363
1,67711,50.690181732177734,-3.306523561477661,5.785240650177002,15.901487350463867
1,67711,50.122718811035156,-20.952880859375,-15.811813354492188,5.596071243286133
1,67712,4.42023229598999,-39.55406951904297,2.7517595291137695,13.75885009765625
1,67712,9.992271423339844,0.9714810252189636,-7.85624885559082,-14.86552906036377
1,67712,-9.147408485412598,28.26028060913086,6.251408100128174,-18.38046646118164
1,67712,-38.41514205932617,22.93169593811035,24.982887268066406,10.927347183227539
1,67712,-22.742589950561523,21.174596786499023,-15.134627342224121,-20.800500869750977
1,67712,-33.2996940612793,11.47900104522705,-17.355876922607422,-24.858741760253906
1,67713,-22.870433807373047,12.257092475891113,13.926055908203125,8.677574157714844
1,67713,29.911922454833984,-23.670007705688477,1.7223353385925293,4.382310390472412
1,67714,-48.06325149536133,19.411808013916016,-8.94005298614502,-35.28015899658203
1,67714,-60.91294860839844,38.715553283691406,17.822298049926758,-29.408750534057617
1,67714,65.23511505126953,-66.21855926513672,2.6314876079559326,53.44062423706055
1,67714,38.0013427734375,-42.766563415527344,-4.638479232788086,11.932897567749023
1,67716,-71.97486114501953,-3.5899147987365723,2.582557201385498,-14.592503547668457
1,67719,56.95071792602539,-152.0668182373047,-26.95166015625,54.33357238769531
1,67720,261.22821044921875,-207.87693786621094,-19.824037551879883,43.80906295776367
1,67721,165.71006774902344,-4.1918134689331055,18.133481979370117,13.382387161254883
1,67724,33.071617126464844,149.94480895996094,70.16585540771484,-8.020825386047363
1,67725,-107.60682678222656,147.27658081054688,46.79771423339844,-48.50688552856445
1,67728,-269.21539306640625,42.66178894042969,-46.87466049194336,-39.37457275390625
1,67729,-96.65794372558594,-23.86940574645996,-29.680055618286133,11.667072296142578
1,67732,50.420875549316406,60.60059356689453,3.331127166748047,32.519500732421875
1,67733,-64.35662841796875,167.4516143798828,12.657161712646484,-36.67192840576172
1,67736,-163.46372985839844,77.53170013427734,-14.397007942199707,-101.25218963623047
1,67737,-72.10260009765625,-114.71222686767578,-74.84165954589844,4.063579082489014
1,67740,275.3107604980469,-238.2611083984375,-41.772647857666016,150.8223419189453
1,67741,290.1236267089844,-162.18862915039062,16.034788131713867,85.9797592163086
1,67744,-43.04443359375,148.04025268554688,95.87284851074219,-116.90129089355469
1,67745,-151.26947021484375,170.3480682373047,71.4150390625,-72.65847778320312
1,67748,-135.7215576171875,-16.682544708251953,-63.3582878112793,52.337120056152344
1,67832,-56.541175842285156,-24.68981170654297,-68.61088562011719,11.113851547241211
1,67832,112.12583923339844,-30.510604858398438,17.865732192993164,12.718368530273438
1,67832,134.55943298339844,-28.8077335357666,51.43465805053711,-2.1251485347747803
1,67832,-20.574705123901367,68.5088119506836,11.492829322814941,-35.51593017578125
1,67832,-118.53012084960938,91.95938873291016,2.7336015701293945,-21.882904052734375
1,67832,-129.41323852539062,63.377403259277344,9.788780212402344,-20.95965576171875
1,67833,-76.47945404052734,44.56270980834961,-28.284374237060547,-4.7955193519592285
1,67833,-0.7728409767150879,-14.59262466430664,-38.029632568359375,1.0080267190933228
1,67833,43.7989501953125,-70.77791595458984,-4.906239986419678,28.23514175415039
1,67833,92.01244354248047,-99.68155670166016,11.288207054138184,39.34016799926758
1,67833,110.12354278564453,-71.9432373046875,-14.3905029296875,-15.31675910949707
1,67833,75.61888122558594,-38.73337173461914,1.723441243171692,6.463266849517822
1,67834,16.76127815246582,-13.321528434753418,25.321775436401367,31.161670684814453
1,67834,-48.2249755859375,66.11767578125,4.928835868835449,-23.538410186767578
1,67834,-85.41656494140625,77.5999526977539,8.070243835449219,-44.26852035522461
1,67834,-75.62674713134766,16.998376846313477,2.056575298309326,-13.462942123413086
1,67834,-56.60735321044922,6.324581623077393,-13.88547134399414,32.237518310546875
1,67835,-0.7205690741539001,2.746633768081665,-9.171786308288574,22.952428817749023
1,67835,49.19290542602539,-49.4054069519043,-14.945228576660156,-3.441835880279541
1,67835,54.861610412597656,-87.91553497314453,-17.97088050842285,24.959890365600586
1,67835,68.68785858154297,-40.22107696533203,-4.216783046722412,27.85166358947754
1,67835,57.5344123840332,9.854801177978516,-4.177999019622803,-4.283736705780029
1,67835,23.57202911376953,-11.873685836791992,18.930830001831055,15.755825996398926
1,67836,-20.262483596801758,13.162210464477539,30.578472137451172,22.544994354248047
1,67836,-44.32865905761719,58.870418548583984,-10.067938804626465,-34.83827209472656
1,67836,-38.24658966064453,9.252918243408203,-8.413677215576172,-35.57190704345703
1,67836,-25.435440063476562,12.962148666381836,-6.7902374267578125,-0.7826253175735474
1,67836,-14.120933532714844,16.18859100341797,-25.200923919677734,-7.962808132171631
1,67836,3.754737377166748,-30.362913131713867,9.866135597229004,7.395969390869141
1,67837,70.30108642578125,-22.34564971923828,19.589645385742188,24.653156280517578
1,67837,71.55052185058594,-19.165218353271484,-8.008671760559082,-3.8288352489471436
1,67837,-10.836835861206055,-12.287014961242676,-0.6505166888237,-11.85045051574707
1,67837,-4.491750717163086,-3.387956380844116,30.171754837036133,0.8799108266830444
1,67837,26.10892677307129,17.930084228515625,12.102422714233398,-2.5348472595214844
1,67837,-30.269912719726562,44.7427978515625,-15.237405776977539,-8.67546558380127
1,67838,-40.72967529296875,0.55610191822052,19.79557228088379,-16.156753540039062
1,67838,-0.9600794315338135,-42.518795013427734,0.6222835183143616,1.4401017427444458
1,67838,-24.269424438476562,-13.345917701721191,-20.590518951416016,17.07151985168457
1,67838,-4.602786540985107,4.749228477478027,2.9527320861816406,4.516545295715332
1,67838,57.453670501708984,-10.667510032653809,-25.29361915588379,7.793757915496826
1,67838,46.699546813964844,-32.39085006713867,-21.320466995239258,8.943018913269043
1,67839,-6.381346702575684,-34.39511489868164,13.3858642578125,-4.980231285095215
1,67840,82.19792938232422,-94.58485412597656,34.939453125,43.369991302490234
1,67840,100.65263366699219,-70.46468353271484,-0.9706608653068542,52.7489128112793
1,67840,-101.20379638671875,113.59722137451172,-12.770761489868164,-42.85506820678711
1,67840,-67.54562377929688,87.02140808105469,43.43289566040039,-29.435733795166016
1,67842,98.65747833251953,-33.04262161254883,20.45880889892578,27.713783264160156
1,67844,25.044113159179688,167.3246307373047,77.78985595703125,-86.38211059570312
1,67846,-150.0218048095703,179.45155334472656,81.39490509033203,-78.5284194946289
1,67848,-200.62835693359375,-123.54215240478516,-96.03819274902344,36.27689743041992
1,67850,-93.53593444824219,-17.606008529663086,-109.08080291748047,-54.44772720336914
1,67853,-6.897223472595215,162.52716064453125,3.6068689823150635,-4.651037693023682
1,67854,-63.90302658081055,124.82621002197266,-0.14990325272083282,30.036230087280273
1,67857,-58.567474365234375,-44.822303771972656,-21.321277618408203,-17.839099884033203
1,67858,70.18984985351562,-214.12171936035156,-20.609546661376953,55.6406135559082
1,67861,334.8572998046875,-276.2823181152344,-54.778594970703125,85.9609603881836
1,67862,318.5689392089844,-178.9108428955078,21.22247314453125,118.46737670898438
1,67865,-165.2100830078125,149.73829650878906,64.24625396728516,-99.79451751708984
1,67866,-269.1848449707031,203.21876525878906,-14.492557525634766,-203.74290466308594
1,67867,-19.72365379333496,15.339136123657227,-31.964746475219727,29.374309539794922
1,67870,108.76359558105469,-52.173439025878906,-13.737662315368652,166.61477661132812
1,67871,48.414215087890625,-7.210590362548828,28.984575271606445,94.8526611328125
1,67874,-175.97164916992188,178.63906860351562,111.7865982055664,-169.741943359375
1,67875,-196.0690155029297,189.48507690429688,49.213172912597656,-132.42176818847656
1,67971,170.1453094482422,-223.6785888671875,-66.12059020996094,97.71060943603516
1,67971,170.841796875,-202.1082763671875,-40.108089447021484,55.469635009765625
1,67971,-200.44415283203125,180.5479736328125,-14.12667179107666,-21.535938262939453
1,67971,-52.598899841308594,40.69306945800781,-6.6896653175354,13.401444435119629
1,67972,131.65316772460938,-116.3331527709961,8.21550464630127,37.62929153442383
1,67972,78.4660873413086,-31.532567977905273,-3.9424736499786377,8.379193305969238
1,67972,86.64273071289062,-34.58618927001953,-10.677264213562012,-15.032318115234375
1,67972,53.39851379394531,-24.23938751220703,17.737350463867188,-6.83906888961792
1,67972,4.238988876342773,42.54942321777344,19.439857482910156,-4.4188618659973145
1,67972,-69.38615417480469,61.216949462890625,-19.541501998901367,-33.16386795043945
1,67973,-108.95152282714844,50.142818450927734,-3.656256675720215,-29.034229278564453
1,67973,-94.01449584960938,57.694236755371094,-0.6258828639984131,3.5666260719299316
1,67973,-58.666507720947266,35.27172088623047,-27.956201553344727,0.633027195930481
1,67973,5.957330703735352,-24.891357421875,8.80831241607666,8.270977973937988
1,67973,45.92460632324219,-49.573307037353516,14.963624954223633,18.891427993774414
1,67973,54.82624435424805,-58.896080017089844,-17.5030574798584,19.268497467041016
1,67974,55.27437210083008,-64.01483917236328,-0.4974663257598877,16.051212310791016
1,67974,40.6812744140625,-52.02933120727539,17.6752872467041,8.72498893737793
1,67974,1.4879387617111206,-5.234385967254639,17.64723014831543,23.83296775817871
1,67974,-26.368206024169922,53.351165771484375,-7.918652057647705,7.840719699859619
1,67974,-24.787317276000977,55.5905647277832,-11.611839294433594,-18.02393913269043
1,67974,-30.514692306518555,40.98358917236328,13.792800903320312,-23.109506607055664
1,67975,-25.445884704589844,14.960403442382812,-12.89404296875,-4.120250225067139
1,67975,2.053481340408325,-13.782838821411133,-31.323196411132812,28.9481258392334
1,67975,11.652053833007812,-40.14497375488281,-2.6912293434143066,-0.7481316924095154
1,67975,36.382102966308594,-43.87724304199219,13.7385892868042,-26.966472625732422
1,67975,41.949249267578125,-38.14725875854492,-0.7235919237136841,5.8866868019104
1,67976,-1.6074930429458618,-46.607887268066406,-6.8816070556640625,4.075375080108643
1,67976,-4.544485569000244,4.09951114654541,-14.797112464904785,-24.020158767700195
1,67976,4.8167877197265625,37.78759765625,-15.402444839477539,-7.70543098449707
1,67976,-17.888614654541016,13.729151725769043,-4.105454921722412,16.085201263427734
1,67976,-31.742265701293945,7.187891006469727,6.675604343414307,-13.001612663269043
1,67976,-4.560197353363037,17.869857788085938,16.936553955078125,-15.596453666687012
1,67977,16.862503051757812,4.184900760650635,-9.020024299621582,34.457069396972656
1,67977,37.74303436279297,2.0785531997680664,-8.855154991149902,7.249818325042725
1,67977,45.355690002441406,8.571269035339355,26.753660202026367,-27.15606117248535
1,67977,4.059239864349365,-46.17179870605469,16.153352737426758,13.494115829467773
1,67977,4.095621585845947,-17.122556686401367,-10.160565376281738,20.5235652923584
1,67977,23.071495056152344,42.004066467285156,-1.5600097179412842,-17.372756958007812
1,67978,-2.005493640899658,9.204349517822266,9.452665328979492,-10.755021095275879
1,67978,-25.912914276123047,11.976118087768555,8.585592269897461,0.9377032518386841
1,67978,-15.361587524414062,17.434799194335938,-5.188009738922119,-17.760906219482422
1,67978,-28.88681983947754,-10.24241828918457,-9.000296592712402,-12.25623893737793
1,67978,-38.83973693847656,-19.384164810180664,-6.733394622802734,-4.116646766662598
1,67978,13.223361015319824,-7.419015884399414,6.046219825744629,3.1911067962646484
1,67979,34.6561279296875,-1.9759992361068726,1.525023341178894,0.5898769497871399
1,67979,10.780229568481445,-30.48418426513672,-27.679262161254883,6.10114860534668
1,67980,117.70122528076172,-137.3858642578125,-16.85585594177246,98.97998809814453
1,67980,128.9775390625,-78.45631408691406,26.053442001342773,78.39881134033203
1,67980,-89.55915069580078,108.19829559326172,44.90641784667969,-63.00130844116211
1,67980,-53.0805778503418,64.51370239257812,-10.496914863586426,-35.42072296142578
1,67981,18.14962387084961,6.181506156921387,-6.15749454498291,13.239330291748047
1,67982,28.995630264282227,12.155868530273438,52.547279357910156,23.812753677368164
1,67983,71.00094604492188,46.311676025390625,49.04823684692383,-2.716521739959717
1,67986,-193.22312927246094,134.54367065429688,24.98582649230957,-120.06427001953125
1,67987,-241.6000518798828,109.67218017578125,22.176828384399414,-66.55216979980469
1,67990,-18.20693588256836,5.173497676849365,-23.536346435546875,8.911214828491211
1,67991,3.460545063018799,-11.885734558105469,-62.11946487426758,6.114686965942383
1,67994,-126.48628234863281,137.98146057128906,21.913177490234375,-6.170716762542725
1,67995,-141.74322509765625,35.99338912963867,-8.154012680053711,-78.83941650390625
1,67998,166.97933959960938,-285.2409973144531,-95.52332305908203,41.77010726928711
1,67999,342.0673828125,-202.55252075195312,-42.20813751220703,218.27731323242188
1,68002,308.3037414550781,-88.5383529663086,33.83216094970703,139.1902618408203
1,68003,34.167015075683594,-20.620513916015625,47.93399429321289,-66.68529510498047
1,68006,-402.1180725097656,172.873046875,-31.431407928466797,-218.7302703857422
1,68007,-186.34397888183594,82.96292877197266,-61.30720138549805,-128.40457153320312
1,68010,180.59059143066406,6.3069071769714355,-10.347381591796875,137.93138122558594
1,68011,78.68699645996094,-4.21018648147583,19.723773956298828,160.4178924560547
1,68014,-157.78323364257812,34.07712936401367,54.130855560302734,-96.49381256103516
1,68015,-212.82174682617188,121.04275512695312,57.55473327636719,-154.91188049316406
1,68122,453.1371154785156,-316.3666076660156,-120.38523864746094,229.0826873779297
1,68122,451.0621643066406,-273.9877014160156,-139.0260467529297,188.55029296875
1,68122,-455.2560119628906,322.8014831542969,119.1832275390625,-225.2463836669922
1,68122,-218.15003967285156,128.9337921142578,94.1036605834961,-76.73515319824219
1,68122,205.4835968017578,-134.90911865234375,-37.202003479003906,73.07697296142578
1,68122,41.78520584106445,-56.29315185546875,-4.344478130340576,7.424194812774658
1,68123,38.81839370727539,-24.525774002075195,30.20778465270996,27.624975204467773
1,68123,46.3421745300293,25.187992095947266,33.27092742919922,-9.432503700256348
1,68123,-35.74355697631836,36.31547927856445,27.069110870361328,-50.78462600708008
1,68123,-122.20995330810547,59.65638732910156,3.1782922744750977,-70.75650024414062
1,68123,-150.95794677734375,94.15028381347656,-22.00333023071289,-49.119972229003906
1,68123,-129.2412109375,73.93505859375,7.71834135055542,10.192143440246582
1,68124,-55.0972900390625,26.58812713623047,11.15675163269043,-0.35803720355033875
1,68124,26.004796981811523,-3.885434627532959,-17.137042999267578,15.55870246887207
1,68124,53.02220916748047,-45.22895050048828,-29.25580596923828,62.72090148925781
1,68124,86.78179931640625,-70.38130187988281,-2.184105634689331,38.92478942871094
1,68124,85.78274536132812,-34.28828811645508,24.516685485839844,3.122326135635376
1,68125,18.768747329711914,-20.268001556396484,0.17493094503879547,-7.368106365203857
1,68125,-4.928753852844238,9.715333938598633,2.0046889781951904,-25.996347427368164
1,68125,-31.15850067138672,37.32978820800781,9.399514198303223,-36.074729919433594
1,68125,-84.24066925048828,23.987789154052734,14.655245780944824,-14.560781478881836
1,68125,-59.171688079833984,54.89170837402344,7.862604141235352,-25.774751663208008
1,68125,-12.351890563964844,0.3192521631717682,-15.605960845947266,-3.023477077484131
1,68126,-1.5906606912612915,-50.3690185546875,5.135976314544678,37.30517578125
1,68126,50.13386917114258,-2.5526070594787598,-3.576104164123535,20.215120315551758
1,68126,85.9482421875,-24.477006912231445,-16.691835403442383,25.555946350097656
1,68126,52.62281036376953,-42.69139099121094,-15.986262321472168,13.720806121826172
1,68126,13.193883895874023,-19.272756576538086,-14.700364112854004,-25.011226654052734
1,68126,-23.159223556518555,7.416163444519043,21.35603904724121,-6.398960113525391
1,68127,-30.179523468017578,41.460411071777344,14.438413619995117,-11.035472869873047
1,68127,-10.93424129486084,45.45452117919922,-2.459948778152466,-48.719818115234375
1,68127,-38.15972137451172,3.555755376815796,17.456483840942383,-10.279179573059082
1,68127,-44.60383987426758,-15.440084457397461,3.873396635055542,20.17074966430664
1,68127,14.052637100219727,18.994617462158203,-27.821413040161133,1.3387501239776611
1,68127,45.918243408203125,-14.541210174560547,-25.268657684326172,19.342302322387695
1,68128,33.743560791015625,-69.8333740234375,-1.4752146005630493,45.839027404785156
1,68128,28.69574737548828,-9.036524772644043,9.765067100524902,22.639253616333008
1,68128,21.30025291442871,36.82987594604492,12.963549613952637,-3.5474493503570557
1,68128,-14.779763221740723,2.0550153255462646,-5.966399192810059,-8.312461853027344
1,68128,-28.15829849243164,15.763899803161621,-12.610318183898926,4.3012590408325195
1,68128,-28.746570587158203,41.88485336303711,14.012847900390625,-6.167351245880127
1,68129,-7.135695457458496,8.309640884399414,-4.79166316986084,-23.601957321166992
1,68129,-1.5781620740890503,-16.0284423828125,-3.011317014694214,10.291321754455566
1,68129,-16.231611251831055,-11.461474418640137,24.87750816345215,14.466093063354492
1,68129,12.426850318908691,-14.841314315795898,-0.9296752214431763,-6.505374431610107
1,68129,27.22842025756836,-36.37218475341797,-40.92815399169922,-3.044726848602295
1,68130,31.094045639038086,-41.9840087890625,-13.40168285369873,5.2727155685424805
1,68130,8.759760856628418,-1.620835542678833,23.385601043701172,2.4639883041381836
1,68130,2.5006089210510254,18.98017120361328,-5.770403861999512,5.0539870262146
1,68130,-3.6390469074249268,-22.124370574951172,-10.2730073928833,-10.455446243286133
1,68130,-36.96080780029297,-5.841921806335449,15.28891372680664,-2.2121543884277344
1,68130,4.446176052093506,53.29440689086914,10.442132949829102,21.771692276000977
1,68131,3.411943197250366,14.491846084594727,-12.112878799438477,-23.303245544433594
1,68132,-48.1252326965332,65.07947540283203,1.3198450803756714,-33.66938018798828
1,68132,-2.7170400619506836,100.85029602050781,8.392231941223145,0.2022399604320526
1,68132,35.984859466552734,-41.934364318847656,7.768725395202637,11.445307731628418
1,68132,11.341686248779297,-60.55999755859375,8.02396011352539,-6.889004230499268
1,68132,-14.386309623718262,6.183289051055908,-10.927714347839355,-9.600037574768066
1,68134,-108.23824310302734,37.621341705322266,-8.742218017578125,12.1816987991333
1,68137,-103.2799072265625,-84.9570541381836,-80.05186462402344,20.741849899291992
1,68138,154.37254333496094,-201.41159057617188,-69.8023910522461,38.27022933959961
1,68139,289.6977844238281,-66.1707992553711,48.59956359863281,26.898778915405273
1,68142,216.65174865722656,-51.08450698852539,78.68124389648438,67.76463317871094
1,68143,14.062578201293945,-4.6940836906433105,79.3341293334961,18.634336471557617
1,68146,-298.0024108886719,185.298828125,-23.705175399780273,-133.2750244140625
1,68147,-241.64491271972656,102.44995880126953,-101.26851654052734,-116.81342315673828
1,68150,-24.985578536987305,-10.03079605102539,-38.13923263549805,-14.200702667236328
1,68151,28.21255874633789,55.5120964050293,40.49694061279297,125.06298065185547
1,68154,-19.187240600585938,168.06307983398438,118.86692810058594,9.128327369689941
1,68155,-160.54782104492188,99.29431915283203,38.472679138183594,-129.39544677734375
1,68158,91.14865112304688,-211.92523193359375,-92.80175018310547,63.672645568847656
1,68159,287.5,-227.35084533691406,-60.683677673339844,88.1973876953125
1,68162,167.89590454101562,-57.64641189575195,61.94144821166992,-12.335592269897461
1,68163,-2.0090832710266113,50.966976165771484,80.8844985961914,4.037562847137451
1,68166,-297.8954162597656,157.2244415283203,-31.987655639648438,-28.485450744628906
1,68167,-108.99909973144531,34.665828704833984,-4.289153575897217,-60.49241256713867
1,68170,152.39498901367188,-72.98123931884766,1.3962637186050415,50.49403381347656
1,68171,35.29144287109375,28.839847564697266,-41.07450866699219,56.223907470703125
1,68288,86.61988067626953,-47.648921966552734,19.188207626342773,-62.77555465698242
1,68288,36.1341438293457,-91.26802062988281,2.7070133686065674,-29.342336654663086
1,68288,-175.413818359375,153.71600341796875,-6.170921325683594,10.889298439025879
1,68288,-142.6183624267578,141.1184539794922,7.328220367431641,-22.895700454711914
1,68288,-46.571197509765625,-11.724942207336426,-28.403209686279297,-7.125024795532227
1,68289,6.100665092468262,-29.952396392822266,-24.06342124938965,24.58348274230957
1,68289,87.94660186767578,-56.72969436645508,-14.238320350646973,34.039058685302734
1,68289,100.68163299560547,-78.96681213378906,-3.64699649810791,28.46950912475586
1,68289,59.35293197631836,-94.44683837890625,10.700728416442871,4.95059061050415
1,68289,42.97563552856445,-22.582984924316406,3.1998417377471924,-17.28609275817871
1,68289,14.265146255493164,48.895259857177734,24.95380401611328,2.151517391204834
1,68290,-53.88282012939453,30.067611694335938,7.405750751495361,14.804638862609863
1,68290,-82.17200469970703,63.10710144042969,-18.895584106445312,-42.51563262939453
1,68290,-70.91213989257812,78.29295349121094,8.29587173461914,-43.66902542114258
1,68290,-53.44470977783203,6.157761096954346,11.962676048278809,24.61127471923828
1,68290,18.190290451049805,-31.001771926879883,-6.000190258026123,28.210865020751953
1,68290,53.83789825439453,-36.699039459228516,-8.9360933303833,-3.014023780822754
1,68291,35.28546142578125,-37.09245300292969,-8.383703231811523,26.376636505126953
1,68291,54.37826919555664,-34.38489532470703,11.670465469360352,36.72085952758789
1,68291,38.489383697509766,-5.449723720550537,27.677785873413086,-12.839181900024414
1,68291,-2.1777632236480713,51.49656677246094,10.610342979431152,-15.479757308959961
1,68291,-20.02051544189453,19.274282455444336,1.8456543684005737,-13.723511695861816
1,68291,-50.93068313598633,19.699392318725586,-7.675824165344238,-33.143367767333984
1,68292,-53.97798156738281,65.76070404052734,-8.51111125946045,-12.938450813293457
1,68292,-20.762744903564453,3.2566699981689453,-19.3376522064209,0.24639932811260223
1,68292,-2.7837178707122803,-38.454078674316406,-6.175638675689697,-16.625019073486328
1,68292,2.8346245288848877,-18.43956756591797,9.021100997924805,15.621535301208496
1,68292,37.5297966003418,1.9972680807113647,-14.399470329284668,19.549789428710938
1,68293,43.24245071411133,-23.324819564819336,-3.944176197052002,-21.891115188598633
1,68293,4.197706699371338,-26.89444351196289,17.45494842529297,20.06307029724121
1,68293,-8.759885787963867,22.08608055114746,7.203019142150879,20.23711395263672
1,68293,-20.466981887817383,16.661890029907227,-16.5654296875,-17.64162826538086
1,68293,-32.888458251953125,15.222482681274414,-1.0075336694717407,-6.783641815185547
1,68293,-15.730320930480957,16.105756759643555,13.45872974395752,-13.69481372833252
1,68294,-10.665159225463867,-9.017839431762695,-1.9488534927368164,3.9463400840759277
1,68294,-25.857301712036133,-18.9537410736084,-7.915674209594727,7.903802394866943
1,68294,16.628639221191406,-13.3941011428833,-4.754060745239258,6.08181619644165
1,68294,60.28794479370117,-14.639806747436523,-4.318180561065674,9.95408821105957
1,68294,25.47292137145996,-22.93960952758789,-4.597704887390137,2.0890791416168213
1,68294,10.766740798950195,-16.383098602294922,12.336566925048828,25.481422424316406
1,68295,17.96782112121582,-19.29359245300293,9.748841285705566,19.380399703979492
1,68295,4.968165397644043,7.754083633422852,-12.741066932678223,-14.304529190063477
1,68295,-8.586389541625977,20.36321449279785,6.17974853515625,-22.758861541748047
1,68295,-20.71721839904785,-16.238061904907227,30.390562057495117,-5.781139850616455
1,68295,5.900755405426025,-3.1912403106689453,18.198020935058594,10.325779914855957
1,68295,23.497770309448242,16.167272567749023,-1.2217085361480713,11.521434783935547
1,68296,4.426839351654053,-17.913389205932617,-22.187170028686523,-16.130165100097656
1,68296,-1.7020955085754395,-39.83391571044922,-18.118745803833008,-16.65097999572754
1,68296,24.693283081054688,-18.850189208984375,6.639711380004883,14.801356315612793
1,68296,17.880807876586914,11.925640106201172,-2.2203104496002197,-5.4524149894714355
1,68296,-9.90893268585205,14.054948806762695,-9.737470626831055,-24.44605827331543
1,68296,-9.541555404663086,1.6627161502838135,-5.94904088973999,-11.419641494750977
1,68297,-17.286800384521484,10.165745735168457,-25.403322219848633,-12.422009468078613
1,68297,-9.27859878540039,-7.291855335235596,-20.701438903808594,-1.0966929197311401
1,68297,-1.7355492115020752,3.726778030395508,8.415916442871094,27.425331115722656
1,68297,15.367963790893555,34.695987701416016,-3.531569004058838,26.15873146057129
1,68297,18.874637603759766,-22.08382797241211,-18.598907470703125,17.927976608276367
1,68297,3.119084358215332,-41.414894104003906,-7.273613452911377,35.97296905517578
1,68299,103.43170166015625,-71.11893463134766,-20.892045974731445,66.89061737060547
1,68299,77.59346771240234,-74.38629913330078,-2.691486358642578,25.2961483001709
1,68299,-93.92745971679688,63.0870246887207,68.8084487915039,-64.3357162475586
1,68299,-28.516719818115234,58.42500305175781,35.203651428222656,-26.41642189025879
1,68299,25.427263259887695,-2.9538023471832275,-39.78619384765625,19.57324981689453
1,68301,73.35882568359375,-10.3511381149292,27.171581268310547,-20.976032257080078
1,68302,138.1022186279297,0.9498143792152405,83.96985626220703,-1.2778931856155396
1,68303,-91.07754516601562,107.88175201416016,54.894775390625,-30.801420211791992
1,68306,-243.10089111328125,141.4302520751953,11.073026657104492,-94.27536010742188
1,68307,-190.29611206054688,47.107566833496094,-90.03931427001953,-121.65677642822266
1,68310,-82.662353515625,-25.39920997619629,-64.91744232177734,22.810867309570312
1,68311,60.540096282958984,12.313949584960938,33.22440719604492,145.53903198242188
1,68314,-77.93409729003906,169.2964324951172,61.21249008178711,-94.26167297363281
1,68315,-157.5281219482422,82.72396850585938,12.373991966247559,-43.60980224609375
1,68318,221.79098510742188,-343.82354736328125,-131.0419464111328,189.1929473876953
1,68319,330.9585876464844,-333.9921569824219,-53.11184310913086,82.76317596435547
1,68322,203.7271728515625,11.735468864440918,128.9190216064453,21.509748458862305
1,68323,52.2559928894043,160.75921630859375,76.46141052246094,-58.70102310180664
1,68326,-342.9356994628906,129.44595336914062,-151.1441650390625,-142.38760375976562
1,68327,-172.42642211914062,-51.61157989501953,-190.7577362060547,98.4144515991211
1,68330,165.7061004638672,-40.71132278442383,97.43313598632812,140.3666534423828
1,68331,-40.22144317626953,80.9723129272461,186.1910858154297,-189.73472595214844
1,68334,-150.5594482421875,169.66285705566406,29.359960556030273,-190.020751953125
1,68335,-63.571266174316406,83.22944641113281,-51.12165832519531,80.59111785888672
1,68338,115.85255432128906,-343.9336853027344,-88.51869201660156,142.0972900390625
1,68339,188.11810302734375,-290.14324951171875,-42.05886459350586,74.20046997070312
1,68466,-44.58415985107422,268.9454345703125,76.68673706054688,-40.99200439453125
1,68467,-119.29573059082031,258.3568420410156,80.81143951416016,-51.86997604370117
1,68467,56.71867370605469,-136.5212860107422,-15.645883560180664,88.4089126586914
1,68467,129.8064727783203,-118.57379913330078,-1.754560947418213,69.00518035888672
1,68467,101.359619140625,-2.7980849742889404,32.20307540893555,-31.538333892822266
1,68467,48.77842330932617,-45.360294342041016,-0.06578018516302109,-13.1657133102417
1,68467,-31.4248104095459,18.151653289794922,13.708535194396973,2.1217944622039795
1,68468,-66.25409698486328,88.98617553710938,5.1404266357421875,-55.52786636352539
1,68468,-87.20069122314453,61.853370666503906,-23.85672950744629,-63.45346450805664
1,68468,-122.4483413696289,47.76468276977539,-9.482779502868652,-36.97771453857422
1,68468,-69.00406646728516,37.527706146240234,-4.42305326461792,-29.791717529296875
1,68468,5.658280849456787,-15.306687355041504,-22.253828048706055,-7.42152214050293
1,68468,36.652217864990234,-68.7440414428711,-33.72087860107422,-15.951007843017578
1,68469,52.211002349853516,-80.46805572509766,12.700695037841797,13.074162483215332
1,68469,71.52210998535156,-9.202587127685547,17.08510971069336,34.56662368774414
1,68469,61.171836853027344,-0.19845613837242126,-46.02330017089844,-14.652107238769531
1,68469,-14.8349609375,-14.99079418182373,-31.030580520629883,-12.665820121765137
1,68469,-72.85035705566406,55.27732849121094,-1.1048237085342407,11.398414611816406
1,68469,-80.7013931274414,67.64888000488281,-11.444842338562012,-11.67702579498291
1,68470,-56.04087448120117,18.434839248657227,-29.400678634643555,-60.335941314697266
1,68470,-44.971675872802734,-16.763547897338867,-25.21498680114746,-51.86315155029297
1,68470,-47.83384704589844,-20.160404205322266,18.537134170532227,-10.537670135498047
1,68470,9.514547348022461,-33.904842376708984,25.862634658813477,-2.0051321983337402
1,68470,69.61775207519531,-35.083099365234375,6.620171070098877,15.800628662109375
1,68470,51.49424743652344,-32.97431945800781,15.386004447937012,39.604042053222656
1,68471,29.151281356811523,-8.525362014770508,-7.858904838562012,46.58841323852539
1,68471,18.47687530517578,52.438777923583984,-8.450118064880371,42.50132751464844
1,68471,8.556522369384766,39.89237976074219,27.902145385742188,41.62663650512695
1,68471,9.83438491821289,33.23378372192383,0.6335338950157166,51.752593994140625
1,68471,-3.0009477138519287,35.727500915527344,-6.568294048309326,45.12641525268555
1,68472,-10.389684677124023,9.525041580200195,15.573545455932617,49.961612701416016
1,68472,4.159083366394043,22.799251556396484,15.033806800842285,57.19974136352539
1,68472,25.845834732055664,-0.8734347224235535,35.782073974609375,42.543216705322266
1,68472,50.26728439331055,-52.02736282348633,10.693032264709473,12.240100860595703
1,68472,45.219581604003906,-11.51059627532959,-11.561017990112305,-26.203289031982422
1,68472,-16.971559524536133,14.532470703125,18.305469512939453,-26.19658088684082
1,68473,-21.73185157775879,-22.09914779663086,5.134087562561035,-38.66796875
1,68473,-11.779446601867676,-20.687198638916016,-22.831724166870117,-55.895904541015625
1,68473,-46.43882369995117,25.245420455932617,-14.487814903259277,-19.890275955200195
1,68473,-32.912437438964844,30.91615867614746,-0.7289077043533325,-24.410419464111328
1,68473,-28.62462615966797,-25.5091495513916,-9.578983306884766,-40.671424865722656
1,68473,-12.175021171569824,-30.079208374023438,6.951282978057861,-23.592082977294922
1,68474,18.40831756591797,-3.6522512435913086,6.671844005584717,-21.907819747924805
1,68474,35.92645263671875,-11.617647171020508,-8.295729637145996,1.2279006242752075
1,68474,38.193275451660156,-30.35323143005371,-7.425670146942139,-0.008723219856619835
1,68474,-9.264636039733887,-3.9682505130767822,-9.36784553527832,-11.566319465637207
1,68474,-24.267322540283203,4.461618423461914,1.0893408060073853,-6.091892242431641
1,68474,3.4011905193328857,-30.139402389526367,-12.497421264648438,-12.28165340423584
1,68475,2.2578728199005127,-1.3993923664093018,-3.506700277328491,0.6846092939376831
1,68475,-12.779807090759277,26.588285446166992,-4.577914714813232,-4.484470844268799
1,68475,-3.511594533920288,-14.308438301086426,-23.707719802856445,0.13891945779323578
1,68475,1.2896039485931396,-19.554765701293945,12.04372787475586,16.101831436157227
1,68475,18.738903045654297,-0.31292083859443665,10.799656867980957,-7.544174671173096
1,68475,32.267250061035156,-34.29351806640625,-22.995702743530273,-0.24744585156440735
1,68476,9.173213958740234,-4.847634315490723,-3.5242087841033936,42.10127639770508
1,68476,6.106693744659424,27.431556701660156,20.71441078186035,24.1933536529541
1,68476,11.43284797668457,8.17426872253418,10.747550964355469,-15.246319770812988
1,68476,-0.15101924538612366,16.438520431518555,4.825066566467285,10.736835479736328
1,68476,7.555976390838623,-1.4770970344543457,18.659103393554688,16.341007232666016
1,68476,1.6841627359390259,-3.887115478515625,19.41686248779297,-8.719398498535156
1,68477,-32.654296875,-13.272868156433105,1.5126445293426514,-7.477272987365723
1,68477,-11.91519546508789,-18.52670669555664,-5.649105548858643,4.895374298095703
1,68477,22.317110061645508,28.790250778198242,10.359846115112305,15.35775089263916
1,68478,74.25084686279297,-69.70891571044922,10.856066703796387,1.3626618385314941
1,68478,82.84359741210938,-98.63159942626953,-30.087268829345703,6.622222423553467
1,68479,-37.95626449584961,65.62666320800781,-25.769847869873047,19.89019012451172
1,68479,-49.94113540649414,32.08221435546875,24.759349822998047,6.524548053741455
1,68479,8.837440490722656,-12.821725845336914,14.138569831848145,-14.70292854309082
1,68479,5.519066333770752,32.57558059692383,-12.032431602478027,-6.560390949249268
1,68480,93.21702575683594,-33.30405044555664,31.582670211791992,24.859411239624023
1,68482,140.8224639892578,-6.743166446685791,90.25446319580078,35.35565185546875
1,68484,-145.62709045410156,179.2534637451172,30.48274803161621,-106.46610260009766
1,68486,-270.5910949707031,136.9466094970703,-90.82490539550781,-126.19549560546875
1,68488,-86.8342514038086,5.8638224601745605,-48.83281707763672,86.16050720214844
1,68490,-36.89784240722656,28.22634506225586,13.08212947845459,9.926848411560059
1,68492,-14.04014778137207,61.87125778198242,17.220701217651367,-61.420413970947266
1,68494,-96.17790985107422,80.17019653320312,11.25048542022705,22.766572952270508
1,68496,-34.92230224609375,-146.1126708984375,-69.20637512207031,22.20778465270996
1,68498,210.15884399414062,-238.41419982910156,-61.16373062133789,58.369930267333984
1,68501,348.66943359375,-200.48760986328125,0.7099220156669617,108.67822265625
1,68502,196.33985900878906,-99.12797546386719,60.50414276123047,40.28188705444336
1,68505,-256.95220947265625,269.261962890625,24.96903419494629,-51.148216247558594
1,68506,-237.90037536621094,170.35379028320312,-35.285362243652344,-52.422943115234375
1,68509,26.31557846069336,-111.63998413085938,6.21679162979126,-89.86337280273438
1,68510,25.009714126586914,-22.12976837158203,11.487405776977539,-32.11015701293945
1,68513,-65.15544128417969,127.38330841064453,20.761249542236328,16.18238067626953
1,68514,-154.9648895263672,85.78246307373047,13.041045188903809,-25.041147232055664
1,68515,-54.050113677978516,-86.02775573730469,-27.956193923950195,-7.0554656982421875
1,68518,181.79415893554688,-149.81982421875,-53.95954132080078,52.42821502685547
1,68519,241.97401428222656,-124.33331298828125,-33.687320709228516,101.98040771484375
1,68655,-291.4662780761719,280.3935852050781,84.44886779785156,-84.95024108886719
1,68655,-363.8406982421875,311.21875,74.71031951904297,-131.6599578857422
1,68655,309.4554443359375,-293.1402587890625,-67.79961395263672,132.28680419921875
1,68656,276.51043701171875,-228.38336181640625,-22.955472946166992,91.0185775756836
1,68656,32.40871810913086,20.050085067749023,27.955820083618164,-36.30706787109375
1,68656,67.72927856445312,-49.11266326904297,-2.9866762161254883,23.3979434967041
1,68656,4.280138969421387,24.06740951538086,12.4892578125,-7.868687152862549
1,68656,-55.00632858276367,95.2722396850586,22.669841766357422,-68.59074401855469
1,68656,-68.48918914794922,44.34495162963867,-9.476035118103027,-19.002187728881836
1,68657,-59.66910934448242,-3.909992218017578,-38.90516662597656,15.520086288452148
1,68657,-28.984846115112305,-22.45726776123047,-4.414866924285889,-0.90153968334198
1,68657,25.23756980895996,-31.227554321289062,-6.6953325271606445,8.528573989868164
1,68657,54.423797607421875,-37.2696418762207,-18.76569366455078,29.490758895874023
1,68657,73.2760009765625,-85.0905990600586,-3.87156081199646,48.46202850341797
1,68657,57.89750289916992,-47.186859130859375,-1.911320686340332,23.771560668945312
1,68658,18.87965202331543,61.23405838012695,23.769445419311523,-25.7197208404541
1,68658,-8.921783447265625,47.210208892822266,12.787468910217285,-16.11526870727539
1,68658,-67.521240234375,12.208962440490723,-15.324701309204102,-0.18156130611896515
1,68658,-63.09737014770508,27.842496871948242,-10.80104923248291,-31.630264282226562
1,68658,-23.642038345336914,26.74335289001465,-14.410003662109375,-33.4276008605957
1,68658,-19.307538986206055,0.12283820658922195,4.9962382316589355,-3.8264124393463135
1,68659,27.40902328491211,-48.32054901123047,7.501698970794678,22.967138290405273
1,68659,45.774383544921875,-30.65938949584961,-22.230457305908203,18.265277862548828
1,68659,35.883033752441406,15.861637115478516,-9.150545120239258,-5.012596607208252
1,68659,23.95123291015625,1.9557987451553345,1.6885360479354858,11.555550575256348
1,68659,-11.459566116333008,-9.46884822845459,-3.1007986068725586,33.46149444580078
1,68660,-0.27821964025497437,17.122943878173828,3.8305089473724365,6.453613758087158
1,68660,-17.39127540588379,26.19375991821289,13.360650062561035,-32.37960433959961
1,68660,-53.2020378112793,28.072568893432617,6.753890514373779,-19.651233673095703
1,68660,-28.259191513061523,38.678768157958984,-5.828404903411865,-0.8063552379608154
1,68660,-2.9370779991149902,3.4962408542633057,13.97743034362793,-0.9605458378791809
1,68660,23.631568908691406,-11.343794822692871,9.752799987792969,11.244425773620605
1,68661,29.62515640258789,-6.063782215118408,-10.110281944274902,18.113040924072266
1,68661,18.97995948791504,-12.905790328979492,-8.24523639678955,-11.177379608154297
1,68661,9.799443244934082,-1.2586568593978882,-4.271721839904785,-28.180896759033203
1,68661,-16.39690589904785,-2.5821995735168457,27.614229202270508,2.930983543395996
1,68661,-16.478845596313477,17.5057373046875,28.16877555847168,-1.949505090713501
1,68661,-10.118124008178711,47.3125114440918,21.593172073364258,-21.810617446899414
1,68662,-29.859220504760742,20.199668884277344,23.770614624023438,-9.744468688964844
1,68662,-24.046239852905273,-6.8443379402160645,-22.123891830444336,-4.836514472961426
1,68662,-26.915952682495117,-2.3363609313964844,-14.866682052612305,2.1250829696655273
1,68662,-37.48517608642578,-21.635560989379883,20.384557723999023,22.427383422851562
1,68662,-0.4902919828891754,-31.408496856689453,22.017621994018555,13.815093040466309
1,68662,34.176090240478516,27.82731819152832,33.18006896972656,-16.878568649291992
1,68663,18.193941116333008,45.277103424072266,20.006362915039062,-14.450008392333984
1,68663,-20.71254539489746,-54.51200485229492,-1.3329881429672241,7.358819961547852
1,68663,-24.78049659729004,-37.39768600463867,13.59507942199707,-1.955806016921997
1,68663,-7.981032371520996,55.221824645996094,-8.557074546813965,-3.04314923286438
1,68663,-6.631616592407227,11.883981704711914,-47.5518684387207,19.896516799926758
1,68663,-16.690837860107422,-8.558090209960938,4.519315719604492,7.607154846191406
1,68664,3.2726755142211914,15.69067096710205,24.677465438842773,1.346127986907959
1,68664,47.22163009643555,-24.293256759643555,-32.8090934753418,-4.675271034240723
1,68664,14.559171676635742,-27.881887435913086,-22.14750862121582,-6.116064071655273
1,68664,-32.49887466430664,0.3386133313179016,3.2018861770629883,9.027737617492676
1,68664,11.853154182434082,-7.730418682098389,-8.470423698425293,-20.634143829345703
1,68664,19.255889892578125,-9.42717456817627,-12.56632137298584,-33.07636260986328
1,68665,-3.09224009513855,-1.6846030950546265,-3.2579517364501953,-6.252218723297119
1,68665,-7.4035258293151855,-8.02092456817627,0.9396631717681885,12.002683639526367
1,68665,-14.778203010559082,14.588286399841309,-6.243269443511963,8.345338821411133
1,68665,4.964684009552002,22.669044494628906,8.11105728149414,0.9547324180603027
1,68665,1.3713818788528442,-25.14631462097168,8.011666297912598,16.961383819580078
1,68665,21.0582275390625,-0.7769973278045654,-15.236948013305664,6.239416122436523
1,68666,22.679147720336914,7.169753551483154,-15.686985969543457,-14.558574676513672
1,68666,-31.327024459838867,-10.366497039794922,-1.1940363645553589,24.8961181640625
1,68666,-14.942737579345703,13.418400764465332,8.112598419189453,38.95718002319336
1,68666,20.476207733154297,-5.162693500518799,6.363724231719971,-6.471950054168701
1,68666,-4.091678142547607,-16.63100814819336,1.6204231977462769,-15.652213096618652
1,68668,-50.659873962402344,33.31020736694336,-3.839528799057007,-41.56618881225586
1,68668,-12.256901741027832,30.610502243041992,-11.815793991088867,-48.51820373535156
1,68668,52.7680549621582,-37.400108337402344,-23.603126525878906,37.73694610595703
1,68668,6.746804237365723,5.7470383644104,-2.504014730453491,49.76173782348633
1,68668,-8.17893123626709,25.9210262298584,2.710233449935913,-6.680220603942871
1,68668,23.714107513427734,-19.574771881103516,-4.086137771606445,2.416996955871582
1,68669,9.440130233764648,4.589676380157471,12.508420944213867,16.391382217407227
1,68670,-33.885337829589844,12.589370727539062,-111.42469024658203,41.89828872680664
1,68671,-76.0360107421875,25.048837661743164,-205.66773986816406,-41.36658477783203
1,68674,-178.6130828857422,95.76708221435547,54.511985778808594,-175.94032287597656
1,68675,-44.888572692871094,-0.8214010000228882,212.68959045410156,74.02326965332031
1,68678,416.37939453125,-283.3931884765625,-32.35885238647461,213.8664093017578
1,68679,392.217529296875,-196.2227783203125,-56.07185745239258,15.376941680908203
1,68682,0.39520347118377686,54.656333923339844,142.09930419921875,-41.75045394897461
1,68683,-202.35934448242188,80.46288299560547,94.59646606445312,-91.75608825683594
1,68686,-237.12139892578125,191.18478393554688,-5.7987380027771,-94.40856170654297
1,68687,-83.73574829101562,68.10337829589844,-4.88156795501709,24.30342674255371
1,68690,4.0192999839782715,-98.64885711669922,-12.539813041687012,59.33361053466797
1,68691,-13.202207565307617,100.43724060058594,4.531436443328857,-47.94790267944336
1,68694,-128.38853454589844,164.58724975585938,29.35354995727539,-48.42695617675781
1,68695,-130.3426055908203,-36.446083068847656,-46.121665954589844,64.18341827392578
1,68698,279.3996887207031,-251.8037567138672,-105.37625885009766,78.1395263671875
1,68699,307.275390625,-203.1395721435547,-24.985214233398438,39.2509765625
1,68702,-44.18610382080078,63.294551849365234,67.91898345947266,-53.83577346801758
1,68703,-133.03611755371094,173.75439453125,38.541297912597656,-60.02064895629883
1,68706,-186.8372344970703,85.84292602539062,-41.2661247253418,4.9876203536987305
1,68707,-19.060043334960938,-91.31535339355469,-2.7404584884643555,-1.585711121559143
1,68848,188.36065673828125,-84.48792266845703,50.735904693603516,8.66141414642334
1,68848,72.0998764038086,44.89995193481445,13.248762130737305,24.7825870513916
1,68848,-23.085315704345703,10.251241683959961,-3.993006706237793,21.592470169067383
1,68848,-61.57481384277344,46.00214385986328,16.80432891845703,-9.088505744934082
1,68849,-109.8177719116211,94.73797607421875,-5.886684894561768,-46.5289306640625
1,68849,-113.64573669433594,52.26834487915039,-46.100242614746094,-39.205406188964844
1,68849,-62.88646697998047,11.66396713256836,-28.836875915527344,-7.0285844802856445
1,68849,23.270610809326172,-39.45589065551758,-22.66766929626465,17.79214096069336
1,68849,86.78062438964844,-54.32958221435547,-4.846487045288086,13.0636625289917
1,68849,103.76725006103516,-60.20048904418945,21.046194076538086,13.69616413116455
1,68850,79.462890625,-86.08621215820312,-3.629485845565796,37.677978515625
1,68850,46.625450134277344,-35.892093658447266,8.58477783203125,14.709535598754883
1,68850,6.0511674880981445,55.09988021850586,38.13068389892578,-22.589202880859375
1,68850,-45.95671081542969,53.64908981323242,19.97709083557129,-9.44186782836914
1,68850,-76.7446517944336,34.9597282409668,-3.6198418140411377,-3.120619058609009
1,68851,-75.35185241699219,65.59053802490234,-4.588477611541748,-8.308493614196777
1,68851,-54.310733795166016,48.577857971191406,-19.408205032348633,-30.857742309570312
1,68851,3.5656466484069824,-28.48734474182129,-14.134328842163086,-14.033405303955078
1,68851,63.42209243774414,-52.75716018676758,8.60217571258545,29.193260192871094
1,68851,56.03887939453125,-17.55702018737793,-9.124340057373047,-1.9859898090362549
1,68851,27.114391326904297,-9.963915824890137,3.1063008308410645,1.20472252368927
1,68852,10.809245109558105,-23.560014724731445,31.340471267700195,19.738876342773438
1,68852,3.8984062671661377,-12.397409439086914,-3.8938066959381104,-6.320014476776123
1,68852,-14.801520347595215,27.501127243041992,-29.11321449279785,-5.245330810546875
1,68852,-72.59295654296875,44.52159881591797,-0.5767062902450562,6.972301483154297
1,68852,-68.10562133789062,4.6184515953063965,11.213397026062012,-6.610684394836426
1,68852,-11.474220275878906,-9.588930130004883,-15.468990325927734,-3.965679407119751
1,68853,13.36862564086914,-13.196440696716309,-13.454279899597168,8.754884719848633
1,68853,39.38591384887695,-26.446229934692383,-2.9885144233703613,10.94539737701416
1,68853,32.15329360961914,-30.7288875579834,-20.69706916809082,32.69987869262695
1,68853,28.097900390625,-16.43198585510254,17.19567108154297,0.5166352391242981
1,68853,40.13217544555664,-23.58831024169922,32.55679702758789,-10.728289604187012
1,68854,-6.097258567810059,-11.5728178024292,-1.4360177516937256,19.950658798217773
1,68854,-24.438920974731445,31.282487869262695,2.9712352752685547,-20.264862060546875
1,68854,-3.8169634342193604,16.482032775878906,-5.024462699890137,-29.28953742980957
1,68854,-12.907682418823242,13.076884269714355,-24.80400276184082,6.189659595489502
1,68854,-25.17865753173828,6.464803218841553,-1.8574566841125488,4.59419059753418
1,68854,14.885514259338379,-15.81827163696289,15.306079864501953,-1.5172113180160522
1,68854,46.67362976074219,-34.33951950073242,-8.436209678649902,11.32125473022461
1,68855,14.617756843566895,-16.81931495666504,6.334378719329834,24.77235984802246
1,68855,15.304132461547852,10.191695213317871,2.520289659500122,5.853346347808838
1,68855,20.894168853759766,-14.748472213745117,-7.681321620941162,-9.15601921081543
1,68855,-12.955066680908203,-5.578664302825928,14.625800132751465,3.194610834121704
1,68855,-0.7228167653083801,2.6803693771362305,-6.499601364135742,0.14840787649154663
1,68855,1.7120457887649536,28.952373504638672,2.840543270111084,-18.131792068481445
1,68856,-23.58160400390625,31.588966369628906,13.616765975952148,-4.156606674194336
1,68856,2.309366226196289,-35.39173126220703,-8.324542045593262,9.073421478271484
1,68856,18.611480712890625,-6.074698448181152,-12.769853591918945,-9.126876831054688
1,68856,-0.9029979109764099,15.632058143615723,-6.108585834503174,-2.2148959636688232
1,68856,12.013596534729004,0.9070149064064026,-0.19049645960330963,3.498466730117798
1,68857,27.764997482299805,-3.365377187728882,-5.450456142425537,3.3052101135253906
1,68857,6.968726634979248,-37.290279388427734,5.729311943054199,23.181900024414062
1,68857,-2.740370512008667,2.543757677078247,12.682071685791016,8.465226173400879
1,68857,-12.520485877990723,27.208354949951172,-12.473998069763184,-42.795738220214844
1,68857,-6.36306095123291,-11.662650108337402,1.9717479944229126,-19.277240753173828
1,68857,-6.33749532699585,-7.569113254547119,2.0189132690429688,23.936546325683594
1,68858,-18.884023666381836,7.065847873687744,-18.712976455688477,13.568638801574707
1,68858,2.63468337059021,1.5707108974456787,12.616782188415527,0.7771857380867004
1,68858,1.9580671787261963,-12.063702583312988,19.759300231933594,-19.39689826965332
1,68858,26.15935516357422,-6.147765159606934,13.798430442810059,-1.0105143785476685
1,68858,32.67104721069336,-14.773268699645996,-16.202606201171875,24.33318519592285
1,68858,-21.79069709777832,-29.1904354095459,-0.904094398021698,-14.79039478302002
1,68859,-6.4119110107421875,13.927140235900879,44.54269790649414,-16.248977661132812
1,68859,10.574551582336426,50.83100509643555,7.982161045074463,18.294734954833984
1,68859,-13.077864646911621,15.232255935668945,-16.669788360595703,4.837274074554443
1,68859,-0.6503111720085144,-8.201910972595215,-5.47153377532959,-6.069771766662598
1,68859,28.615203857421875,14.204752922058105,7.137871742248535,-7.422171592712402
1,68859,8.691920280456543,0.6544122695922852,3.558265447616577,-6.522256851196289
1,68860,-21.240459442138672,1.402680516242981,-11.489227294921875,-9.015769004821777
1,68860,-10.187600135803223,16.714431762695312,-11.440642356872559,6.238391399383545
1,68861,56.34520721435547,18.91383171081543,23.723064422607422,25.291988372802734
1,68861,41.098934173583984,33.536895751953125,32.96305465698242,-16.17989158630371
1,68861,-81.11206817626953,15.351990699768066,-22.512969970703125,-20.85795021057129
1,68862,-46.0504035949707,-15.18299674987793,-25.71958351135254,2.5033280849456787
1,68862,-7.1133294105529785,-9.776196479797363,11.378748893737793,-4.998133182525635
1,68862,-40.975589752197266,8.278910636901855,0.34880685806274414,4.3197784423828125
1,68863,-55.170475006103516,26.748676300048828,-4.740941524505615,-11.17760944366455
1,68865,-112.32594299316406,37.87742614746094,9.446268081665039,-26.849571228027344
1,68866,-82.74414825439453,29.253480911254883,-12.07536506652832,-4.390350818634033
1,68869,-26.279281616210938,25.48957633972168,-19.656553268432617,-0.692409336566925
1,68870,-10.430224418640137,1.200230360031128,5.2512102127075195,-5.33730411529541
1,68871,34.04569625854492,33.16521072387695,1.1873830556869507,-15.562458992004395
1,68874,-105.66463470458984,75.75635528564453,-31.44185447692871,-2.3798277378082275
1,68875,-76.83993530273438,-128.60499572753906,-64.96500396728516,31.716989517211914
1,68878,342.54998779296875,-359.9601135253906,-46.68645095825195,70.06513977050781
1,68879,378.02484130859375,-172.32803344726562,35.50583267211914,71.1385269165039
1,68882,132.35223388671875,315.892822265625,123.08065032958984,9.611339569091797
1,68883,-45.981998443603516,227.26634216308594,69.07644653320312,-16.082727432250977
1,68886,-311.8695983886719,-253.9467315673828,-68.63304901123047,-70.2281723022461
1,68887,-190.47535705566406,-78.85218811035156,-29.138986587524414,-64.21356964111328
1,68890,102.10997772216797,165.80343627929688,20.047378540039062,26.261552810668945
1,68891,17.590837478637695,73.90583801269531,0.6906741261482239,15.702296257019043
1,68894,-165.89559936523438,116.2179946899414,4.658545970916748,-23.700868606567383
1,68895,-114.48402404785156,9.701074600219727,-32.68362808227539,-15.293468475341797
1,68898,238.6475372314453,-311.6314392089844,-70.27177429199219,40.72244644165039
1,68899,267.0108642578125,-209.29176330566406,-42.562828063964844,53.24067687988281
1,68902,48.32496643066406,205.33642578125,117.79312896728516,5.256432056427002
1,68903,-42.03526306152344,209.6952362060547,131.24839782714844,-17.681438446044922
1,68906,-240.87091064453125,-8.435126304626465,-47.53011703491211,-67.25337982177734
1,68907,-88.91801452636719,-65.80437469482422,-84.11324310302734,-28.433517456054688
1,69058,161.2335968017578,-102.58838653564453,-86.67701721191406,118.78929138183594
1,69058,71.936767578125,-73.54187774658203,-34.12303161621094,66.4896240234375
1,69058,25.16621208190918,48.42955780029297,105.36612701416016,-80.1938247680664
1,69058,-56.60128402709961,75.06063079833984,55.28326416015625,-48.94430160522461
1,69058,-126.13705444335938,50.92083740234375,-24.478633880615234,5.773313045501709
1,69059,-74.58018493652344,47.211883544921875,-7.344974517822266,-7.683732509613037
1,69059,-9.087308883666992,-0.42322680354118347,-38.011898040771484,-3.183319568634033
1,69059,57.26057434082031,-61.84298324584961,-33.49817657470703,19.045862197875977
1,69059,66.3885269165039,-61.66520690917969,17.415128707885742,11.565408706665039
1,69059,101.43104553222656,-53.822357177734375,24.07971954345703,7.107178211212158
1,69059,119.05255889892578,-28.744462966918945,17.01195526123047,22.00469970703125
1,69060,33.77729034423828,25.455326080322266,35.11975860595703,-4.749391078948975
1,69060,-48.40888977050781,37.42696762084961,38.248435974121094,-24.654951095581055
1,69060,-84.26372528076172,44.743125915527344,-1.9336086511611938,-9.038430213928223
1,69060,-84.33686828613281,59.861629486083984,-11.595416069030762,-21.504037857055664
1,69060,-70.27388000488281,43.73939514160156,-15.111144065856934,-33.37587356567383
1,69060,-56.818565368652344,9.1119384765625,-25.519710540771484,-2.023993968963623
1,69061,3.0414047241210938,-9.094108581542969,10.565409660339355,7.9841766357421875
1,69061,74.2806396484375,-45.05034637451172,-2.2393767833709717,12.708499908447266
1,69061,49.97511672973633,-32.46987533569336,-27.016813278198242,19.539066314697266
1,69061,17.04648208618164,18.814605712890625,14.059922218322754,1.6016228199005127
1,69061,23.28217887878418,13.51856803894043,24.186309814453125,7.594381809234619
1,69062,-18.18309211730957,3.873418092727661,12.584776878356934,2.0644023418426514
1,69062,-46.34128952026367,26.398788452148438,12.394149780273438,-20.758878707885742
1,69062,-50.833251953125,20.981290817260742,-10.453234672546387,-21.28868865966797
1,69062,-58.905967712402344,-15.48589038848877,-21.19163703918457,-7.005172252655029
1,69062,-32.93511962890625,3.8657751083374023,-21.42662811279297,1.6065444946289062
1,69062,15.43847370147705,15.259727478027344,-12.524882316589355,16.613821029663086
1,69063,36.83557891845703,-15.888998031616211,1.1609779596328735,10.468498229980469
1,69063,29.21263313293457,-40.749019622802734,-1.1646076440811157,-11.37582778930664
1,69063,27.074617385864258,-31.43136215209961,3.8945798873901367,15.149051666259766
1,69063,10.382822036743164,18.59566879272461,30.994911193847656,16.329938888549805
1,69063,14.574734687805176,25.105113983154297,16.869922637939453,-21.755640029907227
1,69063,-1.7344805002212524,14.230772018432617,-16.16622543334961,-19.34505271911621
1,69064,-58.40438461303711,14.360013008117676,5.692863464355469,22.895702362060547
1,69064,-37.10097122192383,-14.586209297180176,-5.299930572509766,22.577892303466797
1,69064,20.295433044433594,-2.422091007232666,-32.77216720581055,-11.001151084899902
1,69064,17.610675811767578,6.8847150802612305,-7.499861240386963,-5.022708415985107
1,69064,-9.276381492614746,-26.700740814208984,4.3199615478515625,1.7254071235656738
1,69064,7.570590496063232,-17.741718292236328,-5.910086154937744,4.40502405166626
1,69065,38.90641784667969,11.024067878723145,5.380605220794678,-8.600790977478027
1,69065,-6.596086502075195,3.163788318634033,-2.391112804412842,-9.531280517578125
1,69065,-32.74415969848633,-3.409595012664795,-6.118770122528076,13.813492774963379
1,69065,18.816205978393555,22.098140716552734,22.323307037353516,2.4212071895599365
1,69065,5.922268390655518,-0.9791387915611267,12.44064712524414,-11.443266868591309
1,69065,-37.96220016479492,-7.661909580230713,-13.228288650512695,-16.760229110717773
1,69066,-4.232618808746338,10.092310905456543,-4.9800848960876465,13.601630210876465
1,69066,30.059059143066406,-7.529261112213135,13.621840476989746,36.7240104675293
1,69066,4.711732864379883,6.533236980438232,-0.9991724491119385,-10.9342041015625
1,69066,23.915193557739258,5.589019775390625,-16.75307273864746,-30.462491989135742
1,69066,44.49873733520508,-9.683879852294922,14.858802795410156,11.248427391052246
1,69066,-25.1117000579834,-20.4501953125,9.158797264099121,17.85042953491211
1,69067,-14.199150085449219,6.985015869140625,-19.32787322998047,-20.108606338500977
1,69067,24.39027976989746,23.873933792114258,0.024355996400117874,-8.85011100769043
1,69067,-30.19957733154297,-13.381025314331055,-4.199653148651123,7.480822563171387
1,69067,-20.403154373168945,0.028233325108885765,-0.7913978099822998,-1.1191829442977905
1,69067,6.564183235168457,10.49331283569336,14.334770202636719,0.6522003412246704
1,69067,-11.135807037353516,-2.8211114406585693,-7.855295658111572,5.995859146118164
1,69068,10.830133438110352,-8.209421157836914,3.2619740962982178,1.5729219913482666
1,69068,26.289260864257812,-24.830488204956055,1.9265764951705933,-2.2268424034118652
1,69068,-17.219480514526367,-28.60260009765625,-13.69070053100586,24.571456909179688
1,69068,-11.586170196533203,-0.31360310316085815,1.4267584085464478,4.673372268676758
1,69068,24.14804458618164,31.103673934936523,0.2391146868467331,-12.740933418273926
1,69068,-5.4159650802612305,27.42708396911621,7.429464817047119,-1.1504895687103271
1,69069,-15.678121566772461,-17.30194091796875,12.454540252685547,-14.9577054977417
1,69069,8.684770584106445,-24.06300163269043,-0.4933064579963684,4.9991044998168945
1,69069,4.101625442504883,27.375415802001953,-18.505075454711914,4.94492244720459
1,69069,-13.13352108001709,4.506654262542725,-8.463406562805176,-15.234548568725586
1,69069,5.377164363861084,-33.22689437866211,25.63756561279297,-3.3178725242614746
1,69069,21.441707611083984,-0.8076871037483215,3.190680980682373,6.328263282775879
1,69070,17.47461700439453,21.882732391357422,-10.798727035522461,2.4091756343841553
1,69070,11.68164348602295,-9.597166061401367,2.2952277660369873,-13.766756057739258
1,69070,-28.833154678344727,-16.908292770385742,6.14706563949585,-5.140018939971924
1,69070,-34.96303176879883,27.12833023071289,17.913846969604492,7.2691755294799805
1,69070,20.449552536010742,14.48306655883789,-8.839408874511719,0.10918226838111877
1,69072,-59.08685302734375,71.64020538330078,-15.326517105102539,-17.709667205810547
1,69072,-82.82828521728516,78.70298767089844,5.735947608947754,-27.45983123779297
1,69072,34.10728454589844,-64.19247436523438,-3.2578623294830322,21.251981735229492
1,69072,18.812570571899414,-47.79355239868164,-20.331340789794922,35.240135192871094
1,69072,4.775166988372803,20.164989471435547,-5.95301628112793,-14.005022048950195
1,69072,6.478017330169678,-5.538152694702148,22.409337997436523,-8.327771186828613
1,69073,11.250852584838867,-14.686219215393066,-11.524789810180664,1.67952299118042
1,69074,-2.3542251586914062,-16.04720115661621,-35.336116790771484,20.82691764831543
1,69075,17.584808349609375,-106.20881652832031,-25.412200927734375,46.671810150146484
1,69078,255.14801025390625,-244.93289184570312,-29.822425842285156,46.224517822265625
1,69079,282.962890625,-166.20989990234375,25.736488342285156,47.18416976928711
1,69082,22.7147274017334,113.80286407470703,92.86173248291016,-35.438541412353516
1,69083,-174.1615447998047,183.51499938964844,31.800193786621094,-72.8819808959961
1,69086,-276.4484558105469,130.46722412109375,-31.60749053955078,-53.42042541503906
1,69087,-126.26155853271484,85.03394317626953,1.747049331665039,-15.421262741088867
1,69090,58.268314361572266,10.321654319763184,9.456913948059082,46.75565719604492
1,69091,-18.127368927001953,128.69789123535156,28.91225814819336,-23.671966552734375
1,69094,-192.8427276611328,103.4683609008789,-9.197267532348633,-48.61332702636719
1,69095,-104.09196472167969,-159.15586853027344,-97.26361846923828,33.02743911743164
1,69098,305.2925109863281,-229.7925567626953,-31.797801971435547,68.44880676269531
1,69099,310.7555236816406,-84.2840805053711,46.59169006347656,43.24958038330078
1,69102,-39.860572814941406,125.74410247802734,71.99369812011719,-16.538454055786133
1,69103,-157.23899841308594,105.35330200195312,23.777374267578125,-40.027217864990234
1,69106,-162.8565216064453,-21.035991668701172,-52.61061096191406,-13.03685474395752
1,69107,-25.311769485473633,-28.951074600219727,-9.146817207336426,-8.925007820129395
1,69110,106.00684356689453,-14.442103385925293,5.494786262512207,-31.260656356811523
1,69111,-30.114118576049805,125.45221710205078,0.8219494819641113,-21.399484634399414
1,69114,-160.32986450195312,117.0753173828125,4.542154788970947,4.339902877807617
1,69115,-41.308387756347656,-97.59809112548828,-13.362201690673828,29.160573959350586
1,69118,255.20339965820312,-247.378173828125,-25.995145797729492,68.91222381591797
1,69120,227.09767150878906,-109.9424819946289,-11.02725601196289,30.05664825439453
1,69281,-42.326026916503906,181.10630798339844,49.03361892700195,-40.489498138427734
1,69281,-64.65396118164062,56.262428283691406,13.71918773651123,14.275385856628418
1,69281,1.7207112312316895,-112.80267333984375,-56.108665466308594,21.918622970581055
1,69281,73.9709701538086,-36.60029983520508,-10.801222801208496,0.3531486988067627
1,69281,82.94120025634766,-51.72435760498047,37.18993377685547,16.604238510131836
1,69282,-7.557636737823486,-27.245210647583008,19.166175842285156,-15.328786849975586
1,69282,-58.24283218383789,99.6585693359375,12.475611686706543,-44.21265411376953
1,69282,-137.0303955078125,133.7689971923828,29.42498779296875,-51.3360710144043
1,69282,-196.5914306640625,86.11920166015625,10.779780387878418,-42.58226013183594
1,69282,-123.5115737915039,57.72821044921875,-34.73579788208008,-35.98310852050781
1,69282,-32.61335754394531,17.764436721801758,-39.604732513427734,-13.123744010925293
1,69283,8.78703784942627,-46.95619201660156,-10.97730541229248,27.216609954833984
1,69283,53.85627365112305,-67.80018615722656,2.9022469520568848,36.79641342163086
1,69283,109.22139739990234,-64.90544891357422,17.520967483520508,26.853017807006836
1,69283,111.68709564208984,-48.80636978149414,6.812413215637207,17.594884872436523
1,69283,40.24484634399414,0.642414927482605,-8.030855178833008,-1.4727565050125122
1,69283,-14.567567825317383,40.796539306640625,16.071887969970703,-4.126588821411133
1,69284,-35.26741027832031,61.98836898803711,16.91550636291504,-7.337346076965332
1,69284,-68.51506805419922,62.14582824707031,2.9258368015289307,-11.415139198303223
1,69284,-75.6499252319336,30.043474197387695,-8.227469444274902,1.8371734619140625
1,69284,-21.21515464782715,-7.865848064422607,-15.679463386535645,2.3323912620544434
1,69284,32.731101989746094,-45.234554290771484,-25.52037239074707,12.508397102355957
1,69284,33.65921401977539,-51.891273498535156,-8.517936706542969,37.51944351196289
1,69285,56.407291412353516,-24.900144577026367,18.313343048095703,17.468448638916016
1,69285,76.2029800415039,-45.85459899902344,-0.36343953013420105,-11.106589317321777
1,69285,7.40744161605835,-46.77738571166992,-27.665184020996094,-5.602535247802734
1,69285,-43.83525085449219,22.15744400024414,-12.3801908493042,-7.262388706207275
1,69285,-38.66310119628906,27.577415466308594,29.33955192565918,-7.6092376708984375
1,69286,-36.358116149902344,24.33243179321289,28.266761779785156,-12.491044044494629
1,69286,-32.64149475097656,51.41856002807617,-11.23895263671875,-25.96340560913086
1,69286,-19.96086883544922,-9.598074913024902,-28.104623794555664,-13.369091033935547
1,69286,14.300256729125977,-27.826385498046875,6.147909164428711,2.8577451705932617
1,69286,37.975303649902344,-1.9567866325378418,1.5378071069717407,1.7889066934585571
1,69286,22.221860885620117,-20.810548782348633,-13.95967960357666,-9.122215270996094
1,69287,40.143856048583984,-4.725214958190918,21.210556030273438,-2.7175052165985107
1,69287,43.738590240478516,5.757843494415283,17.05657958984375,8.399083137512207
1,69287,-21.753944396972656,16.663963317871094,2.478663206100464,0.39211684465408325
1,69287,-31.85761070251465,53.04893493652344,12.773066520690918,1.9507780075073242
1,69287,-9.969158172607422,18.312593460083008,22.48681640625,12.723936080932617
1,69287,-30.34612464904785,-0.2789660394191742,-7.036721706390381,15.413423538208008
1,69288,-11.336954116821289,21.616003036499023,-44.256282806396484,-3.3691353797912598
1,69288,18.36476707458496,-29.697818756103516,-7.248726844787598,0.023619310930371284
1,69288,16.095720291137695,-32.123043060302734,20.502227783203125,32.31527328491211
1,69288,32.77730941772461,-12.283145904541016,-12.899552345275879,3.7937216758728027
1,69288,9.566969871520996,-23.497966766357422,-10.104108810424805,-8.879782676696777
1,69288,-10.368602752685547,3.304690361022949,24.835594177246094,25.194900512695312
1,69289,12.171819686889648,22.99997329711914,10.361013412475586,-5.805360794067383
1,69289,-2.2418010234832764,2.695300817489624,-16.10452651977539,-7.717159748077393
1,69289,-18.44684410095215,15.49850082397461,1.0605344772338867,2.076854944229126
1,69289,-15.406932830810547,21.576513290405273,4.384400844573975,-22.439897537231445
1,69289,-11.391434669494629,-10.04755687713623,-0.9889554977416992,-5.252635955810547
1,69289,10.442594528198242,-9.663905143737793,-9.119606018066406,10.666818618774414
1,69290,20.856714248657227,-10.816845893859863,0.562508761882782,-12.281272888183594
1,69290,-0.7874897718429565,4.571515083312988,15.790328025817871,-18.604053497314453
1,69290,-6.794221878051758,8.417705535888672,-4.3880181312561035,19.783525466918945
1,69290,12.401069641113281,25.049592971801758,8.711712837219238,12.189114570617676
1,69290,12.343297004699707,18.76572608947754,-3.525692939758301,-10.180046081542969
1,69290,-22.92771339416504,-28.043779373168945,-16.886669158935547,-28.51795768737793
1,69291,-45.213008880615234,-7.838677883148193,4.748205184936523,-13.662089347839355
1,69291,-16.427154541015625,24.458816528320312,9.368614196777344,19.06464385986328
1,69291,4.313296318054199,1.9405854940414429,-5.243359565734863,-10.903402328491211
1,69291,-21.425439834594727,-30.916160583496094,-18.334346771240234,-0.6176910400390625
1,69291,-12.89298152923584,-25.089385986328125,5.792604446411133,22.107397079467773
1,69291,20.490339279174805,-12.574913024902344,10.826631546020508,-1.497442364692688
1,69292,20.540903091430664,6.584142684936523,-25.186201095581055,-7.808793067932129
1,69292,6.291418075561523,4.549073219299316,-15.221612930297852,10.228752136230469
1,69292,-12.985434532165527,-20.163408279418945,17.140384674072266,3.32214093208313
1,69292,-20.265880584716797,-18.98222541809082,11.96594524383545,-7.476430892944336
1,69292,13.860416412353516,19.91990852355957,-12.519553184509277,-9.29146957397461
1,69292,25.76742935180664,17.343870162963867,-9.33907699584961,4.311027526855469
1,69293,-13.770840644836426,-25.792930603027344,22.991924285888672,28.63391876220703
1,69293,-5.1565423011779785,26.559101104736328,5.100560188293457,-1.9621059894561768
1,69293,25.359172821044922,13.9592866897583,-4.146503925323486,-19.066978454589844
1,69293,16.182905197143555,-59.40709686279297,-3.1492760181427,11.740376472473145
1,69293,10.829726219177246,-5.190820217132568,-14.202445983886719,22.288593292236328
1,69293,14.604544639587402,9.70083999633789,13.761940956115723,13.249181747436523
1,69294,-4.524871349334717,-23.3402099609375,10.803695678710938,-7.754554271697998
1,69294,-3.217308759689331,10.768657684326172,-10.818546295166016,-23.808053970336914
1,69294,11.627182006835938,-7.229618549346924,-5.839613437652588,2.536012887954712
1,69294,-9.691243171691895,-7.795502662658691,7.912738800048828,9.12532901763916
1,69295,47.71696853637695,-38.0135612487793,-21.637563705444336,-22.769880294799805
1,69296,70.98570251464844,-66.63225555419922,-22.880939483642578,-9.735024452209473
1,69296,-42.40715408325195,62.84327697753906,35.77033615112305,16.835552215576172
1,69296,-21.096158981323242,54.08375930786133,13.416630744934082,7.38934326171875
1,69296,40.25904846191406,-31.607675552368164,-0.8234906792640686,-1.0519087314605713
1,69296,-9.874067306518555,-4.11322021484375,-3.8626246452331543,5.819873809814453
1,69296,-2.2361831665039062,14.896716117858887,-16.696165084838867,0.18139180541038513
1,69297,21.614267349243164,6.439894199371338,19.109813690185547,-2.7401444911956787
1,69298,62.80312728881836,-96.80699920654297,-7.549642562866211,69.0559310913086
1,69301,219.33973693847656,-113.59280395507812,11.912202835083008,59.84716796875
1,69302,51.577552795410156,125.29759216308594,76.74079132080078,-102.01067352294922
1,69305,-338.8094787597656,222.42262268066406,31.321863174438477,-89.39169311523438
1,69306,-239.16513061523438,58.0754508972168,-33.78447341918945,40.089229583740234
1,69309,14.567000389099121,-43.162322998046875,-44.5023193359375,56.09776306152344
1,69310,36.274227142333984,-46.56326675415039,-11.185343742370605,-60.8415641784668
1,69313,-148.5018310546875,146.99618530273438,14.702051162719727,-91.49624633789062
1,69314,-175.90225219726562,161.9307403564453,-26.27828025817871,62.54909896850586
1,69315,147.73451232910156,-269.4781494140625,-71.61953735351562,45.651649475097656
1,69318,305.75830078125,-325.1336975097656,-35.39073944091797,-36.15900802612305
1,69319,226.78558349609375,-5.538747787475586,26.658527374267578,36.99128341674805
1,69322,4.001824378967285,187.64804077148438,86.4251708984375,53.851104736328125
1,69323,-169.72109985351562,111.38085174560547,58.860748291015625,-26.931215286254883
1,69326,-163.208251953125,-29.580730438232422,-42.192718505859375,-38.88626480102539
1,69327,-13.283964157104492,-29.073041915893555,-35.85454177856445,-17.920665740966797
1,69330,77.71144104003906,0.8506855368614197,13.578596115112305,-12.908204078674316
1,69331,-67.78440856933594,121.02314758300781,25.624155044555664,-25.993309020996094
1,69334,-123.89916229248047,112.9476318359375,-10.120097160339355,10.798726081848145
1,69335,12.600831985473633,-131.169921875,-54.10615921020508,63.77311706542969
1,69338,211.43736267089844,-287.94525146484375,-34.35504913330078,56.99954605102539
1,69339,194.92237854003906,-99.58966064453125,6.095305442810059,31.148521423339844
1,69342,-73.94652557373047,226.34153747558594,74.05284881591797,-52.345436096191406
1,69343,-178.66262817382812,137.7139129638672,57.34688949584961,-44.95753479003906
2,69513,-297.5080261230469,113.165771484375,-80.48548126220703,-65.49333190917969
2,69513,-113.25758361816406,119.64517211914062,-64.50741577148438,-56.51185607910156
2,69513,373.46826171875,-270.06787109375,50.57380676269531,110.85525512695312
2,69513,161.10003662109375,-128.4121856689453,51.167503356933594,53.81037139892578
2,69514,-135.71173095703125,142.8912353515625,7.708810806274414,-57.22121047973633
2,69514,-67.30902862548828,50.540653228759766,-0.11682116240262985,-25.22127914428711
2,69514,-80.1883544921875,57.42205810546875,-8.576226234436035,-27.814437866210938
2,69514,-70.85021209716797,34.392364501953125,-30.038774490356445,-18.230886459350586
2,69514,24.06053352355957,-73.93120574951172,-25.508012771606445,38.4859733581543
2,69515,116.27145385742188,-124.97731018066406,-13.520954132080078,64.29056549072266
2,69515,142.94464111328125,-106.72491455078125,-5.187906742095947,19.19150733947754
2,69515,131.15647888183594,-88.42567443847656,3.131167411804199,12.9175443649292
2,69515,87.69007110595703,-34.38677978515625,20.65524673461914,35.1773681640625
2,69515,9.834177017211914,24.493305206298828,22.267786026000977,-15.13716983795166
2,69515,-54.56659698486328,83.9647445678711,4.691038131713867,-42.720176696777344
2,69516,-95.6574935913086,86.69384765625,8.769495010375977,-22.02363395690918
2,69516,-100.67865753173828,49.75566482543945,-3.111417531967163,-5.984488010406494
2,69516,-60.788936614990234,38.938690185546875,-12.703367233276367,-6.255217552185059
2,69516,-10.589221954345703,-28.44623565673828,-8.124102592468262,6.169783592224121
2,69516,48.54447937011719,-48.62374496459961,-20.9561767578125,31.232818603515625
2,69516,77.12353515625,-38.577693939208984,3.7970926761627197,11.51436710357666
2,69517,68.35332489013672,-49.961551666259766,20.692062377929688,11.716893196105957
2,69517,48.03366470336914,-16.728313446044922,-15.198457717895508,16.309608459472656
2,69517,3.975179672241211,-5.893238067626953,6.8564934730529785,-7.4627604484558105
2,69517,-51.29701614379883,3.7493674755096436,25.38780975341797,-7.300575256347656
2,69517,-55.48247528076172,55.25981521606445,-10.319229125976562,-9.30722427368164
2,69518,-25.731433868408203,40.796234130859375,3.230703592300415,-32.32361602783203
2,69518,-50.535064697265625,1.7572381496429443,3.9070520401000977,-11.847379684448242
2,69518,-42.723846435546875,17.14496612548828,-10.399465560913086,15.166190147399902
2,69518,53.650020599365234,-12.472916603088379,6.048890113830566,-10.271501541137695
2,69518,79.56146240234375,-41.76155090332031,-7.4847731590271,-3.1975913047790527
2,69518,17.153602600097656,-35.217323303222656,-10.863293647766113,16.792993545532227
2,69519,16.135316848754883,-9.893566131591797,5.793343544006348,6.22036075592041
2,69519,13.80604076385498,32.38270950317383,16.302459716796875,3.414862632751465
2,69519,-47.59467697143555,34.413936614990234,5.377025127410889,-2.8151168823242188
2,69519,-39.19271469116211,43.356971740722656,-13.10054874420166,-32.95258712768555
2,69519,-23.28095245361328,39.83685302734375,12.832627296447754,-9.623551368713379
2,69519,-36.40622329711914,19.742441177368164,8.131975173950195,17.51276969909668
2,69520,-11.844748497009277,12.692995071411133,-0.49059146642684937,-17.433273315429688
2,69520,15.593435287475586,-7.8286614418029785,9.931724548339844,-14.299866676330566
2,69520,36.6724967956543,-10.535728454589844,-21.424375534057617,9.208544731140137
2,69520,23.166126251220703,-30.10273551940918,-7.5362443923950195,18.623641967773438
2,69520,-1.5186530351638794,-19.996789932250977,31.724708557128906,7.53753662109375
2,69520,-25.113025665283203,15.103252410888672,18.3713436126709,-12.839607238769531
2,69521,-21.053424835205078,17.317893981933594,-24.145750045776367,-7.103409767150879
2,69521,-18.749242782592773,3.8918216228485107,-16.659452438354492,-10.264178276062012
2,69521,-45.46052932739258,-6.560174465179443,27.353118896484375,-13.429082870483398
2,69521,-27.35986328125,5.511190891265869,-11.882293701171875,-3.6699559688568115
2,69521,7.199497699737549,-7.017286777496338,-43.986331939697266,9.540301322937012
2,69521,20.310712814331055,-25.353168487548828,7.616898059844971,1.5253846645355225
2,69522,-8.625432014465332,-22.148210525512695,11.976617813110352,-11.326488494873047
2,69522,6.2163405418396,0.9957184791564941,-12.142898559570312,4.865453243255615
2,69522,39.670997619628906,2.8018553256988525,1.8437151908874512,7.651283264160156
2,69522,-7.342792987823486,12.69189167022705,-0.43411898612976074,3.3193585872650146
2,69522,-30.409523010253906,15.59566593170166,11.080842971801758,6.5688982009887695
2,69522,-4.702811241149902,-4.010844707489014,23.256925582885742,3.22025728225708
2,69523,18.121946334838867,41.42546081542969,6.063922882080078,-6.070011615753174
2,69523,-4.515050411224365,23.722938537597656,4.144181728363037,0.7259861826896667
2,69523,-23.010766983032227,-30.113828659057617,-14.757068634033203,25.151569366455078
2,69523,20.42193031311035,-6.213164329528809,-24.57571792602539,21.77377700805664
2,69523,25.37950325012207,-13.059181213378906,10.712077140808105,11.026083946228027
2,69523,8.832613945007324,1.0289119482040405,20.62723731994629,-5.428645610809326
2,69524,8.334012031555176,19.149051666259766,-10.4024019241333,-24.144306182861328
2,69524,-7.593432426452637,-9.31635856628418,-12.969120025634766,14.168174743652344
2,69524,-11.528300285339355,-1.7750461101531982,1.4419242143630981,17.960552215576172
2,69524,-10.142683029174805,12.943899154663086,-1.8953386545181274,-16.603071212768555
2,69524,-7.580097198486328,1.8106058835983276,10.031859397888184,-7.261334419250488
2,69524,2.298992872238159,-6.340297222137451,-0.21191245317459106,-21.01367950439453
2,69525,3.766531229019165,0.11687114089727402,-19.916250228881836,-18.5081729888916
2,69525,3.196728229522705,-14.176995277404785,2.7042951583862305,28.36958122253418
2,69525,3.312162160873413,-5.4765305519104,4.683136463165283,-2.8069798946380615
2,69780,-98.03636932373047,60.44837188720703,-20.398128509521484,-59.74081039428711
2,69782,-138.25314331054688,116.62092590332031,10.215991020202637,-20.46999168395996
2,69784,-48.25347900390625,17.09036636352539,4.488159656524658,36.75255584716797
2,69786,86.18267059326172,-143.63125610351562,-53.87079620361328,49.58741760253906
2,69788,344.3829650878906,-261.7602233886719,-52.55900955200195,71.03656005859375
2,69790,264.9909362792969,-177.02392578125,-2.8534023761749268,11.500164031982422
2,71632,-373.161376953125,331.08319091796875,76.59405517578125,-111.04357147216797
2,71632,-374.614501953125,298.2000427246094,35.740577697753906,-32.18741989135742
2,71633,277.1024169921875,-241.40736389160156,-20.098979949951172,73.9732666015625
2,71633,201.5348663330078,-145.57826232910156,22.010034561157227,3.716823101043701
2,71633,-28.061504364013672,31.42076873779297,-13.008504867553711,-12.01389217376709
2,71633,37.418235778808594,-18.974695205688477,-14.936962127685547,17.945133209228516
2,71633,-5.422307968139648,19.691783905029297,32.7952766418457,-1.852698802947998
2,71633,-21.5759220123291,43.16056442260742,10.79281997680664,-28.538206100463867
2,71634,-50.65871810913086,27.087738037109375,-4.321681022644043,-19.273391723632812
2,71634,-31.431377410888672,1.0979387760162354,4.022529602050781,25.00982093811035
2,71634,30.14158058166504,-11.860966682434082,-3.1408259868621826,6.811286449432373
2,71634,26.553739547729492,-30.58186912536621,-16.7261962890625,-19.103811264038086
2,71634,18.461711883544922,-24.74237823486328,-16.795915603637695,23.574405670166016
2,71635,30.857498168945312,-20.218732833862305,7.3820061683654785,18.144039154052734
2,71635,16.447845458984375,1.5960699319839478,1.2895228862762451,-25.108152389526367
2,71635,-25.954139709472656,25.36838722229004,0.44346457719802856,-5.407608985900879
2,71635,-11.003144264221191,36.35393142700195,34.281105041503906,2.772568702697754
2,71635,-3.8373911380767822,35.626792907714844,-0.7581760287284851,-11.951956748962402
2,71635,-48.60574722290039,25.05525016784668,-16.830547332763672,8.679577827453613
2,71636,-11.237727165222168,4.3510332107543945,23.851314544677734,34.83903884887695
2,71636,29.67672348022461,-4.440482139587402,11.51293659210205,8.225543975830078
2,71636,1.7653788328170776,19.25696563720703,-6.500021934509277,-18.238021850585938
2,71636,-4.692603588104248,-29.486799240112305,-4.98137092590332,5.285621166229248
2,71636,7.577085494995117,-38.45594024658203,-9.026801109313965,13.305808067321777
2,71636,-5.728375434875488,19.08090591430664,-4.925710201263428,4.857099533081055
2,71637,-0.39996951818466187,13.668327331542969,8.306147575378418,-16.973955154418945
2,71637,-4.426443099975586,-3.376985788345337,8.48214340209961,-31.096954345703125
2,71637,-26.763639450073242,19.564970016479492,-3.218557834625244,-5.829044342041016
2,71637,-37.41811752319336,30.56886863708496,-2.917390823364258,3.3633925914764404
2,71637,-30.360502243041992,3.611636161804199,-0.8411622047424316,-30.043155670166016
2,71637,-10.357322692871094,-10.166877746582031,3.520921468734741,-2.406083345413208
2,71638,-1.0963884592056274,-5.142037868499756,-9.150405883789062,17.835224151611328
2,71638,16.03460693359375,5.102993011474609,-29.342361450195312,-30.43071746826172
2,71638,5.904481410980225,-6.881341934204102,-5.215304374694824,-6.803252696990967
2,71638,-5.409355163574219,-15.039989471435547,24.23934555053711,21.181745529174805
2,71638,-6.001147747039795,6.9477925300598145,9.697379112243652,5.375391006469727
2,71638,-6.555919170379639,14.038623809814453,-4.996915340423584,5.508744716644287
2,71639,5.142090797424316,9.172425270080566,-1.2022641897201538,2.2063262462615967
2,71639,-26.05137062072754,18.22517967224121,-9.212169647216797,-4.0459160804748535
2,71639,-23.35760498046875,-14.269184112548828,9.682173728942871,-0.31638792157173157
2,71639,21.765161514282227,-28.415271759033203,14.99843692779541,10.26684284210205
2,71639,18.569936752319336,7.7482781410217285,-21.85055923461914,17.07683753967285
2,71639,9.559894561767578,1.6439859867095947,3.170332193374634,-0.09463699907064438
2,71640,24.803491592407227,-2.8709285259246826,19.08719825744629,-10.6663236618042
2,71640,2.284281015396118,-24.4437198638916,-21.31777572631836,13.89356517791748
2,71640,-32.68956756591797,-0.44659632444381714,-9.033514022827148,13.834819793701172
2,71640,3.796407699584961,31.32252311706543,18.819366455078125,-12.806589126586914
2,71640,25.02445411682129,-7.62375545501709,-0.9170739054679871,-24.025066375732422
2,71640,-10.29096508026123,-6.184473991394043,-19.241046905517578,-14.825427055358887
2,71641,-10.661589622497559,-3.0698697566986084,-10.528946876525879,5.612951278686523
2,71641,0.11077550053596497,-11.714223861694336,7.664928436279297,16.235109329223633
2,71641,-0.0566008985042572,0.3271436095237732,0.6151297688484192,1.8537193536758423
2,71641,7.116851329803467,4.215198516845703,-1.264770746231079,-8.993521690368652
2,71641,-4.3041887283325195,2.7489230632781982,9.205743789672852,-1.9769506454467773
2,71642,-4.455081939697266,-0.6972582340240479,-13.012870788574219,-1.0845013856887817
2,71642,13.00893497467041,-10.267640113830566,1.3113950490951538,6.842340469360352
2,71642,-0.3514572083950043,-11.610867500305176,21.86859893798828,11.481919288635254
2,71642,-8.114415168762207,15.538592338562012,-11.8388090133667,-11.547750473022461
2,71643,-22.33240509033203,25.79855728149414,-23.180727005004883,-19.010944366455078
2,71643,-25.407052993774414,-1.0242425203323364,11.329508781433105,14.764263153076172
2,71644,21.811525344848633,-7.077154159545898,21.88126564025879,30.215328216552734
2,71644,9.114997863769531,-5.0541229248046875,-10.365126609802246,3.695713996887207
2,71644,-2.3212733268737793,1.1317145824432373,-14.582398414611816,-15.552362442016602
2,71644,23.095643997192383,3.934445858001709,12.18737506866455,-2.56343412399292
2,71645,-7.29166316986084,10.041080474853516,-13.194903373718262,2.14441180229187
2,71648,-120.4065933227539,125.59917449951172,22.722280502319336,-44.73300552368164
2,71649,-136.76966857910156,69.3297119140625,20.2387752532959,-51.83417510986328
2,71652,134.01133728027344,-228.77157592773438,-91.12230682373047,92.39364624023438
2,71653,274.14501953125,-244.9438934326172,-57.890220642089844,108.07182312011719
2,71656,263.5671081542969,-93.44932556152344,60.945674896240234,7.300182342529297
2,71657,117.8493881225586,66.24333953857422,99.94767761230469,-50.73158645629883
2,71660,-297.30816650390625,231.8530731201172,25.21674156188965,-94.45560455322266
2,71661,-270.2624206542969,120.58802032470703,-20.18621253967285,8.799454689025879
2,71664,4.154340744018555,-41.042476654052734,-23.602497100830078,28.121030807495117
2,71666,17.73944664001465,-22.70930290222168,-13.505447387695312,-27.168190002441406
2,71668,-88.7991714477539,148.37586975097656,31.243528366088867,-22.38197898864746
2,71670,-134.12498474121094,119.32041931152344,12.038825988769531,-8.164305686950684
2,71672,114.09916687011719,-233.3167266845703,-71.43399047851562,38.66082763671875
2,71674,214.6944122314453,-234.8450469970703,-81.76881408691406,41.33333969116211
2,71676,193.36915588378906,-16.276918411254883,53.095741271972656,29.0626277923584
2,71678,75.54265594482422,64.72698974609375,83.46541595458984,-1.1352201700210571
2,71680,-338.9078674316406,169.9467010498047,-2.9090816974639893,-69.10707092285156
2,71682,-173.834228515625,63.50453567504883,4.034697532653809,-32.91948699951172
2,71684,176.1011505126953,-77.21199035644531,-14.985306739807129,42.805442810058594
2,71686,64.47388458251953,-38.805389404296875,-40.476905822753906,2.997966766357422
2,71812,-49.93632888793945,-63.31718826293945,-29.03349494934082,4.744270324707031
2,71813,-64.70552825927734,-19.623720169067383,-12.632904052734375,34.73534393310547
2,71813,5.0942063331604,94.61344146728516,38.319488525390625,-26.51720428466797
2,71813,-42.99357604980469,88.086669921875,22.861190795898438,-48.87094497680664
2,71813,-97.33464050292969,30.435813903808594,-2.8545358180999756,0.2666705846786499
2,71813,16.471332550048828,-29.697107315063477,-15.369100570678711,30.329565048217773
2,71813,76.83477020263672,-70.03373718261719,-35.10842514038086,27.39935302734375
2,71814,89.66181182861328,-89.60752868652344,-14.986411094665527,3.7730937004089355
2,71814,127.02779388427734,-88.5784912109375,22.534578323364258,7.630153656005859
2,71814,105.0228042602539,-37.2576904296875,34.6010856628418,21.788206100463867
2,71814,31.711463928222656,5.4601030349731445,7.300233840942383,-9.479860305786133
2,71814,-32.31886291503906,46.161930084228516,23.4136962890625,1.8976445198059082
2,71814,-67.74264526367188,81.8105239868164,35.783634185791016,-6.735445976257324
2,71815,-70.83137512207031,77.30662536621094,-9.22382640838623,-48.06702423095703
2,71815,-52.93081283569336,49.89673614501953,-14.859503746032715,-11.336793899536133
2,71815,-33.1967887878418,-4.540133953094482,-14.424391746520996,21.07640266418457
2,71815,-8.629980087280273,-39.950904846191406,-19.140296936035156,13.963325500488281
2,71815,58.36460494995117,-23.039339065551758,-6.214079856872559,20.01946449279785
2,71815,84.42940521240234,-34.56081008911133,0.9850530028343201,8.243087768554688
2,71816,36.33153533935547,-46.20858383178711,8.443650245666504,-8.451666831970215
2,71816,-8.148310661315918,13.81982135772705,20.894306182861328,7.66182279586792
2,71816,-18.886714935302734,62.302730560302734,26.585092544555664,-4.805683612823486
2,71816,-43.896812438964844,46.41535186767578,3.074321746826172,-39.86387634277344
2,71816,-80.80390167236328,23.616090774536133,-7.92815637588501,-19.16846466064453
2,71816,-50.117008209228516,37.64822769165039,-0.5012803077697754,19.681222915649414
2,71817,-5.246511459350586,15.715166091918945,-0.5147071480751038,-8.600419998168945
2,71817,-1.1711840629577637,-39.179683685302734,-10.799280166625977,-22.913135528564453
2,71817,20.316574096679688,-32.82935333251953,-12.451245307922363,4.604101181030273
2,71817,37.04206085205078,-11.631407737731934,-8.738565444946289,1.7500097751617432
2,71817,7.72810697555542,-5.632301330566406,4.470653057098389,3.8837578296661377
2,71818,2.736759662628174,-6.269690036773682,8.901443481445312,15.930817604064941
2,71818,-0.11858221888542175,-7.556461334228516,-8.644072532653809,-30.952726364135742
2,71818,-35.169776916503906,15.372361183166504,-6.289677619934082,-24.85329246520996
2,71818,-52.18813705444336,25.185144424438477,14.12119197845459,22.238370895385742
2,71818,-23.32520294189453,-6.379854202270508,9.572603225708008,7.324649333953857
2,71818,-8.483232498168945,-24.126462936401367,-12.132987976074219,11.478110313415527
2,71819,1.1352890729904175,10.262434959411621,-3.6472415924072266,-0.7597827911376953
2,71819,42.50796127319336,-15.281949996948242,-19.094186782836914,5.754981994628906
2,71819,20.96630859375,-39.94406509399414,-13.057710647583008,13.942106246948242
2,71819,-1.4760372638702393,6.981297016143799,17.43710708618164,-17.23988914489746
2,71819,8.303239822387695,3.4176650047302246,-15.789432525634766,8.137593269348145
2,71819,4.258331775665283,2.2439968585968018,-21.109071731567383,-7.952310562133789
2,71820,-4.676945686340332,4.857991695404053,26.469314575195312,-30.66103172302246
2,71820,-38.851036071777344,-0.9603102207183838,24.227121353149414,33.04986572265625
2,71820,-22.56635093688965,38.1115608215332,-17.558244705200195,25.046789169311523
2,71820,14.531794548034668,3.718327760696411,-13.40175724029541,-24.345821380615234
2,71820,-2.5930168628692627,-24.45329475402832,2.6055634021759033,-5.586177825927734
2,71820,1.597725510597229,23.742876052856445,0.897791862487793,11.682570457458496
2,71821,36.40342712402344,-24.311622619628906,13.378498077392578,11.397701263427734
2,71821,31.127775192260742,-23.660667419433594,7.745396614074707,17.681346893310547
2,71821,-7.45477294921875,37.244163513183594,-4.320024490356445,12.289880752563477
2,71821,-13.725545883178711,20.71390724182129,5.155263423919678,-9.35014533996582
2,71821,-2.631587266921997,13.446432113647461,2.8339226245880127,-16.96954345703125
2,71821,-0.6741002202033997,6.542829513549805,6.240356922149658,-8.869945526123047
2,71822,7.814844131469727,7.000661373138428,0.22236569225788116,-2.246286153793335
2,71822,4.548471450805664,-11.279006958007812,-25.419897079467773,-3.0918989181518555
2,71822,-1.0785692930221558,-24.575847625732422,-11.257293701171875,-7.324732303619385
2,71822,3.6971848011016846,-20.644155502319336,8.43138313293457,15.543265342712402
2,71822,-4.72348165512085,-11.83380126953125,13.34039306640625,3.9256632328033447
2,71823,10.038825988769531,24.87811851501465,2.4595353603363037,-14.375903129577637
2,71823,14.35312271118164,-24.57845115661621,-4.619602203369141,8.851587295532227
2,71823,-14.989391326904297,-20.073970794677734,7.098290920257568,2.5934903621673584
2,71823,2.624931812286377,47.764564514160156,-10.214212417602539,-25.71038818359375
2,71824,-19.88971519470215,18.175201416015625,-0.6030198931694031,-5.353178024291992
2,71825,-36.35951232910156,-2.3668956756591797,19.472623825073242,33.382320404052734
2,71825,23.87514305114746,-10.784411430358887,-6.8582658767700195,-2.7212119102478027
2,71825,11.740134239196777,-5.688989162445068,-23.250791549682617,-24.15566062927246
2,71825,-4.0830159187316895,-10.564793586730957,-0.04771733656525612,6.864121437072754
2,71825,5.1520304679870605,-12.11122989654541,8.708446502685547,21.235984802246094
2,71826,-3.686631679534912,85.50882720947266,14.12747573852539,2.584376335144043
2,71828,-64.99462890625,102.58705139160156,28.062082290649414,-29.11946678161621
2,71831,-120.66653442382812,-74.52515411376953,-62.20146560668945,-8.612462043762207
2,71832,63.7647705078125,-183.75762939453125,-91.83956146240234,39.40104675292969
2,71835,371.8477783203125,-224.24098205566406,23.36239242553711,85.40966033935547
2,71836,273.148193359375,-117.85914611816406,70.9168930053711,43.75100326538086
2,71839,-161.9268341064453,229.8059844970703,68.88932800292969,-83.08502197265625
2,71840,-226.68197631835938,249.51824951171875,35.629913330078125,-71.63027954101562
2,71841,-84.05619049072266,-7.218677043914795,-27.39227867126465,3.046482801437378
2,71844,-82.19178009033203,-59.58578872680664,-54.566654205322266,8.066621780395508
2,71845,-21.685087203979492,-14.945184707641602,-21.29495620727539,14.12390422821045
2,71966,39.42767333984375,33.90629577636719,44.046138763427734,-20.284141540527344
2,71966,5.899894714355469,74.35523223876953,18.901594161987305,-45.33908462524414
2,71966,-40.52193069458008,29.73682975769043,-22.387371063232422,-5.842235565185547
2,71966,-64.49923706054688,18.899282455444336,6.796080589294434,9.220625877380371
2,71966,-40.045108795166016,42.16899871826172,4.476934432983398,-2.2777962684631348
2,71966,8.346331596374512,-31.451351165771484,-24.54731559753418,1.6615996360778809
2,71966,34.89856719970703,-60.215633392333984,-12.547028541564941,5.469320774078369
2,71967,53.394935607910156,-32.443058013916016,-3.0965003967285156,11.992531776428223
2,71967,68.28075408935547,-48.328975677490234,-9.919882774353027,24.60773468017578
2,71967,37.09645080566406,-33.796600341796875,19.61226463317871,2.8893625736236572
2,71967,2.7914936542510986,4.638097286224365,23.38394546508789,1.9885907173156738
2,71967,-1.3426381349563599,25.16663932800293,-0.29844558238983154,19.220935821533203
2,71968,-38.64015197753906,23.38791275024414,3.752960205078125,-12.54981803894043
2,71968,-48.7894172668457,13.487553596496582,-6.816778659820557,-18.5638370513916
2,71968,-39.52204895019531,7.145712852478027,-21.562835693359375,9.970656394958496
2,71968,-31.602806091308594,-3.4679651260375977,-21.50737953186035,8.857001304626465
2,71968,32.85881805419922,-21.38673973083496,-3.801395893096924,-11.461784362792969
2,71968,66.88363647460938,-32.52751541137695,4.836287021636963,-2.7716424465179443
2,71969,30.085290908813477,-20.027233123779297,-15.576020240783691,24.167543411254883
2,71969,8.04394817352295,-6.205551624298096,0.30312487483024597,15.352070808410645
2,71969,5.581504821777344,2.394817590713501,33.38056945800781,3.639979600906372
2,71969,1.9454554319381714,14.691536903381348,4.588766098022461,-4.329043865203857
2,71969,-11.986607551574707,-1.7390953302383423,-20.202421188354492,-5.5142717361450195
2,71969,-23.773849487304688,-7.907337665557861,8.63233757019043,-1.3794620037078857
2,71970,-10.845816612243652,17.155025482177734,0.48474547266960144,-8.101014137268066
2,71970,16.792463302612305,-11.228686332702637,-12.396145820617676,8.329436302185059
2,71970,20.27972412109375,-18.789939880371094,-1.0225801467895508,8.50240421295166
2,71970,4.6731109619140625,1.1125949621200562,-14.443408012390137,-2.3008246421813965
2,71970,35.898468017578125,-23.431407928466797,4.218064785003662,10.399538040161133
2,71970,42.209632873535156,-18.340042114257812,30.400318145751953,11.120959281921387
2,71971,11.114948272705078,14.108601570129395,-5.631368160247803,-16.965641021728516
2,71971,-8.907803535461426,-7.764055252075195,-15.896060943603516,-21.230064392089844
2,71971,-20.937185287475586,-11.286946296691895,11.537860870361328,6.701631546020508
2,71971,-16.20261573791504,44.74831771850586,-0.7566572427749634,-6.265427589416504
2,71971,-19.605712890625,25.077024459838867,4.803310394287109,-3.8382394313812256
2,71972,2.3422791957855225,-9.694360733032227,15.936687469482422,6.205613613128662
2,71972,8.622295379638672,-7.811903953552246,-6.5422773361206055,-5.8709893226623535
2,71972,-5.522208213806152,-18.434019088745117,-6.983555316925049,18.021574020385742
2,71972,21.05974769592285,5.5563273429870605,10.306626319885254,0.5801013112068176
2,71972,36.15282440185547,7.049489498138428,10.01686954498291,-17.41325569152832
2,71972,12.732751846313477,-23.251041412353516,-13.642692565917969,16.442352294921875
2,71973,-28.423734664916992,-8.810397148132324,-15.462104797363281,11.469770431518555
2,71973,-26.398744583129883,21.17275619506836,21.45184326171875,2.686243772506714
2,71973,15.374163627624512,18.0496826171875,13.62026596069336,6.322004795074463
2,71973,17.3380184173584,-15.876574516296387,-22.436565399169922,-3.8561527729034424
2,71973,-7.083535194396973,-19.221132278442383,1.2998168468475342,-3.305506706237793
2,71973,3.4248099327087402,-12.544042587280273,-5.956534385681152,-2.9400179386138916
2,71974,6.359452247619629,-19.84359359741211,-8.912774085998535,2.837353229522705
2,71974,-11.205307960510254,1.3617634773254395,29.023773193359375,-1.9877034425735474
2,71974,5.042078971862793,17.979936599731445,-12.755241394042969,-22.002788543701172
2,71974,5.6076979637146,2.4214444160461426,-19.921245574951172,-13.475711822509766
2,71974,-10.087038040161133,5.415362358093262,10.35518741607666,12.697314262390137
2,71974,-3.651397943496704,29.452228546142578,-1.3742060661315918,-6.806179523468018
2,71975,-11.53800106048584,4.0020599365234375,19.99393081665039,-19.219829559326172
2,71975,-10.682734489440918,-2.92040753364563,2.9160971641540527,9.99084186553955
2,71975,20.021331787109375,23.78498649597168,-27.488929748535156,-5.298702716827393
2,71975,1.1148273944854736,7.972343921661377,19.290708541870117,-2.317544937133789
2,71975,-21.841392517089844,-12.129446029663086,21.23652458190918,13.335247993469238
2,71975,24.392786026000977,10.2509183883667,-29.56956672668457,-20.026622772216797
2,71976,6.648960113525391,18.11249542236328,2.640467882156372,4.428511619567871
2,71977,-10.233473777770996,4.310556888580322,68.46743774414062,6.059974193572998
2,71977,4.406524658203125,21.070571899414062,14.486947059631348,-33.62327575683594
2,71977,-53.31251525878906,3.9490952491760254,-33.57577133178711,0.8237690329551697
2,71977,-25.598148345947266,-10.980091094970703,7.9957051277160645,7.704322814941406
2,71978,2.5037624835968018,2.3578317165374756,-8.622318267822266,-3.5362565517425537
2,71979,-69.24502563476562,42.95395278930664,1.852591872215271,3.175964832305908
2,71980,-89.71138763427734,72.13766479492188,5.319952487945557,-5.053508281707764
2,71982,-63.90501403808594,1.0354666709899902,-40.60409927368164,1.2260977029800415
2,71984,-41.79398727416992,11.500207901000977,-4.433254718780518,-21.240503311157227
2,71986,4.455106735229492,41.54316329956055,3.8327102661132812,-9.86873722076416
2,71988,-64.1528091430664,70.77816772460938,-4.970921039581299,20.282123565673828
2,71990,-84.70307159423828,28.925506591796875,-17.47704315185547,7.989163875579834
2,71992,217.39971923828125,-297.4667663574219,-90.0068359375,54.66621398925781
2,71994,325.8258056640625,-280.9832763671875,-31.588268280029297,70.90296936035156
2,71996,223.16046142578125,10.2920560836792,91.41536712646484,23.03366470336914
2,71998,52.25844192504883,99.33103942871094,72.91390228271484,-54.25521469116211
2,72000,-282.1910095214844,170.17347717285156,10.623404502868652,-49.37224578857422
2,72002,-195.71702575683594,38.03919982910156,-18.106908798217773,17.728830337524414
2,72004,61.8929557800293,-72.87069702148438,-29.975461959838867,-10.864911079406738
2,72006,25.248897552490234,30.546812057495117,5.276332855224609,-4.294246673583984
2,72008,-122.5030517578125,141.58009338378906,29.995609283447266,-48.96387481689453
2,72010,-158.2916259765625,71.58952331542969,-14.404440879821777,-39.95116424560547
2,72012,145.57154846191406,-235.7353515625,-64.03182983398438,85.51374816894531
2,72014,268.7901611328125,-204.92446899414062,-32.72112274169922,59.18968200683594
2,72016,139.15321350097656,76.70538330078125,70.43036651611328,12.040112495422363
2,72018,-20.156574249267578,119.54805755615234,66.34037780761719,-30.679546356201172
2,72148,-538.8641357421875,268.5277099609375,-24.51457977294922,-136.38377380371094
2,72149,-314.91387939453125,171.39700317382812,-17.490135192871094,-50.9761962890625
2,72149,464.44744873046875,-287.6059875488281,0.40170079469680786,113.56654357910156
2,72149,233.21710205078125,-179.58840942382812,-9.282078742980957,60.98049545288086
2,72149,-107.74921417236328,65.40666198730469,17.75501823425293,-29.474260330200195
2,72149,-48.7745246887207,48.563026428222656,4.472517013549805,-28.51936912536621
2,72149,-81.79866790771484,68.15286254882812,-5.853477478027344,-2.7975270748138428
2,72150,-83.35071563720703,29.42360496520996,-13.275395393371582,-9.71996784210205
2,72150,-19.814781188964844,-32.032527923583984,-43.38886260986328,-8.407758712768555
2,72150,60.739009857177734,-63.913238525390625,-11.936100006103516,28.318553924560547
2,72150,110.00507354736328,-75.8186264038086,10.561981201171875,25.924190521240234
2,72150,131.9396209716797,-92.06029510498047,-25.340497970581055,27.35125732421875
2,72150,88.40660095214844,-101.61952209472656,-5.807920455932617,33.00288772583008
2,72151,27.662092208862305,-31.346269607543945,42.89838409423828,5.952070236206055
2,72151,8.914826393127441,73.72997283935547,13.1239595413208,-16.18136215209961
2,72151,-41.700965881347656,89.65669250488281,10.625886917114258,-17.123302459716797
2,72151,-95.91580200195312,45.516239166259766,19.87907600402832,-24.32555389404297
2,72151,-74.58782196044922,23.08340072631836,-8.971453666687012,-13.787469863891602
2,72151,-31.302589416503906,33.49663543701172,-4.789832592010498,0.7557424306869507
2,72152,16.770877838134766,-5.833600997924805,-12.947088241577148,-13.42340087890625
2,72152,69.9329833984375,-58.730735778808594,-4.030521392822266,14.87074089050293
2,72152,61.19187545776367,-41.38655471801758,-2.7278854846954346,39.400054931640625
2,72152,50.98841857910156,-24.594411849975586,-12.922883033752441,19.557811737060547
2,72152,48.02352523803711,-0.2754509747028351,23.7044677734375,-15.115771293640137
2,72152,-22.49367332458496,25.153369903564453,9.818587303161621,-15.913590431213379
2,72153,-62.143253326416016,23.073938369750977,-4.946638584136963,14.251819610595703
2,72153,-45.92334747314453,32.638275146484375,23.57693862915039,-16.327877044677734
2,72153,-39.10139465332031,27.117137908935547,-7.466833114624023,-32.254093170166016
2,72153,-31.097576141357422,-9.500965118408203,-22.99469757080078,13.70602035522461
2,72153,-2.004079818725586,-12.248856544494629,15.58006763458252,5.845216751098633
2,72154,41.35183334350586,-15.806758880615234,-4.853271484375,-20.25029754638672
2,72154,38.719886779785156,-45.232452392578125,-24.376989364624023,10.999992370605469
2,72154,35.94718551635742,-9.432084083557129,-1.4000955820083618,11.478986740112305
2,72154,31.997966766357422,6.939481258392334,4.946759223937988,-15.331879615783691
2,72154,-19.88211441040039,-7.1663055419921875,5.693233489990234,3.371629238128662
2,72154,-41.01746368408203,33.59489059448242,9.592814445495605,2.5058281421661377
2,72155,-38.43693923950195,49.38584899902344,16.415796279907227,-16.679271697998047
2,72155,-36.26021957397461,16.583824157714844,-3.3394832611083984,21.41577911376953
2,72155,3.7663381099700928,1.5020514726638794,-16.73249053955078,2.5583364963531494
2,72155,29.971046447753906,-5.654355525970459,5.637135982513428,-33.69036865234375
2,72155,6.341302394866943,-28.93845558166504,20.222152709960938,26.863941192626953
2,72155,5.418514728546143,-7.446746349334717,17.455577850341797,15.194064140319824
2,72156,11.590670585632324,18.19143295288086,-18.353313446044922,-31.222280502319336
2,72156,4.9963579177856445,-3.392547607421875,-13.58236026763916,8.357962608337402
2,72156,-12.811427116394043,17.69304084777832,14.36690616607666,8.175973892211914
2,72156,-20.798553466796875,57.858238220214844,12.234051704406738,-10.556296348571777
2,72156,-0.16836264729499817,25.602392196655273,19.887680053710938,-11.672514915466309
2,72156,-17.521240234375,-3.105527400970459,-20.078292846679688,-9.373997688293457
2,72157,-54.235877990722656,4.48224401473999,-19.7772159576416,6.780036449432373
2,72157,-9.261457443237305,-5.406050205230713,24.817951202392578,-12.553418159484863
2,72157,55.213706970214844,-26.52760124206543,-14.366798400878906,0.1483515501022339
2,72157,2.9061532020568848,-16.429513931274414,2.515683174133301,31.227554321289062
2,72157,-25.861780166625977,5.216026306152344,22.23309326171875,0.9946026802062988
2,72157,14.301661491394043,-22.05123519897461,-34.772071838378906,-16.190122604370117
2,72158,-19.317607879638672,-14.907342910766602,-13.572220802307129,8.590887069702148
2,72158,-40.28544616699219,30.93158721923828,10.209771156311035,-4.343694686889648
2,72158,-0.5840227007865906,20.237600326538086,-5.93601655960083,-34.924678802490234
2,72158,8.163018226623535,-16.14615249633789,5.38193416595459,13.208839416503906
2,72158,-22.382606506347656,-13.61723518371582,10.902013778686523,31.271472930908203
2,72158,-22.500064849853516,39.79555892944336,-11.018539428710938,-16.851577758789062
2,72159,30.474472045898438,6.4174113273620605,-8.28181266784668,0.46914780139923096
2,72159,32.987579345703125,-46.759220123291016,5.088597297668457,3.236340284347534
2,72159,-6.155159950256348,7.765056133270264,-12.854795455932617,-9.840709686279297
2,72159,3.627551555633545,0.3451932966709137,-0.7782317996025085,18.869426727294922
2,72159,10.665608406066895,-7.889023303985596,8.096931457519531,-6.34036922454834
2,72161,-67.2064437866211,12.624557495117188,-8.101886749267578,-23.319591522216797
2,72161,-51.12001419067383,-11.872958183288574,-1.3008989095687866,3.7268571853637695
2,72161,67.79388427734375,-1.467484474182129,-9.993243217468262,-3.177818536758423
2,72161,11.879451751708984,-15.75118637084961,-4.209354877471924,6.536977291107178
2,72161,-23.019804000854492,-26.14029884338379,12.88291072845459,24.03223419189453
2,72161,36.441856384277344,16.438440322875977,-0.5268406271934509,9.449807167053223
2,72163,-18.740602493286133,-2.324906349182129,1.529250144958496,18.607521057128906
2,72164,-41.81458282470703,-0.860974133014679,-1.0099753141403198,6.605116844177246
2,72165,9.534762382507324,59.76875305175781,0.21027475595474243,-43.101478576660156
2,72168,-97.76514434814453,150.5371856689453,21.176136016845703,-64.32295227050781
2,72169,-120.19369506835938,66.34569549560547,-16.885053634643555,7.938881874084473
2,72172,228.59310913085938,-264.3868408203125,-58.68202209472656,100.43878173828125
2,72173,341.4855651855469,-282.2367248535156,-19.00728416442871,70.02469635009766
2,72176,178.15255737304688,-14.540607452392578,46.76504898071289,7.8670806884765625
2,72177,-10.067220687866211,133.97976684570312,77.88593292236328,-47.397972106933594
2,72180,-344.2806091308594,171.25697326660156,17.42995834350586,-92.4809799194336
2,72181,-251.30752563476562,50.94724655151367,-55.16090393066406,-22.038333892822266
2,72184,101.14227294921875,-49.28019714355469,-19.2763671875,45.50949478149414
2,72185,105.93099212646484,30.136962890625,34.90650177001953,1.1105058193206787
2,72188,-129.53367614746094,107.3494644165039,24.752790451049805,-41.82035827636719
2,72189,-187.47496032714844,33.477169036865234,-35.39750671386719,-16.292612075805664
2,72192,158.51553344726562,-201.01136779785156,-72.43154907226562,59.83845520019531
2,72194,295.15966796875,-187.06982421875,-1.475464105606079,73.99630737304688
2,72196,139.58724975585938,9.467537879943848,80.478271484375,9.327066421508789
2,72198,-51.87141418457031,116.07052612304688,52.876686096191406,-83.0486068725586
2,72200,-314.13360595703125,138.0961456298828,-20.40818214416504,-72.47752380371094
2,72202,-136.56719970703125,-22.104816436767578,-38.48638153076172,26.475563049316406
2,72204,175.2401580810547,-25.46890640258789,-24.315279006958008,46.510398864746094
2,72344,127.88419342041016,-7.398946762084961,22.06903839111328,40.398746490478516
2,72344,37.21078109741211,-82.70726776123047,40.46958923339844,-2.1211423873901367
2,72344,-84.12335205078125,44.45305252075195,-7.881150722503662,-33.22731399536133
2,72345,-151.9723358154297,111.04280090332031,1.035650372505188,-29.664806365966797
2,72345,-87.0348129272461,60.77738571166992,1.7726120948791504,-20.21144676208496
2,72345,-31.295766830444336,47.55897903442383,-28.143972396850586,7.503120422363281
2,72345,1.5882680416107178,-14.223525047302246,-22.870132446289062,7.469348907470703
2,72345,47.163185119628906,-64.47953033447266,-5.846477031707764,1.6296610832214355
2,72345,94.29912567138672,-54.793212890625,-9.255974769592285,6.4409332275390625
2,72346,92.34112548828125,-76.5497055053711,-19.338764190673828,28.03151512145996
2,72346,42.29035568237305,-38.342323303222656,29.036958694458008,18.423538208007812
2,72346,-16.001482009887695,13.307064056396484,27.734996795654297,-28.7752628326416
2,72346,-53.693851470947266,31.948625564575195,-9.727005958557129,-35.072967529296875
2,72346,-80.68917846679688,81.36327362060547,-4.290943145751953,-31.200511932373047
2,72347,-86.59685516357422,38.373809814453125,-3.6172375679016113,-19.468782424926758
2,72347,-43.68531036376953,-1.4211018085479736,-5.229126453399658,4.187169075012207
2,72347,6.966778755187988,-16.69081687927246,-26.947465896606445,22.89142417907715
2,72347,50.021419525146484,-48.77341842651367,-6.429089069366455,29.737892150878906
2,72347,68.7857894897461,-32.194156646728516,-2.4183688163757324,-3.7698278427124023
2,72347,50.28062057495117,-29.893774032592773,-13.521543502807617,28.866031646728516
2,72348,34.13688278198242,-27.734039306640625,18.965463638305664,51.903385162353516
2,72348,1.6754463911056519,1.1243427991867065,4.8886942863464355,-9.041836738586426
2,72348,-30.288471221923828,27.597015380859375,10.537714958190918,-6.773041725158691
2,72348,-23.67046356201172,43.06903839111328,18.459375381469727,19.721338272094727
2,72348,-7.515571594238281,46.6253547668457,2.931213855743408,13.252304077148438
2,72348,1.4808917045593262,13.567512512207031,1.7955152988433838,-12.028057098388672
2,72349,-2.1555891036987305,-27.66872215270996,-14.470880508422852,-26.42131805419922
2,72349,10.270258903503418,-36.3740234375,-10.947629928588867,4.526813507080078
2,72349,42.834197998046875,-52.053619384765625,-13.707600593566895,2.061128616333008
2,72349,39.59685516357422,-48.106685638427734,-16.288976669311523,-18.200592041015625
2,72349,30.947919845581055,-4.221953868865967,10.615653991699219,24.846445083618164
2,72349,12.657666206359863,-1.5297750234603882,19.388553619384766,5.109110355377197
2,72350,-6.840502738952637,5.58984899520874,11.107810020446777,-7.5211381912231445
2,72350,-5.5898237228393555,39.55185317993164,-5.5121283531188965,24.358415603637695
2,72350,-9.651501655578613,32.70372009277344,7.736918926239014,-27.41956901550293
2,72350,1.04845130443573,4.512876987457275,23.97889518737793,-9.706116676330566
2,72350,-6.012304306030273,-17.95481300354004,-13.248387336730957,10.29345989227295
2,72350,3.467137098312378,-21.901878356933594,-9.642522811889648,2.2236499786376953
2,72351,42.29631423950195,-4.141500473022461,21.155841827392578,19.409469604492188
2,72351,35.494930267333984,1.3276104927062988,11.086756706237793,-19.611671447753906
2,72351,7.209712028503418,-16.53360939025879,2.194074869155884,-19.673725128173828
2,72351,-14.75644302368164,0.43518659472465515,-6.051070690155029,-3.4670944213867188
2,72351,-16.12163543701172,5.434394836425781,-2.5929923057556152,-8.51613998413086
2,72351,-24.370939254760742,12.972495079040527,-2.041872262954712,11.698508262634277
2,72352,-27.671463012695312,18.345256805419922,6.294288635253906,3.12418270111084
2,72352,13.402560234069824,-22.35187530517578,1.806315541267395,-27.520551681518555
2,72352,-0.5388809442520142,-16.357746124267578,-28.05763816833496,7.32826566696167
2,72352,-9.244562149047852,7.350895404815674,-0.5441698431968689,37.211448669433594
2,72352,19.77064323425293,-2.56843638420105,7.926858425140381,-19.208492279052734
2,72353,17.87103843688965,-9.063105583190918,-17.145580291748047,-29.903207778930664
2,72353,11.328139305114746,-6.453128337860107,5.532811641693115,26.844287872314453
2,72353,-14.828194618225098,-9.04068660736084,24.344980239868164,1.0338901281356812
2,72353,-10.058228492736816,15.0380220413208,3.6675570011138916,-42.47130584716797
2,72353,3.6394786834716797,22.362985610961914,-10.841896057128906,-6.158047199249268
2,72353,-24.875551223754883,4.358789443969727,-15.26975154876709,15.869375228881836
2,72354,-28.06252098083496,17.220022201538086,2.0424978733062744,8.440047264099121
2,72354,9.755435943603516,16.595651626586914,20.900775909423828,-5.448791980743408
2,72354,19.28517723083496,-9.004145622253418,18.594249725341797,-6.47315788269043
2,72354,9.796318054199219,4.699238300323486,21.130949020385742,19.485769271850586
2,72354,16.27639389038086,14.265897750854492,-8.425280570983887,11.27868366241455
2,72354,1.9976496696472168,-5.725081920623779,-30.531782150268555,-22.61172103881836
2,72355,-12.742679595947266,-0.14992797374725342,2.2769269943237305,3.796023368835449
2,72355,-15.942776679992676,5.223348140716553,22.114261627197266,26.92917251586914
2,72355,9.366034507751465,6.528716564178467,-2.77807879447937,1.7846400737762451
2,72355,1.829020380973816,8.77505874633789,-8.775344848632812,-1.0572432279586792
2,72355,-32.78255081176758,25.72801399230957,19.88041114807129,-5.365384101867676
2,72355,4.017434120178223,9.063701629638672,3.6026318073272705,2.65716814994812
2,72356,10.364733695983887,-27.63035774230957,-19.749759674072266,8.125143051147461
2,72356,-3.783404588699341,7.383020401000977,12.277012825012207,-15.07917308807373
2,72356,-0.9612383246421814,-1.0651781558990479,1.1817030906677246,-9.307963371276855
2,72357,-40.93620300292969,13.114724159240723,2.9777326583862305,3.0332553386688232
2,72357,-41.66728591918945,47.31195831298828,22.81162452697754,-1.4870696067810059
2,72358,12.161409378051758,-16.87060546875,-33.01784133911133,1.5215518474578857
2,72358,-16.150348663330078,-25.00972557067871,-18.0867977142334,-12.820104598999023
2,72358,-40.420406341552734,-0.04882651939988136,1.257034420967102,-16.246875762939453
2,72358,10.443410873413086,7.099976539611816,-30.848037719726562,-0.594779372215271
2,72358,-15.8826265335083,6.541845321655273,5.2166056632995605,11.941569328308105
2,72360,-51.261444091796875,-9.693175315856934,20.252456665039062,-19.87111473083496
2,72362,126.86866760253906,58.96516418457031,57.17000961303711,-59.780128479003906
2,72364,85.82476806640625,66.37252044677734,18.794082641601562,12.18661117553711
2,72366,-486.86505126953125,49.70111846923828,-129.38075256347656,42.68595504760742
2,72368,-477.7496032714844,77.49209594726562,-74.14256286621094,-24.516056060791016
2,72370,123.95589447021484,-184.03952026367188,-128.979248046875,50.37147521972656
2,72372,515.123779296875,-303.19854736328125,-115.74004364013672,204.754638671875
2,72374,676.2166137695312,-118.2275161743164,271.818359375,75.99760437011719
2,72376,209.04861450195312,25.494752883911133,230.3220977783203,-191.5491943359375
2,72378,-336.4762268066406,215.91989135742188,-32.4114990234375,-169.90768432617188
2,72380,-261.68280029296875,102.95272827148438,-36.47429656982422,41.80210494995117
2,72382,-76.40520477294922,-71.87084197998047,-56.636878967285156,47.296836853027344
2,72384,21.314529418945312,34.36015319824219,-16.46180534362793,-67.43489074707031
2,72386,123.99742889404297,128.5602264404297,85.91268920898438,33.63312530517578
2,72388,-24.536596298217773,102.98063659667969,52.84443664550781,-0.830162525177002
2,72390,-145.51722717285156,-126.65653991699219,-81.40493774414062,-53.51141357421875
2,72392,-9.790224075317383,-170.34402465820312,-98.96504211425781,101.89767456054688
2,72394,142.46444702148438,-123.46552276611328,-37.05145263671875,80.23979949951172
2,72396,109.7149429321289,-51.98065185546875,-4.330244541168213,-43.17327117919922
2,72398,-133.2229461669922,249.5614471435547,73.07612609863281,-53.29103469848633
2,72400,-174.3250274658203,93.65023803710938,26.383243560791016,81.4781494140625
2,72403,-27.60729217529297,-149.58790588378906,-80.50946807861328,-17.485944747924805
2,72404,116.57618713378906,-30.078983306884766,7.113340377807617,-126.11515045166016
2,72554,248.8087921142578,-158.96176147460938,1.66212797164917,145.6095733642578
2,72554,124.87616729736328,-125.43024444580078,-36.31340408325195,107.34608459472656
2,72554,-124.55570983886719,208.0279083251953,64.44152069091797,-166.2216796875
2,72554,-159.59625244140625,161.50367736816406,40.22119140625,-89.6633529663086
2,72554,-123.67041015625,29.18128776550293,-18.37030792236328,30.13335418701172
2,72555,-84.57499694824219,32.92577362060547,-23.988676071166992,21.49372673034668
2,72555,10.618062973022461,-20.20121192932129,-21.941017150878906,27.349393844604492
2,72555,89.9149398803711,-65.40385437011719,-4.2581377029418945,27.75864601135254
2,72555,105.49413299560547,-57.32924270629883,0.5649357438087463,27.58295440673828
2,72555,111.01535034179688,-10.055771827697754,23.297880172729492,13.187116622924805
2,72555,81.54821014404297,11.816000938415527,51.78075408935547,-21.804004669189453
2,72556,-20.824186325073242,36.018165588378906,64.69007110595703,-12.236438751220703
2,72556,-51.44568634033203,61.57866287231445,43.690120697021484,-13.553766250610352
2,72556,-49.656494140625,51.26818084716797,2.4348623752593994,-44.84640121459961
2,72556,-71.16845703125,24.378326416015625,-29.30186653137207,-24.03938102722168
2,72556,-82.2723388671875,12.017001152038574,-32.04718017578125,17.558034896850586
2,72557,-43.16537094116211,-15.142516136169434,-32.57246017456055,29.4724063873291
2,72557,29.94965362548828,-34.68514633178711,-32.056243896484375,35.00501251220703
2,72557,57.564453125,-30.013038635253906,-2.5205821990966797,9.702624320983887
2,72557,28.753469467163086,-45.91775894165039,17.647193908691406,-21.577510833740234
2,72557,-2.134751319885254,-4.305838584899902,10.76878833770752,-23.485206604003906
2,72557,-22.543167114257812,36.52653121948242,-7.387311935424805,-28.904870986938477
2,72558,-39.71493148803711,26.776206970214844,11.344558715820312,-23.75215721130371
2,72558,-50.76449966430664,27.96724510192871,14.563199043273926,-16.060558319091797
2,72558,-70.3345718383789,9.587677001953125,-11.568978309631348,0.7541441917419434
2,72558,-32.2658805847168,8.359004974365234,-11.629609107971191,0.7919872403144836
2,72558,11.153968811035156,-3.8696680068969727,-27.066682815551758,9.179250717163086
2,72558,27.756921768188477,-65.2666244506836,-26.89545249938965,16.00595474243164
2,72559,51.019439697265625,-63.99482345581055,-5.874007701873779,-0.2622677981853485
2,72559,36.41954803466797,-5.872331619262695,-4.274538516998291,36.32847595214844
2,72559,30.451576232910156,25.23741340637207,22.53579330444336,29.75657844543457
2,72559,30.058612823486328,15.087976455688477,29.813051223754883,-35.043128967285156
2,72559,4.08554744720459,11.574554443359375,-10.44615364074707,-13.503694534301758
2,72560,-30.432435989379883,20.77387046813965,6.103430271148682,17.941204071044922
2,72560,-34.1252326965332,14.628447532653809,3.255577325820923,-0.5691899657249451
2,72560,-0.6566280126571655,0.6284113526344299,-32.6595458984375,10.724942207336426
2,72560,0.6128527522087097,-22.921045303344727,1.8730796575546265,13.539134979248047
2,72560,-1.9568794965744019,-15.609779357910156,14.580185890197754,-11.429959297180176
2,72560,41.5104866027832,-4.612924575805664,-10.801614761352539,-14.493888854980469
2,72561,53.66810607910156,-22.616167068481445,1.4822869300842285,23.154905319213867
2,72561,9.944146156311035,3.7174019813537598,21.371545791625977,15.316449165344238
2,72561,-1.496165156364441,22.443822860717773,8.301809310913086,-56.13054656982422
2,72561,17.899934768676758,-1.0946179628372192,4.174912929534912,-38.52376174926758
2,72561,11.466876983642578,30.103179931640625,0.6981636881828308,21.337942123413086
2,72561,-12.65939998626709,27.90606689453125,-8.021203994750977,12.698339462280273
2,72562,-11.374701499938965,-17.747238159179688,-18.75224494934082,4.09973669052124
2,72562,-5.97200345993042,3.047440528869629,-8.3868989944458,2.631675958633423
2,72562,-1.6820100545883179,-15.465452194213867,13.013689041137695,-7.107813835144043
2,72562,15.3608980178833,-32.801395416259766,-23.982521057128906,18.649240493774414
2,72562,-3.6773250102996826,0.22128911316394806,-10.782161712646484,26.062793731689453
2,72562,-1.8179799318313599,0.2965591549873352,35.52088928222656,-2.5940403938293457
2,72563,5.29223108291626,12.108651161193848,3.7007129192352295,-10.597299575805664
2,72563,-37.68012237548828,0.9736661314964294,-5.989584445953369,6.063547611236572
2,72563,-33.004798889160156,-11.865638732910156,2.429373025894165,14.965444564819336
2,72563,-21.576011657714844,24.751577377319336,-11.112709999084473,1.6511387825012207
2,72563,-28.654132843017578,6.743772506713867,4.190115928649902,-8.185832977294922
2,72563,-6.166256427764893,-28.077308654785156,-0.9115621447563171,-13.53946304321289
2,72564,-9.335795402526855,-3.6027586460113525,-11.579352378845215,2.5083889961242676
2,72564,-35.47920608520508,10.056961059570312,6.828011989593506,7.665566444396973
2,72564,-24.453203201293945,-9.559306144714355,12.974443435668945,0.8413570523262024
2,72564,20.24664878845215,5.35209321975708,-6.281679153442383,6.9559407234191895
2,72564,14.253788948059082,23.70532989501953,-14.066180229187012,-11.817939758300781
2,72564,-11.30795955657959,0.07889672368764877,17.632606506347656,-7.846656322479248
2,72565,4.861261367797852,7.341835021972656,11.376652717590332,7.577795505523682
2,72565,-4.4720611572265625,17.288379669189453,-13.830731391906738,-24.257017135620117
2,72565,-11.870585441589355,-8.823356628417969,5.617400169372559,-14.918081283569336
2,72565,28.301105499267578,-0.7391507625579834,6.721065521240234,27.745786666870117
2,72565,20.26443099975586,27.665861129760742,-11.76132583618164,7.2979350090026855
2,72565,-0.21341650187969208,-15.411636352539062,-8.632426261901855,-22.647953033447266
2,72566,19.48259925842285,-38.453521728515625,5.46519136428833,-3.850719690322876
2,72566,5.665448188781738,13.651703834533691,-5.670211315155029,14.898642539978027
2,72566,-14.63532829284668,11.216052055358887,-3.7857518196105957,-2.3974814414978027
2,72566,10.080757141113281,-6.572082042694092,1.0373800992965698,-13.330180168151855
2,72566,20.08418083190918,10.971168518066406,-23.731721878051758,-10.001527786254883
2,72566,-29.208019256591797,-23.049991607666016,-10.046130180358887,-0.10411614924669266
2,72568,-203.05990600585938,-46.42528533935547,-54.653045654296875,29.711502075195312
2,72568,-153.86370849609375,-21.374191284179688,-87.90151977539062,32.86552429199219
2,72568,166.7081756591797,-16.617298126220703,38.50739288330078,-24.857831954956055
2,72568,122.62630462646484,5.513456344604492,76.7419662475586,-27.988800048828125
2,72568,-25.278682708740234,-0.9818440675735474,-6.999131679534912,7.189436435699463
2,72569,14.747021675109863,-32.27022171020508,-7.358458995819092,7.5789713859558105
2,72569,40.3033447265625,-3.1326847076416016,29.174047470092773,21.088911056518555
2,72570,175.86093139648438,-13.955305099487305,39.70306396484375,66.9921646118164
2,72571,278.4092712402344,-60.622764587402344,58.01617431640625,70.16837310791016
2,72574,368.618896484375,-91.75569152832031,84.45878601074219,-7.387178897857666
2,72575,281.7348937988281,-29.312789916992188,58.548336029052734,-57.228553771972656
2,72578,-334.7879333496094,191.3378448486328,24.05503273010254,-101.63914489746094
2,72579,-450.6530456542969,175.6034698486328,-7.285665512084961,-37.4756965637207
2,72582,-89.29010009765625,-33.196720123291016,-94.63629150390625,48.738216400146484
2,72583,-2.107938289642334,-15.037154197692871,-44.13624954223633,14.119929313659668
2,72586,-94.81632995605469,197.7238311767578,54.906375885009766,-24.91544532775879
2,72587,-279.03729248046875,205.9944610595703,-25.987232208251953,-87.72110748291016
2,72590,-186.53173828125,-220.6940155029297,-159.58901977539062,22.286422729492188
2,72591,40.788368225097656,-350.7783508300781,-166.09422302246094,133.45538330078125
2,72594,373.47210693359375,-126.29780578613281,45.43248748779297,44.49350357055664
2,72595,341.5486755371094,11.249664306640625,163.44276428222656,-27.05586051940918
2,72598,-207.5721435546875,212.9026641845703,81.325927734375,-124.25592803955078
2,72599,-207.6183624267578,141.14710998535156,18.684751510620117,-20.104917526245117
2,72602,94.49451446533203,-66.2897720336914,-42.068511962890625,93.66667175292969
2,72604,54.42805099487305,-37.959224700927734,-12.847079277038574,4.155243873596191
2,72606,-110.34146881103516,98.98384094238281,29.120758056640625,-36.706844329833984
2,72608,-186.75930786132812,101.20677185058594,-19.360172271728516,-96.1958999633789
2,72610,53.14811325073242,-109.46784973144531,8.161025047302246,31.905563354492188
2,72612,186.50050354003906,-144.154052734375,-3.60054349899292,100.04325103759766
2,72614,298.179931640625,-108.99542236328125,-63.25882339477539,0.9341976642608643
2,72616,89.90721893310547,-20.43028450012207,-21.307823181152344,20.964929580688477
2,72777,-466.1746520996094,179.88772583007812,10.48303508758545,-19.887182235717773
2,72777,-39.53768539428711,22.146997451782227,7.624784469604492,-12.447197914123535
2,72777,298.8260192871094,-167.3632354736328,-15.895127296447754,53.33445358276367
2,72777,68.75677490234375,-72.91217803955078,-1.708207368850708,26.20641326904297
2,72778,56.68042755126953,22.231414794921875,38.99816131591797,1.609702229499817
2,72778,-42.90407943725586,75.63074493408203,28.688377380371094,-27.625762939453125
2,72778,-160.95603942871094,118.2347412109375,16.909046173095703,-58.14598083496094
2,72778,-189.2292022705078,113.16830444335938,-0.9321227669715881,-34.424129486083984
2,72778,-155.12457275390625,53.95890426635742,-16.208118438720703,4.446730613708496
2,72778,-66.23665618896484,24.53606605529785,4.394985198974609,17.984466552734375
2,72779,28.33932113647461,-18.418729782104492,-2.9365017414093018,-4.567652702331543
2,72779,105.66754150390625,-80.63910675048828,-33.169612884521484,14.055228233337402
2,72779,119.93577575683594,-86.90167999267578,-0.4393787086009979,21.909513473510742
2,72779,108.94772338867188,-58.17149353027344,17.153966903686523,-16.837507247924805
2,72779,73.4220199584961,-13.908676147460938,0.34396201372146606,-7.728785991668701
2,72779,-20.259929656982422,9.368250846862793,28.32386589050293,-14.723494529724121
2,72780,-82.13624572753906,44.263248443603516,22.694149017333984,-18.743379592895508
2,72780,-87.65873718261719,76.94306945800781,-19.26337242126465,-24.834720611572266
2,72780,-76.52933502197266,51.86436080932617,-20.730758666992188,-17.283353805541992
2,72780,-19.031997680664062,-3.3756179809570312,-6.039880275726318,27.228694915771484
2,72780,31.520225524902344,-40.51081466674805,-8.667222023010254,15.45186996459961
2,72781,25.651037216186523,-38.459228515625,-15.77210807800293,15.36837100982666
2,72781,49.14601135253906,-31.89185905456543,3.795261859893799,1.2516957521438599
2,72781,73.23411560058594,-23.965660095214844,2.310049295425415,-25.76392364501953
2,72781,27.67812728881836,-24.799673080444336,-6.7396345138549805,7.080257415771484
2,72781,-33.86734390258789,1.4111385345458984,33.83565139770508,28.6491641998291
2,72781,-44.76483154296875,56.44182205200195,27.517810821533203,8.977798461914062
2,72782,-27.881282806396484,53.736331939697266,-22.86376953125,-22.638713836669922
2,72782,-23.581483840942383,11.687631607055664,-7.011179447174072,-17.92902183532715
2,72782,-10.941154479980469,-13.192849159240723,9.907301902770996,-4.931060314178467
2,72782,9.033330917358398,-9.053301811218262,-20.811723709106445,9.120182037353516
2,72782,46.05689239501953,-29.250308990478516,-20.035493850708008,36.27749252319336
2,72782,72.43212890625,-55.26313018798828,10.26655101776123,20.30265998840332
2,72783,41.15995788574219,-16.794300079345703,10.451410293579102,-5.636049747467041
2,72783,26.196624755859375,12.354074478149414,-13.951324462890625,-12.313965797424316
2,72783,-1.981407880783081,3.4390759468078613,7.992436408996582,9.339523315429688
2,72783,-40.745506286621094,15.429100036621094,32.591678619384766,25.20648765563965
2,72783,-34.7745361328125,34.237648010253906,25.18390655517578,5.533443450927734
2,72783,-26.373626708984375,31.04806900024414,0.1195596307516098,-8.841609954833984
2,72784,-23.445602416992188,13.88167953491211,-24.20566177368164,-24.305208206176758
2,72784,-2.0280115604400635,4.29313325881958,-3.077385902404785,-14.138837814331055
2,72784,16.57135009765625,-18.8978328704834,-4.98528528213501,13.634153366088867
2,72784,27.28609848022461,-9.621088027954102,-1.0452181100845337,7.456478118896484
2,72784,27.001680374145508,-17.20624542236328,10.981619834899902,-24.94842529296875
2,72784,-18.272422790527344,-30.546459197998047,-9.328116416931152,-5.646273136138916
2,72785,-14.327372550964355,44.392822265625,2.213798999786377,18.225746154785156
2,72785,-4.781757831573486,28.794422149658203,-2.797823429107666,-29.39720344543457
2,72785,-37.549476623535156,-16.153230667114258,-22.633317947387695,-21.848955154418945
2,72785,-31.35042953491211,16.113473892211914,1.446979284286499,15.671835899353027
2,72785,2.1822543144226074,25.461456298828125,3.1166677474975586,8.586013793945312
2,72785,20.445457458496094,23.05022621154785,12.342989921569824,6.268788814544678
2,72786,2.4598522186279297,-8.01841926574707,9.793946266174316,8.276819229125977
2,72786,-12.559081077575684,-38.60167694091797,-46.67417907714844,-4.824479579925537
2,72786,-8.518766403198242,-20.401206970214844,-13.357515335083008,-3.8831639289855957
2,72786,-3.3538095951080322,-8.649348258972168,49.38127899169922,12.591621398925781
2,72786,-13.595671653747559,4.155889987945557,5.411037921905518,-2.1554930210113525
2,72786,-3.9260318279266357,21.693679809570312,-23.625423431396484,-16.663494110107422
2,72787,23.126445770263672,4.012040615081787,-5.3219523429870605,0.08768823742866516
2,72787,-10.074422836303711,-26.284393310546875,14.798057556152344,11.549371719360352
2,72787,-28.26791000366211,-20.859989166259766,7.4177165031433105,-1.8293676376342773
2,72787,10.480416297912598,13.676923751831055,-34.479705810546875,-15.356167793273926
2,72787,8.81752872467041,-8.653145790100098,-25.905118942260742,-6.623462200164795
2,72787,-6.61135196685791,-46.665008544921875,15.504387855529785,21.45779037475586
2,72788,-1.6310909986495972,-1.4112932682037354,16.748329162597656,9.118942260742188
2,72788,11.905197143554688,12.054952621459961,-6.563780307769775,-11.145649909973145
2,72788,3.9854164123535156,-29.23402214050293,-13.976482391357422,-0.9865601658821106
2,72788,-6.700294017791748,-9.545260429382324,-0.8402718305587769,-16.112648010253906
2,72788,7.934990882873535,12.637598991394043,-5.813995838165283,3.696281909942627
2,72788,-22.099361419677734,-16.49236297607422,-13.221522331237793,32.097747802734375
2,72789,-14.313506126403809,-8.765507698059082,29.369688034057617,-9.148704528808594
2,72789,41.986839294433594,10.98950481414795,16.8260440826416,-3.2108490467071533
2,72789,40.528446197509766,-1.759289026260376,-13.93652629852295,28.7428035736084
2,72789,12.716827392578125,23.24838638305664,-5.229842185974121,12.285038948059082
2,72789,3.0633206367492676,-0.9997501969337463,-9.418231010437012,24.18301010131836
2,72789,20.454666137695312,-17.887910842895508,16.650760650634766,10.47268295288086
2,72790,32.74781799316406,33.89567947387695,12.895472526550293,-15.889896392822266
2,72790,-3.913212299346924,-15.329607963562012,-25.64655876159668,12.766164779663086
2,72790,-31.684371948242188,-47.701377868652344,-6.679073333740234,6.397932529449463
2,72790,-10.32388973236084,23.695751190185547,8.201483726501465,-18.402606964111328
2,72790,-7.042664527893066,27.886852264404297,-6.513449192047119,-6.638711452484131
2,72792,68.98799896240234,-139.0729217529297,-48.21199035644531,9.082255363464355
2,72792,80.82357025146484,-123.92593383789062,-46.623111724853516,1.5454825162887573
2,72792,-53.33415222167969,120.13285827636719,47.83068084716797,-20.75494384765625
2,72792,-4.37363338470459,79.18331146240234,31.14873504638672,-2.136469602584839
2,72792,77.59966278076172,-25.80364418029785,6.376016616821289,-6.178121089935303
2,72792,21.263891220092773,6.621845722198486,33.02128601074219,-20.18006706237793
2,72793,-30.163949966430664,6.664939880371094,-7.0767340660095215,19.67934799194336
2,72793,-7.752133369445801,29.461938858032227,17.164093017578125,8.189335823059082
2,72794,172.5812530517578,16.18328285217285,77.50718688964844,21.666616439819336
2,72795,209.88821411132812,34.58682632446289,67.91073608398438,-21.75365447998047
2,72798,-210.10427856445312,166.18345642089844,48.20144271850586,-137.99276733398438
2,72799,-317.1715393066406,95.02766418457031,31.332561492919922,-14.844266891479492
2,72802,-46.790802001953125,-43.85871887207031,-48.16986083984375,98.12862396240234
2,72803,-31.782072067260742,12.411487579345703,-81.52918243408203,-22.503042221069336
2,72806,-43.842613220214844,120.67020416259766,-7.668741226196289,-127.8643798828125
2,72807,-132.46038818359375,71.0384750366211,4.67852258682251,-29.667957305908203
2,72810,-57.692108154296875,-213.8146209716797,-92.73626708984375,139.4988555908203
2,72811,233.63330078125,-271.8077087402344,-85.46578216552734,91.4722671508789
2,72814,351.6037292480469,-172.4857177734375,27.08124351501465,38.23256301879883
2,72816,109.3396224975586,-5.960690021514893,37.5257682800293,13.268555641174316
2,72818,-212.2032012939453,276.1353759765625,65.49253845214844,-75.32891845703125
2,72820,-71.14466857910156,84.34700012207031,20.093477249145508,-8.176261901855469
2,72822,-296.8742980957031,-150.8840789794922,-128.54815673828125,9.850167274475098
2,72824,-381.82171630859375,4.844452857971191,-112.13372802734375,2.6736302375793457
2,72826,318.96551513671875,150.3037109375,52.74555587768555,74.07820129394531
2,72828,185.35125732421875,110.39022064208984,193.45718383789062,-45.75422286987305
2,72830,-97.13180541992188,-134.3471221923828,25.063858032226562,-141.00624084472656
2,72832,185.724853515625,-156.57864379882812,-128.15379333496094,38.08777618408203
2,72834,243.23153686523438,-86.80337524414062,-10.702686309814453,133.25645446777344
2,72836,69.38624572753906,-30.990968704223633,40.23247146606445,-13.520986557006836
2,72838,-263.0577697753906,206.88658142089844,57.08056640625,-111.43742370605469
2,72840,-164.58457946777344,104.01332092285156,25.178701400756836,-22.199201583862305
2,73008,-257.1632385253906,10.011250495910645,-94.42628479003906,21.97573471069336
2,73008,-202.80848693847656,32.47459411621094,-50.74627685546875,-13.873047828674316
2,73009,458.1676025390625,-135.75172424316406,66.58582305908203,54.45094680786133
2,73009,172.43536376953125,-33.78847885131836,23.595333099365234,23.616161346435547
2,73009,-247.84219360351562,88.92557525634766,-12.542815208435059,-52.551082611083984
2,73009,-111.48152923583984,52.03282165527344,-6.471765995025635,-21.066162109375
2,73009,-68.33015441894531,38.021156311035156,-31.28268814086914,12.676597595214844
2,73010,20.820236206054688,-15.068727493286133,-26.97266960144043,29.693544387817383
2,73010,136.6211700439453,-55.81387710571289,12.48596477508545,24.964311599731445
2,73010,212.41928100585938,-89.22676849365234,37.10398483276367,26.70201873779297
2,73010,227.29600524902344,-120.0062255859375,6.597189903259277,39.18910217285156
2,73010,134.2665557861328,-73.81510925292969,4.335960865020752,37.04422378540039
2,73010,29.183883666992188,11.972877502441406,21.55801773071289,0.49495115876197815
2,73010,-55.648155212402344,48.11588668823242,-0.9414639472961426,-27.801366806030273
2,73011,-145.9102325439453,62.60524368286133,0.09175858646631241,-32.34529495239258
2,73011,-160.43215942382812,65.34413146972656,3.9833662509918213,-29.181970596313477
2,73011,-114.4532470703125,32.344696044921875,-39.52322769165039,-11.254680633544922
2,73011,-23.469993591308594,-0.688360869884491,-32.40251922607422,2.056596517562866
2,73011,70.94405364990234,-35.904991149902344,26.36487579345703,16.68198013305664
2,73012,91.8509750366211,-62.5604362487793,3.917618751525879,8.335981369018555
2,73012,93.93860626220703,-53.52832794189453,-24.380578994750977,-5.465386867523193
2,73012,70.212646484375,-27.185453414916992,22.51609230041504,9.504799842834473
2,73012,6.964890956878662,-2.401157855987549,25.31379508972168,17.65286636352539
2,73012,-37.61032485961914,22.21278953552246,-1.2826340198516846,-9.570358276367188
2,73012,-71.9530258178711,60.72330856323242,-7.7414021492004395,-30.912391662597656
2,73013,-98.9346923828125,54.32286071777344,-14.038143157958984,-1.1959233283996582
2,73013,-75.26779174804688,30.695964813232422,17.40061378479004,14.41123104095459
2,73013,3.329418897628784,19.133153915405273,9.321447372436523,-18.548681259155273
2,73013,57.35422134399414,-27.4437255859375,-27.012922286987305,-10.682032585144043
2,73013,54.44983673095703,-32.42801284790039,13.7561674118042,11.665121078491211
2,73013,55.17510986328125,-16.330886840820312,18.323135375976562,-17.196109771728516
2,73014,60.379764556884766,-40.698368072509766,-1.1712144613265991,1.8983049392700195
2,73014,22.819019317626953,-7.360865592956543,19.306196212768555,14.873188972473145
2,73014,-36.00453567504883,44.022010803222656,1.5558384656906128,-21.284988403320312
2,73014,-68.00780487060547,32.07016372680664,-9.181870460510254,-11.921486854553223
2,73014,-56.1589241027832,32.956520080566406,4.764334201812744,-7.538855075836182
2,73014,-35.214202880859375,45.514522552490234,-6.2415924072265625,-13.548086166381836
2,73015,-23.264856338500977,-9.694724082946777,-22.097183227539062,-1.8246371746063232
2,73015,-2.60351824760437,-18.777301788330078,-5.1079792976379395,12.320274353027344
2,73015,24.217947006225586,27.820276260375977,18.552780151367188,22.59271812438965
2,73015,26.23847198486328,-19.86782455444336,11.82287883758545,-7.218886375427246
2,73015,3.8323261737823486,-45.124603271484375,6.681170463562012,-2.7151260375976562
2,73015,3.3847367763519287,18.985429763793945,2.1120245456695557,4.916961193084717
2,73016,-14.552769660949707,20.234527587890625,-26.526512145996094,-26.488069534301758
2,73016,-39.0630989074707,7.607780456542969,-13.419387817382812,-2.043179988861084
2,73016,-53.88191223144531,23.66777801513672,30.9321346282959,18.32663345336914
2,73016,-42.29056167602539,-0.6906400322914124,15.805466651916504,-0.23983131349086761
2,73016,-6.443127632141113,-5.9305315017700195,-16.55605125427246,1.7808823585510254
2,73017,7.007140636444092,-4.467320919036865,-21.92848777770996,14.313868522644043
2,73017,27.598989486694336,-20.306682586669922,7.7599897384643555,8.693733215332031
2,73017,34.00703430175781,-9.36196517944336,24.490413665771484,-0.6873549818992615
2,73017,26.259153366088867,15.665687561035156,-5.312445640563965,8.989720344543457
2,73017,-3.8407540321350098,4.054687976837158,-10.490459442138672,8.200156211853027
2,73017,-10.13174819946289,-25.736000061035156,-3.8706090450286865,-4.300746917724609
2,73018,-2.6372885704040527,-6.933581829071045,-5.4364800453186035,8.690488815307617
2,73018,-26.29991340637207,23.63159942626953,4.22567081451416,2.673929214477539
2,73018,9.0115966796875,15.074911117553711,2.144117593765259,-8.448711395263672
2,73018,21.18523406982422,-8.032031059265137,-11.638318061828613,-15.92682933807373
2,73018,-14.281567573547363,-21.397321701049805,-9.28415584564209,-10.325287818908691
2,73018,3.405228853225708,-4.678648471832275,-14.929314613342285,8.424476623535156
2,73019,20.617280960083008,7.447320461273193,-13.849650382995605,-10.853663444519043
2,73019,11.09449291229248,-9.68834114074707,6.110255241394043,0.5978387594223022
2,73019,9.33098030090332,-9.184054374694824,3.4298675060272217,3.4319803714752197
2,73019,-8.810342788696289,2.535092830657959,-0.04789689928293228,-12.742586135864258
2,73019,-37.61215591430664,5.7902092933654785,-6.815739154815674,-3.4689269065856934
2,73019,-47.075355529785156,-11.637123107910156,4.949560165405273,18.209148406982422
2,73020,-11.064081192016602,-20.84407615661621,24.62835693359375,19.187366485595703
2,73020,24.69321060180664,10.801053047180176,-16.9096736907959,-10.635777473449707
2,73020,0.007813813164830208,-2.830233097076416,-9.578917503356934,-1.4817988872528076
2,73020,-3.0267584323883057,-18.679044723510742,37.471317291259766,11.674453735351562
2,73020,21.08160972595215,20.391685485839844,19.424083709716797,2.9949400424957275
2,73020,45.97307586669922,5.224710464477539,3.863485813140869,2.941854238510132
2,73021,30.88827133178711,-11.305754661560059,1.631497859954834,4.718160629272461
2,73021,-5.91154146194458,22.149677276611328,1.6958580017089844,-21.545682907104492
2,73021,3.464096784591675,0.9090460538864136,-9.040390014648438,-13.71294116973877
2,73021,-4.38771390914917,-6.123696804046631,-8.244110107421875,15.388737678527832
2,73021,-2.321758270263672,37.83592224121094,9.703536987304688,-5.217935562133789
2,73021,-2.9549026489257812,18.541576385498047,-7.6857218742370605,-28.34667205810547
2,73022,-10.03566837310791,-21.296728134155273,-28.14444923400879,-18.92873764038086
2,73022,6.92755651473999,-11.885431289672852,-16.74892807006836,9.957674026489258
2,73022,-11.256914138793945,-0.4065597951412201,11.965425491333008,10.48352336883545
2,73022,-9.167533874511719,3.828223943710327,1.2967901229858398,7.560853481292725
2,73022,12.515884399414062,13.452936172485352,-5.5748515129089355,3.514131546020508
2,73022,-17.963857650756836,-22.955759048461914,-0.15078657865524292,-3.0467495918273926
2,73024,-28.817623138427734,9.387151718139648,-25.762718200683594,9.212541580200195
2,73024,-5.399352550506592,54.74752426147461,-1.8361101150512695,-3.7733192443847656
2,73024,13.587814331054688,-18.650978088378906,24.647253036499023,-5.979609489440918
2,73024,11.693100929260254,-15.860113143920898,4.148548126220703,9.352952003479004
2,73024,-2.635913133621216,9.685525894165039,10.018559455871582,4.447989463806152
2,73025,8.282025337219238,-14.01192569732666,-3.7757151126861572,8.896638870239258
2,73025,-4.668992519378662,13.132040023803711,-7.05437707901001,0.18773138523101807
2,73025,-5.590068340301514,16.993385314941406,20.064027786254883,-17.36265754699707
2,73026,-80.45613861083984,1.0710371732711792,-9.704294204711914,-16.653898239135742
2,73028,-146.7988739013672,16.499557495117188,-19.612001419067383,-12.986156463623047
2,73030,121.4605712890625,-108.59234619140625,-23.771711349487305,88.39326477050781
2,73032,301.3885803222656,-215.99234008789062,-35.354801177978516,104.1698226928711
2,73034,275.5953674316406,-148.2343292236328,24.64833641052246,-18.901485443115234
2,73036,101.62525939941406,50.62485122680664,72.79853057861328,-23.442535400390625
2,73038,-322.8985290527344,262.98431396484375,44.349822998046875,-67.61990356445312
2,73040,-286.45458984375,127.84729766845703,-0.7281830310821533,-101.48625183105469
2,73042,1.1722766160964966,-33.109649658203125,-33.3641242980957,14.391304016113281
2,73044,19.235939025878906,-13.724567413330078,-40.03003692626953,30.054227828979492
2,73046,-65.23043823242188,125.85234069824219,35.22260284423828,-46.6313362121582
2,73048,-133.62669372558594,175.80172729492188,46.00962829589844,8.670225143432617
2,73050,-5.128815650939941,-184.9423828125,-106.0064468383789,78.65681457519531
2,73052,170.1219482421875,-283.69183349609375,-91.74437713623047,43.92379379272461
2,73054,342.68621826171875,-84.29755401611328,93.04637908935547,9.66140365600586
2,73056,171.83404541015625,55.99888229370117,106.75146484375,-35.362327575683594
2,73058,-343.7616271972656,217.74803161621094,-8.32188892364502,-41.47523498535156
2,73060,-267.46710205078125,50.25468063354492,-77.91603088378906,25.50354766845703
2,73062,79.9881362915039,-125.00253295898438,-17.819931030273438,17.713512420654297
2,73064,127.99832153320312,16.958066940307617,47.65766525268555,-45.56608963012695
2,73066,-34.31679916381836,189.11106872558594,42.36789321899414,-36.15498733520508
2,73068,-197.49948120117188,88.50556182861328,1.3589683771133423,-18.237003326416016
2,73070,39.88541793823242,-237.36734008789062,-84.06039428710938,33.94049072265625
2,73072,200.49752807617188,-169.1484832763672,-38.38755798339844,48.65620422363281
2,73074,197.0765380859375,18.289058685302734,56.8995475769043,-8.308042526245117
2,73076,52.9688606262207,67.2774887084961,26.646242141723633,34.11445617675781
2,73253,-287.205810546875,48.13399887084961,-66.39905548095703,20.269920349121094
2,73253,-59.39229965209961,-156.26828002929688,-78.26814270019531,-6.06467342376709
2,73253,268.5216064453125,-124.90532684326172,40.227718353271484,25.658090591430664
2,73254,146.12904357910156,16.02627182006836,54.06215286254883,9.385300636291504
2,73254,12.53589153289795,24.894027709960938,8.683874130249023,-5.996964931488037
2,73254,-76.22166442871094,78.6268539428711,43.77639389038086,-38.93595886230469
2,73254,-141.8796844482422,148.90463256835938,32.46266555786133,-55.358482360839844
2,73254,-167.17755126953125,126.7902603149414,3.08549427986145,-17.074201583862305
2,73255,-127.0910415649414,80.78144836425781,-4.700462341308594,-11.250446319580078
2,73255,-25.7227725982666,35.334842681884766,-7.1108903884887695,-39.54957580566406
2,73255,21.223203659057617,-48.4816780090332,-20.644365310668945,1.5233575105667114
2,73255,61.09169006347656,-73.86024475097656,-23.437381744384766,81.26240539550781
2,73255,115.40723419189453,-61.713157653808594,30.740184783935547,45.49398422241211
2,73255,97.49246978759766,-57.97737121582031,9.698837280273438,-28.1340389251709
2,73256,12.152661323547363,-24.541414260864258,-26.132749557495117,-1.896543025970459
2,73256,-51.48527908325195,30.56317138671875,33.081092834472656,-11.56396484375
2,73256,-57.818206787109375,60.292667388916016,8.344337463378906,-41.67302322387695
2,73256,-81.38590240478516,59.626800537109375,-41.305259704589844,-15.266079902648926
2,73256,-90.21099090576172,15.784140586853027,16.090497970581055,-5.73414945602417
2,73256,-19.292102813720703,-13.575386047363281,5.57740592956543,-12.653237342834473
2,73257,17.86539649963379,1.664907455444336,-54.165374755859375,13.704768180847168
2,73257,44.87488555908203,-12.721002578735352,-1.9120360612869263,21.556135177612305
2,73257,92.63729095458984,-65.9693832397461,25.8576602935791,-11.638093948364258
2,73257,53.87294387817383,-77.0543212890625,-15.129297256469727,17.29983139038086
2,73257,-1.6003764867782593,4.952729225158691,0.1773347109556198,33.15690612792969
2,73257,-22.33958625793457,47.64250564575195,27.584665298461914,-30.08509635925293
2,73258,-30.85129737854004,32.90517807006836,-7.188689231872559,-22.319503784179688
2,73258,-54.4345588684082,31.332731246948242,-13.687052726745605,17.231290817260742
2,73258,-49.93122100830078,-16.774282455444336,9.397303581237793,-24.566883087158203
2,73258,5.357613563537598,-19.058351516723633,-6.483417510986328,-3.8923330307006836
2,73258,6.711809158325195,36.40956115722656,2.1991326808929443,35.045372009277344
2,73258,39.427677154541016,-36.85086441040039,-6.0905351638793945,2.424217700958252
2,73259,79.15470886230469,-56.61983871459961,-8.311880111694336,4.706033706665039
2,73259,16.771713256835938,27.790578842163086,1.1815497875213623,27.849180221557617
2,73259,-24.21100425720215,-22.72550392150879,-1.9942651987075806,11.507972717285156
2,73259,-3.1400654315948486,-11.265473365783691,27.94020652770996,-21.283931732177734
2,73259,-3.1692771911621094,67.38787078857422,1.4096442461013794,-3.6687490940093994
2,73260,-38.567108154296875,28.33051109313965,-28.5822811126709,9.263256072998047
2,73260,-35.55211639404297,-1.2151341438293457,14.60400676727295,-25.3682804107666
2,73260,-3.253795623779297,3.045071840286255,22.587127685546875,-18.919721603393555
2,73260,11.66808032989502,4.891760349273682,-11.765731811523438,33.34941482543945
2,73260,17.8433780670166,-2.020805835723877,-8.2342529296875,19.170307159423828
2,73260,36.74794006347656,-32.70109176635742,1.097794532775879,-34.93898010253906
2,73261,57.63806915283203,-44.3247184753418,-3.1863162517547607,-1.3176472187042236
2,73261,3.1349539756774902,-15.130167961120605,-2.95344614982605,34.275543212890625
2,73261,-45.65080261230469,16.747243881225586,3.974062442779541,-14.094550132751465
2,73261,-8.676679611206055,15.092860221862793,5.464775085449219,-22.952993392944336
2,73261,-9.862726211547852,-1.7558655738830566,-19.586048126220703,34.605281829833984
2,73261,-48.625083923339844,10.946218490600586,-8.519190788269043,12.15061092376709
2,73262,5.308248043060303,21.84123420715332,-0.07904712855815887,-42.06941223144531
2,73262,43.53401565551758,-28.65818977355957,14.729987144470215,1.4045672416687012
2,73262,6.042135238647461,-18.801860809326172,28.091876983642578,20.60639762878418
2,73262,-8.008254051208496,31.973838806152344,-33.70553970336914,-15.25901985168457
2,73262,14.620891571044922,-16.670360565185547,-30.568939208984375,-21.77031898498535
2,73262,27.94219398498535,-31.7325439453125,29.684703826904297,11.933899879455566
2,73263,-10.776180267333984,2.1764702796936035,16.78663444519043,24.493932723999023
2,73263,-33.365570068359375,15.422340393066406,-9.434736251831055,-20.581951141357422
2,73263,-21.629587173461914,10.280208587646484,11.084455490112305,-13.231865882873535
2,73263,3.685425281524658,11.987081527709961,2.201650381088257,8.38889217376709
2,73263,5.364703178405762,6.239873886108398,-13.71787166595459,-8.593999862670898
2,73263,-3.298978090286255,-7.631467819213867,6.632918357849121,-1.3988442420959473
2,73264,23.2305908203125,1.0539023876190186,1.853458285331726,-4.740403175354004
2,73264,9.786002159118652,-10.730298042297363,-13.174323081970215,-0.9357497096061707
2,73264,-15.829768180847168,17.037599563598633,2.3407349586486816,25.639894485473633
2,73264,-6.475727081298828,16.909709930419922,7.525505542755127,1.8537417650222778
2,73264,-2.295128345489502,36.93545913696289,10.046815872192383,-26.790021896362305
2,73264,11.467824935913086,39.575531005859375,14.026946067810059,-6.184074401855469
2,73265,18.492910385131836,-31.637737274169922,-16.542449951171875,1.2365533113479614
2,73265,-23.96864891052246,-8.644621849060059,-13.433988571166992,8.001261711120605
2,73265,-39.464351654052734,7.498110771179199,14.705497741699219,1.602586269378662
2,73265,11.09469985961914,-17.272409439086914,9.48586368560791,-29.177244186401367
2,73265,-14.985901832580566,-1.3734631538391113,-11.216272354125977,27.69955825805664
2,73265,-43.496891021728516,15.475093841552734,-14.122476577758789,45.92634963989258
2,73266,38.17110824584961,-17.407636642456055,11.960884094238281,-27.942432403564453
2,73266,45.8036994934082,-32.13334655761719,28.871145248413086,-10.766178131103516
2,73266,-28.10223388671875,4.892199516296387,-10.35275936126709,24.267738342285156
2,73266,-3.6537954807281494,5.796415328979492,-49.07257843017578,1.5745007991790771
2,73266,13.824609756469727,-7.167012691497803,11.244182586669922,-8.137961387634277
2,73266,-20.56596565246582,-9.198125839233398,36.652626037597656,-7.887444019317627
2,73267,13.380725860595703,-3.5608112812042236,-32.04393768310547,-2.254436731338501
2,73267,-6.561999797821045,13.725369453430176,-21.177309036254883,10.322891235351562
2,73267,-20.41733169555664,-7.477627754211426,19.594276428222656,-10.0264253616333
2,73267,37.648658752441406,-18.766014099121094,5.7674760818481445,-1.2957630157470703
2,73267,31.69683074951172,20.96760368347168,-6.339818000793457,22.26006317138672
2,73268,-15.747694969177246,-5.987074375152588,-17.761343002319336,-13.032391548156738
2,73268,-3.2812047004699707,-50.174072265625,-4.3316779136657715,-24.940011978149414
2,73268,36.012535095214844,-15.798993110656738,18.03498649597168,-7.116075038909912
2,73268,2.060884475708008,-0.26297444105148315,2.6590096950531006,30.427505493164062
2,73269,14.133578300476074,-59.68022155761719,-32.097251892089844,69.5451889038086
2,73269,62.29725646972656,-63.329132080078125,-15.776938438415527,25.156719207763672
2,73270,10.095488548278809,50.74770736694336,26.35808753967285,-22.4681396484375
2,73270,-19.164011001586914,49.13722610473633,9.190669059753418,-0.003236223943531513
2,73270,-1.6682878732681274,-14.9595947265625,-6.142004489898682,-9.976670265197754
2,73270,0.6386669874191284,-4.219762802124023,1.4470417499542236,-15.347905158996582
2,73270,-1.3205121755599976,2.126241445541382,6.515928268432617,10.454717636108398
2,73270,-4.372843265533447,11.582807540893555,4.746757984161377,-0.8507798314094543
2,73271,-10.647590637207031,16.329362869262695,-7.734313488006592,-4.56968355178833
2,73272,85.3328857421875,-117.26470947265625,6.239891052246094,20.97646713256836
2,73273,216.85302734375,-172.9645233154297,-4.551019191741943,48.606224060058594
2,73276,79.80172729492188,175.98004150390625,53.702903747558594,-46.78470230102539
2,73277,-184.55471801757812,291.9462890625,94.93553161621094,-127.53666687011719
2,73280,-275.00604248046875,14.847086906433105,-15.125691413879395,-14.930305480957031
2,73281,-103.19435119628906,-45.263797760009766,-20.318492889404297,19.157026290893555
2,73284,15.052573204040527,10.983779907226562,-31.400487899780273,-12.155989646911621
2,73285,-102.99003601074219,105.13574981689453,-62.12177276611328,-4.867833137512207
2,73288,-114.92862701416016,93.74858856201172,-5.242166042327881,-6.612405300140381
2,73289,29.12395477294922,-129.58689880371094,-17.381521224975586,-2.899878740310669
2,73292,292.6257019042969,-247.66819763183594,-25.814977645874023,46.83074951171875
2,73293,314.5535888671875,-153.1610565185547,4.2280378341674805,119.77212524414062
2,73296,-61.70295715332031,88.53876495361328,68.57904052734375,-22.22323226928711
2,73297,-223.67852783203125,156.62344360351562,46.966148376464844,-118.35917663574219
2,73300,-127.84288787841797,33.498451232910156,-60.15115737915039,22.759366989135742
2,73301,3.8956105709075928,-30.444910049438477,-6.1988935470581055,73.60672760009766
2,73304,84.19898986816406,32.16463088989258,32.43257141113281,-11.707172393798828
2,73305,-24.496044158935547,117.3243408203125,-12.777994155883789,-79.60181427001953
2,73308,-161.77835083007812,-13.543425559997559,-21.767595291137695,12.242696762084961
2,73310,-40.34358215332031,-116.9277114868164,-44.74764633178711,57.30210876464844
2,73312,293.3096923828125,-172.39068603515625,-14.522750854492188,36.76539993286133
2,73314,250.68881225585938,-130.31373596191406,-8.06415843963623,61.09330368041992
2,73316,-116.93582916259766,184.39308166503906,73.0196762084961,-93.10069274902344
2,73318,-175.27146911621094,209.23585510253906,120.966796875,-110.32317352294922
2,73320,-106.11115264892578,-54.50996398925781,-98.3724365234375,60.78574752807617
2,73322,13.04581069946289,-121.2841796875,-111.02299499511719,83.73939514160156
2,73507,-1.7330228090286255,128.29981994628906,57.51008987426758,-64.28425598144531
2,73507,-96.11493682861328,147.64161682128906,74.09487915039062,-97.79601287841797
2,73507,83.5983657836914,-112.59732818603516,15.668085098266602,46.83477783203125
2,73507,-14.539104461669922,13.342214584350586,-13.22234058380127,8.44576358795166
2,73507,-173.8627471923828,109.05797576904297,8.27983283996582,-33.94670486450195
2,73508,-61.601417541503906,20.110286712646484,-24.152496337890625,-3.3568356037139893
2,73508,24.177223205566406,-20.101566314697266,-66.86756134033203,0.7920407056808472
2,73508,86.96220397949219,-106.7203369140625,-37.47012710571289,59.12258529663086
2,73508,139.35484313964844,-143.43478393554688,7.650020599365234,42.487300872802734
2,73508,171.14691162109375,-125.03309631347656,6.850254535675049,-8.289992332458496
2,73508,151.63992309570312,-82.11699676513672,4.081648349761963,37.77900314331055
2,73509,54.586639404296875,-18.983251571655273,23.51150131225586,41.432769775390625
2,73509,-53.78252029418945,65.83502197265625,20.13468360900879,-14.047504425048828
2,73509,-92.90621948242188,80.92105865478516,0.9056416153907776,-31.577836990356445
2,73509,-98.05203247070312,62.454689025878906,12.14431095123291,-28.595048904418945
2,73509,-85.02653503417969,67.51014709472656,8.990238189697266,-0.40864837169647217
2,73509,-28.37225914001465,18.305931091308594,-36.08917999267578,4.203451633453369
2,73510,27.91700553894043,-44.439735412597656,-11.072978019714355,0.13939198851585388
2,73510,70.57420349121094,-75.53337860107422,0.9302438497543335,6.662447452545166
2,73510,70.69426727294922,-71.0193862915039,-24.99934196472168,24.718029022216797
2,73510,80.55116271972656,-33.23590850830078,20.205785751342773,13.660844802856445
2,73510,52.379638671875,3.352836847305298,35.865962982177734,-29.756305694580078
2,73511,-58.99648666381836,16.19778060913086,11.859075546264648,-13.377934455871582
2,73511,-75.94876098632812,53.523616790771484,7.087945461273193,-12.473625183105469
2,73511,-59.08219528198242,78.86764526367188,-8.948836326599121,-28.525510787963867
2,73511,-54.979087829589844,10.04836654663086,-16.320755004882812,7.219995021820068
2,73511,-8.442941665649414,-29.283226013183594,4.690718650817871,15.805729866027832
2,73511,15.477813720703125,14.443074226379395,-14.399897575378418,-1.6531964540481567
2,73512,52.135475158691406,-3.2135419845581055,-26.38152503967285,1.1354281902313232
2,73512,53.85237121582031,-58.42936706542969,7.641386032104492,12.74848747253418
2,73512,20.734195709228516,-26.73615837097168,41.26139831542969,14.865349769592285
2,73512,41.62364196777344,32.15685272216797,38.70045471191406,1.2855082750320435
2,73512,11.127384185791016,30.13609504699707,-24.402528762817383,13.056242942810059
2,73512,-46.508731842041016,22.543550491333008,-23.879070281982422,-3.8140430450439453
2,73513,-63.67745590209961,26.898448944091797,25.026275634765625,-28.662368774414062
2,73513,-33.364707946777344,20.47635269165039,5.178494930267334,1.34275221824646
2,73513,-0.5071035027503967,20.502918243408203,-18.246137619018555,-11.899589538574219
2,73513,-8.806300163269043,-19.472145080566406,17.779932022094727,-17.323225021362305
2,73513,22.1427059173584,-37.011863708496094,12.768163681030273,10.543347358703613
2,73513,33.853355407714844,3.335069417953491,-16.47089958190918,-3.397526502609253
2,73514,22.00592613220215,4.45229959487915,-2.9013772010803223,-1.357853889465332
2,73514,-4.184288501739502,7.791887283325195,-0.6134981513023376,-6.077117443084717
2,73514,-32.391048431396484,30.679655075073242,8.737486839294434,-20.620037078857422
2,73514,-13.751559257507324,12.23446273803711,0.15146104991436005,-2.657097578048706
2,73514,-8.03223705291748,16.823150634765625,-1.0985413789749146,-0.6648728847503662
2,73514,-32.326290130615234,21.698644638061523,9.556756019592285,4.967574596405029
2,73515,-48.33080291748047,-7.61335563659668,-10.383552551269531,26.710800170898438
2,73515,-0.40785473585128784,5.5295257568359375,-1.2946985960006714,12.081035614013672
2,73515,25.42147445678711,-12.172733306884766,-6.359830379486084,-16.34618377685547
2,73515,10.706978797912598,-37.776878356933594,-14.94039535522461,13.735715866088867
2,73515,12.922463417053223,-6.331965446472168,11.259166717529297,29.533933639526367
2,73515,8.079682350158691,-9.71020221710205,1.5304926633834839,-9.146566390991211
2,73516,-18.751657485961914,-11.260986328125,-8.692770004272461,-13.997232437133789
2,73516,-42.565364837646484,25.87238883972168,10.949570655822754,3.324488878250122
2,73516,4.202572822570801,1.8333359956741333,4.90777063369751,4.084038734436035
2,73516,9.293947219848633,1.7178236246109009,-18.82223129272461,-30.36589813232422
2,73516,-33.593650817871094,36.78925323486328,-6.188365459442139,-25.150489807128906
2,73516,-6.871885299682617,-28.92244529724121,15.277308464050293,29.798398971557617
2,73517,27.703603744506836,-35.27135467529297,5.0609917640686035,24.64339828491211
2,73517,19.33036231994629,15.546464920043945,-11.453286170959473,-1.8827252388000488
2,73517,2.3122427463531494,7.398435115814209,-3.978489398956299,-2.844024181365967
2,73517,12.62801456451416,1.4123022556304932,-12.784082412719727,-24.505523681640625
2,73517,-8.104729652404785,-19.14797019958496,-0.48811694979667664,-18.53431510925293
2,73517,-24.828176498413086,-1.678948163986206,44.20002746582031,28.523895263671875
2,73518,-9.613155364990234,29.699504852294922,-3.9743831157684326,15.917646408081055
2,73518,-1.4922778606414795,8.796631813049316,-35.645389556884766,-22.897653579711914
2,73518,22.357643127441406,-11.475055694580078,-13.104463577270508,-7.133841514587402
2,73518,0.40625226497650146,-22.690568923950195,-4.643049240112305,34.97159957885742
2,73518,-18.693723678588867,-10.09624195098877,23.97325897216797,15.482928276062012
2,73518,34.7852783203125,12.255022048950195,11.0442533493042,-30.578031539916992
2,73519,23.010568618774414,12.010880470275879,-16.08776092529297,-11.782865524291992
2,73519,-38.84004211425781,-3.429265022277832,-0.34049084782600403,2.588899850845337
2,73519,-6.509469032287598,-17.18386459350586,-2.368579149246216,5.990977764129639
2,73519,30.089527130126953,12.192252159118652,-2.0655229091644287,11.995529174804688
2,73519,-6.079046249389648,-3.7335739135742188,15.392230987548828,-7.47899055480957
2,73520,-22.49764060974121,-21.716041564941406,10.607771873474121,-2.9042487144470215
2,73520,16.422130584716797,33.87044906616211,-9.013680458068848,-14.097699165344238
2,73520,11.58816146850586,-8.623369216918945,-19.222341537475586,-22.734878540039062
2,73520,-21.51957130432129,-37.49994659423828,5.014761447906494,5.667527198791504
2,73520,-1.2271767854690552,23.754419326782227,16.64111328125,9.970565795898438
2,73520,25.5782470703125,9.070341110229492,-7.690604209899902,-4.887904167175293
2,73521,16.142959594726562,-19.33336067199707,-17.821802139282227,-1.2296665906906128
2,73521,-23.995271682739258,-5.06800651550293,3.7234907150268555,22.220542907714844
2,73521,-30.88134002685547,22.749176025390625,21.266544342041016,1.3670425415039062
2,73521,13.593214988708496,18.50611114501953,-7.488759994506836,-1.3867963552474976
2,73521,23.050065994262695,-16.6352481842041,-19.816837310791016,15.531697273254395
2,73521,-13.391069412231445,-10.169424057006836,6.772717475891113,-14.753479957580566
2,73522,-1.1322928667068481,6.848492622375488,3.887681484222412,9.539529800415039
2,73522,20.34064483642578,10.574540138244629,14.436105728149414,24.19209098815918
2,73522,-0.6106192469596863,7.0200347900390625,8.614973068237305,-11.727653503417969
2,73522,-7.972469806671143,0.18448853492736816,-14.745539665222168,-1.3328109979629517
2,73522,1.2475638389587402,-13.587747573852539,-14.152417182922363,0.8676597476005554
2,73524,-16.77611541748047,21.634654998779297,-9.434412956237793,-12.950568199157715
2,73524,-10.94571590423584,49.73714828491211,23.856136322021484,2.1530795097351074
2,73524,29.132604598999023,-4.948929309844971,16.40679931640625,-2.608020544052124
2,73524,2.6533732414245605,-30.123125076293945,-0.9015076160430908,-10.066304206848145
2,73524,-25.12104034423828,20.57459831237793,7.88109016418457,-9.390162467956543
2,73524,-10.498746871948242,45.15320587158203,-4.7690839767456055,4.7440972328186035
2,73525,5.076748371124268,-12.606281280517578,-6.0590949058532715,16.553388595581055
2,73525,14.119978904724121,-38.141605377197266,-1.5720704793930054,-13.083093643188477
2,73525,-22.887189865112305,-11.715277671813965,0.1430569738149643,-8.909736633300781
2,73526,-95.02320098876953,17.10175132751465,-23.282848358154297,-44.91488265991211
2,73527,-76.40737915039062,-12.649733543395996,-34.53998565673828,-61.14029312133789
2,73530,194.20875549316406,-196.55197143554688,-38.407752990722656,117.4100570678711
2,73532,323.45440673828125,-235.053466796875,-12.612258911132812,140.31436157226562
2,73534,183.07212829589844,11.368376731872559,64.91731262207031,-35.63437271118164
2,73536,-16.773147583007812,147.9968719482422,75.9005355834961,-37.45075988769531
2,73538,-329.86041259765625,165.5386505126953,12.397540092468262,-11.456465721130371
2,73540,-221.5117645263672,77.22699737548828,-38.972259521484375,-20.551259994506836
2,73542,30.454662322998047,-44.77762985229492,-19.532699584960938,-33.290863037109375
2,73544,-0.3839094936847687,41.09713363647461,14.626020431518555,-47.48231506347656
2,73546,-134.42349243164062,187.91656494140625,9.729558944702148,-8.033201217651367
2,73548,-151.0181884765625,45.31999206542969,0.05043790116906166,31.016382217407227
2,73550,215.2667694091797,-252.41018676757812,-49.570587158203125,42.10957336425781
2,73552,266.4390869140625,-169.55169677734375,-54.84064483642578,19.179731369018555
2,73554,110.0152816772461,21.736780166625977,59.27122116088867,39.265377044677734
2,73556,-14.0810546875,60.905216217041016,67.294677734375,-22.003591537475586
2,73559,-285.0511779785156,118.57281494140625,3.9219095706939697,-95.92432403564453
2,73560,-103.28517150878906,38.85739517211914,-20.25304412841797,-7.924379825592041
2,73563,146.80349731445312,-50.12120819091797,-26.3167724609375,59.8099479675293
2,73564,56.71891403198242,32.75226593017578,12.230020523071289,23.251619338989258
2,73567,-142.24708557128906,70.90313720703125,18.513530731201172,-50.0698127746582
2,73568,-179.2487335205078,20.817731857299805,-21.557113647460938,-35.869293212890625
2,73571,183.69371032714844,-135.67144775390625,-58.79657745361328,68.71920776367188
2,73572,260.7545471191406,-192.3324432373047,-22.103586196899414,47.14744186401367
2,73573,18.378936767578125,4.776941299438477,40.32173538208008,-30.23750114440918
2,73576,-60.246376037597656,143.8040771484375,71.69609832763672,-43.88441467285156
2,73577,-112.04109954833984,108.23014068603516,25.25937271118164,-31.662668228149414
2,73770,-178.72622680664062,-68.15669250488281,-147.16236877441406,34.41564178466797
2,73770,15.244660377502441,-136.72093200683594,-85.02074432373047,68.19734954833984
2,73771,291.9310302734375,-33.64329147338867,111.05796813964844,24.766239166259766
2,73771,98.49962615966797,4.542606353759766,42.7698860168457,-10.439217567443848
2,73771,-118.86198425292969,43.654903411865234,4.649500370025635,-26.06660270690918
2,73771,-120.66596221923828,109.1531982421875,36.735557556152344,-45.14997482299805
2,73771,-116.31499481201172,70.58944702148438,-23.596599578857422,-27.855850219726562
2,73772,-57.40315628051758,5.322009563446045,-26.989532470703125,19.2155818939209
2,73772,16.444448471069336,-8.28128719329834,7.048623561859131,19.040742874145508
2,73772,103.4227523803711,-71.36195373535156,3.9702069759368896,-13.560978889465332
2,73772,150.19412231445312,-112.62067413330078,-19.293132781982422,16.94918441772461
2,73772,127.19275665283203,-45.43229675292969,1.9145091772079468,51.12375259399414
2,73772,51.21860885620117,19.54359245300293,52.61996841430664,1.9999115467071533
2,73773,-11.559998512268066,34.4069938659668,24.932825088500977,-21.979984283447266
2,73773,-52.65354537963867,54.01848220825195,-15.07320785522461,-10.443562507629395
2,73773,-115.84614562988281,75.35493469238281,9.421772956848145,-4.1299028396606445
2,73773,-115.52892303466797,68.00213623046875,8.745893478393555,-27.14725112915039
2,73773,-41.53017807006836,42.54130554199219,-21.223051071166992,-56.95759582519531
2,73773,-4.729170322418213,-16.56650161743164,-12.721817016601562,-6.402958393096924
2,73774,22.56188201904297,-65.77066040039062,-23.967134475708008,11.774940490722656
2,73774,58.23627471923828,-61.15371322631836,-15.797042846679688,25.266971588134766
2,73774,68.27781677246094,-12.554564476013184,19.88807487487793,26.425750732421875
2,73774,32.58937072753906,4.96796989440918,16.392728805541992,-21.417495727539062
2,73774,-26.68783950805664,-3.0367000102996826,10.783257484436035,-6.602288246154785
2,73774,-55.452518463134766,34.44337844848633,2.6440272331237793,2.231454849243164
2,73775,-67.26322174072266,59.14105987548828,10.131275177001953,-0.8072823882102966
2,73775,-64.70935821533203,42.97532272338867,-1.8157122135162354,-8.86023235321045
2,73775,-34.79279327392578,13.323739051818848,-22.724119186401367,-18.322416305541992
2,73775,10.985761642456055,-15.959999084472656,8.775802612304688,22.337968826293945
2,73775,33.23242950439453,-43.57312774658203,-13.772659301757812,22.19585418701172
2,73775,34.65287780761719,-36.328224182128906,-20.970932006835938,1.561972975730896
2,73776,50.654014587402344,-14.395284652709961,25.809179306030273,15.751435279846191
2,73776,33.7572135925293,-15.530120849609375,14.931282043457031,10.62435531616211
2,73776,-12.03389835357666,10.254799842834473,-1.9471911191940308,7.007278919219971
2,73776,-24.901954650878906,27.22845458984375,-1.8649269342422485,0.9948071241378784
2,73776,-30.32741928100586,14.606633186340332,0.887445330619812,-16.697721481323242
2,73777,-26.525251388549805,3.8807640075683594,-6.7087531089782715,-23.100614547729492
2,73777,-7.7783308029174805,-8.000423431396484,-17.550640106201172,-20.623239517211914
2,73777,-7.4888176918029785,-7.862857818603516,-21.680688858032227,-14.910289764404297
2,73777,14.701238632202148,-26.725656509399414,-15.120514869689941,27.969141006469727
2,73777,36.4404411315918,-42.651519775390625,12.342583656311035,18.621322631835938
2,73777,0.5464131832122803,-20.55571937561035,23.917484283447266,-22.33616065979004
2,73778,7.370396614074707,17.936359405517578,13.588774681091309,-2.370499610900879
2,73778,27.17893409729004,18.7827091217041,-12.819663047790527,-5.415820598602295
2,73778,-6.807981014251709,14.070756912231445,-19.136852264404297,20.36152458190918
2,73778,-23.158273696899414,28.811479568481445,2.831043004989624,8.003334045410156
2,73778,-31.263809204101562,4.970966339111328,23.69523811340332,-29.13254165649414
2,73778,-30.608963012695312,14.216468811035156,6.272684097290039,24.50050163269043
2,73779,18.429777145385742,30.508743286132812,-26.916954040527344,31.977394104003906
2,73779,24.48850440979004,-17.88763427734375,15.589922904968262,-12.904378890991211
2,73779,-4.0381388664245605,-42.173919677734375,5.371184825897217,-7.284353256225586
2,73779,25.271320343017578,-22.80193328857422,-21.789451599121094,8.786234855651855
2,73779,36.983673095703125,15.850969314575195,11.230649948120117,3.863269805908203
2,73779,-3.9472615718841553,27.839086532592773,-1.6016920804977417,-4.8378682136535645
2,73780,-34.878936767578125,-6.042237281799316,4.908318042755127,-4.500788688659668
2,73780,-9.665610313415527,-17.7154598236084,6.997707366943359,-11.290461540222168
2,73780,1.2590961456298828,-0.41653433442115784,-15.740760803222656,-19.081342697143555
2,73780,-20.324859619140625,1.0305312871932983,-15.585928916931152,2.458489418029785
2,73780,-10.424152374267578,4.324671745300293,6.988949298858643,5.4393110275268555
2,73780,15.279309272766113,10.710679054260254,10.457554817199707,1.6662236452102661
2,73781,17.8842716217041,-18.1076602935791,-14.101482391357422,6.176560401916504
2,73781,8.140015602111816,-19.50184440612793,-2.568542957305908,-0.16774459183216095
2,73781,-3.852055549621582,-8.093724250793457,18.71685028076172,-12.202195167541504
2,73781,-1.7570490837097168,13.054429054260254,10.490520477294922,0.6826845407485962
2,73781,21.51723861694336,25.37188148498535,-6.400294780731201,10.355267524719238
2,73781,-7.859768867492676,-10.518380165100098,2.8159871101379395,5.455404758453369
2,73782,-31.55596923828125,9.73823356628418,2.616907835006714,14.544356346130371
2,73782,13.844626426696777,12.293367385864258,-10.062507629394531,-13.87551212310791
2,73782,7.5705180168151855,-39.457298278808594,-2.3512539863586426,1.3071683645248413
2,73782,-8.305848121643066,-0.030424563214182854,-1.6756819486618042,32.847015380859375
2,73782,23.299606323242188,25.891902923583984,-8.021923065185547,-11.366374969482422
2,73782,6.89730978012085,-21.951868057250977,2.5793652534484863,-24.633947372436523
2,73783,-15.084063529968262,-14.338650703430176,10.8854398727417,12.194143295288086
2,73783,2.619572639465332,12.912925720214844,0.26902952790260315,21.974056243896484
2,73783,9.170858383178711,7.392938137054443,-7.954655647277832,-7.838624000549316
2,73783,-12.359978675842285,-3.826932191848755,6.647409439086914,-19.50067138671875
2,73783,-14.980903625488281,14.131147384643555,12.255827903747559,-25.81794548034668
2,73783,10.371692657470703,28.883197784423828,-8.27561092376709,-8.579416275024414
2,73784,-2.1085808277130127,-7.187411785125732,-3.7883694171905518,33.112770080566406
2,73784,-9.02916145324707,-3.065886974334717,7.333992004394531,10.753974914550781
2,73784,6.911860942840576,30.65496063232422,19.728195190429688,-18.163827896118164
2,73784,-6.762285232543945,25.233741760253906,-0.6842886209487915,-17.464235305786133
2,73784,7.545837879180908,-6.863511085510254,-17.124217987060547,4.198552131652832
2,73784,-7.920932769775391,-23.942935943603516,0.3155771493911743,18.736530303955078
2,73785,-24.795642852783203,7.345993995666504,-4.742097854614258,-11.849995613098145
2,73785,9.9072847366333,5.690103530883789,1.953433632850647,2.274582862854004
2,73785,-7.510801792144775,-27.938766479492188,-2.0383927822113037,16.95716667175293
2,73785,-9.044462203979492,-24.278860092163086,-0.39725232124328613,-13.743245124816895
2,73785,12.493057250976562,9.227486610412598,6.2247819900512695,-23.085451126098633
2,73785,-10.98879623413086,9.658425331115723,-16.147977828979492,-19.75887107849121
2,73786,-11.431854248046875,-18.087711334228516,0.53770512342453,3.104130983352661
2,73786,16.474403381347656,-22.262889862060547,20.013511657714844,4.5904645919799805
2,73786,13.014445304870605,-10.677349090576172,-22.659801483154297,1.7431130409240723
2,73786,-0.8194614052772522,-1.4651042222976685,-22.47467041015625,16.17048454284668
2,73786,-13.509355545043945,5.3958587646484375,15.24357795715332,-7.192637920379639
2,73786,-3.5063273906707764,1.662490963935852,-4.214178085327148,-1.5140845775604248
2,73788,21.9212703704834,-49.17616653442383,-33.40950393676758,35.44477081298828
2,73788,14.920000076293945,-25.03990364074707,-17.920183181762695,24.135908126831055
2,73788,30.35900115966797,39.04629135131836,9.853203773498535,-1.737425446510315
2,73788,23.429595947265625,-7.323450088500977,8.939340591430664,-6.512733459472656
2,73788,-11.506431579589844,-31.951107025146484,7.70912504196167,15.581257820129395
2,73789,11.612508773803711,3.5684492588043213,14.712162971496582,8.740507125854492
2,73789,29.163070678710938,8.69471549987793,3.069708824157715,-24.351097106933594
2,73789,17.285903930664062,-9.056686401367188,0.35168373584747314,4.504991054534912
2,73789,-2.061436176300049,-4.723080635070801,30.58138656616211,14.729696273803711
2,73790,76.22254943847656,-63.085514068603516,20.901044845581055,37.00364303588867
2,73792,198.50833129882812,-121.12415313720703,-40.07284927368164,67.31831359863281
2,73795,163.7695770263672,16.393495559692383,53.058040618896484,-49.43325424194336
2,73796,-82.19361877441406,159.53831481933594,119.63980102539062,-107.48705291748047
2,73799,-357.2999572753906,125.57719421386719,-60.904293060302734,-5.32725715637207
2,73800,-199.722900390625,47.283477783203125,-88.86560821533203,23.24455451965332
2,73803,47.40720748901367,24.577116012573242,29.523513793945312,-20.872323989868164
2,73804,-21.968629837036133,75.80680847167969,46.79499816894531,-11.95605754852295
2,73807,-181.77780151367188,105.3518295288086,-44.65810012817383,-44.18400573730469
2,73808,-134.6459503173828,-65.06283569335938,-102.22712707519531,-36.26229476928711
2,73809,175.74545288085938,-189.37503051757812,-2.3143413066864014,93.37303161621094
2,73812,356.4884948730469,-179.49221801757812,22.820096969604492,101.5014419555664
2,73813,217.3283233642578,-107.22505950927734,2.6280298233032227,2.894230365753174
2,73816,-128.6626434326172,125.0451431274414,65.83031463623047,-56.94179916381836
2,73817,-192.06666564941406,150.5997772216797,39.466609954833984,-22.232736587524414
2,73820,-54.749332427978516,10.481060981750488,-59.30693435668945,-29.590280532836914
2,73821,9.614078521728516,-30.222213745117188,-29.71637725830078,-58.15674591064453
2,73824,63.221534729003906,48.74144744873047,51.20171356201172,51.873130798339844
2,73825,-83.29685974121094,133.47146606445312,25.992753982543945,9.537802696228027
2,73828,-173.779296875,-22.257606506347656,-62.74721145629883,-39.57371520996094
2,73829,17.506502151489258,-145.92564392089844,-56.4737434387207,68.53558349609375
2,73832,305.4934387207031,-152.19076538085938,17.303672790527344,35.11866760253906
2,73833,225.3755340576172,-69.36186218261719,22.464004516601562,-18.32790756225586
2,73836,-184.26583862304688,186.4627227783203,47.068729400634766,-10.587979316711426
2,73837,-197.06529235839844,143.82479858398438,41.51899719238281,-23.67889404296875
2,73840,-24.860065460205078,-114.10905456542969,-55.298439025878906,1.0531567335128784
2,73841,49.82415008544922,-89.01715850830078,-47.10548782348633,34.64626693725586
2,74036,313.6184997558594,-92.35490417480469,50.74454879760742,55.19838333129883
2,74036,210.67433166503906,-58.24833297729492,42.84648895263672,34.80629348754883
2,74036,-272.54730224609375,162.1534423828125,-0.17415402829647064,-62.1469841003418
2,74037,-244.9119415283203,138.39743041992188,11.502710342407227,-90.09403991699219
2,74037,-71.41246795654297,52.082969665527344,-30.773527145385742,-33.90439224243164
2,74037,-96.13106536865234,20.6417236328125,-47.0172233581543,10.790178298950195
2,74037,-24.091571807861328,-55.31354522705078,7.184914588928223,20.585603713989258
2,74037,56.40810012817383,-54.927730560302734,-17.77178382873535,-1.615336298942566
2,74038,110.78732299804688,-66.11715698242188,-42.2278938293457,18.308578491210938
2,74038,93.1710205078125,-88.94601440429688,10.127293586730957,33.49312973022461
2,74038,18.16145896911621,-21.67769432067871,43.93943786621094,-4.638208389282227
2,74038,-7.73599100112915,68.12577056884766,22.87412452697754,-33.29006576538086
2,74038,-37.704715728759766,81.87871551513672,-17.795398712158203,-21.23851203918457
2,74038,-77.06534576416016,41.2440185546875,6.612444877624512,1.3653992414474487
2,74039,-76.5905990600586,23.661659240722656,35.337833404541016,3.014528751373291
2,74039,-31.607147216796875,40.159080505371094,-9.13814926147461,5.51794958114624
2,74039,27.97339630126953,0.9196977019309998,-26.11073112487793,11.977804183959961
2,74039,62.25433349609375,-44.91438674926758,6.408116340637207,17.371826171875
2,74039,82.029296875,-48.49043655395508,-3.579371690750122,23.7043514251709
2,74039,63.175865173339844,-38.267948150634766,-28.429637908935547,17.133922576904297
2,74040,11.648568153381348,-7.414378643035889,0.8298037052154541,-2.5482711791992188
2,74040,-35.46864318847656,15.030167579650879,22.450241088867188,-0.8070113062858582
2,74040,-38.58699035644531,31.212169647216797,26.364288330078125,-16.747785568237305
2,74040,-26.161483764648438,14.533084869384766,-0.047086283564567566,-31.654434204101562
2,74040,-50.62933349609375,9.501429557800293,-28.622718811035156,-1.0373222827911377
2,74040,-26.52300262451172,42.53662109375,-0.4252915680408478,1.7064014673233032
2,74041,27.667518615722656,2.332658290863037,22.020124435424805,6.136534214019775
2,74041,32.85718536376953,-44.120182037353516,7.034911155700684,1.7188791036605835
2,74041,50.234012603759766,-34.415077209472656,-45.49869155883789,-3.921165943145752
2,74041,21.401269912719727,-49.2592658996582,-24.150056838989258,10.467520713806152
2,74041,-16.05765151977539,-17.382341384887695,38.501007080078125,0.7558834552764893
2,74041,10.840147018432617,38.94707107543945,17.94980239868164,-9.792603492736816
2,74042,-15.07177734375,32.4594841003418,3.9447195529937744,-13.102339744567871
2,74042,-32.76972961425781,-2.995436906814575,-0.9857863187789917,-14.580652236938477
2,74042,-25.63249969482422,-19.09842300415039,-17.38667106628418,-2.5822811126708984
2,74042,-28.55662727355957,16.945261001586914,-1.3269866704940796,9.766989707946777
2,74042,7.976010799407959,30.451330184936523,4.168128490447998,-6.935728073120117
2,74043,41.60801315307617,-16.58305549621582,-13.701454162597656,6.293849945068359
2,74043,19.73261260986328,-23.32874298095703,1.205195665359497,27.471712112426758
2,74043,8.191082000732422,21.343454360961914,26.127986907958984,10.104491233825684
2,74043,14.234274864196777,26.991559982299805,12.305549621582031,1.1471774578094482
2,74043,2.9715514183044434,13.68295669555664,-9.70841121673584,-7.213071823120117
2,74043,-4.3610711097717285,17.66312026977539,1.799299955368042,1.1662180423736572
2,74044,-19.34210968017578,29.047611236572266,6.213189125061035,2.9531538486480713
2,74044,-21.634761810302734,13.283538818359375,-5.600831985473633,-19.536724090576172
2,74044,-23.733688354492188,-23.980371475219727,-1.226097583770752,-0.944957971572876
2,74044,-6.144968509674072,-24.15326690673828,1.194880723953247,30.594377517700195
2,74044,1.9040162563323975,-5.981120586395264,-7.805356025695801,-10.124931335449219
2,74044,-3.7263388633728027,-27.04787254333496,-9.38648509979248,-24.957063674926758
2,74045,16.126319885253906,-38.38846206665039,9.752631187438965,36.75834274291992
2,74045,1.7833348512649536,16.702783584594727,-2.1083438396453857,10.514774322509766
2,74045,0.5083529353141785,6.841167449951172,-17.290836334228516,-33.71590042114258
2,74045,-0.005347440950572491,-15.624009132385254,-2.677154779434204,-0.6666757464408875
2,74045,-24.98632049560547,8.112478256225586,-13.877121925354004,8.274782180786133
2,74045,-24.65660858154297,-26.559398651123047,-12.106400489807129,-3.682110071182251
2,74046,-3.991082191467285,-3.9258999824523926,11.335599899291992,4.1265869140625
2,74046,25.182636260986328,26.036808013916016,4.207165718078613,24.064716339111328
2,74046,30.895689010620117,-22.042577743530273,5.278173923492432,5.715583801269531
2,74046,7.903532981872559,-30.729263305664062,6.787700176239014,-3.1701204776763916
2,74046,-13.080301284790039,1.6941678524017334,-14.94546890258789,0.3348037600517273
2,74046,17.0373477935791,0.5541833639144897,6.106292247772217,-25.633195877075195
2,74047,28.970977783203125,-19.147363662719727,1.8549529314041138,9.92733097076416
2,74047,-3.0690243244171143,-13.377348899841309,-11.887145042419434,13.854780197143555
2,74047,-6.030913352966309,8.374045372009277,21.937850952148438,-18.838956832885742
2,74047,17.290098190307617,22.024215698242188,5.572474002838135,-10.018854141235352
2,74047,14.669581413269043,-0.5893797278404236,-22.178083419799805,-7.9487223625183105
2,74047,-7.650639533996582,6.866007328033447,-4.019617080688477,17.330724716186523
2,74048,0.1928086280822754,15.145711898803711,11.111469268798828,14.024113655090332
2,74048,12.345577239990234,-15.619378089904785,10.848163604736328,-34.79679489135742
2,74048,13.68248176574707,-35.898685455322266,-7.537027359008789,-6.685625076293945
2,74048,6.091538906097412,-1.4328587055206299,-4.305697917938232,33.48120880126953
2,74048,1.0527257919311523,29.587732315063477,36.430931091308594,-7.637896537780762
2,74048,-1.4596524238586426,-1.8418214321136475,-2.677013397216797,-23.098695755004883
2,74049,1.1943244934082031,-8.787342071533203,-28.601669311523438,10.393604278564453
2,74049,3.6646485328674316,3.5137224197387695,20.39049530029297,24.53815269470215
2,74049,-9.20893383026123,9.264652252197266,-3.1721527576446533,10.917943954467773
2,74049,-8.925562858581543,4.610805988311768,-21.99152946472168,-6.567272186279297
2,74049,5.029908180236816,-4.81614351272583,13.86426830291748,-14.06667709350586
2,74049,17.22907257080078,-4.3782782554626465,-1.5476847887039185,-11.564543724060059
2,74050,24.44436264038086,5.58428955078125,-29.92606544494629,5.5684685707092285
2,74050,-10.760540962219238,-11.49238395690918,-5.570365905761719,22.01158332824707
2,74050,-21.758289337158203,-23.7910099029541,14.03526496887207,1.4003301858901978
2,74050,12.165925979614258,14.339756965637207,19.690858840942383,-5.416240692138672
2,74050,2.8486809730529785,26.81674575805664,1.3225246667861938,0.5610869526863098
2,74051,8.45596981048584,-10.882149696350098,-21.896991729736328,-6.646107196807861
2,74051,2.2881548404693604,-24.009052276611328,8.301222801208496,1.5816724300384521
2,74051,-19.668758392333984,-2.226764678955078,27.276390075683594,-15.267487525939941
2,74051,10.467142105102539,14.874723434448242,1.7986668348312378,-7.935213088989258
2,74051,30.003957748413086,16.032100677490234,-18.220067977905273,8.33307933807373
2,74051,-12.352557182312012,-13.046341896057129,14.006263732910156,-1.1688717603683472
2,74051,-22.19141387939453,-15.366291999816895,21.480680465698242,0.6558961868286133
2,74052,28.73592185974121,5.474277973175049,-7.7654128074646,-1.0957187414169312
2,74052,13.841889381408691,19.28703498840332,-2.368302822113037,10.4303560256958
2,74052,-23.56801986694336,25.76845359802246,7.975951671600342,-2.15950083732605
2,74052,-7.962364196777344,-3.5419344902038574,0.5265017747879028,0.27251383662223816
2,74052,-4.206079006195068,4.863223075866699,-12.16245174407959,19.55158042907715
2,74052,-20.15033531188965,12.069646835327148,5.104080677032471,-5.799633979797363
2,74054,62.98560333251953,20.68743324279785,30.90181541442871,-0.3423316776752472
2,74054,44.85150909423828,36.39076232910156,10.261249542236328,11.434246063232422
2,74054,-106.1344223022461,-11.437179565429688,-10.067421913146973,-3.173851728439331
2,74054,-51.880615234375,-6.77895450592041,-10.710931777954102,-10.73554515838623
2,74054,29.79958724975586,8.836749076843262,-25.37533950805664,-23.6845645904541
2,74055,-25.977121353149414,-2.893817663192749,-9.194392204284668,-6.424243927001953
2,74055,-39.49214172363281,9.157550811767578,24.170211791992188,10.659845352172852
2,74055,4.7061896324157715,8.148365020751953,6.353628158569336,-12.181780815124512
2,74055,1.9413354396820068,-12.630501747131348,-19.7962589263916,-8.0988130569458
2,74056,-83.3829116821289,32.22998809814453,14.200601577758789,-29.51157569885254
2,74058,-117.15332794189453,73.57123565673828,-2.2301642894744873,-32.10807800292969
2,74060,-71.3907470703125,2.6401710510253906,-43.05895233154297,35.30813217163086
2,74062,-10.71782112121582,-32.47450637817383,-17.42414665222168,15.733184814453125
2,74064,-17.20987892150879,94.97348022460938,20.590303421020508,-53.76458740234375
2,74066,-69.8291015625,117.97111511230469,33.34046936035156,-15.434405326843262
2,74068,69.07351684570312,-208.58795166015625,-64.55271911621094,78.67875671386719
2,74070,230.81883239746094,-294.1173400878906,-80.24413299560547,57.70651626586914
2,74073,370.89691162109375,-103.87713623046875,42.3758544921875,29.220462799072266
2,74074,232.9805908203125,-16.7427921295166,61.072750091552734,10.60621452331543
2,74077,-261.88677978515625,151.67088317871094,72.62031555175781,-46.563560485839844
2,74078,-251.65274047851562,161.12557983398438,54.90230941772461,-23.455467224121094
2,74081,6.998419761657715,8.180695533752441,-74.80061340332031,-19.370206832885742
2,74082,8.097952842712402,-54.41352844238281,-73.84471130371094,16.307754516601562
2,74085,-65.34394073486328,113.28067779541016,58.53012466430664,-8.284875869750977
2,74086,-161.8579559326172,167.76046752929688,36.23267364501953,-86.32333374023438
2,74087,-43.79051971435547,-92.6453857421875,-66.5600357055664,34.97901916503906
2,74090,198.99310302734375,-203.43844604492188,-60.4522590637207,115.32393646240234
3,74091,229.40667724609375,-158.90231323242188,-3.1570065021514893,44.36189270019531
3,74094,133.6969451904297,13.305627822875977,76.72380828857422,-46.009281158447266
3,74095,-42.16917419433594,93.40939331054688,46.700599670410156,-48.78647994995117
3,74098,-264.1182556152344,80.83929443359375,-31.457033157348633,2.939422845840454
3,74099,-101.02142333984375,41.791378021240234,-3.2832794189453125,3.2822265625
3,74102,138.844970703125,-92.02462005615234,4.943090915679932,-21.15308380126953
3,74103,48.344852447509766,39.537025451660156,-3.816188335418701,-25.871479034423828
3,74106,-182.43626403808594,181.21144104003906,7.916824817657471,-12.899409294128418
3,74107,-171.27752685546875,19.319433212280273,-5.346348285675049,-13.449353218078613
3,74362,413.67816162109375,-344.57733154296875,-38.4936637878418,108.03038787841797
3,74364,346.8748474121094,-190.1578369140625,6.33821439743042,76.97126007080078
3,74367,-448.9538879394531,421.4204406738281,73.9218521118164,-142.5552215576172
3,74368,-323.41143798828125,187.8507537841797,-7.128934383392334,-77.84341430664062
3,74369,128.57357788085938,-212.97323608398438,-64.40813446044922,52.89310073852539
3,74372,87.55534362792969,-21.840959548950195,-18.886899948120117,45.86854553222656
3,74373,80.18937683105469,51.696590423583984,11.42540454864502,17.951457977294922
3,75344,-27.02740478515625,13.487746238708496,27.680057525634766,-49.796836853027344
3,75344,-144.76812744140625,27.21626091003418,30.3804874420166,-32.654624938964844
3,75344,5.365143299102783,18.752199172973633,0.791397213935852,22.96502113342285
3,75344,-57.52311706542969,69.03413391113281,-28.47610092163086,-32.041114807128906
3,75344,-153.6476593017578,55.66849136352539,-5.037077903747559,-26.233139038085938
3,75344,-8.085067749023438,-8.25175952911377,8.389196395874023,22.05810546875
3,75345,93.8432846069336,-77.04864501953125,-44.378753662109375,10.835466384887695
3,75345,149.96099853515625,-167.61151123046875,-50.7936897277832,31.189300537109375
3,75345,157.72689819335938,-142.5228729248047,20.77543067932129,51.18840789794922
3,75345,110.26068115234375,-59.78724670410156,20.006454467773438,42.19911575317383
3,75345,79.43760681152344,-0.8169638514518738,11.480046272277832,0.7191295027732849
3,75347,75.22330474853516,-56.639320373535156,15.72480297088623,30.70701789855957
3,75348,79.79060363769531,-104.6450424194336,-20.434192657470703,67.39768981933594
3,75349,45.097103118896484,22.279905319213867,3.991560697555542,-35.670284271240234
3,75352,52.20257568359375,122.09481048583984,59.662601470947266,-64.55120086669922
3,75353,-96.31438446044922,150.41311645507812,62.537628173828125,-28.05240821838379
3,75356,-358.0427551269531,147.70968627929688,-24.559768676757812,-44.51042175292969
3,75357,-150.85829162597656,-5.24323034286499,-57.044395446777344,-13.969181060791016
3,75360,139.11561584472656,-126.47697448730469,14.71544075012207,53.56953430175781
3,75361,42.89802169799805,37.808143615722656,11.022785186767578,-6.328468322753906
3,75364,-192.1455841064453,204.85276794433594,-14.425924301147461,-114.63174438476562
3,75365,-173.44635009765625,32.44656753540039,-11.000664710998535,-19.065710067749023
3,75368,202.01849365234375,-244.05511474609375,-54.36655807495117,129.28318786621094
3,75369,261.535888671875,-179.8655548095703,-33.450740814208984,67.21441650390625
3,75403,-355.98236083984375,406.2601623535156,107.1955337524414,-142.8675079345703
3,75403,-417.64068603515625,386.42236328125,73.99793243408203,-111.27653503417969
3,75404,281.276123046875,-345.8814697265625,-100.61528778076172,92.88300323486328
3,75404,282.8535461425781,-249.1288299560547,-50.25606155395508,74.44612121582031
3,75404,45.84978485107422,20.67598533630371,43.58563995361328,14.226181030273438
3,75404,116.47359466552734,-80.72288513183594,8.980009078979492,-0.4147945046424866
3,75404,32.82048034667969,-17.387943267822266,-5.887354850769043,-15.553606986999512
3,75405,-82.57644653320312,46.998958587646484,13.3905029296875,0.5749175548553467
3,75405,-99.34864044189453,32.975250244140625,11.972590446472168,-4.659671306610107
3,75405,-64.61788940429688,39.71818542480469,-19.66795539855957,-23.683670043945312
3,75405,-7.950223445892334,18.747676849365234,-31.400632858276367,-3.551877737045288
3,75405,24.654380798339844,-69.0169448852539,-0.43063855171203613,27.505084991455078
3,75405,45.72695541381836,-63.4146728515625,-4.689512252807617,26.72412109375
3,75405,109.64060974121094,-33.20840835571289,-37.58087158203125,17.261425018310547
3,75406,86.07089233398438,-41.480377197265625,4.979649066925049,2.9907562732696533
3,75406,26.390520095825195,-1.6685467958450317,44.769500732421875,4.207591533660889
3,75406,5.586699962615967,40.86922073364258,17.451051712036133,2.33046817779541
3,75407,11.000751495361328,-5.900820255279541,7.997946262359619,15.547794342041016
3,75407,-8.41666316986084,2.7573299407958984,17.533021926879883,10.637749671936035
3,75410,147.8895721435547,-62.335205078125,-6.223231792449951,10.46970272064209
3,75411,233.13742065429688,-94.82125854492188,-1.142136812210083,12.858475685119629
3,75414,-220.4303741455078,158.91656494140625,60.05059814453125,-59.27937316894531
3,75415,-322.9418029785156,132.69207763671875,11.63890266418457,-49.45571517944336
3,75418,-50.661094665527344,-6.327284336090088,-71.17723083496094,-14.87145709991455
3,75419,11.412410736083984,66.72177124023438,-15.775635719299316,1.605339765548706
3,75422,-46.18556594848633,80.76123046875,38.46860122680664,17.75154685974121
3,75423,-190.64300537109375,96.45182037353516,2.5135886669158936,-61.41093444824219
3,75426,-49.95652770996094,-75.64443969726562,-60.12624740600586,-17.826553344726562
3,75427,158.4129638671875,-202.58224487304688,-47.16102981567383,98.5676040649414
3,75430,252.76373291015625,-124.88209533691406,-8.726460456848145,54.14961242675781
3,75431,208.59780883789062,-45.12801742553711,41.13961410522461,-4.018869400024414
3,75478,-328.3565368652344,238.43276977539062,82.0197982788086,-71.30518341064453
3,75478,-327.6238708496094,141.3490753173828,-9.428903579711914,-54.11592483520508
3,75478,331.496337890625,-231.68502807617188,-54.40373229980469,83.84394836425781
3,75478,242.71510314941406,-121.39024353027344,0.8150074481964111,40.48235321044922
3,75479,-63.130001068115234,44.07392501831055,30.052770614624023,-15.147479057312012
3,75479,-25.679183959960938,48.54606628417969,39.4650993347168,-13.540952682495117
3,75479,-92.49029541015625,79.38319396972656,-0.7226997017860413,-50.068668365478516
3,75479,-132.1558837890625,81.9465560913086,-22.081233978271484,-27.924238204956055
3,75479,-83.5659408569336,52.489990234375,16.6015682220459,-6.621476173400879
3,75479,-41.685081481933594,1.3860386610031128,-23.385961532592773,-1.3076413869857788
3,75480,26.90031623840332,-39.64010238647461,-49.24834060668945,13.287920951843262
3,75480,94.15328979492188,-56.88380813598633,-2.2732510566711426,14.053872108459473
3,75480,104.0533447265625,-83.09934997558594,-10.924227714538574,21.66769790649414
3,75480,71.83409881591797,-59.49193572998047,2.194669723510742,43.62178039550781
3,75480,24.090709686279297,-1.6231907606124878,40.317626953125,9.337751388549805
3,75480,-7.368021488189697,43.27553176879883,6.489354610443115,-35.806304931640625
3,75481,-45.405364990234375,68.29519653320312,-20.877885818481445,-20.954896926879883
3,75481,-101.50206756591797,54.238582611083984,34.75591278076172,-4.8660054206848145
3,75481,-67.35662841796875,42.70655059814453,31.222198486328125,-32.6923713684082
3,75481,5.466851234436035,22.372997283935547,-52.723167419433594,-17.367778778076172
3,75481,19.32676124572754,-37.202327728271484,-33.56825256347656,56.24167251586914
3,75481,40.88151931762695,-39.51764678955078,22.511856079101562,34.95281982421875
3,75482,56.533504486083984,-18.67469596862793,2.8764612674713135,-20.24571990966797
3,75483,-45.20949935913086,-4.259410858154297,-17.23707389831543,-12.369991302490234
3,75483,-70.69503021240234,35.29627990722656,0.010799790732562542,14.293216705322266
3,75484,3.7823498249053955,-30.64881134033203,9.271278381347656,10.627485275268555
3,75486,8.142141342163086,-69.61737823486328,-21.457298278808594,-27.695772171020508
3,75488,206.6612091064453,-176.6729278564453,-55.00728225708008,33.5180549621582
3,75490,298.7667236328125,-195.60214233398438,15.742659568786621,96.57389068603516
3,75493,25.990942001342773,150.6730194091797,118.8487548828125,-8.11268424987793
3,75494,-195.04904174804688,220.04197692871094,48.92265701293945,-86.78218078613281
3,75497,-262.7289123535156,8.070021629333496,-58.189693450927734,-39.945213317871094
3,75498,-64.4249267578125,-23.241086959838867,-35.75851058959961,-8.250693321228027
3,75499,142.34397888183594,14.093482971191406,-3.656712770462036,5.795335292816162
3,75502,-44.16431427001953,127.1691665649414,30.31607437133789,-3.2530577182769775
3,75503,-198.6199951171875,153.74087524414062,48.076927185058594,-18.875471115112305
3,75506,-88.40216064453125,-107.03756713867188,-56.70192337036133,1.9396296739578247
3,75507,67.41949462890625,-179.01290893554688,-109.73481750488281,0.017778340727090836
3,75510,300.6013488769531,-109.62598419189453,10.167228698730469,51.04378128051758
3,75511,244.91517639160156,-40.751121520996094,82.8526840209961,46.852413177490234
3,75570,-252.5962677001953,116.76618957519531,-44.32497024536133,8.50710678100586
3,75570,-183.35887145996094,-8.315083503723145,-84.54452514648438,41.18593215942383
3,75570,249.39981079101562,-123.41651916503906,44.657711029052734,-3.8764257431030273
3,75570,174.7367401123047,-42.39165496826172,45.202335357666016,-31.779985427856445
3,75570,12.283632278442383,8.920310974121094,13.202141761779785,-1.554018497467041
3,75570,-38.087162017822266,66.16473388671875,49.359107971191406,-9.854676246643066
3,75571,-108.19125366210938,108.66395568847656,35.37788009643555,-50.49256896972656
3,75571,-139.26637268066406,95.88862609863281,-0.18772898614406586,-38.554683685302734
3,75571,-111.94746398925781,59.18165969848633,1.0393024682998657,-1.0126169919967651
3,75571,-55.123043060302734,54.69537353515625,-14.106097221374512,-8.474602699279785
3,75571,1.2822811603546143,-3.6686599254608154,-16.213298797607422,-9.641830444335938
3,75571,48.57482147216797,-85.86943817138672,12.118298530578613,-1.6346230506896973
3,75572,67.83244323730469,-61.888980865478516,-15.056981086730957,7.073175430297852
3,75572,90.1883544921875,-16.53955078125,-28.08431625366211,28.54526710510254
3,75572,48.892791748046875,3.1322977542877197,21.296337127685547,12.613798141479492
3,75572,-45.970916748046875,23.095436096191406,13.987140655517578,-18.06226921081543
3,75572,-85.70088195800781,20.763084411621094,-20.401533126831055,-11.399843215942383
3,75572,-79.27670288085938,44.666316986083984,10.400330543518066,-8.32715129852295
3,75573,-53.0892219543457,49.66996765136719,10.701041221618652,-10.29582691192627
3,75573,-34.71875,-7.656493663787842,-26.233686447143555,-0.384327232837677
3,75573,-1.9115426540374756,-31.551464080810547,-16.721181869506836,19.516321182250977
3,75573,52.46535110473633,-21.121034622192383,3.6360013484954834,10.291382789611816
3,75573,80.39761352539062,-31.127506256103516,6.919239521026611,0.8302034735679626
3,75574,42.534217834472656,-32.860374450683594,1.1151570081710815,26.19348907470703
3,75574,25.567413330078125,-30.037189483642578,-11.311285018920898,35.97636032104492
3,75574,1.858571171760559,-3.2005879878997803,9.105990409851074,-5.257016658782959
3,75574,-67.72708892822266,66.35778045654297,19.50605010986328,-40.63694381713867
3,75574,-62.19078063964844,35.992549896240234,-7.881367206573486,-1.7517842054367065
3,75574,-15.271724700927734,-20.825559616088867,-15.286979675292969,3.9241533279418945
3,75576,-65.36183166503906,8.668172836303711,-15.437044143676758,-52.168212890625
3,75576,-58.89973449707031,-1.1023846864700317,-12.636370658874512,-10.690346717834473
3,75576,105.46829223632812,-31.782026290893555,13.79454231262207,52.21195602416992
3,75577,57.896644592285156,-8.453781127929688,21.39579963684082,-7.850345134735107
3,75580,-105.5184555053711,29.533206939697266,-16.957639694213867,-16.778133392333984
3,75581,-16.521514892578125,78.66883087158203,-14.94706916809082,15.874475479125977
3,75584,-69.1479721069336,73.92023468017578,6.897835731506348,-47.68529510498047
3,75585,-97.8100357055664,-68.39772033691406,-45.04555130004883,-12.881972312927246
3,75588,335.7965087890625,-248.73187255859375,-49.384666442871094,113.50951385498047
3,75589,376.4484558105469,-177.93206787109375,38.863563537597656,72.03168487548828
3,75592,48.0677604675293,116.11732482910156,98.86483764648438,-24.147310256958008
3,75593,-109.89588928222656,136.32586669921875,43.791786193847656,-50.64443588256836
3,75596,-270.6619567871094,33.83601379394531,-27.273910522460938,-61.08013153076172
3,75597,-127.34294128417969,41.2637825012207,-13.117170333862305,-4.311748504638672
3,75600,99.62650299072266,-14.817499160766602,-10.03531265258789,30.76366424560547
3,75601,12.491049766540527,64.6978530883789,12.663947105407715,-17.40298080444336
3,75604,-172.09226989746094,114.17825317382812,12.891768455505371,-35.50330352783203
3,75605,-144.80673217773438,-96.02484893798828,-58.527366638183594,-1.5598647594451904
3,75676,320.26776123046875,-185.1448516845703,9.325528144836426,51.1126594543457
3,75677,226.68287658691406,11.742496490478516,56.69793701171875,34.951175689697266
3,75677,-325.8473205566406,141.55015563964844,-28.467613220214844,-37.45671463012695
3,75677,-75.72142791748047,6.7400803565979,-27.085403442382812,-12.584940910339355
3,75677,173.85751342773438,-103.98418426513672,-14.95401668548584,40.29764938354492
3,75677,50.286155700683594,-75.20629119873047,-0.32895153760910034,9.99926471710205
3,75677,80.72480773925781,-23.458158493041992,-0.9655154943466187,4.446982383728027
3,75678,64.22355651855469,4.250875949859619,-8.931365013122559,23.491777420043945
3,75678,-28.942785263061523,16.158218383789062,46.81718826293945,-23.33875846862793
3,75678,-92.98517608642578,68.94307708740234,30.893054962158203,-29.998645782470703
3,75678,-112.501708984375,95.51172637939453,-24.665800094604492,5.22326135635376
3,75678,-81.97099304199219,69.8424072265625,-4.021358966827393,-18.032747268676758
3,75678,-52.05929183959961,13.521466255187988,-4.816037178039551,-22.604778289794922
3,75679,-8.677404403686523,-43.78469467163086,-38.22435760498047,3.855661392211914
3,75679,47.45346450805664,-43.167884826660156,6.736275672912598,8.732613563537598
3,75679,88.89814758300781,-54.69047927856445,24.29507827758789,22.22945213317871
3,75679,78.40027618408203,-48.021915435791016,-7.00855016708374,24.855920791625977
3,75679,33.27556228637695,1.8504221439361572,11.839127540588379,-3.9643049240112305
3,75679,6.277059555053711,8.70424747467041,4.998039245605469,-20.009273529052734
3,75680,-36.7194938659668,45.331199645996094,-4.198314189910889,-10.113088607788086
3,75680,-84.88084411621094,57.93546676635742,16.987674713134766,-7.450008392333984
3,75680,-71.24614715576172,8.925008773803711,-15.676124572753906,-15.228103637695312
3,75680,10.314545631408691,9.815530776977539,-27.567363739013672,2.608713150024414
3,75680,23.9517879486084,-5.094938278198242,-7.513037204742432,18.783092498779297
3,75680,4.238961696624756,-25.66975212097168,2.0635554790496826,6.663707733154297
3,75681,54.08475875854492,-23.873783111572266,7.043677806854248,-8.077859878540039
3,75681,59.79305648803711,-30.940561294555664,5.865758895874023,-0.06141737103462219
3,75681,9.00090217590332,11.518034934997559,-2.165890693664551,15.342503547668457
3,75681,-22.044174194335938,9.877925872802734,9.909252166748047,-8.826765060424805
3,75681,-33.361412048339844,8.420975685119629,31.794633865356445,-17.906330108642578
3,75681,-36.86442565917969,55.52262496948242,-2.9842262268066406,-15.86496639251709
3,75682,-31.743471145629883,18.792530059814453,-35.018463134765625,-15.727582931518555
3,75682,-31.361957550048828,-15.024984359741211,-12.945525169372559,-1.2450833320617676
3,75682,-27.14476776123047,-8.61829662322998,29.164165496826172,5.235495567321777
3,75682,20.158681869506836,-28.966732025146484,7.458277702331543,10.040387153625488
3,75683,-2.431988477706909,-17.572378158569336,-42.8525505065918,11.212419509887695
3,75684,-10.478825569152832,-4.263132095336914,-12.258893013000488,12.41482162475586
3,75684,61.76190185546875,-37.281829833984375,17.97998046875,16.16377067565918
3,75684,24.111236572265625,-19.799537658691406,11.579379081726074,11.039710998535156
3,75685,-6.6228461265563965,-63.27472686767578,-19.151947021484375,25.44281578063965
3,75688,179.80364990234375,-196.21075439453125,-76.95470428466797,57.13127136230469
3,75689,280.26593017578125,-123.86837005615234,-13.034245491027832,33.3736572265625
3,75692,92.39274597167969,107.10559844970703,116.5798110961914,-17.09074592590332
3,75693,-125.56909942626953,168.42501831054688,77.33817291259766,-55.4539680480957
3,75696,-290.37188720703125,122.7105941772461,-27.52733612060547,-49.43657684326172
3,75697,-145.92735290527344,88.87738800048828,-15.570246696472168,-9.427661895751953
3,75700,44.73859405517578,-16.544946670532227,-9.843145370483398,-9.729084968566895
3,75701,-49.510398864746094,-4.235829830169678,-9.01049518585205,-15.622574806213379
3,75704,-179.94398498535156,142.84518432617188,4.712429523468018,-26.50434684753418
3,75705,-114.30999755859375,35.863182067871094,-21.22108268737793,-3.252470016479492
3,75708,238.78042602539062,-262.9060974121094,-49.75595474243164,75.1602554321289
3,75709,251.33921813964844,-226.96939086914062,-39.06113052368164,44.75478744506836
3,75712,60.90800857543945,136.31195068359375,77.6220474243164,-46.85121154785156
3,75713,-6.391929626464844,166.82949829101562,71.5944595336914,-35.87139129638672
3,75795,-182.6775665283203,-63.5139045715332,-43.53227615356445,-0.8017666339874268
3,75795,-36.71445083618164,-60.140159606933594,-30.07628059387207,8.12337589263916
3,75795,175.76861572265625,-36.13083267211914,14.549712181091309,29.837390899658203
3,75795,76.5682601928711,-25.735877990722656,17.49673843383789,15.757875442504883
3,75795,-62.087772369384766,76.97874450683594,11.891063690185547,-4.747114181518555
3,75796,-129.56871032714844,104.603271484375,19.503761291503906,-34.02560043334961
3,75796,-118.372802734375,81.13211059570312,-1.3474594354629517,-45.528892517089844
3,75796,-115.47834014892578,44.451927185058594,-12.264408111572266,-2.671298027038574
3,75796,-59.67527770996094,3.679288864135742,-7.711840629577637,20.990386962890625
3,75796,28.358497619628906,-47.83702850341797,-30.90131378173828,12.023512840270996
3,75797,73.84982299804688,-102.0208740234375,-25.31559181213379,15.836148262023926
3,75797,109.15364837646484,-47.10213088989258,-11.199491500854492,12.496665954589844
3,75797,98.9310531616211,-9.94681167602539,15.312128067016602,-5.635650634765625
3,75797,65.28750610351562,-31.702177047729492,13.973215103149414,17.37257194519043
3,75797,-2.131265640258789,11.769815444946289,1.9663797616958618,-0.9904282689094543
3,75797,-82.51683807373047,54.3118782043457,38.26996994018555,-34.83580017089844
3,75798,-77.81971740722656,46.0629768371582,25.33468246459961,-3.30770206451416
3,75798,-46.01505661010742,25.574567794799805,-18.01337242126465,17.7583065032959
3,75798,-38.346038818359375,17.6607666015625,-36.021846771240234,5.290067195892334
3,75798,23.361370086669922,7.851776599884033,-33.31760025024414,-15.150511741638184
3,75798,57.66381072998047,-31.782373428344727,-5.760313987731934,4.422458171844482
3,75798,50.062583923339844,-61.28469467163086,20.00056266784668,45.35271453857422
3,75799,53.51737594604492,-23.569515228271484,16.07112693786621,23.70570182800293
3,75799,12.930020332336426,29.73625946044922,-5.161223411560059,-33.525970458984375
3,75799,-18.439800262451172,13.757251739501953,-3.4386184215545654,-20.749610900878906
3,75799,-35.49883270263672,1.841565489768982,20.268239974975586,16.520748138427734
3,75799,-45.805389404296875,28.826473236083984,12.62108039855957,-14.902359962463379
3,75800,-14.154007911682129,15.473952293395996,-23.12808609008789,-32.46906661987305
3,75800,-9.077064514160156,-14.712408065795898,-24.663896560668945,-4.777469635009766
3,75800,-12.966477394104004,-26.21424102783203,5.9037394523620605,8.888795852661133
3,75800,26.717195510864258,-19.071189880371094,25.018266677856445,0.9788782000541687
3,75800,35.30817794799805,-23.0794677734375,-16.556793212890625,11.197660446166992
3,75800,20.162771224975586,-1.410224199295044,-18.600507736206055,8.567000389099121
3,75801,6.618951320648193,2.530155897140503,26.00165367126465,-10.644291877746582
3,75801,-1.1240161657333374,11.988752365112305,14.927988052368164,2.3172402381896973
3,75801,-12.760540008544922,60.283592224121094,12.51233196258545,-14.112711906433105
3,75801,-44.13535690307617,31.80050277709961,5.45176362991333,-14.125656127929688
3,75801,-29.56401252746582,21.64236831665039,-4.97601318359375,17.69291114807129
3,75801,-12.682969093322754,7.142123699188232,-2.5825541019439697,-14.356931686401367
3,75802,-13.572321891784668,-31.472658157348633,5.093032360076904,-6.869634628295898
3,75803,-50.3519172668457,-20.82338523864746,-22.283370971679688,19.196775436401367
3,75803,-44.78535079956055,-20.927881240844727,-40.465965270996094,-6.974925994873047
3,75803,87.07076263427734,-24.14073944091797,17.702823638916016,-2.9703996181488037
3,75803,68.72241973876953,-22.920108795166016,15.193914413452148,9.818331718444824
3,75805,-51.586669921875,-57.56462860107422,-44.66487121582031,36.01133728027344
3,75806,46.376365661621094,-86.12039947509766,-48.10812759399414,24.2729434967041
3,75807,158.50245666503906,-95.40509796142578,-25.909103393554688,-4.2191057205200195
3,75810,266.1073913574219,-173.2477264404297,40.988807678222656,25.718542098999023
3,75811,203.0111846923828,44.08140563964844,90.82742309570312,23.36686134338379
3,75814,-245.24050903320312,322.8819580078125,53.479862213134766,-3.945911407470703
3,75815,-273.026611328125,47.499977111816406,8.745582580566406,-29.48345947265625
3,75818,-61.449283599853516,-58.69671630859375,-49.96306610107422,-39.26972198486328
3,75819,-74.1667251586914,77.70052337646484,-17.13106918334961,-28.042163848876953
3,75822,-52.512882232666016,134.94139099121094,47.67906188964844,-21.83489418029785
3,75823,-123.1947250366211,179.9998016357422,-9.079267501831055,-1.5886034965515137
3,75826,-24.415586471557617,-163.28285217285156,-56.844093322753906,18.96845054626465
3,75827,169.97116088867188,-273.3402099609375,-25.168987274169922,33.337371826171875
3,75830,251.47361755371094,-104.1768798828125,-29.078937530517578,1.4350345134735107
3,75831,154.50213623046875,4.559045791625977,25.146392822265625,1.1294770240783691
3,75834,-218.55654907226562,238.64537048339844,107.54556274414062,21.59031105041504
3,75835,-194.26148986816406,83.75627899169922,-4.907468795776367,-40.646087646484375
3,75838,56.530601501464844,-132.86581420898438,-82.75238800048828,-25.883644104003906
3,75930,266.6319885253906,-225.61070251464844,-48.332462310791016,52.09027099609375
3,75930,288.8517150878906,-144.61654663085938,-10.784085273742676,29.562297821044922
3,75930,-162.3181915283203,198.70974731445312,68.46493530273438,-30.931642532348633
3,75930,-238.21226501464844,177.96229553222656,64.89671325683594,-15.00658893585205
3,75931,-75.83378601074219,57.43690872192383,-15.03369426727295,-19.142269134521484
3,75931,-93.90773010253906,31.17893409729004,-29.200088500976562,-22.52158546447754
3,75931,-53.10219955444336,16.4168643951416,-12.668341636657715,30.84174156188965
3,75931,21.690927505493164,-7.371099948883057,-9.490978240966797,19.445199966430664
3,75931,59.334144592285156,-75.75350189208984,6.8217597007751465,-15.738344192504883
3,75932,35.288665771484375,-45.60430908203125,5.355781078338623,-2.3846828937530518
3,75932,47.756107330322266,-8.612554550170898,20.821210861206055,26.846237182617188
3,75932,26.856456756591797,24.410634994506836,25.989931106567383,8.663110733032227
3,75932,-34.134456634521484,55.742061614990234,-2.480740547180176,-29.1749324798584
3,75932,-60.701141357421875,44.40092849731445,17.476722717285156,-18.34345817565918
3,75932,-74.59199523925781,23.031309127807617,-9.173820495605469,3.5289342403411865
3,75933,-60.14010238647461,3.1376774311065674,-26.11259651184082,-0.09950416535139084
3,75933,-6.510660171508789,-7.154285907745361,-5.355678558349609,-14.66746997833252
3,75933,42.49302291870117,-25.723161697387695,-30.464153289794922,-11.18607234954834
3,75933,48.22750473022461,-60.108421325683594,-5.782932758331299,19.56281852722168
3,75933,45.77103042602539,-17.301816940307617,10.679335594177246,32.295230865478516
3,75933,34.152008056640625,1.9134981632232666,-15.110662460327148,5.4854559898376465
3,75934,0.9949643015861511,-23.471511840820312,9.629968643188477,10.962278366088867
3,75934,-31.25644874572754,22.55963134765625,40.26630783081055,12.765373229980469
3,75934,-37.0479850769043,40.769004821777344,-7.596995830535889,-16.318727493286133
3,75934,-3.627135753631592,20.34941291809082,-39.1337776184082,-12.522793769836426
3,75934,-18.094507217407227,-21.198593139648438,-0.05891549959778786,-25.13443374633789
3,75934,-33.747474670410156,-37.181739807128906,10.71859073638916,-0.6487796306610107
3,75935,15.48103141784668,-13.80178451538086,-11.347439765930176,21.40460777282715
3,75935,47.8576545715332,-7.138792514801025,-4.394703388214111,-15.748701095581055
3,75935,48.742252349853516,-12.254227638244629,10.270634651184082,2.6690733432769775
3,75935,22.579336166381836,-14.7953519821167,-5.473292350769043,2.8966801166534424
3,75935,-11.890951156616211,0.6853600740432739,10.033415794372559,-24.912534713745117
3,75935,-21.639190673828125,8.67175006866455,21.096548080444336,-17.907766342163086
3,75936,-26.09767723083496,29.696365356445312,-0.4301098883152008,-13.097782135009766
3,75936,-29.050342559814453,21.242740631103516,5.5523786544799805,-10.293183326721191
3,75936,-25.504234313964844,-13.953248023986816,-10.022738456726074,20.79069709777832
3,75936,6.85126256942749,15.381559371948242,-15.456343650817871,31.339332580566406
3,75936,33.3660888671875,23.734949111938477,21.77474021911621,-14.465262413024902
3,75936,44.81913375854492,-9.694510459899902,7.2267985343933105,-21.514251708984375
3,75937,29.93338394165039,-22.295013427734375,-9.169621467590332,8.458906173706055
3,75937,-10.709511756896973,-12.10110092163086,1.5317389965057373,13.770151138305664
3,75937,-5.212350368499756,16.74540901184082,3.5608091354370117,19.72623062133789
3,75937,3.4146835803985596,15.714706420898438,-3.1210081577301025,22.379528045654297
3,75937,-7.201947212219238,-11.052511215209961,-16.892112731933594,-2.970045566558838
3,75937,-21.467437744140625,3.646970272064209,0.03220907226204872,-5.646486759185791
3,75938,-8.053915023803711,39.58560562133789,-0.33580029010772705,14.428845405578613
3,75939,-19.04102325439453,19.863887786865234,-23.933488845825195,0.3812764286994934
3,75939,-31.067298889160156,-39.04316711425781,-8.529268264770508,6.324897766113281
3,75939,20.138288497924805,-19.65691375732422,11.82486343383789,5.723524570465088
3,75939,30.470523834228516,3.8666346073150635,0.32355016469955444,-17.410423278808594
3,75941,-18.813491821289062,54.268680572509766,34.06033706665039,-25.68853759765625
3,75942,-91.14041137695312,131.45082092285156,40.03733825683594,-34.525787353515625
3,75943,-126.60293579101562,-26.959461212158203,-47.443729400634766,0.7754423022270203
3,75946,21.45754623413086,-251.33734130859375,-109.74610900878906,21.618743896484375
3,75947,267.0093994140625,-171.00059509277344,-30.813581466674805,62.78470993041992
3,75950,372.788818359375,-56.555885314941406,104.17622375488281,62.56374740600586
3,75951,125.00650787353516,-0.655044436454773,75.40774536132812,-24.39065933227539
3,75954,-307.2319641113281,229.03900146484375,21.060157775878906,-66.44879913330078
3,75955,-267.6179504394531,125.75562286376953,4.566856861114502,-50.27098846435547
3,75958,-26.49474334716797,-73.99275970458984,-65.63587951660156,42.711666107177734
3,75959,25.575286865234375,27.703126907348633,-12.018932342529297,65.1468276977539
3,75962,-33.483829498291016,143.86114501953125,60.29404067993164,-69.63874816894531
3,75963,-180.2086181640625,94.900146484375,-19.002243041992188,-58.72785949707031
3,75966,38.542701721191406,-160.9053955078125,-75.98653411865234,55.586151123046875
3,75967,242.10081481933594,-218.87229919433594,-52.43476486206055,5.057285785675049
3,75970,211.44955444335938,-87.74520874023438,43.504085540771484,15.524639129638672
3,75971,128.39256286621094,66.83939361572266,103.44478607177734,20.155372619628906
3,75974,-266.4483337402344,177.52313232421875,20.70590591430664,-88.69107818603516
3,75975,-260.0752868652344,40.76298141479492,-65.96269226074219,-15.08469009399414
3,76079,60.176979064941406,-83.20097351074219,-41.2142333984375,54.3133659362793
3,76079,79.91993713378906,-55.92325973510742,15.599390029907227,-15.79167652130127
3,76079,107.26978302001953,-1.8211982250213623,32.3466911315918,0.117041677236557
3,76079,8.36611557006836,59.749755859375,36.39578628540039,-1.5877768993377686
3,76080,-116.46600341796875,80.70199584960938,6.006925582885742,-30.804601669311523
3,76080,-92.55425262451172,83.59088134765625,-8.533760070800781,4.3911848068237305
3,76080,-99.40289306640625,49.59710693359375,1.6797888278961182,23.457317352294922
3,76080,-34.50784683227539,12.274550437927246,-11.572798728942871,1.926832914352417
3,76080,65.4916763305664,-49.94544982910156,-19.7926082611084,-9.653701782226562
3,76081,105.89305114746094,-112.87471771240234,-33.9730224609375,31.046897888183594
3,76081,94.21688079833984,-82.885009765625,-15.059239387512207,41.690547943115234
3,76081,85.5490951538086,-29.956613540649414,28.053882598876953,14.030866622924805
3,76081,66.10636138916016,20.81740951538086,8.312457084655762,3.5343685150146484
3,76081,-44.09172058105469,47.458736419677734,1.1033433675765991,-26.235422134399414
3,76081,-118.40705871582031,37.04072952270508,28.583641052246094,-26.970428466796875
3,76082,-109.8792953491211,43.466796875,4.939343452453613,1.3532692193984985
3,76082,-68.63774871826172,42.451934814453125,-31.71127700805664,-9.706436157226562
3,76082,-4.774406909942627,-9.115721702575684,-35.909664154052734,-24.17508888244629
3,76082,23.693004608154297,-64.18328857421875,-15.540300369262695,1.9716016054153442
3,76082,50.209415435791016,-52.65126037597656,10.999176025390625,28.016183853149414
3,76082,77.17976379394531,-33.94222640991211,8.068819999694824,14.104634284973145
3,76083,42.907772064208984,-46.919498443603516,-6.379595756530762,13.31149959564209
3,76083,39.421058654785156,-2.427922248840332,15.331501007080078,1.9610627889633179
3,76083,8.175432205200195,33.47800064086914,25.34298324584961,-6.823455810546875
3,76083,-81.28555297851562,40.694766998291016,-5.578014850616455,2.619762897491455
3,76083,-58.251739501953125,41.362945556640625,-23.926651000976562,-27.03607749938965
3,76083,-3.2658164501190186,-8.42477035522461,-9.917248725891113,-22.850055694580078
3,76084,-15.077977180480957,-15.081393241882324,9.136336326599121,14.428999900817871
3,76084,13.92801284790039,7.872664451599121,15.761824607849121,9.398038864135742
3,76084,63.82237243652344,-41.11582946777344,-6.383592128753662,3.5238051414489746
3,76084,64.46722412109375,-39.439674377441406,-32.52189254760742,12.329554557800293
3,76084,43.1904411315918,-9.874155044555664,2.6712656021118164,20.360952377319336
3,76085,0.6993420124053955,-22.38895034790039,32.92087936401367,6.249751091003418
3,76085,-9.70141887664795,13.563204765319824,12.775115966796875,-22.63522720336914
3,76085,0.6415290832519531,25.25363540649414,-1.8665653467178345,2.80837345123291
3,76085,-19.462657928466797,8.70950984954834,1.3244563341140747,-1.3158595561981201
3,76085,-50.901527404785156,7.420446395874023,-0.7383661270141602,-37.723026275634766
3,76085,-26.47972869873047,-1.6167110204696655,-10.88768482208252,16.459753036499023
3,76085,29.806455612182617,-11.436245918273926,-23.73955535888672,34.50583267211914
3,76086,28.032732009887695,-20.055055618286133,-6.775028228759766,-25.576982498168945
3,76086,18.62441635131836,-9.210527420043945,13.594554901123047,3.1624579429626465
3,76086,12.055941581726074,1.9062199592590332,3.561248779296875,23.850936889648438
3,76086,-7.306660175323486,5.396058082580566,-2.5381715297698975,-26.14232063293457
3,76086,4.194556713104248,19.43238639831543,-17.947423934936523,-1.9047250747680664
3,76086,1.654917597770691,7.42803955078125,27.166072845458984,33.40046310424805
3,76087,-14.332966804504395,-0.34483209252357483,49.564205169677734,8.352681159973145
3,76087,10.84837818145752,28.790870666503906,-23.755435943603516,-25.22401237487793
3,76087,-9.664649963378906,9.835978507995605,-19.837247848510742,-22.53866958618164
3,76087,-16.937950134277344,-25.470983505249023,9.803630828857422,-0.5207046866416931
3,76087,26.50617027282715,-17.175920486450195,-0.8959013819694519,9.898776054382324
3,76088,17.037487030029297,-7.856160640716553,10.604595184326172,1.4363521337509155
3,76089,154.613037109375,-47.33618927001953,11.3674955368042,-2.5939972400665283
3,76089,130.0263214111328,-56.16864013671875,4.2456536293029785,26.94169044494629
3,76089,-149.20289611816406,40.173763275146484,-7.104665756225586,23.3905086517334
3,76089,-81.5321044921875,69.38369750976562,-12.585467338562012,-15.45627498626709
3,76090,24.989131927490234,22.3555908203125,8.793193817138672,-17.54432487487793
3,76091,1.991648554801941,-5.724081516265869,37.839012145996094,9.57444953918457
3,76092,-11.770838737487793,31.9156436920166,52.211830139160156,-10.701152801513672
3,76094,-173.60362243652344,99.12188720703125,-21.686662673950195,-72.37312316894531
3,76096,-200.6623992919922,89.57589721679688,-42.80677032470703,18.17790985107422
3,76098,-20.74662208557129,39.066402435302734,23.15798568725586,50.13603210449219
3,76100,-26.962451934814453,-3.7097983360290527,-14.773174285888672,-114.77424621582031
3,76102,-114.79605102539062,51.01741409301758,-25.401081085205078,-43.56016159057617
3,76104,-82.751953125,9.218158721923828,-37.04745101928711,83.22357177734375
3,76106,73.85225677490234,-167.32696533203125,-52.451683044433594,22.96851921081543
3,76108,422.19464111328125,-292.54644775390625,-11.93717098236084,36.513240814208984
3,76110,354.09130859375,-182.73387145996094,-8.284658432006836,70.65351104736328
3,76112,-76.95063018798828,194.85543823242188,97.76140594482422,-11.019631385803223
3,76114,-166.89129638671875,181.20858764648438,71.14842987060547,-38.82097625732422
3,76116,-160.49786376953125,-27.513973236083984,-87.96215057373047,-41.75800704956055
3,76118,-51.025657653808594,18.83665657043457,-25.061519622802734,-15.961843490600586
3,76120,91.951904296875,23.535152435302734,43.157169342041016,25.95452880859375
3,76122,-85.44384765625,95.06188201904297,28.49355125427246,-9.624265670776367
3,76124,-185.61318969726562,28.026695251464844,-40.99004364013672,1.4326083660125732
3,76126,36.13785171508789,-119.4104995727539,-52.798553466796875,3.3350112438201904
3,76129,369.3656921386719,-173.0345916748047,18.72134780883789,30.949913024902344
3,76242,-137.7785186767578,171.19137573242188,38.528892517089844,-48.7150993347168
3,76242,-537.9382934570312,430.4870300292969,66.69264221191406,-77.03690338134766
3,76242,218.7763214111328,-197.1166229248047,-32.40970230102539,91.38400268554688
3,76243,300.0869445800781,-290.5493469238281,-82.11038208007812,66.05819702148438
3,76243,-12.769183158874512,11.16450309753418,8.806916236877441,-10.133098602294922
3,76243,75.21211242675781,-32.33025360107422,32.060630798339844,-0.461719810962677
3,76243,38.98507308959961,13.463980674743652,7.654428482055664,-14.092774391174316
3,76243,-25.34217643737793,24.295185089111328,9.503486633300781,-15.835119247436523
3,76244,-82.33710479736328,37.03299331665039,10.84075927734375,-20.439542770385742
3,76244,-82.08700561523438,24.969303131103516,-21.591718673706055,-8.848130226135254
3,76244,-11.80929183959961,0.911428689956665,-26.427570343017578,-0.8369662165641785
3,76244,28.844987869262695,-26.401611328125,-8.670960426330566,-9.104875564575195
3,76244,22.42154884338379,-70.95307159423828,-8.369705200195312,21.054603576660156
3,76244,62.093727111816406,-55.190250396728516,-13.374889373779297,29.564064025878906
3,76245,91.34107971191406,-29.82758903503418,4.6266961097717285,-0.5132079124450684
3,76245,25.37417984008789,-7.174545764923096,15.156304359436035,7.563704490661621
3,76245,-7.345126152038574,37.62617111206055,28.621604919433594,9.652629852294922
3,76245,-10.431207656860352,39.22483825683594,28.565418243408203,-6.947068691253662
3,76245,-64.12781524658203,31.172658920288086,-3.114755868911743,6.146240711212158
3,76245,-42.79454040527344,46.06893539428711,-12.364157676696777,-21.583375930786133
3,76246,20.05730438232422,-0.690270185470581,-13.94675064086914,-20.54526138305664
3,76246,6.251423358917236,-43.10758590698242,-16.72935676574707,18.37343978881836
3,76246,-5.214371204376221,-36.10776901245117,0.4384649395942688,-12.784847259521484
3,76246,29.099586486816406,-27.195165634155273,-6.297779560089111,-13.908149719238281
3,76246,44.05332946777344,1.64284348487854,-11.935698509216309,10.77772045135498
3,76246,10.319656372070312,-6.226647853851318,12.806723594665527,7.655563831329346
3,76247,-2.8381903171539307,-27.101781845092773,10.971512794494629,0.5446268320083618
3,76247,-3.1761629581451416,8.036070823669434,10.130928039550781,4.007204532623291
3,76247,-30.13383674621582,36.763057708740234,-2.7724311351776123,0.6393833756446838
3,76247,-31.71664047241211,20.36018180847168,-3.791347026824951,-8.778924942016602
3,76247,-13.226380348205566,-6.835942268371582,26.542160034179688,12.780086517333984
3,76247,12.054107666015625,-10.77380084991455,-3.0386927127838135,1.7359563112258911
3,76248,31.85092544555664,-16.089921951293945,-6.552040100097656,-4.896983623504639
3,76248,33.47590637207031,3.5016820430755615,15.101433753967285,13.6686372756958
3,76248,22.515199661254883,6.273801803588867,-7.75879430770874,28.318994522094727
3,76248,-2.2100741863250732,-3.76010799407959,1.824568510055542,16.028093338012695
3,76248,-2.392139434814453,46.190738677978516,9.198370933532715,-41.03446960449219
3,76248,2.585604190826416,31.433258056640625,-6.316919326782227,-30.025724411010742
3,76249,-44.507469177246094,-3.8885316848754883,15.610381126403809,22.40580177307129
3,76249,-52.81059265136719,13.852822303771973,7.464651584625244,6.8609137535095215
3,76249,15.869610786437988,-1.4807831048965454,-44.19890213012695,-27.379213333129883
3,76249,9.836753845214844,-23.593698501586914,-24.616628646850586,-21.866783142089844
3,76249,-28.674009323120117,6.970948696136475,23.773103713989258,19.609521865844727
3,76249,8.583451271057129,21.71132469177246,4.052223205566406,34.15068054199219
3,76250,32.0177116394043,-16.52459144592285,-13.80632209777832,-15.26468276977539
3,76250,-4.451788902282715,-4.23883581161499,36.614105224609375,-19.710622787475586
3,76250,-28.740602493286133,15.051165580749512,30.984439849853516,7.819993495941162
3,76250,-6.351690769195557,2.7143378257751465,-16.90202522277832,1.8112359046936035
3,76250,11.360535621643066,21.5290470123291,-6.199692726135254,-14.50070858001709
3,76250,-13.111093521118164,-0.33723998069763184,-6.174818992614746,-17.213848114013672
3,76251,-31.195669174194336,0.3065858781337738,12.41443157196045,14.001253128051758
3,76251,5.114861965179443,12.486474990844727,-2.2788283824920654,18.14931297302246
3,76251,2.562368869781494,-11.514066696166992,-25.176652908325195,1.1274610757827759
3,76251,-23.38100814819336,-10.397074699401855,18.106508255004883,7.219996452331543
3,76251,4.7218146324157715,2.4893856048583984,4.710135459899902,-21.72308921813965
3,76251,4.470403671264648,12.995070457458496,-31.18029022216797,-22.860408782958984
3,76252,-14.471508026123047,1.439840316772461,-8.232144355773926,31.169010162353516
3,76253,-48.34577941894531,50.66279983520508,25.377614974975586,-18.026668548583984
3,76253,-47.21453094482422,19.424453735351562,2.046680212020874,-53.082908630371094
3,76253,14.221473693847656,-56.62060546875,-18.563140869140625,30.632598876953125
3,76253,34.44307327270508,6.130877494812012,12.373353958129883,29.49922752380371
3,76254,16.913724899291992,2.221647024154663,0.32478418946266174,-17.231985092163086
3,76255,-42.938499450683594,20.254703521728516,-18.73973274230957,12.259221076965332
3,76256,-60.20029830932617,68.52593231201172,-1.8807556629180908,23.922393798828125
3,76258,-10.26939868927002,5.68712043762207,12.103690147399902,5.507270812988281
3,76260,-2.3442444801330566,-14.852476119995117,8.23559284210205,-52.15958786010742
3,76262,-61.64987564086914,62.27885437011719,-20.830488204956055,-63.07802963256836
3,76264,-111.33063507080078,-38.813232421875,-43.621070861816406,40.56797790527344
3,76266,93.41351318359375,-216.55575561523438,-34.709171295166016,57.45554733276367
3,76268,451.1205749511719,-204.7777862548828,-10.150949478149414,93.08148956298828
3,76270,303.98150634765625,-90.9698715209961,37.29177474975586,67.14971160888672
3,76272,-170.69761657714844,176.89266967773438,72.87533569335938,-124.54698181152344
3,76274,-185.24671936035156,218.9632110595703,70.21572875976562,-86.05317687988281
3,76276,-136.58767700195312,6.929147720336914,3.6698319911956787,47.794429779052734
3,76278,-119.1625747680664,-54.0750617980957,-71.50543212890625,27.44965171813965
3,76280,73.4877700805664,38.93009567260742,-16.118297576904297,-54.213436126708984
3,76282,-65.69414520263672,140.28582763671875,31.722309112548828,-35.273685455322266
3,76284,-137.36326599121094,12.505695343017578,-20.620460510253906,38.49227523803711
3,76286,79.67853546142578,-162.84991455078125,-63.86265182495117,43.45644760131836
3,76289,305.0195617675781,-189.63673400878906,-4.947307109832764,78.79532623291016
3,76290,223.30731201171875,-90.89624786376953,33.586585998535156,9.575175285339355
3,76293,-170.8322296142578,181.40513610839844,71.25740051269531,-97.14946746826172
3,76294,-223.83383178710938,169.90542602539062,18.16314125061035,-51.27356719970703
3,76418,-113.91254425048828,-39.569217681884766,-100.02713775634766,8.683416366577148
3,76418,47.10768127441406,-64.24776458740234,3.6476588249206543,39.50978469848633
3,76418,202.08554077148438,-97.77950286865234,46.39336395263672,39.238182067871094
3,76419,39.51137924194336,12.809158325195312,5.082882881164551,-10.714362144470215
3,76419,-94.99134826660156,116.97898864746094,31.464384078979492,-15.143342971801758
3,76419,-99.96342468261719,69.8226547241211,6.14609432220459,-8.782157897949219
3,76419,-119.88750457763672,47.70146560668945,-29.811546325683594,-16.227067947387695
3,76419,-83.28532409667969,39.342857360839844,-5.504884243011475,-9.156159400939941
3,76420,16.166563034057617,-12.037446975708008,-15.698260307312012,-7.368879795074463
3,76420,86.5345458984375,-85.34098815917969,-35.43220520019531,21.99519920349121
3,76420,108.8045425415039,-66.7584457397461,2.4651901721954346,19.413360595703125
3,76420,98.72205352783203,-35.44794464111328,0.48651161789894104,-12.645028114318848
3,76420,61.09919357299805,-40.495460510253906,16.331911087036133,-5.799495697021484
3,76420,-5.709807395935059,24.558900833129883,34.93453598022461,-13.570272445678711
3,76421,-69.43415069580078,77.94910430908203,-1.738312840461731,-15.218221664428711
3,76421,-76.2004623413086,53.928958892822266,-8.488194465637207,-5.674787998199463
3,76421,-68.72647094726562,33.316524505615234,6.575877666473389,-12.657187461853027
3,76421,-54.31150817871094,9.690235137939453,-9.57028865814209,-2.843834400177002
3,76421,-2.0780251026153564,-21.290056228637695,-13.581570625305176,-0.9004220962524414
3,76421,41.61029052734375,-56.08906555175781,5.650698184967041,22.327880859375
3,76422,49.4041633605957,-66.42707824707031,-24.216073989868164,25.343639373779297
3,76422,45.18458938598633,-64.14167785644531,-12.327609062194824,2.177476644515991
3,76422,28.278629302978516,-31.519775390625,36.573463439941406,5.216989517211914
3,76422,24.36309051513672,44.58953857421875,2.716426134109497,-24.297992706298828
3,76422,-6.47256326675415,27.286340713500977,-16.043596267700195,-19.028430938720703
3,76422,-58.400901794433594,-0.8880038857460022,16.61826515197754,28.222455978393555
3,76423,-59.7325553894043,67.2952880859375,6.256922721862793,18.041526794433594
3,76423,-11.629076957702637,41.45063400268555,-18.136093139648438,-18.89049530029297
3,76423,18.758520126342773,-44.31924057006836,-26.121402740478516,-1.2454097270965576
3,76423,13.372925758361816,-38.172630310058594,-19.086925506591797,34.70465087890625
3,76423,41.996055603027344,-9.421579360961914,23.685474395751953,19.916522979736328
3,76423,75.16031646728516,-12.727067947387695,4.665761470794678,12.553439140319824
3,76424,46.6414794921875,-37.57463836669922,-11.780258178710938,38.099639892578125
3,76424,-8.991961479187012,-10.381502151489258,20.74604034423828,8.239106178283691
3,76424,-6.634440898895264,48.11731719970703,11.051518440246582,-58.45552444458008
3,76424,-8.751627922058105,21.795978546142578,2.4617316722869873,-25.907995223999023
3,76424,-45.883209228515625,-19.507911682128906,-15.584030151367188,12.293487548828125
3,76424,-41.16045379638672,-7.652377128601074,-7.242258548736572,-14.868834495544434
3,76425,0.43543505668640137,4.970670700073242,10.847414016723633,-9.121674537658691
3,76425,34.71688461303711,-11.188940048217773,-21.64238739013672,-12.714210510253906
3,76425,17.217252731323242,-32.53990173339844,-2.640348434448242,4.147976875305176
3,76425,11.499972343444824,-15.346977233886719,22.504207611083984,12.623856544494629
3,76425,32.32093811035156,-4.760611057281494,-17.02181053161621,-17.72014045715332
3,76425,-4.797233581542969,-2.6064257621765137,-0.3007426857948303,20.7143497467041
3,76426,-15.71788501739502,26.470006942749023,27.127418518066406,11.747812271118164
3,76426,10.95120620727539,-6.537727355957031,-17.88165283203125,-16.59361457824707
3,76426,-9.476305961608887,-6.179457664489746,-11.427352905273438,8.311018943786621
3,76426,-19.442106246948242,41.55009841918945,27.275577545166016,-6.433889865875244
3,76426,-8.97284984588623,-24.309354782104492,-8.110024452209473,-3.86845064163208
3,76427,15.441803932189941,-25.529542922973633,-15.356949806213379,7.283924579620361
3,76427,26.77652931213379,25.576093673706055,7.315515995025635,-8.02495002746582
3,76427,3.0106520652770996,-17.728408813476562,-4.020574569702148,-10.510852813720703
3,76427,29.48033332824707,-37.72350311279297,21.791475296020508,14.276866912841797
3,76427,19.00473976135254,20.93681526184082,30.138164520263672,20.633342742919922
3,76427,-27.583805084228516,42.843719482421875,8.969130516052246,-21.13441276550293
3,76428,-5.845138072967529,2.8957645893096924,-2.215010643005371,-20.735597610473633
3,76428,-2.0924007892608643,8.378375053405762,-3.72224760055542,29.842370986938477
3,76428,-5.115153789520264,27.911277770996094,16.406864166259766,15.47482681274414
3,76428,26.62871742248535,14.632423400878906,-5.07045841217041,-21.12774085998535
3,76428,24.084762573242188,-18.90561294555664,-35.38867950439453,-9.830437660217285
3,76428,-24.67351531982422,-11.104060173034668,2.843843460083008,8.956110000610352
3,76429,-19.241714477539062,17.066356658935547,14.024706840515137,10.008156776428223
3,76430,70.79927825927734,-16.423070907592773,-9.21474552154541,22.217851638793945
3,76430,36.671810150146484,-13.159774780273438,11.216164588928223,24.76310920715332
3,76430,-87.77526092529297,42.105621337890625,0.3652101457118988,-31.920438766479492
3,76430,-64.14276885986328,37.68809509277344,-28.384828567504883,-13.643441200256348
3,76431,-20.85218048095703,5.762917995452881,3.374580144882202,11.200858116149902
3,76431,-7.282346248626709,-5.166021347045898,22.12377166748047,-25.972774505615234
3,76432,-48.573753356933594,32.143680572509766,13.630653381347656,-8.51462459564209
3,76433,-112.30320739746094,61.53527069091797,43.00058364868164,-13.153489112854004
3,76436,-112.369384765625,29.813678741455078,13.311077117919922,-55.76051330566406
3,76437,-71.70343017578125,5.008289337158203,-66.12602233886719,-26.880016326904297
3,76440,27.87844467163086,72.00517272949219,-11.62369155883789,45.773338317871094
3,76441,-33.36166763305664,70.49463653564453,36.65042495727539,-24.872802734375
3,76444,-134.29176330566406,-143.07553100585938,-99.28596496582031,-67.17040252685547
3,76445,98.51457977294922,-160.97483825683594,-78.81834411621094,36.61034393310547
3,76448,458.8213195800781,-175.20578002929688,51.838077545166016,167.66078186035156
3,76449,336.9248352050781,-192.94068908691406,16.16963005065918,135.15606689453125
3,76452,-116.55925750732422,159.35845947265625,67.8913345336914,-105.5976333618164
3,76453,-208.34532165527344,171.40968322753906,74.29776763916016,-111.19760131835938
3,76456,-81.18502044677734,22.452213287353516,-54.1340446472168,2.659888744354248
3,76457,8.706745147705078,87.48917388916016,-38.26604461669922,31.571388244628906
3,76460,4.391244411468506,-19.72620391845703,5.418910503387451,34.39199447631836
3,76461,-129.99478149414062,30.510025024414062,30.751005172729492,-70.63411712646484
3,76464,-144.1199951171875,54.07268142700195,-2.069608449935913,-48.68613052368164
3,76465,31.63096046447754,-56.19401931762695,-70.68838500976562,71.88346862792969
3,76468,328.4560546875,-176.73971557617188,-12.24112319946289,62.01802444458008
3,76469,255.9568634033203,-228.13870239257812,17.716184616088867,18.704214096069336
3,76472,-161.0821075439453,181.79104614257812,65.011962890625,-49.11780548095703
3,76473,-218.5232391357422,248.47093200683594,48.70027160644531,-65.61461639404297
3,76608,-7.810941219329834,-202.4569854736328,-170.7362060546875,55.06502151489258
3,76608,145.76182556152344,-219.51995849609375,-105.75904846191406,79.23863983154297
3,76608,144.21693420410156,44.8109016418457,153.16940307617188,-16.625608444213867
3,76609,18.900503158569336,60.8628044128418,78.3654556274414,-29.698740005493164
3,76609,-96.11920166015625,65.02210235595703,-14.504985809326172,-26.83806037902832
3,76609,-121.51919555664062,113.86719512939453,24.670875549316406,-36.147308349609375
3,76609,-91.59893035888672,72.38196563720703,8.002817153930664,-11.781745910644531
3,76609,-71.55846405029297,53.850826263427734,-1.642618179321289,-17.971580505371094
3,76609,-3.7376296520233154,11.663121223449707,-3.12135648727417,-9.327709197998047
3,76610,62.72801971435547,-34.131248474121094,-28.15795135498047,15.319437980651855
3,76610,50.289310455322266,-57.702571868896484,-11.12786865234375,24.35788345336914
3,76610,48.38399887084961,-41.22029495239258,34.86046600341797,32.93579864501953
3,76610,77.66510009765625,10.02364730834961,-4.9358062744140625,4.426052093505859
3,76610,4.4407639503479,2.640044689178467,-11.680694580078125,-8.145294189453125
3,76611,-82.33953857421875,16.273054122924805,21.969022750854492,-0.4011528193950653
3,76611,-79.95939636230469,54.495399475097656,-11.0152006149292,-29.350238800048828
3,76611,-90.81108856201172,25.748647689819336,-16.37193489074707,-10.34230899810791
3,76611,-43.60248565673828,9.274599075317383,-2.426675319671631,1.3030824661254883
3,76611,10.277081489562988,5.5461225509643555,-20.43301773071289,-11.92749309539795
3,76611,5.155276298522949,-26.861820220947266,-2.130789041519165,29.80726432800293
3,76612,34.84306335449219,-52.89944076538086,13.463282585144043,22.137441635131836
3,76612,56.34912872314453,-40.83512496948242,-5.604908466339111,-12.624002456665039
3,76612,59.22389221191406,-7.0355448722839355,4.922141075134277,0.4267288148403168
3,76612,21.353839874267578,2.321485996246338,11.396461486816406,5.296309471130371
3,76612,-38.68169021606445,25.643598556518555,11.50424575805664,-0.17871056497097015
3,76612,-33.775108337402344,42.30670166015625,-8.695415496826172,-21.009618759155273
3,76613,-45.58408737182617,4.668362140655518,-17.96343994140625,-14.262718200683594
3,76613,-52.9307861328125,-18.180988311767578,10.669017791748047,17.099933624267578
3,76613,-0.973319411277771,5.538341045379639,-4.622620105743408,-1.7519867420196533
3,76613,35.606971740722656,4.0998430252075195,-13.200238227844238,-11.404240608215332
3,76613,28.403757095336914,-39.57529830932617,-11.731446266174316,13.245355606079102
3,76613,22.336994171142578,-33.18627166748047,2.2539453506469727,11.08793830871582
3,76614,32.44312286376953,7.203383922576904,12.909042358398438,1.162485122680664
3,76614,13.677923202514648,18.70281410217285,-12.607531547546387,17.813777923583984
3,76614,-23.151582717895508,11.242456436157227,9.605520248413086,-1.379149079322815
3,76614,-32.50808334350586,1.0023149251937866,23.091428756713867,-23.37375259399414
3,76614,8.755855560302734,17.005460739135742,-18.35210609436035,-10.515839576721191
3,76614,-0.8387234807014465,29.13338279724121,-12.992193222045898,0.3358571529388428
3,76615,-28.880233764648438,-7.575761795043945,3.651341199874878,3.710388660430908
3,76615,15.862407684326172,-27.973323822021484,-9.039637565612793,0.6700869202613831
3,76615,35.645179748535156,-12.244829177856445,28.544431686401367,7.792636871337891
3,76615,17.346824645996094,-16.4473876953125,7.478772163391113,-4.566982269287109
3,76615,13.111040115356445,-11.529118537902832,-16.10624122619629,1.1196883916854858
3,76615,2.4829344749450684,11.791372299194336,38.68939971923828,-0.6780558824539185
3,76616,0.38518446683883667,18.67521095275879,-6.93004846572876,-16.855852127075195
3,76616,-13.787335395812988,4.681917667388916,-25.885831832885742,17.023035049438477
3,76616,-24.753692626953125,-3.082980155944824,25.379470825195312,-1.1970301866531372
3,76616,13.523575782775879,23.211421966552734,-23.837108612060547,-33.82145690917969
3,76616,-18.680822372436523,-1.0607917308807373,-35.570194244384766,15.55361270904541
3,76617,-20.93097686767578,-22.22727394104004,28.10019874572754,11.902801513671875
3,76617,45.63080978393555,-9.370543479919434,20.201675415039062,-10.721809387207031
3,76617,9.186629295349121,-6.867582321166992,-11.511493682861328,17.51003646850586
3,76617,-5.0621538162231445,-0.9790642857551575,-15.871559143066406,4.081333160400391
3,76617,22.177825927734375,-3.6413164138793945,-4.158264636993408,-1.9520137310028076
3,76617,-8.411452293395996,31.084596633911133,14.369669914245605,14.653119087219238
3,76618,-37.569557189941406,17.6269588470459,-1.1336477994918823,-2.2926833629608154
3,76618,-9.578167915344238,-20.90355110168457,-15.910688400268555,-25.249052047729492
3,76618,5.66669225692749,-13.55218505859375,-5.892704963684082,-2.1656031608581543
3,76618,-8.373079299926758,2.295278549194336,14.036422729492188,-3.2515971660614014
3,76618,9.712907791137695,-1.4861208200454712,7.913311958312988,-8.903328895568848
3,76618,-9.72983169555664,-11.322144508361816,-17.207679748535156,36.92639923095703
3,76619,-7.307900428771973,-3.4926607608795166,10.350325584411621,20.71216583251953
3,76619,43.471134185791016,6.356991291046143,2.712401866912842,-17.147762298583984
3,76619,13.492671966552734,21.607582092285156,-18.57621955871582,-3.419212818145752
3,76619,-11.820133209228516,3.3597490787506104,26.505266189575195,-1.7453597784042358
3,76619,10.287311553955078,3.208319664001465,20.309309005737305,-6.51657772064209
3,76619,-11.26487922668457,7.49729061126709,-10.576469421386719,15.657313346862793
3,76621,-88.1111068725586,73.69750213623047,6.906148433685303,-5.4425859451293945
3,76621,-67.83338928222656,77.9986572265625,3.40838360786438,-26.134464263916016
3,76621,53.91976547241211,-68.31666564941406,-18.538616180419922,8.948646545410156
3,76621,32.04315185546875,-43.337345123291016,-7.86448860168457,-2.7339539527893066
3,76621,-19.58400535583496,1.8246359825134277,-10.098983764648438,-16.722318649291992
3,76622,-13.097249984741211,-26.521875381469727,-7.0936479568481445,12.34097671508789
3,76623,-41.57752990722656,6.641274929046631,-5.531057357788086,-5.285882949829102
3,76624,10.38619327545166,-64.9186019897461,-50.956119537353516,-3.189244031906128
3,76625,146.77903747558594,-153.7156982421875,-11.985014915466309,44.66258239746094
3,76628,355.88006591796875,-199.77285766601562,37.971797943115234,49.14702224731445
3,76629,267.0536804199219,-137.46620178222656,-1.7858000993728638,31.232011795043945
3,76632,-205.6423797607422,243.87008666992188,64.62615203857422,-35.333106994628906
3,76634,-285.1341857910156,285.3348693847656,80.9571533203125,-65.45267486572266
3,76636,-150.41769409179688,-28.902015686035156,-61.544921875,-16.50483512878418
3,76638,-83.10352325439453,-4.8414788246154785,-30.636659622192383,17.471080780029297
3,76640,35.269004821777344,150.97653198242188,61.858760833740234,-12.03726863861084
3,76642,-108.27814483642578,146.6446533203125,4.880712032318115,-65.77950286865234
3,76644,-178.51473999023438,-113.75837707519531,-78.88475036621094,12.256134033203125
3,76646,108.79318237304688,-220.04469299316406,-79.2771987915039,78.71859741210938
3,76648,384.01690673828125,-140.4921417236328,17.11699676513672,39.42973709106445
3,76650,225.99923706054688,-47.406314849853516,84.23780059814453,18.953088760375977
3,76652,-218.2315673828125,211.35592651367188,47.56988525390625,-34.68093490600586
3,76654,-233.44578552246094,119.60179138183594,-41.02660369873047,-61.78077697753906
3,76656,9.157356262207031,-112.75161743164062,-28.827178955078125,-19.79269790649414
3,76658,58.06422424316406,-42.34893035888672,24.493288040161133,23.92698860168457
3,76660,11.810148239135742,114.14813232421875,16.59842872619629,36.65168762207031
3,76662,-100.92012023925781,168.3849639892578,25.12497329711914,-49.619468688964844
3,76664,-132.4302520751953,-104.23471069335938,-60.25394821166992,-32.73123550415039
3,76666,33.35615158081055,-168.56301879882812,-91.88212585449219,71.90296173095703
3,76812,354.4543762207031,-3.8860812187194824,87.09535217285156,22.112539291381836
3,76812,172.16900634765625,-19.191268920898438,95.8538818359375,-23.83904457092285
3,76812,-301.8843688964844,51.617557525634766,-59.8674430847168,-0.4990713894367218
3,76812,-44.888004302978516,-8.00161361694336,-47.72500228881836,16.60684585571289
3,76812,187.39695739746094,-117.32830810546875,2.4185523986816406,17.247461318969727
3,76812,60.13017272949219,-53.09336853027344,4.49139404296875,-4.0065999031066895
3,76813,57.830631256103516,-1.2768385410308838,23.881755828857422,2.009979248046875
3,76813,-30.736751556396484,41.575347900390625,29.895509719848633,6.7946600914001465
3,76813,-134.4654541015625,114.30427551269531,7.435173034667969,-29.92707633972168
3,76813,-144.82400512695312,118.33565521240234,-18.571969985961914,-42.64118194580078
3,76813,-163.27622985839844,61.44321060180664,-1.923262119293213,-8.292040824890137
3,76813,-102.9059829711914,21.004619598388672,2.977482557296753,-1.638026237487793
3,76814,25.308338165283203,-18.819948196411133,-33.65127182006836,-6.109701156616211
3,76814,64.70333862304688,-48.148643493652344,-36.16100311279297,26.62886619567871
3,76814,91.02014923095703,-85.06544494628906,0.611434817314148,39.61305618286133
3,76814,120.5044174194336,-56.137245178222656,10.604458808898926,4.4629974365234375
3,76814,65.53675842285156,-10.663591384887695,4.13521671295166,-30.12323570251465
3,76814,-0.32258930802345276,-6.830570697784424,12.879048347473145,2.9229209423065186
3,76815,-44.14159393310547,51.5897102355957,26.622112274169922,23.76565933227539
3,76815,-74.66533660888672,66.90339660644531,19.154897689819336,-25.20934295654297
3,76815,-72.53581237792969,33.80304718017578,4.970227241516113,-31.976327896118164
3,76815,-46.784420013427734,8.68261432647705,-11.641929626464844,-1.3696107864379883
3,76815,9.248334884643555,-28.02499008178711,-32.86649703979492,8.572721481323242
3,76816,51.76246643066406,-28.990243911743164,-23.209863662719727,0.20468589663505554
3,76816,64.09393310546875,-51.973873138427734,0.6572750210762024,17.028549194335938
3,76816,76.69329833984375,-38.236236572265625,12.882047653198242,30.65932273864746
3,76816,29.99285888671875,4.1470866203308105,2.3404059410095215,-6.522605895996094
3,76816,-13.247572898864746,9.458930969238281,25.644805908203125,-5.809576511383057
3,76816,-7.414249420166016,30.10306167602539,25.972431182861328,-6.927818298339844
3,76817,-52.21686935424805,10.791696548461914,-27.79647445678711,-18.95663833618164
3,76817,-85.71138000488281,10.355195999145508,-19.130157470703125,8.258427619934082
3,76817,-21.546642303466797,45.238075256347656,-1.580623984336853,-5.686345100402832
3,76817,28.611162185668945,-1.5460025072097778,-2.8334853649139404,6.45617151260376
3,76817,21.292945861816406,-40.91006851196289,-14.138874053955078,15.807802200317383
3,76817,37.44803237915039,-25.089202880859375,-8.226391792297363,-15.02847957611084
3,76818,28.46537208557129,-43.2813720703125,19.91624641418457,16.71418571472168
3,76818,6.501805782318115,-4.603209495544434,0.9089108109474182,8.326885223388672
3,76818,24.776187896728516,48.78594970703125,18.41973114013672,-17.91082191467285
3,76818,-2.225510835647583,10.002202987670898,24.181865692138672,14.375753402709961
3,76818,-43.227378845214844,7.0444135665893555,-30.310197830200195,-5.589648723602295
3,76818,-32.42301559448242,31.80577278137207,-0.8749356269836426,-10.166961669921875
3,76819,-12.038749694824219,15.858747482299805,23.00564193725586,8.813255310058594
3,76819,-2.1260628700256348,-10.402202606201172,-27.957731246948242,-1.6666603088378906
3,76819,-6.101044178009033,-32.69417953491211,2.313105821609497,9.243988037109375
3,76819,19.825868606567383,-2.9751899242401123,36.133262634277344,0.9780289530754089
3,76819,46.11954116821289,26.31558609008789,-18.112674713134766,0.8260970115661621
3,76819,17.106910705566406,-1.5769569873809814,-24.533432006835938,-18.07485008239746
3,76820,-8.709429740905762,-14.098979949951172,12.689074516296387,-30.3630313873291
3,76820,-26.34218406677246,16.963687896728516,11.638256072998047,10.88675594329834
3,76820,-33.49801254272461,32.8564567565918,-3.2565155029296875,7.904542446136475
3,76820,-19.23656463623047,13.198753356933594,1.0324232578277588,-8.982298851013184
3,76820,-11.984736442565918,15.168209075927734,10.525616645812988,-5.366288661956787
3,76820,-6.611618518829346,2.560816764831543,-2.740546226501465,-1.6167019605636597
3,76821,-11.19639778137207,-20.386695861816406,-22.547895431518555,4.399096965789795
3,76821,16.981063842773438,-2.1610794067382812,-2.4221079349517822,7.766510009765625
3,76821,37.398677825927734,-17.379589080810547,20.756834030151367,7.246493816375732
3,76821,-0.6209730505943298,-41.12834167480469,-1.3482437133789062,-5.125621795654297
3,76821,-15.414401054382324,-0.6546857953071594,-17.904525756835938,-7.192996025085449
3,76822,-10.045092582702637,31.950950622558594,-8.35327434539795,15.015552520751953
3,76822,5.193822860717773,-6.321213245391846,-2.1047611236572266,10.59163761138916
3,76822,1.9306665658950806,-36.1164436340332,10.781448364257812,-1.9642565250396729
3,76822,-6.327672004699707,16.733049392700195,9.262999534606934,-2.192704439163208
3,76822,22.93390464782715,15.212983131408691,-15.275137901306152,-11.185522079467773
3,76822,20.97869300842285,-41.05227279663086,-0.37739428877830505,-2.950899839401245
3,76822,10.73735237121582,-21.915260314941406,-2.694225788116455,20.018217086791992
3,76823,11.664467811584473,-2.351334810256958,-8.86611270904541,20.76361083984375
3,76823,-6.943113327026367,-21.449995040893555,8.534185409545898,-9.753785133361816
3,76823,9.870929718017578,-6.608235836029053,-12.583775520324707,1.4695463180541992
3,76823,18.596603393554688,6.223423480987549,12.271553993225098,25.289127349853516
3,76823,-13.507817268371582,-16.05392837524414,16.595321655273438,-10.537513732910156
3,76823,3.8430240154266357,3.360607624053955,-7.583962917327881,-24.236846923828125
3,76824,8.34499740600586,14.876235961914062,-4.476511478424072,14.049116134643555
3,76824,-20.434894561767578,-20.893638610839844,-15.015167236328125,3.9101009368896484
3,76825,76.59571838378906,-108.38499450683594,-34.999755859375,-13.619148254394531
3,76825,93.14196014404297,-74.33139038085938,-16.533845901489258,31.167861938476562
3,76825,-36.09620666503906,84.26477813720703,50.46207046508789,14.835646629333496
3,76826,-18.551496505737305,36.04794692993164,17.92948341369629,-33.48685073852539
3,76826,-5.513611793518066,-38.00407409667969,-24.946035385131836,-19.980390548706055
3,76826,-9.311809539794922,11.57012939453125,4.931647300720215,9.924541473388672
3,76827,139.8114776611328,-31.178218841552734,17.313766479492188,28.40705108642578
3,76827,78.55252838134766,-28.434415817260742,-0.7449826598167419,20.81068229675293
3,76830,3.016765594482422,67.9610824584961,39.86238479614258,-19.17104721069336
3,76831,12.922194480895996,95.02500915527344,74.12167358398438,-29.145885467529297
3,76834,-291.88226318359375,164.3172607421875,0.2862304449081421,-30.934038162231445
3,76835,-248.31398010253906,75.03902435302734,-47.31399917602539,-47.62677001953125
3,76838,44.03923797607422,-62.8466796875,-9.419780731201172,24.3995361328125
3,76839,13.851289749145508,69.08361053466797,42.777645111083984,18.044706344604492
3,76842,-168.81021118164062,145.6858367919922,-30.081315994262695,-80.84453582763672
3,76844,-151.28421020507812,-37.8182373046875,-83.38158416748047,8.660079002380371
3,76846,289.82366943359375,-333.4654541015625,-54.13834762573242,117.2074966430664
3,76848,358.6129455566406,-245.06619262695312,-35.79472351074219,53.31682586669922
3,76850,136.39675903320312,107.71421813964844,91.35689544677734,-10.9019136428833
3,76852,-43.879920959472656,90.90866088867188,77.2204818725586,-63.7830924987793
3,76854,-315.2463073730469,49.18624496459961,-32.659488677978516,-79.27224731445312
3,76856,-109.13810729980469,102.78824615478516,10.638899803161621,39.37265396118164
3,76858,137.09130859375,-37.17815399169922,-13.753944396972656,87.85014343261719
3,76860,37.80634689331055,12.309327125549316,-6.237112522125244,-34.808998107910156
3,76862,-173.2797088623047,149.30577087402344,20.714244842529297,-77.85099792480469
3,76864,-184.00341796875,-42.65542221069336,-48.39778518676758,17.752779006958008
3,76866,234.23452758789062,-238.48646545410156,-51.62446212768555,81.02008819580078
3,76868,305.85577392578125,-141.89112854003906,-4.782295227050781,56.98886489868164
3,76870,44.021087646484375,65.61024475097656,62.93547439575195,-36.26811981201172
3,76872,-81.61264038085938,125.59536743164062,70.83533477783203,-53.15897750854492
3,77026,-396.9566345214844,81.1344985961914,-101.64665985107422,-21.956844329833984
3,77026,-161.482177734375,-24.227710723876953,-119.29267883300781,5.795151710510254
3,77026,450.85162353515625,-170.362548828125,67.665283203125,53.173606872558594
3,77026,188.0834503173828,-66.02617645263672,67.92466735839844,6.8462018966674805
3,77026,-102.48397064208984,81.08331298828125,23.313716888427734,-25.981351852416992
3,77026,-35.189456939697266,62.54967498779297,25.817808151245117,-2.901801824569702
3,77027,-110.52471160888672,66.49952697753906,-13.586710929870605,-9.90709114074707
3,77027,-123.21621704101562,65.76109313964844,2.647886276245117,-7.895490646362305
3,77027,-24.473901748657227,-4.31712532043457,15.086315155029297,-7.85050630569458
3,77027,65.31847381591797,-37.99088668823242,-35.66419219970703,-8.813871383666992
3,77027,115.35684967041016,-52.19026565551758,-38.03269577026367,30.026636123657227
3,77028,113.95198822021484,-89.16915893554688,24.199542999267578,49.741546630859375
3,77028,75.16987609863281,-38.66220474243164,40.30002975463867,-2.6190481185913086
3,77028,46.86991500854492,5.676249980926514,-5.882689952850342,-22.630008697509766
3,77028,-18.311203002929688,20.222400665283203,-1.8188077211380005,-4.689863204956055
3,77028,-94.06527709960938,65.84420776367188,23.913583755493164,-29.247377395629883
3,77028,-117.41899871826172,59.12779998779297,-5.397208213806152,-23.974428176879883
3,77029,-83.2156753540039,38.61830139160156,-5.464007377624512,-14.068437576293945
3,77029,-27.56577491760254,34.24057388305664,-4.798429012298584,-17.369117736816406
3,77029,7.2650251388549805,-8.486827850341797,-29.077199935913086,4.7887043952941895
3,77029,52.423118591308594,-36.3985481262207,8.669137954711914,8.705289840698242
3,77029,72.38131713867188,-15.69726276397705,27.89726448059082,36.55438995361328
3,77029,36.40076446533203,-2.820418357849121,-9.113929748535156,33.241493225097656
3,77030,4.495085716247559,-28.36480712890625,-8.011646270751953,-27.560731887817383
3,77030,-19.37017250061035,0.30808156728744507,12.943502426147461,-13.975421905517578
3,77030,-44.021358489990234,62.53447723388672,16.292774200439453,-6.597951412200928
3,77030,-62.30055236816406,47.927940368652344,4.231042861938477,-21.719724655151367
3,77030,-73.32161712646484,20.991453170776367,-5.852597236633301,13.22272777557373
3,77030,-28.999319076538086,-7.270400524139404,-5.294325351715088,7.694562911987305
3,77031,35.66835403442383,-23.27797508239746,-15.193546295166016,-4.365736961364746
3,77031,23.527311325073242,-32.623291015625,-15.0816068649292,25.825864791870117
3,77031,31.52235221862793,-37.628536224365234,8.823287010192871,29.858177185058594
3,77031,57.6058464050293,-24.73012924194336,2.094883680343628,-8.64417839050293
3,77031,3.0141234397888184,-9.102452278137207,-13.030996322631836,-12.1257905960083
3,77031,-15.30521011352539,45.36250305175781,5.800790309906006,-2.24542236328125
3,77032,-23.996076583862305,22.520057678222656,2.021360158920288,-12.934261322021484
3,77032,-51.2535285949707,-7.188594341278076,5.418249130249023,-3.0404345989227295
3,77032,-21.25226593017578,34.89384841918945,11.011889457702637,-12.544811248779297
3,77032,-9.67172622680664,9.654876708984375,-16.474098205566406,-12.259319305419922
3,77032,9.772165298461914,-18.40414810180664,-18.966039657592773,13.629714012145996
3,77032,24.332372665405273,1.9306870698928833,13.489526748657227,5.9766058921813965
3,77033,20.483259201049805,-28.037033081054688,-2.4127156734466553,-14.407978057861328
3,77033,32.252586364746094,-54.657535552978516,-25.98278045654297,-5.158735275268555
3,77033,4.606109142303467,10.442152976989746,25.26653480529785,26.654253005981445
3,77033,-3.8228089809417725,38.580223083496094,22.872394561767578,11.548355102539062
3,77033,-6.8589324951171875,2.0116963386535645,-18.249040603637695,-30.458595275878906
3,77033,-16.107084274291992,18.56401824951172,3.801116943359375,-6.278169631958008
3,77034,-22.51451873779297,1.7516827583312988,-0.8149935603141785,41.69277572631836
3,77034,-15.075488090515137,-2.0681169033050537,-18.71739387512207,13.243049621582031
3,77034,30.56415557861328,52.217777252197266,17.722566604614258,-24.004745483398438
3,77034,-0.20534229278564453,-34.40766906738281,10.140305519104004,6.891033172607422
3,77034,-12.875882148742676,-84.50567626953125,-15.298580169677734,2.3645050525665283
3,77035,32.18214416503906,11.735941886901855,3.851940631866455,-25.613277435302734
3,77035,2.5347719192504883,20.15622329711914,-4.443987846374512,-22.24561882019043
3,77035,-10.38901138305664,-24.836523056030273,-16.273372650146484,-8.743053436279297
3,77035,0.5503379106521606,-14.051082611083984,16.552209854125977,15.33763313293457
3,77035,-16.949636459350586,7.660839080810547,5.626012802124023,11.02481746673584
3,77035,-1.094918131828308,-0.42062222957611084,-30.681276321411133,-22.546951293945312
3,77035,1.3392975330352783,-1.3089290857315063,4.6619110107421875,-1.7046877145767212
3,77036,-10.853001594543457,3.6976685523986816,21.5424861907959,23.345687866210938
3,77036,18.8951358795166,-3.6470115184783936,-3.331519603729248,5.105679035186768
3,77036,17.15547752380371,-6.618945598602295,3.321413040161133,3.517101526260376
3,77036,7.641299724578857,0.35250186920166016,-3.5764548778533936,3.2501683235168457
3,77036,-2.510359287261963,7.124391555786133,-14.061760902404785,-0.1747683882713318
3,77036,-20.764034271240234,1.5811235904693604,19.075016021728516,3.678917646408081
3,77037,3.534151077270508,28.068767547607422,12.516022682189941,19.067623138427734
3,77037,1.0800493955612183,32.41230773925781,-24.23123550415039,-17.204851150512695
3,77037,-7.801021575927734,-20.859233856201172,-13.726536750793457,-33.2483024597168
3,77037,-3.3640785217285156,-16.895906448364258,10.467620849609375,40.53757095336914
3,77037,-5.336750030517578,26.108638763427734,20.63711166381836,26.120939254760742
3,77038,11.340317726135254,7.342972755432129,-0.1451631337404251,-25.201013565063477
3,77038,19.116737365722656,-17.83223533630371,-20.741973876953125,-12.184239387512207
3,77038,7.310236930847168,-15.927054405212402,-0.5310102701187134,13.167537689208984
3,77038,-1.3356965780258179,3.8169844150543213,11.415718078613281,23.733047485351562
3,77038,5.334140300750732,9.459722518920898,1.8743706941604614,-14.670186042785645
3,77038,4.904541492462158,-6.572432041168213,-3.7358949184417725,-12.187164306640625
3,77039,-11.014238357543945,-5.01711368560791,6.3880157470703125,17.745628356933594
3,77040,-39.78172302246094,68.85969543457031,17.083816528320312,-23.624948501586914
3,77040,-58.72929763793945,84.41248321533203,0.3591344356536865,-31.31102180480957
3,77040,2.656489610671997,-44.971473693847656,-12.458279609680176,-2.5306451320648193
3,77040,28.37925148010254,-56.725120544433594,-8.755369186401367,2.5780832767486572
3,77041,-10.38164234161377,-1.8010870218276978,3.5353548526763916,13.860811233520508
3,77041,12.327119827270508,25.993335723876953,2.0798113346099854,-2.769019842147827
3,77041,12.10602855682373,23.643417358398438,-16.28105926513672,-10.203826904296875
3,77042,-64.46421813964844,-33.93899917602539,-12.390222549438477,3.577094316482544
3,77044,-21.90804100036621,-95.43846893310547,-8.125714302062988,20.668872833251953
3,77046,270.1217346191406,-247.21746826171875,-40.9469108581543,99.43755340576172
3,77048,329.86297607421875,-191.55856323242188,-38.579254150390625,67.81502532958984
3,77050,85.76876831054688,141.9312744140625,81.72980499267578,-87.27640533447266
3,77052,-137.13494873046875,167.98118591308594,101.49383544921875,-73.04705810546875
3,77054,-340.1141662597656,75.1490707397461,-25.048702239990234,-1.2918107509613037
3,77056,-162.02407836914062,92.42127227783203,-42.04991149902344,16.83770751953125
3,77058,54.517189025878906,-13.487760543823242,-4.236757755279541,18.191232681274414
3,77060,-57.848323822021484,82.12925720214844,26.350393295288086,-80.76717376708984
3,77062,-151.00840759277344,206.92320251464844,15.353205680847168,-61.376792907714844
3,77064,-79.89541625976562,-71.2707290649414,-55.933624267578125,66.72111511230469
3,77066,266.96514892578125,-319.9774169921875,-55.71062469482422,55.45935821533203
3,77068,314.0542907714844,-149.19346618652344,6.38162088394165,24.02532196044922
3,77070,7.698504447937012,132.7572784423828,80.30194854736328,3.2949392795562744
3,77072,-117.92755126953125,156.91738891601562,61.7695426940918,-19.65464973449707
3,77074,-185.7909393310547,15.631067276000977,-23.26319122314453,-28.295461654663086
3,77076,-39.30606460571289,-58.1519775390625,-57.302330017089844,-6.8144307136535645
3,77079,98.34638977050781,-3.7079551219940186,-16.21552276611328,18.82622528076172
3,77080,-15.853306770324707,109.93499755859375,41.794918060302734,-35.027320861816406
3,77083,-171.8289031982422,94.31158447265625,-1.4126362800598145,-37.00058364868164
3,77084,-100.52313232421875,-77.65278625488281,-43.41830062866211,28.00281524658203
3,77087,270.0429992675781,-236.86337280273438,-26.28742027282715,95.6790771484375
3,77088,249.1523895263672,-146.1828155517578,-12.534049987792969,42.683494567871094
3,77252,-93.97996520996094,223.06863403320312,100.6290283203125,-86.81320190429688
3,77252,-133.4560546875,189.27947998046875,74.43931579589844,-50.74202346801758
3,77252,22.985309600830078,-165.69100952148438,-111.02481842041016,37.21537399291992
3,77252,113.09650421142578,-149.44505310058594,-38.379764556884766,49.32335662841797
3,77253,102.99830627441406,-31.379077911376953,55.20874786376953,16.950035095214844
3,77253,22.47264289855957,36.50107955932617,6.310269355773926,-14.843925476074219
3,77253,-64.8465576171875,89.51819610595703,6.284714221954346,-10.243091583251953
3,77253,-132.42857360839844,72.205078125,6.07156229019165,-25.290756225585938
3,77253,-164.8328094482422,103.16177368164062,-9.953320503234863,-26.79808807373047
3,77254,-116.63518524169922,85.28466796875,-7.23165225982666,-28.176870346069336
3,77254,-51.35829162597656,-16.642906188964844,-41.42034149169922,-32.37691879272461
3,77254,-14.80983829498291,-59.01306915283203,-40.00713348388672,15.246116638183594
3,77254,73.71813201904297,-63.53950881958008,12.55090045928955,30.377761840820312
3,77254,140.54617309570312,-69.14204406738281,20.768430709838867,15.987679481506348
3,77254,91.7679214477539,-40.768951416015625,10.78510570526123,-0.31470683217048645
3,77255,57.117034912109375,-3.7108874320983887,18.501829147338867,-1.6278330087661743
3,77255,1.155936598777771,35.45244598388672,18.586082458496094,6.6984124183654785
3,77255,-63.896785736083984,57.61372375488281,8.29460334777832,-22.265872955322266
3,77255,-66.63261413574219,44.592227935791016,3.705888032913208,-22.440902709960938
3,77255,-77.83548736572266,15.794001579284668,-5.375461101531982,7.668973922729492
3,77255,-46.6612663269043,2.004352569580078,-5.289915561676025,14.1047945022583
3,77256,21.262163162231445,-29.92761993408203,-33.09770202636719,4.524829864501953
3,77256,63.30521774291992,-55.60774230957031,-44.025001525878906,7.708035469055176
3,77256,66.89886474609375,-42.16945266723633,3.1235337257385254,32.07029342651367
3,77256,39.86297607421875,-23.46217918395996,31.654041290283203,13.690378189086914
3,77256,38.52524948120117,-7.228851318359375,7.924673557281494,-4.708803176879883
3,77256,-2.398895502090454,9.63131332397461,-1.8626291751861572,-3.4498648643493652
3,77257,-52.02338409423828,31.141883850097656,15.153948783874512,-17.428752899169922
3,77257,-39.71025848388672,22.59893798828125,-7.038873195648193,7.0576324462890625
3,77257,-56.88383102416992,35.85350036621094,-0.8640331029891968,4.923925876617432
3,77257,-31.873775482177734,27.51361846923828,7.797032356262207,-17.6231746673584
3,77257,31.955997467041016,-37.415931701660156,-31.673398971557617,13.697587966918945
3,77258,22.749120712280273,-27.952314376831055,-7.729193687438965,13.719482421875
3,77258,27.387046813964844,-3.111335515975952,16.901262283325195,-8.303107261657715
3,77258,62.61561584472656,-10.567533493041992,3.3008058071136475,8.831419944763184
3,77258,19.126108169555664,6.364598751068115,20.225282669067383,12.118034362792969
3,77258,-7.777777671813965,7.967918395996094,7.548720359802246,-16.201608657836914
3,77258,3.7466847896575928,16.764585494995117,5.654560565948486,-30.0163631439209
3,77259,-44.21843338012695,43.789634704589844,17.817962646484375,-8.372446060180664
3,77259,-40.421417236328125,37.03805923461914,-5.375520706176758,1.991390585899353
3,77259,2.2951178550720215,5.428662300109863,-5.380765438079834,-14.23908805847168
3,77259,-5.493313312530518,-22.30071258544922,-3.2998476028442383,-3.782712459564209
3,77259,-12.303642272949219,-10.893852233886719,-0.387194961309433,13.1289644241333
3,77259,24.307600021362305,-21.70046615600586,-7.477676868438721,3.769878387451172
3,77260,41.36298751831055,-25.096479415893555,-14.180912971496582,15.764138221740723
3,77260,-19.799388885498047,38.76304244995117,9.388834953308105,12.650030136108398
3,77260,-39.35751724243164,12.28404426574707,5.061110496520996,-30.02806854248047
3,77260,-8.674985885620117,-30.407588958740234,5.984772205352783,-9.213700294494629
3,77260,-16.653764724731445,12.220848083496094,-3.258741617202759,19.37586784362793
3,77260,-21.402530670166016,17.669322967529297,-24.807361602783203,5.979969501495361
3,77261,-10.794266700744629,-3.4924254417419434,0.07336118072271347,-0.5779324769973755
3,77261,10.802005767822266,-17.619436264038086,0.7221742272377014,-7.6354570388793945
3,77261,9.688408851623535,-33.603485107421875,-25.09809112548828,11.484101295471191
3,77261,-3.4940943717956543,-20.144527435302734,7.824148178100586,6.783822059631348
3,77261,31.582653045654297,-7.79512357711792,17.28904151916504,-25.241243362426758
3,77261,29.539352416992188,-10.571860313415527,-14.333588600158691,-20.45160675048828
3,77262,-15.500348091125488,-7.110569000244141,6.178537368774414,8.172697067260742
3,77262,-4.589258670806885,18.426185607910156,0.3572779595851898,9.713278770446777
3,77262,12.12318229675293,1.210392713546753,-17.233388900756836,-8.364801406860352
3,77262,0.053904175758361816,-29.97148895263672,15.513154983520508,-7.913990497589111
3,77262,14.14399528503418,22.199235916137695,17.798192977905273,1.469394326210022
3,77262,15.099721908569336,14.708879470825195,-17.926559448242188,11.458122253417969
3,77263,14.40066909790039,-37.35770797729492,-1.6830450296401978,7.940277576446533
3,77263,30.460636138916016,-10.327193260192871,22.27195167541504,-3.321092128753662
3,77263,10.308876037597656,10.858611106872559,-26.697296142578125,16.61456298828125
3,77263,-3.4852817058563232,-11.221951484680176,-14.978769302368164,33.92020034790039
3,77263,12.611021041870117,-11.676682472229004,36.66388702392578,1.9029700756072998
3,77263,13.751700401306152,6.159069061279297,11.200401306152344,-14.575718879699707
3,77264,-25.635019302368164,-1.9128801822662354,-11.60381031036377,-10.495881080627441
3,77264,-19.53586769104004,-4.823659896850586,-21.10095977783203,-5.771017074584961
3,77264,16.799007415771484,15.515241622924805,-2.2409865856170654,14.84818172454834
3,77264,-2.060469150543213,8.484770774841309,29.07497787475586,11.104011535644531
3,77264,9.848028182983398,-11.808740615844727,-6.526051044464111,-3.809020757675171
3,77264,21.77573585510254,-5.772417068481445,-23.852214813232422,4.032992362976074
3,77265,-8.248015403747559,6.35642671585083,16.318452835083008,16.067340850830078
3,77265,-4.238884925842285,12.304496765136719,21.851518630981445,2.7397894859313965
3,77265,14.465227127075195,6.645089149475098,-6.871585845947266,-23.589677810668945
3,77265,15.400588035583496,-23.713031768798828,-21.4210147857666,-9.708088874816895
3,77265,-15.776859283447266,-7.622482776641846,-2.990142583847046,20.95049476623535
3,77265,-21.211833953857422,23.538272857666016,22.396581649780273,-5.144242763519287
3,77266,14.53464126586914,-7.816397190093994,0.7804261445999146,-21.646987915039062
3,77266,-4.678753852844238,-5.149475574493408,-10.804291725158691,6.318325519561768
3,77267,97.20906066894531,-62.672847747802734,-1.1392472982406616,12.13284969329834
3,77267,124.80824279785156,-71.05485534667969,-4.741574287414551,17.42778968811035
3,77267,-80.61708068847656,66.72284698486328,2.6047396659851074,-6.160826683044434
3,77268,-75.78223419189453,54.640769958496094,10.677599906921387,-6.799932956695557
3,77268,3.1665871143341064,-3.2211544513702393,7.8855438232421875,13.58304500579834
3,77268,-9.268393516540527,12.839041709899902,-1.5562297105789185,-29.492958068847656
3,77268,-10.433755874633789,21.37985610961914,9.57718563079834,-4.81562614440918
3,77269,19.24247932434082,43.20515060424805,35.614078521728516,-1.1695998907089233
3,77270,-4.9560346603393555,34.2714958190918,15.767135620117188,-40.77571487426758
3,77272,-187.16481018066406,63.05681610107422,1.3180696964263916,-29.98051643371582
3,77274,-194.0838623046875,82.10197448730469,8.571615219116211,-22.14678955078125
3,77276,-66.7152328491211,5.071962833404541,-32.605926513671875,24.835403442382812
3,77278,-8.995956420898438,1.6903505325317383,-8.72276496887207,-9.355793952941895
3,77280,-30.28602409362793,85.23242950439453,26.31949234008789,-71.88298797607422
3,77282,-99.73554992675781,72.21862030029297,-37.9602165222168,38.41620635986328
3,77284,123.74374389648438,-179.53619384765625,-74.96296691894531,80.18931579589844
3,77286,337.40985107421875,-281.1068420410156,-37.39273452758789,4.454293251037598
3,77288,308.5313720703125,-187.05567932128906,10.791193008422852,81.84197998046875
3,77290,134.73117065429688,-29.46147918701172,77.00592041015625,53.67158508300781
3,77292,-254.3662567138672,272.8271484375,65.23403930664062,-86.94792938232422
3,77294,-264.6062927246094,124.3741455078125,-35.090274810791016,-31.475675582885742
3,77296,39.0821533203125,-106.48712921142578,-45.32174301147461,7.149119853973389
3,77298,54.28178787231445,38.589317321777344,-9.126640319824219,-18.539587020874023
3,77300,-111.63487243652344,143.2832794189453,22.15195655822754,-38.52751159667969
3,77302,-185.10317993164062,83.23078155517578,19.820146560668945,-46.05214309692383
3,77304,53.43807601928711,-192.17405700683594,-45.956756591796875,45.349308013916016
3,77306,225.00123596191406,-214.39808654785156,-48.44884490966797,109.24959564208984
3,77308,244.42529296875,-14.167999267578125,46.52691650390625,56.67344284057617
3,77310,135.88604736328125,57.32081604003906,65.99658203125,-57.696109771728516
3,77313,-294.6168518066406,144.85330200195312,-4.059273719787598,-83.9292984008789
3,77314,-242.90672302246094,51.43095397949219,-27.00762176513672,16.097583770751953
3,77317,119.43750762939453,-91.72631072998047,4.051965236663818,34.70905303955078
3,77318,126.05445861816406,-24.640777587890625,31.863555908203125,-30.201770782470703
3,77491,284.1416320800781,-101.33257293701172,10.521660804748535,52.05595397949219
3,77491,141.01295471191406,-107.19662475585938,-22.075462341308594,84.95674896240234
3,77492,-368.7915954589844,187.00694274902344,5.984292507171631,-74.99041748046875
3,77492,-243.9531707763672,162.33102416992188,14.435099601745605,-86.7760009765625
3,77492,-28.38193702697754,13.228987693786621,-25.615169525146484,-19.54046058654785
3,77492,-52.89604949951172,17.180295944213867,-32.19212341308594,-8.998445510864258
3,77492,38.56726837158203,-53.460899353027344,-10.157286643981934,16.667236328125
3,77492,83.43449401855469,-69.06092834472656,-1.2547866106033325,11.71006965637207
3,77493,81.82780456542969,-38.75407791137695,-12.331587791442871,23.344499588012695
3,77493,45.22480010986328,-48.8247184753418,7.387877464294434,24.83484649658203
3,77493,-10.820387840270996,15.14574146270752,37.35490798950195,-14.548766136169434
3,77493,-40.99443817138672,84.66472625732422,18.613969802856445,-14.621735572814941
3,77493,-77.93412780761719,61.437068939208984,-4.629302024841309,-3.12703537940979
3,77494,-91.92352294921875,18.475297927856445,5.863845348358154,-11.750862121582031
3,77494,-41.173587799072266,17.7409725189209,-5.7574334144592285,-11.459559440612793
3,77494,23.764604568481445,19.991947174072266,-22.340778350830078,8.126359939575195
3,77494,42.218048095703125,-54.61622619628906,-14.74609088897705,26.91315269470215
3,77494,55.59483337402344,-62.563331604003906,-16.067047119140625,20.468120574951172
3,77494,83.0889892578125,-13.86036205291748,3.3353536128997803,-1.4874868392944336
3,77494,46.288875579833984,-29.61568260192871,15.621504783630371,-9.376544952392578
3,77495,-18.89338493347168,-21.40473747253418,0.886690616607666,-6.651695251464844
3,77495,-29.28744888305664,45.60506057739258,-0.35824769735336304,2.1222753524780273
3,77495,-26.753013610839844,48.55222702026367,-5.691646575927734,-4.863015174865723
3,77495,-51.81422805786133,8.300786972045898,-5.283991813659668,-25.689016342163086
3,77495,-40.941627502441406,17.258033752441406,13.089908599853516,1.395386815071106
3,77496,20.53050994873047,11.533872604370117,6.703052520751953,12.804954528808594
3,77496,37.58420944213867,-26.940767288208008,-5.449456214904785,0.645277738571167
3,77496,37.600730895996094,-52.675048828125,-10.610062599182129,30.37166976928711
3,77496,32.79174041748047,-22.503053665161133,2.368056535720825,19.911840438842773
3,77496,8.083579063415527,11.807877540588379,14.079346656799316,-29.388050079345703
3,77496,10.49791145324707,-6.298537254333496,-7.7052202224731445,-19.7220401763916
3,77497,-13.379669189453125,-14.631126403808594,19.45441246032715,13.635464668273926
3,77497,-38.73849868774414,22.545692443847656,16.444766998291016,-6.578356742858887
3,77497,-12.987931251525879,38.415122985839844,-19.032033920288086,-25.237817764282227
3,77497,-12.005427360534668,1.3612580299377441,-3.136502265930176,-5.538860321044922
3,77497,-20.496246337890625,-18.415599822998047,-15.689568519592285,18.912256240844727
3,77497,15.868744850158691,8.331075668334961,-9.660239219665527,20.47842025756836
3,77498,33.82071304321289,-3.929769277572632,13.29180908203125,-9.563511848449707
3,77498,13.683764457702637,-40.97036361694336,-11.253722190856934,-6.228302001953125
3,77498,-8.978084564208984,-15.767255783081055,-14.45103931427002,19.978750228881836
3,77498,0.7002822160720825,27.077011108398438,15.643288612365723,-3.396914482116699
3,77498,14.171744346618652,34.5262565612793,22.116592407226562,-17.485897064208984
3,77498,-13.980430603027344,38.085777282714844,8.034302711486816,17.67708396911621
3,77499,-17.428537368774414,31.678081512451172,1.3991849422454834,4.933418273925781
3,77499,-0.9841495752334595,-7.301900863647461,-9.211181640625,-11.466056823730469
3,77499,-13.158875465393066,27.336393356323242,-0.519201397895813,-14.590398788452148
3,77499,-1.9485474824905396,39.85213851928711,21.614887237548828,-4.361227989196777
3,77499,14.34287166595459,-38.83513259887695,-0.3059365153312683,30.675989151000977
3,77499,-4.931769847869873,-40.17837905883789,-10.567496299743652,-19.667583465576172
3,77500,-0.7203203439712524,-11.537038803100586,-2.0454492568969727,-21.94344139099121
3,77500,3.2313032150268555,9.125487327575684,1.632819414138794,28.308252334594727
3,77500,-24.450359344482422,2.5697479248046875,4.462518215179443,-8.564507484436035
3,77500,-15.886850357055664,-29.3521671295166,-4.18628454208374,-29.877758026123047
3,77500,-14.695240020751953,-15.821611404418945,-17.006092071533203,5.8194427490234375
3,77501,-16.681560516357422,-13.30904769897461,-10.527522087097168,12.9608154296875
3,77501,13.384318351745605,-25.512054443359375,-3.4101510047912598,1.1317919492721558
3,77501,14.70310115814209,-1.870665192604065,-3.4282145500183105,13.796148300170898
3,77501,7.220945358276367,7.185051441192627,4.530071258544922,1.3077186346054077
3,77501,13.254652976989746,-33.879150390625,-13.671283721923828,-5.382957458496094
3,77501,25.19260025024414,-14.726788520812988,-9.502975463867188,1.4052338600158691
3,77502,4.076741695404053,39.77978515625,24.740358352661133,18.15113639831543
3,77502,-4.216119766235352,11.903679847717285,11.256850242614746,26.256389617919922
3,77502,9.778572082519531,-14.862613677978516,-23.240835189819336,-13.95007038116455
3,77502,-2.4413468837738037,-3.520017147064209,-8.764857292175293,-4.373347759246826
3,77502,10.575443267822266,-8.503424644470215,-3.380117654800415,-1.5254093408584595
3,77502,11.569364547729492,-6.777909278869629,5.144211292266846,-6.567593097686768
3,77503,-6.153778553009033,6.856759548187256,-3.3227522373199463,3.817770481109619
3,77503,7.604830265045166,-9.1871919631958,-13.426241874694824,-13.851649284362793
3,77503,26.53659439086914,-18.781843185424805,29.173892974853516,6.517267227172852
3,77503,21.073537826538086,28.689090728759766,19.010974884033203,4.163541316986084
3,77503,4.279529094696045,11.157365798950195,-3.351402759552002,-18.616430282592773
3,77503,-4.276428699493408,-40.73436737060547,11.050633430480957,-1.5886011123657227
3,77504,2.3309128284454346,16.951433181762695,12.161864280700684,8.227200508117676
3,77504,8.67275619506836,26.407381057739258,-5.55869722366333,-14.94102954864502
3,77504,-10.199685096740723,-30.188007354736328,-21.477636337280273,-5.96791410446167
3,77504,-16.256080627441406,-8.150421142578125,4.414177417755127,22.105125427246094
3,77504,0.2659810483455658,19.14715003967285,22.24547576904297,5.26426887512207
3,77504,12.322641372680664,-11.701019287109375,-19.898160934448242,-3.401761770248413
3,77505,12.16158390045166,-23.195785522460938,-34.23971939086914,-15.105134963989258
3,77505,-17.276222229003906,-9.279187202453613,-16.810306549072266,-5.028244972229004
3,77505,-15.03576946258545,0.8977758288383484,11.457221031188965,33.220584869384766
3,77505,23.167306900024414,15.261815071105957,10.495132446289062,7.178395748138428
3,77505,20.1498966217041,-10.934242248535156,-22.957731246948242,-2.650015354156494
3,77505,-11.194099426269531,10.969453811645508,14.754301071166992,18.201982498168945
3,77506,-16.269695281982422,24.767133712768555,35.77008819580078,12.664290428161621
3,77506,15.30274486541748,-2.6260738372802734,9.265508651733398,5.909833908081055
3,77506,29.530492782592773,23.327665328979492,-1.91634202003479,-8.823928833007812
3,77507,127.95128631591797,-68.14073944091797,-12.670440673828125,37.36261749267578
3,77507,97.71133422851562,-71.7838134765625,4.246518135070801,42.72348403930664
3,77508,-113.58210754394531,77.03878021240234,20.840343475341797,-51.373992919921875
3,77508,-55.61882400512695,35.82416915893555,10.81020736694336,-49.6897087097168
3,77508,17.83744239807129,-23.197935104370117,-15.017277717590332,0.7175121307373047
3,77508,-37.01775360107422,20.719139099121094,-14.22060489654541,6.409447193145752
3,77508,-19.651735305786133,17.26033592224121,19.12063217163086,1.432570457458496
3,77508,-19.15833854675293,15.275936126708984,8.94051742553711,-23.350261688232422
3,77510,-10.822216033935547,86.09819793701172,24.862873077392578,-20.778017044067383
3,77513,-153.87893676757812,128.0126190185547,42.24684143066406,-28.946910858154297
3,77514,-234.89500427246094,25.831050872802734,-3.7823877334594727,-63.17382049560547
3,77517,-49.985965728759766,-11.6654691696167,-37.90359115600586,-32.924861907958984
3,77518,25.759836196899414,45.27568435668945,-50.42219543457031,53.22505569458008
3,77519,40.55138397216797,48.63194274902344,13.669075012207031,54.25986099243164
3,77522,-107.93177795410156,16.023630142211914,27.535572052001953,-55.42433166503906
3,77523,-66.84835815429688,-156.43585205078125,-74.01461791992188,-23.84989356994629
3,77526,415.03375244140625,-301.6829528808594,-89.36701965332031,106.4318618774414
3,77527,419.8688049316406,-173.4557342529297,18.660572052001953,87.06398010253906
3,77530,45.06388854980469,61.877845764160156,111.99144744873047,-27.4981689453125
3,77531,-144.38104248046875,156.59742736816406,59.82001495361328,-59.02646255493164
3,77534,-249.53790283203125,129.3561553955078,-41.42692184448242,-7.76605749130249
3,77535,-96.1126708984375,-15.086077690124512,-25.41495132446289,9.258049011230469
3,77538,80.87364196777344,-70.34111785888672,-3.3372745513916016,3.5924222469329834
3,77539,-31.443456649780273,138.12631225585938,-10.041936874389648,-10.592741012573242
3,77542,-177.05712890625,162.6351318359375,41.611915588378906,-33.07081985473633
3,77543,-72.47293090820312,-105.66178894042969,-6.1967387199401855,9.702098846435547
3,77546,293.7960205078125,-292.17449951171875,-115.25419616699219,65.1800537109375
3,77547,263.987548828125,-156.68350219726562,-24.835962295532227,52.380531311035156
3,77550,-26.828670501708984,181.3575439453125,136.74366760253906,-24.104211807250977
3,77551,-106.10563659667969,202.48716735839844,49.856876373291016,-74.64248657226562
3,77554,-189.94798278808594,-19.67978858947754,-67.69764709472656,-17.908037185668945
3,77555,-65.6098861694336,-80.852783203125,-26.828956604003906,35.198551177978516
3,77558,113.48823547363281,1.8112653493881226,16.62411117553711,31.907337188720703
3,77559,2.3695857524871826,107.33285522460938,43.81973648071289,-13.45124340057373
4,77742,-161.6013641357422,37.077735900878906,-31.09539031982422,-77.46524047851562
4,77743,-126.7384033203125,-36.70353317260742,-50.442901611328125,-33.45936584472656
4,77743,-1.3379504680633545,57.715389251708984,48.12825393676758,31.476593017578125
4,77743,-13.862112998962402,52.728424072265625,1.0070912837982178,-15.03911304473877
4,77743,-10.95886516571045,-33.98062515258789,-52.069549560546875,-21.531675338745117
4,77743,49.540531158447266,-67.00466918945312,-20.50967025756836,42.61024475097656
4,77743,109.04449462890625,-117.9303207397461,-8.298348426818848,39.377769470214844
4,77744,176.31793212890625,-103.6016616821289,12.054890632629395,9.584750175476074
4,77744,162.0244140625,-51.87479782104492,10.8688325881958,16.233243942260742
4,77744,68.39796447753906,-20.03647232055664,3.8538708686828613,31.79091453552246
4,77744,-20.78505516052246,40.23801040649414,40.41743087768555,23.14558982849121
4,77744,-40.9843635559082,68.52161407470703,46.991004943847656,-29.913814544677734
4,77744,-69.20233154296875,62.050384521484375,-3.098126173019409,-20.53101921081543
4,77745,-80.55799865722656,21.19948959350586,-14.052154541015625,28.940643310546875
4,77745,-30.824993133544922,-5.532691478729248,-10.65782642364502,-2.968167304992676
4,77745,-11.570521354675293,-3.59689998626709,-19.20743179321289,-15.82048225402832
4,77745,32.87190628051758,-45.86033248901367,-3.8614766597747803,-7.482864856719971
4,77745,84.91934204101562,-59.03351974487305,-1.263741135597229,-12.874310493469238
4,77745,58.44704055786133,-25.05711555480957,-11.139610290527344,21.939346313476562
4,77746,7.177814960479736,-15.124516487121582,-4.010591506958008,10.972250938415527
4,77746,-16.35576057434082,20.076343536376953,29.078388214111328,-40.74198532104492
4,77746,-40.15147018432617,54.302886962890625,31.64915657043457,-12.937939643859863
4,77746,-61.346458435058594,53.45195770263672,-17.86912727355957,17.403650283813477
4,77746,-45.119415283203125,25.072410583496094,-39.73329162597656,-18.89110565185547
4,77747,-42.658485412597656,-15.25054931640625,-7.9433274269104,-4.761195659637451
4,77747,-5.8774614334106445,1.7430782318115234,23.730661392211914,25.098493576049805
4,77747,73.1845932006836,0.645446240901947,12.62932300567627,3.5096747875213623
4,77747,55.69805908203125,-32.775089263916016,-1.1103571653366089,-3.3333959579467773
4,77747,2.473616361618042,-13.487811088562012,20.567781448364258,9.576958656311035
4,77747,34.773563385009766,10.135048866271973,5.045280933380127,7.213038921356201
4,77748,22.936853408813477,22.511011123657227,-1.5957756042480469,-0.8436280488967896
4,77748,-67.4792251586914,28.19819450378418,36.46636199951172,-13.778485298156738
4,77748,-49.577423095703125,19.034669876098633,0.5620010495185852,-19.662609100341797
4,77748,-2.804933786392212,46.213348388671875,-28.37798500061035,5.51561164855957
4,77748,-37.00780487060547,34.61699295043945,-4.220884323120117,1.4577322006225586
4,77748,-26.181468963623047,-42.87234115600586,-11.394451141357422,-18.15898323059082
4,77749,4.336902618408203,-38.246124267578125,-20.382261276245117,11.508039474487305
4,77749,12.784178733825684,15.773592948913574,-2.3847298622131348,30.02140998840332
4,77749,44.79377365112305,6.137804985046387,19.4572811126709,-9.0748929977417
4,77749,-1.322208046913147,-15.965590476989746,3.9763846397399902,-15.574687957763672
4,77749,-52.03594970703125,-15.408563613891602,-12.648902893066406,9.218671798706055
4,77749,-1.599716305732727,-1.9950041770935059,-1.2136633396148682,18.156143188476562
4,77750,-12.612473487854004,24.671316146850586,1.510359764099121,2.5799193382263184
4,77750,-41.371524810791016,16.092483520507812,7.174063205718994,-45.29123306274414
4,77750,-13.155750274658203,-26.019227981567383,-0.23437878489494324,-24.083555221557617
4,77750,0.3509208559989929,-19.47894859313965,-11.843133926391602,24.35798454284668
4,77750,19.834850311279297,15.365463256835938,1.7640066146850586,-1.2395055294036865
4,77750,30.747604370117188,-2.918144941329956,3.390930414199829,-10.539076805114746
4,77751,-7.35797119140625,2.5039308071136475,10.983308792114258,18.27947425842285
4,77751,-0.9498674869537354,32.946712493896484,8.150666236877441,12.619612693786621
4,77751,15.693843841552734,-13.031864166259766,-12.133536338806152,-8.014314651489258
4,77751,-29.366104125976562,-15.898009300231934,-4.750698566436768,-5.8782453536987305
4,77751,-19.471160888671875,47.949981689453125,-18.24961280822754,7.330976486206055
4,77752,7.337546348571777,16.77021026611328,-22.470264434814453,-7.283775329589844
4,77752,-2.214146375656128,-35.11016082763672,12.509184837341309,-9.635562896728516
4,77752,3.375576972961426,-12.335648536682129,14.049139022827148,29.21538543701172
4,77752,1.6177741289138794,-9.009498596191406,-21.030567169189453,17.040884017944336
4,77752,7.478353023529053,-23.885997772216797,-9.470891952514648,-15.007524490356445
4,77752,11.93621826171875,-3.079089879989624,6.563640594482422,-12.57414722442627
4,77753,3.1993842124938965,-1.4534066915512085,1.1825076341629028,7.78161096572876
4,77753,24.440574645996094,-6.848101615905762,31.696298599243164,5.649957180023193
4,77753,3.2692391872406006,5.214356422424316,20.647525787353516,-21.334047317504883
4,77753,-15.668095588684082,-8.1889066696167,-16.65022850036621,-0.7672369480133057
4,77753,-15.777892112731934,-1.4178400039672852,5.808657169342041,6.648561477661133
4,77753,-1.1598526239395142,24.09160041809082,15.374911308288574,2.325066328048706
4,77754,15.2532377243042,-6.759194374084473,-13.685863494873047,6.510491371154785
4,77754,-21.985862731933594,-6.729457855224609,-7.824272632598877,-16.190265655517578
4,77754,17.115476608276367,16.3671817779541,6.452940464019775,-2.469475030899048
4,77754,21.95333480834961,-22.26992416381836,6.176056385040283,15.989007949829102
4,77754,-23.778606414794922,-10.417706489562988,-17.948259353637695,-4.417784690856934
4,77754,10.326682090759277,33.468894958496094,-21.938024520874023,-37.0286750793457
4,77755,12.608833312988281,9.135110855102539,16.347400665283203,-19.083759307861328
4,77755,-11.072481155395508,-6.208402156829834,7.794847011566162,27.489946365356445
4,77755,-17.111774444580078,4.290937423706055,-29.128982543945312,-0.2354322373867035
4,77755,-19.7386474609375,2.9726147651672363,-6.894533634185791,-19.097530364990234
4,77755,13.439969062805176,6.296469688415527,16.704113006591797,13.231695175170898
4,77755,20.582508087158203,-6.628518581390381,-14.146080017089844,11.431692123413086
4,77756,-9.655725479125977,-18.698360443115234,-8.407770156860352,-8.69419002532959
4,77756,1.45207679271698,2.843559980392456,12.799433708190918,8.468997955322266
4,77756,19.172195434570312,27.802143096923828,17.39116096496582,20.356409072875977
4,77756,0.15291164815425873,-4.182867527008057,-7.731173515319824,2.231471061706543
4,77756,-10.780097961425781,-20.249496459960938,-14.723987579345703,0.9235534071922302
4,77756,-0.7057471871376038,13.696617126464844,39.1248664855957,3.4635684490203857
4,77757,13.334741592407227,5.710622787475586,6.977124214172363,3.8257739543914795
4,77757,7.730291366577148,-12.463592529296875,-17.369905471801758,27.354610443115234
4,77757,-7.623560428619385,-0.28676265478134155,30.456710815429688,12.83913803100586
4,77757,4.353428363800049,4.942861557006836,2.989014148712158,-28.399927139282227
4,77757,12.90092945098877,-19.005573272705078,-32.6201286315918,-8.073898315429688
4,77757,6.532801628112793,-18.20749282836914,3.3310489654541016,14.979970932006836
4,77758,-3.706310749053955,18.075695037841797,17.797542572021484,10.63650131225586
4,77758,-1.137704849243164,11.272708892822266,2.901252269744873,-11.885817527770996
4,77759,-66.35563659667969,86.36664581298828,-9.711024284362793,-39.856040954589844
4,77759,-83.31028747558594,78.59056091308594,-13.011428833007812,-11.734733581542969
4,77759,34.80317687988281,-80.60225677490234,1.2452118396759033,16.605348587036133
4,77760,30.070415496826172,-24.639204025268555,-4.616429805755615,-2.5082504749298096
4,77760,-26.73393440246582,24.68039321899414,-6.194644451141357,-2.9042234420776367
4,77760,11.187352180480957,-15.947806358337402,-10.054868698120117,12.984742164611816
4,77760,9.804102897644043,-19.000442504882812,4.896216869354248,-5.0757222175598145
4,77760,-15.078290939331055,-22.84360122680664,8.902961730957031,-14.070112228393555
4,77762,-9.611719131469727,-51.1226921081543,-36.69213104248047,2.303278923034668
4,77762,-18.63389015197754,-74.62501525878906,-25.64950942993164,15.764081001281738
4,77765,160.6958770751953,-119.87643432617188,-19.338245391845703,64.16753387451172
4,77766,324.7599792480469,-193.1249542236328,-31.46694564819336,61.495277404785156
4,77769,249.25682067871094,-15.437470436096191,72.20893859863281,11.010842323303223
4,77770,-24.3558349609375,156.20294189453125,115.40531921386719,-58.06846618652344
4,77773,-396.2074279785156,142.18597412109375,-9.727359771728516,-94.26912689208984
4,77774,-270.0050048828125,89.39531707763672,-44.22405242919922,18.950725555419922
4,77777,32.165706634521484,45.500282287597656,16.07678985595703,30.673477172851562
4,78032,-97.36759948730469,182.61654663085938,10.433188438415527,-80.3943099975586
4,78034,-178.63702392578125,135.2459716796875,-17.238994598388672,-42.499366760253906
4,78036,98.7569808959961,-231.3175506591797,-56.82696533203125,81.17591857910156
4,78038,237.28305053710938,-249.30783081054688,-43.372554779052734,54.1754264831543
4,78040,236.2715606689453,-73.14530181884766,27.415014266967773,38.284183502197266
4,78042,136.21173095703125,41.69700241088867,78.28491973876953,-22.32829475402832
4,78044,-311.8804931640625,213.9819793701172,51.98129653930664,-122.93582153320312
4,78046,-294.05853271484375,82.35332489013672,-34.325706481933594,38.83095169067383
4,78049,79.89293670654297,-78.44888305664062,-57.40321350097656,55.326622009277344
4,78950,266.78521728515625,-120.14778137207031,-9.905357360839844,-5.594455718994141
4,78951,241.63125610351562,-116.29393005371094,39.075233459472656,37.97283935546875
4,78951,-134.43328857421875,98.50104522705078,25.836124420166016,-21.685564041137695
4,78951,-208.10032653808594,125.16351318359375,-0.8300302624702454,-27.919031143188477
4,78951,-70.68363952636719,48.13362121582031,-9.418344497680664,-20.23721694946289
4,78951,-102.92095184326172,49.92911911010742,-6.187644958496094,-27.72676658630371
4,78951,-75.97843933105469,-11.324430465698242,-15.211575508117676,11.693437576293945
4,78952,8.57355785369873,-35.23695755004883,-32.051605224609375,16.116647720336914
4,78952,80.4921646118164,-42.22941970825195,-17.986940383911133,-1.3595154285430908
4,78952,111.78236389160156,-57.08129119873047,-14.443618774414062,9.276066780090332
4,78952,88.29753875732422,-49.06053161621094,-5.907509803771973,13.470965385437012
4,78952,5.527454376220703,-18.085369110107422,25.878211975097656,6.186931610107422
4,78952,-27.902772903442383,44.85944747924805,35.72882080078125,-20.481149673461914
4,78953,-36.45867919921875,59.26536178588867,15.902084350585938,-35.265113830566406
4,78953,-80.56607818603516,27.10228729248047,0.09841526299715042,-6.761840343475342
4,78953,-65.46026611328125,43.076637268066406,-9.662680625915527,-9.134367942810059
4,78953,4.3294219970703125,10.873127937316895,-17.933917999267578,-4.968153476715088
4,78953,42.492523193359375,-39.6259765625,-17.075464248657227,19.04286766052246
4,78953,26.83769989013672,-52.80289840698242,-19.20429039001465,16.433713912963867
4,78954,39.780982971191406,-56.17522430419922,0.0692080557346344,15.716562271118164
4,78954,67.14808654785156,2.9226884841918945,19.612564086914062,23.63048553466797
4,78954,33.186710357666016,30.49974822998047,7.806621074676514,10.981016159057617
4,78954,-19.278186798095703,-2.983619451522827,21.666879653930664,-9.603950500488281
4,78954,-50.855472564697266,4.836580276489258,22.51424217224121,-5.224462985992432
4,78954,-35.34421157836914,37.6793098449707,-21.406301498413086,-8.630376815795898
4,78955,-20.894628524780273,22.93881607055664,-14.512332916259766,1.47372567653656
4,78955,-16.277095794677734,1.199395775794983,6.77993631362915,3.353118896484375
4,78955,18.536455154418945,-15.818977355957031,-0.04274599626660347,-0.45290908217430115
4,78955,31.290109634399414,-28.14251136779785,-1.2667266130447388,-1.6906293630599976
4,78955,35.006893157958984,-14.88244915008545,-6.289575099945068,-11.324751853942871
4,78956,31.69617462158203,-8.83691692352295,1.1452503204345703,8.33803939819336
4,78956,5.8318772315979,9.865104675292969,0.9987066984176636,9.711587905883789
4,78956,-16.10577964782715,24.462244033813477,6.379607677459717,-13.42421817779541
4,78956,-33.76051712036133,22.089277267456055,14.875998497009277,-13.769412994384766
4,78956,-27.184343338012695,28.780637741088867,4.663617134094238,5.284945964813232
4,78956,-20.073396682739258,24.260831832885742,-8.61627197265625,-20.907058715820312
4,78957,-17.366832733154297,-14.126055717468262,-18.562036514282227,-7.037525177001953
4,78957,-4.16303014755249,-27.36342430114746,12.788384437561035,40.89646530151367
4,78957,14.916403770446777,-9.340479850769043,9.968034744262695,4.076945781707764
4,78957,13.474987983703613,-4.8212056159973145,-17.41001319885254,-31.383745193481445
4,78957,1.3643603324890137,8.058048248291016,-4.487509727478027,-11.476645469665527
4,78957,-1.5861895084381104,-24.216886520385742,-2.8220698833465576,14.264333724975586
4,78958,-27.249671936035156,-18.110036849975586,3.2528634071350098,1.1740529537200928
4,78958,-10.248907089233398,35.028133392333984,0.5971516370773315,1.4710363149642944
4,78958,8.951181411743164,14.973312377929688,3.1377129554748535,20.499698638916016
4,78958,-25.910959243774414,-5.219643592834473,14.93550968170166,3.0877153873443604
4,78958,-6.605710506439209,-15.609390258789062,-11.7498197555542,-3.5479419231414795
4,78958,24.27777671813965,-4.498385429382324,-9.862902641296387,13.848361015319824
4,78959,21.963565826416016,18.163461685180664,9.04030990600586,8.521834373474121
4,78959,25.59762954711914,-20.7061710357666,2.019256114959717,-10.826689720153809
4,78959,16.828571319580078,-40.28461456298828,-6.253931045532227,-8.980786323547363
4,78959,10.303924560546875,5.057431221008301,-16.467426300048828,-24.645347595214844
4,78959,-17.028629302978516,3.042250394821167,-0.7663589119911194,-8.227272987365723
4,78959,-13.012895584106445,-15.720366477966309,6.9929304122924805,25.862781524658203
4,78960,23.427845001220703,12.693946838378906,11.00527286529541,0.21903669834136963
4,78960,13.013315200805664,5.2276129722595215,9.296634674072266,-1.2084033489227295
4,78960,-13.676323890686035,-30.734994888305664,-36.04934310913086,-1.4774645566940308
4,78960,-9.122840881347656,-10.904885292053223,-15.161269187927246,-6.381519794464111
4,78960,6.664350509643555,8.852020263671875,21.757125854492188,11.051850318908691
4,78960,19.012052536010742,-23.164108276367188,-9.375777244567871,17.9527587890625
4,78961,30.642179489135742,-13.074176788330078,8.0934476852417,3.977293014526367
4,78961,8.457143783569336,8.522186279296875,10.97539234161377,-6.739978790283203
4,78961,-23.347990036010742,-8.079779624938965,-23.079561233520508,5.350847244262695
4,78961,-11.24137020111084,-8.472670555114746,5.354968547821045,-13.484818458557129
4,78961,17.50449562072754,10.168379783630371,7.946058750152588,-7.516290187835693
4,78961,3.542229652404785,16.011367797851562,-5.230105876922607,11.826454162597656
4,78962,-7.196416854858398,-4.274219989776611,2.3640172481536865,-15.0477294921875
4,78962,-1.654797911643982,3.738792896270752,-0.35771870613098145,-1.9323370456695557
4,78962,17.886011123657227,14.158341407775879,11.764509201049805,27.35460090637207
4,78962,10.30462646484375,-0.7303284406661987,4.842475414276123,13.334991455078125
4,78962,1.376315951347351,4.792035102844238,-1.4515972137451172,12.554680824279785
4,78963,28.271879196166992,-11.817159652709961,6.753653049468994,17.524150848388672
4,78963,8.41728401184082,11.235174179077148,-2.525827646255493,0.1401229053735733
4,78963,-9.814820289611816,37.58864974975586,1.981260895729065,3.8714046478271484
4,78963,12.006256103515625,-23.546390533447266,-4.358636379241943,-5.227251052856445
4,78963,8.13586711883545,-34.10996627807617,-7.7174601554870605,-4.679746150970459
4,78963,-16.387365341186523,11.976361274719238,11.617803573608398,-0.43147680163383484
4,78963,-1.2338578701019287,2.1805126667022705,-8.444135665893555,-14.262697219848633
4,78964,6.7568864822387695,-16.47357177734375,5.704890251159668,-18.645666122436523
4,78964,-2.982041358947754,1.4374885559082031,11.849114418029785,-32.76875305175781
4,78964,-5.535622596740723,2.5305919647216797,-6.2767333984375,6.986499309539795
4,78964,-0.8947739601135254,-17.02967643737793,18.63852310180664,12.484925270080566
4,78964,10.334938049316406,-7.713820934295654,-13.236029624938965,-16.025737762451172
4,78964,-6.866783618927002,27.500652313232422,-13.591985702514648,11.760502815246582
4,78965,3.889130115509033,16.484277725219727,28.064754486083984,3.7296812534332275
4,78965,17.971725463867188,-5.687826156616211,-14.62449836730957,-27.22641372680664
4,78965,-23.415321350097656,-5.6443305015563965,-11.570775985717773,-8.813512802124023
4,78965,-16.189435958862305,-2.154756546020508,24.505020141601562,18.271636962890625
4,78966,86.1740951538086,11.68945598602295,17.344343185424805,-14.069592475891113
4,78967,39.859134674072266,12.839386940002441,1.2385847568511963,-17.668771743774414
4,78967,-102.46372985839844,18.3615665435791,-22.729564666748047,15.978798866271973
4,78967,-40.10366439819336,12.19411563873291,8.00023365020752,17.268869400024414
4,78967,2.240821123123169,22.576072692871094,8.566391944885254,6.666319847106934
4,78967,-39.9680290222168,28.02020835876465,-0.558674156665802,-22.24296760559082
4,78967,-3.2517545223236084,-13.102214813232422,10.826475143432617,-4.253118991851807
4,78968,-7.2078375816345215,-11.167248725891113,-16.533899307250977,24.4255428314209
4,78969,-84.07991790771484,87.59140014648438,31.599592208862305,7.054795265197754
4,78970,-109.7806625366211,102.62042236328125,41.579898834228516,-16.532052993774414
4,78972,-66.55814361572266,-37.5682487487793,-60.05152130126953,-63.07869338989258
4,78974,-67.36280059814453,-70.20401763916016,-54.948974609375,-17.61802101135254
4,78976,-21.792156219482422,14.480087280273438,6.200246810913086,49.403053283691406
4,78978,-4.932169437408447,153.86944580078125,44.370765686035156,-10.24222469329834
4,78980,-110.31754302978516,57.23231506347656,1.3663760423660278,-57.669273376464844
4,78982,130.61912536621094,-298.09039306640625,-141.95790100097656,43.51775360107422
4,78984,386.4493713378906,-276.75225830078125,-59.12709426879883,144.76332092285156
4,78986,324.4939880371094,-52.20679473876953,119.26659393310547,34.70420837402344
4,78988,113.92710876464844,81.0417709350586,84.42172241210938,-72.7035140991211
4,78990,-300.5255432128906,190.95433044433594,3.5700461864471436,-21.807279586791992
4,78992,-243.37991333007812,49.78297424316406,-2.647207260131836,27.689376831054688
4,78994,39.04590606689453,-51.23699951171875,-35.36370086669922,-48.73338317871094
4,78996,5.635385513305664,35.059471130371094,-39.87434005737305,-42.3590202331543
4,78998,-104.37841033935547,119.5217056274414,48.662269592285156,2.8339786529541016
4,79000,-176.05450439453125,83.27693176269531,38.47322463989258,-19.062061309814453
4,79002,129.7191619873047,-205.88836669921875,-59.86486053466797,74.25907135009766
4,79004,271.0373840332031,-238.899658203125,-62.50997543334961,63.57109451293945
4,79007,163.4873046875,4.6038360595703125,28.234216690063477,-9.89195728302002
4,79008,37.08683776855469,136.45309448242188,54.858097076416016,-42.57465362548828
4,79011,-299.6292724609375,144.9021453857422,60.978153228759766,-78.05022430419922
4,79012,-139.19540405273438,-3.467595338821411,8.878252983093262,27.7238712310791
4,79015,121.13321685791016,-68.78411865234375,-101.35433197021484,48.2100830078125
4,79016,28.660850524902344,-15.830460548400879,-23.53998565673828,-22.34025764465332
4,79019,-107.85189819335938,128.1527099609375,63.555606842041016,-5.222654819488525
4,79202,-39.258628845214844,-16.80352210998535,-19.066383361816406,2.7550368309020996
4,79203,141.51405334472656,-211.2574920654297,-70.1701431274414,-8.630779266357422
4,79203,-113.86631774902344,113.28744506835938,18.346017837524414,-27.283170700073242
4,79203,-171.35275268554688,128.19754028320312,28.09754180908203,-6.268669128417969
4,79203,47.982261657714844,-61.22099304199219,-20.5457706451416,25.882343292236328
4,79203,82.40074157714844,-62.29917907714844,-14.382315635681152,46.81651306152344
4,79203,145.85104370117188,-94.5286636352539,-24.8160400390625,22.450315475463867
4,79204,181.532958984375,-75.55313873291016,15.164518356323242,12.299821853637695
4,79204,109.34772491455078,-35.12228012084961,43.6746826171875,27.274600982666016
4,79204,11.986490249633789,22.666194915771484,28.125795364379883,-15.44690227508545
4,79204,-44.433982849121094,54.75657653808594,19.276355743408203,-33.13601303100586
4,79204,-97.1393814086914,75.67388153076172,7.05769157409668,-20.141538619995117
4,79205,-114.18404388427734,75.31997680664062,-3.6727099418640137,-17.93613624572754
4,79205,-72.29618072509766,22.126230239868164,-25.445253372192383,-4.048418045043945
4,79205,-17.036846160888672,2.730699062347412,-15.049914360046387,17.613080978393555
4,79205,24.145055770874023,-13.287610054016113,7.806276798248291,-12.97670841217041
4,79205,46.96546936035156,-62.34654235839844,-2.130194664001465,-12.811461448669434
4,79205,69.58609771728516,-56.72357177734375,0.4917267858982086,33.676902770996094
4,79206,69.51945495605469,-6.676560878753662,14.812713623046875,19.182817459106445
4,79206,27.772605895996094,34.626102447509766,27.5732479095459,-14.022855758666992
4,79206,-49.55644607543945,52.384559631347656,36.65872573852539,-22.003698348999023
4,79206,-82.73530578613281,53.721824645996094,17.904075622558594,-31.640413284301758
4,79206,-52.06244659423828,36.03226089477539,-20.550376892089844,-17.819337844848633
4,79206,-64.65933227539062,12.181098937988281,-28.112747192382812,-2.1447033882141113
4,79207,-35.93351745605469,17.239294052124023,2.4179537296295166,-12.883418083190918
4,79207,38.85063171386719,-9.858489990234375,-6.802694797515869,10.344125747680664
4,79207,29.735790252685547,-50.893367767333984,-27.264257431030273,25.426618576049805
4,79207,15.109564781188965,-34.209590911865234,-3.7445526123046875,11.053704261779785
4,79207,29.562124252319336,-24.28168296813965,8.542110443115234,2.8235232830047607
4,79207,10.688468933105469,-6.3893961906433105,7.121163368225098,0.09376197308301926
4,79208,-32.16544723510742,28.79108238220215,7.875859260559082,9.236406326293945
4,79208,-49.69815444946289,32.07463455200195,7.468902111053467,-15.405686378479004
4,79208,-53.59548568725586,28.463970184326172,0.8957183957099915,-6.085639476776123
4,79208,-25.70521354675293,-1.066833734512329,-19.70408058166504,10.070357322692871
4,79208,17.981821060180664,-20.657718658447266,-15.837130546569824,-14.515061378479004
4,79209,17.047164916992188,-14.00537109375,7.850977897644043,-2.644355535507202
4,79209,18.344785690307617,-29.87941551208496,-20.132606506347656,13.321518898010254
4,79209,15.17467975616455,-20.122318267822266,-25.980770111083984,23.47878074645996
4,79209,0.1826617270708084,6.196932792663574,25.475000381469727,5.066262722015381
4,79209,17.51397132873535,-0.8399961590766907,7.189022064208984,-16.51583480834961
4,79209,3.8859775066375732,14.751694679260254,-11.62540054321289,-1.6513068675994873
4,79210,-20.279094696044922,36.79059982299805,18.631254196166992,-7.660575866699219
4,79210,-3.9053633213043213,-9.98400592803955,3.8779137134552,-4.010767936706543
4,79210,-20.519853591918945,-22.67152976989746,-10.122658729553223,20.286046981811523
4,79210,-7.391170978546143,31.711246490478516,-3.5846290588378906,-7.083946228027344
4,79210,17.081375122070312,-1.2622348070144653,-0.9749652147293091,-24.236520767211914
4,79210,3.308745861053467,-38.33001708984375,3.6695051193237305,9.479583740234375
4,79211,24.058778762817383,11.73583698272705,-9.72346019744873,30.169965744018555
4,79211,17.042936325073242,19.438941955566406,8.6989107131958,1.9873108863830566
4,79211,0.8951144218444824,-17.265283584594727,21.097864151000977,-22.896501541137695
4,79211,6.6923112869262695,-4.9844231605529785,-0.4497196078300476,2.9911601543426514
4,79211,-5.135858535766602,3.636378288269043,-10.399608612060547,-5.555257320404053
4,79211,-29.857254028320312,11.396683692932129,-10.131800651550293,-12.364261627197266
4,79212,-27.02151870727539,35.155765533447266,19.65723419189453,17.651838302612305
4,79212,20.44858741760254,-32.34931182861328,-7.381392002105713,-1.8837964534759521
4,79212,9.63140869140625,-28.710041046142578,-13.178582191467285,-9.074214935302734
4,79212,0.3972945213317871,14.749471664428711,16.754684448242188,12.43782901763916
4,79212,31.323055267333984,-16.876428604125977,-20.92588233947754,-14.627907752990723
4,79212,13.414667129516602,2.710839033126831,-7.341123580932617,-9.3738431930542
4,79213,-3.114816665649414,10.899237632751465,21.350311279296875,21.491483688354492
4,79213,-0.7253799438476562,10.784231185913086,4.889728546142578,-12.52798080444336
4,79213,-5.053900241851807,-8.937507629394531,-11.260598182678223,2.7528700828552246
4,79213,-28.309675216674805,-14.225970268249512,-10.563565254211426,21.84665298461914
4,79213,-17.46579360961914,27.98310089111328,17.729434967041016,-16.32273292541504
4,79213,25.031789779663086,8.376192092895508,13.330526351928711,6.255437850952148
4,79214,5.9416704177856445,-4.183746337890625,-22.83366584777832,18.09675407409668
4,79214,-6.151374816894531,3.347540855407715,-4.780166149139404,-13.009693145751953
4,79214,12.754645347595215,-12.078815460205078,1.9375144243240356,-12.564496994018555
4,79214,23.67791175842285,-10.347700119018555,-10.783315658569336,-0.928490400314331
4,79214,4.089882850646973,-11.821992874145508,19.24512481689453,14.016864776611328
4,79214,-17.543296813964844,6.685625076293945,7.441829204559326,9.869658470153809
4,79215,7.010875225067139,24.53408432006836,-28.470516204833984,-10.687126159667969
4,79215,-10.069721221923828,-5.677717208862305,-0.7888306379318237,-14.815716743469238
4,79215,-19.5860538482666,-13.226728439331055,29.342540740966797,-20.86771583557129
4,79215,10.156014442443848,-9.664419174194336,-6.770692348480225,4.390402317047119
4,79215,9.817767143249512,-14.077489852905273,-13.403108596801758,27.50710105895996
4,79215,-2.389333724975586,1.7899978160858154,20.047935485839844,-6.010745525360107
4,79216,-10.338881492614746,20.88481903076172,2.871936798095703,-16.321971893310547
4,79216,2.9470748901367188,3.745326280593872,-5.606437683105469,22.95547866821289
4,79216,-3.4493942260742188,-6.902251720428467,7.486692428588867,30.047014236450195
4,79216,-6.19881010055542,32.09169006347656,2.7990543842315674,-11.287617683410645
4,79216,8.790641784667969,7.19600248336792,-8.957601547241211,-38.13532257080078
4,79216,-16.95710563659668,-9.376749992370605,3.342766761779785,2.6219377517700195
4,79217,-14.343195915222168,43.02444076538086,11.937614440917969,20.495685577392578
4,79217,-11.558513641357422,8.131797790527344,-13.868841171264648,-13.553985595703125
4,79217,-18.25699234008789,-28.78910255432129,-17.979660034179688,-18.801145553588867
4,79217,14.788905143737793,-1.3112891912460327,5.549258232116699,-0.8981909155845642
4,79217,-8.330191612243652,-18.694631576538086,16.37991714477539,25.38224220275879
4,79217,-16.173919677734375,-10.965886116027832,-10.611958503723145,10.878679275512695
4,79218,25.820194244384766,15.748222351074219,0.3933682143688202,-13.38762092590332
4,79218,-1.7609117031097412,-17.086040496826172,9.035505294799805,-12.244458198547363
4,79218,-20.437910079956055,-13.377779960632324,-18.120397567749023,1.3612533807754517
4,79219,-21.12201690673828,-12.353015899658203,-30.93958854675293,25.910242080688477
4,79219,-19.00860023498535,-26.33100128173828,-18.93716812133789,19.617210388183594
4,79220,52.331390380859375,1.496903657913208,20.434001922607422,-4.066557884216309
4,79220,40.17910385131836,-10.35814094543457,12.30215072631836,3.3783133029937744
4,79220,-18.739822387695312,-10.201411247253418,-7.163378715515137,7.163604259490967
4,79220,19.70319366455078,6.898281097412109,-12.088044166564941,-16.327890396118164
4,79220,34.290077209472656,-36.23495864868164,-2.998239755630493,-14.300175666809082
4,79220,0.6687414050102234,-26.454349517822266,14.966690063476562,11.494728088378906
4,79221,8.361698150634766,37.39968490600586,4.064279079437256,2.846707820892334
4,79222,106.9627685546875,-35.547122955322266,-5.4670844078063965,5.359296798706055
4,79223,187.8438262939453,-150.32696533203125,1.0527117252349854,39.720306396484375
4,79226,260.7497863769531,-113.38134002685547,27.409385681152344,49.85169219970703
4,79227,89.37762451171875,88.61146545410156,67.04570007324219,-18.038393020629883
4,79230,-378.3323059082031,247.95770263671875,44.89631652832031,-99.96278381347656
4,79231,-308.8816223144531,114.72071075439453,-24.236377716064453,-33.639564514160156
4,79234,2.645846366882324,-41.25066375732422,-43.86823272705078,24.158004760742188
4,79235,-36.016868591308594,-9.4076566696167,-19.26557159423828,-17.739412307739258
4,79238,-141.3517608642578,191.61561584472656,33.83484649658203,-43.86731719970703
4,79239,-183.3438262939453,177.07162475585938,-20.369861602783203,-30.07732391357422
4,79242,115.03832244873047,-296.6138916015625,-89.12740325927734,63.122215270996094
4,79243,311.103271484375,-329.6566162109375,-13.547575950622559,104.87505340576172
4,79246,214.27767944335938,8.348443984985352,41.290706634521484,24.780742645263672
4,79247,52.16624450683594,89.01516723632812,45.6699104309082,-43.515010833740234
4,79250,-283.89752197265625,159.1730499267578,33.57197570800781,-56.729854583740234
4,79251,-176.81507873535156,44.876007080078125,-13.249826431274414,0.7966726422309875
4,79254,107.77178955078125,-88.72955322265625,-42.714027404785156,31.301332473754883
4,79256,53.14394760131836,-14.47761344909668,-9.347394943237305,-5.029936790466309
4,79258,-113.2237319946289,136.01438903808594,31.599166870117188,-42.20913314819336
4,79260,-169.57102966308594,131.04214477539062,10.795656204223633,-35.86359786987305
4,79262,98.56145477294922,-225.94700622558594,-73.23384094238281,41.79444885253906
4,79264,214.33895874023438,-228.19253540039062,-60.25155258178711,71.75955200195312
4,79266,211.88467407226562,75.43814086914062,84.38948822021484,13.539668083190918
4,79268,58.773590087890625,120.71095275878906,86.7325439453125,-53.078346252441406
4,79270,-354.2929382324219,82.86371612548828,-28.81226348876953,-75.17498779296875
4,79272,-128.81341552734375,-19.18922233581543,-33.37467575073242,1.4451078176498413
4,79463,221.55691528320312,-223.84457397460938,-77.44808959960938,122.24890899658203
4,79464,142.9163055419922,-164.7194061279297,-58.14189910888672,66.85543823242188
4,79464,88.77703857421875,92.15094757080078,78.96163177490234,-53.629390716552734
4,79464,-64.91707611083984,101.65737915039062,56.24134826660156,-34.16657638549805
4,79464,-179.01705932617188,79.39762878417969,17.00088119506836,-31.427499771118164
4,79464,-110.02827453613281,101.69654083251953,1.0457026958465576,-35.25150680541992
4,79464,-80.8783950805664,39.45523452758789,-40.053367614746094,6.193716526031494
4,79465,-23.040815353393555,-23.30731201171875,-28.858671188354492,11.129890441894531
4,79465,106.46652221679688,-48.971107482910156,9.731310844421387,20.45461082458496
4,79465,133.84332275390625,-45.000205993652344,25.032249450683594,25.06346321105957
4,79465,115.0533676147461,-46.627925872802734,1.4712039232254028,8.794466018676758
4,79465,80.25352478027344,2.4650285243988037,10.752934455871582,-9.202731132507324
4,79465,1.8639651536941528,22.845069885253906,40.81324768066406,-7.968790054321289
4,79466,-44.834556579589844,35.670597076416016,28.183815002441406,-4.308320999145508
4,79466,-104.5323486328125,85.38797760009766,-4.847743988037109,-33.631141662597656
4,79466,-127.24470520019531,56.682838439941406,-12.010958671569824,-20.298215866088867
4,79466,-72.77214813232422,11.260026931762695,-6.058464527130127,11.994221687316895
4,79466,-26.314054489135742,-23.064964294433594,-23.975610733032227,-1.3832920789718628
4,79466,20.068374633789062,-35.9966926574707,-21.395938873291016,2.4762730598449707
4,79467,71.93282318115234,-16.76186752319336,1.566563606262207,7.739770889282227
4,79467,78.1732177734375,-41.50788116455078,-1.9086840152740479,-9.994375228881836
4,79467,26.866680145263672,-43.70237350463867,14.867090225219727,19.720369338989258
4,79467,-16.754770278930664,11.118659973144531,12.115384101867676,10.660162925720215
4,79467,-29.45015525817871,25.012075424194336,1.69538152217865,-19.136014938354492
4,79467,-60.01194763183594,21.946395874023438,15.511533737182617,2.2119688987731934
4,79468,-63.584999084472656,31.717702865600586,-24.568180084228516,-22.032503128051758
4,79468,-38.59394073486328,3.0411970615386963,-21.73858070373535,-16.80803680419922
4,79468,-32.79573059082031,-6.824791431427002,23.992504119873047,21.843496322631836
4,79468,29.456260681152344,-0.8144733309745789,3.647575855255127,2.542123556137085
4,79468,80.89612579345703,-37.039798736572266,-24.66117286682129,5.235196590423584
4,79469,45.36534881591797,-33.407955169677734,-6.437079906463623,33.25383758544922
4,79469,10.24545669555664,11.040609359741211,0.535576343536377,7.845512866973877
4,79469,9.474384307861328,10.96058177947998,-0.18317347764968872,-12.69328784942627
4,79469,-5.487729072570801,0.33989179134368896,12.410053253173828,-7.990242958068848
4,79469,-44.49688720703125,15.89741325378418,-2.4088518619537354,-7.153069972991943
4,79469,-35.25746154785156,7.743885040283203,-6.489141464233398,4.659051418304443
4,79470,-17.416505813598633,12.19068431854248,-1.843780755996704,-0.6153750419616699
4,79470,-11.089180946350098,26.66792869567871,9.388092994689941,-3.0641472339630127
4,79470,43.55984115600586,-7.41798734664917,8.646982192993164,8.44296646118164
4,79470,44.512481689453125,-23.129364013671875,-17.807586669921875,-11.504621505737305
4,79470,7.438471794128418,-33.60769271850586,-9.97667121887207,-11.241533279418945
4,79470,14.414201736450195,-27.17626953125,15.787776947021484,8.978906631469727
4,79471,3.5869758129119873,19.16869354248047,20.20198631286621,-7.370770454406738
4,79471,-23.168230056762695,27.944259643554688,4.4232306480407715,-2.7967464923858643
4,79471,-13.905669212341309,9.26944351196289,-16.519023895263672,9.197071075439453
4,79471,-13.068316459655762,-4.295760631561279,-10.169407844543457,-2.9240708351135254
4,79471,-20.60489845275879,2.2964601516723633,-1.9633032083511353,17.368080139160156
4,79471,-0.37394559383392334,-12.427210807800293,-20.59626007080078,11.993916511535645
4,79472,0.6656566262245178,-7.535740375518799,-9.418230056762695,-4.559091091156006
4,79472,19.1373348236084,14.25390338897705,17.340452194213867,12.598931312561035
4,79472,21.276235580444336,-30.946428298950195,8.663684844970703,-15.579319953918457
4,79472,-1.9896376132965088,-18.4591007232666,-2.402838945388794,3.2445995807647705
4,79472,2.956601142883301,26.27275276184082,7.272739410400391,13.668822288513184
4,79472,16.261566162109375,-1.5805809497833252,2.256998062133789,-25.63405418395996
4,79473,2.2967958450317383,6.905975341796875,6.40516471862793,0.6970040798187256
4,79473,-25.082433700561523,29.920400619506836,14.188802719116211,9.003701210021973
4,79473,-9.381340026855469,-7.363700866699219,-13.638066291809082,-16.452251434326172
4,79473,12.28355598449707,-17.429845809936523,-13.42697525024414,-19.45134925842285
4,79473,-1.2775208950042725,3.7265594005584717,-4.290116786956787,4.363383769989014
4,79473,-18.15279197692871,4.503903865814209,4.795101642608643,23.375423431396484
4,79474,23.664758682250977,-1.2763776779174805,15.797372817993164,-8.12073802947998
4,79474,25.068435668945312,-22.233186721801758,-17.31485366821289,-9.289713859558105
4,79474,-23.036314010620117,-10.832953453063965,-7.925825119018555,14.903040885925293
4,79474,6.577208518981934,28.609474182128906,14.435734748840332,-15.883666038513184
4,79474,6.287919521331787,14.988497734069824,-4.6358323097229,4.055539608001709
4,79474,-25.028413772583008,-15.967129707336426,-2.819862127304077,28.431411743164062
4,79475,-5.317429542541504,-10.794127464294434,-10.852396011352539,-10.46922779083252
4,79475,-0.15395911037921906,4.688849449157715,-4.73258113861084,-15.932035446166992
4,79475,7.819730281829834,3.854853630065918,15.320813179016113,-3.6847870349884033
4,79475,21.996337890625,-4.544479846954346,11.600138664245605,-1.7619946002960205
4,79475,6.751911640167236,7.410925388336182,2.9685800075531006,7.308444499969482
4,79476,-3.822897434234619,22.245445251464844,-4.554640293121338,7.647486686706543
4,79476,-6.300432205200195,11.242694854736328,14.745880126953125,-10.097773551940918
4,79476,-16.706790924072266,10.521835327148438,-4.611799240112305,-1.4103479385375977
4,79476,-15.561752319335938,-9.836596488952637,-5.041965007781982,11.365105628967285
4,79476,6.571592330932617,7.196221828460693,18.40033721923828,-9.634828567504883
4,79476,-8.343768119812012,26.799182891845703,-13.122931480407715,-7.716597557067871
4,79476,-29.171777725219727,-11.015356063842773,0.24095623195171356,3.126537799835205
4,79477,-0.37408366799354553,-4.2154998779296875,1.8415223360061646,8.815815925598145
4,79477,11.753771781921387,-7.6935715675354,-14.906121253967285,19.365514755249023
4,79477,1.9406555891036987,-14.904491424560547,12.937201499938965,2.051234722137451
4,79477,6.816979885101318,-9.638161659240723,-2.1778318881988525,-19.71985626220703
4,79477,-12.323186874389648,-7.209252834320068,-28.835411071777344,-1.0533281564712524
4,79477,-19.847557067871094,1.6896193027496338,0.723116397857666,7.213589191436768
4,79478,15.180532455444336,-5.831488609313965,13.739940643310547,-18.17787742614746
4,79478,2.1002702713012695,-25.196565628051758,0.6486803293228149,5.470276355743408
4,79478,-6.063210487365723,-11.527839660644531,1.7061539888381958,30.56284523010254
4,79478,19.86478614807129,22.594396591186523,9.651147842407227,-13.250802040100098
4,79478,6.885621547698975,6.536654472351074,-9.19648265838623,-28.42399787902832
4,79479,5.225334644317627,-11.44775104522705,-24.1649227142334,15.123946189880371
4,79479,14.360682487487793,-7.70760440826416,14.278541564941406,17.018600463867188
4,79479,6.526212692260742,-13.96103572845459,-0.6222476959228516,-5.5621490478515625
4,79479,1.6237115859985352,-21.952285766601562,-15.410619735717773,6.915450096130371
4,79479,5.281177997589111,0.38327693939208984,9.538599014282227,14.166031837463379
4,79479,21.25063705444336,10.976656913757324,-10.511056900024414,-3.2544150352478027
4,79480,-0.307732492685318,-15.161481857299805,-1.415586233139038,-17.414833068847656
4,79481,24.69289779663086,-81.48396301269531,-14.230534553527832,1.1303191184997559
4,79481,60.70532989501953,-48.49528503417969,-23.788190841674805,18.71396827697754
4,79481,-0.13336455821990967,60.31666946411133,25.501895904541016,-11.314970016479492
4,79481,-19.027359008789062,18.630619049072266,13.836627960205078,-12.646588325500488
4,79482,-11.86905574798584,-7.124536037445068,2.8292312622070312,36.66993713378906
4,79482,5.440282344818115,22.19940948486328,18.642066955566406,6.655468940734863
4,79482,22.7888240814209,14.992262840270996,-0.7418463230133057,-41.13263702392578
4,79482,-5.263122081756592,-21.693775177001953,-18.419322967529297,-3.9990310668945312
4,79483,96.29399108886719,-98.7627182006836,-2.078986883163452,58.82155990600586
4,79483,93.2727279663086,-16.981380462646484,14.827388763427734,37.1793327331543
4,79486,116.11038208007812,91.71672058105469,53.01737594604492,-36.25648498535156
4,79487,87.3273696899414,68.23666381835938,86.22557067871094,-18.98887062072754
4,79490,-360.1913146972656,104.60028839111328,-9.08321475982666,-44.85103988647461
4,79491,-294.9842224121094,44.190528869628906,-70.38699340820312,-69.1588363647461
4,79494,47.321205139160156,-18.582050323486328,-12.688363075256348,21.07991600036621
4,79496,-3.363959312438965,62.158809661865234,9.394230842590332,41.05321502685547
4,79498,-166.0497283935547,125.89905548095703,-7.315464973449707,-48.34103775024414
4,79500,-158.2029571533203,29.09053611755371,-44.73957443237305,-25.082788467407227
4,79502,239.39859008789062,-267.0943603515625,-66.41453552246094,100.11207580566406
4,79504,316.2689208984375,-267.83734130859375,0.8191954493522644,52.19862747192383
4,79506,167.79246520996094,31.17909812927246,60.5312614440918,-27.831239700317383
4,79508,33.47236251831055,128.99099731445312,37.19670867919922,-25.033777236938477
4,79510,-312.8899230957031,98.61194610595703,8.225666046142578,-34.47157669067383
4,79512,-149.17239379882812,2.242995500564575,-8.800172805786133,3.2834792137145996
4,79514,134.71795654296875,-16.86127471923828,-25.73301887512207,31.141395568847656
4,79516,58.074920654296875,56.920989990234375,9.294044494628906,3.630789279937744
4,79518,-125.01286315917969,71.72504425048828,31.302480697631836,-62.69102478027344
4,79520,-204.4939422607422,11.571823120117188,-19.95928192138672,-28.556074142456055
4,79522,165.8359832763672,-202.81985473632812,-63.2935791015625,86.74324035644531
4,79524,286.80419921875,-161.20619201660156,-50.34513473510742,69.8193359375
4,79526,88.12586212158203,42.80846405029297,56.51625442504883,-34.68218994140625
4,79528,-42.17811584472656,123.204345703125,100.4359359741211,-79.60929870605469
4,79531,-278.5408020019531,119.02102661132812,-13.3228759765625,12.443280220031738
4,79532,-93.76676177978516,-44.20866775512695,-64.53844451904297,44.99375534057617
4,79535,201.40953063964844,-81.59454345703125,-8.696137428283691,-20.494659423828125
4,79728,299.5068054199219,-107.37417602539062,24.186981201171875,14.842264175415039
4,79728,181.51722717285156,-99.07176208496094,22.005897521972656,41.944061279296875
4,79728,-264.62286376953125,157.29615783691406,26.07411003112793,-31.04962730407715
4,79728,-260.133056640625,184.43702697753906,13.461874961853027,-46.87248611450195
4,79729,-81.77357482910156,44.017276763916016,-26.38509750366211,-29.71673011779785
4,79729,-107.6222152709961,24.335468292236328,-35.31717300415039,-7.816482067108154
4,79729,-10.940531730651855,-30.55518913269043,-10.645809173583984,28.53647804260254
4,79729,82.20496368408203,-63.89690399169922,-9.923574447631836,17.136165618896484
4,79729,93.71382904052734,-44.99135208129883,-13.372618675231934,19.73356056213379
4,79729,77.2538833618164,-57.99067687988281,16.724985122680664,11.99530029296875
4,79730,28.91077423095703,-35.647216796875,31.7552490234375,-0.4502275586128235
4,79730,-25.607666015625,39.2238655090332,7.983163356781006,8.328469276428223
4,79730,-54.447509765625,61.61145782470703,13.634392738342285,-19.007328033447266
4,79730,-59.00544357299805,44.973876953125,15.269455909729004,-40.03889083862305
4,79730,-59.52924346923828,42.70157241821289,-17.157514572143555,-9.289603233337402
4,79731,-19.93280792236328,6.206172943115234,-11.461747169494629,9.162492752075195
4,79731,11.850518226623535,-41.92961502075195,-10.830328941345215,23.485055923461914
4,79731,43.67973327636719,-49.67713165283203,-21.60482406616211,23.72466278076172
4,79731,84.84059143066406,-48.0164909362793,-9.115072250366211,-2.5482192039489746
4,79731,56.040279388427734,-39.30937194824219,8.905229568481445,-3.3471591472625732
4,79731,29.241840362548828,-8.348753929138184,9.911686897277832,11.933584213256836
4,79732,-14.531482696533203,33.153717041015625,9.856321334838867,1.782602310180664
4,79732,-44.50997543334961,44.7471923828125,12.011236190795898,-34.64655303955078
4,79732,-35.25242614746094,11.985936164855957,-20.142210006713867,-20.94122314453125
4,79732,-52.93880844116211,18.96947479248047,-7.853588104248047,10.396127700805664
4,79732,-40.45177459716797,32.575130462646484,4.839505672454834,-10.051828384399414
4,79732,13.624513626098633,-29.628238677978516,-14.21710205078125,0.46056899428367615
4,79733,40.0764045715332,-51.144840240478516,-5.7551960945129395,25.946456909179688
4,79733,43.162193298339844,0.4876163899898529,-8.561532974243164,-5.921865940093994
4,79733,35.86613845825195,-2.801802396774292,6.200786590576172,-6.458433151245117
4,79733,12.675593376159668,-25.61606216430664,9.57870864868164,12.119144439697266
4,79733,-0.8499831557273865,8.11044692993164,10.297187805175781,8.074722290039062
4,79734,-32.777992248535156,32.57699203491211,20.3872127532959,-15.115358352661133
4,79734,-43.9583625793457,28.46787452697754,-14.826204299926758,-11.393452644348145
4,79734,-16.873464584350586,14.860316276550293,-3.5885214805603027,20.752460479736328
4,79734,-17.23538589477539,5.409813404083252,10.435957908630371,-15.134660720825195
4,79734,11.490015029907227,-18.427122116088867,-29.176971435546875,-18.263362884521484
4,79734,30.78028106689453,-35.362125396728516,2.869030237197876,33.527950286865234
4,79735,13.059257507324219,8.341951370239258,15.525921821594238,16.229597091674805
4,79735,21.79753875732422,10.498067855834961,-9.078371047973633,-9.403730392456055
4,79735,32.81268310546875,-20.08759117126465,9.073712348937988,-14.730628967285156
4,79735,6.107552528381348,15.361443519592285,-11.911577224731445,-10.330146789550781
4,79735,-32.07379150390625,35.44159698486328,14.455804824829102,12.726873397827148
4,79735,-25.955198287963867,9.837449073791504,43.94519805908203,-0.9323498010635376
4,79736,-16.406545639038086,21.857284545898438,-26.02754783630371,-15.028122901916504
4,79736,-9.441963195800781,34.40574645996094,-19.119949340820312,-1.627929449081421
4,79736,7.569068908691406,-9.673850059509277,28.533485412597656,13.328662872314453
4,79736,6.636089324951172,-30.27035903930664,-8.820667266845703,-4.682351112365723
4,79736,7.981305122375488,-14.365809440612793,-3.7349135875701904,-11.65617847442627
4,79736,21.860288619995117,-12.318341255187988,8.60183334350586,-7.284214019775391
4,79737,-7.131387710571289,-17.804765701293945,-8.643009185791016,3.910788059234619
4,79737,-41.396446228027344,-2.4120631217956543,5.227668285369873,34.66383743286133
4,79737,-17.1887149810791,6.566200256347656,-11.205849647521973,9.91446590423584
4,79737,-10.26913833618164,-11.35865592956543,-20.762983322143555,-6.6720967292785645
4,79737,-15.643057823181152,-17.838123321533203,-8.4154691696167,7.098944664001465
4,79737,17.860158920288086,-8.541241645812988,10.32347297668457,-4.579633712768555
4,79738,15.75018310546875,4.201080322265625,3.4737601280212402,-7.91784143447876
4,79738,-30.21514129638672,-0.5862562656402588,-34.094642639160156,16.32669448852539
4,79738,-8.31108570098877,-26.551965713500977,-7.9472222328186035,11.95552921295166
4,79738,41.647762298583984,-21.022117614746094,24.179914474487305,-20.474498748779297
4,79738,11.382360458374023,2.8871042728424072,-0.8708010315895081,-0.20863905549049377
4,79738,-13.322752952575684,9.58974552154541,-9.648170471191406,8.085692405700684
4,79739,20.145587921142578,12.128606796264648,10.197324752807617,-30.223941802978516
4,79739,10.630475044250488,0.2901957333087921,26.00444984436035,7.865441799163818
4,79739,-3.114784002304077,-0.058429185301065445,0.5618792772293091,32.52000045776367
4,79739,21.967897415161133,4.818039894104004,-16.18507194519043,-17.017105102539062
4,79739,10.878521919250488,-7.791606426239014,12.943222999572754,-4.543623924255371
4,79739,2.0921003818511963,-0.19778037071228027,1.6795070171356201,21.673107147216797
4,79740,16.65654754638672,13.36976432800293,-8.202085494995117,-2.735589027404785
4,79740,15.105897903442383,1.4723793268203735,14.498746871948242,0.8635587692260742
4,79740,22.641258239746094,1.7697421312332153,-9.787858963012695,6.486364841461182
4,79740,11.803349494934082,10.605134963989258,-8.789338111877441,-16.809795379638672
4,79740,-8.911356925964355,-2.026453971862793,31.52825164794922,-1.7100692987442017
4,79740,4.821092128753662,0.4380020797252655,-9.711784362792969,7.421602725982666
4,79741,9.279881477355957,-6.245668888092041,-27.893779754638672,-13.85529613494873
4,79741,-5.398972511291504,-25.699676513671875,12.212878227233887,3.454909086227417
4,79741,-17.45290184020996,4.5201849937438965,5.0255513191223145,15.518853187561035
4,79741,4.780232906341553,9.381393432617188,-10.949434280395508,-8.751433372497559
4,79741,13.4721097946167,-21.446054458618164,-10.772095680236816,-19.648338317871094
4,79741,0.536568284034729,-17.18670082092285,-1.6502186059951782,-3.523750066757202
4,79742,-15.556618690490723,-9.353940963745117,10.148119926452637,18.660541534423828
4,79742,-15.256115913391113,-6.950576305389404,2.1136655807495117,-11.40475082397461
4,79742,25.123315811157227,-14.706987380981445,-6.832973003387451,-20.7744197845459
4,79742,1.6338047981262207,-11.767313957214355,5.811432361602783,23.119211196899414
4,79742,-17.95555305480957,9.878471374511719,10.45291519165039,1.5341072082519531
4,79743,24.464075088500977,14.997337341308594,-8.381742477416992,-28.08417510986328
4,79743,9.134775161743164,-2.556802272796631,-0.16741499304771423,6.062424182891846
4,79743,-17.44154167175293,-10.750504493713379,8.552322387695312,18.01396942138672
4,79743,7.708306312561035,17.31462287902832,-0.4469637870788574,3.122835397720337
4,79743,8.489791870117188,26.71141242980957,4.512640476226807,5.233006477355957
4,79743,18.54441261291504,-9.919039726257324,2.066575288772583,8.20505142211914
4,79744,12.823102951049805,-7.296823501586914,-8.207657814025879,12.66549015045166
4,79744,-15.713037490844727,20.006330490112305,-1.5536551475524902,1.8555532693862915
4,79744,-3.782623767852783,6.494575023651123,24.329524993896484,-14.30478286743164
4,79744,-9.85910701751709,4.708247661590576,4.609032154083252,-10.3545560836792
4,79744,-17.704240798950195,0.6907175779342651,-25.48734474182129,16.423391342163086
4,79744,-4.181628704071045,8.794461250305176,3.2923126220703125,16.470996856689453
4,79746,71.74813842773438,21.910743713378906,51.516361236572266,-34.24555587768555
4,79746,53.90680694580078,2.8043789863586426,13.32569408416748,-28.389131546020508
4,79746,-86.8999252319336,7.520713806152344,-30.966018676757812,13.439013481140137
4,79746,-62.027732849121094,15.636051177978516,15.242167472839355,-6.899966239929199
4,79746,8.17104721069336,16.573469161987305,-12.237011909484863,-22.919523239135742
4,79746,-28.390560150146484,9.748714447021484,-23.128406524658203,19.041584014892578
4,79747,-19.769733428955078,-11.020358085632324,16.17333984375,15.605292320251465
4,79747,10.3885498046875,-6.201789379119873,1.5298656225204468,-10.67321491241455
4,79747,-25.122690200805664,10.02925968170166,-3.3759641647338867,12.73210620880127
4,79748,-83.49523162841797,38.84664535522461,-9.966813087463379,-14.225051879882812
4,79750,-138.74464416503906,51.180667877197266,4.950409889221191,-48.481361389160156
4,79752,-128.05433654785156,47.211605072021484,5.965522289276123,-8.542724609375
4,79754,-10.726451873779297,9.12810230255127,-25.043811798095703,7.371443748474121
4,79756,32.62825012207031,37.82245635986328,1.455954670906067,1.2597016096115112
4,79758,-68.13172149658203,73.4537124633789,-5.308019638061523,-0.7583217024803162
4,79760,14.444412231445312,-121.3392562866211,-58.019065856933594,36.010894775390625
4,79762,216.79568481445312,-211.7862548828125,-23.571870803833008,78.21289825439453
4,79764,410.5068664550781,-224.2419891357422,9.860345840454102,30.463817596435547
4,79766,294.6506042480469,-93.23565673828125,27.73954200744629,-5.795630931854248
4,79768,-231.1431884765625,253.1626739501953,92.21177673339844,-36.63365936279297
4,79770,-260.1703796386719,131.59002685546875,28.174041748046875,-31.748096466064453
4,79772,-39.14779281616211,-67.24874114990234,-69.80309295654297,-10.085151672363281
4,79774,-6.171872615814209,-2.0979421138763428,-10.791970252990723,-18.499958038330078
4,79776,-23.86982536315918,103.06974792480469,27.93125343322754,-0.7715057134628296
4,79778,-154.55323791503906,164.2164306640625,3.4307775497436523,-23.49380874633789
4,79780,-41.05613327026367,-115.99945831298828,-51.14958572387695,-0.6577357649803162
4,79782,171.85279846191406,-189.03860473632812,-55.58073043823242,71.22203063964844
4,79784,280.94268798828125,-83.96170806884766,27.95278549194336,39.44568634033203
4,79786,148.39768981933594,-14.235114097595215,34.98815155029297,-22.556575775146484
4,79789,-218.16751098632812,194.53684997558594,66.8304443359375,-41.25048828125
4,79790,-202.8089599609375,20.58540916442871,23.936445236206055,-29.255203247070312
4,79793,-15.47944164276123,-99.26933288574219,-100.41351318359375,35.15700912475586
4,79794,32.78254699707031,30.06180191040039,-9.991556167602539,42.92049026489258
4,79797,43.98269271850586,110.24735260009766,83.41655731201172,-45.78380584716797
4,79798,-117.8127212524414,131.6946258544922,13.871826171875,-76.01519012451172
4,79801,-95.29124450683594,-185.3861083984375,-80.28242492675781,23.214895248413086
4,79993,164.295166015625,-173.23382568359375,9.245038032531738,66.66429138183594
4,79994,43.385406494140625,221.15150451660156,99.76313781738281,-36.9703254699707
4,79994,-195.223876953125,131.49266052246094,-36.31552505493164,-38.758426666259766
4,79994,-25.722402572631836,-98.42058563232422,-78.12903594970703,33.27701950073242
4,79994,124.08909606933594,-95.03627014160156,-15.980650901794434,31.315643310546875
4,79994,121.75587463378906,-103.3912124633789,0.4530562162399292,34.3620719909668
4,79994,135.27691650390625,-76.3961410522461,1.5711948871612549,16.56047821044922
4,79995,72.49849700927734,7.046454906463623,24.8848819732666,-14.55980110168457
4,79995,-20.63882827758789,37.31129837036133,40.90957260131836,-25.17620277404785
4,79995,-98.99974060058594,74.68791961669922,-3.235177993774414,-22.20365333557129
4,79995,-143.80801391601562,118.14402770996094,2.574326515197754,-25.3901309967041
4,79995,-108.60700225830078,77.28695678710938,14.168750762939453,-29.22176170349121
4,79996,-54.76646041870117,9.69552993774414,-17.941556930541992,2.359215259552002
4,79996,-9.326077461242676,3.8787853717803955,-5.664224624633789,26.343534469604492
4,79996,68.10582733154297,-34.17852783203125,0.11765234917402267,13.792571067810059
4,79996,103.73648834228516,-76.60169219970703,-19.02049446105957,5.139444828033447
4,79996,67.50434112548828,-39.4864501953125,-3.2298970222473145,28.00443458557129
4,79996,27.64765739440918,-26.191322326660156,18.19792366027832,17.932594299316406
4,79997,2.0618460178375244,7.296069145202637,8.810262680053711,-34.09770584106445
4,79997,-72.30158233642578,51.31029510498047,3.8356945514678955,-27.639114379882812
4,79997,-95.19706726074219,22.074138641357422,-13.105911254882812,4.487013339996338
4,79997,-44.69051742553711,6.40250301361084,-19.834627151489258,-14.466303825378418
4,79997,-25.054218292236328,-3.780324935913086,-3.9629769325256348,-10.735363960266113
4,79997,-12.817584037780762,-17.681102752685547,-25.941003799438477,14.189597129821777
4,79998,47.320960998535156,-30.229597091674805,-12.2228364944458,9.89811897277832
4,79998,88.27000427246094,-60.010501861572266,12.475438117980957,21.188884735107422
4,79998,43.849449157714844,-42.318546295166016,-8.325145721435547,19.117122650146484
4,79998,32.90974044799805,-1.6793512105941772,9.17324161529541,3.66902494430542
4,79998,21.93085479736328,11.397666931152344,26.114303588867188,7.655091285705566
4,79998,-35.47465515136719,11.655433654785156,-1.2853567600250244,-7.273156642913818
4,79999,-51.136138916015625,29.25126075744629,0.7881134748458862,-9.590303421020508
4,79999,-40.5184440612793,25.235624313354492,1.8845988512039185,8.387625694274902
4,79999,-0.904607892036438,1.8942443132400513,-11.003006935119629,-7.736026763916016
4,79999,44.30783462524414,-5.82415771484375,-9.315572738647461,-13.707681655883789
4,79999,34.034271240234375,-34.26435089111328,-11.442631721496582,20.682661056518555
4,79999,29.75271987915039,-21.648889541625977,14.207393646240234,22.38209342956543
4,80000,41.90166091918945,7.214071273803711,18.46917152404785,2.3946399688720703
4,80000,27.29694366455078,-15.804408073425293,8.023066520690918,0.8124232292175293
4,80000,0.8867941498756409,-3.8307998180389404,7.946029186248779,3.427182197570801
4,80000,-12.973934173583984,22.66022491455078,-0.3755147457122803,-19.07696533203125
4,80000,-17.593204498291016,4.235890865325928,-7.561376571655273,-30.462827682495117
4,80001,-37.59327697753906,5.590758800506592,-23.755117416381836,3.705604076385498
4,80001,-32.05712127685547,29.50666618347168,-1.3920674324035645,-4.275240898132324
4,80001,5.65965461730957,-3.843463897705078,16.72589874267578,-13.766107559204102
4,80001,21.558349609375,-49.298465728759766,1.9840819835662842,31.427404403686523
4,80001,26.636810302734375,-11.057873725891113,-2.032742738723755,22.465713500976562
4,80001,31.37851905822754,23.560972213745117,-4.816200256347656,-24.08453941345215
4,80002,0.6689608693122864,-29.257646560668945,-11.350346565246582,-5.913753509521484
4,80002,-34.11652755737305,-19.759483337402344,-2.5642099380493164,24.489965438842773
4,80002,3.328049421310425,48.57609558105469,19.509063720703125,-10.411731719970703
4,80002,22.69089126586914,4.340494632720947,5.539546012878418,-8.946235656738281
4,80002,-32.34861373901367,-21.596466064453125,8.56291675567627,25.804277420043945
4,80002,-2.6680145263671875,3.491464853286743,13.172568321228027,-12.331328392028809
4,80003,38.1435546875,-12.465545654296875,-21.103572845458984,-10.963125228881836
4,80003,0.9558142423629761,12.456916809082031,-7.527643203735352,15.528302192687988
4,80003,-6.815825939178467,25.186559677124023,15.156440734863281,-16.754047393798828
4,80003,20.750822067260742,-17.22600555419922,-14.398590087890625,-8.571013450622559
4,80003,25.492368698120117,-12.081402778625488,-18.377294540405273,3.5237722396850586
4,80003,-6.036483287811279,22.742027282714844,25.80658531188965,-6.182216644287109
4,80004,-15.3905668258667,24.975601196289062,35.14425277709961,6.298221111297607
4,80004,-12.463542938232422,13.221648216247559,-6.939075946807861,-12.346170425415039
4,80004,-22.383119583129883,-0.4944794774055481,-13.068371772766113,-1.3949987888336182
4,80004,-4.16639518737793,2.808833599090576,14.365988731384277,21.567028045654297
4,80004,12.391345977783203,16.146209716796875,-18.730308532714844,-17.980960845947266
4,80004,-8.949214935302734,-1.4961373805999756,-4.274336338043213,-2.0821382999420166
4,80005,-7.522429943084717,-13.835540771484375,25.375507354736328,26.247333526611328
4,80005,4.2854743003845215,-0.42631468176841736,-24.871980667114258,-16.044219970703125
4,80005,-14.23848819732666,5.336984157562256,0.5900856852531433,-10.997288703918457
4,80005,-25.61214256286621,4.319224834442139,19.622848510742188,10.163972854614258
4,80005,5.351498603820801,7.274197578430176,-26.28982162475586,-18.522916793823242
4,80005,2.464218854904175,7.968318939208984,-10.588318824768066,-16.09701156616211
4,80006,-36.191951751708984,3.003265142440796,24.218833923339844,10.596458435058594
4,80006,-25.018840789794922,0.323894739151001,5.079743385314941,9.39588737487793
4,80006,-7.698360443115234,16.178699493408203,-14.698752403259277,-6.098968505859375
4,80006,-3.7710530757904053,12.845165252685547,2.4368789196014404,-1.1537575721740723
4,80006,12.037301063537598,-19.910696029663086,8.522966384887695,9.521173477172852
4,80006,17.460359573364258,-15.208704948425293,-6.540632724761963,-13.16439151763916
4,80007,-24.569255828857422,-4.2234320640563965,6.251010417938232,-1.795716643333435
4,80007,-20.422327041625977,1.6154345273971558,27.37063217163086,-2.080029249191284
4,80007,26.615028381347656,4.968978404998779,-19.326513290405273,-8.334175109863281
4,80007,-5.708550930023193,15.46552562713623,-12.702261924743652,21.188453674316406
4,80007,-21.75319480895996,22.227096557617188,20.11886978149414,4.958901405334473
4,80007,3.1558029651641846,-12.563499450683594,-15.411105155944824,1.6869977712631226
4,80008,6.84273624420166,-25.872255325317383,-7.411435127258301,6.86041784286499
4,80008,0.020922942087054253,10.375723838806152,17.429363250732422,4.517175197601318
4,80008,-11.305099487304688,28.663850784301758,0.28303149342536926,-12.853625297546387
4,80008,11.703450202941895,-12.39181137084961,-21.06320571899414,-20.664060592651367
4,80008,9.504877090454102,-31.894025802612305,1.987823486328125,19.360734939575195
4,80008,-1.8187695741653442,5.562473773956299,10.531632423400879,25.861066818237305
4,80009,10.13277816772461,7.154906272888184,-13.170503616333008,-11.887744903564453
4,80009,-23.894725799560547,-29.708600997924805,-7.7401347160339355,-7.3966546058654785
4,80009,-10.598309516906738,-2.6271626949310303,4.243598461151123,20.35979461669922
4,80009,35.71541976928711,31.269315719604492,11.698681831359863,-12.108284950256348
4,80009,0.7086737751960754,-7.533378601074219,-8.370112419128418,-18.158418655395508
4,80009,-9.413402557373047,-17.345285415649414,-21.31954574584961,-0.20297589898109436
4,80010,19.01003074645996,4.9303178787231445,15.07990837097168,-5.449195384979248
4,80010,-7.079273223876953,-8.091050148010254,9.989867210388184,5.276654243469238
4,80011,-66.79966735839844,35.215904235839844,-33.34596633911133,2.3822805881500244
4,80011,-52.306480407714844,51.50971984863281,-13.99753189086914,0.5451761484146118
4,80011,54.44488525390625,-18.890716552734375,30.21240234375,-3.070923089981079
4,80012,56.10639953613281,-20.949201583862305,3.727672576904297,-15.834962844848633
4,80012,-15.205036163330078,-8.766369819641113,-20.49464988708496,-9.542506217956543
4,80012,-10.538263320922852,3.62931752204895,22.610666275024414,0.6948087215423584
4,80012,12.122591972351074,1.2391304969787598,20.934953689575195,15.678895950317383
4,80012,3.393583297729492,-23.49346160888672,-23.277206420898438,9.488699913024902
4,80014,-0.9913268089294434,19.456104278564453,10.253268241882324,-8.24358081817627
4,80014,18.28860855102539,-8.140975952148438,27.38895606994629,10.448022842407227
4,80016,-83.0023193359375,82.31904602050781,-8.811223983764648,5.213535308837891
4,80018,-169.45004272460938,164.8267364501953,-13.840150833129883,-25.974102020263672
4,80020,66.2673110961914,-184.44898986816406,-64.80635833740234,36.42601776123047
4,80022,261.28094482421875,-294.3769226074219,-59.7977409362793,74.67377471923828
4,80024,315.4446716308594,-139.30397033691406,44.699214935302734,14.023429870605469
4,80026,193.81988525390625,10.03585433959961,86.62045288085938,-15.412327766418457
4,80028,-293.258056640625,293.5414733886719,59.39514923095703,-49.1650276184082
4,80030,-355.2518005371094,145.05841064453125,-17.781858444213867,-40.45843505859375
4,80033,9.852864265441895,-89.26122283935547,-69.1048583984375,11.459064483642578
4,80034,58.19135665893555,-24.544198989868164,-8.690827369689941,-22.623197555541992
4,80037,-97.3182373046875,129.0211639404297,65.0229263305664,-78.64640808105469
4,80038,-121.35015869140625,162.07716369628906,22.53854751586914,0.8540698885917664
4,80041,47.887367248535156,-174.48553466796875,-80.14690399169922,114.3758316040039
4,80042,143.058837890625,-276.0145568847656,-79.83136749267578,50.323143005371094
4,80045,257.84112548828125,-79.9155044555664,45.82632064819336,-3.2059326171875
4,80046,180.1338348388672,96.0205078125,81.76737213134766,-3.052351236343384
4,80049,-299.41632080078125,234.1924591064453,22.91802406311035,-80.74050903320312
4,80050,-241.0480499267578,29.844139099121094,-13.837315559387207,-22.52817726135254
4,80053,93.99198913574219,-133.95852661132812,-45.00532913208008,66.95398712158203
4,80054,56.747528076171875,-60.196414947509766,-12.496842384338379,6.022275924682617
4,80057,-66.85118103027344,111.87583923339844,17.3324031829834,-60.019779205322266
4,80058,-139.33078002929688,215.2703094482422,23.035259246826172,-63.23672103881836
4,80061,38.99102020263672,-116.14480590820312,-26.855443954467773,68.49078369140625
4,80062,157.43344116210938,-248.42462158203125,-72.83960723876953,105.95474243164062
4,80063,67.51956176757812,-18.77703285217285,-1.922652244567871,-45.72134780883789
4,80258,-341.5651550292969,371.4097900390625,94.26583099365234,-130.04534912109375
4,80258,-364.544921875,313.1885070800781,63.24659729003906,-61.63726043701172
4,80258,343.3522644042969,-360.4217529296875,-94.29426574707031,86.48611450195312
4,80259,321.49761962890625,-284.4049987792969,-71.09759521484375,91.77013397216797
4,80259,31.995229721069336,35.49842071533203,45.87562561035156,17.976686477661133
4,80259,98.93624114990234,-27.604955673217773,45.896759033203125,-10.785661697387695
4,80259,3.604060649871826,17.559946060180664,21.69283676147461,-13.590008735656738
4,80259,-99.00867462158203,59.471229553222656,-1.7215633392333984,0.15656188130378723
4,80259,-87.74256896972656,57.79973602294922,-16.664823532104492,-20.810527801513672
4,80260,-37.75546646118164,34.69253921508789,-9.533637046813965,-22.52788734436035
4,80260,6.114165306091309,-37.2052001953125,-12.254950523376465,14.994114875793457
4,80260,38.806583404541016,-78.30068969726562,-31.847135543823242,21.09931755065918
4,80260,71.61669158935547,-71.97603607177734,-14.655765533447266,19.506206512451172
4,80260,100.89762878417969,-46.18210983276367,-2.34484601020813,19.326879501342773
4,80261,50.833831787109375,-20.750307083129883,9.317597389221191,11.230443000793457
4,80261,-11.637126922607422,8.192425727844238,52.59578323364258,-2.213923931121826
4,80261,-19.995555877685547,67.40326690673828,24.692750930786133,-46.38477325439453
4,80261,-58.1325798034668,47.30573654174805,-23.996898651123047,-34.14729309082031
4,80261,-84.81970977783203,32.328067779541016,0.6353325247764587,-0.20837484300136566
4,80261,-18.067399978637695,44.58375549316406,10.96507740020752,8.548250198364258
4,80262,1.5766804218292236,-21.69137191772461,-31.541515350341797,11.597552299499512
4,80262,-4.9988789558410645,-49.51980972290039,-35.921791076660156,9.7382173538208
4,80262,49.54463195800781,-22.691953659057617,11.917165756225586,26.113197326660156
4,80262,64.03343200683594,-20.15578269958496,20.256427764892578,2.8479158878326416
4,80262,28.64359474182129,-47.143768310546875,0.9048433899879456,-4.317281246185303
4,80262,8.522360801696777,-6.346642971038818,19.24742317199707,12.512267112731934
4,80263,1.8475602865219116,66.61170959472656,25.481443405151367,2.5430963039398193
4,80263,-35.49348449707031,42.70880126953125,3.896136522293091,-15.556296348571777
4,80263,-49.283077239990234,16.89550018310547,-3.4933013916015625,-12.591839790344238
4,80263,-17.985803604125977,24.846948623657227,8.620136260986328,-1.7066569328308105
4,80263,-6.144168853759766,-0.5857143998146057,-5.039316177368164,-14.782108306884766
4,80263,1.6966111660003662,-33.09831619262695,-20.779132843017578,10.555659294128418
4,80264,35.847469329833984,-20.983837127685547,-8.195432662963867,25.084400177001953
4,80264,37.61631393432617,4.234137535095215,-3.1409530639648438,2.9770421981811523
4,80264,5.00886344909668,-4.468817234039307,-3.8331546783447266,-14.913930892944336
4,80264,-14.307416915893555,4.182713031768799,1.6419780254364014,-6.557132244110107
4,80264,-16.136478424072266,23.703126907348633,18.67098045349121,8.294890403747559
4,80264,-28.35609245300293,29.340002059936523,3.6022281646728516,-29.230409622192383
4,80265,-36.304569244384766,29.105823516845703,0.7013003826141357,-14.451946258544922
4,80265,-6.5044965744018555,21.258211135864258,4.975433826446533,18.546062469482422
4,80265,-12.405059814453125,-12.363389015197754,-4.242893218994141,-14.317347526550293
4,80265,-26.61109733581543,-15.2853422164917,8.073695182800293,4.883001804351807
4,80265,-5.486072063446045,14.404374122619629,-4.363840103149414,5.713263511657715
4,80265,21.783369064331055,-16.984785079956055,-22.985591888427734,-23.573505401611328
4,80266,18.191699981689453,-27.72727394104004,12.026493072509766,6.494539737701416
4,80266,-12.944533348083496,-3.3106837272644043,14.202234268188477,-10.209182739257812
4,80266,-18.9774227142334,5.9397873878479,-16.2220458984375,-8.003961563110352
4,80266,-26.564491271972656,22.25673484802246,16.338308334350586,35.1634635925293
4,80266,-20.449682235717773,18.561004638671875,4.439434051513672,-13.377984046936035
4,80266,-8.840465545654297,-6.951742172241211,-22.723337173461914,-32.203590393066406
4,80267,-2.692084550857544,-7.857378005981445,3.3039462566375732,25.73320198059082
4,80267,-0.5615127086639404,-4.788449764251709,13.32272720336914,17.402530670166016
4,80267,5.031392574310303,-5.685065269470215,8.894129753112793,-26.25994300842285
4,80267,45.45233917236328,9.614370346069336,-10.669678688049316,8.564093589782715
4,80267,26.680423736572266,-1.0850881338119507,-19.558866500854492,26.61925506591797
4,80268,-30.013755798339844,-8.478116035461426,13.421571731567383,-11.282164573669434
4,80268,-7.7895426750183105,-1.237689733505249,15.329617500305176,-0.6645526885986328
4,80268,21.494932174682617,-2.149681329727173,-26.525196075439453,4.808864593505859
4,80268,-18.830835342407227,21.290006637573242,-8.185218811035156,-8.979826927185059
4,80268,-22.152822494506836,22.48074722290039,29.394933700561523,11.563180923461914
4,80268,10.013704299926758,-5.323705673217773,-3.589092254638672,12.973662376403809
4,80269,-6.5859551429748535,-7.35009241104126,-28.600688934326172,-10.324079513549805
4,80269,2.567939043045044,-10.381075859069824,-7.720077991485596,-3.935514450073242
4,80269,23.179996490478516,-17.133459091186523,0.2782514691352844,4.778502941131592
4,80269,-4.677349090576172,15.396374702453613,-6.280300617218018,5.129594326019287
4,80269,-15.290423393249512,2.9202256202697754,18.895462036132812,0.8710044026374817
4,80269,15.612079620361328,-32.109214782714844,13.947092056274414,-22.42781639099121
4,80270,-2.9884636402130127,-2.0727875232696533,-20.438724517822266,-13.913798332214355
4,80270,-33.11641311645508,14.016249656677246,2.7497661113739014,10.697216987609863
4,80270,14.683762550354004,5.393962383270264,-1.171947956085205,-1.3093883991241455
4,80270,22.874797821044922,-22.502342224121094,-9.275797843933105,0.42468419671058655
4,80270,-11.558357238769531,-16.08451271057129,1.367189884185791,7.782588005065918
4,80270,-9.830482482910156,27.55838966369629,-4.262366771697998,-0.9225409626960754
4,80271,-4.410146236419678,-1.508954644203186,7.710414886474609,7.896932125091553
4,80271,14.800104141235352,-18.999181747436523,2.211209774017334,-6.387035369873047
4,80271,19.03087043762207,8.454306602478027,1.2038902044296265,-6.8289875984191895
4,80271,-15.38628101348877,7.927605152130127,9.627082824707031,27.616498947143555
4,80271,-6.291858196258545,13.442835807800293,5.39423131942749,-14.00650405883789
4,80271,21.19036102294922,-2.0637247562408447,-5.18919038772583,-29.935256958007812
4,80272,-5.98968505859375,-23.182823181152344,-1.481256127357483,31.59119415283203
4,80272,-15.56493854522705,9.388322830200195,3.344111680984497,16.476430892944336
4,80272,21.94614028930664,29.56705665588379,-9.534132957458496,-11.857344627380371
4,80272,21.421688079833984,-14.6177396774292,2.536586046218872,12.099652290344238
4,80272,-4.749614238739014,-18.06175422668457,4.236275672912598,-2.670046091079712
4,80272,5.560070514678955,15.074763298034668,-4.297423839569092,-17.531782150268555
4,80273,17.27726173400879,2.167104959487915,0.5985789895057678,9.893782615661621
4,80273,-0.28977179527282715,-7.332069396972656,-4.440130710601807,-3.8860092163085938
4,80273,-18.728609085083008,-19.06678581237793,-0.5873175263404846,-6.913435935974121
4,80273,-21.371875762939453,3.563278913497925,-1.3067349195480347,20.07697296142578
4,80273,-0.5784202814102173,14.412221908569336,-6.720047950744629,-8.809918403625488
4,80273,19.75477409362793,-2.6926968097686768,4.118399620056152,-5.8782782554626465
4,80274,-5.602293968200684,6.217581748962402,6.117358684539795,16.927785873413086
4,80274,-7.729360103607178,-11.864248275756836,6.162677764892578,-30.311643600463867
4,80274,7.432981014251709,3.408057451248169,11.579427719116211,-7.822722911834717
4,80274,-11.771492004394531,17.336437225341797,-7.604190349578857,23.349796295166016
4,80274,2.7798101902008057,-10.151827812194824,-20.7615909576416,-20.382028579711914
4,80274,3.951653003692627,0.43888312578201294,19.071691513061523,2.9974024295806885
4,80276,-62.2873420715332,95.65399169921875,43.33889389038086,-11.6937255859375
4,80276,-51.90959548950195,75.68746948242188,-7.6770758628845215,-30.07367515563965
4,80276,25.44943618774414,-74.33612060546875,-28.182125091552734,37.31977081298828
4,80276,15.334004402160645,-49.680782318115234,-1.3306103944778442,19.826427459716797
4,80276,-6.735922336578369,24.29256820678711,1.234906792640686,-26.572723388671875
4,80277,0.6692343950271606,5.755573749542236,4.740232944488525,8.943188667297363
4,80277,-1.8548485040664673,-16.356857299804688,-1.7423840761184692,9.503108024597168
4,80277,3.421285390853882,-29.916872024536133,-28.92731475830078,-3.3247907161712646
4,80277,10.1464262008667,-29.285686492919922,-11.202608108520508,21.51572036743164
4,80278,5.686277389526367,-39.31077575683594,-3.2916691303253174,8.840129852294922
4,80280,44.57273483276367,-96.06204986572266,-36.08234786987305,6.575317859649658
4,80282,270.640869140625,-230.40721130371094,-38.50356674194336,65.25328063964844
4,80284,317.6103820800781,-142.63125610351562,8.439865112304688,80.63920593261719
4,80286,-18.02730369567871,185.71095275878906,88.73087310791016,-59.74081039428711
4,80288,-240.61476135253906,186.72401428222656,70.75858306884766,-107.27701568603516
4,80291,-248.3248291015625,76.56098937988281,-16.551605224609375,-12.045914649963379
4,80292,-96.70712280273438,66.08434295654297,-2.133241891860962,-1.581215739250183
4,80295,3.0773849487304688,23.023799896240234,-22.830543518066406,-33.76658630371094
4,80296,-92.88023376464844,145.3849639892578,-29.90349578857422,-49.739013671875
4,80299,-161.16824340820312,86.23382568359375,30.209877014160156,10.42893123626709
4,80300,-29.129873275756836,-151.4657745361328,-26.5855712890625,83.6160659790039
4,80303,319.2270812988281,-199.78076171875,-80.27144622802734,67.52949523925781
4,80304,303.0297546386719,-155.42755126953125,-2.301906108856201,22.222972869873047
4,80307,-63.69434356689453,95.89517974853516,118.44608306884766,-57.210025787353516
4,80308,-172.51893615722656,198.50177001953125,51.729278564453125,-76.77137756347656
4,80311,-130.27792358398438,11.616659164428711,-45.30043029785156,5.31413459777832
4,80312,-15.094430923461914,-64.60556030273438,-27.191450119018555,35.84505844116211
4,80315,82.66885375976562,-22.797664642333984,-4.917830467224121,8.739407539367676
4,80316,-29.399120330810547,131.9802703857422,41.50084686279297,-24.9881534576416
4,80319,-174.95579528808594,76.79280853271484,-28.75772476196289,-10.635051727294922
4,80320,-73.4601821899414,-152.77279663085938,-82.01998138427734,10.183248519897461
4,80321,174.0027313232422,-82.56204986572266,19.241010665893555,9.059328079223633
4,80324,306.12420654296875,-62.20426940917969,32.1539306640625,49.5904426574707
4,80325,170.28807067871094,-84.4168930053711,16.760358810424805,-13.01948070526123
4,80328,-255.63755798339844,152.41917419433594,23.49372100830078,-83.67025756835938
4,80329,-239.12701416015625,93.56305694580078,-33.24406051635742,33.80902099609375
4,80523,161.9773712158203,-224.00909423828125,-99.35838317871094,127.1284408569336
4,80523,201.87669372558594,-198.13778686523438,-47.667884826660156,56.634010314941406
4,80523,66.64564514160156,75.82352447509766,96.38136291503906,-54.023406982421875
4,80523,-41.64022445678711,144.45330810546875,63.57530975341797,-61.572959899902344
4,80523,-127.58080291748047,78.7725830078125,1.8162318468093872,-27.956098556518555
4,80524,-154.44833374023438,76.3310317993164,15.167267799377441,-19.336673736572266
4,80524,-111.34893035888672,72.85883331298828,-3.3817334175109863,-25.900827407836914
4,80524,-23.966306686401367,21.47243881225586,-23.631206512451172,-14.994206428527832
4,80524,34.256595611572266,-40.58987045288086,-21.135326385498047,34.19284439086914
4,80524,93.01439666748047,-50.850494384765625,10.426255226135254,21.599693298339844
4,80524,140.142822265625,-55.39468002319336,9.625473976135254,-26.35733985900879
4,80525,90.29866027832031,-33.17550277709961,19.886737823486328,-0.42486634850502014
4,80525,18.16599464416504,14.226211547851562,42.620994567871094,4.061534881591797
4,80525,-53.50078201293945,48.67524337768555,24.99159812927246,-27.508989334106445
4,80525,-95.51419830322266,57.18828201293945,-16.29986000061035,-22.689329147338867
4,80525,-78.93942260742188,21.9416561126709,-24.595897674560547,-13.124798774719238
4,80525,-90.01578521728516,23.22285270690918,-13.548624038696289,19.141345977783203
4,80526,-62.36629867553711,27.102771759033203,-28.57817268371582,4.100222587585449
4,80526,20.197649002075195,-23.74908447265625,-11.32331657409668,-12.88569164276123
4,80526,57.31234359741211,-33.90380859375,6.557816982269287,26.736690521240234
4,80526,44.988624572753906,-52.23440933227539,-2.898461103439331,31.067852020263672
4,80526,52.727806091308594,-48.67868423461914,1.3588403463363647,7.181589603424072
4,80526,31.630199432373047,16.413637161254883,12.720444679260254,-1.601170539855957
4,80527,-8.618824005126953,22.278118133544922,7.7154340744018555,5.258731842041016
4,80527,-47.46820068359375,20.045705795288086,-3.1827027797698975,11.372658729553223
4,80527,-84.39736938476562,38.5977668762207,16.82837677001953,3.389810085296631
4,80527,-39.96315383911133,30.76102066040039,-8.697166442871094,-15.515172004699707
4,80527,5.3732099533081055,2.74946928024292,-29.90464210510254,1.552287220954895
4,80528,16.549930572509766,-33.503562927246094,16.497669219970703,30.752086639404297
4,80528,39.69093322753906,-30.855716705322266,8.05268383026123,2.318892002105713
4,80528,54.23908615112305,-10.998127937316895,-30.90597152709961,-18.70427703857422
4,80528,34.48423385620117,-24.357030868530273,-11.388452529907227,5.436473846435547
4,80528,9.917450904846191,-7.052865505218506,36.91202926635742,12.083230972290039
4,80528,-10.303245544433594,18.960535049438477,18.11764144897461,-9.878687858581543
4,80529,-32.110992431640625,12.896775245666504,-6.585204601287842,-36.286563873291016
4,80529,-23.110776901245117,14.749214172363281,-6.297683238983154,-18.616981506347656
4,80529,-28.82096290588379,5.712411403656006,-20.431564331054688,8.195147514343262
4,80529,-29.117568969726562,-11.927470207214355,12.810673713684082,2.2452855110168457
4,80529,23.819263458251953,-29.35740852355957,8.712600708007812,-7.082576274871826
4,80529,33.857826232910156,-20.034883499145508,-18.145708084106445,-5.878527641296387
4,80530,4.279767990112305,-4.278223991394043,2.4502224922180176,-5.4044318199157715
4,80530,22.843639373779297,-10.281644821166992,-2.9017202854156494,4.028076171875
4,80530,14.49838638305664,11.98343563079834,-8.68421459197998,19.06696319580078
4,80530,-29.018657684326172,19.447351455688477,17.750534057617188,-5.674201488494873
4,80530,-5.698976993560791,13.681163787841797,15.224162101745605,-10.07712459564209
4,80530,-1.9568126201629639,37.30097198486328,-16.62143325805664,6.712031364440918
4,80531,-26.923887252807617,16.53995704650879,-7.673433780670166,14.193635940551758
4,80531,6.9400739669799805,-18.013357162475586,13.09429931640625,7.54105281829834
4,80531,21.016876220703125,-2.212634563446045,-14.798802375793457,-8.259413719177246
4,80531,-7.70501184463501,-1.7771562337875366,-26.49253273010254,17.707122802734375
4,80531,11.394393920898438,-20.495685577392578,15.328682899475098,12.240983963012695
4,80531,33.31932067871094,-4.513401985168457,20.714923858642578,-14.310677528381348
4,80532,-3.0824146270751953,-4.567686080932617,-1.9480254650115967,-1.2375978231430054
4,80532,-1.974031686782837,-4.088904857635498,-3.7718381881713867,0.2696267366409302
4,80532,1.0172935724258423,7.009932041168213,-9.737724304199219,-13.503783226013184
4,80532,-27.710872650146484,-26.177215576171875,-5.820850849151611,-5.9537129402160645
4,80532,-25.127172470092773,-1.6196167469024658,7.547807216644287,3.468532085418701
4,80532,1.744439959526062,33.3372688293457,-4.3976593017578125,-0.6976989507675171
4,80533,29.80278968811035,-10.550378799438477,-11.997159004211426,8.159168243408203
4,80533,3.2443137168884277,-22.034448623657227,13.414794921875,15.155638694763184
4,80533,-5.160530090332031,7.961010932922363,3.8619489669799805,-4.7441229820251465
4,80533,26.753265380859375,21.96831703186035,1.4010344743728638,-1.1595122814178467
4,80533,1.5873616933822632,3.3008251190185547,3.495574951171875,14.245712280273438
4,80533,-13.448563575744629,-9.43986988067627,-9.181255340576172,-12.87462043762207
4,80534,6.29528284072876,3.7810556888580322,4.724691867828369,-17.95168685913086
4,80534,-18.76259994506836,-2.4729630947113037,-3.5679030418395996,21.054914474487305
4,80534,-18.38834571838379,10.567037582397461,13.98790454864502,13.49831485748291
4,80534,8.880480766296387,10.346551895141602,14.823384284973145,-26.871261596679688
4,80534,-0.4667961895465851,-11.89052963256836,-2.3774824142456055,-6.681077480316162
4,80534,19.33086585998535,17.536941528320312,17.001201629638672,6.263523101806641
4,80535,7.817836761474609,15.873621940612793,-3.24995756149292,-21.14404296875
4,80535,-26.839656829833984,-26.751649856567383,-24.368141174316406,-17.335105895996094
4,80535,6.665140628814697,13.522778511047363,5.118345260620117,7.6068806648254395
4,80535,10.541515350341797,42.50543975830078,22.537492752075195,7.255527973175049
4,80535,-36.54836654663086,-12.33534049987793,-18.68764877319336,-9.532297134399414
4,80535,-32.174808502197266,-11.243009567260742,-26.46617317199707,-2.407914638519287
4,80536,1.4478703737258911,10.172061920166016,18.094385147094727,9.86742115020752
4,80536,-4.35986852645874,-10.14348030090332,-3.6788346767425537,-19.595619201660156
4,80536,-12.199182510375977,-21.278982162475586,-29.880084991455078,-6.154559135437012
4,80536,-8.13835334777832,-2.2584762573242188,-2.808346748352051,31.005945205688477
4,80536,14.311263084411621,-9.685615539550781,9.621125221252441,0.8075384497642517
4,80537,25.399229049682617,-25.29073715209961,12.04283332824707,-0.22156523168087006
4,80537,7.590816974639893,12.434572219848633,3.312349557876587,15.715364456176758
4,80537,12.241094589233398,-4.678542613983154,-11.714377403259277,19.37102699279785
4,80537,-0.18742497265338898,-26.520706176757812,-3.4478867053985596,1.4675204753875732
4,80537,5.4716877937316895,14.91049575805664,13.979268074035645,-12.3717679977417
4,80537,30.2980899810791,16.37697982788086,17.880481719970703,17.600231170654297
4,80538,-3.449033498764038,-10.033960342407227,-13.764617919921875,3.230593681335449
4,80538,-6.2678351402282715,-35.779911041259766,-22.49821662902832,-3.6588056087493896
4,80538,21.29335594177246,-9.974175453186035,19.125835418701172,2.5703325271606445
4,80538,-0.35822978615760803,10.941221237182617,14.186079978942871,2.566209316253662
4,80538,-9.050885200500488,-10.885379791259766,-16.786766052246094,18.7492733001709
4,80538,9.40816879272461,-3.2410480976104736,-16.353984832763672,-21.347135543823242
4,80539,7.934242248535156,-14.964390754699707,0.8066413998603821,-33.2359619140625
4,80539,-0.4322414994239807,5.003892421722412,20.471467971801758,26.915218353271484
4,80539,20.324377059936523,29.572307586669922,5.51101016998291,3.9277524948120117
4,80540,79.86827087402344,-58.14976501464844,-49.244544982910156,-0.8305327296257019
4,80540,50.04496383666992,-59.23162078857422,-36.4354362487793,47.07339096069336
4,80541,-44.389991760253906,39.05294418334961,36.8903694152832,-15.827853202819824
4,80541,-26.62531280517578,10.461114883422852,22.440723419189453,-11.806509971618652
4,80541,-3.4363491535186768,-1.245688557624817,-8.746249198913574,23.348690032958984
4,80541,-3.0035839080810547,40.151859283447266,17.107519149780273,-45.192626953125
4,80541,24.49151611328125,-0.36099159717559814,-5.009382724761963,-20.060850143432617
4,80541,12.396438598632812,-34.3246955871582,-14.538244247436523,20.463932037353516
4,80542,-28.29676628112793,1.803722620010376,19.447128295898438,-16.38768768310547
4,80543,80.21392059326172,-57.02717971801758,10.398813247680664,1.3399171829223633
4,80544,229.66580200195312,-79.29463195800781,30.490081787109375,41.54960632324219
4,80545,25.162212371826172,103.3824691772461,71.17045593261719,-16.296518325805664
4,80548,-308.43084716796875,197.7857666015625,40.72922134399414,-70.5367431640625
4,80549,-243.3981170654297,79.4561538696289,-32.880706787109375,-9.57327651977539
4,80552,-24.98714256286621,-35.60637283325195,-53.02188491821289,-14.6529541015625
4,80554,-13.135575294494629,-2.5683720111846924,-17.179187774658203,12.617841720581055
4,80556,-102.3463134765625,142.7957305908203,3.142042636871338,30.49393081665039
4,80558,-132.10232543945312,103.60853576660156,0.2137662023305893,-71.8326416015625
4,80560,84.06427764892578,-243.932861328125,-57.58042907714844,33.62268829345703
4,80562,245.36090087890625,-272.5598449707031,-81.02828216552734,142.59561157226562
4,80564,302.7572937011719,-72.00090789794922,30.295019149780273,21.828237533569336
4,80566,144.34402465820312,45.89243698120117,82.82501220703125,-101.11114501953125
4,80568,-302.80718994140625,205.14833068847656,18.14251708984375,-78.33235168457031
4,80570,-197.67269897460938,55.3198356628418,-30.319477081298828,48.864837646484375
4,80572,109.60317993164062,-102.56097412109375,-9.832169532775879,36.48902130126953
4,80574,36.97883987426758,-12.852054595947266,21.126937866210938,-19.020103454589844
4,80576,-115.1908950805664,143.92416381835938,-0.5802761912345886,-31.976533889770508
4,80578,-155.66818237304688,140.23695373535156,37.27924728393555,-56.80191421508789
4,80580,75.86532592773438,-224.4252166748047,-28.239992141723633,85.7406997680664
4,80582,184.28578186035156,-216.93374633789062,-113.2830581665039,87.4787368774414
4,80584,201.75318908691406,28.31055450439453,42.118736267089844,-25.280887603759766
4,80586,87.59684753417969,55.24553298950195,82.56385040283203,-6.966060638427734
4,80588,-296.27471923828125,155.2683563232422,11.426173210144043,-35.587093353271484
4,80590,-143.08331298828125,24.238140106201172,-4.735177516937256,-19.225631713867188
4,80592,130.92335510253906,-123.51464080810547,-46.30540466308594,15.43809700012207
4,80594,57.24275207519531,-11.71208667755127,-16.016571044921875,38.27557373046875
4,80789,206.10958862304688,-108.49314880371094,39.043548583984375,43.36676025390625
4,80789,94.20813751220703,-86.9475326538086,36.15740203857422,-22.95852279663086
4,80789,-267.20648193359375,238.18702697753906,15.710610389709473,-67.73841094970703
4,80789,-185.35751342773438,187.37191772460938,-10.586515426635742,-55.28306579589844
4,80789,-60.60575866699219,1.443489670753479,-11.464156150817871,8.352337837219238
4,80789,-61.892799377441406,-5.376849174499512,-14.681599617004395,23.86789321899414
4,80790,49.54175567626953,-63.94851303100586,-29.73643684387207,-17.60533332824707
4,80790,126.59088134765625,-109.78575134277344,-12.35571575164795,5.524928569793701
4,80790,93.73646545410156,-96.87348175048828,-5.182051658630371,45.00582504272461
4,80790,61.593109130859375,-20.488922119140625,-6.720890998840332,25.801137924194336
4,80790,14.977330207824707,50.545501708984375,14.814597129821777,-15.066765785217285
4,80790,-51.12073516845703,59.0813102722168,21.993993759155273,-33.01534652709961
4,80791,-85.34900665283203,55.96792221069336,-1.666204810142517,0.7182745337486267
4,80791,-108.16146850585938,41.62036895751953,-4.042551517486572,12.606072425842285
4,80791,-66.4989242553711,36.18952178955078,-13.87366771697998,-19.10689926147461
4,80791,5.645517349243164,12.952620506286621,-20.738277435302734,-4.086711406707764
4,80791,51.32634353637695,-42.54023361206055,18.152057647705078,24.017093658447266
4,80791,97.78062438964844,-42.428104400634766,7.271823406219482,11.404272079467773
4,80792,77.49400329589844,-21.95792579650879,-15.568243980407715,-14.481011390686035
4,80792,43.93692398071289,-20.095172882080078,20.41997718811035,-4.200563907623291
4,80792,7.279158592224121,5.157368183135986,16.292407989501953,4.934812068939209
4,80792,-52.32331848144531,19.762187957763672,-23.35640525817871,-7.8495941162109375
4,80792,-60.62074279785156,2.9644227027893066,-3.7273192405700684,2.816913604736328
4,80792,-51.4771728515625,4.557814598083496,15.954869270324707,4.977564334869385
4,80793,-38.44085693359375,12.103013038635254,-16.477054595947266,-15.771308898925781
4,80793,-20.217384338378906,-34.93838882446289,-24.090612411499023,13.0189790725708
4,80793,31.04746437072754,-41.09737777709961,3.5317437648773193,26.27117347717285
4,80793,58.97395324707031,-0.4344187378883362,6.933225631713867,-1.6157995462417603
4,80793,42.298118591308594,-19.50115394592285,-5.890294551849365,31.179889678955078
4,80794,33.04731369018555,-7.474967002868652,4.089513301849365,11.179733276367188
4,80794,16.12306785583496,28.676836013793945,25.418132781982422,-29.230743408203125
4,80794,-20.654102325439453,26.639070510864258,23.47641372680664,-12.159600257873535
4,80794,-57.88037109375,46.583683013916016,-3.3468689918518066,-14.575124740600586
4,80794,-30.333209991455078,47.69551467895508,-15.285066604614258,-0.051062457263469696
4,80794,-5.79209566116333,15.003281593322754,1.8129411935806274,3.5709917545318604
4,80795,-16.445899963378906,-0.2376948595046997,14.755741119384766,-2.199434757232666
4,80795,2.014854907989502,-21.484739303588867,-17.827653884887695,3.7716329097747803
4,80795,19.480709075927734,-28.047319412231445,-24.492280960083008,-10.58799934387207
4,80795,12.855366706848145,-17.710655212402344,21.419273376464844,6.692388534545898
4,80795,18.19593620300293,3.005328416824341,10.991777420043945,18.419923782348633
4,80795,15.101029396057129,4.436856269836426,-3.0743725299835205,-11.990721702575684
4,80796,-19.177303314208984,-31.449481964111328,4.993399620056152,-17.104286193847656
4,80796,-30.671541213989258,-11.095165252685547,16.282684326171875,7.886071681976318
4,80796,-20.7052001953125,20.02713394165039,-0.3223947584629059,-18.365251541137695
4,80796,-10.415770530700684,11.07475471496582,-20.882862091064453,-36.64928436279297
4,80796,3.266329288482666,-12.634689331054688,13.820023536682129,27.0839786529541
4,80796,9.386425971984863,-20.785032272338867,-14.84938907623291,15.500962257385254
4,80797,17.711650848388672,10.174105644226074,-33.344642639160156,-36.46881103515625
4,80797,15.707207679748535,-14.608729362487793,5.462915897369385,12.656232833862305
4,80797,24.361562728881836,-27.626720428466797,11.184710502624512,12.044097900390625
4,80797,16.299318313598633,15.043285369873047,-7.9709343910217285,-16.75164794921875
4,80797,-29.191387176513672,-9.868221282958984,-17.506763458251953,42.64693832397461
4,80797,-10.146839141845703,9.739770889282227,-2.9552509784698486,21.907154083251953
4,80798,21.304771423339844,22.047815322875977,9.023011207580566,-30.767520904541016
4,80798,-4.208385467529297,-25.03978157043457,6.6753058433532715,0.44023144245147705
4,80798,-10.098982810974121,-17.882347106933594,-7.580372333526611,21.011329650878906
4,80798,30.296010971069336,-9.872262954711914,3.9708316326141357,3.0904335975646973
4,80798,38.06743621826172,-13.912872314453125,19.04814338684082,-9.944897651672363
4,80798,13.53801155090332,-5.1735310554504395,-8.83845329284668,-0.03565983101725578
4,80799,3.908230781555176,13.814718246459961,-25.992048263549805,-11.605093002319336
4,80799,1.6468225717544556,-18.143983840942383,15.31083869934082,3.665639877319336
4,80799,-1.6914036273956299,-21.939950942993164,34.589046478271484,34.631065368652344
4,80799,-0.5415864586830139,58.72995376586914,-1.4274598360061646,9.742701530456543
4,80799,7.943389892578125,34.91489791870117,-31.782150268554688,-19.146730422973633
4,80799,-6.8237433433532715,-54.916343688964844,-17.913610458374023,-11.943821907043457
4,80800,-16.831829071044922,-18.47216033935547,18.948631286621094,6.529709815979004
4,80800,3.264467477798462,16.353487014770508,16.03738784790039,13.047473907470703
4,80800,20.401729583740234,7.05465841293335,4.908670902252197,1.0151946544647217
4,80800,10.886357307434082,12.182430267333984,-6.97829532623291,-7.726273536682129
4,80800,-23.619890213012695,-22.89602279663086,-18.660076141357422,1.7449935674667358
4,80800,-9.086431503295898,-10.681713104248047,4.856073379516602,-14.938458442687988
4,80801,25.744874954223633,28.32962417602539,16.49007225036621,-12.51233196258545
4,80801,4.613908767700195,-14.670660018920898,-6.712157726287842,14.64621353149414
4,80801,-13.776209831237793,-20.40513038635254,-2.452174425125122,2.8127517700195312
4,80801,-0.9137958884239197,16.637475967407227,9.824470520019531,-9.775120735168457
4,80801,23.957752227783203,13.098830223083496,-25.58359146118164,1.1610544919967651
4,80801,10.780431747436523,1.8804837465286255,-5.447283744812012,1.1605056524276733
4,80802,-11.243675231933594,-13.544560432434082,43.457191467285156,16.67136573791504
4,80802,11.544718742370605,1.5632634162902832,11.421791076660156,14.492619514465332
4,80802,25.22718048095703,-13.813700675964355,-32.6158332824707,-13.52582836151123
4,80802,-8.388829231262207,-17.49630355834961,-17.281261444091797,-1.9046810865402222
4,80802,-31.06938362121582,22.908334732055664,40.362754821777344,-2.447420120239258
4,80802,15.580803871154785,-3.90590238571167,15.323047637939453,-4.265982627868652
4,80803,19.966514587402344,1.902462363243103,-21.345272064208984,2.201157808303833
4,80803,-28.81366539001465,34.83451843261719,23.099462509155273,-13.356103897094727
4,80803,-4.180596351623535,-11.790629386901855,17.91330909729004,-6.125794410705566
4,80803,20.15729331970215,-2.7663679122924805,-13.701458930969238,-4.684098243713379
4,80803,-18.397327423095703,32.88288497924805,-16.4044132232666,-8.16336441040039
4,80804,-29.761152267456055,4.496576309204102,3.8483874797821045,23.18964958190918
4,80804,5.896411418914795,19.403076171875,17.258647918701172,14.713446617126465
4,80804,22.79277992248535,29.305217742919922,-8.413556098937988,-20.86250877380371
4,80804,-15.4622163772583,4.313860893249512,-12.965465545654297,-4.212913990020752
4,80804,-13.59218978881836,10.651300430297852,6.497985363006592,10.341179847717285
4,80804,7.187921047210693,20.99658203125,15.197844505310059,-4.502590656280518
4,80805,-19.084016799926758,-1.9277642965316772,6.863947868347168,7.1316447257995605
4,80805,-14.199100494384766,-20.4746036529541,-17.6556396484375,5.805189609527588
4,80805,-12.92463207244873,2.443173408508301,-20.94822120666504,-16.184646606445312
4,80806,-59.33905792236328,27.969980239868164,25.676973342895508,-53.141197204589844
4,80806,-47.129024505615234,14.27078914642334,39.694393157958984,-42.204917907714844
4,80807,37.4603271484375,-17.357398986816406,-25.1236629486084,27.957408905029297
4,80807,8.053266525268555,-27.296228408813477,-36.29207992553711,14.239232063293457
4,80807,-43.18376922607422,-26.07065773010254,1.175141453742981,1.2944772243499756
4,80807,6.858602523803711,-8.085437774658203,1.694383978843689,14.264219284057617
4,80807,13.372020721435547,-3.301687717437744,-2.152669906616211,-6.27095365524292
4,80807,-13.564493179321289,10.01875114440918,-3.9248855113983154,-5.490311145782471
4,80808,-4.365965366363525,-1.4290921688079834,-10.11662769317627,15.163969993591309
4,80809,-41.48173141479492,-39.281089782714844,-7.029651641845703,21.436450958251953
