Aktueller Finger,timestamp_ms,sensor_0,sensor_1,sensor_2,sensor_3
0,483784,37.17038345336914,59.6912841796875,28.922391891479492,10.054388999938965
0,483787,-0.7419633865356445,42.63810729980469,-7.161271572113037,-59.5780143737793
0,483788,-29.049877166748047,-66.08576965332031,-23.18185043334961,-73.51934051513672
0,483791,-24.251272201538086,-34.71949768066406,6.076869964599609,-7.649662971496582
0,483792,24.064889907836914,13.118124961853027,11.931639671325684,23.738971710205078
0,483793,46.32400894165039,-12.393190383911133,12.096959114074707,76.62899017333984
0,483800,-4.501133918762207,35.50251007080078,47.51860046386719,150.72967529296875
0,483800,-9.539061546325684,35.06282043457031,12.26583480834961,40.5434684753418
0,483801,-6.583576202392578,-26.11490249633789,-37.48307418823242,-113.47344970703125
0,483802,-15.268835067749023,8.254148483276367,-9.753613471984863,-53.152339935302734
0,483805,0.10840380936861038,21.068195343017578,-12.978790283203125,-58.25003433227539
0,483806,-13.529034614562988,-14.766977310180664,-12.69463062286377,-82.36245727539062
0,483807,-17.968721389770508,-23.414901733398438,4.910035610198975,33.56867218017578
0,483810,10.04943561553955,-21.51077651977539,2.8805947303771973,47.376426696777344
0,483811,26.663982391357422,-25.923112869262695,-18.33101463317871,-20.176010131835938
0,483814,6.642431259155273,-0.12901639938354492,7.488568305969238,-10.568977355957031
0,483815,-12.683951377868652,43.3581657409668,25.613845825195312,40.13264083862305
0,483818,11.014508247375488,22.479860305786133,5.980016231536865,51.68400192260742
0,483819,-0.3244161307811737,5.612087249755859,17.47967529296875,10.40438461303711
0,483822,-25.231298446655273,3.642178773880005,-7.006617069244385,-15.82919979095459
0,483841,16.66325569152832,-22.148344039916992,-25.52233123779297,4.263322353363037
0,483841,20.35248374938965,-1.789495825767517,1.4045500755310059,2.562286138534546
0,483842,-25.14112663269043,13.350064277648926,26.86160659790039,24.539608001708984
0,483842,5.41354513168335,-1.9123053550720215,11.50352668762207,30.317195892333984
0,483842,19.421329498291016,10.775209426879883,-16.754838943481445,-26.956907272338867
0,483842,-15.638973236083984,-11.888657569885254,-17.952980041503906,-39.62958908081055
0,483842,-17.801830291748047,-17.136030197143555,-14.31537914276123,-19.370519638061523
0,483842,6.705822944641113,16.214305877685547,-4.987730979919434,-36.057674407958984
0,483843,15.919174194335938,-8.175058364868164,-10.590218544006348,-37.359012603759766
0,483843,-9.630431175231934,-10.96574878692627,0.9438694715499878,0.43976718187332153
0,483844,-18.142099380493164,-8.415778160095215,21.473276138305664,11.0030517578125
0,483845,8.165691375732422,-6.180283546447754,-7.237698078155518,-10.775768280029297
0,483848,9.538328170776367,9.559013366699219,-17.37662124633789,-35.613800048828125
0,483850,-5.99939489364624,-14.782393455505371,3.931213855743408,-16.416996002197266
0,483852,9.191832542419434,-7.240781784057617,5.656468868255615,45.96818923950195
0,483854,-8.984593391418457,6.356062412261963,15.12255859375,63.53583908081055
0,483856,1.2769851684570312,2.2691221237182617,3.5721027851104736,36.44135284423828
0,483858,9.314536094665527,9.969733238220215,-9.434883117675781,-1.6392161846160889
0,483860,-10.785070419311523,19.754941940307617,36.11098861694336,9.33561897277832
0,483862,20.755708694458008,27.369356155395508,38.184234619140625,38.92726516723633
0,483864,-4.253022193908691,6.994706153869629,-36.22488784790039,-47.85103988647461
0,483866,-30.630605697631836,-24.938430786132812,-55.326446533203125,-67.02497863769531
0,483897,18.702327728271484,-53.429283142089844,12.943498611450195,57.497047424316406
0,483897,6.95391321182251,-14.828895568847656,35.420387268066406,72.21178436279297
0,483897,-18.326398849487305,48.97037124633789,-0.2941649854183197,-23.322900772094727
0,483897,25.58912467956543,23.599721908569336,-13.616423606872559,-55.55039978027344
0,483897,-1.0101070404052734,-2.59761118888855,-13.299540519714355,-31.869831085205078
0,483898,-23.59771156311035,-7.804633617401123,-14.404117584228516,-29.16595458984375
0,483898,28.35033416748047,-25.933168411254883,-7.748714923858643,-13.484556198120117
0,483898,8.05271053314209,-17.536270141601562,13.662997245788574,31.84245491027832
0,483898,-25.771324157714844,10.925898551940918,9.886358261108398,34.54075241088867
0,483898,-3.434936761856079,24.176353454589844,10.584452629089355,14.311043739318848
0,483898,0.10416962951421738,15.620831489562988,31.964237213134766,25.747814178466797
0,483899,-2.1451334953308105,12.178977012634277,1.5793092250823975,17.376256942749023
0,483899,7.055086612701416,-3.131059169769287,-34.836273193359375,-17.128633499145508
0,483899,-11.308708190917969,-16.268129348754883,-11.056428909301758,-11.95898723602295
0,483899,8.995795249938965,23.71173667907715,15.758552551269531,-2.6610171794891357
0,483900,26.315650939941406,17.627023696899414,0.6917561292648315,-25.518098831176758
0,483901,-17.606243133544922,-26.54092788696289,-19.486427307128906,-8.061150550842285
0,483902,-20.042699813842773,-14.316083908081055,0.94674152135849,2.9635801315307617
0,483905,-17.454376220703125,-1.890350580215454,4.029528617858887,-52.94086837768555
0,483906,8.672175407409668,-5.169166564941406,-21.823854446411133,-43.75890350341797
0,483909,39.6749382019043,3.4793860912323,18.763416290283203,7.641546249389648
0,483910,-9.281484603881836,-15.386534690856934,23.5135555267334,-6.243125915527344
0,483913,-10.436014175415039,-30.444316864013672,-32.73634719848633,3.9733119010925293
0,483914,-9.350732803344727,8.609990119934082,-6.49567985534668,54.178096771240234
0,483917,-13.925698280334473,24.078903198242188,29.527854919433594,58.11494445800781
0,483918,33.17829132080078,3.7034189701080322,14.085803985595703,26.095703125
0,483919,-2.119903564453125,-11.99470329284668,8.568450927734375,-12.673921585083008
0,483922,-12.596280097961426,18.658639907836914,0.6058535575866699,11.69714641571045
0,483923,11.020506858825684,36.658729553222656,-22.303218841552734,20.63227653503418
0,483926,-19.498167037963867,-30.005430221557617,-40.62232208251953,-63.68595886230469
0,483927,23.056509017944336,-25.538816452026367,8.60958480834961,-21.43625831604004
0,483973,23.973148345947266,16.88197898864746,47.27898025512695,15.263687133789062
0,483973,-28.95145034790039,1.2655001878738403,-0.8219590187072754,-27.03159523010254
0,483973,3.3525829315185547,2.5688974857330322,-28.415239334106445,-3.3478777408599854
0,483973,-4.313009738922119,-0.9530656337738037,-7.858409404754639,1.0934333801269531
0,483973,-16.34275245666504,-11.84725284576416,16.028892517089844,-19.705257415771484
0,483973,17.303733825683594,-11.261187553405762,0.2841586470603943,-16.24593734741211
0,483974,-10.245546340942383,-14.369706153869629,-16.83083152770996,24.713411331176758
0,483974,-6.195318222045898,-3.183354377746582,7.83100700378418,35.08614730834961
0,483974,16.812870025634766,18.55699348449707,34.017208099365234,31.41464614868164
0,483974,-7.354119777679443,29.308250427246094,9.669639587402344,51.85382080078125
0,483974,4.493343353271484,27.75385093688965,-29.463825225830078,18.427997589111328
0,483974,15.405696868896484,-18.884817123413086,-14.840239524841309,-33.62550735473633
0,483975,-5.994740009307861,-22.538576126098633,2.2853753566741943,-22.161203384399414
0,483975,-8.289562225341797,18.85761833190918,9.734511375427246,-19.579978942871094
0,483975,4.67997932434082,-16.733503341674805,9.513427734375,-38.578460693359375
0,483975,7.8457794189453125,-30.507999420166016,-21.975051879882812,-13.169929504394531
0,483975,-3.794673204421997,11.093052864074707,-8.979148864746094,11.1104154586792
0,483976,-10.246992111206055,-4.920871257781982,20.226791381835938,14.817171096801758
0,483976,-1.8710079193115234,-9.916121482849121,5.704500198364258,33.35321044921875
0,483976,2.3125455379486084,44.388099670410156,-8.797741889953613,19.42776870727539
0,483976,5.782930374145508,9.980223655700684,-7.513574123382568,-8.448022842407227
0,483976,-22.022741317749023,-30.51877212524414,12.353727340698242,6.455330848693848
0,483978,-2.838365316390991,9.8848876953125,3.0778427124023438,1.6865500211715698
0,483978,21.66488265991211,27.634464263916016,-7.477248668670654,-15.46415901184082
0,483978,-16.322345733642578,6.936981678009033,-3.369405746459961,-20.219423294067383
0,483979,-4.795754432678223,-29.21053123474121,-7.463825702667236,3.8142831325531006
0,483982,6.45101261138916,16.356277465820312,26.281084060668945,15.757333755493164
0,483983,13.243577003479004,47.81053161621094,-4.089946269989014,-25.154857635498047
0,483986,8.0171537399292,-29.9375,-53.1524543762207,-45.017799377441406
0,483987,-9.998311042785645,-29.900894165039062,16.199092864990234,-25.073362350463867
0,483990,-10.426274299621582,3.587430953979492,27.632431030273438,-24.07433319091797
0,483991,-14.149715423583984,-9.831246376037598,-17.775236129760742,-19.915668487548828
0,483994,27.002613067626953,-20.060279846191406,35.2972297668457,69.61090087890625
0,483995,16.38423728942871,-11.50232982635498,31.28693962097168,56.52278518676758
0,483998,-10.215337753295898,22.068708419799805,-33.019107818603516,5.010751724243164
0,483999,7.20281982421875,6.837832450866699,-3.769829034805298,62.69282913208008
0,484002,-20.764022827148438,13.055543899536133,13.33852481842041,-8.310725212097168
0,484003,3.442819356918335,24.969058990478516,-31.82447624206543,-59.9293212890625
0,484060,26.279211044311523,-41.13956832885742,19.639436721801758,49.07646942138672
0,484060,-6.25823450088501,-25.90423011779785,48.75344467163086,59.098392486572266
0,484061,-14.264999389648438,40.90690231323242,-30.262269973754883,-27.581220626831055
0,484061,-1.003867745399475,11.465081214904785,-22.834653854370117,-40.99946975708008
0,484061,11.183634757995605,14.118142127990723,-6.170164108276367,-31.532875061035156
0,484061,-1.4385511875152588,-7.234177589416504,-18.259462356567383,-28.131467819213867
0,484061,-15.565921783447266,-56.72966766357422,0.2212911695241928,-23.18624496459961
0,484062,-13.265847206115723,31.059669494628906,3.446546792984009,-23.206804275512695
0,484062,16.77846908569336,26.277015686035156,-6.21880578994751,2.9353890419006348
0,484062,-0.18270348012447357,-37.73941421508789,-2.5694968700408936,18.169931411743164
0,484062,-33.52883529663086,-9.749255180358887,27.817293167114258,24.67337417602539
0,484062,24.697778701782227,26.2803955078125,11.211889266967773,15.478792190551758
0,484062,43.66593551635742,29.799711227416992,-23.63488006591797,-9.458292007446289
0,484062,-20.36040687561035,-20.25314712524414,-7.239633083343506,-0.9670060276985168
0,484063,-26.412277221679688,-17.835491180419922,0.12299880385398865,-4.506074905395508
0,484063,14.976780891418457,10.348457336425781,-9.582101821899414,-18.620622634887695
0,484063,-8.787347793579102,-14.803383827209473,-0.612981379032135,0.6587699055671692
0,484063,-23.54984474182129,-11.589319229125977,16.730663299560547,0.7785285115242004
0,484063,22.438966751098633,15.408721923828125,6.351823329925537,-17.059694290161133
0,484064,1.489127278327942,-21.359575271606445,-13.22403621673584,-4.029829025268555
0,484064,-7.009653091430664,-21.31195640563965,-0.6191298365592957,25.578046798706055
0,484064,14.8257417678833,46.00348663330078,3.437175750732422,17.571760177612305
0,484064,-9.41793441772461,12.43201732635498,-0.2378152459859848,-5.997661590576172
0,484064,0.3564392328262329,-28.0839786529541,11.924272537231445,14.220797538757324
0,484064,-7.18647575378418,9.985428810119629,-6.494141101837158,-0.32894641160964966
0,484065,-1.809652328491211,11.746343612670898,-18.933279037475586,-38.3225212097168
0,484065,33.23828125,-7.978080749511719,8.090707778930664,-12.389679908752441
0,484065,-0.9872359037399292,-11.65257453918457,5.180870532989502,14.980417251586914
0,484066,-18.248411178588867,1.110177755355835,-0.4401203989982605,-0.29199090600013733
0,484066,5.159149169921875,1.0058786869049072,4.7100830078125,-5.18840217590332
0,484067,5.76453971862793,-25.71027946472168,1.4069688320159912,25.671356201171875
0,484068,-9.513760566711426,-0.2628931701183319,1.9225759506225586,7.224721908569336
0,484069,-23.715347290039062,34.285438537597656,-3.124818801879883,-43.5318603515625
0,484072,20.870010375976562,-17.28411102294922,3.529956579208374,-15.027097702026367
0,484073,31.954444885253906,-28.092283248901367,10.094501495361328,40.876991271972656
0,484076,-24.167993545532227,31.241334915161133,29.61650276184082,69.61271667480469
0,484077,-10.155930519104004,26.215316772460938,7.697595596313477,39.89792251586914
0,484080,12.300443649291992,-5.4909257888793945,-32.871253967285156,6.71299409866333
0,484081,-15.18080997467041,-0.43158018589019775,-6.322940826416016,2.2710630893707275
0,484084,-8.750764846801758,16.374711990356445,18.537256240844727,-71.28974914550781
0,484085,29.454721450805664,6.785506725311279,0.19533459842205048,-59.91229248046875
0,484088,5.701073169708252,-2.431835174560547,-35.666038513183594,-21.399072647094727
0,484089,-24.6300048828125,-12.390456199645996,-37.862308502197266,-22.787120819091797
0,484092,12.27534294128418,-38.0576057434082,-13.282052040100098,41.21974563598633
0,484093,-10.417611122131348,-1.6957076787948608,29.77562141418457,35.47759246826172
0,484096,-20.25910758972168,24.061513900756836,44.088958740234375,16.913421630859375
0,484097,26.632951736450195,-4.554615020751953,6.567852020263672,11.236586570739746
0,484167,7.152929306030273,22.416210174560547,-24.729970932006836,-78.13758850097656
0,484167,2.7520506381988525,12.365896224975586,-28.230003356933594,-49.138614654541016
0,484167,-9.22048282623291,-41.419654846191406,18.616689682006836,73.87089538574219
0,484168,-7.225556373596191,-5.944803237915039,30.808685302734375,55.50630569458008
0,484168,24.270687103271484,30.879318237304688,2.797828197479248,1.7110850811004639
0,484168,-7.471474647521973,4.176529884338379,0.99281907081604,-8.154041290283203
0,484168,-19.76490592956543,-8.912374496459961,2.6071395874023438,-8.58813762664795
0,484168,2.3714163303375244,18.220151901245117,-12.995262145996094,-13.117030143737793
0,484168,13.828633308410645,7.0166754722595215,-29.268220901489258,-35.257652282714844
0,484169,-1.7243157625198364,-35.16340255737305,-0.778855562210083,-34.17849349975586
0,484169,-28.36575698852539,-21.53813934326172,8.145540237426758,3.8967971801757812
0,484169,6.513035774230957,-0.7603962421417236,-21.966936111450195,21.731863021850586
0,484169,28.602243423461914,-13.85202407836914,5.945847034454346,26.71808433532715
0,484169,-20.389272689819336,14.053902626037598,41.15269470214844,24.880861282348633
0,484170,-18.386201858520508,38.928592681884766,5.11171817779541,-0.7463006377220154
0,484170,11.206762313842773,-24.357275009155273,-20.37201690673828,1.9108532667160034
0,484170,6.151236534118652,-21.42988395690918,5.014743328094482,-2.7651076316833496
0,484170,12.775365829467773,55.26778793334961,2.9831736087799072,-7.266127109527588
0,484170,-4.954505443572998,3.431373119354248,-15.374950408935547,4.048689842224121
0,484170,-31.698671340942383,-50.446231842041016,-11.00692367553711,-21.037843704223633
0,484171,11.013705253601074,8.45544719696045,1.9302653074264526,-19.112186431884766
0,484171,38.83784484863281,-1.7432365417480469,10.565815925598145,8.060108184814453
0,484171,-15.01421070098877,-24.846094131469727,6.952886581420898,17.317790985107422
0,484171,-24.00612449645996,27.02107048034668,13.824678421020508,26.310136795043945
0,484171,18.12401580810547,13.958566665649414,3.656137228012085,15.058466911315918
0,484171,14.51689624786377,-12.339773178100586,4.880208969116211,-9.824658393859863
0,484172,3.609492063522339,1.3893842697143555,5.622358322143555,-8.636280059814453
0,484172,-7.422854423522949,-0.18812330067157745,-26.988372802734375,-4.734955787658691
0,484172,-15.459147453308105,-5.947362422943115,-8.827059745788574,-6.080345153808594
0,484172,12.37105941772461,11.833894729614258,21.220951080322266,6.6159443855285645
0,484172,5.966660499572754,9.283373832702637,9.25723934173584,-8.48205280303955
0,484172,-9.04321002960205,-7.646349906921387,-2.863267660140991,3.760746479034424
0,484173,10.24687671661377,16.966842651367188,-20.804750442504883,26.088909149169922
0,484173,2.2267348766326904,2.0716755390167236,-9.855143547058105,-5.384856224060059
0,484174,-19.234766006469727,-15.753326416015625,17.132516860961914,6.2267022132873535
0,484174,-15.838431358337402,8.92969036102295,10.650216102600098,13.780007362365723
0,484174,10.954422950744629,-5.2233099937438965,6.138561725616455,-30.217124938964844
0,484174,15.07265567779541,-8.555685997009277,-23.927059173583984,-18.795156478881836
0,484176,3.5816500186920166,16.71831512451172,-9.763555526733398,32.550086975097656
0,484179,2.119563579559326,18.017459869384766,40.49166488647461,64.37651062011719
0,484180,-5.297273635864258,20.882556915283203,25.099267959594727,24.18598175048828
0,484183,-11.26805305480957,6.78640604019165,-16.089929580688477,-72.15400695800781
0,484184,-4.298641681671143,-3.019160032272339,-16.342132568359375,-61.08015441894531
0,484187,11.922148704528809,-14.576248168945312,-18.736881256103516,-17.663175582885742
0,484188,15.939353942871094,-30.774202346801758,-34.229583740234375,-41.85095977783203
0,484191,4.331002235412598,-23.44838523864746,11.316454887390137,-28.144424438476562
0,484192,-11.941472053527832,-24.22962760925293,-2.112169027328491,20.12362289428711
0,484195,-16.78593635559082,9.467275619506836,0.7863319516181946,81.16851043701172
0,484196,-9.069225311279297,0.783507764339447,17.802932739257812,57.100982666015625
0,484197,1.527197003364563,-19.687082290649414,-12.732918739318848,-34.364173889160156
0,484200,-5.274292469024658,44.19660186767578,31.55010414123535,0.926297664642334
0,484201,6.028261184692383,40.86735534667969,6.212515830993652,52.41288757324219
0,484204,21.542098999023438,-12.139968872070312,-29.426952362060547,-39.50130844116211
0,484205,-2.933697462081909,-6.272972106933594,9.009712219238281,-68.18926239013672
0,484287,-12.106188774108887,-15.605130195617676,2.442383050918579,19.53260040283203
0,484287,-9.909882545471191,-15.602394104003906,-13.864517211914062,24.056671142578125
0,484287,-0.721011757850647,33.55603790283203,10.014378547668457,-9.521958351135254
0,484287,16.380943298339844,24.162662506103516,21.79524803161621,-24.76611328125
0,484288,10.32129192352295,-23.219696044921875,-24.657793045043945,-50.37668991088867
0,484288,0.45318078994750977,-36.187171936035156,-24.762277603149414,-19.79060173034668
0,484288,-18.150062561035156,-1.097181797027588,19.29507064819336,30.75157356262207
0,484288,6.574577808380127,-0.31389886140823364,-11.140353202819824,9.812118530273438
0,484288,22.285417556762695,-23.296619415283203,-10.858749389648438,16.734176635742188
0,484289,-19.6053466796875,4.25131368637085,37.70980453491211,43.03892517089844
0,484289,-4.539875030517578,33.13534164428711,19.58285140991211,11.601914405822754
0,484289,16.537965774536133,22.351163864135742,-12.572007179260254,0.31819218397140503
0,484289,-8.144046783447266,-9.080462455749512,-18.235918045043945,8.005294799804688
0,484289,-22.903663635253906,4.900009632110596,4.1913838386535645,-13.980496406555176
0,484289,14.666769981384277,-6.086810111999512,9.440924644470215,-43.10312271118164
0,484290,32.459171295166016,-25.417133331298828,-23.855775833129883,-23.020431518554688
0,484290,-25.439590454101562,-8.142034530639648,-5.698858261108398,15.525530815124512
0,484290,-26.41251564025879,1.9296683073043823,19.651330947875977,-1.7433630228042603
0,484290,21.3298397064209,0.6934094429016113,3.517707347869873,11.918766021728516
0,484290,2.2503786087036133,-4.713522911071777,-4.609851360321045,35.17216873168945
0,484290,-21.75133514404297,20.634132385253906,-8.136942863464355,4.748077392578125
0,484291,3.765214443206787,19.501434326171875,9.961385726928711,8.888821601867676
0,484291,23.5968074798584,-11.409505844116211,10.864078521728516,-0.2975451648235321
0,484291,-6.596323490142822,-8.125272750854492,-21.72453498840332,-12.59040355682373
0,484291,-13.057138442993164,2.410517454147339,4.534564018249512,-13.436366081237793
0,484291,5.742401599884033,-1.6073414087295532,17.472599029541016,-7.836872100830078
0,484291,13.882603645324707,-9.970468521118164,-27.04796600341797,19.28093147277832
0,484292,5.59502649307251,-6.545414447784424,2.205078363418579,4.004911422729492
0,484292,-14.348183631896973,14.680156707763672,31.371082305908203,0.5288577675819397
0,484292,19.313209533691406,5.0387115478515625,-21.420434951782227,11.366235733032227
0,484292,-0.6754146814346313,-15.239800453186035,-2.5021140575408936,8.559829711914062
0,484292,-32.9086799621582,19.98450469970703,37.388343811035156,3.2498738765716553
0,484293,11.892937660217285,11.203554153442383,-6.505890846252441,-9.473716735839844
0,484293,15.386645317077637,-14.894208908081055,-18.025510787963867,-3.683015823364258
0,484293,-0.49338284134864807,9.92140007019043,5.4542436599731445,-8.286017417907715
0,484293,1.6334829330444336,-13.760183334350586,10.717146873474121,3.173666000366211
0,484293,-9.611339569091797,-4.8764519691467285,-6.718882083892822,3.3729171752929688
0,484293,-6.966816425323486,13.350964546203613,-15.04223346710205,-15.219215393066406
0,484293,6.823741912841797,-10.106643676757812,-7.653952121734619,1.5355262756347656
0,484294,0.8871479034423828,-8.632105827331543,-6.630395412445068,18.529560089111328
0,484295,1.0777748823165894,-5.016032695770264,30.05467987060547,31.16835594177246
0,484295,6.002207279205322,27.109865188598633,14.320109367370605,-2.6351959705352783
0,484295,-6.6443586349487305,1.471497893333435,-31.487720489501953,-16.74820899963379
0,484295,-8.489337921142578,-26.870241165161133,-6.208325386047363,5.9377923011779785
0,484297,9.904332160949707,31.556360244750977,10.674993515014648,-3.28458571434021
0,484298,8.392293930053711,12.054760932922363,2.1620476245880127,19.539772033691406
0,484299,-8.29116439819336,-18.874013900756836,8.475947380065918,22.675355911254883
0,484302,-12.898615837097168,29.0268497467041,2.3223588466644287,-34.52366638183594
0,484303,-6.127689361572266,26.071144104003906,-11.392701148986816,-54.8138542175293
0,484306,-6.497975826263428,-24.4500789642334,-2.027486562728882,-52.69233322143555
0,484307,14.084798812866211,-14.480609893798828,-12.102531433105469,-27.697673797607422
0,484310,20.107080459594727,-17.478744506835938,-28.17465591430664,5.834139347076416
0,484311,-8.816380500793457,-35.240928649902344,0.45608681440353394,2.190697431564331
0,484314,-4.065866947174072,-5.107802867889404,58.1369743347168,45.89267349243164
0,484315,-16.200082778930664,9.915417671203613,29.060304641723633,39.44206619262695
0,484318,14.029084205627441,30.888477325439453,-38.1854248046875,22.071496963500977
0,484319,21.01738166809082,10.150782585144043,-17.33034324645996,48.57159423828125
0,484322,-33.30326843261719,-11.92025089263916,4.648817539215088,-12.924371719360352
0,484324,19.002880096435547,13.312691688537598,-6.937800407409668,-54.205047607421875
0,484326,22.89760971069336,-13.748231887817383,-1.5611121654510498,-23.327898025512695
0,484328,-34.78458786010742,-23.86367416381836,11.985199928283691,4.968913555145264
0,484330,4.863622665405273,8.235230445861816,-20.8991756439209,-36.787166595458984
0,484332,7.1383514404296875,10.249539375305176,-14.825813293457031,-26.538307189941406
0,484425,-17.749937057495117,33.71773910522461,34.898624420166016,75.08912658691406
0,484425,-7.020651817321777,43.565391540527344,8.693719863891602,20.54521942138672
0,484425,-5.26088809967041,-46.640480041503906,-21.255361557006836,-64.05420684814453
0,484425,24.697420120239258,-60.28931427001953,-7.117142677307129,-9.483389854431152
0,484425,11.905008316040039,11.378352165222168,11.881000518798828,19.3026123046875
0,484426,-27.17959976196289,12.393550872802734,11.66547966003418,29.433305740356445
0,484426,3.032362461090088,11.993973731994629,5.35969877243042,44.91810989379883
0,484426,16.787389755249023,-3.878969192504883,-1.8546947240829468,9.348333358764648
0,484426,-4.230235576629639,-17.292835235595703,-6.208868503570557,-10.147908210754395
0,484426,-9.476524353027344,10.46888256072998,3.973695755004883,-0.14977732300758362
0,484427,5.219418525695801,5.03104829788208,-13.478285789489746,-16.804731369018555
0,484427,6.966629981994629,-15.466449737548828,-6.268835067749023,-41.503658294677734
0,484427,-9.136540412902832,3.6565113067626953,18.088790893554688,-32.27478790283203
0,484427,9.539358139038086,0.6407073736190796,-18.906007766723633,-3.380300521850586
0,484427,5.008942127227783,-18.486242294311523,-24.099525451660156,22.756816864013672
0,484427,-20.950227737426758,13.995325088500977,32.20733642578125,26.976703643798828
0,484428,5.5527496337890625,20.505855560302734,28.04198455810547,11.316235542297363
0,484428,25.53974723815918,-0.044330887496471405,-16.833261489868164,1.8105167150497437
0,484428,-2.1512365341186523,-3.7511043548583984,-2.0278031826019287,-0.6940903663635254
0,484428,-1.510502815246582,10.366142272949219,4.7211222648620605,-12.594690322875977
0,484428,-2.8162996768951416,0.3628299832344055,-23.643081665039062,2.028599500656128
0,484428,-23.029443740844727,-20.501550674438477,2.861283302307129,-0.05599462240934372
0,484429,8.159124374389648,-1.9318406581878662,21.425601959228516,-31.9229679107666
0,484429,24.427165985107422,0.7075653672218323,-5.779755115509033,-8.801423072814941
0,484429,-15.719738960266113,-6.43532133102417,3.6469459533691406,7.197789192199707
0,484429,-12.101300239562988,9.149103164672852,-8.588593482971191,12.77003002166748
0,484429,-5.378791332244873,13.276836395263672,-16.23578643798828,24.925270080566406
0,484430,-14.659791946411133,-9.072165489196777,31.270597457885742,11.900496482849121
0,484430,20.361827850341797,-11.263925552368164,3.4423701763153076,-11.254802703857422
0,484430,23.83700942993164,10.748283386230469,-32.62633514404297,-17.50890350341797
0,484430,-5.209792613983154,7.947441101074219,6.005998134613037,4.339348316192627
0,484430,-23.160892486572266,-8.193375587463379,13.21303939819336,12.999432563781738
0,484430,0.8735162615776062,-1.6413716077804565,1.620446801185608,-3.684572458267212
0,484431,12.84195327758789,8.044833183288574,0.8220047950744629,-14.892280578613281
0,484431,-13.698534965515137,-10.5491361618042,-10.25381088256836,11.60461711883545
0,484431,8.293366432189941,-11.274060249328613,-4.716066360473633,23.475414276123047
0,484431,16.116044998168945,21.411231994628906,7.804348468780518,-0.7654724717140198
0,484431,-14.690630912780762,4.269756317138672,16.041175842285156,-2.601742744445801
0,484431,0.4702261686325073,-29.10495948791504,-1.3706347942352295,8.684679985046387
0,484432,5.683305263519287,-5.767752170562744,-5.311179161071777,-2.1708180904388428
0,484432,-10.085554122924805,29.84376335144043,8.982830047607422,-10.722920417785645
0,484432,14.54843807220459,17.036426544189453,-10.114250183105469,-13.01949405670166
0,484432,11.688152313232422,-23.89215087890625,-22.008310317993164,-6.993878364562988
0,484432,-16.825422286987305,-3.770922899246216,12.182319641113281,9.447432518005371
0,484432,-16.171985626220703,10.178346633911133,14.790363311767578,-3.861321449279785
0,484433,7.09177303314209,-2.613306999206543,-11.440007209777832,-7.885379791259766
0,484434,-3.2216405868530273,21.265836715698242,21.647958755493164,21.259374618530273
0,484434,1.097446084022522,6.943284511566162,-1.2519069910049438,28.507972717285156
0,484434,27.71355628967285,-24.19243049621582,-31.541181564331055,10.52393913269043
0,484434,-24.725460052490234,-6.071807384490967,20.766613006591797,-0.7709566950798035
0,484435,-3.9168906211853027,19.59344482421875,7.414418697357178,-19.236921310424805
0,484436,33.05776596069336,-1.3625376224517822,-37.08327102661133,-3.5681772232055664
0,484437,-19.889009475708008,-7.887256145477295,6.918550491333008,33.71061325073242
0,484440,-7.57050085067749,18.098175048828125,28.47551727294922,34.29317092895508
0,484441,16.96531105041504,15.193622589111328,-5.172227382659912,8.881413459777832
0,484444,-19.691633224487305,-12.42538833618164,-8.165144920349121,-73.0427017211914
0,484445,-6.717230319976807,-11.51590347290039,-1.858581304550171,-93.85102081298828
0,484448,5.655704975128174,-10.949274063110352,-15.941622734069824,-23.7616024017334
0,484449,-18.056760787963867,-27.40239906311035,-25.072250366210938,-7.527598857879639
0,484452,17.282747268676758,5.259754180908203,10.149380683898926,21.431184768676758
0,484453,15.110825538635254,7.334255695343018,13.451228141784668,46.11651611328125
0,484456,-2.9076457023620605,-6.100286960601807,14.833736419677734,41.50471496582031
0,484457,-8.587292671203613,2.2154622077941895,39.052650451660156,42.88850784301758
0,484460,-6.134518623352051,12.185077667236328,4.163186073303223,9.888910293579102
0,484461,24.962066650390625,26.90701675415039,-12.661882400512695,-20.290433883666992
0,484464,-4.560094833374023,-11.022595405578613,-28.3790283203125,-56.12466049194336
0,484465,-11.823616027832031,-26.678466796875,-28.434886932373047,-27.23167610168457
0,484468,-4.948640823364258,-8.385883331298828,21.488656997680664,10.152580261230469
0,484469,-11.718994140625,-8.34599494934082,3.8159871101379395,-19.13128089904785
0,484472,3.123309373855591,6.835522174835205,-19.211322784423828,20.70003890991211
0,484577,19.21675682067871,33.662593841552734,34.169002532958984,71.1373291015625
0,484577,7.237825393676758,25.679927825927734,34.54670333862305,1.1461105346679688
0,484577,-12.639826774597168,-26.899633407592773,-40.85283279418945,-75.16986846923828
0,484577,9.022411346435547,-40.89847183227539,-29.3122501373291,-4.018291473388672
0,484577,-5.044759750366211,-1.135214924812317,35.1013069152832,53.75580978393555
0,484578,-1.637250542640686,38.13167953491211,16.174964904785156,24.70372200012207
0,484578,21.236488342285156,22.076568603515625,-18.938486099243164,20.913373947143555
0,484578,-12.82601547241211,-17.54458999633789,2.812185049057007,12.872688293457031
0,484578,-28.239900588989258,3.175779342651367,31.274517059326172,7.538731575012207
0,484578,13.46525764465332,13.757314682006836,-12.224455833435059,-15.815913200378418
0,484578,20.529184341430664,-4.585984706878662,-42.57700729370117,-39.69491195678711
0,484579,-11.028922080993652,-9.781278610229492,-6.966660976409912,-40.22044372558594
0,484579,-19.873069763183594,-13.002091407775879,5.632436752319336,-27.89415740966797
0,484579,-15.687912940979004,-7.940582752227783,9.347814559936523,14.674321174621582
0,484579,18.872499465942383,-8.02563190460205,8.364578247070312,15.93807315826416
0,484579,34.02394104003906,4.297763347625732,-5.8086957931518555,-1.6449074745178223
0,484579,-2.1465983390808105,20.306074142456055,-6.007157325744629,19.0192813873291
0,484580,-18.645004272460938,12.969141006469727,12.84067440032959,20.669719696044922
0,484580,-11.059643745422363,1.2995922565460205,9.241229057312012,-5.237331390380859
0,484580,-2.318279504776001,-7.791253089904785,-0.7895339727401733,-7.382431983947754
0,484580,5.486438274383545,-11.761014938354492,6.907488822937012,-9.778483390808105
0,484580,4.826137542724609,7.429964542388916,-10.988884925842285,-37.801185607910156
0,484581,-4.027580261230469,2.029615640640259,-28.05160903930664,-22.616256713867188
0,484581,-4.953012466430664,-17.064836502075195,-12.91133975982666,19.48646354675293
0,484581,8.361407279968262,5.398836612701416,16.08122444152832,10.844021797180176
0,484581,6.683491230010986,7.463460445404053,20.499414443969727,5.039742469787598
0,484581,1.6081351041793823,-0.4415971040725708,7.085177421569824,8.73949909210205
0,484581,8.463728904724121,-2.2150893211364746,-10.268394470214844,-2.037261962890625
0,484582,-6.094994068145752,-6.589200973510742,-12.466550827026367,9.959024429321289
0,484582,-13.124753952026367,-1.6991921663284302,4.850282669067383,8.32455825805664
0,484582,5.9212517738342285,5.14668607711792,-4.443175315856934,-15.446745872497559
0,484582,6.134599208831787,4.1110639572143555,-17.08183479309082,-26.005950927734375
0,484582,-5.3695549964904785,-18.849966049194336,-5.865488529205322,-10.986875534057617
0,484582,-9.751054763793945,-11.3649263381958,16.232492446899414,14.209603309631348
0,484583,7.235857963562012,-0.35923486948013306,6.633996963500977,-2.82401967048645
0,484583,-7.011376857757568,5.264105319976807,-20.507997512817383,0.5863379240036011
0,484583,-16.02504539489746,11.923104286193848,1.3069462776184082,27.167736053466797
0,484583,20.410694122314453,-15.143716812133789,16.72606086730957,7.810853004455566
0,484583,-1.8689080476760864,14.595227241516113,9.196785926818848,-6.477015495300293
0,484583,-8.483750343322754,38.892333984375,16.90358543395996,-12.584715843200684
0,484584,6.642180919647217,-18.548269271850586,-6.840419292449951,-6.003958702087402
0,484584,-10.27413558959961,-24.282943725585938,-12.155013084411621,7.203600883483887
0,484584,5.361734390258789,14.439449310302734,6.49049711227417,-8.010883331298828
0,484584,19.16312026977539,6.727875232696533,-7.079497814178467,15.019444465637207
0,484584,-7.181450366973877,-6.460715293884277,-1.7877626419067383,3.506395101547241
0,484584,-12.29330825805664,7.222930431365967,18.47064971923828,-14.08278751373291
0,484585,19.203466415405273,6.061103343963623,5.447089672088623,28.642139434814453
0,484585,15.20775032043457,-8.16457462310791,-17.138700485229492,-3.4744598865509033
0,484585,-16.18300437927246,-18.622581481933594,-11.742462158203125,-24.143171310424805
0,484585,-15.520308494567871,-8.85413932800293,15.628579139709473,13.180940628051758
0,484585,17.000558853149414,27.694438934326172,6.797369003295898,16.301353454589844
0,484586,1.4763292074203491,-4.977642059326172,-20.728649139404297,-12.309286117553711
0,484587,-26.17241859436035,-42.60062789916992,0.44404906034469604,-20.45905113220215
0,484587,2.7032155990600586,8.414143562316895,2.773477792739868,-4.606753349304199
0,484587,16.800765991210938,17.753992080688477,4.3710174560546875,-14.919594764709473
0,484587,-2.348153829574585,-2.157031297683716,15.022541999816895,-1.6696757078170776
0,484587,-2.082773447036743,3.09598445892334,-16.009553909301758,29.479084014892578
0,484589,9.155115127563477,0.9315852522850037,-0.9112284183502197,1.0592944622039795
0,484590,-4.68196439743042,-11.136038780212402,29.39923858642578,-32.64093780517578
0,484591,-20.482086181640625,-25.9328670501709,-6.726358890533447,16.264183044433594
0,484594,18.11827278137207,26.347475051879883,-23.631616592407227,65.4786376953125
0,484595,29.504236221313477,39.41461181640625,6.082759380340576,32.472652435302734
0,484598,-19.908973693847656,7.862344264984131,33.18673324584961,5.62799596786499
0,484599,-11.599902153015137,10.39954662322998,18.891319274902344,16.72811508178711
0,484602,13.939079284667969,-11.844436645507812,-30.891645431518555,5.297565937042236
0,484603,6.455320358276367,10.336956977844238,-13.646735191345215,-78.59823608398438
0,484606,-21.01340675354004,-15.42019271850586,-18.97246551513672,-71.70035552978516
0,484608,-13.739222526550293,-37.678192138671875,-42.252830505371094,25.288837432861328
0,484610,4.760883808135986,15.538045883178711,28.739992141723633,-74.10986328125
0,484612,-8.020556449890137,-23.358779907226562,15.417040824890137,-44.076908111572266
0,484614,25.494483947753906,-11.156389236450195,-5.672584533691406,175.75897216796875
0,484616,3.4854774475097656,39.112117767333984,37.88512420654297,88.02490997314453
0,484618,-11.758257865905762,7.060565948486328,7.27342414855957,-67.34894561767578
0,484620,21.443862915039062,14.937456130981445,-13.266436576843262,-73.9129867553711
0,484622,-22.047224044799805,-10.86237907409668,-1.0048524141311646,1.4341093301773071
0,484624,-16.334239959716797,-10.112906455993652,-7.996487617492676,53.487030029296875
0,484739,23.41934585571289,24.912399291992188,11.695510864257812,35.30876922607422
0,484739,8.19041633605957,-15.053436279296875,20.596969604492188,52.06584548950195
0,484739,-11.854524612426758,-6.517845630645752,-4.677788257598877,-9.898417472839355
0,484740,1.8585729598999023,24.50469970703125,-21.240074157714844,-60.01023864746094
0,484740,16.70664405822754,20.450878143310547,-24.373537063598633,-42.99913024902344
0,484740,-13.755122184753418,-31.317874908447266,-2.1704483032226562,-21.6271915435791
0,484740,-25.417922973632812,-39.728492736816406,13.699816703796387,-4.3172287940979
0,484740,20.683879852294922,16.738208770751953,-6.60244083404541,0.8460983037948608
0,484740,18.003503799438477,6.066993713378906,-28.224891662597656,4.119386672973633
0,484741,-25.763328552246094,-20.367443084716797,18.15615463256836,13.838695526123047
0,484741,-3.1801090240478516,6.182611465454102,28.369508743286133,26.039751052856445
0,484741,20.391347885131836,25.517166137695312,-30.0341739654541,1.1504061222076416
0,484741,-13.710198402404785,-2.174819231033325,3.649761199951172,-5.142115592956543
0,484741,-11.2260160446167,2.2262041568756104,34.89923095703125,-13.435490608215332
0,484742,20.759296417236328,-0.6058645248413086,-29.420976638793945,-31.802141189575195
0,484742,-6.736732482910156,-19.088069915771484,-10.925130844116211,-8.653728485107422
0,484742,-14.656120300292969,10.021239280700684,34.58205032348633,-7.792135238647461
0,484742,8.89548397064209,-7.611920356750488,-6.885224342346191,-16.970951080322266
0,484742,9.34630298614502,-12.16710376739502,-15.834257125854492,5.290591716766357
0,484742,0.3268938362598419,0.1838887482881546,-9.082173347473145,6.363465309143066
0,484743,-9.120516777038574,-12.806485176086426,-0.6013688445091248,12.420750617980957
0,484743,8.835396766662598,22.08906364440918,22.918479919433594,27.5522403717041
0,484743,2.000758171081543,36.591705322265625,9.108805656433105,-6.551401615142822
0,484743,1.081686019897461,-21.00092124938965,-7.520106792449951,-26.73126983642578
0,484743,-3.6788084506988525,-22.947935104370117,6.443881988525391,-2.1027333736419678
0,484743,-20.024608612060547,21.718074798583984,-5.63865852355957,-26.248779296875
0,484744,22.545812606811523,-9.014739990234375,-17.99656867980957,-36.489253997802734
0,484744,11.370689392089844,-21.236581802368164,7.048216342926025,34.14500045776367
0,484744,-12.720076560974121,-0.9638335704803467,8.56702995300293,67.78562927246094
0,484744,14.513753890991211,16.11603355407715,-2.153108596801758,26.560354232788086
0,484744,9.596922874450684,21.760412216186523,5.255630970001221,-9.66247844696045
0,484744,-17.248741149902344,-18.496158599853516,-1.2790707349777222,33.28400421142578
0,484745,-21.166946411132812,-1.2996759414672852,-3.5638909339904785,30.715328216552734
0,484745,6.412919998168945,6.545682907104492,-11.062797546386719,-31.30368423461914
0,484745,10.534907341003418,-16.767148971557617,-12.389749526977539,-13.590742111206055
0,484745,-8.420863151550293,25.116792678833008,12.049277305603027,-1.4685317277908325
0,484745,-3.671023368835449,6.0507731437683105,8.81943130493164,-24.299898147583008
0,484745,-10.716891288757324,-25.640661239624023,-9.00707721710205,-27.10125160217285
0,484746,-7.69074010848999,7.258113861083984,-30.2462100982666,1.2385334968566895
0,484746,8.277579307556152,12.514503479003906,8.66976547241211,-1.320327877998352
0,484746,6.4359025955200195,-19.376789093017578,21.192319869995117,-26.878828048706055
0,484746,1.1925045251846313,-13.849136352539062,-19.517271041870117,0.2544768750667572
0,484746,-14.961549758911133,10.520368576049805,-3.176917791366577,24.893789291381836
0,484746,-5.604539394378662,-4.384846210479736,21.305269241333008,13.228903770446777
0,484747,17.795166015625,3.5328309535980225,13.977754592895508,-16.531007766723633
0,484747,21.912490844726562,-5.987192153930664,-23.24184799194336,-9.626740455627441
0,484747,-15.269993782043457,-2.7955121994018555,-8.471474647521973,30.74675178527832
0,484747,-25.450889587402344,33.147064208984375,8.661763191223145,9.136174201965332
0,484747,14.416857719421387,-2.1955628395080566,9.250048637390137,-19.762985229492188
0,484747,6.4583258628845215,-11.594114303588867,27.963247299194336,-20.18613624572754
0,484748,5.988168716430664,-1.9317411184310913,-1.3978204727172852,-4.734683513641357
0,484748,13.671578407287598,-6.232834815979004,-25.60115623474121,3.2113873958587646
0,484748,-0.695869505405426,10.1193265914917,-6.576248645782471,-20.665937423706055
0,484748,0.40900710225105286,-5.046299457550049,15.41598129272461,33.1718635559082
0,484748,-6.900223731994629,-3.886279344558716,6.878297328948975,25.049976348876953
0,484749,0.04596485197544098,20.913799285888672,7.833968162536621,-30.619598388671875
0,484749,22.701993942260742,-8.794496536254883,3.580028772354126,11.584124565124512
0,484750,-14.010103225708008,-37.15380096435547,-21.070463180541992,14.33935546875
0,484750,-24.99439811706543,-6.911076068878174,9.13695240020752,0.9188371300697327
0,484750,6.084726810455322,7.21883487701416,11.219280242919922,13.41602897644043
0,484750,5.8795061111450195,23.157333374023438,-0.9180168509483337,2.9943363666534424
0,484751,13.73144817352295,24.298240661621094,8.839570045471191,2.142772674560547
0,484751,10.100564002990723,-27.622989654541016,-18.898181915283203,-13.770682334899902
0,484752,-5.89350700378418,-26.165512084960938,-22.886201858520508,-7.461442947387695
0,484753,-21.72526741027832,12.353870391845703,14.137261390686035,76.39210510253906
0,484756,-0.3084823489189148,38.4970588684082,26.515592575073242,41.50374221801758
0,484757,29.4864559173584,32.100616455078125,5.846861362457275,-2.1126630306243896
0,484760,-22.720155715942383,-2.4341206550598145,-13.072514533996582,23.133790969848633
0,484761,-6.5152812004089355,11.43372631072998,-22.612226486206055,-80.00051879882812
0,484764,33.476192474365234,11.370704650878906,2.8520615100860596,-57.062156677246094
0,484765,-33.04456329345703,-26.392005920410156,14.841558456420898,36.53347396850586
0,484768,-15.443985939025879,-18.3304386138916,-14.163435935974121,-69.2458267211914
0,484769,11.823492050170898,-24.791271209716797,-16.79305076599121,-64.5853500366211
0,484772,-17.24447250366211,-58.43403244018555,-4.069889068603516,45.04168701171875
0,484883,29.836135864257812,66.32565307617188,6.737858295440674,75.7664566040039
0,484883,37.614219665527344,95.6655044555664,11.802360534667969,37.382537841796875
0,484883,-26.418439865112305,-77.35586547851562,-19.86437225341797,-66.73369598388672
0,484883,-27.242456436157227,-57.11782455444336,2.354685068130493,-35.20549392700195
0,484883,8.216338157653809,20.928388595581055,24.725568771362305,30.705533981323242
0,484884,20.05759620666504,11.376770973205566,-3.075730323791504,13.33216667175293
0,484884,6.944770812988281,10.412651062011719,-3.7499876022338867,0.935826301574707
0,484884,-23.285158157348633,-0.08474907279014587,8.7446928024292,4.258812427520752
0,484884,-15.28918170928955,0.40790697932243347,15.430837631225586,12.489811897277832
0,484884,0.6884413361549377,1.2237482070922852,-14.685303688049316,-6.418553352355957
0,484884,-9.463934898376465,-3.5987043380737305,-29.273027420043945,-28.727758407592773
0,484885,2.6924431324005127,-14.411096572875977,-9.31241226196289,-37.2390251159668
0,484885,22.075279235839844,-2.240325450897217,27.004926681518555,3.3002917766571045
0,484885,-9.852033615112305,9.426309585571289,9.154057502746582,24.825027465820312
0,484885,-28.327150344848633,-29.704570770263672,-30.960874557495117,4.172552585601807
0,484885,13.648351669311523,3.920836925506592,18.665254592895508,-4.186742305755615
0,484885,18.74980354309082,54.20766830444336,28.584033966064453,26.15958595275879
0,484886,8.968001365661621,3.9209916591644287,-6.0277838706970215,52.343509674072266
0,484886,4.198627471923828,-15.351252555847168,2.7225818634033203,-26.084671020507812
0,484886,-0.9848219156265259,-4.168022155761719,-7.6742939949035645,-45.63507843017578
0,484886,4.586132049560547,-20.657546997070312,-8.172361373901367,2.1201515197753906
0,484886,-13.021496772766113,-3.613415002822876,8.362753868103027,-3.1305832862854004
0,484887,-15.414812088012695,16.823766708374023,4.0303635597229,-6.00459623336792
0,484887,1.5940545797348022,-1.038840889930725,6.724861145019531,-8.3912353515625
0,484887,17.94940948486328,-23.566139221191406,-22.02409553527832,7.681914806365967
0,484887,7.053149223327637,1.704299807548523,-9.672480583190918,23.857927322387695
0,484887,-9.540018081665039,28.374889373779297,30.387971878051758,9.985655784606934
0,484887,-1.7186352014541626,-4.1065192222595215,-11.025601387023926,-8.950005531311035
0,484888,4.034430027008057,0.07002376765012741,-5.589059352874756,-13.522053718566895
0,484888,9.437314987182617,11.054424285888672,17.81040382385254,6.763238906860352
0,484888,-10.964241981506348,-15.192628860473633,-15.51612377166748,1.2785402536392212
0,484888,-13.045831680297852,-3.832977771759033,-9.699037551879883,-19.425247192382812
0,484888,20.05208396911621,16.399887084960938,-5.183704376220703,1.5557571649551392
0,484888,7.130196571350098,-11.002330780029297,-5.492936611175537,3.6677708625793457
0,484889,-17.81490707397461,-7.296247959136963,20.001651763916016,-7.342284202575684
0,484889,1.2754855155944824,26.461894989013672,-3.359694004058838,0.43531355261802673
0,484889,3.1284921169281006,-18.61976432800293,-15.428887367248535,-24.03204345703125
0,484889,-16.93951988220215,-35.69579315185547,8.622384071350098,-32.04773712158203
0,484889,16.55682945251465,17.04674530029297,-8.256447792053223,-25.252792358398438
0,484889,2.916900634765625,24.541419982910156,1.2739559412002563,5.96142053604126
0,484890,-9.409601211547852,-6.819328308105469,-0.8947355151176453,25.56183433532715
0,484890,8.900394439697266,-29.571269989013672,-10.89932632446289,9.507264137268066
0,484890,-12.840093612670898,-22.24549102783203,18.30543327331543,30.575355529785156
0,484890,-3.4541091918945312,13.473431587219238,4.513887405395508,45.35028076171875
0,484890,-0.8610977530479431,15.138482093811035,11.029317855834961,71.73284149169922
0,484890,10.851300239562988,-13.363378524780273,-9.15401554107666,65.70568084716797
0,484891,0.7559446692466736,-5.630456924438477,-14.66809368133545,37.63525390625
0,484891,-20.07817840576172,14.077820777893066,32.35704040527344,1.6635349988937378
0,484891,13.255319595336914,5.086772918701172,-5.088771820068359,-19.485200881958008
0,484891,-4.918849468231201,2.833714008331299,-17.742341995239258,-8.907543182373047
0,484891,-20.82194709777832,14.25084400177002,2.9194107055664062,-53.90422058105469
0,484891,28.34640884399414,-2.1373112201690674,-10.528462409973145,-45.66136169433594
0,484892,10.019049644470215,12.654223442077637,5.832376956939697,-17.705978393554688
0,484892,-10.938735008239746,14.997499465942383,3.744145631790161,-36.73975372314453
0,484892,6.094360828399658,-16.60325813293457,-5.335422039031982,-27.25034523010254
0,484893,14.429141998291016,53.69956970214844,18.23711585998535,-26.320297241210938
0,484893,20.15609359741211,50.75077438354492,-0.7635070085525513,-10.939631462097168
0,484894,-23.84256362915039,-59.30323028564453,-20.877384185791016,25.345382690429688
0,484894,-12.221713066101074,-20.537078857421875,15.640562057495117,12.419388771057129
0,484894,32.565608978271484,18.179357528686523,24.678333282470703,18.390634536743164
0,484894,-2.6564881801605225,-27.17708396911621,-9.20667552947998,11.295854568481445
0,484895,-7.4578046798706055,-0.9598641991615295,-10.060067176818848,-46.68915939331055
0,484898,-8.294998168945312,19.855289459228516,17.558944702148438,41.36134719848633
0,484899,-15.0606107711792,-9.441621780395508,23.697301864624023,92.0329818725586
0,484902,6.06076192855835,-23.949974060058594,-14.76290225982666,-62.11562728881836
0,484903,-10.098036766052246,-10.408355712890625,-33.10719680786133,-91.22755432128906
0,484906,-12.801342964172363,-4.741109848022461,-15.055031776428223,-2.3268299102783203
0,484907,-2.7533774375915527,-31.3034725189209,-32.38555908203125,-25.933616638183594
0,484910,18.636398315429688,-8.071249961853027,-2.8839311599731445,-5.50839376449585
0,484911,3.630481004714966,9.372499465942383,12.034148216247559,68.974609375
0,484914,-1.2674946784973145,3.7081542015075684,19.714641571044922,46.16946792602539
0,484915,32.94624710083008,23.52934455871582,58.710514068603516,30.102100372314453
0,484918,-15.137062072753906,31.65303611755371,-3.5608580112457275,18.047168731689453
0,484919,-34.950870513916016,12.962518692016602,-16.66765594482422,13.00284481048584
0,485030,2.094128370285034,-61.37691116333008,-51.83523941040039,-130.12171936035156
0,485030,13.094974517822266,-28.382619857788086,-62.336605072021484,-123.72947692871094
0,485030,-1.8957303762435913,47.351287841796875,60.0510139465332,151.2239227294922
0,485030,12.511836051940918,35.33785629272461,58.18857192993164,72.68516540527344
0,485030,16.425033569335938,14.967340469360352,-11.380221366882324,-61.64023971557617
0,485031,-32.625816345214844,-26.88153648376465,-19.85856819152832,7.44376802444458
0,485031,-16.48150062561035,-20.075820922851562,-17.68385887145996,0.1151496022939682
0,485031,12.596081733703613,14.532118797302246,-7.675980091094971,-23.506637573242188
0,485031,6.351779460906982,-17.13094139099121,8.044645309448242,-25.961084365844727
0,485031,11.831144332885742,-14.458756446838379,20.185649871826172,10.895360946655273
0,485031,4.136943817138672,25.7061710357666,12.661677360534668,44.50217056274414
0,485032,-10.446565628051758,-1.45697820186615,-14.546365737915039,12.801559448242188
0,485032,-11.274324417114258,-14.87473201751709,4.427895545959473,10.525959014892578
0,485032,16.455081939697266,-3.515997886657715,27.163524627685547,18.288429260253906
0,485032,6.9392523765563965,-0.5360445380210876,8.371551513671875,-6.070361137390137
0,485032,-20.438735961914062,22.676790237426758,-24.089052200317383,-25.62176513671875
0,485033,11.525528907775879,4.236827373504639,-31.066509246826172,-22.39873504638672
0,485033,4.123413562774658,-14.204118728637695,16.124170303344727,-8.006002426147461
0,485033,-9.580034255981445,12.156547546386719,17.719818115234375,-1.2202452421188354
0,485033,9.459029197692871,12.765639305114746,-14.9130859375,18.92270851135254
0,485033,-0.017665715888142586,-5.77449893951416,9.890512466430664,19.220163345336914
0,485033,4.492367744445801,-3.2440145015716553,7.089249610900879,4.350313663482666
0,485034,-7.2899980545043945,13.798578262329102,0.8077483773231506,18.731496810913086
0,485034,-3.6478500366210938,9.31029987335205,18.65059471130371,3.5651943683624268
0,485034,23.62295150756836,-13.78890609741211,-17.562170028686523,-27.26666259765625
0,485034,-11.432236671447754,-8.564472198486328,-22.407161712646484,-14.49524211883545
0,485034,-19.72992515563965,-3.5521512031555176,0.10990113765001297,-2.798501968383789
0,485034,-12.749959945678711,-21.410396575927734,-0.28228893876075745,-6.260251998901367
0,485035,-1.8574657440185547,4.851280689239502,2.0950605869293213,-3.818588972091675
0,485035,20.661895751953125,7.709161758422852,-14.26453971862793,9.529960632324219
0,485035,-1.9110900163650513,-23.180002212524414,3.911651134490967,12.026854515075684
0,485035,6.890474796295166,17.07424545288086,11.882060050964355,-1.7971489429473877
0,485035,9.210616111755371,10.455315589904785,-11.77772045135498,6.961284637451172
0,485035,-20.233814239501953,-26.23554229736328,1.4160982370376587,2.1634490489959717
0,485036,-9.95874309539795,22.949254989624023,16.825639724731445,-18.506229400634766
0,485036,15.172871589660645,25.98931121826172,3.741060733795166,-2.8116836547851562
0,485036,5.8889079093933105,-14.587247848510742,-0.8044268488883972,8.981390953063965
0,485036,-0.4307857155799866,7.657562255859375,3.700446605682373,-6.351144790649414
0,485036,14.288382530212402,4.641263484954834,-13.059859275817871,-12.331585884094238
0,485036,-11.727949142456055,-16.812580108642578,6.5299835205078125,10.437870025634766
0,485037,-24.367488861083984,3.9886701107025146,11.935575485229492,19.70212173461914
0,485037,7.2118449211120605,-1.0907429456710815,-21.006729125976562,-0.8312256932258606
0,485037,20.543176651000977,-7.7630414962768555,-6.027489185333252,13.578893661499023
0,485037,5.026753902435303,9.534687995910645,18.815889358520508,21.536699295043945
0,485037,-14.203063011169434,5.52274751663208,1.4290167093276978,-22.304096221923828
0,485038,0.8309544324874878,-25.690427780151367,-6.90834903717041,-23.093719482421875
0,485038,-7.215546131134033,-16.182781219482422,1.443006992340088,12.2970552444458
0,485038,-14.768401145935059,20.4385929107666,-0.030339568853378296,7.740805625915527
0,485038,14.106239318847656,-3.0439348220825195,1.5036201477050781,0.6782055497169495
0,485038,7.392124652862549,1.5671406984329224,0.9487392902374268,-16.723432540893555
0,485038,9.822697639465332,22.926729202270508,-8.511316299438477,-31.670852661132812
0,485038,-3.4351487159729004,-17.955984115600586,-12.160630226135254,12.034666061401367
0,485039,-17.379915237426758,-2.824885129928589,16.86774253845215,12.451507568359375
0,485039,2.034528970718384,13.355956077575684,11.816170692443848,-16.120800018310547
0,485039,0.706056535243988,-4.170411586761475,-11.526687622070312,9.333295822143555
0,485040,4.608900547027588,13.545778274536133,7.641469955444336,12.3203125
0,485040,7.503362655639648,0.26598644256591797,-16.947315216064453,-25.576135635375977
0,485041,-9.204976081848145,-4.433156490325928,-17.69507598876953,-8.517406463623047
0,485041,-11.338371276855469,2.442793846130371,24.483182907104492,30.8253173828125
0,485041,13.564773559570312,-9.041369438171387,8.285435676574707,-9.409672737121582
0,485042,14.913642883300781,-9.361222267150879,-31.432518005371094,-25.527618408203125
0,485044,-11.007994651794434,20.79012680053711,-7.220776557922363,-16.129798889160156
0,485046,-1.9204729795455933,-10.77707290649414,23.615480422973633,12.637201309204102
0,485048,18.122722625732422,-24.611886978149414,3.958472967147827,-29.951753616333008
0,485050,-18.108675003051758,1.2137962579727173,-14.563468933105469,-83.6470947265625
0,485052,-18.57363510131836,-35.07728958129883,-21.93478775024414,59.107574462890625
0,485054,19.50507926940918,7.881875514984131,18.447704315185547,92.00929260253906
0,485056,9.982477188110352,10.141382217407227,18.431848526000977,17.276256561279297
0,485058,23.068315505981445,33.88671112060547,21.90036964416504,44.74091720581055
0,485060,-3.6446826457977295,46.91318893432617,11.44027042388916,21.250926971435547
0,485062,-45.56915283203125,-25.824838638305664,-42.012264251708984,-59.932769775390625
0,485064,9.860093116760254,10.042928695678711,-4.271885871887207,-71.40902709960938
0,485066,9.082988739013672,-16.347923278808594,8.176101684570312,-29.43800926208496
0,485068,-7.692721843719482,-31.479232788085938,9.444868087768555,26.080007553100586
0,485071,-12.436029434204102,7.650700092315674,-30.327857971191406,19.803447723388672
0,485072,-17.17147445678711,-7.097502708435059,-36.62986373901367,4.230175495147705
0,485075,47.3598747253418,18.780521392822266,61.841983795166016,47.52107238769531
0,485076,1.9321200847625732,1.7573100328445435,34.501705169677734,20.738880157470703
0,485079,-23.412904739379883,-4.149167537689209,-1.9942197799682617,-22.44032096862793
0,485080,21.39041519165039,35.328731536865234,8.404197692871094,3.221837043762207
0,485201,-18.510581970214844,-21.21317481994629,-34.265438079833984,20.077285766601562
0,485202,-9.997127532958984,-31.218019485473633,-23.281373977661133,19.379194259643555
0,485202,26.812097549438477,41.25687789916992,35.92155075073242,8.902297973632812
0,485202,10.007325172424316,-0.9122733473777771,10.799506187438965,-0.819271445274353
0,485202,-16.766971588134766,-25.08946418762207,-20.957611083984375,-14.52194881439209
0,485202,-3.1458184719085693,33.82771301269531,-2.6394453048706055,-43.47050094604492
0,485202,9.580062866210938,12.340165138244629,-12.77414321899414,-45.64455795288086
0,485203,-12.448777198791504,-20.70496368408203,-20.882471084594727,-42.93137741088867
0,485203,-8.659123420715332,-42.41542434692383,-2.2304086685180664,-9.378503799438477
0,485203,4.2854533195495605,-32.34388732910156,10.728567123413086,34.633689880371094
0,485203,-8.68165397644043,31.802093505859375,2.3540987968444824,10.502281188964844
0,485203,-2.4042248725891113,26.072071075439453,1.8086718320846558,2.560232400894165
0,485203,22.655269622802734,-13.854372024536133,6.464268207550049,24.6535587310791
0,485204,-5.833660125732422,-8.114500999450684,2.104072093963623,13.567319869995117
0,485204,-12.317166328430176,16.64473533630371,13.496438026428223,1.5215339660644531
0,485204,16.788637161254883,18.968210220336914,5.386713027954102,-4.589998722076416
0,485204,-11.754408836364746,-6.714143753051758,-19.067228317260742,-8.72105598449707
0,485204,-4.415925025939941,-21.980255126953125,-15.43557357788086,-12.520392417907715
0,485205,12.1551513671875,-5.588422775268555,7.579361438751221,-5.496346950531006
0,485205,-6.129095554351807,10.924397468566895,21.68011474609375,-9.45376968383789
0,485205,6.657949447631836,-9.089554786682129,-20.351049423217773,-1.4964812994003296
0,485205,5.599864482879639,-9.381006240844727,-4.250799179077148,21.65117645263672
0,485205,0.23238472640514374,4.011414051055908,27.030500411987305,5.796168804168701
0,485205,7.899375915527344,-7.717965126037598,-13.420544624328613,14.157879829406738
0,485206,-18.63083839416504,19.01813507080078,6.890824794769287,16.644628524780273
0,485206,-9.070490837097168,29.088159561157227,11.932984352111816,-33.15485382080078
0,485206,18.97307586669922,-17.889699935913086,-12.217321395874023,-19.61594009399414
0,485206,-6.661542892456055,-15.1530122756958,-2.957165241241455,23.07147216796875
0,485206,1.6895970106124878,9.056076049804688,1.5427758693695068,-8.939250946044922
0,485206,21.956235885620117,7.900432109832764,-3.1572742462158203,-22.706029891967773
0,485207,-7.353991985321045,-3.8664727210998535,-14.123332023620605,6.365546226501465
0,485207,-25.084306716918945,-16.768402099609375,-1.3461092710494995,24.766258239746094
0,485207,-4.248595237731934,4.8923540115356445,10.465546607971191,0.7455812096595764
0,485207,17.431438446044922,9.312294960021973,2.7548727989196777,-7.048427581787109
0,485207,13.010804176330566,-2.2411956787109375,7.483216762542725,12.984478950500488
0,485207,-5.269866466522217,4.518868923187256,6.103188514709473,-6.096043109893799
0,485208,-0.3030315935611725,-1.7451423406600952,-26.53206443786621,-10.128068923950195
0,485208,-10.95121955871582,-3.053439140319824,7.916462421417236,5.51950216293335
0,485208,-15.827339172363281,0.5109481811523438,35.48241424560547,9.855873107910156
0,485208,2.7706966400146484,-5.681238174438477,-26.384761810302734,-5.9655442237854
0,485208,-3.723156690597534,-23.66539192199707,-11.136224746704102,-1.4478585720062256
0,485208,2.923548698425293,-2.969867467880249,35.79356002807617,5.491708278656006
0,485209,13.227648735046387,35.5604133605957,8.07492733001709,-16.214406967163086
0,485209,5.427556991577148,-18.322568893432617,-29.832901000976562,13.98862361907959
0,485209,-0.18964660167694092,-13.255502700805664,2.472196340560913,23.810253143310547
0,485209,-3.4175236225128174,51.25695037841797,16.804353713989258,-9.052242279052734
0,485209,-7.174740791320801,13.672002792358398,-22.53514289855957,-1.416982889175415
0,485209,9.058199882507324,-39.6269645690918,-7.81757926940918,-10.511260032653809
0,485210,4.389552116394043,-11.495914459228516,-1.1444488763809204,-3.1799569129943848
0,485210,-24.86871337890625,22.430301666259766,8.421075820922852,11.212607383728027
0,485210,15.062853813171387,-4.021707534790039,21.84505844116211,-11.575804710388184
0,485210,24.276397705078125,-6.102279186248779,-15.42923355102539,-10.020477294921875
0,485210,-39.752010345458984,-6.403256416320801,-11.963144302368164,7.750660419464111
0,485211,-13.59127140045166,-0.715246856212616,26.191980361938477,23.853660583496094
0,485211,40.01526641845703,21.687602996826172,6.329251289367676,7.448565483093262
0,485211,-2.7956361770629883,20.68538475036621,-14.9174165725708,-19.87947654724121
0,485211,-14.58696460723877,-8.03825569152832,3.4428515434265137,2.6178195476531982
0,485211,11.35147476196289,-42.74726867675781,2.320465087890625,19.245389938354492
0,485211,5.912911415100098,1.9995753765106201,7.297715663909912,-12.672393798828125
0,485212,1.469754934310913,27.90774917602539,-5.5741286277771,-6.8837971687316895
0,485212,1.440252423286438,-4.1192498207092285,-10.553597450256348,13.550736427307129
0,485213,9.922889709472656,-18.874841690063477,16.315385818481445,0.5223230719566345
0,485213,-8.452899932861328,-4.230345249176025,-1.1134462356567383,26.128610610961914
0,485213,-8.096699714660645,19.263635635375977,-23.207630157470703,8.242620468139648
0,485213,-2.280820369720459,-14.440618515014648,-7.905296325683594,-31.124116897583008
0,485214,-18.59528923034668,-13.481372833251953,11.746223449707031,0.3378998041152954
0,485215,-4.654394626617432,20.875629425048828,-16.23271942138672,0.9027027487754822
0,485216,5.651549339294434,-4.899806022644043,-28.192825317382812,-4.602759838104248
0,485218,24.088891983032227,-3.1244373321533203,13.956974029541016,32.12826156616211
0,485220,27.207592010498047,36.28204345703125,7.395768642425537,27.848003387451172
0,485222,-19.87489128112793,23.266263961791992,-32.28671646118164,-32.093196868896484
0,485224,-32.291160583496094,-2.812007188796997,-19.04400062561035,-71.89801788330078
0,485226,-1.8981060981750488,-2.29681658744812,39.056854248046875,-43.527435302734375
0,485228,2.8638081550598145,-37.952476501464844,29.518138885498047,-27.285390853881836
0,485230,-1.2109439373016357,-41.34486770629883,-10.855570793151855,-4.469348430633545
0,485232,27.145639419555664,10.849614143371582,17.87701416015625,59.5767707824707
0,485234,22.121610641479492,18.287750244140625,18.347047805786133,53.94685363769531
0,485236,-31.852861404418945,3.701463460922241,1.0706982612609863,31.994844436645508
0,485238,-23.52076530456543,-3.080524206161499,15.147082328796387,24.73332977294922
0,485240,2.041369915008545,9.58122730255127,-3.5446605682373047,-9.56081771850586
0,485242,14.834909439086914,27.683061599731445,-19.202428817749023,-32.754905700683594
0,485244,31.997163772583008,3.631232500076294,-9.041671752929688,-44.89875793457031
0,485246,-26.690492630004883,-33.71708679199219,-12.65970230102539,-33.91347122192383
0,485248,-28.51168441772461,-31.533769607543945,-41.481834411621094,-17.248382568359375
0,485250,22.052396774291992,3.7868990898132324,-26.32202911376953,-3.2570528984069824
0,485252,14.81060791015625,7.397316932678223,56.06550979614258,56.140708923339844
0,485254,1.1182427406311035,-10.996710777282715,56.7882194519043,58.33956527709961
0,485386,-11.41535472869873,31.68910026550293,-30.25095558166504,-63.09161376953125
0,485386,-10.744542121887207,32.2394905090332,-36.08326721191406,-74.43997192382812
0,485386,-3.31894588470459,-34.016578674316406,17.469139099121094,38.224151611328125
0,485386,-0.10608707368373871,-14.249809265136719,18.318973541259766,42.63209533691406
0,485387,10.330769538879395,8.114877700805664,-1.9505000114440918,13.994420051574707
0,485387,7.762099266052246,-5.5433759689331055,0.8419517874717712,31.625228881835938
0,485387,-11.89892292022705,21.66447639465332,19.262996673583984,26.527172088623047
0,485387,1.023482084274292,27.958717346191406,-0.8087553381919861,-13.068879127502441
0,485387,11.896090507507324,-9.724592208862305,-20.64181137084961,-26.977214813232422
0,485387,14.089218139648438,-7.087265968322754,-19.290191650390625,-26.967966079711914
0,485388,1.0406275987625122,-16.779178619384766,-16.995967864990234,-37.9598274230957
0,485388,-24.462472915649414,-37.71814727783203,5.4407830238342285,-7.305953502655029
0,485388,-8.496211051940918,11.24964714050293,11.498644828796387,16.29559898376465
0,485388,9.62136459350586,2.630566120147705,-5.855041980743408,17.71062660217285
0,485388,14.662787437438965,-20.53229331970215,0.04987701028585434,23.25334358215332
0,485388,7.862248420715332,22.451284408569336,13.702539443969727,-4.4616570472717285
0,485389,-5.711349010467529,21.315948486328125,-1.9062957763671875,-1.3557236194610596
0,485389,-9.062885284423828,0.8018175363540649,-11.989280700683594,24.013986587524414
0,485389,-8.671079635620117,-0.014990732073783875,-17.13683319091797,-22.46062469482422
0,485389,-11.869864463806152,-9.151920318603516,11.963748931884766,-25.001667022705078
0,485389,1.0982259511947632,-4.133803367614746,28.671628952026367,1.6086622476577759
0,485389,11.23865032196045,-2.6715171337127686,6.73786735534668,8.381547927856445
0,485390,4.201560974121094,9.858759880065918,9.18442440032959,13.382534980773926
0,485390,13.201044082641602,-0.3510090112686157,-3.0299408435821533,-4.542468070983887
0,485390,4.355821132659912,-8.4295015335083,2.582824468612671,6.068323135375977
0,485390,3.3577566146850586,29.43509292602539,13.618155479431152,20.293760299682617
0,485390,1.4710880517959595,2.6792397499084473,-14.972100257873535,5.8207550048828125
0,485390,-28.48592185974121,-31.180814743041992,-14.263443946838379,-4.6196980476379395
0,485391,-3.260371685028076,1.313795804977417,0.8363386988639832,3.2479329109191895
0,485391,29.4978084564209,25.18568229675293,1.2070603370666504,-19.791946411132812
0,485391,-1.3535736799240112,-0.1974177211523056,3.695314645767212,-25.07209587097168
0,485391,-24.79651641845703,-24.756088256835938,-20.777799606323242,6.471127033233643
0,485391,-9.984806060791016,-1.2607967853546143,-13.492582321166992,13.800939559936523
0,485392,12.204094886779785,12.512096405029297,28.023361206054688,14.561230659484863
0,485392,11.662513732910156,-6.6729912757873535,19.241125106811523,11.89761734008789
0,485392,-14.245213508605957,3.492169141769409,14.191105842590332,0.8966882228851318
0,485392,-5.618534088134766,11.480488777160645,-3.9705731868743896,-0.36744409799575806
0,485392,20.372262954711914,13.799633979797363,-22.171100616455078,11.904030799865723
0,485392,13.79725170135498,6.905298709869385,-0.5843186378479004,6.582053184509277
0,485393,-9.274309158325195,-26.11231803894043,2.1352858543395996,-10.187175750732422
0,485393,-12.690035820007324,-12.675689697265625,3.163787364959717,-15.575882911682129
0,485393,13.97343635559082,-4.93419075012207,-12.948978424072266,2.192852735519409
0,485393,0.313688188791275,-13.16948413848877,-18.548484802246094,13.233290672302246
0,485393,-26.465639114379883,23.820907592773438,22.284135818481445,-20.270118713378906
0,485393,0.726172149181366,16.036218643188477,-0.8830481171607971,-12.30448055267334
0,485394,21.79775619506836,-22.289552688598633,-20.70028305053711,26.920364379882812
0,485394,-1.6741104125976562,-7.437206268310547,13.851554870605469,16.576162338256836
0,485394,-9.960981369018555,18.94879913330078,-6.933566570281982,-25.078874588012695
0,485394,0.532368004322052,-2.7766191959381104,-5.097767353057861,-36.20734405517578
0,485394,-12.295634269714355,-9.880805969238281,13.686816215515137,6.2487616539001465
0,485394,1.3860819339752197,24.017980575561523,-5.720976829528809,5.67085075378418
0,485395,22.84336280822754,-18.160566329956055,2.6901426315307617,-10.251830101013184
0,485395,2.0798287391662598,-24.49845314025879,-10.590169906616211,21.865650177001953
0,485395,-15.384634971618652,34.92618179321289,-4.5289459228515625,18.290019989013672
0,485395,13.598577499389648,18.982282638549805,33.14299011230469,-10.566943168640137
0,485395,0.6696222424507141,-16.19768714904785,-6.755748748779297,-16.731754302978516
0,485395,-7.056870460510254,-9.766035079956055,-23.42137336730957,-3.3176515102386475
0,485396,18.89412498474121,14.811807632446289,4.134723663330078,12.179691314697266
0,485396,-27.418243408203125,1.376798152923584,10.474265098571777,6.073882102966309
0,485396,-3.324148416519165,-6.887883186340332,4.996315002441406,-4.054432392120361
0,485396,37.36434555053711,-1.5571773052215576,-4.742449760437012,-8.838041305541992
0,485396,-21.218299865722656,-6.098119735717773,16.858976364135742,3.1576309204101562
0,485396,-16.803394317626953,19.741954803466797,-8.395242691040039,-13.080644607543945
0,485397,19.958417892456055,-3.2321949005126953,-30.348018646240234,-5.673370361328125
0,485397,-13.98151969909668,-31.6733341217041,8.265434265136719,34.24860382080078
0,485397,-22.558055877685547,-3.3108179569244385,21.992496490478516,8.103706359863281
0,485398,7.805097579956055,18.855955123901367,14.782139778137207,-23.937217712402344
0,485398,8.582531929016113,8.164081573486328,-17.4374942779541,-19.67882537841797
0,485399,3.3333981037139893,-10.013901710510254,-5.212517738342285,19.563159942626953
0,485399,11.59195613861084,19.098268508911133,11.22923755645752,14.923789024353027
0,485399,-9.278691291809082,-5.5224480628967285,-19.409425735473633,-9.597610473632812
0,485399,-4.157891750335693,-19.734954833984375,-5.849610805511475,5.4476518630981445
0,485400,-2.4824886322021484,17.80780029296875,-1.8769694566726685,-28.810861587524414
0,485402,-0.5621291399002075,1.5218496322631836,-2.858710527420044,-32.61582565307617
0,485404,24.80229949951172,3.9831883907318115,2.316633701324463,-16.470033645629883
0,485406,-23.90058135986328,-20.764768600463867,-9.600967407226562,-14.581680297851562
0,485408,-2.186685562133789,-20.23406410217285,-12.549643516540527,-13.019234657287598
0,485410,10.256573677062988,4.217207431793213,-1.8974801301956177,-18.536895751953125
0,485412,-23.20454216003418,-22.56107521057129,36.51706314086914,67.31426239013672
0,485414,20.2427978515625,7.501071453094482,37.325408935546875,75.96905517578125
0,485416,13.44997787475586,22.737585067749023,3.7726805210113525,22.83233642578125
0,485418,-4.357064723968506,22.28080177307129,-14.726032257080078,24.04119110107422
0,485420,10.230233192443848,27.124740600585938,0.22452591359615326,10.727943420410156
0,485422,-1.82854163646698,-25.336009979248047,-9.285384178161621,-24.859134674072266
0,485424,-26.430644989013672,-14.315336227416992,-25.31853485107422,-83.71727752685547
0,485426,-11.303993225097656,17.864940643310547,20.659271240234375,-32.92784881591797
0,485428,35.58246612548828,-17.151519775390625,-18.961227416992188,4.451018333435059
0,485430,5.8933234214782715,-20.707876205444336,-49.697750091552734,-28.90959358215332
0,485432,-20.95928192138672,-7.164973258972168,23.302352905273438,68.85871124267578
0,485434,9.832465171813965,-3.7155697345733643,24.775283813476562,52.185726165771484
0,485437,-11.612513542175293,12.031189918518066,26.49971580505371,-30.286306381225586
0,485438,-15.235420227050781,9.16422176361084,18.560894012451172,28.351964950561523
0,485441,23.946672439575195,41.047523498535156,-21.94082260131836,-6.81971549987793
0,485442,16.791820526123047,39.76942443847656,-2.1689109802246094,-37.3416862487793
0,485443,-14.290441513061523,-40.397865295410156,6.216510772705078,1.7859878540039062
0,485586,-13.325794219970703,-26.44984245300293,13.002333641052246,-18.33704948425293
0,485586,17.38167953491211,21.587074279785156,-3.565875291824341,-1.0028351545333862
0,485586,21.109426498413086,13.721125602722168,-23.15272331237793,17.252445220947266
0,485586,-30.35202980041504,-7.197265148162842,-10.210854530334473,-26.55847930908203
0,485586,-30.442785263061523,-24.0955753326416,-5.342566967010498,-20.206005096435547
0,485587,24.8800106048584,-4.1276679039001465,0.820431649684906,-20.84609031677246
0,485587,20.34869956970215,0.9264846444129944,-11.37622356414795,-32.966094970703125
0,485587,-6.031108856201172,-29.537446975708008,-3.330254077911377,18.659128189086914
0,485587,-7.312191963195801,-16.178688049316406,10.520320892333984,43.51328659057617
0,485587,-7.6715216636657715,13.671842575073242,3.1916890144348145,39.40631866455078
0,485588,5.93998908996582,3.636744737625122,4.726963043212891,34.68443298339844
0,485588,-0.12250807136297226,3.8617401123046875,-0.5676438808441162,-4.740019798278809
0,485588,-21.650306701660156,16.798742294311523,7.758793354034424,-11.570096015930176
0,485588,19.094621658325195,10.393580436706543,10.204422950744629,-14.837847709655762
0,485588,20.828388214111328,0.27478811144828796,-8.247331619262695,-27.593053817749023
0,485588,-24.683958053588867,-12.687044143676758,-11.411468505859375,-1.3806813955307007
0,485589,-12.509160995483398,-14.447604179382324,0.638588011264801,-6.439122200012207
0,485589,7.8296284675598145,-4.7598795890808105,11.641692161560059,-4.613320827484131
0,485589,18.32355308532715,4.217977046966553,3.0703585147857666,22.566314697265625
0,485589,3.3113675117492676,12.60427188873291,-4.715681076049805,30.615488052368164
0,485589,-27.39425277709961,9.014430046081543,11.64506721496582,26.475669860839844
0,485589,11.22736644744873,13.973814964294434,5.467186450958252,7.245418071746826
0,485590,26.36764144897461,3.6466166973114014,-6.453220367431641,-20.51756477355957
0,485590,-22.747228622436523,-6.118838310241699,-10.677802085876465,-20.148338317871094
0,485590,-0.8347674012184143,-10.626343727111816,-15.619247436523438,0.7861111760139465
0,485590,19.505285263061523,-15.415776252746582,15.316064834594727,-0.5556517839431763
0,485590,-2.9666874408721924,1.1672261953353882,8.20974349975586,-15.450523376464844
0,485591,-15.925764083862305,1.193238377571106,-26.394716262817383,-2.592689275741577
0,485591,-12.82038688659668,1.20610773563385,-5.923985481262207,12.680157661437988
0,485591,23.35606575012207,-7.138442039489746,19.719318389892578,17.324140548706055
0,485591,8.214082717895508,-3.8400254249572754,14.800485610961914,17.635528564453125
0,485591,-27.870492935180664,13.787924766540527,4.948415279388428,-0.6370802521705627
0,485591,12.794290542602539,5.859530448913574,-4.313949108123779,-21.19117546081543
0,485592,21.076993942260742,9.78192138671875,-6.721036434173584,-6.29290246963501
0,485592,-34.43852996826172,0.46537917852401733,4.547130107879639,5.95988130569458
0,485592,0.10383141785860062,0.9785012602806091,3.3185818195343018,-11.852601051330566
0,485592,31.680030822753906,8.777082443237305,-18.166851043701172,-17.249597549438477
0,485592,-21.781551361083984,-24.227062225341797,4.141455173492432,5.111427307128906
0,485592,5.036458492279053,-7.936341285705566,15.397150039672852,16.86650848388672
0,485593,9.708440780639648,10.28850269317627,-10.842677116394043,-1.3445096015930176
0,485593,-17.137765884399414,2.713804244995117,-5.360062599182129,14.483739852905273
0,485593,8.743138313293457,-7.143214225769043,-6.560354232788086,7.2595438957214355
0,485593,-15.734978675842285,2.288839101791382,12.567611694335938,-15.26650619506836
0,485593,-3.2533457279205322,32.6509895324707,22.795612335205078,4.704133987426758
0,485593,24.926198959350586,-4.315101623535156,-13.427974700927734,0.1438368409872055
0,485594,-20.462282180786133,-18.73094940185547,-19.21369743347168,-14.856072425842285
0,485594,-18.207191467285156,-1.3979824781417847,2.8978397846221924,-10.898311614990234
0,485594,29.436288833618164,-16.351768493652344,10.313053131103516,5.8443193435668945
0,485594,0.27339521050453186,8.436200141906738,8.42978572845459,24.75275421142578
0,485594,-3.972057342529297,35.762733459472656,0.7965354919433594,-9.931007385253906
0,485594,25.44615364074707,-3.7021937370300293,6.312711715698242,-20.80075454711914
0,485595,4.339651584625244,-37.57276916503906,-12.084847450256348,30.77976417541504
0,485595,-10.229179382324219,-1.9368888139724731,-18.698143005371094,17.812740325927734
0,485595,-6.986326217651367,38.07012939453125,19.207263946533203,-24.020675659179688
0,485595,-7.163694858551025,3.2577247619628906,2.9272940158843994,-18.853530883789062
0,485595,-10.547796249389648,-32.59886932373047,-24.101367950439453,-1.7773864269256592
0,485595,3.4904584884643555,-15.805229187011719,-6.564778804779053,-9.322214126586914
0,485596,3.4241220951080322,15.796969413757324,22.323976516723633,-1.0288513898849487
0,485596,11.534950256347656,18.960052490234375,7.932541847229004,24.25966453552246
0,485596,-0.8855315446853638,-7.487258434295654,-20.061893463134766,-14.815828323364258
0,485596,-26.136598587036133,-19.723108291625977,-0.5971294045448303,-5.562435150146484
0,485596,9.80122184753418,2.9707300662994385,4.791037559509277,33.000099182128906
0,485596,-2.296698570251465,14.778789520263672,-23.296302795410156,-14.004063606262207
0,485597,-9.46216869354248,-10.717000961303711,11.820535659790039,-9.370322227478027
0,485597,22.89180564880371,-8.326956748962402,21.63105010986328,16.751346588134766
0,485597,-6.422610282897949,20.50884437561035,-21.13985252380371,-23.31678009033203
0,485597,0.07480127364397049,2.413956642150879,-19.040145874023438,-20.298952102661133
0,485597,-3.654442310333252,-13.459090232849121,5.956466197967529,23.62176513671875
0,485597,-12.268120765686035,15.09278392791748,23.510955810546875,11.239877700805664
0,485598,16.888050079345703,2.728309392929077,-2.9959716796875,0.33537450432777405
0,485598,-8.503822326660156,-5.722550868988037,0.5918251276016235,-6.01970100402832
0,485599,5.6899003982543945,3.5600626468658447,29.579063415527344,-10.915426254272461
0,485599,28.81101417541504,-3.4499998092651367,12.239212989807129,23.755834579467773
0,485599,-22.84500503540039,-5.506539344787598,-30.48267936706543,9.339564323425293
0,485600,-23.547822952270508,-3.287419319152832,-8.892168998718262,-12.893806457519531
0,485600,21.94392967224121,24.116558074951172,33.00160217285156,-4.663280963897705
0,485600,8.230113983154297,11.987353324890137,-6.69069766998291,-12.726287841796875
0,485601,-14.181516647338867,-24.925092697143555,-34.5611572265625,-32.27317810058594
0,485601,-11.727987289428711,-10.507230758666992,-8.083630561828613,-23.603899002075195
0,485604,18.65131187438965,15.541315078735352,33.91952896118164,1.1153082847595215
0,485605,9.837533950805664,-11.554094314575195,13.290610313415527,-20.700899124145508
0,485608,-15.19944953918457,-45.81947708129883,-64.19804382324219,-31.28373908996582
0,485610,-3.487581491470337,2.8930952548980713,-24.75531578063965,6.263735771179199
0,485612,-0.8724299073219299,4.289633750915527,38.76719284057617,61.36705017089844
0,485614,23.580703735351562,-17.236352920532227,-2.120513916015625,57.54151916503906
0,485616,11.124635696411133,37.288700103759766,22.723840713500977,19.94816780090332
0,485618,-7.637925148010254,44.37209701538086,53.41151809692383,75.7540283203125
0,485620,-7.466482639312744,5.906818389892578,-7.5806193351745605,23.95954132080078
0,485622,-8.831039428710938,-7.961827278137207,-40.79466247558594,-101.44769287109375
0,485624,-11.261255264282227,-14.015314102172852,-22.82634925842285,-60.603397369384766
0,485626,-4.649664402008057,-19.87415313720703,6.49860143661499,-12.58163833618164
0,485628,20.529573440551758,16.532554626464844,24.272275924682617,-19.63320541381836
0,485630,2.8060550689697266,7.647524356842041,28.0595703125,2.812487840652466
0,485632,-14.015029907226562,-36.52427291870117,-17.468395233154297,60.439361572265625
0,485634,2.4157674312591553,-0.4715539813041687,-42.80028533935547,13.956657409667969
0,485637,-3.8566384315490723,8.32828140258789,12.16943645477295,2.4986729621887207
0,485638,4.210597991943359,-9.324198722839355,22.7774658203125,57.2760124206543
0,485641,5.5256123542785645,28.402435302734375,-25.635921478271484,-38.845890045166016
0,485642,-34.86064147949219,15.499881744384766,-35.72708511352539,-64.9670639038086
0,485645,11.892873764038086,-12.724740028381348,25.61896324157715,19.630352020263672
0,485646,38.43223571777344,4.6369829177856445,51.63319396972656,20.785852432250977
0,485797,-0.7429609894752502,-24.950963973999023,-4.301756858825684,58.701393127441406
0,485797,0.4183506965637207,-5.76478385925293,-32.71221923828125,52.9209098815918
0,485797,-17.229833602905273,40.35209274291992,-15.636336326599121,-75.6214828491211
0,485798,-28.026691436767578,-10.175786018371582,3.096545696258545,-70.52178192138672
0,485798,-0.24971607327461243,-30.27029800415039,18.541135787963867,-22.20897102355957
0,485798,9.447047233581543,-6.296825408935547,-7.636409759521484,-16.452585220336914
0,485798,-5.207741737365723,-13.012124061584473,-24.246152877807617,22.7927303314209
0,485798,-14.809281349182129,-18.221900939941406,14.009971618652344,43.091453552246094
0,485798,0.3085865378379822,6.626957416534424,14.430757522583008,19.119850158691406
0,485799,15.813425064086914,23.566516876220703,-4.7683587074279785,10.779317855834961
0,485799,1.2535673379898071,30.476003646850586,0.23222213983535767,10.460521697998047
0,485799,2.0052576065063477,14.903809547424316,15.083580017089844,-22.029172897338867
0,485799,22.69959831237793,-1.358888030052185,17.115184783935547,-19.672325134277344
0,485799,2.968555450439453,9.205571174621582,-1.9847208261489868,-17.575410842895508
0,485800,-0.3320617377758026,-12.661864280700684,-7.3928656578063965,-17.299602508544922
0,485800,29.510557174682617,-13.052327156066895,-8.070192337036133,11.495262145996094
0,485800,-10.57524299621582,12.282791137695312,9.914852142333984,3.5377955436706543
0,485800,-22.564716339111328,5.677343368530273,9.385233879089355,2.406954526901245
0,485800,24.556745529174805,-19.739368438720703,-10.51009464263916,20.519405364990234
0,485800,10.98715877532959,6.646480560302734,10.275808334350586,10.032661437988281
0,485801,-11.597261428833008,19.74250602722168,-1.5627330541610718,-1.71332585811615
0,485801,-8.433024406433105,-3.9766087532043457,-9.439180374145508,-9.831647872924805
0,485801,-2.2111101150512695,9.517133712768555,9.702404022216797,-33.649417877197266
0,485801,-6.397751331329346,-24.679216384887695,-14.725341796875,-25.513713836669922
0,485801,-20.17540168762207,-22.67990493774414,-10.487361907958984,3.9175150394439697
0,485801,-2.365302324295044,18.373884201049805,12.385693550109863,2.686739206314087
0,485802,19.362468719482422,-16.687074661254883,1.8103545904159546,16.576614379882812
0,485802,15.08952808380127,-14.88524341583252,-3.4478561878204346,12.265353202819824
0,485802,-13.36126708984375,27.210643768310547,-19.02604866027832,-0.022590884938836098
0,485802,-31.317893981933594,7.075167179107666,2.425166606903076,28.250022888183594
0,485802,-6.352057933807373,1.745232105255127,15.676671028137207,10.897369384765625
0,485802,22.38121795654297,14.296095848083496,-14.220579147338867,-15.323616981506348
0,485803,10.29994010925293,-11.200847625732422,-8.734950065612793,-3.9747369289398193
0,485803,-14.24215316772461,-23.302242279052734,-3.5696628093719482,-12.476713180541992
0,485803,-7.906844139099121,-13.979912757873535,7.510100364685059,-7.653316020965576
0,485803,6.888468265533447,16.766538619995117,14.070708274841309,13.502447128295898
0,485803,19.25887107849121,29.73653793334961,5.305729866027832,19.16445541381836
0,485803,16.006465911865234,-11.171626091003418,0.8016561269760132,5.480474472045898
0,485804,-4.369570732116699,-15.499528884887695,-7.347323417663574,-6.131925582885742
0,485804,-8.503988265991211,16.360095977783203,-16.221540451049805,-8.346784591674805
0,485804,-4.1432623863220215,2.121656656265259,-6.827059745788574,-3.5703601837158203
0,485804,0.27376022934913635,-8.20576286315918,-2.1126701831817627,-0.4779832065105438
0,485804,-6.6717753410339355,-10.315300941467285,-6.00924015045166,-13.853004455566406
0,485804,-16.736034393310547,-25.75586700439453,23.225801467895508,4.604612827301025
0,485805,22.928800582885742,6.828282356262207,6.060919284820557,-2.635202407836914
0,485805,18.515399932861328,19.2631778717041,-17.08441925048828,-19.039682388305664
0,485805,-34.26700210571289,1.2696521282196045,11.94318675994873,13.549507141113281
0,485805,-19.36908721923828,11.473488807678223,10.403846740722656,12.52844524383545
0,485805,7.368941783905029,-19.13906478881836,-9.727418899536133,-15.937677383422852
0,485805,8.657668113708496,-20.929805755615234,-8.746602058410645,-18.891536712646484
0,485806,-1.7551474571228027,10.026500701904297,18.724946975708008,11.513222694396973
0,485806,-7.851665496826172,16.734176635742188,4.429922580718994,9.575652122497559
0,485806,9.707977294921875,7.6577043533325195,2.4618287086486816,-7.52984619140625
0,485806,20.277366638183594,-3.914593458175659,13.171708106994629,4.933287620544434
0,485806,-8.783712387084961,8.506226539611816,-16.546785354614258,-3.779716730117798
0,485807,-6.322888374328613,-6.1647844314575195,-19.74344825744629,3.2239766120910645
0,485807,12.240825653076172,-17.556791305541992,-1.846107840538025,5.150106906890869
0,485807,1.6211367845535278,9.869980812072754,12.644198417663574,-6.791257381439209
0,485807,8.439665794372559,21.128395080566406,2.5687475204467773,-0.1878044456243515
0,485807,-10.69593620300293,-8.115978240966797,-1.051049828529358,-7.692385673522949
0,485807,-11.499292373657227,-10.912572860717773,-11.825139045715332,-0.10162516683340073
0,485808,0.8219095468521118,9.844806671142578,-7.71398401260376,14.34270191192627
0,485808,2.4738497734069824,9.378775596618652,30.734424591064453,-1.428438425064087
0,485808,24.04778480529785,-2.5245659351348877,6.13998556137085,-6.452268123626709
0,485808,0.24205942451953888,-19.04488754272461,-30.550535202026367,15.49533748626709
0,485808,-11.672751426696777,-13.470766067504883,14.913848876953125,15.629400253295898
0,485808,7.79015588760376,7.313393592834473,4.2851996421813965,-14.089509010314941
0,485809,-16.325992584228516,10.136059761047363,-20.72718620300293,-5.377909183502197
0,485809,-10.093934059143066,-7.446027755737305,27.736248016357422,26.63617515563965
0,485809,4.427615642547607,4.596924781799316,7.4363322257995605,2.0331153869628906
0,485809,-10.089262008666992,9.774184226989746,-28.242523193359375,-9.116435050964355
0,485809,13.239463806152344,-21.41768455505371,-7.5960845947265625,3.773106336593628
0,485809,5.348962306976318,-11.800917625427246,22.193620681762695,-11.969518661499023
0,485810,-21.86787223815918,30.408601760864258,22.727298736572266,0.8624442219734192
0,485810,12.912504196166992,27.816814422607422,-17.445636749267578,3.1049001216888428
0,485811,0.30004721879959106,-48.952430725097656,-40.255393981933594,13.670077323913574
0,485811,-25.74812126159668,-37.76464080810547,-20.246196746826172,42.279815673828125
0,485811,22.007949829101562,28.449954986572266,23.711912155151367,-3.012800931930542
0,485812,14.870330810546875,5.714674949645996,19.743633270263672,-23.32692527770996
0,485812,-14.335250854492188,6.400054454803467,-2.2128427028656006,-0.36603862047195435
0,485812,-3.3396480083465576,11.405909538269043,8.730720520019531,9.20683765411377
0,485812,3.8723745346069336,-5.9928693771362305,-11.51031494140625,-1.3589792251586914
0,485813,5.260614395141602,6.104341983795166,4.370124816894531,-5.52562952041626
0,485813,13.221772193908691,17.58946418762207,16.14864158630371,16.52930450439453
0,485816,13.919820785522461,32.84066390991211,17.388389587402344,6.252566337585449
0,485818,-9.308320999145508,12.14643383026123,27.669065475463867,18.375558853149414
0,485820,-19.971872329711914,-19.681760787963867,-19.43213653564453,-42.209476470947266
0,485822,-3.044501781463623,18.00726318359375,-29.666654586791992,-54.13957214355469
0,485824,20.106473922729492,-5.148619651794434,-1.9663118124008179,2.9697301387786865
0,485826,25.866474151611328,-40.14078903198242,-7.495495319366455,-63.023799896240234
0,485828,-18.40251922607422,-23.11934471130371,-31.47037124633789,-43.83062744140625
0,485830,-33.21463394165039,-23.431026458740234,-4.627089500427246,45.03256607055664
0,485832,5.03872537612915,20.723087310791016,37.605995178222656,68.75565338134766
0,485834,-4.325311660766602,-3.8210031986236572,0.6074923276901245,29.093482971191406
0,485836,9.864567756652832,-14.431184768676758,-15.546993255615234,41.20390319824219
0,485838,-2.9026777744293213,39.76761245727539,17.023096084594727,35.39884567260742
0,485840,-34.50737762451172,-0.6211417317390442,-5.0856523513793945,-79.27761840820312
0,485842,22.33954429626465,0.012143281288444996,4.052604675292969,-61.021358489990234
0,485844,37.62054443359375,29.927305221557617,31.861173629760742,38.32477951049805
0,485846,-14.36756420135498,-17.20191192626953,-13.57406234741211,-5.212059497833252
0,485848,-16.632522583007812,-50.593597412109375,-27.869518280029297,-52.62283706665039
0,485850,19.173934936523438,-6.397806644439697,26.375839233398438,2.631241798400879
0,485852,-16.582731246948242,13.870134353637695,-16.096982955932617,61.43368148803711
0,485854,-13.519882202148438,-13.083087921142578,-60.81211853027344,25.502676010131836
0,485857,44.422447204589844,50.692440032958984,65.98526763916016,-9.800332069396973
0,485858,27.975324630737305,47.488365173339844,63.43708419799805,37.3725700378418
0,485861,-34.90537643432617,-33.60902404785156,-76.22352600097656,-24.603614807128906
1,486022,-38.827518463134766,-24.900928497314453,-29.57183837890625,-54.022315979003906
1,486022,25.025564193725586,-8.625309944152832,46.06938552856445,36.9593391418457
1,486022,8.611162185668945,12.484227180480957,-7.983974456787109,39.0742073059082
1,486023,-21.512901306152344,15.102316856384277,-7.5930633544921875,-1.9786111116409302
1,486023,12.434652328491211,19.745166778564453,17.046754837036133,-27.974916458129883
1,486023,4.51685094833374,-6.824620246887207,-14.4276704788208,-30.604637145996094
1,486023,-23.05707550048828,-41.828670501708984,-7.991893291473389,-36.005096435546875
1,486023,7.6111650466918945,4.637874126434326,-3.115506172180176,-43.94496154785156
1,486023,14.886588096618652,5.571316242218018,-12.71225357055664,14.585965156555176
1,486024,-8.59915542602539,-11.344321250915527,18.043193817138672,40.4676513671875
1,486024,5.797514915466309,-4.11086368560791,15.804753303527832,21.29615020751953
1,486024,2.0298361778259277,-0.25283247232437134,-8.561156272888184,18.23235511779785
1,486024,-0.5465564131736755,8.19591999053955,6.816896915435791,16.541074752807617
1,486024,6.55626916885376,14.687968254089355,4.258317470550537,-0.3250041902065277
1,486025,0.15825733542442322,17.87021827697754,0.08295537531375885,-13.08248233795166
1,486025,-6.458950996398926,-9.63810920715332,-3.606611967086792,8.700892448425293
1,486025,-6.914638996124268,-26.259870529174805,-3.701077461242676,-17.937559127807617
1,486025,1.8496298789978027,3.348438024520874,-1.4882045984268188,-39.904701232910156
1,486025,-13.1616792678833,9.488812446594238,-18.915359497070312,4.885494232177734
1,486025,-23.869747161865234,-14.424756050109863,-1.4738843441009521,4.957879066467285
1,486026,17.704269409179688,-15.977100372314453,18.19237518310547,8.04166316986084
1,486026,30.417461395263672,-5.625763893127441,4.008742332458496,28.835418701171875
1,486026,-15.849583625793457,8.289591789245605,-14.378188133239746,5.167142391204834
1,486026,1.8537384271621704,17.030059814453125,13.354974746704102,4.156280040740967
1,486026,22.497787475585938,14.043176651000977,19.742835998535156,1.7378352880477905
1,486026,-12.759818077087402,-6.806848526000977,-26.63424301147461,-25.901493072509766
1,486027,-5.833677768707275,-1.128841757774353,-13.793898582458496,-27.647424697875977
1,486027,3.928112268447876,3.4086790084838867,12.635746955871582,-13.177877426147461
1,486027,-14.433518409729004,-38.211219787597656,-13.001235008239746,19.046979904174805
1,486027,-4.564579486846924,-7.014023303985596,-0.3717210590839386,12.327610969543457
1,486027,19.115222930908203,35.77230453491211,31.161039352416992,-20.74535369873047
1,486027,-9.0556001663208,-5.876246929168701,-17.05901336669922,22.03972053527832
1,486028,-11.88585090637207,-1.6696619987487793,-11.109872817993164,30.216310501098633
1,486028,22.583478927612305,14.746651649475098,17.691375732421875,-4.224732875823975
1,486028,-4.895858287811279,-4.008284091949463,-26.20580291748047,-3.0643205642700195
1,486028,-13.77276611328125,25.009519577026367,11.862528800964355,-7.131417751312256
1,486028,9.129399299621582,-1.2044163942337036,36.83621597290039,-3.2902750968933105
1,486028,5.199243068695068,-38.11034393310547,-16.517908096313477,1.0470974445343018
1,486029,1.7727313041687012,-9.46862506866455,-12.594137191772461,5.810249328613281
1,486029,0.8871929049491882,16.65363121032715,4.369080543518066,11.407862663269043
1,486029,0.43117862939834595,26.361539840698242,13.12100601196289,9.468629837036133
1,486029,-0.8009551763534546,-8.110007286071777,6.950373649597168,-5.852542877197266
1,486029,-9.316961288452148,-17.90889549255371,-20.35262680053711,-6.9205002784729
1,486029,-4.689762592315674,4.214059352874756,-3.4331068992614746,20.263032913208008
1,486030,6.21061372756958,9.37948226928711,17.339815139770508,7.651095867156982
1,486030,-3.5592052936553955,-1.035905122756958,8.640097618103027,-5.227250099182129
1,486030,-0.3422575891017914,-2.5121097564697266,2.030118465423584,2.642042875289917
1,486030,21.14952278137207,5.050156116485596,-6.077605247497559,-18.115707397460938
1,486030,-3.2707149982452393,-9.763134956359863,-19.630451202392578,-8.183030128479004
1,486031,-1.145271897315979,7.6028733253479,5.171350479125977,5.34537410736084
1,486031,23.890094757080078,21.892078399658203,22.26795768737793,2.075723648071289
1,486031,-22.656190872192383,-8.57861328125,-20.02834701538086,7.316617488861084
1,486031,-17.140552520751953,-36.02924728393555,-17.04378890991211,-3.2298688888549805
1,486031,25.940134048461914,1.140378713607788,19.766990661621094,1.0654860734939575
1,486031,-2.660149574279785,27.876890182495117,-14.01650333404541,-6.260467529296875
1,486032,-16.59423828125,-11.30773639678955,-17.6641788482666,-14.02190113067627
1,486032,-2.9372715950012207,-25.985576629638672,6.256587028503418,-8.318015098571777
1,486032,-9.283522605895996,5.434622764587402,-5.265086650848389,-2.838362455368042
1,486032,-4.7797112464904785,32.77859115600586,21.52785301208496,2.556166887283325
1,486032,20.840364456176758,-17.5933780670166,-5.077571392059326,-16.265207290649414
1,486032,1.2794228792190552,-17.332500457763672,-14.771992683410645,9.956326484680176
1,486033,-30.172115325927734,29.55510711669922,34.42707443237305,18.64421272277832
1,486033,5.533791542053223,2.311505079269409,5.833923816680908,-18.24207878112793
1,486033,19.683679580688477,-21.790809631347656,-10.895331382751465,-2.67143177986145
1,486033,3.952873706817627,2.683198928833008,-16.482452392578125,4.508040904998779
1,486033,-7.357173442840576,18.60179901123047,-18.20128059387207,1.5485320091247559
1,486033,-11.301776885986328,7.275317668914795,25.576364517211914,1.5565714836120605
1,486034,13.790987014770508,-5.004082202911377,26.511363983154297,-11.440632820129395
1,486034,10.23669719696045,-0.2647414207458496,-15.88158130645752,4.180169105529785
1,486034,-10.86361026763916,12.19459342956543,-8.090781211853027,16.28252410888672
1,486034,7.241482734680176,-8.833751678466797,14.792616844177246,6.897824764251709
1,486034,3.671552896499634,-19.001066207885742,-2.6901395320892334,16.020627975463867
1,486034,-4.817131042480469,5.682495594024658,-0.8190627694129944,3.1498913764953613
1,486035,18.629159927368164,7.100869178771973,-4.069795608520508,-5.658370494842529
1,486035,-13.803483009338379,-4.973414421081543,-8.189607620239258,8.481130599975586
1,486035,-35.047969818115234,15.165083885192871,30.64655303955078,4.002070426940918
1,486035,19.83439064025879,1.4078369140625,15.044169425964355,1.1755870580673218
1,486035,22.176881790161133,-9.24682903289795,-32.16054916381836,-24.524330139160156
1,486035,0.17030861973762512,6.642765522003174,-19.50395393371582,-24.89132308959961
1,486036,-1.0776227712631226,-9.121546745300293,4.642532825469971,18.005672454833984
1,486036,-13.615479469299316,-8.126801490783691,7.9008049964904785,4.251597881317139
1,486037,-9.664051055908203,8.796141624450684,-6.0625505447387695,40.28182601928711
1,486037,-3.074829578399658,0.068914495408535,-13.579057693481445,69.01787567138672
1,486037,8.870644569396973,4.173751354217529,-3.808391809463501,-43.33858871459961
1,486037,8.19192886352539,-2.342196464538574,8.378223419189453,-42.69700241088867
1,486038,2.4453766345977783,-15.569830894470215,2.8665478229522705,11.959693908691406
1,486038,-5.067211151123047,5.631936550140381,-5.285165309906006,-22.009170532226562
1,486038,-2.8642072677612305,-7.470722198486328,11.211276054382324,2.0012362003326416
1,486039,7.332599639892578,14.391250610351562,-4.5781121253967285,16.199222564697266
1,486039,-8.77840518951416,27.5994930267334,-16.665361404418945,-28.9608154296875
1,486042,-6.679337501525879,-19.35211944580078,-1.5933564901351929,-95.66255187988281
1,486043,-14.458803176879883,-2.535170555114746,1.9083770513534546,-81.6581802368164
1,486046,-28.20989418029785,-5.078248977661133,36.71348571777344,28.57768440246582
1,486048,35.691566467285156,-26.77922248840332,-1.407551884651184,18.224756240844727
1,486050,39.57481384277344,2.066297769546509,-47.734642028808594,4.019781589508057
1,486052,-11.738432884216309,-6.350607395172119,4.709115028381348,59.996089935302734
1,486054,-5.86303186416626,-14.877519607543945,31.191173553466797,70.20011901855469
1,486056,-1.3059128522872925,23.907487869262695,23.564376831054688,50.2086067199707
1,486058,2.2526533603668213,23.35895538330078,-19.529813766479492,22.80999755859375
1,486060,-4.598470211029053,9.210644721984863,-19.20254898071289,-3.4194984436035156
1,486062,4.04361629486084,22.5723876953125,14.021706581115723,-65.16175842285156
1,486064,3.782846212387085,-17.6484432220459,-4.746534824371338,-56.78123474121094
1,486066,-32.831966400146484,-45.04341506958008,-17.892107009887695,26.81812286376953
1,486068,1.3853480815887451,-0.9738511443138123,-1.1332608461380005,3.682001829147339
1,486070,40.84148406982422,18.96171760559082,23.472488403320312,-46.092567443847656
1,486072,-25.91718101501465,-2.47965407371521,5.3329033851623535,14.531909942626953
1,486074,-34.51697540283203,-3.0660104751586914,4.431102752685547,58.92586898803711
1,486076,40.62305450439453,15.685439109802246,17.900789260864258,24.524375915527344
1,486078,26.469738006591797,13.020909309387207,13.488880157470703,5.116054058074951
1,486080,-22.719697952270508,5.307819366455078,-13.947622299194336,-5.098750114440918
1,487568,-21.694976806640625,-47.22053527832031,-60.82179641723633,-91.06381225585938
1,487570,6.37904167175293,-57.1393928527832,0.3094611167907715,-13.919333457946777
1,487572,24.60348892211914,51.734161376953125,45.256072998046875,134.5731964111328
1,487574,7.689316749572754,89.84718322753906,14.806611061096191,28.372230529785156
1,487576,-12.356178283691406,25.51673126220703,7.877519130706787,-21.035051345825195
1,487578,-16.582569122314453,-31.270925521850586,-26.180253982543945,-36.14604949951172
1,487580,-3.187478542327881,-47.703853607177734,-38.820587158203125,-86.0206527709961
1,487590,8.325214385986328,-46.055484771728516,-23.68467903137207,-64.88359069824219
1,487590,-9.572104454040527,-13.823420524597168,7.842629909515381,-11.81425952911377
1,487590,-15.71451473236084,21.379793167114258,34.30226516723633,61.4286003112793
1,487590,34.503814697265625,10.242810249328613,7.2648024559021,42.24215316772461
1,487591,13.236546516418457,4.1572699546813965,11.860694885253906,38.68189239501953
1,487592,-31.61439323425293,17.10073471069336,15.992203712463379,32.48357009887695
1,487593,12.853660583496094,12.54549503326416,-13.808431625366211,-17.274255752563477
1,487596,12.735611915588379,3.922184944152832,-0.9827477931976318,19.337221145629883
1,487597,-9.737359046936035,13.221542358398438,3.7633883953094482,25.234407424926758
1,487600,-14.929718971252441,20.85527992248535,-7.279886722564697,-93.25535583496094
1,487601,-2.163459300994873,1.8155992031097412,-12.356197357177734,-78.79303741455078
1,487604,10.52292251586914,-33.25051498413086,-30.150489807128906,18.849102020263672
1,487605,4.95363712310791,-22.832218170166016,-5.139866352081299,-12.645862579345703
1,487608,12.018287658691406,-11.493064880371094,48.08079147338867,13.705865859985352
1,487609,-4.1055474281311035,-22.98434829711914,28.701013565063477,59.725624084472656
1,487612,-17.101093292236328,19.880859375,-15.041191101074219,58.160404205322266
1,487634,-4.930379867553711,37.61595916748047,-7.910597801208496,41.351715087890625
1,487634,20.44121551513672,-13.115469932556152,-11.358097076416016,-39.05595016479492
1,487635,-3.042060375213623,-22.829008102416992,-8.703500747680664,-35.8426513671875
1,487635,-33.776302337646484,2.738938331604004,20.649503707885742,33.44490051269531
1,487635,21.568708419799805,2.2738234996795654,17.852502822875977,21.6156063079834
1,487635,28.84115982055664,3.494374990463257,-13.816424369812012,-11.534233093261719
1,487635,-8.643179893493652,12.956771850585938,-22.94571304321289,8.998311996459961
1,487635,-11.027040481567383,6.459794998168945,8.656454086303711,20.23659896850586
1,487636,-6.2621307373046875,12.809693336486816,19.014909744262695,-40.419525146484375
1,487636,22.262075424194336,0.21568261086940765,-19.79927635192871,-62.914772033691406
1,487636,1.1339168548583984,-32.41606521606445,-18.31972885131836,-10.870219230651855
1,487637,-16.836288452148438,7.6359357833862305,19.674734115600586,2.4958834648132324
1,487637,-1.622684359550476,14.871832847595215,-1.5382344722747803,-17.078205108642578
1,487640,-12.673643112182617,-16.20052146911621,-33.24209976196289,-61.357540130615234
1,487641,0.8812152743339539,6.213963508605957,-13.563562393188477,-47.442237854003906
1,487644,-1.426779866218567,-3.712345838546753,4.395407199859619,24.30910873413086
1,487645,-8.5504789352417,-18.36069107055664,-6.592072010040283,22.71367835998535
1,487648,0.9463536143302917,-15.010279655456543,8.729945182800293,41.38973617553711
1,487649,2.7544851303100586,-9.474740028381348,46.435543060302734,57.109886169433594
1,487652,16.832660675048828,27.363698959350586,43.47160339355469,21.406415939331055
1,487653,12.79399299621582,32.177574157714844,10.478164672851562,14.82694149017334
1,487656,0.6261523962020874,7.123530864715576,-41.401695251464844,22.4051456451416
1,487658,-16.48655891418457,-6.590736389160156,-36.2308235168457,0.15569663047790527
1,487660,-17.10671043395996,-15.868160247802734,-0.2483636438846588,-42.23366928100586
1,487662,31.10666275024414,10.421930313110352,-9.122773170471191,-27.89349365234375
1,487776,24.94959831237793,36.82793426513672,35.249942779541016,165.1859588623047
1,487777,-16.87196922302246,46.80478286743164,32.5601806640625,78.46969604492188
1,487777,-26.415088653564453,-45.83845138549805,-40.581153869628906,-166.06253051757812
1,487777,-3.198033094406128,-44.917236328125,-14.199352264404297,-39.554176330566406
1,487777,21.275650024414062,35.3470344543457,13.89014720916748,71.58049011230469
1,487777,1.1558406352996826,14.030777931213379,-12.296480178833008,8.563203811645508
1,487777,-24.03864860534668,-24.5704345703125,12.75533676147461,20.617355346679688
1,487778,5.860440731048584,-5.462518215179443,23.669950485229492,18.92129898071289
1,487778,-5.300946235656738,6.451998710632324,-23.378061294555664,-29.37356185913086
1,487778,-15.446383476257324,3.5359466075897217,-8.095767974853516,-37.87642288208008
1,487778,16.953657150268555,0.1984037309885025,15.77680778503418,-29.447330474853516
1,487778,15.553071975708008,-19.957368850708008,-33.53678512573242,-40.87975311279297
1,487778,-3.2765986919403076,-15.380315780639648,-30.861909866333008,-42.043479919433594
1,487779,-29.50194549560547,-17.304357528686523,28.976024627685547,6.760045051574707
1,487779,1.793440341949463,-0.17895099520683289,31.8326358795166,41.52281951904297
1,487779,55.34767150878906,35.99652099609375,-7.660671234130859,25.095460891723633
1,487779,6.85073184967041,-2.028677463531494,1.6525052785873413,33.989219665527344
1,487779,-18.82017707824707,-3.4651434421539307,17.269914627075195,34.57467269897461
1,487779,7.404163360595703,19.825103759765625,6.580628871917725,-5.415781021118164
1,487780,-15.283011436462402,-3.510103940963745,-13.452981948852539,-29.74464225769043
1,487780,-11.425640106201172,-7.511962890625,-30.225051879882812,-18.26535987854004
1,487780,21.54541778564453,-8.339512825012207,11.647099494934082,-8.341309547424316
1,487780,-1.686792254447937,-6.422214031219482,13.348095893859863,-3.4581174850463867
1,487780,-20.564733505249023,11.177451133728027,-7.665591239929199,2.3628008365631104
1,487782,-8.021557807922363,-23.58251190185547,16.261476516723633,-17.013980865478516
1,487782,-2.0260000228881836,-38.48553466796875,6.225994110107422,5.768631458282471
1,487782,18.633167266845703,15.656695365905762,1.080899715423584,43.62018966674805
1,487783,-5.980291366577148,-25.00282859802246,-24.141157150268555,-14.8898344039917
1,487786,-21.650531768798828,-40.202571868896484,-32.216915130615234,-57.97507095336914
1,487787,21.412569046020508,57.84406661987305,28.77236557006836,-4.787785530090332
1,487790,0.27879929542541504,60.15739822387695,34.59161376953125,62.6046028137207
1,487791,-1.7141880989074707,11.832250595092773,6.764777660369873,44.093936920166016
1,487794,4.363737106323242,17.390104293823242,1.8657255172729492,27.742406845092773
1,487795,0.6797125935554504,-3.8225293159484863,-2.915318727493286,36.16984558105469
1,487798,22.62974739074707,9.904905319213867,-16.404273986816406,-41.95252990722656
1,487800,-21.159677505493164,30.39964485168457,-16.241958618164062,-44.54024887084961
1,487802,-15.78542709350586,-14.755050659179688,-2.6510159969329834,-14.958992004394531
1,487804,9.605098724365234,-6.178068161010742,0.46791428327560425,-43.71292495727539
1,487861,20.919219970703125,-36.31867980957031,6.566614627838135,43.802738189697266
1,487861,22.414907455444336,-59.104766845703125,13.075296401977539,62.721641540527344
1,487861,-39.213706970214844,11.190352439880371,10.657793998718262,-60.759368896484375
1,487861,-31.718996047973633,7.034295082092285,-16.490907669067383,-54.92429733276367
1,487861,30.988908767700195,-22.082796096801758,-39.40692138671875,-7.168301105499268
1,487862,6.106819152832031,-11.943949699401855,0.7154892086982727,7.039768695831299
1,487862,-25.756765365600586,26.651201248168945,33.75726318359375,20.6613826751709
1,487862,26.92552375793457,23.559955596923828,-13.379061698913574,1.5168170928955078
1,487862,0.05685200169682503,-4.53912878036499,-6.013389587402344,39.12228012084961
1,487862,-21.742910385131836,36.147159576416016,38.72746276855469,42.754093170166016
1,487863,34.81451416015625,19.701208114624023,-8.925932884216309,-28.74942398071289
1,487863,7.430191993713379,-20.177629470825195,-28.352981567382812,-24.43816375732422
1,487863,-49.09711837768555,-21.0106201171875,3.4353408813476562,8.326409339904785
1,487863,-9.122903823852539,-18.172189712524414,-7.262801170349121,-18.41775131225586
1,487863,46.42124557495117,4.127035617828369,-13.975268363952637,-44.845481872558594
1,487863,-1.0102299451828003,3.332453489303589,10.309693336486816,-4.615529537200928
1,487864,-29.697832107543945,-13.21845817565918,7.5193986892700195,40.95966339111328
1,487864,4.294590473175049,16.067243576049805,6.449324131011963,26.200611114501953
1,487864,7.26275110244751,40.0551872253418,19.341794967651367,2.3677189350128174
1,487864,-4.494554042816162,-10.78870677947998,1.0691108703613281,-3.2971510887145996
1,487864,5.6991143226623535,-17.907928466796875,-12.936362266540527,-8.889518737792969
1,487864,16.211910247802734,16.826162338256836,-13.731945991516113,-8.870265007019043
1,487865,-9.270813941955566,-4.6583404541015625,3.712759017944336,-10.681541442871094
1,487865,-22.120206832885742,-7.799063682556152,-2.8860971927642822,-0.9715378880500793
1,487865,3.693105936050415,-6.473608493804932,-18.140121459960938,-1.8457365036010742
1,487865,15.924459457397461,-33.59941864013672,11.482685089111328,-16.604846954345703
1,487865,11.488019943237305,10.000201225280762,0.7782580852508545,8.273571968078613
1,487866,-8.670223236083984,40.849029541015625,-15.608877182006836,21.128698348999023
1,487867,-15.001387596130371,1.87762451171875,24.45882797241211,21.80750846862793
1,487867,17.399751663208008,16.787946701049805,32.96931838989258,11.635587692260742
1,487867,9.495596885681152,9.403329849243164,-5.337700843811035,-18.642311096191406
1,487868,-36.08645248413086,-21.53269386291504,-0.9052238464355469,25.06378173828125
1,487870,2.923215866088867,12.888863563537598,26.315082550048828,66.79829406738281
1,487872,42.51692199707031,42.35985565185547,27.128324508666992,-9.759374618530273
1,487874,-16.440670013427734,30.718109130859375,-4.871665000915527,-14.140826225280762
1,487876,-16.50383186340332,27.171920776367188,-17.407468795776367,54.34965515136719
1,487878,16.208477020263672,-23.123737335205078,-8.571473121643066,-18.323915481567383
1,487880,-17.04719352722168,-284.459228515625,-51.73291015625,-81.11963653564453
1,487882,2.0148544311523438,-288.2177734375,-32.98484420776367,-54.557220458984375
1,487885,18.89228630065918,216.83660888671875,17.15739631652832,-47.10006332397461
1,487886,-22.95624351501465,349.7087097167969,17.848480224609375,1.3352359533309937
1,487889,-9.004438400268555,44.36867141723633,11.786688804626465,32.873043060302734
1,487890,16.039709091186523,-74.80028533935547,-7.593226432800293,22.23228645324707
1,487893,0.4544674754142761,-84.7860336303711,4.258286952972412,28.503116607666016
1,487894,8.54377555847168,-3.5409727096557617,29.868921279907227,-12.672403335571289
1,487897,8.148309707641602,62.348785400390625,-14.590312004089355,27.172086715698242
1,487898,-8.538469314575195,3.3961174488067627,-50.69622802734375,48.557044982910156
1,487968,8.247775077819824,-161.2366180419922,-10.402301788330078,-115.94892120361328
1,487968,3.9496960639953613,-125.12017059326172,-1.0720062255859375,-51.70661926269531
1,487968,-16.07933807373047,175.1415252685547,22.162649154663086,127.29600524902344
1,487968,1.2316606044769287,80.34933471679688,30.062734603881836,16.092493057250977
1,487968,27.457775115966797,-79.79393768310547,-11.762980461120605,-58.38865280151367
1,487969,-11.953965187072754,-3.40263295173645,-0.354133665561676,-18.94550323486328
1,487969,-23.028446197509766,20.64931297302246,-1.7791438102722168,-28.6251163482666
1,487969,17.545751571655273,26.13500213623047,-7.1958184242248535,-7.2838592529296875
1,487969,-11.050893783569336,43.69392013549805,26.179141998291016,29.184770584106445
1,487969,-11.561758041381836,63.4628791809082,30.83844757080078,36.99692153930664
1,487969,13.713749885559082,42.82543182373047,6.414871692657471,25.019493103027344
1,487970,-14.699003219604492,11.274332046508789,-2.874171495437622,23.107297897338867
1,487970,-8.481688499450684,8.873779296875,3.1519453525543213,16.331281661987305
1,487970,29.59623908996582,-36.679656982421875,-5.1904988288879395,-18.52126693725586
1,487970,17.754487991333008,-85.72099304199219,-22.3787841796875,-26.0389404296875
1,487970,-11.194164276123047,-54.230918884277344,-30.864517211914062,-9.72557258605957
1,487970,-14.511981010437012,-15.62509536743164,-12.079364776611328,-7.086994647979736
1,487971,-7.412888050079346,13.67582893371582,22.174819946289062,-19.8134708404541
1,487971,-4.161646842956543,19.823768615722656,11.2835054397583,-8.23867130279541
1,487971,-1.3682407140731812,33.53976058959961,-4.794001579284668,20.664453506469727
1,487971,4.412128448486328,28.81988525390625,11.800847053527832,7.220930099487305
1,487971,14.133445739746094,-13.669150352478027,6.189062595367432,11.353947639465332
1,487971,-4.169658660888672,0.65232253074646,-9.498525619506836,24.747150421142578
1,487972,-21.620594024658203,-13.749823570251465,-14.940488815307617,5.225944519042969
1,487972,0.40694186091423035,-42.053489685058594,-5.212788105010986,-14.771805763244629
1,487972,1.3148884773254395,-22.898513793945312,4.763274669647217,-22.352815628051758
1,487972,3.3107635974884033,-24.22784996032715,1.1794251203536987,-1.0211272239685059
1,487972,12.014701843261719,-4.435125827789307,-0.29249173402786255,2.2174582481384277
1,487972,-3.3924386501312256,40.79497146606445,1.4047918319702148,-9.13530158996582
1,487973,7.650319576263428,34.72679138183594,17.95085906982422,-3.2912447452545166
1,487973,24.165109634399414,6.805564880371094,2.934403419494629,5.059228897094727
1,487973,-8.90367603302002,12.598215103149414,-13.792131423950195,15.210481643676758
1,487973,-25.326133728027344,-13.529356002807617,-1.1405524015426636,14.634988784790039
1,487973,-6.558996200561523,-35.21596145629883,12.675527572631836,-3.7263972759246826
1,487973,15.842713356018066,9.084733009338379,5.089502811431885,-12.51363468170166
1,487975,12.97808837890625,5.991449356079102,-31.42824935913086,16.167705535888672
1,487975,-8.61391830444336,-19.943111419677734,-13.502694129943848,1.1914998292922974
1,487975,-2.9317057132720947,-10.451949119567871,6.6287713050842285,-28.86625862121582
1,487976,-8.914725303649902,-5.67095947265625,-37.397361755371094,-16.417518615722656
1,487978,-18.1348934173584,12.916513442993164,-13.15977954864502,-3.7436931133270264
1,487980,-0.34163451194763184,55.01265335083008,61.80275344848633,-17.098339080810547
1,487982,27.29808235168457,33.41756057739258,34.5439567565918,-36.55317306518555
1,487984,-20.539649963378906,-65.71417236328125,-50.32964324951172,-21.726545333862305
1,487986,-32.849761962890625,-60.55896759033203,-41.981895446777344,-40.692657470703125
1,487988,39.54245376586914,15.280680656433105,30.092512130737305,42.005836486816406
1,487990,-2.296639919281006,-31.027652740478516,11.378568649291992,121.4875259399414
1,487992,-5.046510696411133,-168.96791076660156,5.279201030731201,20.56952667236328
1,487994,19.820560455322266,2.555572986602783,54.957759857177734,-6.537503719329834
1,487996,-18.094026565551758,335.0941467285156,-0.6870929598808289,10.491316795349121
1,487998,20.637372970581055,136.72998046875,-35.96893310546875,-16.83643341064453
1,488000,17.236730575561523,-106.52625274658203,32.91703414916992,-40.19169235229492
1,488002,-16.229740142822266,-3.5085489749908447,9.4647216796875,-19.572254180908203
1,488004,-17.541505813598633,-53.44266891479492,-54.366004943847656,-5.20560884475708
1,488006,-36.64505386352539,-185.1910858154297,-38.438812255859375,-44.5396728515625
1,488088,26.487245559692383,69.02088165283203,35.04925537109375,6.847627639770508
1,488088,54.69130325317383,208.84323120117188,45.292091369628906,50.56559371948242
1,488088,-26.347604751586914,-85.69084167480469,-26.857820510864258,-18.153242111206055
1,488088,-4.498326301574707,-87.39813995361328,-14.398002624511719,-42.084983825683594
1,488088,25.13262176513672,5.38139009475708,-5.580685138702393,12.375542640686035
1,488088,-15.628421783447266,-39.17912673950195,-12.533563613891602,48.1781120300293
1,488089,-5.801766395568848,-5.973402976989746,4.967616558074951,34.37051010131836
1,488089,16.032197952270508,-2.7421481609344482,13.606083869934082,20.107650756835938
1,488089,5.760134696960449,24.74901580810547,20.421205520629883,24.479747772216797
1,488089,-6.134775161743164,51.51756286621094,6.963725566864014,14.114028930664062
1,488089,-11.145376205444336,21.371429443359375,-8.802742958068848,-16.94899559020996
1,488090,-10.058905601501465,-1.3646645545959473,-18.37364959716797,-47.75825119018555
1,488090,-4.150030136108398,-24.295930862426758,-3.57808256149292,-20.148168563842773
1,488090,2.8823635578155518,-23.358015060424805,0.8476995229721069,9.119246482849121
1,488090,17.0466365814209,9.729693412780762,0.4307210147380829,-8.37490463256836
1,488090,6.745847702026367,-27.16855812072754,2.9239697456359863,10.630958557128906
1,488090,-28.559619903564453,-22.53165054321289,14.224984169006348,16.787282943725586
1,488091,-0.5564187169075012,25.284765243530273,11.770597457885742,6.634830474853516
1,488091,35.39021301269531,13.030721664428711,-14.016427993774414,16.152311325073242
1,488091,-3.566380262374878,31.37466812133789,4.233232021331787,-10.5147123336792
1,488091,1.7834079265594482,18.716049194335938,4.829652786254883,-23.935232162475586
1,488091,-1.122924566268921,-17.556108474731445,-15.349960327148438,-6.562248229980469
1,488091,-20.462310791015625,-11.812244415283203,1.6925197839736938,-13.652277946472168
1,488092,5.39262580871582,2.8977091312408447,21.620519638061523,-1.564648985862732
1,488092,-3.699167013168335,3.4062390327453613,-4.4358930587768555,6.338988780975342
1,488092,-10.859954833984375,-16.106367111206055,-28.533849716186523,4.682034015655518
1,488092,-12.941362380981445,-12.330854415893555,17.122154235839844,21.1004695892334
1,488092,1.4947725534439087,4.387325286865234,17.488143920898438,2.216240882873535
1,488092,21.618438720703125,16.644746780395508,-28.60479164123535,-5.240532398223877
1,488093,-18.934598922729492,30.4378662109375,0.7291082143783569,3.1975953578948975
1,488093,-20.29287338256836,0.45171618461608887,18.056045532226562,-17.858732223510742
1,488093,28.56768798828125,-17.912769317626953,-18.192352294921875,-24.4327392578125
1,488093,7.733747959136963,2.2166435718536377,-5.921191692352295,-1.0107712745666504
1,488093,-36.09990310668945,-5.8457136154174805,18.585491180419922,13.799786567687988
1,488093,-4.368974208831787,-9.378722190856934,-12.732314109802246,-3.9641964435577393
1,488094,26.58428192138672,-9.053750991821289,-10.724467277526855,4.019133567810059
1,488094,-1.084825873374939,-9.759099960327148,27.48666763305664,31.83928108215332
1,488094,9.64303207397461,7.3833208084106445,16.770309448242188,13.398209571838379
1,488094,18.750120162963867,38.485408782958984,-14.218849182128906,1.9723068475723267
1,488094,-22.521276473999023,13.714805603027344,6.0919013023376465,8.813233375549316
1,488095,-10.660285949707031,-15.990215301513672,14.826950073242188,4.014594554901123
1,488096,6.8462677001953125,19.607206344604492,-40.61680221557617,-12.176682472229004
1,488096,-13.947590827941895,-10.81052017211914,-29.563013076782227,-19.8023738861084
1,488096,-6.309929370880127,-28.66426658630371,10.86758041381836,-3.737905979156494
1,488096,10.403474807739258,3.6657674312591553,-5.552299499511719,-5.168151378631592
1,488098,-4.412001132965088,-33.1878662109375,8.039119720458984,-36.366031646728516
1,488100,-70.57633209228516,-185.36436462402344,-6.912999629974365,-42.72096252441406
1,488102,18.474504470825195,-237.7914276123047,-37.74203109741211,-1.10346519947052
1,488104,134.67587280273438,150.4208984375,19.953981399536133,-13.284646034240723
1,488106,-19.108659744262695,308.1270446777344,31.41750144958496,-50.10816955566406
1,488108,-50.84903335571289,21.48187255859375,14.332792282104492,31.20952796936035
1,488110,47.802146911621094,-2.794062852859497,34.79033279418945,91.359375
1,488112,-12.303640365600586,-11.440784454345703,-0.525524914264679,47.607818603515625
1,488114,-19.13182830810547,-41.23712158203125,-11.15456485748291,7.116142749786377
1,488116,27.972572326660156,110.5667495727539,43.15641784667969,16.854307174682617
1,488118,2.1391544342041016,71.07586669921875,-5.6303229331970215,7.238094329833984
1,488120,-15.6531982421875,-89.37567138671875,-100.42095184326172,-39.69209289550781
1,488122,-24.665578842163086,-57.265193939208984,-1.6472254991531372,-19.212112426757812
1,488125,-17.705917358398438,-54.37263870239258,48.31688690185547,-61.770599365234375
1,488126,-11.194478988647461,-118.75045013427734,-38.930519104003906,-30.618505477905273
1,488129,1.558732032775879,40.40182113647461,-3.399643659591675,95.19786071777344
1,488130,25.09002113342285,143.00460815429688,13.966800689697266,-0.9658387303352356
1,488131,6.296457290649414,-17.621110916137695,8.888422012329102,-38.88346862792969
1,488224,47.208396911621094,-213.58529663085938,14.940601348876953,-30.31391716003418
1,488225,48.75836944580078,-81.67027282714844,-25.417583465576172,-73.71669006347656
1,488225,-47.987701416015625,216.58885192871094,-0.7132635712623596,43.55336380004883
1,488225,-37.4408073425293,159.30715942382812,26.735084533691406,81.5447769165039
1,488225,21.42612075805664,56.41330337524414,15.906137466430664,20.761953353881836
1,488225,8.662171363830566,26.376419067382812,17.638242721557617,18.60386085510254
1,488225,-18.761709213256836,-14.405317306518555,-5.147101879119873,4.646934509277344
1,488226,-19.041805267333984,-2.4350693225860596,-22.54546356201172,-5.998263359069824
1,488226,-2.4961624145507812,-13.023941993713379,-7.421579837799072,-20.044754028320312
1,488226,-12.332595825195312,-12.826567649841309,-2.6992764472961426,-35.25772476196289
1,488226,-25.81112289428711,-16.077280044555664,-13.65278434753418,2.208632469177246
1,488226,-11.313566207885742,8.91620922088623,5.715712070465088,13.018619537353516
1,488226,9.51380443572998,19.91011619567871,10.621896743774414,-8.805017471313477
1,488227,25.35521125793457,-6.364127159118652,-23.87914276123047,0.2383548617362976
1,488227,-1.2044249773025513,-35.96137237548828,6.501926422119141,18.925046920776367
1,488227,-12.178458213806152,-32.3144645690918,22.145174026489258,13.404472351074219
1,488227,-10.733592987060547,-31.835397720336914,-19.820825576782227,-0.3318954110145569
1,488227,-18.830673217773438,-59.74180603027344,0.9645072817802429,-11.573055267333984
1,488228,17.008806228637695,-8.633904457092285,23.84604263305664,-23.057905197143555
1,488228,24.899301528930664,22.64283561706543,-15.867207527160645,1.308004379272461
1,488228,4.6871256828308105,9.001985549926758,-15.734551429748535,19.562664031982422
1,488228,4.6550211906433105,44.78561782836914,23.662485122680664,14.03561019897461
1,488228,9.522582054138184,39.21181106567383,11.848094940185547,1.526259183883667
1,488228,-4.267782211303711,9.162114143371582,-3.5592052936553955,1.781882405281067
1,488229,-4.477380752563477,1.1290324926376343,6.2856950759887695,16.84108543395996
1,488229,20.553743362426758,-8.750675201416016,-4.557779788970947,26.864355087280273
1,488229,-4.251846790313721,-14.782852172851562,1.3353660106658936,10.239441871643066
1,488229,-1.361924171447754,-16.087961196899414,0.8216074705123901,-28.754667282104492
1,488229,9.32022762298584,-28.3453311920166,-8.202908515930176,-19.058502197265625
1,488229,-5.0420002937316895,-18.61177635192871,-0.6158175468444824,-6.311390399932861
1,488230,1.854501485824585,16.196382522583008,3.3440284729003906,-9.787898063659668
1,488230,-1.0272258520126343,-2.026141405105591,9.760736465454102,-3.076014995574951
1,488230,13.94688606262207,1.6852211952209473,8.668241500854492,-5.1534600257873535
1,488230,-1.131805658340454,31.666765213012695,-3.142869472503662,1.9372155666351318
1,488230,-12.860142707824707,12.290168762207031,-13.469011306762695,-9.598002433776855
1,488230,16.49415397644043,-14.942306518554688,10.42475700378418,-16.834306716918945
1,488231,10.885148048400879,-45.03060531616211,11.086045265197754,-8.027045249938965
1,488231,-30.130762100219727,-46.730735778808594,-21.937530517578125,0.8797506093978882
1,488231,-38.56871795654297,-20.571311950683594,-10.77271556854248,11.563576698303223
1,488231,-17.973148345947266,-40.56894302368164,3.6063787937164307,-7.294705867767334
1,488231,1.4522881507873535,-59.85249710083008,-14.912284851074219,8.392855644226074
1,488232,13.015925407409668,-23.478912353515625,-22.8945369720459,25.20823097229004
1,488232,-8.896484375,-13.264777183532715,7.37674617767334,1.0263723134994507
1,488232,10.502269744873047,-28.35176658630371,26.930429458618164,19.397226333618164
1,488232,26.421375274658203,-26.69049835205078,-11.150662422180176,7.722732067108154
1,488232,11.004922866821289,-9.551987648010254,-17.367082595825195,-21.675521850585938
1,488234,51.738773345947266,-86.87765502929688,7.266062259674072,55.7410774230957
1,488234,39.16813278198242,-65.3983154296875,1.1316030025482178,48.55656051635742
1,488234,-21.140886306762695,117.4580078125,16.24907875061035,-42.6653938293457
1,488234,-23.27008628845215,85.42923736572266,6.09267520904541,-21.025951385498047
1,488234,-10.831006050109863,10.63392162322998,-26.880098342895508,4.529737949371338
1,488236,-72.72693634033203,-126.12904357910156,14.0112943649292,-10.836177825927734
1,488238,-144.90174865722656,-92.12638092041016,3.0514309406280518,-40.12751388549805
1,488240,82.29117584228516,294.650390625,-31.500492095947266,-27.53239631652832
1,488242,184.89588928222656,500.82672119140625,43.62944412231445,-47.42318344116211
1,488244,-112.08452606201172,254.4207000732422,16.390100479125977,-55.33792495727539
1,488246,-79.8395767211914,-278.7782897949219,-57.042415618896484,-14.335363388061523
1,488248,82.01007843017578,-295.2974853515625,9.430044174194336,22.51308250427246
1,488250,-8.518404960632324,5.541036605834961,43.62222671508789,91.28919982910156
1,488252,8.125683784484863,-33.16352462768555,-1.1700161695480347,47.13081359863281
1,488254,35.17561340332031,80.8083724975586,-2.245137929916382,13.780980110168457
1,488256,-8.743267059326172,233.58645629882812,33.944496154785156,-4.439627647399902
1,488258,55.67158126831055,-55.15091323852539,10.208823204040527,-0.7852402925491333
1,488260,-10.918900489807129,-273.4508056640625,-57.117919921875,-8.408320426940918
1,488262,-129.6146697998047,-160.51565551757812,-53.07581329345703,-81.51117706298828
1,488264,-50.369014739990234,-8.76910400390625,7.139288425445557,-3.4386537075042725
1,488266,100.47847747802734,5.734181880950928,38.55388259887695,57.8818359375
1,488268,110.34004211425781,47.10898208618164,37.42198944091797,33.62955856323242
1,488270,-83.31730651855469,139.15980529785156,-1.151983618736267,-60.63456726074219
1,488272,-66.65003204345703,16.700450897216797,-32.569618225097656,-43.14304733276367
1,488377,82.72697448730469,91.508056640625,-17.112714767456055,161.6190948486328
1,488377,10.576201438903809,117.41424560546875,1.888069987297058,50.8112678527832
1,488377,-13.896978378295898,-175.68055725097656,27.676109313964844,-102.30789184570312
1,488377,16.86379051208496,-106.12545013427734,38.14858627319336,23.222158432006836
1,488377,-6.551907062530518,29.595701217651367,2.420886278152466,42.06300735473633
1,488378,5.074253559112549,-26.08711051940918,-13.7188138961792,-22.193811416625977
1,488378,-6.145796298980713,4.675751209259033,4.062862873077393,-26.496387481689453
1,488378,-33.405845642089844,40.92051315307617,-3.2482821941375732,-42.014225006103516
1,488378,-11.8712797164917,26.452587127685547,-17.245731353759766,-40.378509521484375
1,488378,19.550071716308594,-40.7285041809082,-37.06899642944336,-16.898487091064453
1,488378,-25.386356353759766,-84.55374145507812,-8.987281799316406,-8.613341331481934
1,488379,-34.29617691040039,-29.155344009399414,32.07965087890625,-10.285747528076172
1,488379,18.338787078857422,-7.541876316070557,-12.27259635925293,3.1959495544433594
1,488379,26.946863174438477,-31.19256591796875,-25.165550231933594,26.31121063232422
1,488379,12.033129692077637,1.9183791875839233,-3.460087299346924,37.852474212646484
1,488379,-28.378171920776367,-10.734726905822754,16.27732276916504,42.146728515625
1,488380,-39.04587936401367,-16.202604293823242,13.210428237915039,-5.834986686706543
1,488380,13.742376327514648,15.137173652648926,-31.671409606933594,-48.073997497558594
1,488380,8.72863483428955,-39.667076110839844,-17.738109588623047,-16.020097732543945
1,488380,-33.111778259277344,-45.20790481567383,18.825300216674805,-10.664294242858887
1,488380,-9.196605682373047,21.709501266479492,20.40703773498535,-35.01209259033203
1,488380,20.07054328918457,25.604965209960938,-4.405194282531738,-7.6819658279418945
1,488381,-9.075758934020996,35.85478973388672,-19.155385971069336,18.040742874145508
1,488381,-15.334715843200684,80.54258728027344,13.591202735900879,14.391318321228027
1,488381,27.545503616333008,75.71675109863281,22.162240982055664,19.52814483642578
1,488381,21.271268844604492,44.99764633178711,3.046548843383789,20.54222869873047
1,488381,35.64083480834961,20.575130462646484,-19.252132415771484,7.526986598968506
1,488381,68.09846496582031,10.54747486114502,-3.5079710483551025,-1.1468007564544678
1,488382,32.7045783996582,3.821546792984009,36.41616439819336,5.688376426696777
1,488382,22.79615020751953,-34.99510192871094,10.123668670654297,8.660967826843262
1,488382,23.263723373413086,-44.3135871887207,-17.608152389526367,-9.109075546264648
1,488382,20.273649215698242,-1.2692009210586548,-0.23762157559394836,-2.5115416049957275
1,488382,31.045482635498047,3.371201753616333,21.524221420288086,18.990638732910156
1,488382,-8.237133979797363,-33.505332946777344,5.369307041168213,-3.732029438018799
1,488383,-51.10612869262695,-2.8601841926574707,-11.987908363342285,-13.838489532470703
1,488383,-51.19627380371094,27.32544708251953,-22.723798751831055,20.24446678161621
1,488383,-35.73773193359375,15.530437469482422,-4.699177265167236,20.724782943725586
1,488383,-18.627727508544922,38.534820556640625,34.6859245300293,-8.523308753967285
1,488383,-16.575828552246094,50.9066162109375,-11.799569129943848,-19.32561492919922
1,488383,-22.244632720947266,10.969712257385254,-31.268310546875,-26.485774993896484
1,488384,-1.6633152961730957,-22.144052505493164,22.098360061645508,-19.60382652282715
1,488384,13.381706237792969,-5.526487827301025,-0.9346170425415039,-5.623286247253418
1,488384,-6.390982627868652,-22.505800247192383,-21.223953247070312,16.067707061767578
1,488384,-24.339792251586914,-31.735071182250977,9.027756690979004,14.65608024597168
1,488384,-4.295873641967773,-11.938331604003906,-4.113565444946289,-17.615703582763672
1,488385,-4.091620445251465,-13.902711868286133,13.709890365600586,-15.250909805297852
1,488385,-2.504516124725342,3.5079002380371094,2.9852139949798584,4.79307746887207
1,488385,16.878793716430664,11.246748924255371,-27.168169021606445,16.169315338134766
1,488385,1.9996895790100098,16.817625045776367,14.243965148925781,-6.6075286865234375
1,488385,0.26879581809043884,4.075666904449463,-1.3909536600112915,-8.581477165222168
1,488385,8.241560935974121,-27.663692474365234,-22.891626358032227,12.183557510375977
1,488385,1.0985114574432373,-22.16986846923828,26.35599708557129,2.5182085037231445
1,488387,-11.27210807800293,60.25482177734375,18.13147735595703,-7.309931755065918
1,488387,-9.106534004211426,65.46744537353516,-12.905598640441895,3.0741043090820312
1,488387,3.058445453643799,-48.198856353759766,-2.833577871322632,18.395458221435547
1,488387,26.815092086791992,-52.46852493286133,5.017607688903809,18.82765007019043
1,488387,2.207242965698242,-18.4721622467041,20.2092342376709,17.83869743347168
1,488389,7.938802242279053,52.586124420166016,13.574965476989746,20.807998657226562
1,488390,27.1910343170166,70.50448608398438,-4.138613700866699,4.905900478363037
1,488391,-28.475601196289062,-76.6172103881836,-2.962658166885376,-6.852112770080566
1,488394,68.93974304199219,-269.23236083984375,-6.7508015632629395,45.85057830810547
1,488395,67.23623657226562,-63.69781494140625,15.455536842346191,48.16712951660156
1,488398,-222.7958984375,422.64141845703125,-7.033055782318115,-92.18077850341797
1,488399,-85.52030181884766,26.891895294189453,-47.17671203613281,-91.37950134277344
1,488402,241.94354248046875,-689.8539428710938,-22.6939754486084,40.273590087890625
1,488403,42.731231689453125,-293.05560302734375,-47.41717529296875,-31.596162796020508
1,488406,-96.51235961914062,643.2872314453125,0.8978103399276733,-75.9966049194336
1,488407,-23.42892074584961,651.7844848632812,95.99796295166016,23.509754180908203
1,488410,-41.02194595336914,-75.88091278076172,45.62055587768555,56.089515686035156
1,488412,-63.397315979003906,-250.31936645507812,-42.6107063293457,18.078771591186523
1,488516,51.277591705322266,-136.87107849121094,-68.81262969970703,51.62672424316406
1,488516,123.95075988769531,-81.34943389892578,-5.40518045425415,56.12533187866211
1,488516,-13.153481483459473,148.77687072753906,39.225345611572266,-61.0833854675293
1,488516,-42.68598556518555,92.51792907714844,20.763031005859375,-4.929853439331055
1,488516,-1.0200324058532715,-64.5398178100586,30.514324188232422,65.34790802001953
1,488516,10.095284461975098,-19.577417373657227,-5.098307132720947,-31.339553833007812
1,488516,6.40816068649292,-50.57502746582031,-27.46344566345215,-36.39280700683594
1,488517,-8.690415382385254,-94.15861511230469,1.2887681722640991,10.533523559570312
1,488517,-6.168847560882568,-25.5067081451416,-7.443918228149414,-28.013479232788086
1,488517,-27.36834716796875,18.609859466552734,5.0590105056762695,-43.92356872558594
1,488517,-0.8115914463996887,33.090335845947266,24.984331130981445,-25.084068298339844
1,488517,34.87200927734375,62.697357177734375,8.811813354492188,-4.684235572814941
1,488518,0.33776506781578064,39.07567596435547,0.7227427959442139,23.88933753967285
1,488518,-5.0322465896606445,-14.511609077453613,3.4863104820251465,13.33359432220459
1,488518,-12.410024642944336,-4.0519633293151855,-2.8428988456726074,7.293059825897217
1,488518,-20.703184127807617,-30.178449630737305,-2.881842851638794,13.632667541503906
1,488518,21.608293533325195,-64.13875579833984,0.26628947257995605,-7.362753868103027
1,488518,2.469348430633545,-0.31412115693092346,-26.65469741821289,-8.890908241271973
1,488519,-18.680116653442383,-10.615653038024902,-24.115007400512695,5.18078088760376
1,488519,15.233936309814453,-31.345354080200195,20.226943969726562,-18.037704467773438
1,488519,-0.1287778615951538,33.858787536621094,11.609469413757324,-23.70342445373535
1,488519,0.6992879509925842,45.6694450378418,-3.747880697250366,-2.690873622894287
1,488519,22.048423767089844,-0.7807885408401489,-6.305760860443115,11.679536819458008
1,488519,-20.34978485107422,21.87763786315918,-4.846323490142822,29.70645523071289
1,488520,-10.765973091125488,28.270017623901367,13.584572792053223,13.975539207458496
1,488520,14.08271312713623,-50.79335403442383,-1.2924699783325195,-5.3964524269104
1,488520,-14.935245513916016,-47.53388214111328,-7.873843193054199,11.43099594116211
1,488520,12.916641235351562,6.219203948974609,-0.4779627025127411,1.1750719547271729
1,488520,13.184882164001465,1.3482517004013062,-14.48941707611084,-26.506149291992188
1,488520,-32.45783615112305,-5.662684917449951,-16.58374786376953,-5.379837512969971
1,488521,4.542600154876709,5.177175045013428,0.49418842792510986,-1.5327918529510498
1,488521,9.096689224243164,15.866884231567383,19.64887237548828,-8.036947250366211
1,488521,-7.0297956466674805,37.43975067138672,15.95665168762207,11.382335662841797
1,488521,11.807988166809082,25.730501174926758,-13.566258430480957,11.2048978805542
1,488521,-15.853310585021973,-15.147676467895508,4.798874378204346,19.89556884765625
1,488521,9.195423126220703,-18.071044921875,19.946550369262695,-8.545150756835938
1,488522,32.7032585144043,-12.159090042114258,-23.713607788085938,-16.037137985229492
1,488522,-24.026662826538086,-11.47394847869873,-18.538410186767578,23.658334732055664
1,488522,-26.924211502075195,-19.262466430664062,9.635066986083984,-7.051530838012695
1,488522,14.201634407043457,-17.70416831970215,18.15155792236328,-11.684406280517578
1,488522,18.625598907470703,13.133009910583496,2.8253347873687744,-6.837301254272461
1,488523,-6.7423295974731445,12.569565773010254,-8.9052152633667,-18.158660888671875
1,488523,-11.117436408996582,5.476676940917969,13.006830215454102,8.591753959655762
1,488523,20.623435974121094,40.150474548339844,4.595114707946777,6.406288146972656
1,488523,9.402823448181152,3.890101194381714,-9.49212646484375,3.564655303955078
1,488523,-25.06157875061035,-65.55288696289062,-2.1073567867279053,3.0869662761688232
1,488523,-5.5136260986328125,-13.01352596282959,-7.224936008453369,2.5388858318328857
1,488524,19.66130256652832,33.31550216674805,-12.197209358215332,11.627416610717773
1,488524,-3.0098650455474854,0.8446099162101746,9.124178886413574,0.7944220304489136
1,488524,-24.095821380615234,1.7900619506835938,5.481339931488037,-10.00986099243164
1,488524,9.295722007751465,11.8814115524292,-8.861001014709473,-14.086777687072754
1,488524,12.15289306640625,11.789409637451172,0.15693028271198273,6.149657726287842
1,488526,-9.435576438903809,1.3480414152145386,-3.33229398727417,19.24197006225586
1,488526,-12.081182479858398,-34.12002944946289,4.5071539878845215,-4.251979827880859
1,488526,-24.160852432250977,-11.062657356262207,-1.4071645736694336,7.132803916931152
1,488526,18.44453239440918,32.25850296020508,0.08860721439123154,14.968338012695312
1,488526,41.9146728515625,6.479587554931641,22.3249568939209,-8.692516326904297
1,488527,7.90595817565918,-27.14537811279297,4.289082050323486,52.38618087768555
1,488530,-22.56878089904785,2.013373374938965,14.12856388092041,59.69105529785156
1,488531,-22.64238929748535,7.7612433433532715,-2.2935738563537598,-15.840943336486816
1,488534,36.97574234008789,-17.561574935913086,-31.491334915161133,29.833473205566406
1,488536,37.82141876220703,38.203914642333984,46.95830154418945,9.903402328491211
1,488538,-28.507020950317383,44.912353515625,19.3233642578125,-121.9902572631836
1,488540,-15.636634826660156,9.612853050231934,-60.085304260253906,-64.62548065185547
1,488542,2.088716983795166,80.96302795410156,-28.482051849365234,21.451753616333008
1,488544,-37.097930908203125,44.660186767578125,-2.426187753677368,-68.06177520751953
1,488546,24.974166870117188,-233.31448364257812,-10.769312858581543,-32.19997024536133
1,488548,26.64349365234375,-294.4379577636719,-4.820947170257568,83.2644271850586
1,488550,-26.418888092041016,107.88741302490234,38.660823822021484,62.857364654541016
1,488552,-1.3048996925354004,410.082763671875,23.011207580566406,-5.998927116394043
1,488554,-16.901103973388672,161.1337890625,9.8618803024292,-12.642698287963867
1,488556,-4.413333415985107,-257.99267578125,27.868183135986328,31.132007598876953
1,488558,18.168302536010742,-293.2054443359375,-25.162841796875,-30.493114471435547
1,488560,2.61272931098938,78.85365295410156,-60.767364501953125,-61.256317138671875
1,488562,-17.650157928466797,287.56707763671875,20.290603637695312,20.075531005859375
1,488564,22.795326232910156,28.46196746826172,35.865177154541016,21.952211380004883
1,488567,20.309337615966797,-220.4839324951172,-68.69144439697266,-35.89115905761719
1,488681,15.369930267333984,1.7638254165649414,13.46101188659668,19.82598876953125
1,488681,48.67668914794922,205.72715759277344,79.69287872314453,67.85087585449219
1,488681,-19.265104293823242,-59.66353988647461,-39.386417388916016,-41.06807327270508
1,488682,-36.63338088989258,-120.76573944091797,-22.663278579711914,-40.033287048339844
1,488682,18.0091495513916,-8.257331848144531,12.998845100402832,43.551082611083984
1,488682,21.856792449951172,-41.11231994628906,-10.161222457885742,24.357973098754883
1,488682,-37.883148193359375,-51.90127944946289,11.46262264251709,-2.9821043014526367
1,488682,-51.241539001464844,-40.65093994140625,9.846901893615723,16.980937957763672
1,488682,-8.354706764221191,8.361466407775879,0.7253017425537109,15.591036796569824
1,488683,-0.42777690291404724,11.793171882629395,-11.485451698303223,-43.77112579345703
1,488683,-18.739946365356445,-25.223819732666016,-19.83356475830078,-54.91112518310547
1,488683,-30.530437469482422,-16.114830017089844,-5.244266510009766,-37.099483489990234
1,488683,-12.481432914733887,-6.957716464996338,-4.267001152038574,-13.530534744262695
1,488683,13.253924369812012,-14.940169334411621,-16.662939071655273,10.006077766418457
1,488683,20.22283363342285,26.58936882019043,-4.85053825378418,8.072458267211914
1,488684,15.25219440460205,43.32007598876953,19.195640563964844,39.266212463378906
1,488684,12.601067543029785,38.00539016723633,30.027610778808594,36.00133514404297
1,488684,17.894058227539062,33.137420654296875,3.7257378101348877,11.616100311279297
1,488684,-0.2982455790042877,12.86087703704834,0.5902304649353027,10.993606567382812
1,488684,-36.020545959472656,5.86039400100708,17.508106231689453,6.272167205810547
1,488685,-9.754776954650879,12.081524848937988,-10.895746231079102,-4.542707920074463
1,488685,6.265740394592285,33.24129867553711,-13.677520751953125,-27.07790184020996
1,488685,-9.154443740844727,18.064327239990234,-2.2138912677764893,-8.96215534210205
1,488685,-20.150117874145508,27.459623336791992,-19.295692443847656,4.8995842933654785
1,488685,-28.576305389404297,88.43131256103516,4.336663722991943,-1.955278754234314
1,488685,3.612236738204956,69.27803802490234,34.09687805175781,8.074370384216309
1,488686,-9.906586647033691,52.87782669067383,6.441874027252197,7.907553672790527
1,488686,-30.73565673828125,73.05088806152344,-4.092422008514404,15.58093547821045
1,488686,4.780181407928467,5.77065372467041,-6.436765670776367,1.6160666942596436
1,488686,10.609374046325684,-45.95414733886719,-3.1694743633270264,-34.39246368408203
1,488686,-10.386934280395508,-63.51479721069336,17.507814407348633,3.0532124042510986
1,488686,32.85508346557617,-83.87776947021484,-2.3446204662323,25.16671371459961
1,488687,98.31289672851562,-125.44434356689453,-17.804309844970703,-20.37922477722168
1,488687,80.48560333251953,-161.73143005371094,-20.273412704467773,-19.65550994873047
1,488687,44.49341583251953,-93.74493408203125,-3.522986888885498,7.285094261169434
1,488687,59.022254943847656,-44.827632904052734,17.671855926513672,28.909223556518555
1,488687,37.39289474487305,-12.137332916259766,6.934018611907959,21.11593246459961
1,488687,2.9379687309265137,45.77931594848633,3.19578218460083,0.3190954029560089
1,488688,6.849052429199219,38.55867385864258,8.79001235961914,0.903404176235199
1,488688,-16.446212768554688,39.29533004760742,14.42742919921875,-10.539012908935547
1,488688,-43.091026306152344,86.91219329833984,-4.229746341705322,-12.453932762145996
1,488688,-46.27534484863281,89.94155883789062,-9.108622550964355,-16.921165466308594
1,488688,-49.34659194946289,58.225616455078125,-5.5169477462768555,-17.37493896484375
1,488688,-57.71639633178711,48.528316497802734,0.12846842408180237,5.408621311187744
1,488689,-35.21661376953125,16.54305076599121,12.819049835205078,0.037495169788599014
1,488689,-14.750789642333984,11.945914268493652,-2.2332770824432373,-3.2266194820404053
1,488689,-17.708240509033203,7.817910194396973,-8.295793533325195,17.365386962890625
1,488689,-0.7110699415206909,-32.393707275390625,-0.3983081877231598,10.890298843383789
1,488689,14.403190612792969,-12.344396591186523,-3.688215970993042,-14.185690879821777
1,488689,4.225349426269531,-11.295174598693848,6.958883285522461,4.50786018371582
1,488690,5.216479778289795,-1.6102571487426758,28.013214111328125,17.144737243652344
1,488690,16.733131408691406,12.871988296508789,-27.929458618164062,-9.970403671264648
1,488690,-8.287622451782227,-10.157569885253906,-42.158355712890625,-14.384544372558594
1,488690,-9.077320098876953,-0.8434015512466431,25.927669525146484,-18.688282012939453
1,488690,20.081851959228516,-0.47857892513275146,2.436460494995117,-9.904407501220703
1,488690,-3.238464117050171,-41.9505615234375,-16.626718521118164,15.611125946044922
1,488691,-12.962564468383789,-14.89490795135498,5.138771057128906,15.644100189208984
1,488692,30.126235961914062,18.832984924316406,11.557799339294434,26.976974487304688
1,488692,26.402637481689453,-43.460411071777344,24.277618408203125,7.0343708992004395
1,488692,-6.145522117614746,-38.089637756347656,-21.126663208007812,-31.684965133666992
1,488692,-18.169286727905273,-1.3154549598693848,-23.01203727722168,11.774651527404785
1,488693,-10.299806594848633,4.569234848022461,25.855344772338867,23.529348373413086
1,488693,8.803991317749023,-10.051830291748047,8.377641677856445,-23.155488967895508
1,488694,-15.126023292541504,-0.8676692843437195,-8.650218963623047,35.86613082885742
1,488695,2.8266706466674805,37.704044342041016,-20.184329986572266,58.59035873413086
1,488698,20.8148136138916,19.119510650634766,-6.991088390350342,-44.795841217041016
1,488699,-45.138587951660156,65.7952880859375,18.724773406982422,-87.08457946777344
1,488702,-18.300901412963867,25.67022705078125,-9.331708908081055,-94.92027282714844
1,488703,25.42449188232422,-165.17587280273438,-30.041728973388672,-30.183305740356445
1,488706,24.09520149230957,-223.5202178955078,-10.849732398986816,77.81550598144531
1,488707,28.100528717041016,-67.16575622558594,-0.4171001613140106,48.60525894165039
1,488710,-8.314212799072266,81.22965240478516,18.986244201660156,17.683794021606445
1,488711,0.6894800662994385,135.3026580810547,58.21876525878906,47.820552825927734
1,488714,-39.82763671875,270.5683288574219,26.242937088012695,43.12281036376953
1,488715,-14.63022518157959,19.951431274414062,-9.177627563476562,2.084092378616333
1,488718,70.64399719238281,-181.22940063476562,-24.87984848022461,-59.7827262878418
1,488719,-37.77766799926758,81.1650619506836,-38.63785171508789,-48.392616271972656
1,488722,-31.84402084350586,21.915451049804688,-2.2789626121520996,-14.579455375671387
1,488723,30.166051864624023,-45.18769454956055,20.854795455932617,-19.285484313964844
1,488726,-1.2091847658157349,17.403472900390625,0.14024272561073303,45.2050895690918
1,488728,20.574748992919922,-9.775577545166016,-0.10742022842168808,19.158843994140625
1,488730,19.95935821533203,-17.098161697387695,22.310096740722656,-28.655994415283203
1,488732,11.951519966125488,-36.67371368408203,-1.6745574474334717,13.912406921386719
1,488734,-39.33304214477539,86.93421173095703,-11.675522804260254,14.538056373596191
1,488860,-35.30244064331055,-30.461740493774414,-18.97260093688965,-30.102964401245117
1,488860,32.34626007080078,-219.2928466796875,-25.386180877685547,-41.765480041503906
1,488860,2.212571382522583,28.3983211517334,33.21041488647461,66.8423080444336
1,488860,-19.08465576171875,123.70641326904297,21.21507453918457,58.375919342041016
1,488861,13.944478988647461,24.332733154296875,-32.03398895263672,-2.7726080417633057
1,488861,-0.0733596459031105,32.17486572265625,13.74095630645752,3.3097963333129883
1,488861,-7.666805744171143,44.1995735168457,11.420586585998535,-39.75065231323242
1,488861,19.730627059936523,14.697190284729004,-15.594459533691406,-43.08380889892578
1,488861,-2.8869035243988037,-56.51581573486328,10.315580368041992,-18.616836547851562
1,488861,-3.515753984451294,-61.42473220825195,-20.163400650024414,-13.346497535705566
1,488862,9.907666206359863,-42.400447845458984,-19.307064056396484,-1.1571695804595947
1,488862,0.24869748950004578,-16.142467498779297,24.618377685546875,28.907968521118164
1,488862,0.5192354321479797,34.246341705322266,-1.0261292457580566,13.280401229858398
1,488862,-21.9293270111084,32.98228073120117,-5.767872333526611,2.7140562534332275
1,488862,-10.363672256469727,14.60669231414795,30.42815399169922,23.532333374023438
1,488862,9.78396987915039,29.9678955078125,-2.984622001647949,-3.725233316421509
1,488863,2.4105262756347656,20.082164764404297,-29.59722900390625,-24.429981231689453
1,488863,-9.56700611114502,-25.426528930664062,-16.306602478027344,-28.48287582397461
1,488863,-16.6796875,-31.8297176361084,16.83847427368164,-21.61656379699707
1,488863,4.140977382659912,-32.048648834228516,13.467147827148438,-0.7288435697555542
1,488863,4.896026134490967,-16.7416934967041,-17.3018856048584,7.161380767822266
1,488863,4.960559368133545,0.15835785865783691,20.474380493164062,21.40655517578125
1,488864,8.239500999450684,2.337575912475586,11.764918327331543,29.80341339111328
1,488864,-0.6822173595428467,18.204681396484375,0.12398231774568558,11.265176773071289
1,488864,7.1051764488220215,12.315055847167969,23.091976165771484,2.3393967151641846
1,488864,-6.103343486785889,6.125019550323486,-21.577333450317383,-8.380095481872559
1,488864,-11.071557998657227,10.452317237854004,-27.286291122436523,-18.57620620727539
1,488865,4.1529765129089355,26.964406967163086,19.51231575012207,6.559764385223389
1,488865,8.696338653564453,8.486419677734375,5.163731098175049,1.5120452642440796
1,488865,7.731210231781006,-52.90018081665039,-4.772180557250977,-8.918274879455566
1,488865,-3.5657222270965576,-21.073293685913086,15.350622177124023,15.24886417388916
1,488865,6.435800552368164,24.18580436706543,-6.003127574920654,20.153539657592773
1,488865,14.11854362487793,-7.968115329742432,-15.532754898071289,-4.754684925079346
1,488866,-1.269525408744812,9.120585441589355,7.6117753982543945,8.025753021240234
1,488866,-8.869625091552734,19.740325927734375,11.907111167907715,21.24833106994629
1,488866,1.4845197200775146,7.6797566413879395,1.2876414060592651,-19.190248489379883
1,488866,3.518805980682373,1.74724280834198,4.343987941741943,-4.529154300689697
1,488866,-11.930136680603027,-7.79914665222168,0.3188844919204712,10.54916763305664
1,488866,-15.06083869934082,3.0566937923431396,-27.191389083862305,-8.19791030883789
1,488867,9.486706733703613,-13.685216903686523,-1.2012027502059937,-3.427311420440674
1,488867,29.490568161010742,-16.4488525390625,17.695602416992188,-6.903892517089844
1,488867,-18.842926025390625,-2.400041341781616,-15.401280403137207,-3.014882802963257
1,488867,-32.34385681152344,8.708874702453613,1.402097225189209,0.85347580909729
1,488867,33.20795440673828,8.782902717590332,0.7082802653312683,6.298922061920166
1,488867,5.991664886474609,-1.6875386238098145,-12.848206520080566,5.066727638244629
1,488868,-19.03158187866211,0.6164006590843201,13.358092308044434,3.624748945236206
1,488868,18.9708251953125,4.747549533843994,7.733468532562256,-1.0102508068084717
1,488868,-2.0118162631988525,22.41679573059082,-9.635086059570312,-17.902061462402344
1,488868,-18.371501922607422,-1.8367727994918823,-5.758715629577637,1.3630352020263672
1,488868,-5.151050567626953,-20.02608871459961,10.990800857543945,14.298550605773926
1,488868,9.435624122619629,-5.054394721984863,4.939834117889404,-9.20300006866455
1,488869,12.667253494262695,-6.705359935760498,-11.065260887145996,-4.8638482093811035
1,488869,-18.87962532043457,-13.158852577209473,12.891322135925293,16.50777816772461
1,488869,-3.0555405616760254,18.88482666015625,3.574321746826172,-8.481513977050781
1,488869,22.61328125,35.723304748535156,-26.22487449645996,-16.276742935180664
1,488869,-14.780157089233398,-7.736214637756348,11.453113555908203,26.191787719726562
1,488869,-7.64052677154541,-8.343090057373047,19.669023513793945,-5.757819652557373
1,488870,30.41827392578125,-5.509026527404785,-28.89653968811035,-18.795467376708984
1,488870,-4.224462032318115,-5.4918012619018555,-17.80735206604004,31.735042572021484
1,488870,-28.276874542236328,-7.289400100708008,14.839794158935547,-15.477222442626953
1,488870,9.790700912475586,-15.456762313842773,13.608473777770996,-19.19009017944336
1,488870,11.370847702026367,1.762023687362671,-2.9042165279388428,24.615121841430664
1,488870,10.835049629211426,8.90751838684082,-20.30049705505371,-12.95248031616211
1,488872,-8.905766487121582,14.48526382446289,7.780550956726074,15.108744621276855
1,488872,-24.721851348876953,-9.674254417419434,18.059310913085938,29.83922004699707
1,488872,5.372995853424072,-26.051143646240234,-3.29521107673645,-31.068382263183594
1,488872,-5.91635274887085,10.554154396057129,-8.656360626220703,-7.15552282333374
1,488872,-6.920133590698242,24.203527450561523,-3.096954107284546,12.852234840393066
1,488873,21.803691864013672,0.7784833312034607,28.971031188964844,-12.632328987121582
1,488874,13.827591896057129,16.66466522216797,24.27947425842285,3.259291172027588
1,488877,-27.630643844604492,33.34943771362305,-4.065415382385254,-3.8680152893066406
1,488878,-19.78365707397461,-16.111019134521484,-13.653594970703125,-35.34328842163086
1,488881,18.7332706451416,-25.023300170898438,-39.354957580566406,-47.49125289916992
1,488882,21.65010643005371,12.767806053161621,-25.218826293945312,-19.215404510498047
1,488883,10.888373374938965,-12.372527122497559,16.647119522094727,16.488176345825195
1,488886,-12.071680068969727,-43.465335845947266,18.40105438232422,-18.881359100341797
1,488887,2.809415340423584,-8.651573181152344,17.761964797973633,8.287967681884766
1,488890,6.4773335456848145,22.20065689086914,-8.020401954650879,85.65520477294922
1,488891,-18.664867401123047,1.6933242082595825,-30.766956329345703,53.294437408447266
1,488894,-2.126227617263794,-2.3422062397003174,2.4474751949310303,7.200107097625732
1,488895,14.536918640136719,15.969403266906738,21.821149826049805,-7.539513111114502
1,488898,-0.2805342376232147,16.49068832397461,16.906034469604492,-12.853178977966309
1,488899,-30.12795639038086,-0.27049723267555237,7.778563022613525,-2.4483373165130615
1,488902,10.029701232910156,-11.893346786499023,-2.6016151905059814,-48.409278869628906
1,488903,25.447786331176758,-6.569169044494629,-2.9114739894866943,-49.22954559326172
1,488906,-25.596487045288086,-7.039064407348633,-23.268844604492188,2.951918125152588
1,488907,-9.090055465698242,-5.751402854919434,-19.645662307739258,24.4450626373291
1,488910,9.686774253845215,-2.1243181228637695,14.307388305664062,62.13231658935547
1,488911,19.819509506225586,7.503744125366211,21.305177688598633,18.063838958740234
1,488914,15.689193725585938,-1.5631378889083862,-10.544921875,-33.027809143066406
1,488915,-4.4823174476623535,0.1771852672100067,-9.644533157348633,16.951248168945312
1,489054,-12.085020065307617,0.9197564125061035,36.84496307373047,30.11257553100586
1,489054,-15.254610061645508,-8.299927711486816,11.325569152832031,12.568272590637207
1,489054,21.859149932861328,23.179351806640625,-20.482952117919922,1.0274635553359985
1,489054,2.848924398422241,20.201522827148438,-0.5313677787780762,-10.795825958251953
1,489054,-22.24132537841797,-7.927858829498291,9.765549659729004,-4.0699005126953125
1,489055,-3.8475723266601562,-3.4455063343048096,-4.82924747467041,-18.806297302246094
1,489055,4.752254962921143,0.8491544723510742,-9.140844345092773,-39.39776611328125
1,489055,4.7620134353637695,8.363015174865723,1.272412896156311,-43.99638748168945
1,489055,-2.8619558811187744,3.3990895748138428,-8.90559196472168,-20.199533462524414
1,489055,5.2085161209106445,-25.196151733398438,-19.724842071533203,7.545831680297852
1,489056,-2.140469551086426,-12.30359935760498,10.883122444152832,4.15977144241333
1,489056,-12.59492301940918,7.94596004486084,6.931140422821045,27.925500869750977
1,489056,5.764880657196045,7.844746112823486,-12.038931846618652,40.79685974121094
1,489056,16.680150985717773,7.870765209197998,10.878625869750977,5.647225379943848
1,489056,-8.719623565673828,4.789178371429443,-5.568204879760742,-5.926750183105469
1,489056,-15.773670196533203,-9.20311450958252,-4.5469794273376465,-19.924699783325195
1,489057,17.026596069335938,-3.6871988773345947,-1.725449800491333,-33.06406784057617
1,489057,3.250025987625122,9.484737396240234,-11.905824661254883,0.1409846544265747
1,489057,-10.75900936126709,-9.037158012390137,21.59841537475586,6.936835765838623
1,489057,14.041986465454102,-8.143980979919434,-1.308991551399231,-10.902913093566895
1,489057,-4.7016921043396,-10.466920852661133,-18.961654663085938,13.387335777282715
1,489057,-4.09686803817749,-7.714693069458008,4.45791482925415,21.08734703063965
1,489058,-11.2067289352417,5.9336371421813965,-2.2978434562683105,14.704035758972168
1,489058,-17.972394943237305,15.746969223022461,10.437322616577148,-9.221114158630371
1,489058,14.829512596130371,15.480878829956055,8.410524368286133,-18.891462326049805
1,489058,20.769622802734375,-1.815428614616394,-4.962702751159668,9.975142478942871
1,489058,7.607029438018799,-12.925371170043945,2.0030202865600586,-12.685970306396484
1,489059,-7.938021659851074,-9.007347106933594,3.1239829063415527,-19.3995304107666
1,489059,-8.893996238708496,-0.6033742427825928,-4.107695579528809,-2.664803981781006
1,489059,-16.651803970336914,-4.5913262367248535,-9.482542037963867,5.382524490356445
1,489059,12.614169120788574,-3.2540268898010254,0.6518004536628723,4.676976680755615
1,489059,22.18818473815918,3.5149219036102295,16.84454345703125,2.871457099914551
1,489059,-25.018447875976562,-1.5401732921600342,7.261902332305908,16.692279815673828
1,489060,-9.16104793548584,-1.4843991994857788,-2.505850315093994,10.659486770629883
1,489060,24.994585037231445,26.930814743041992,4.171669960021973,-1.6027311086654663
1,489060,11.448674201965332,6.118001937866211,-4.6212310791015625,3.272695541381836
1,489060,-9.530505180358887,-9.06646728515625,-9.372570991516113,1.492467999458313
1,489060,-20.82145118713379,7.363339424133301,-3.932469367980957,-19.249601364135742
1,489060,-2.081721544265747,-18.082441329956055,7.789674282073975,1.0951169729232788
1,489061,28.982288360595703,-11.004201889038086,-9.409521102905273,5.904807090759277
1,489061,-9.130393028259277,0.8585566282272339,-20.436290740966797,-15.747218132019043
1,489061,-24.085155487060547,5.039316654205322,16.653287887573242,6.4450297355651855
1,489061,30.28976058959961,15.339832305908203,5.250031471252441,20.94776725769043
1,489061,-0.35906729102134705,-16.128320693969727,-5.894860744476318,0.789395809173584
1,489061,-46.72349166870117,-22.363872528076172,13.27049446105957,-8.809391975402832
1,489062,15.228992462158203,15.140507698059082,-9.063494682312012,7.415026664733887
1,489062,29.17435646057129,28.43146324157715,4.934200286865234,3.1919219493865967
1,489062,-6.865140914916992,1.03778076171875,21.569501876831055,-16.60898208618164
1,489062,3.670971155166626,-20.673770904541016,-26.661664962768555,-10.770855903625488
1,489062,-14.17081356048584,-14.086539268493652,-12.138879776000977,1.56203293800354
1,489062,0.7046061158180237,20.15164566040039,26.127870559692383,6.729585647583008
1,489063,15.662906646728516,1.388786792755127,-14.367195129394531,2.7106387615203857
1,489063,-15.251112937927246,-13.253769874572754,0.3101557195186615,-6.623730659484863
1,489063,10.5449857711792,28.287334442138672,27.526378631591797,13.076226234436035
1,489063,15.498372077941895,-9.116935729980469,-22.706363677978516,9.635695457458496
1,489063,-9.857075691223145,-38.92744827270508,-17.532201766967773,-20.525135040283203
1,489063,-10.462935447692871,17.775379180908203,20.02351188659668,-8.91816520690918
1,489064,0.388797402381897,47.94091033935547,11.957854270935059,13.169520378112793
1,489064,-3.868887424468994,-25.04420280456543,-2.782836675643921,-10.498579025268555
1,489064,-7.441553115844727,-48.221961975097656,-12.567217826843262,-9.654952049255371
1,489064,7.484969139099121,15.060831069946289,1.3227295875549316,28.38540267944336
1,489064,1.6273518800735474,34.5830192565918,13.668169021606445,0.23924614489078522
1,489064,6.068062782287598,3.055959939956665,-9.907690048217773,-20.365127563476562
1,489065,-5.017760276794434,-32.33778381347656,-3.6201212406158447,22.659011840820312
1,489065,-10.411243438720703,9.994795799255371,9.380677223205566,7.5496826171875
1,489065,3.830080986022949,4.235575199127197,-17.911178588867188,-16.757009506225586
1,489065,-22.16197395324707,-28.678701400756836,-12.500181198120117,19.511280059814453
1,489065,8.448328971862793,22.84324073791504,28.533998489379883,3.848050355911255
1,489065,40.71314239501953,10.809221267700195,-3.066681385040283,-21.297378540039062
1,489067,-9.102522850036621,-14.226826667785645,-20.555238723754883,38.532344818115234
1,489067,-14.703412055969238,14.269326210021973,37.566749572753906,31.834917068481445
1,489067,11.391064643859863,3.642381191253662,1.8079990148544312,-33.61279296875
1,489067,2.2639408111572266,-4.550402641296387,-19.303041458129883,-1.7356276512145996
1,489067,2.13208270072937,14.293879508972168,11.506490707397461,-1.990179181098938
1,489068,5.161129951477051,-19.143220901489258,-2.6279282569885254,-4.694767475128174
1,489069,-12.145289421081543,-33.490936279296875,-14.565062522888184,36.20676040649414
1,489070,-6.397557735443115,23.712583541870117,-2.1186773777008057,16.592365264892578
1,489071,25.47455596923828,63.34841537475586,34.0762939453125,1.7349635362625122
1,489074,21.540205001831055,1.1353803873062134,-5.4462785720825195,17.29711151123047
1,489075,-32.75200653076172,-27.4385986328125,-37.30803298950195,-10.95553207397461
1,489078,-25.014034271240234,24.68946647644043,11.051968574523926,-64.4609146118164
1,489079,16.621156692504883,-20.215269088745117,7.330356597900391,-49.19055938720703
1,489082,-2.6280150413513184,-25.106239318847656,-9.953017234802246,-37.13767623901367
1,489084,-25.427888870239258,4.856332302093506,-9.723426818847656,-27.15949249267578
1,489086,10.949860572814941,-20.122516632080078,-27.126190185546875,17.408092498779297
1,489088,31.90199089050293,-13.230067253112793,42.9852409362793,25.093048095703125
1,489090,-13.12525463104248,0.46083956956863403,74.92708587646484,59.16020202636719
1,489092,-12.883954048156738,11.193126678466797,-23.44709014892578,43.33472442626953
1,489094,-3.3138599395751953,8.690183639526367,-56.3063850402832,-3.932882308959961
1,489096,-0.7950682044029236,27.452449798583984,-11.685734748840332,7.352082252502441
1,489098,19.24380111694336,12.811441421508789,5.8980231285095215,-38.89057922363281
1,489100,-6.371136665344238,-42.88263702392578,-4.092933654785156,-39.69651794433594
1,489102,-6.448479175567627,-4.665711879730225,0.10622353851795197,-6.6628031730651855
1,489104,2.8040664196014404,35.222190856933594,-0.11212188005447388,-25.50937843322754
1,489106,-1.509838342666626,-17.043546676635742,1.1890501976013184,-5.621456146240234
1,489108,11.5820951461792,-36.13630676269531,-7.987165927886963,41.56264877319336
1,489110,-9.139726638793945,15.517159461975098,5.027187347412109,60.55772018432617
1,489112,8.074189186096191,27.735891342163086,41.90631866455078,-7.389591693878174
1,489261,2.048405647277832,1.4427402019500732,-18.511104583740234,-96.74524688720703
1,489261,-39.4039421081543,7.163228988647461,-47.21651840209961,-32.83564758300781
1,489261,-2.2381861209869385,-19.175540924072266,39.940242767333984,88.08832550048828
1,489261,26.84938621520996,-16.164363861083984,48.56846618652344,60.145633697509766
1,489261,18.162723541259766,15.552030563354492,-37.38237762451172,3.0221540927886963
1,489262,-3.613903284072876,-0.3703847825527191,-19.39870262145996,3.6348044872283936
1,489262,-5.842006683349609,31.775550842285156,32.337989807128906,-7.815121650695801
1,489262,-0.05219636857509613,24.470930099487305,-13.418854713439941,-26.84130859375
1,489262,9.07183837890625,-35.55838394165039,-29.003822326660156,-36.695960998535156
1,489262,11.326171875,-33.513057708740234,-6.074138641357422,-13.161958694458008
1,489262,-14.51165771484375,8.845407485961914,12.560321807861328,9.39132308959961
1,489263,-1.1111857891082764,4.0242695808410645,16.507619857788086,-3.370968818664551
1,489263,13.756705284118652,-16.72809600830078,-10.906367301940918,-4.082705974578857
1,489263,3.433880567550659,16.268444061279297,1.0083167552947998,19.442007064819336
1,489263,-11.2905855178833,-6.740462779998779,12.28636646270752,12.728133201599121
1,489263,-20.025970458984375,-29.171119689941406,-12.658100128173828,-3.8766117095947266
1,489263,-2.633448600769043,35.78716278076172,8.722411155700684,1.0459619760513306
1,489264,7.55161190032959,17.613374710083008,6.365952491760254,-27.79142951965332
1,489264,-10.439083099365234,-45.852989196777344,-29.576583862304688,-53.94165802001953
1,489264,-16.684375762939453,-13.127955436706543,-13.784416198730469,-1.7656102180480957
1,489264,13.606693267822266,21.73011016845703,13.535798072814941,35.509185791015625
1,489264,5.295016765594482,1.6018576622009277,19.712121963500977,-0.9795042872428894
1,489265,-16.787628173828125,-14.182028770446777,0.11292403936386108,8.323091506958008
1,489265,21.381580352783203,12.673455238342285,6.9803571701049805,45.94142532348633
1,489265,20.042465209960938,9.90002155303955,15.767084121704102,26.822141647338867
1,489265,-8.441814422607422,-1.9714958667755127,-11.812244415283203,-11.061450004577637
1,489265,-2.9657974243164062,26.981163024902344,-2.7146694660186768,-15.7493257522583
1,489265,-0.3129197061061859,0.8800258040428162,-2.348633289337158,-7.43310022354126
1,489266,0.07058684527873993,-20.7619686126709,-14.497254371643066,-5.380784034729004
1,489266,-7.541618824005127,1.608457326889038,0.5279637575149536,9.853575706481934
1,489266,1.1469475030899048,10.676156997680664,7.445472240447998,4.573807716369629
1,489266,14.418438911437988,1.8632413148880005,11.944784164428711,-1.8470085859298706
1,489266,-0.46669650077819824,-10.67458724975586,6.219945430755615,23.171213150024414
1,489266,-3.0825250148773193,6.988194465637207,-21.986467361450195,7.866501808166504
1,489267,0.39850088953971863,-8.424074172973633,-23.22657585144043,-20.630664825439453
1,489267,-6.207257270812988,-15.513717651367188,20.320613861083984,17.32992172241211
1,489267,-7.741892337799072,20.0136775970459,18.545026779174805,7.322022914886475
1,489267,-7.347914218902588,3.4523892402648926,-15.170211791992188,-33.255523681640625
1,489267,5.947260856628418,-12.344522476196289,4.328856468200684,3.806807041168213
1,489267,9.147192001342773,6.341716289520264,9.447978973388672,2.679777145385742
1,489268,-7.217265605926514,-1.448652744293213,-6.007819652557373,-15.66336441040039
1,489268,-4.015988349914551,-4.851109981536865,1.066035509109497,16.609716415405273
1,489268,8.651505470275879,3.120940685272217,-6.708752632141113,-3.9634029865264893
1,489268,1.572090744972229,1.3681974411010742,11.101008415222168,-15.3231201171875
1,489268,11.869816780090332,10.010690689086914,15.955771446228027,0.2859758734703064
1,489268,4.627412796020508,3.28157114982605,-18.10370445251465,-2.0428578853607178
1,489269,-32.894588470458984,-3.7874274253845215,-6.886466026306152,11.666698455810547
1,489269,1.2769138813018799,0.4072036147117615,11.851849555969238,2.355989933013916
1,489269,41.430931091308594,6.351715564727783,-4.6965227127075195,8.041465759277344
1,489269,-3.832482099533081,-4.836047172546387,-22.050289154052734,-7.531020164489746
1,489269,-29.4854793548584,-18.891712188720703,-13.262749671936035,-26.57237434387207
1,489269,7.13593864440918,1.329687237739563,18.06668472290039,24.22201156616211
1,489270,3.4571990966796875,12.892353057861328,13.887382507324219,12.616387367248535
1,489270,-17.684385299682617,-1.7509145736694336,-15.147635459899902,-30.645061492919922
1,489270,0.24443551898002625,-11.339746475219727,-18.42810821533203,-2.6445071697235107
1,489270,9.163505554199219,2.0895907878875732,16.719518661499023,24.327526092529297
1,489270,4.188331127166748,11.712042808532715,24.04594612121582,5.246147632598877
1,489270,2.0610246658325195,-9.36150074005127,-9.430975914001465,-6.620950222015381
1,489271,-7.505282402038574,-6.362649440765381,6.0512166023254395,9.43366527557373
1,489271,7.267758369445801,21.83382797241211,2.6228039264678955,-3.1302242279052734
1,489271,10.157580375671387,9.112348556518555,-9.407120704650879,-17.422496795654297
1,489271,-12.123671531677246,-1.7312586307525635,-1.168083906173706,13.581196784973145
1,489271,-8.936205863952637,-7.704756736755371,0.754048764705658,31.158180236816406
1,489271,10.57154369354248,-17.35515022277832,20.19940757751465,5.511440277099609
1,489272,27.783061981201172,8.683098793029785,4.088913917541504,-17.358707427978516
1,489272,-7.050631523132324,26.215845108032227,-16.00702476501465,-3.957636594772339
1,489272,-31.98815155029297,7.534090995788574,0.7243552207946777,9.374434471130371
1,489272,-2.4705820083618164,-12.504146575927734,9.348880767822266,-14.97700309753418
1,489272,17.070693969726562,-33.53778076171875,3.872499465942383,-10.168258666992188
1,489272,12.453068733215332,-6.889232635498047,-10.539196014404297,1.884128212928772
1,489273,-11.807477951049805,19.879405975341797,-1.6478221416473389,-10.931024551391602
1,489273,-16.067651748657227,-6.166647434234619,5.940921306610107,9.514090538024902
1,489273,9.310933113098145,7.890264987945557,-9.864628791809082,12.891456604003906
1,489273,7.272331237792969,-19.576499938964844,-8.580293655395508,-6.4857354164123535
1,489275,-8.947038650512695,4.971080780029297,-18.46323013305664,-17.456453323364258
1,489275,3.291445732116699,39.813392639160156,-2.7019901275634766,6.576199054718018
1,489275,4.689051151275635,-25.6621036529541,28.08000946044922,40.772647857666016
1,489275,-11.261816024780273,10.095916748046875,-3.20890474319458,-21.811376571655273
1,489275,-3.3777880668640137,8.02720832824707,-25.694547653198242,-68.44860076904297
1,489275,16.439939498901367,-38.985652923583984,1.4705719947814941,1.909624695777893
1,489276,-2.1102354526519775,9.404300689697266,13.380915641784668,25.983768463134766
1,489277,-24.906585693359375,41.730167388916016,3.6632745265960693,-11.962799072265625
1,489278,23.158010482788086,14.728883743286133,14.155255317687988,-38.16094207763672
1,489280,13.723973274230957,-32.70571517944336,12.5173978805542,-34.377601623535156
1,489282,-40.3581428527832,-30.955875396728516,-20.886842727661133,-26.162948608398438
1,489284,9.472084045410156,-11.661954879760742,-17.40191078186035,-41.20732498168945
1,489286,17.386497497558594,-18.5942325592041,-21.68918800354004,57.5379638671875
1,489288,-4.8273701667785645,-17.7288875579834,-18.220787048339844,110.16162872314453
1,489290,31.062870025634766,32.26372528076172,69.80040740966797,30.405197143554688
1,489292,-16.35457992553711,35.52259826660156,34.50784683227539,3.322676181793213
1,489294,-21.119403839111328,-13.590107917785645,-40.31909942626953,36.911468505859375
1,489296,25.916688919067383,15.741856575012207,-2.653209924697876,22.534732818603516
1,489298,-16.37174415588379,32.67250061035156,-1.8344368934631348,-53.77698516845703
1,489300,-0.5521878004074097,5.218414783477783,5.4234089851379395,-41.71875762939453
1,489302,-12.544584274291992,-37.5801887512207,-10.72950267791748,-42.220706939697266
1,489304,-25.170652389526367,-33.17741394042969,-6.6828813552856445,-26.69586753845215
1,489306,32.11900329589844,5.587184906005859,5.743683815002441,55.91176986694336
1,489308,5.156722068786621,-0.9869522452354431,-35.365352630615234,4.444042682647705
1,489310,-6.690658092498779,18.17369270324707,37.165714263916016,37.21015930175781
1,489312,16.40003776550293,32.80678176879883,64.59249877929688,69.95639038085938
1,489314,5.410007953643799,-8.722978591918945,-18.90462875366211,-64.82331085205078
1,489316,3.220980167388916,-26.59990692138672,-37.69720458984375,-37.16274642944336
1,489318,-12.214211463928223,3.6699483394622803,-34.98663330078125,9.99942684173584
1,489320,-27.32778549194336,-21.575551986694336,-27.088748931884766,-20.062273025512695
1,489478,2.0674808025360107,1.6726773977279663,15.621591567993164,45.771278381347656
1,489478,29.044370651245117,67.11369323730469,27.744874954223633,56.80882263183594
1,489478,2.7634735107421875,-1.600022554397583,-6.760765552520752,-45.61418533325195
1,489479,-16.289405822753906,-40.32538986206055,-10.8258056640625,-66.55290222167969
1,489479,-10.390726089477539,-7.442557334899902,9.523553848266602,-16.86597442626953
1,489479,-11.139241218566895,3.9038422107696533,8.404440879821777,2.2685487270355225
1,489479,10.280817985534668,-0.4879995286464691,-0.7671958804130554,-1.0548242330551147
1,489479,15.921422958374023,-7.722624778747559,0.37404653429985046,26.672697067260742
1,489479,-1.3038216829299927,7.44111442565918,7.612750053405762,47.8682861328125
1,489480,1.6628503799438477,-9.131555557250977,14.830511093139648,11.27992057800293
1,489480,-5.72498083114624,-1.972662329673767,22.950847625732422,-6.280721664428711
1,489480,6.348930358886719,41.211063385009766,-4.316833019256592,-7.386962413787842
1,489480,31.43532943725586,4.112482070922852,-9.19250202178955,-19.394023895263672
1,489480,-13.927409172058105,-25.602739334106445,11.227835655212402,-51.89771270751953
1,489480,-28.292253494262695,14.619000434875488,-11.577437400817871,-48.98460388183594
1,489481,11.73498249053955,4.2605299949646,-18.993484497070312,4.562008380889893
1,489481,10.604960441589355,-41.57659149169922,-7.329463005065918,8.781097412109375
1,489481,-6.693449020385742,-21.651052474975586,-2.745856523513794,-5.206827163696289
1,489481,-9.995741844177246,14.05746078491211,12.696696281433105,18.30569076538086
1,489481,-0.3411734998226166,26.05836296081543,8.4237642288208,30.472187042236328
1,489481,-0.999980628490448,-4.7534565925598145,-9.175498008728027,13.908870697021484
1,489482,4.033526420593262,-13.118755340576172,19.7081298828125,5.743894577026367
1,489482,8.029168128967285,30.59709930419922,11.67530345916748,11.640853881835938
1,489482,-12.860527992248535,-0.07371152937412262,-28.946895599365234,-16.748685836791992
1,489482,-10.397369384765625,-23.818918228149414,-19.856569290161133,-9.807528495788574
1,489482,-3.6982932090759277,6.407062530517578,1.1168502569198608,10.769034385681152
1,489482,4.122121334075928,-1.7679160833358765,16.311634063720703,-6.041316986083984
1,489483,20.507766723632812,-15.535482406616211,-1.0019030570983887,2.1074323654174805
1,489483,-10.40949821472168,-2.570441961288452,-15.101090431213379,3.9563705921173096
1,489483,-9.657336235046387,-3.249199151992798,14.406047821044922,8.556647300720215
1,489483,30.21741485595703,11.617119789123535,14.255069732666016,-0.18318766355514526
1,489483,-6.092893600463867,21.68610191345215,-11.604525566101074,4.609450340270996
1,489483,-32.651512145996094,10.456283569335938,1.9356359243392944,15.560111999511719
1,489484,16.99730682373047,-1.9254624843597412,11.629632949829102,-9.275938987731934
1,489484,19.513853073120117,-12.291403770446777,-9.411633491516113,-7.392569065093994
1,489484,-13.68153190612793,0.6108479499816895,-11.082052230834961,-21.011552810668945
1,489484,-0.7524866461753845,-9.540414810180664,-11.301819801330566,-5.3957414627075195
1,489484,-0.6462382078170776,-11.790163040161133,-4.967609882354736,29.2552433013916
1,489484,-6.99617338180542,6.2102885246276855,21.844228744506836,15.696722984313965
1,489485,8.737892150878906,-11.648457527160645,18.313396453857422,9.534318923950195
1,489485,1.2427202463150024,-9.914809226989746,-10.160806655883789,-9.690271377563477
1,489485,5.252358436584473,25.380361557006836,-7.591343402862549,-9.428278923034668
1,489485,7.736011505126953,6.57265043258667,0.2494545876979828,12.905336380004883
1,489485,-23.520051956176758,-25.426189422607422,8.115498542785645,4.3034539222717285
1,489486,-2.8029913902282715,5.464735507965088,19.823806762695312,-12.004032135009766
1,489486,19.680627822875977,20.296913146972656,-7.900926113128662,-5.190918445587158
1,489486,-13.88092041015625,-12.1016845703125,-21.093589782714844,9.361794471740723
1,489486,9.699629783630371,7.98753023147583,4.6868205070495605,-9.163870811462402
1,489486,33.40538024902344,4.738276481628418,16.17374610900879,-5.445596218109131
1,489486,-14.417162895202637,-24.895763397216797,-10.565958023071289,23.662433624267578
1,489487,-22.835817337036133,29.152650833129883,-7.575011253356934,19.771831512451172
1,489487,3.0305910110473633,19.58660316467285,-8.715429306030273,-6.126399040222168
1,489487,12.641736030578613,-24.781532287597656,-14.618939399719238,-25.050899505615234
1,489487,-10.896565437316895,-5.560883522033691,13.569190979003906,3.844851016998291
1,489487,-10.013893127441406,5.456788063049316,19.352025985717773,18.27191734313965
1,489487,24.619384765625,10.741264343261719,-0.12179305404424667,-17.633819580078125
1,489488,-1.7702616453170776,-6.283520221710205,-17.667064666748047,-13.936995506286621
1,489488,-18.842424392700195,-2.03145432472229,14.220544815063477,2.3811566829681396
1,489488,-1.4713819026947021,13.237260818481445,17.22771644592285,-5.371386528015137
1,489488,-7.355533599853516,-29.931713104248047,-39.01476287841797,-0.9992859959602356
1,489488,6.892524719238281,-4.689238548278809,-13.091184616088867,4.630056381225586
1,489488,2.8329033851623535,38.38356399536133,38.417747497558594,0.20313866436481476
1,489489,-17.547271728515625,-12.726839065551758,-15.74859619140625,-25.62075424194336
1,489489,0.7986794114112854,-28.973772048950195,-37.983612060546875,5.380317211151123
1,489489,11.712803840637207,-1.7703261375427246,11.305886268615723,45.481754302978516
1,489489,3.3976054191589355,1.8476723432540894,3.791818141937256,-12.718451499938965
1,489489,-11.518209457397461,10.820666313171387,-8.283841133117676,-24.72133445739746
1,489489,5.1030731201171875,18.031633377075195,14.599125862121582,25.670045852661133
1,489490,20.51171875,-12.07117748260498,10.842934608459473,8.654611587524414
1,489490,-6.389847755432129,0.10295464098453522,5.2409749031066895,-21.150920867919922
1,489490,-9.525946617126465,19.246049880981445,13.892073631286621,-0.9528363943099976
1,489490,13.352005958557129,7.756796360015869,13.534197807312012,10.969893455505371
1,489490,14.709718704223633,4.613095760345459,-5.347429275512695,1.9239752292633057
1,489490,-10.440852165222168,-22.495052337646484,-13.337267875671387,-0.5807241797447205
1,489491,-12.854177474975586,3.4274911880493164,17.073640823364258,4.7269392013549805
1,489491,14.516246795654297,26.364213943481445,11.458061218261719,-7.195881366729736
1,489491,-2.5326626300811768,-19.718475341796875,-19.68111801147461,-30.692493438720703
1,489491,-25.982563018798828,-8.809805870056152,2.06996750831604,-3.317842721939087
1,489491,-1.6103675365447998,29.226119995117188,14.809972763061523,35.388916015625
1,489493,16.743053436279297,-21.5783748626709,-12.17687702178955,22.129241943359375
1,489493,-11.892707824707031,-27.615291595458984,-1.8993308544158936,-0.2989986538887024
1,489493,2.300445556640625,22.95332908630371,-0.8702635169029236,-19.045150756835938
1,489493,22.247535705566406,-7.613048553466797,-26.924774169921875,-2.319990634918213
1,489493,-27.84482765197754,-19.878711700439453,-4.695603847503662,7.27568244934082
1,489493,-1.7067196369171143,2.4755096435546875,2.0151195526123047,-4.437593460083008
1,489494,21.585390090942383,7.229377746582031,8.019651412963867,15.035999298095703
1,489495,-7.024709224700928,24.31697654724121,8.136929512023926,-1.2576124668121338
1,489496,11.600335121154785,28.687105178833008,-26.850332260131836,-38.74561309814453
1,489497,0.31909340620040894,-0.499196320772171,-23.018592834472656,-58.43769073486328
1,489500,-36.190067291259766,-61.392024993896484,-2.922744035720825,-39.39053726196289
1,489501,-5.23880672454834,-30.596019744873047,-17.086721420288086,20.454692840576172
1,489504,25.351850509643555,38.67813491821289,20.556459426879883,-9.725957870483398
1,489505,5.850579738616943,0.46078118681907654,56.91328430175781,-9.11258602142334
1,489508,11.058752059936523,-22.82244110107422,-11.11883544921875,72.13279724121094
1,489509,12.073687553405762,15.525318145751953,12.58527660369873,17.045188903808594
1,489512,-13.064255714416504,21.53421401977539,42.129981994628906,36.64347457885742
1,489514,-15.893636703491211,-8.1668119430542,-28.132781982421875,72.81356811523438
1,489516,0.9065037965774536,21.714744567871094,-17.413330078125,-33.35682678222656
1,489518,9.447954177856445,24.692365646362305,13.633150100708008,-41.3284912109375
1,489520,11.449859619140625,-30.87293243408203,-23.728479385375977,-7.758036136627197
1,489522,1.366185188293457,-10.838347434997559,-17.259721755981445,-35.6879997253418
1,489524,-11.818480491638184,5.3055315017700195,12.562877655029297,-59.56694030761719
1,489526,-24.57740592956543,-22.959875106811523,18.219921112060547,-18.89130401611328
1,489528,0.14336322247982025,-22.392807006835938,-15.607687950134277,69.9886245727539
1,489530,30.981075286865234,11.824854850769043,-32.850215911865234,89.32927703857422
1,489532,-7.758854389190674,31.99677085876465,32.07741928100586,16.285791397094727
1,489534,2.6111555099487305,3.3568220138549805,33.03350830078125,9.451713562011719
1,489536,-1.0547263622283936,6.698253154754639,-6.64715051651001,-28.964683532714844
1,489538,-30.254764556884766,5.371527194976807,-34.38002014160156,-80.30713653564453
1,489540,6.0297088623046875,-20.573169708251953,-15.8848237991333,9.298839569091797
1,489542,8.014307022094727,-15.532103538513184,24.80072593688965,9.80728816986084
1,489709,18.53954315185547,-9.768988609313965,9.229741096496582,11.674148559570312
1,489709,19.086353302001953,22.84773826599121,17.986982345581055,57.72364044189453
1,489709,-24.58207893371582,30.587833404541016,-5.761931896209717,-33.16262435913086
1,489709,-18.938072204589844,-16.915128707885742,-46.61854934692383,-80.98658752441406
1,489710,6.314883708953857,-29.67612648010254,-14.179152488708496,-14.659639358520508
1,489710,2.4573943614959717,-18.17567253112793,27.141624450683594,21.59423065185547
1,489710,12.234277725219727,-1.864250898361206,26.7470703125,17.77057456970215
1,489710,4.893471717834473,10.002437591552734,8.28551959991455,41.93828582763672
1,489710,-12.279009819030762,16.68300437927246,3.8027172088623047,31.168376922607422
1,489711,18.823781967163086,15.392629623413086,-15.433006286621094,2.601822853088379
1,489711,-9.685807228088379,20.99812889099121,-3.012454032897949,13.530813217163086
1,489711,-34.51353454589844,17.204633712768555,30.776641845703125,-9.079757690429688
1,489711,29.65096664428711,-27.543365478515625,-7.834214210510254,-36.13172912597656
1,489711,18.22331428527832,0.10962031036615372,-27.614036560058594,-25.1207218170166
1,489711,-28.650999069213867,2.04622483253479,3.729416608810425,-12.486330032348633
1,489712,-0.9436402320861816,-33.36481857299805,-4.264437198638916,-6.524714946746826
1,489712,11.907743453979492,7.341421127319336,0.33531293272972107,7.258479595184326
1,489712,-1.1196327209472656,17.676176071166992,3.946634531021118,14.258732795715332
1,489712,5.651037216186523,-11.358213424682617,3.527071237564087,19.296850204467773
1,489712,1.5860967636108398,-5.422436714172363,16.363874435424805,33.442256927490234
1,489712,-9.296350479125977,14.889641761779785,-9.977131843566895,9.83350658416748
1,489713,1.4502421617507935,19.762451171875,-6.123416900634766,-26.391050338745117
1,489713,3.187397003173828,3.8227031230926514,5.620953559875488,-31.243070602416992
1,489713,-12.520427703857422,-11.434691429138184,-19.352331161499023,-15.401511192321777
1,489713,-8.874879837036133,-14.702554702758789,-13.025751113891602,-7.874528884887695
1,489713,10.107558250427246,-13.028541564941406,6.019743919372559,-12.766955375671387
1,489713,8.100193977355957,15.427459716796875,19.739700317382812,11.013679504394531
1,489714,-5.384802341461182,6.952929973602295,20.0207576751709,30.012413024902344
1,489714,1.0688239336013794,-16.121450424194336,-23.824535369873047,-4.151535511016846
1,489714,7.5587639808654785,4.286954402923584,-22.948719024658203,-9.995546340942383
1,489714,-7.911328315734863,12.722264289855957,29.26927947998047,33.48306655883789
1,489714,-0.47518086433410645,-6.370011329650879,8.283106803894043,10.434281349182129
1,489715,14.891186714172363,-1.0407782793045044,-30.52676773071289,-33.08526611328125
1,489715,-19.959428787231445,3.157745361328125,-3.7954604625701904,-30.545330047607422
1,489715,-6.671590805053711,-17.222469329833984,5.428363800048828,3.2856690883636475
1,489715,16.43593978881836,7.504302024841309,-5.785134315490723,35.074440002441406
1,489715,-7.165096759796143,20.883235931396484,-9.369390487670898,-7.375432014465332
1,489715,3.0718140602111816,-17.24410057067871,4.705221176147461,-22.716306686401367
1,489715,12.271438598632812,-8.418905258178711,17.04659080505371,40.594356536865234
1,489716,9.722183227539062,9.029227256774902,-10.034711837768555,8.453678131103516
1,489716,-11.71212100982666,-13.942849159240723,-3.6469004154205322,-41.44021224975586
1,489716,-16.567367553710938,1.8757057189941406,7.722780704498291,4.506503582000732
1,489716,6.404406547546387,12.851900100708008,-13.95177936553955,-3.520524024963379
1,489716,-1.1986922025680542,-3.220593214035034,15.6190185546875,-28.229917526245117
1,489717,-11.373234748840332,0.7681674361228943,20.61662483215332,-20.87328338623047
1,489717,5.791224002838135,-12.375236511230469,-28.944562911987305,-14.12642765045166
1,489717,18.404342651367188,-4.584194183349609,1.4607166051864624,28.75176239013672
1,489717,-6.058854579925537,19.206829071044922,35.99454879760742,27.66225242614746
1,489717,-5.903109550476074,-0.5738828778266907,-5.285038471221924,-18.662796020507812
1,489717,6.461047649383545,2.4808566570281982,-6.628734588623047,-5.909765243530273
1,489718,0.7932717800140381,15.443011283874512,15.404826164245605,1.455894947052002
1,489718,7.953232288360596,-9.738780975341797,-8.582322120666504,-0.8612900972366333
1,489718,-0.24635444581508636,-15.98161506652832,-2.1640515327453613,27.547147750854492
1,489718,-2.819662570953369,18.31131935119629,9.725043296813965,-0.08150128275156021
1,489718,0.3503846526145935,12.455519676208496,-11.877697944641113,-6.724216461181641
1,489718,-6.223544597625732,-30.33676528930664,-6.975418567657471,32.309452056884766
1,489719,-5.125485897064209,-11.045328140258789,-1.8564039468765259,11.052277565002441
1,489719,-7.037856578826904,6.4894843101501465,-2.9307239055633545,-9.655380249023438
1,489719,-2.6461429595947266,-8.80892562866211,1.665801763534546,-2.8818328380584717
1,489719,5.742061614990234,5.274242401123047,-3.0960745811462402,6.789346694946289
1,489719,-4.787085056304932,18.607810974121094,3.005181074142456,15.66028118133545
1,489719,-1.839056134223938,-2.9884958267211914,-2.4882264137268066,3.0187909603118896
1,489720,10.329778671264648,-17.258562088012695,-17.48438835144043,-6.712882995605469
1,489720,-8.947980880737305,-0.24015264213085175,-3.8732573986053467,-16.849271774291992
1,489720,2.4086318016052246,1.102298378944397,6.420592784881592,-12.39673137664795
1,489720,20.529993057250977,-1.037777304649353,-12.246829986572266,0.8357810974121094
1,489720,-9.718509674072266,-1.4931997060775757,-8.110947608947754,-6.470398902893066
1,489720,-10.900674819946289,-15.630376815795898,15.24814510345459,-14.076696395874023
1,489721,7.874893665313721,12.458476066589355,-8.596577644348145,-14.097370147705078
1,489721,4.333502292633057,19.544055938720703,-10.83916187286377,5.450607776641846
1,489721,-21.01946449279785,-16.955249786376953,22.713071823120117,3.966883420944214
1,489721,-3.873926877975464,-13.70792293548584,5.476295471191406,-7.624156951904297
1,489721,19.196887969970703,-2.9944024085998535,1.8262611627578735,6.111569881439209
1,489721,-5.5251240730285645,24.36219024658203,18.297060012817383,8.29019832611084
1,489722,1.211477279663086,21.477283477783203,13.912469863891602,2.3745737075805664
1,489722,13.537144660949707,-14.640615463256836,11.5377779006958,-0.6982463002204895
1,489722,12.192323684692383,-6.276125431060791,-9.662653923034668,0.5023109912872314
1,489722,-13.501420974731445,-5.0706071853637695,-10.296687126159668,14.023612976074219
1,489722,-22.44857406616211,-3.4651050567626953,18.039474487304688,18.008920669555664
1,489722,19.551166534423828,29.612533569335938,-11.992480278015137,-9.522590637207031
1,489723,16.174339294433594,9.009712219238281,-25.03603172302246,-15.43058967590332
1,489723,-5.444591045379639,-24.491439819335938,7.120359420776367,18.94537925720215
1,489723,-1.4793555736541748,6.121353626251221,-6.892219066619873,4.9552001953125
1,489724,-27.049360275268555,0.7811757922172546,-6.633992671966553,-26.584827423095703
1,489724,-17.2230281829834,-16.278528213500977,22.2564697265625,14.33786678314209
1,489725,38.20212936401367,2.3544116020202637,19.19065284729004,15.510397911071777
1,489725,31.315082550048828,2.27640438079834,-13.820428848266602,-19.68436050415039
1,489725,-13.552901268005371,-0.8001164793968201,-14.803424835205078,9.792232513427734
1,489725,-32.360225677490234,4.959616184234619,17.240093231201172,4.868232727050781
1,489725,-9.175633430480957,-3.0321362018585205,9.667197227478027,-16.065584182739258
1,489725,14.297428131103516,-0.9454120397567749,-16.826984405517578,13.013386726379395
1,489727,0.869662880897522,5.19912052154541,-0.6095381379127502,0.3613725006580353
1,489728,19.798383712768555,-2.8599839210510254,20.706512451171875,-4.090486526489258
1,489729,18.545305252075195,5.683248519897461,-12.557822227478027,33.536094665527344
1,489732,-12.229525566101074,21.469472885131836,-0.8136179447174072,42.723533630371094
1,489733,-5.708675384521484,14.853861808776855,33.799049377441406,37.58123779296875
1,489736,-18.743505477905273,8.018128395080566,-42.78432846069336,-46.76644515991211
1,489737,-9.59308910369873,20.076871871948242,-46.46659469604492,-87.84329986572266
1,489740,13.322107315063477,-15.607277870178223,29.695566177368164,-36.23802185058594
1,489741,-14.794148445129395,-56.58536148071289,-6.557741165161133,-17.42287254333496
1,489744,-11.130574226379395,-43.526248931884766,-36.51271057128906,-7.3837432861328125
1,489746,30.787883758544922,0.04029521718621254,15.379761695861816,5.9737935066223145
1,489748,7.547365188598633,27.908872604370117,37.50263214111328,77.70207214355469
1,489750,-19.260513305664062,-2.477414131164551,15.125699043273926,51.03762435913086
1,489752,2.133704662322998,14.013673782348633,12.6165771484375,-22.660808563232422
1,489754,-0.8526944518089294,22.745410919189453,-7.744084358215332,16.532350540161133
1,489756,-13.010974884033203,12.820157051086426,-49.01688766479492,-25.285316467285156
1,489758,10.587647438049316,18.801773071289062,-13.951655387878418,-59.344512939453125
1,489760,14.503533363342285,-48.96849060058594,38.48514175415039,-21.216224670410156
1,489762,-11.886944770812988,-36.859710693359375,8.074334144592285,15.032888412475586
1,489764,-10.32821273803711,20.042888641357422,-7.952689170837402,16.935068130493164
1,489766,22.632915496826172,19.418298721313477,22.08493423461914,2.9542014598846436
1,489768,16.5697078704834,24.434192657470703,14.204288482666016,11.148653984069824
1,489770,-25.685932159423828,-10.032848358154297,-39.38508987426758,-22.21489715576172
1,489772,-7.911938190460205,-39.21773910522461,-62.96735382080078,76.28828430175781
1,489774,-4.743921279907227,-13.06870174407959,26.660852432250977,79.44589233398438
1,489776,15.853338241577148,33.102760314941406,82.47008514404297,-151.3544921875
1,489778,33.02055358886719,42.9860954284668,10.48961353302002,-52.950889587402344
2,489956,-36.548675537109375,-29.709972381591797,-43.64776611328125,161.53550720214844
2,489956,-13.024169921875,-33.79789352416992,-9.483715057373047,33.785404205322266
2,489956,26.044370651245117,47.1937141418457,33.16427993774414,-72.9656982421875
2,489957,-15.727434158325195,21.82865333557129,-12.430926322937012,-23.736494064331055
2,489957,-15.304896354675293,-14.27798843383789,-33.04828643798828,-23.249513626098633
2,489957,14.01822280883789,-7.030056476593018,14.549090385437012,-36.40760040283203
2,489957,13.82862377166748,-20.07504653930664,16.954788208007812,-23.204320907592773
2,489957,-7.758835315704346,-5.403616905212402,-5.856595993041992,-13.900381088256836
2,489957,-1.976461410522461,-2.9545164108276367,-12.686250686645508,24.54035186767578
2,489958,15.145837783813477,2.4728739261627197,9.447159767150879,36.57608413696289
2,489958,6.514126777648926,17.250417709350586,24.405807495117188,15.799384117126465
2,489958,-6.248490810394287,7.216501235961914,-10.622490882873535,25.7302303314209
2,489958,-11.229846954345703,3.820754289627075,-21.54878044128418,1.6599011421203613
2,489958,-11.392640113830566,6.268677711486816,-14.456785202026367,-27.076555252075195
2,489958,12.520819664001465,1.7961350679397583,-4.404628753662109,-10.924033164978027
2,489959,0.09085829555988312,-37.15422058105469,17.08280372619629,-6.889934539794922
2,489959,-24.9056453704834,-20.050098419189453,-6.357944488525391,-21.015178680419922
2,489959,14.136015892028809,19.15523338317871,2.324395179748535,-3.6673665046691895
2,489959,7.300637722015381,-7.844076156616211,4.854426383972168,4.5043416023254395
2,489959,-20.799100875854492,12.74443531036377,-18.37558937072754,4.930208206176758
2,489960,2.7031798362731934,11.973437309265137,13.348362922668457,41.576210021972656
2,489960,14.602433204650879,-19.03839111328125,11.841520309448242,25.327404022216797
2,489960,7.919281005859375,4.858963489532471,-20.33328628540039,-34.788204193115234
2,489960,-6.7069573402404785,1.958249807357788,4.6190876960754395,-20.07158851623535
2,489960,-16.21715545654297,2.011207342147827,31.79295539855957,18.303592681884766
2,489960,5.222445964813232,14.724997520446777,-17.406599044799805,-22.66610336303711
2,489961,8.987996101379395,-25.297441482543945,-23.994342803955078,-19.614479064941406
2,489961,-10.6697359085083,-18.86233901977539,2.9593849182128906,26.079614639282227
2,489961,7.722253322601318,22.238876342773438,-3.175166130065918,7.058498382568359
2,489961,6.447575569152832,3.623056173324585,25.900379180908203,-2.9614813327789307
2,489961,-2.9020566940307617,-10.136178970336914,10.655323028564453,9.448078155517578
2,489961,20.02097511291504,1.1837141513824463,-24.602584838867188,11.294342041015625
2,489962,-0.8662514686584473,11.414382934570312,-3.257368564605713,-8.708328247070312
2,489962,-7.802557468414307,4.715322017669678,6.932379245758057,-6.871766567230225
2,489962,-15.020432472229004,-17.269611358642578,-5.1474103927612305,7.4125847816467285
2,489962,-14.5471773147583,-2.0295534133911133,3.2587454319000244,-14.63249397277832
2,489962,36.16073226928711,11.974432945251465,3.389296770095825,-7.436217308044434
2,489962,-0.3491602838039398,-18.34435272216797,-12.073395729064941,11.052123069763184
2,489963,-40.61366271972656,3.801389455795288,2.7836899757385254,-4.175136089324951
2,489963,12.690901756286621,20.05794906616211,8.84002685546875,1.5329128503799438
2,489963,10.68901538848877,-5.9595627784729,-9.317185401916504,15.711755752563477
2,489963,-7.707263946533203,-2.6929690837860107,6.199979305267334,0.4586901068687439
2,489963,8.724821090698242,-11.033428192138672,29.770437240600586,-0.14571793377399445
2,489963,-1.0844792127609253,10.045637130737305,-16.96144676208496,-1.9731600284576416
2,489964,-7.772166728973389,17.022808074951172,-24.545053482055664,-15.564776420593262
2,489964,6.243434906005859,-11.75966739654541,15.458105087280273,5.347746849060059
2,489964,3.7548272609710693,-0.7270954847335815,-15.632256507873535,5.970015525817871
2,489964,-16.283491134643555,-10.412964820861816,6.498474597930908,-10.330924034118652
2,489964,6.568779945373535,-11.185108184814453,34.27988815307617,11.78366756439209
2,489964,9.612265586853027,19.9078426361084,-11.323517799377441,5.809445381164551
2,489965,-8.867430686950684,7.433212757110596,-7.1691575050354,-8.240010261535645
2,489965,16.879226684570312,-6.528822422027588,1.1476318836212158,20.72088050842285
2,489965,26.6903133392334,5.229443073272705,-16.06328010559082,6.698564052581787
2,489965,-26.916797637939453,0.5688436031341553,-0.309885710477829,0.6111105680465698
2,489965,-24.235511779785156,-1.321476697921753,23.641576766967773,2.6607279777526855
2,489965,32.692813873291016,8.548575401306152,-0.05174560844898224,-28.768840789794922
2,489966,5.174357891082764,-9.104409217834473,-24.709978103637695,13.83667278289795
2,489966,-39.40809631347656,-13.624359130859375,11.237515449523926,11.423571586608887
2,489966,-5.7504658699035645,-0.061088677495718,3.983973264694214,-29.460474014282227
2,489966,32.58497619628906,12.9884033203125,-14.61857795715332,17.755054473876953
2,489966,8.29330825805664,17.725290298461914,-0.5668080449104309,6.622844219207764
2,489966,-22.67237663269043,-28.97953987121582,1.4007965326309204,-10.185989379882812
2,489967,-12.003900527954102,-17.224407196044922,31.211225509643555,13.395981788635254
2,489967,9.441130638122559,33.94346237182617,11.98352336883545,-8.504410743713379
2,489967,1.1978678703308105,3.7177536487579346,-21.315977096557617,-4.352182388305664
2,489967,6.033541679382324,-4.501870632171631,2.5653927326202393,0.9377163648605347
2,489967,17.889089584350586,6.577301979064941,4.0010762214660645,6.964534282684326
2,489968,-9.894231796264648,-7.585783958435059,-7.63958740234375,15.19462776184082
2,489968,-10.622611045837402,6.831348896026611,0.7517479658126831,-19.901044845581055
2,489968,7.747389793395996,-7.435711860656738,0.7205251455307007,-5.975714206695557
2,489968,-15.085847854614258,-21.163896560668945,3.3788843154907227,14.843951225280762
2,489968,-2.659125804901123,21.019453048706055,-5.346230983734131,-1.2639966011047363
2,489968,11.69157600402832,21.130029678344727,-10.568516731262207,3.2482337951660156
2,489969,-2.982220411300659,-11.969169616699219,15.573653221130371,-11.315542221069336
2,489969,6.811956405639648,-15.043601036071777,2.424938917160034,-4.232872009277344
2,489969,-1.450095534324646,0.13686750829219818,-5.472061634063721,8.293023109436035
2,489969,4.038394451141357,16.690893173217773,1.7009339332580566,-7.1706743240356445
2,489969,21.66163444519043,1.0219051837921143,-20.49102210998535,5.496201038360596
2,489969,-7.19923210144043,-6.397172927856445,3.667771577835083,0.8419061899185181
2,489970,-25.549551010131836,2.1575889587402344,34.11571502685547,-8.18642520904541
2,489970,5.071479797363281,-3.1152570247650146,-2.5874860286712646,10.48678207397461
2,489970,11.529692649841309,4.726258754730225,-17.91777801513672,-0.7367211580276489
2,489970,0.9210421442985535,2.690638303756714,1.8053898811340332,-26.88471794128418
2,489970,-2.2213401794433594,-18.74737548828125,-8.834293365478516,7.892188549041748
2,489970,-18.317262649536133,-7.11908483505249,0.6921901106834412,32.89707565307617
2,489971,4.871579647064209,8.431529998779297,12.526580810546875,-28.118188858032227
2,489971,9.653291702270508,-2.2290902137756348,-10.577322959899902,-26.734291076660156
2,489971,-10.854602813720703,3.3931870460510254,7.81850004196167,34.597293853759766
2,489971,7.898870944976807,10.338770866394043,10.928936004638672,-1.2319403886795044
2,489972,-0.8398578763008118,-4.875019550323486,-13.077792167663574,-3.000558376312256
2,489972,-16.075439453125,-8.283177375793457,11.866996765136719,35.01775360107422
2,489973,2.4335715770721436,28.268831253051758,6.1954874992370605,-6.550683498382568
2,489973,9.476361274719238,12.340860366821289,-11.746193885803223,-23.911914825439453
2,489973,0.5203335285186768,-42.47910690307617,-3.384768009185791,1.9003350734710693
2,489973,-6.155590534210205,3.3939878940582275,-13.546087265014648,18.381675720214844
2,489973,9.03703498840332,48.43092346191406,-3.8027124404907227,2.4103024005889893
2,489973,14.07923412322998,1.9165666103363037,1.1899319887161255,-15.148612976074219
2,489975,-8.881360054016113,-24.196271896362305,-25.06549644470215,-14.846423149108887
2,489976,-21.393186569213867,-11.925481796264648,-26.680477142333984,-17.81471824645996
2,489977,-3.7548716068267822,-2.0594642162323,-19.887413024902344,-37.88009262084961
2,489980,23.625879287719727,5.537239074707031,7.378043174743652,-41.07429885864258
2,489981,22.363590240478516,-20.19498062133789,25.537084579467773,-2.6684439182281494
2,489984,-12.145743370056152,-57.384864807128906,-0.4692416489124298,-11.578766822814941
2,489985,-33.74699783325195,-6.764903545379639,6.880224704742432,-5.230271339416504
2,489988,10.195890426635742,37.98112106323242,13.430538177490234,91.40888977050781
2,489989,30.528268814086914,-12.985746383666992,26.674083709716797,60.944923400878906
2,489992,-21.52560806274414,7.445338249206543,21.271846771240234,5.877295017242432
2,489994,-11.823795318603516,53.02519226074219,-12.346468925476074,47.304595947265625
2,489996,0.8648172616958618,21.393592834472656,2.504140853881836,-16.787721633911133
2,489998,-3.150491714477539,-5.258192539215088,-6.14872407913208,-80.50703430175781
2,490000,13.306833267211914,-31.719636917114258,-17.776321411132812,-1.3333009481430054
2,490002,-13.8287935256958,-8.565253257751465,12.654024124145508,29.258119583129883
2,490004,17.476316452026367,31.435340881347656,6.56509256362915,-70.53130340576172
2,490006,-2.6514077186584473,-20.291736602783203,-6.443459987640381,-31.428173065185547
2,490008,-17.240373611450195,-14.224201202392578,21.210830688476562,94.9482421875
2,490010,36.4710578918457,24.93952751159668,3.911972761154175,42.61943817138672
2,490012,-5.254458427429199,-7.838836193084717,-5.962827205657959,-28.39411163330078
2,490014,-0.5556180477142334,-0.36825260519981384,15.885540008544922,45.05379867553711
2,490016,-4.270880699157715,3.680502414703369,-18.26492691040039,-11.849532127380371
2,490018,-34.699256896972656,-15.268332481384277,-32.556640625,-98.19010925292969
2,491468,17.74181365966797,-20.699138641357422,4.100546360015869,23.94251251220703
2,491469,29.476455688476562,7.663335800170898,18.653881072998047,81.42839050292969
2,491472,-5.637783527374268,60.245174407958984,-2.962970733642578,38.267765045166016
2,491473,-10.275971412658691,21.159677505493164,-18.83100700378418,-26.500255584716797
2,491476,-8.979079246520996,-42.85476303100586,-26.367488861083984,-116.0480728149414
2,491477,-15.742914199829102,-6.306220531463623,-5.554946422576904,-91.70732116699219
2,491480,-7.7730631828308105,-2.213200807571411,17.019485473632812,-33.08130645751953
2,491481,17.674449920654297,-45.81196975708008,-3.9530484676361084,-5.26508092880249
2,491492,27.14752960205078,-10.428342819213867,12.21366024017334,171.48106384277344
2,491492,-6.769099235534668,9.859495162963867,24.9346866607666,142.31729125976562
2,491492,-15.478288650512695,15.590487480163574,-6.48659610748291,-96.6648941040039
2,491493,13.236166000366211,39.09907913208008,-0.1382874995470047,-30.371116638183594
2,491493,-4.062392234802246,3.2338175773620605,19.150230407714844,53.84023666381836
2,491494,0.7506933212280273,-10.468693733215332,8.451960563659668,-19.061311721801758
2,491495,13.220626831054688,27.936452865600586,-3.669252395629883,-61.56695556640625
2,491498,-39.873287200927734,-2.2403371334075928,-7.420725345611572,-65.57683563232422
2,491499,-19.298503875732422,-41.31453323364258,-22.294992446899414,-19.082014083862305
2,491502,43.24171829223633,-31.78569221496582,-46.30828094482422,-4.339305877685547
2,491503,17.357860565185547,-4.508182048797607,-7.882180690765381,1.9049383401870728
2,491506,-12.390018463134766,7.9186224937438965,51.13844680786133,57.14023208618164
2,491507,-1.4383774995803833,-11.46961784362793,30.446687698364258,48.95115661621094
2,491510,-7.794439792633057,30.273805618286133,-2.1866793632507324,53.899559020996094
2,491511,-5.766025543212891,49.036258697509766,0.9854131937026978,54.17287826538086
2,491514,-1.456933856010437,-2.213005542755127,-18.363239288330078,-45.923255920410156
2,491516,-0.9711489677429199,-21.84058380126953,-19.52956199645996,-71.13175201416016
2,491539,-8.55718994140625,-11.841395378112793,-1.2093387842178345,-37.17677307128906
2,491539,-4.170061111450195,-0.44959551095962524,1.695373296737671,-8.224000930786133
2,491539,15.862964630126953,0.5453357100486755,15.327555656433105,30.351036071777344
2,491539,-8.53748893737793,25.34733009338379,11.598710060119629,-1.7279647588729858
2,491540,-2.1409811973571777,21.087162017822266,0.8491507172584534,-46.02586364746094
2,491540,19.71190071105957,-35.9339485168457,-17.89606285095215,-18.917808532714844
2,491540,-10.480177879333496,-25.518537521362305,-21.29663848876953,-0.5149093866348267
2,491540,-15.998434066772461,5.166666507720947,7.422126770019531,8.401496887207031
2,491540,17.978954315185547,-10.053318977355957,16.158344268798828,36.44562530517578
2,491540,20.97403335571289,-2.0405819416046143,-2.631775379180908,17.618860244750977
2,491541,4.50167179107666,13.691082954406738,-4.941309452056885,3.921581268310547
2,491542,-0.21713672578334808,1.8891513347625732,17.62077522277832,24.609243392944336
2,491542,6.311196327209473,-4.532163619995117,9.343570709228516,14.641369819641113
2,491543,-18.803543090820312,-5.636864185333252,-10.52085018157959,-14.212029457092285
2,491546,-16.209871292114258,-1.5510207414627075,12.631223678588867,30.247520446777344
2,491547,25.38284683227539,23.767595291137695,16.253694534301758,51.31092071533203
2,491550,18.209922790527344,1.790172815322876,-6.602478981018066,12.026535034179688
2,491551,-1.2255808115005493,-10.296114921569824,-22.47991943359375,3.1400182247161865
2,491554,-34.1058464050293,37.44498825073242,1.5211377143859863,-48.63151550292969
2,491555,-22.231861114501953,4.154572010040283,16.482568740844727,-55.69540786743164
2,491558,10.709031105041504,-32.16119384765625,-15.114587783813477,-10.009376525878906
2,491559,-3.6605613231658936,5.99583625793457,-6.5298261642456055,-7.468011856079102
2,491562,3.160444974899292,-14.894193649291992,-18.225317001342773,-43.46989822387695
2,491563,4.167453765869141,-23.962968826293945,-38.412757873535156,-41.323097229003906
2,491566,18.828004837036133,8.680207252502441,18.135990142822266,53.4443359375
2,491602,1.2949042320251465,7.18577241897583,19.88460922241211,-0.8255731463432312
2,491603,-51.29150390625,-9.816472053527832,-30.17643928527832,-78.26629638671875
2,491603,-0.4910672605037689,-19.9836483001709,-0.029848013073205948,41.07115936279297
2,491603,28.993776321411133,15.985993385314941,26.283199310302734,64.39920806884766
2,491603,12.590989112854004,15.06607437133789,7.964438438415527,10.919550895690918
2,491603,19.983539581298828,-14.783052444458008,-5.5112786293029785,20.02003288269043
2,491603,-7.0350260734558105,5.802967548370361,13.963227272033691,26.084842681884766
2,491604,-19.556612014770508,8.499884605407715,22.46550178527832,7.132801055908203
2,491604,-11.758123397827148,-9.577871322631836,-2.876457691192627,-16.377653121948242
2,491604,2.173391342163086,16.639297485351562,-0.6723393201828003,-6.402730464935303
2,491604,17.55427360534668,30.973201751708984,15.981895446777344,-14.2542724609375
2,491604,7.913683891296387,-7.722024440765381,-1.876500129699707,-31.851913452148438
2,491604,7.246774673461914,-19.6536922454834,-26.758852005004883,1.1241639852523804
2,491605,-1.656338095664978,6.232757091522217,-11.989977836608887,16.570354461669922
2,491605,-18.93423843383789,2.764986753463745,10.464801788330078,11.363398551940918
2,491605,1.6238340139389038,-21.07887077331543,16.959869384765625,17.087440490722656
2,491605,15.034690856933594,-6.318482398986816,-6.266043663024902,5.149888038635254
2,491605,-8.504178047180176,34.94926834106445,-13.60899543762207,9.74396800994873
2,491607,10.2843656539917,16.114212036132812,32.544918060302734,24.552785873413086
2,491607,10.052057266235352,-19.123477935791016,33.10586166381836,-2.523592472076416
2,491608,-18.14357566833496,-2.8409030437469482,-20.17406463623047,-21.959871292114258
2,491609,8.502729415893555,2.904447555541992,-29.47168731689453,10.084512710571289
2,491612,-0.5250588059425354,22.748348236083984,-8.421610832214355,12.369112968444824
2,491614,-22.928163528442383,15.388198852539062,-10.336504936218262,-16.986297607421875
2,491616,-9.927218437194824,-19.19869041442871,-23.460033416748047,-47.853111267089844
2,491618,0.5630011558532715,-5.922715663909912,10.359512329101562,-32.92478561401367
2,491620,17.5144100189209,-39.553436279296875,1.0676349401474,-28.807161331176758
2,491622,-6.277419567108154,-7.764191627502441,-22.833879470825195,-41.34258270263672
2,491624,-32.890350341796875,30.985750198364258,42.516807556152344,45.909690856933594
2,491626,11.673391342163086,-44.59041976928711,21.614681243896484,55.93800354003906
2,491628,31.404237747192383,3.689147472381592,-29.11566925048828,14.997591018676758
2,491630,6.086369037628174,29.8715877532959,-1.417698621749878,39.41288375854492
2,491632,9.946426391601562,-17.314298629760742,20.3984432220459,-4.478850841522217
2,491634,-1.7872198820114136,9.119257926940918,1.8097695112228394,-37.04708480834961
2,491683,-17.00606346130371,-23.677757263183594,-43.50222396850586,-70.25542449951172
2,491683,13.304646492004395,-11.2483549118042,-14.707601547241211,-43.14463806152344
2,491683,5.221933364868164,50.695926666259766,28.729488372802734,82.88894653320312
2,491683,-16.397106170654297,-5.824147701263428,8.725887298583984,50.114627838134766
2,491684,-11.195446968078613,-10.90809154510498,0.3836205005645752,-31.826765060424805
2,491684,3.2070040702819824,42.24657440185547,-3.4623515605926514,-30.84051513671875
2,491684,15.560861587524414,-2.913628339767456,-1.449498176574707,-22.1525936126709
2,491684,-5.994515419006348,-44.800071716308594,-17.04418182373047,-8.33896255493164
2,491684,-25.31321144104004,-11.779703140258789,-4.399783611297607,26.674461364746094
2,491685,-11.03078842163086,21.847349166870117,38.953895568847656,31.65150260925293
2,491685,24.661983489990234,3.215014696121216,8.330743789672852,33.45754623413086
2,491685,22.799419403076172,-21.611328125,-9.297786712646484,47.799564361572266
2,491685,-20.62502670288086,3.108217477798462,11.11361026763916,6.365211486816406
2,491685,-9.449817657470703,38.81954574584961,12.396089553833008,-19.208717346191406
2,491685,25.498794555664062,9.990180015563965,-6.138607978820801,-27.51898765563965
2,491686,6.302180290222168,-26.718549728393555,-20.76140594482422,-33.521812438964844
2,491686,-26.281326293945312,0.7299832701683044,-8.618208885192871,-13.232935905456543
2,491686,-3.0304887294769287,8.552597999572754,-1.1096111536026,-0.3987826108932495
2,491686,14.523469924926758,-15.920167922973633,3.1092324256896973,-5.638823509216309
2,491686,-17.655118942260742,-7.553343772888184,2.497075080871582,8.777052879333496
2,491686,14.08613395690918,12.420232772827148,0.8551243543624878,33.85179901123047
2,491687,21.240619659423828,5.22001314163208,14.770146369934082,23.850635528564453
2,491687,-31.65658187866211,6.660318374633789,13.032281875610352,-2.1588521003723145
2,491687,-0.7642012238502502,12.43027114868164,-4.563274383544922,-16.904125213623047
2,491688,12.323785781860352,-0.5549619793891907,-15.036712646484375,2.9769515991210938
2,491688,-16.7908878326416,-9.643765449523926,-1.9882079362869263,-1.9302809238433838
2,491689,1.4226795434951782,-15.482951164245605,1.131959319114685,-38.71051788330078
2,491690,-5.554056644439697,-16.720020294189453,-4.8237175941467285,-5.596288681030273
2,491691,-2.0935699939727783,13.001237869262695,21.474727630615234,46.53287124633789
2,491694,49.81002426147461,57.93111801147461,13.041993141174316,-9.776232719421387
2,491695,10.711849212646484,13.37083911895752,-18.18115234375,-62.045719146728516
2,491698,-46.20696258544922,-50.79677200317383,-37.191158294677734,-20.53645133972168
2,491699,5.267151832580566,-21.9016056060791,-32.801692962646484,-7.67469596862793
2,491702,-4.292171955108643,-16.471988677978516,-19.26658821105957,-7.833902359008789
2,491703,-23.01204490661621,-13.70798110961914,-9.34538745880127,8.887391090393066
2,491706,28.47955894470215,-2.8042192459106445,66.4892807006836,57.313011169433594
2,491707,-4.818258285522461,-27.035703659057617,28.64647674560547,49.31182861328125
2,491710,-3.7636427879333496,51.78139114379883,-15.410651206970215,-3.0200092792510986
2,491711,31.674890518188477,70.00108337402344,45.969547271728516,24.8005313873291
2,491714,-23.61900520324707,-25.844383239746094,-18.601594924926758,-26.430768966674805
2,491715,-24.535837173461914,-14.73701286315918,-21.59202766418457,-59.52915573120117
2,491777,21.615367889404297,2.3771157264709473,8.588072776794434,2.0777413845062256
2,491777,0.48657381534576416,-15.642120361328125,-20.411828994750977,19.54242515563965
2,491778,-3.793821096420288,12.973690032958984,25.148555755615234,17.44679069519043
2,491778,23.483314514160156,29.544347763061523,18.38727569580078,-16.428918838500977
2,491778,0.1082843467593193,-10.486931800842285,-38.522071838378906,-46.51698303222656
2,491778,-25.712352752685547,-50.38884735107422,-36.95772933959961,-28.18433952331543
2,491778,-9.25223159790039,-25.181541442871094,-1.36849045753479,10.364767074584961
2,491779,13.950912475585938,19.707239151000977,26.85393524169922,2.9916346073150635
2,491779,16.6256046295166,2.0655572414398193,-2.7597155570983887,-0.15501561760902405
2,491779,-8.952523231506348,-24.22100257873535,-22.007413864135742,60.98457717895508
2,491779,-25.306917190551758,14.483992576599121,36.609256744384766,42.6848258972168
2,491779,33.997127532958984,39.05070495605469,30.023223876953125,-9.693219184875488
2,491779,36.70634460449219,0.3565809726715088,-16.6851863861084,-4.644016265869141
2,491780,-38.727684020996094,-8.724159240722656,-2.291706085205078,-11.857013702392578
2,491780,-18.073049545288086,19.061128616333008,-2.64924955368042,-23.019466400146484
2,491780,9.583755493164062,-3.4880881309509277,-28.323423385620117,-21.5832576751709
2,491780,-1.685654878616333,-19.61884880065918,-18.41381072998047,-15.606752395629883
2,491780,9.97998046875,1.9270817041397095,13.880722045898438,3.5756938457489014
2,491780,-5.049794673919678,-12.026721000671387,28.921663284301758,29.499753952026367
2,491781,-12.85921573638916,-20.70427131652832,12.501625061035156,22.483030319213867
2,491781,14.08745002746582,19.74863052368164,-2.562359094619751,12.790128707885742
2,491781,11.865736961364746,17.696264266967773,3.1751909255981445,3.1576993465423584
2,491781,2.7796761989593506,-7.990061283111572,-7.103026390075684,-10.541374206542969
2,491781,-0.8615539073944092,30.71167755126953,-12.214120864868164,-11.459315299987793
2,491781,-12.545456886291504,-4.635231018066406,0.28052160143852234,-11.34737777709961
2,491782,-5.540203094482422,-39.02119064331055,6.084784507751465,5.013443470001221
2,491782,7.075586795806885,27.84819984436035,-1.7242701053619385,-15.7874755859375
2,491782,5.816509246826172,3.0258948802948,-2.4359631538391113,-2.752521276473999
2,491782,-24.355714797973633,-24.264684677124023,9.421087265014648,37.864707946777344
2,491782,-14.415508270263672,11.867693901062012,-5.829829692840576,-10.6715669631958
2,491783,23.631576538085938,-7.06712007522583,-14.626897811889648,-16.458858489990234
2,491784,-5.079405307769775,-33.452110290527344,15.510251998901367,32.80152893066406
2,491784,-7.666314125061035,15.39233684539795,9.90612506866455,16.427961349487305
2,491784,10.22179889678955,31.554195404052734,-8.179314613342285,-14.51497745513916
2,491786,-10.885520935058594,-12.05566692352295,15.111359596252441,6.958451747894287
2,491788,7.489678382873535,27.641010284423828,13.98208999633789,68.5947494506836
2,491790,15.6511812210083,27.90323829650879,2.8475778102874756,31.10952377319336
2,491792,-5.562633991241455,-30.91946792602539,-49.06939697265625,-41.52571487426758
2,491794,1.469099998474121,-4.853922367095947,-60.33456039428711,-68.61618041992188
2,491796,-11.644152641296387,-1.379974365234375,36.713008880615234,-63.076778411865234
2,491798,-18.67901611328125,-10.794404983520508,34.02521896362305,10.363505363464355
2,491800,2.0668907165527344,-6.629759311676025,-4.930967330932617,-7.769759654998779
2,491802,24.91852378845215,-13.159674644470215,2.5597357749938965,-24.628692626953125
2,491804,16.506669998168945,23.263490676879883,0.7063108086585999,21.35371208190918
2,491806,-15.92212963104248,6.09912109375,30.387025833129883,33.32831573486328
2,491808,2.223177671432495,-21.234981536865234,17.57889175415039,32.91039276123047
2,491810,7.4075140953063965,1.8805639743804932,-32.06256103515625,20.049007415771484
2,491812,3.525358200073242,12.694829940795898,-8.89053726196289,-3.3122453689575195
2,491814,18.655044555664062,8.126446723937988,7.585294246673584,-19.45357322692871
2,491887,-41.23212814331055,-43.382205963134766,-9.249713897705078,-12.720807075500488
2,491887,-33.908729553222656,-16.574832916259766,-9.262833595275879,-3.0108022689819336
2,491888,47.32239532470703,59.29954528808594,-2.228870153427124,16.009798049926758
2,491888,6.775129318237305,-0.35346004366874695,-5.517507553100586,9.442627906799316
2,491888,-34.172325134277344,-31.887252807617188,-13.41334342956543,-19.136171340942383
2,491888,-7.707619667053223,0.12619340419769287,18.43145751953125,-32.48709487915039
2,491888,21.95097541809082,-5.063570022583008,2.314208745956421,-10.952776908874512
2,491888,6.001314640045166,13.52978515625,-18.754117965698242,3.0582337379455566
2,491889,-9.883101463317871,20.93368911743164,20.494611740112305,-14.274801254272461
2,491889,17.8001708984375,-8.548460960388184,29.402925491333008,22.57828712463379
2,491889,-2.8315348625183105,-2.4658706188201904,10.800434112548828,43.3941535949707
2,491889,-0.8020926713943481,6.678677558898926,-12.257475852966309,13.169852256774902
2,491889,14.984622955322266,5.488723278045654,-12.21780014038086,23.571470260620117
2,491889,-9.905610084533691,23.221567153930664,-2.693239212036133,7.779577732086182
2,491890,0.678969144821167,3.5084025859832764,1.3046644926071167,-26.619476318359375
2,491890,8.447979927062988,-25.819347381591797,12.323654174804688,-28.781375885009766
2,491890,-5.441413879394531,-1.7657421827316284,-5.128864765167236,-36.32445526123047
2,491890,0.7745798826217651,0.7537149786949158,-29.01763153076172,-10.931611061096191
2,491890,-8.517959594726562,-28.821687698364258,8.066292762756348,18.34562873840332
2,491891,-6.306851863861084,5.684752464294434,22.5167179107666,19.045194625854492
2,491891,10.000524520874023,26.74201202392578,-14.950176239013672,11.330233573913574
2,491891,-0.004659802652895451,-10.610696792602539,-17.208003997802734,3.828242778778076
2,491891,-15.30078125,-6.308080196380615,9.202248573303223,10.913527488708496
2,491891,2.35050106048584,11.1500825881958,19.267818450927734,-1.013429045677185
2,491891,29.03123664855957,7.327908992767334,-24.829309463500977,-38.59815216064453
2,491891,-29.700305938720703,-14.628827095031738,-24.50607681274414,-13.629823684692383
2,491892,-29.580034255981445,-10.942556381225586,18.985864639282227,18.112571716308594
2,491892,23.347190856933594,4.399079322814941,0.879263162612915,-19.294095993041992
2,491892,-8.191859245300293,-14.211026191711426,7.6660308837890625,7.6212944984436035
2,491892,3.5051655769348145,21.46347427368164,32.2161979675293,23.535797119140625
2,491892,22.477991104125977,13.589818954467773,-5.885505199432373,-6.396920680999756
2,491893,-15.318081855773926,-13.06795597076416,-30.7672119140625,13.784568786621094
2,491893,7.46176290512085,12.224257469177246,4.378307342529297,11.501230239868164
2,491893,31.406396865844727,-4.691580772399902,19.750612258911133,-10.297237396240234
2,491893,-19.6196231842041,-0.8982803225517273,-10.124792098999023,-11.773283004760742
2,491893,1.9195029735565186,6.31173849105835,-16.441274642944336,0.10732433944940567
2,491895,13.830466270446777,-5.02638578414917,-6.972912788391113,-26.076278686523438
2,491895,-29.354751586914062,2.312650442123413,-5.128496170043945,-19.588178634643555
2,491895,16.650676727294922,-7.538405418395996,1.8748071193695068,25.972524642944336
2,491895,11.54533863067627,-11.246729850769043,5.294000625610352,-7.519106864929199
2,491896,-34.6927604675293,5.6064066886901855,5.145293712615967,-29.57535743713379
2,491898,6.569655895233154,-1.609618067741394,-5.287693500518799,0.6950703263282776
2,491900,65.07749938964844,-30.939088821411133,-4.47861909866333,-42.066184997558594
2,491902,42.94171142578125,-36.58829879760742,4.247092247009277,-42.32073974609375
2,491904,-85.61591339111328,8.797918319702148,14.096367835998535,98.55329132080078
2,491906,-86.05242919921875,16.06768035888672,25.92374038696289,102.86318969726562
2,491908,-143.26449584960938,22.322507858276367,-20.107332229614258,0.44499364495277405
2,491910,-121.71906280517578,38.38694381713867,-34.47325134277344,6.025293827056885
2,491913,316.5339050292969,-21.980724334716797,24.821975708007812,11.991869926452637
2,491914,240.7218017578125,-6.940633773803711,51.985687255859375,-5.299927711486816
2,491917,-156.49366760253906,42.56353759765625,7.1561055183410645,-72.99268341064453
2,491918,-38.57012939453125,19.920106887817383,-43.49798583984375,-85.7602310180664
2,491921,25.319808959960938,-23.671443939208984,-10.881593704223633,20.880090713500977
2,491922,-5.858664035797119,-30.297866821289062,0.7270539402961731,4.7331438064575195
2,491925,9.588508605957031,1.056269884109497,14.303668975830078,43.413551330566406
2,491926,-83.11795806884766,9.452789306640625,18.77971649169922,70.57650756835938
2,492009,67.18844604492188,-9.33376407623291,-15.582221984863281,-29.158775329589844
2,492009,134.54498291015625,-11.762835502624512,20.362186431884766,-18.751951217651367
2,492009,-78.83358001708984,14.228982925415039,-3.2744250297546387,-6.717547416687012
2,492009,-83.4776611328125,-6.278412342071533,-36.061927795410156,18.78080940246582
2,492010,-18.123292922973633,-11.3261137008667,4.729100227355957,48.74958801269531
2,492010,-24.93702507019043,25.14644432067871,23.03868865966797,14.747212409973145
2,492010,4.687221527099609,8.716797828674316,11.686617851257324,20.276851654052734
2,492010,2.939814567565918,2.072998523712158,-20.20339012145996,-2.758341073989868
2,492010,17.588825225830078,18.452634811401367,-18.1763858795166,-71.64241027832031
2,492010,29.895427703857422,-22.584014892578125,4.4825239181518555,-53.110504150390625
2,492011,-15.327880859375,-19.57670021057129,1.9647552967071533,2.708888053894043
2,492011,0.1927049160003662,15.295143127441406,-7.803189277648926,-3.5726852416992188
2,492011,-2.668179750442505,3.150190830230713,0.9759610295295715,-16.165477752685547
2,492011,-40.86722946166992,-0.9096620678901672,-4.137424468994141,7.986724853515625
2,492011,-8.48144817352295,-4.665625095367432,-10.261883735656738,18.473567962646484
2,492011,7.758847713470459,-11.483945846557617,8.517403602600098,18.41707992553711
2,492012,-12.752725601196289,-11.116065979003906,1.019233226776123,21.117380142211914
2,492012,-6.625708103179932,15.20421314239502,12.904443740844727,-15.765960693359375
2,492012,33.19880676269531,20.450223922729492,19.71839141845703,-31.862224578857422
2,492012,42.547218322753906,-4.757966041564941,-23.705650329589844,-15.376599311828613
2,492012,-1.6869195699691772,-11.79340648651123,-24.388626098632812,-28.725435256958008
2,492012,-40.85786819458008,-19.206701278686523,-4.806037902832031,-10.95677661895752
2,492013,-9.447539329528809,7.319291591644287,9.376935005187988,30.45100975036621
2,492013,26.22734260559082,12.153229713439941,17.22171401977539,29.809490203857422
2,492013,-12.874341011047363,-24.18807029724121,-17.755247116088867,18.735488891601562
2,492013,-17.829692840576172,4.936613082885742,-4.352304458618164,9.159709930419922
2,492013,-16.973020553588867,34.5580940246582,32.74613571166992,-2.0248022079467773
2,492014,11.754914283752441,1.0087594985961914,-5.107301712036133,-4.555304527282715
2,492014,58.422428131103516,-5.569159984588623,-26.112382888793945,5.474573612213135
2,492014,-15.509020805358887,3.28438401222229,8.887222290039062,-0.6236332058906555
2,492014,-19.22528076171875,-15.201416015625,18.47392463684082,-2.421659469604492
2,492014,31.117578506469727,-11.696524620056152,-11.15215015411377,-9.151857376098633
2,492014,-15.744560241699219,3.196342945098877,-4.203239440917969,-23.07346534729004
2,492015,-37.5604362487793,-7.520704746246338,16.178564071655273,11.612183570861816
2,492015,4.181751728057861,3.80430006980896,2.420198917388916,19.72460174560547
2,492015,12.293665885925293,12.263757705688477,-15.681711196899414,-11.727265357971191
2,492015,-12.491949081420898,-17.602272033691406,-15.95388126373291,-5.583712100982666
2,492015,9.900472640991211,-7.688994884490967,19.308040618896484,22.345279693603516
2,492015,12.549022674560547,14.601785659790039,-0.23050761222839355,-11.087440490722656
2,492016,-18.14215660095215,8.438377380371094,-20.058639526367188,-27.00979232788086
2,492016,9.063624382019043,3.2254388332366943,32.40808868408203,10.303771018981934
2,492017,26.42963409423828,-6.972317695617676,18.16297721862793,-28.602842330932617
2,492017,-14.164227485656738,-3.620077133178711,-32.82823181152344,-18.254758834838867
2,492017,-39.01628494262695,29.615022659301758,1.9878684282302856,40.362728118896484
2,492017,-3.455678939819336,6.134615421295166,16.70785140991211,5.355260372161865
2,492019,67.62728118896484,-34.783660888671875,-12.239326477050781,-13.908089637756348
2,492020,40.90237045288086,-37.031585693359375,-8.390947341918945,3.929309844970703
2,492021,-53.61084747314453,-24.035966873168945,-8.370912551879883,4.130557060241699
2,492024,4.436933517456055,24.79758644104004,-0.46790048480033875,31.236202239990234
2,492025,54.75731658935547,12.41686725616455,20.277002334594727,36.58210754394531
2,492028,-12.775875091552734,-6.0384697914123535,15.962508201599121,4.211957931518555
2,492029,13.176904678344727,53.13286590576172,-1.6749680042266846,44.66754150390625
2,492032,2.5035147666931152,22.426288604736328,15.494247436523438,30.200992584228516
2,492033,-61.89704513549805,-29.117212295532227,-2.109210252761841,-61.169708251953125
2,492036,-24.29350471496582,18.774017333984375,-31.08614730834961,-91.89476013183594
2,492038,-7.218969345092773,-9.65001392364502,-3.6389822959899902,-38.95429611206055
2,492040,17.307931900024414,-47.18162536621094,4.865248203277588,7.990140438079834
2,492125,35.884220123291016,7.348978519439697,-4.573655128479004,26.20476531982422
2,492125,-26.115585327148438,9.79244613647461,-8.873636245727539,50.639915466308594
2,492126,-22.190092086791992,-8.820369720458984,11.606253623962402,-17.131574630737305
2,492126,-0.30350038409233093,0.07148697227239609,-3.298508405685425,-26.37344741821289
2,492126,-2.3605051040649414,-10.100752830505371,-31.64144515991211,14.579888343811035
2,492126,13.272686958312988,-9.038786888122559,25.861616134643555,7.101233005523682
2,492126,8.891674995422363,0.16051273047924042,29.705856323242188,29.507030487060547
2,492126,2.51651668548584,19.801240921020508,-14.361525535583496,22.236278533935547
2,492127,-0.21170586347579956,41.37840270996094,-4.776195526123047,-4.265637397766113
2,492127,12.089789390563965,1.9361045360565186,-3.246540069580078,1.3458462953567505
2,492127,-0.3416092097759247,-18.731456756591797,5.133371353149414,4.83933687210083
2,492127,-24.11883544921875,19.729158401489258,3.2639787197113037,-23.42479705810547
2,492127,2.4448485374450684,6.302751064300537,-14.749797821044922,-26.801437377929688
2,492128,21.025489807128906,-13.991579055786133,13.354300498962402,-13.140746116638184
2,492128,1.2279719114303589,5.381123065948486,-5.613826751708984,-22.423574447631836
2,492128,-3.9570329189300537,-14.52559757232666,-31.212785720825195,0.21932367980480194
2,492128,-16.352340698242188,-25.26650619506836,24.219308853149414,34.3479118347168
2,492128,1.5242619514465332,17.641260147094727,29.871795654296875,14.646915435791016
2,492128,22.62431526184082,22.476516723632812,-8.201534271240234,-13.17834186553955
2,492128,-20.163957595825195,-20.9952392578125,9.37387466430664,23.928672790527344
2,492129,-1.4311541318893433,15.141467094421387,23.359647750854492,34.23419952392578
2,492129,25.10154151916504,41.76622009277344,-23.042089462280273,-16.49860191345215
2,492129,-1.761696696281433,-35.059608459472656,-14.635103225708008,-25.83843421936035
2,492129,-4.491311073303223,-32.486732482910156,18.940338134765625,-4.439032077789307
2,492129,-1.274429440498352,7.179205417633057,-10.674260139465332,-1.6108179092407227
2,492130,-15.954717636108398,-3.3348920345306396,-22.120296478271484,-15.56284236907959
2,492130,-29.33816909790039,-13.011990547180176,-8.6698637008667,-6.0763163566589355
2,492130,8.771038055419922,-15.388827323913574,0.9562629461288452,15.997406959533691
2,492130,18.33758544921875,24.460939407348633,13.210042953491211,10.723631858825684
2,492130,-14.223396301269531,24.16155242919922,18.21519660949707,6.857446670532227
2,492130,11.772093772888184,-14.04062271118164,-5.311192512512207,-4.55635404586792
2,492131,9.633267402648926,-3.2289657592773438,-7.2160725593566895,-11.845390319824219
2,492131,-20.807083129882812,6.294416904449463,8.479009628295898,-2.7659413814544678
2,492131,13.112479209899902,2.1510934829711914,-4.268530368804932,3.3686063289642334
2,492131,28.721622467041016,8.467408180236816,-5.2822794914245605,3.5603606700897217
2,492131,0.23741474747657776,-12.809784889221191,-6.993782043457031,-13.902325630187988
2,492131,-9.881060600280762,-19.151742935180664,-10.46522331237793,6.323202610015869
2,492132,2.0160129070281982,21.985443115234375,5.935841083526611,22.22787094116211
2,492132,6.0206403732299805,16.530925750732422,18.983007431030273,-12.702131271362305
2,492132,-9.214844703674316,-9.032022476196289,-6.339922904968262,-13.170464515686035
2,492132,-9.328680992126465,-6.19782829284668,-20.816858291625977,13.321616172790527
2,492132,-17.705827713012695,-4.414689540863037,22.732698440551758,-4.730435848236084
2,492132,5.892468452453613,-4.2644171714782715,6.803980350494385,-33.74679946899414
2,492134,16.65148162841797,3.252551317214966,-6.627432346343994,-30.706653594970703
2,492134,-19.91487693786621,0.8873774409294128,10.14625358581543,-4.35693883895874
2,492134,-2.6660733222961426,-9.969182014465332,-17.008316040039062,14.6532621383667
2,492134,0.8588361144065857,-13.417449951171875,-9.948616027832031,7.658989906311035
2,492136,-32.035804748535156,-7.229423999786377,-14.676871299743652,-22.153465270996094
2,492138,-13.53693675994873,-2.007692337036133,-31.957538604736328,-28.365379333496094
2,492140,16.37084197998047,-5.683068752288818,-17.45903778076172,-7.332577705383301
2,492142,24.21673011779785,14.27640151977539,21.988765716552734,13.247872352600098
2,492144,47.705284118652344,-7.837220668792725,48.61647033691406,65.40876770019531
2,492146,27.4567813873291,-14.301315307617188,22.387060165405273,55.030799865722656
2,492148,-40.984130859375,27.048612594604492,-0.4484633505344391,23.61284065246582
2,492150,-14.222235679626465,28.123903274536133,7.121111869812012,47.15571975708008
2,492152,-20.12636375427246,6.992128849029541,-53.36162567138672,10.147781372070312
2,492154,-47.65227127075195,-3.5559020042419434,-25.595518112182617,-86.76484680175781
2,492156,33.738258361816406,22.153602600097656,80.49818420410156,-63.38164520263672
2,492158,37.926570892333984,-17.165748596191406,1.4049336910247803,5.6549153327941895
2,492160,24.85132598876953,-51.41161346435547,-29.463790893554688,-24.85820960998535
2,492162,5.646767616271973,13.330382347106934,-0.29429444670677185,6.152476787567139
2,492164,-22.666345596313477,3.8093104362487793,-3.6120269298553467,48.97252655029297
2,492256,-3.1845242977142334,18.769283294677734,25.795637130737305,19.94411849975586
2,492256,-1.9707062244415283,53.51039505004883,4.968626976013184,-5.526366710662842
2,492257,4.7673516273498535,-23.381484985351562,-20.189739227294922,-26.944223403930664
2,492257,10.987747192382812,-27.71307945251465,-0.9069628715515137,-19.866443634033203
2,492257,5.802997589111328,5.335465431213379,11.538219451904297,17.299564361572266
2,492257,2.6929168701171875,0.6850945353507996,0.44123321771621704,32.66572570800781
2,492257,-1.748476266860962,-11.785831451416016,11.476734161376953,29.709497451782227
2,492257,-22.454120635986328,4.824616432189941,7.532934665679932,-1.0878620147705078
2,492258,-34.98518371582031,24.581907272338867,-38.89632797241211,-41.21622848510742
2,492258,0.8630217909812927,-1.8475934267044067,-41.226104736328125,-29.83011817932129
2,492258,25.091726303100586,-22.112764358520508,20.406139373779297,-12.453367233276367
2,492258,-8.90388298034668,-28.917007446289062,22.095067977905273,-26.900463104248047
2,492258,-9.612273216247559,-3.5977704524993896,-11.191731452941895,-13.509881019592285
2,492259,16.815217971801758,4.5050835609436035,16.873008728027344,25.525768280029297
2,492259,21.428943634033203,-5.488976001739502,17.064958572387695,22.043262481689453
2,492259,6.1551194190979,15.083463668823242,-25.436859130859375,12.219718933105469
2,492259,-13.03172779083252,2.198589324951172,-7.738188743591309,13.967039108276367
2,492259,3.1930718421936035,1.8714978694915771,16.808914184570312,12.677538871765137
2,492259,-3.7267072200775146,13.739522933959961,-7.029553413391113,3.0998101234436035
2,492260,-19.549928665161133,-6.5264410972595215,3.3158528804779053,-18.801090240478516
2,492260,-7.148711681365967,-9.875274658203125,-5.937432289123535,-22.031789779663086
2,492260,1.7309380769729614,-13.290912628173828,-18.794939041137695,-7.163015842437744
2,492260,13.07500171661377,2.661290407180786,31.224647521972656,12.62712574005127
2,492260,9.950613021850586,4.0649237632751465,16.975906372070312,16.797788619995117
2,492260,0.6363582015037537,-7.802343368530273,-29.097177505493164,7.48408842086792
2,492261,-9.267404556274414,12.653532981872559,-9.180630683898926,-1.635538935661316
2,492261,0.14143256843090057,18.04842758178711,12.66488265991211,4.558287143707275
2,492261,-1.631410837173462,-5.626532077789307,17.194347381591797,18.756959915161133
2,492261,-25.225561141967773,1.4332083463668823,-2.138145685195923,7.606018543243408
2,492261,15.388280868530273,17.918806076049805,-23.91067886352539,-18.345449447631836
2,492261,19.630962371826172,-11.661576271057129,-6.9895524978637695,-19.51302719116211
2,492262,-24.34552574157715,-20.500520706176758,-2.860748052597046,0.5399052500724792
2,492262,-7.702755928039551,3.3458542823791504,-14.522342681884766,-1.6098754405975342
2,492262,27.022361755371094,3.628636121749878,-1.9162120819091797,3.066331624984741
2,492262,15.730066299438477,-6.1078691482543945,19.980693817138672,23.95729637145996
2,492262,-20.2747859954834,0.04125789925456047,21.225257873535156,17.17862319946289
2,492263,-11.446980476379395,12.911931037902832,12.211262702941895,-1.8049180507659912
2,492263,12.507040023803711,0.4611724019050598,-7.943720817565918,-8.58258056640625
2,492263,1.6691560745239258,-7.948734283447266,-19.888315200805664,-2.686406373977661
2,492263,-8.687485694885254,2.821985960006714,-7.532069683074951,-10.06908893585205
2,492263,-5.591627597808838,-0.4025318920612335,10.521631240844727,-24.915040969848633
2,492263,3.419403076171875,-2.1498336791992188,0.3624025285243988,-3.693018913269043
2,492264,6.872230052947998,-0.3081248700618744,-1.036594271659851,27.40516471862793
2,492264,-11.163625717163086,-5.240572452545166,10.34029769897461,4.041576385498047
2,492264,0.9749941229820251,-29.44507598876953,-6.781131744384766,-14.01152229309082
2,492264,17.23330307006836,-9.591779708862305,-1.1315854787826538,7.607203006744385
2,492265,2.6664037704467773,33.758750915527344,-11.3966703414917,18.2359561920166
2,492265,-9.231642723083496,8.421263694763184,-7.347835063934326,20.864761352539062
2,492266,-6.000834941864014,-0.469232439994812,18.77130126953125,-21.921945571899414
2,492266,-0.5526162981987,26.96820640563965,13.210890769958496,-36.128116607666016
2,492266,4.1042799949646,-20.262968063354492,4.414473056793213,21.71501350402832
2,492267,26.937232971191406,-7.027412414550781,6.962329387664795,39.13581085205078
2,492270,23.148513793945312,79.44818115234375,48.138607025146484,41.50196838378906
2,492271,-18.74751091003418,28.135156631469727,25.60353660583496,4.543409824371338
2,492274,8.519865989685059,-2.928769826889038,-37.30427551269531,-71.78016662597656
2,492275,58.218833923339844,-7.395556926727295,-27.503950119018555,-41.253231048583984
2,492278,-52.594642639160156,-85.6195068359375,-49.641502380371094,-78.90817260742188
2,492279,-118.50910186767578,-44.35832977294922,-40.33005905151367,-70.86511993408203
2,492282,-125.02823638916016,13.660811424255371,24.121131896972656,80.49474334716797
2,492283,-5.149631023406982,-8.72797679901123,34.584693908691406,77.94377136230469
2,492286,164.7169952392578,-31.441200256347656,-0.3684307634830475,62.60965347290039
2,492287,29.74584197998047,-40.50000762939453,-50.18660354614258,1.203721046447754
2,492290,64.96703338623047,64.03880310058594,44.99860763549805,-22.704343795776367
2,492292,49.08231735229492,89.41117095947266,77.19905090332031,34.75596237182617
2,492294,-80.33655548095703,6.907311916351318,-39.92472457885742,-66.29589080810547
2,492296,13.033935546875,-1.0422017574310303,-39.54308319091797,-74.69021606445312
2,492298,2.0195043087005615,-23.79591941833496,5.532768249511719,42.9263801574707
2,492300,13.220940589904785,-24.771453857421875,20.38072395324707,17.978214263916016
2,492302,17.709131240844727,5.177357196807861,8.696932792663574,-21.286239624023438
2,492304,-16.149925231933594,4.207413673400879,2.559605360031128,3.3464443683624268
2,492408,-6.583103179931641,7.810899257659912,21.28253936767578,61.940956115722656
2,492408,-32.70435333251953,16.281953811645508,-4.8938212394714355,50.60798263549805
2,492409,-40.72502136230469,-19.091238021850586,-39.259735107421875,-80.07273864746094
2,492409,-3.4076640605926514,-38.647674560546875,-3.7632241249084473,-25.644405364990234
2,492409,25.146364212036133,-20.029924392700195,-3.1871893405914307,57.4024658203125
2,492409,-9.627445220947266,10.374210357666016,2.3966493606567383,24.892044067382812
2,492409,1.063780665397644,31.943592071533203,22.18180274963379,12.687926292419434
2,492409,45.30527114868164,11.144294738769531,3.1530323028564453,4.127542018890381
2,492410,28.99816131591797,-2.506056785583496,2.2460474967956543,-24.689882278442383
2,492410,-9.089300155639648,-4.316224575042725,-32.69053268432617,-43.304649353027344
2,492410,-24.739641189575195,18.89033317565918,-17.25860595703125,-18.455326080322266
2,492410,-17.842668533325195,7.8040289878845215,18.224464416503906,-27.428791046142578
2,492410,-15.59819507598877,-34.479007720947266,-8.834318161010742,-30.6944522857666
2,492411,7.430084705352783,-5.915566444396973,-7.2140889167785645,20.38944435119629
2,492411,14.723299980163574,-4.508893013000488,12.871274948120117,58.03444290161133
2,492411,-22.240745544433594,-9.395278930664062,22.427919387817383,38.94142532348633
2,492411,-0.6177084445953369,45.41094207763672,-8.860025405883789,-5.810214042663574
2,492411,25.282690048217773,22.741783142089844,-21.32879066467285,-12.528237342834473
2,492411,-6.670276641845703,-25.900123596191406,22.355443954467773,-2.7471845149993896
2,492412,3.058389186859131,2.8973820209503174,7.5750532150268555,-28.492883682250977
2,492412,0.7327842116355896,0.40207594633102417,-24.682706832885742,-43.49378967285156
2,492412,-25.161579132080078,-37.86990737915039,-6.876433849334717,-11.67320442199707
2,492412,2.3649961948394775,-6.00156831741333,-10.797430992126465,3.932626485824585
2,492412,3.1720638275146484,11.658937454223633,4.30645227432251,1.983159065246582
2,492412,-21.39417839050293,-4.473514556884766,26.499771118164062,19.02924919128418
2,492413,33.756324768066406,-12.52534294128418,-5.516205310821533,11.223746299743652
2,492413,59.59164810180664,1.0578134059906006,6.768205642700195,-4.246623992919922
2,492413,5.806399822235107,18.544904708862305,19.51559066772461,26.44971466064453
2,492413,-12.3807954788208,-3.229363441467285,-10.851097106933594,20.182762145996094
2,492413,-10.19502067565918,16.62067413330078,11.06468677520752,-23.042652130126953
2,492413,14.91372299194336,18.99557113647461,-5.58756160736084,-11.752939224243164
2,492414,11.310248374938965,-16.06027603149414,-51.517826080322266,-6.717146873474121
2,492414,-49.49711608886719,-19.0199031829834,3.03848934173584,-13.176458358764648
2,492414,-31.73373794555664,10.217083930969238,13.895702362060547,-1.513822078704834
2,492414,-4.452361106872559,7.634605407714844,-1.5229620933532715,17.816572189331055
2,492414,-6.524717807769775,-8.477094650268555,21.654260635375977,20.32553482055664
2,492415,16.294836044311523,4.886316299438477,-11.067458152770996,-5.667373180389404
2,492415,-4.584408760070801,-4.422039985656738,-11.610523223876953,-3.136045455932617
2,492415,-17.348342895507812,12.916427612304688,28.816471099853516,11.062651634216309
2,492415,-4.654715538024902,14.156225204467773,0.5253669023513794,-5.759931564331055
2,492415,0.5391320586204529,-16.755168914794922,-34.16455078125,-27.535993576049805
2,492415,-20.526247024536133,-21.269041061401367,-11.303122520446777,-11.794519424438477
2,492416,-53.432945251464844,-12.505766868591309,6.784628391265869,13.969853401184082
2,492416,-17.8148250579834,19.10516929626465,8.422751426696777,18.547197341918945
2,492416,10.106806755065918,-4.220376968383789,-3.8298192024230957,7.066464424133301
2,492416,7.0773444175720215,-23.587228775024414,-1.4030522108078003,-0.8046119213104248
2,492416,9.6513032913208,10.311595916748047,12.974250793457031,-1.7723138332366943
2,492416,-10.665422439575195,-6.230996131896973,-2.550265312194824,9.156097412109375
2,492417,12.968013763427734,18.306507110595703,13.1492919921875,1.3172518014907837
2,492417,26.712148666381836,21.429738998413086,13.597955703735352,-14.553311347961426
2,492417,-9.93051528930664,-30.689516067504883,-28.29053497314453,5.790864944458008
2,492417,-5.766459941864014,9.710504531860352,1.6310185194015503,-14.915634155273438
2,492418,40.82328796386719,9.939068794250488,25.52960205078125,-29.90402603149414
2,492418,63.193241119384766,-15.503352165222168,-8.074570655822754,7.661879062652588
2,492419,21.586076736450195,13.659988403320312,-11.436095237731934,11.815717697143555
2,492419,-9.554933547973633,2.669419765472412,6.482775688171387,-7.676476001739502
2,492419,2.0821709632873535,-9.775306701660156,9.941657066345215,2.308645009994507
2,492420,-18.152820587158203,-19.12549591064453,-14.976057052612305,19.85719871520996
2,492422,-117.87290954589844,-9.226863861083984,-28.99551773071289,0.04732806235551834
2,492424,75.8946533203125,-30.56158447265625,45.05353927612305,33.224098205566406
2,492426,239.97525024414062,-13.330240249633789,89.39058685302734,79.98587036132812
2,492428,-54.575477600097656,108.27025604248047,-2.023252487182617,23.664066314697266
2,492430,-75.43375396728516,55.61237335205078,-18.776885986328125,-46.56166458129883
2,492432,-1.0132018327713013,-41.53017044067383,-14.32608413696289,-29.70777130126953
2,492434,-51.65717697143555,5.430718421936035,-50.098121643066406,6.334226608276367
2,492436,-2.26713490486145,-24.876476287841797,-26.79448127746582,-91.1899185180664
2,492438,-23.019855499267578,-14.193737030029297,10.617876052856445,-64.77963256835938
2,492440,45.20875930786133,34.20486831665039,35.81657028198242,43.08327865600586
2,492442,44.45829391479492,-52.0308723449707,-49.4688606262207,-8.25204086303711
2,492444,-176.66213989257812,-34.98851013183594,-65.51532745361328,16.72612190246582
2,492446,-145.80601501464844,6.762112617492676,26.748489379882812,51.040687561035156
2,492448,153.55467224121094,18.80777359008789,58.99614715576172,30.459808349609375
2,492450,120.33837127685547,39.46898651123047,25.31387710571289,41.10956954956055
2,492452,-50.40509033203125,5.297192096710205,-8.754140853881836,-3.924736738204956
2,492454,23.006868362426758,8.166279792785645,15.793702125549316,-49.47637939453125
2,492456,-62.647491455078125,-39.206581115722656,-39.72551345825195,-44.544227600097656
2,492458,-105.72112274169922,-10.918670654296875,-60.35432815551758,-12.511136054992676
2,492573,110.37029266357422,79.71544647216797,66.44471740722656,104.4090805053711
2,492573,78.63166046142578,0.4137229323387146,79.05046844482422,61.7357292175293
2,492573,-32.6191291809082,-33.094085693359375,-48.02998733520508,-116.65678405761719
2,492574,-7.618645191192627,4.142805099487305,-53.64113235473633,-73.07832336425781
2,492574,-18.64433479309082,-26.65690803527832,14.745953559875488,2.726038694381714
2,492574,-10.48718547821045,-18.11554718017578,-5.5417585372924805,2.7030229568481445
2,492574,-4.397164821624756,-8.383752822875977,-15.475358963012695,24.346893310546875
2,492574,12.935866355895996,-22.446353912353516,7.519226551055908,26.703279495239258
2,492574,51.61092758178711,-5.761200428009033,6.326014995574951,10.949974060058594
2,492575,14.78250789642334,27.238157272338867,6.568981647491455,-11.41869068145752
2,492575,-20.66068458557129,18.557945251464844,15.657960891723633,-4.185519695281982
2,492575,6.544992923736572,-0.3214779198169708,10.205862045288086,-5.724271774291992
2,492575,17.352203369140625,16.186803817749023,-19.046222686767578,-25.441370010375977
2,492575,-9.796653747558594,-0.5081816911697388,-24.349876403808594,-10.683905601501465
2,492576,-27.147380828857422,-24.586545944213867,4.911160469055176,-9.765531539916992
2,492576,-32.194210052490234,-28.26143455505371,6.999481201171875,4.031032085418701
2,492576,-11.23363208770752,-0.20076006650924683,18.659700393676758,31.734983444213867
2,492576,24.4119930267334,29.367351531982422,38.433284759521484,22.943565368652344
2,492576,14.764389991760254,8.514318466186523,-6.259456634521484,9.325376510620117
2,492576,-1.156021237373352,-4.103541374206543,-25.649869918823242,10.589229583740234
2,492577,12.384371757507324,13.700862884521484,-0.07821033149957657,4.53859281539917
2,492577,0.1801387518644333,1.6064327955245972,-1.0287069082260132,-25.045948028564453
2,492577,-19.08539390563965,-4.748778820037842,-7.550028324127197,-9.724488258361816
2,492577,3.126769542694092,19.619388580322266,4.484244346618652,2.2915549278259277
2,492577,18.506305694580078,-3.306271553039551,-3.7916574478149414,-7.497227668762207
2,492577,-4.170889854431152,-27.489511489868164,-18.86590576171875,1.110856294631958
2,492578,-23.838714599609375,0.15530669689178467,0.4423592686653137,3.197730541229248
2,492578,-7.749588966369629,29.009767532348633,2.2656683921813965,3.041386842727661
2,492578,16.956064224243164,-3.0247139930725098,10.324203491210938,-5.53677225112915
2,492578,8.320526123046875,-11.381296157836914,24.960317611694336,20.807113647460938
2,492578,10.834526062011719,14.961076736450195,-2.5208542346954346,8.925071716308594
2,492578,27.380916595458984,-1.5757206678390503,-3.725646734237671,-37.879791259765625
2,492579,-3.583510398864746,-13.306262969970703,7.775013446807861,-17.712209701538086
2,492579,-13.259042739868164,-1.2908008098602295,-22.147987365722656,-0.8898816704750061
2,492579,22.13604736328125,16.935951232910156,-18.5096378326416,-15.805135726928711
2,492579,2.85656476020813,-8.067712783813477,-0.10815457999706268,-12.026641845703125
2,492579,-22.83323860168457,-44.07817459106445,-7.720788955688477,20.511137008666992
2,492579,-1.3199268579483032,-23.12803077697754,4.703200340270996,45.2861328125
2,492580,-23.138526916503906,-0.882411539554596,0.5086258053779602,17.875425338745117
2,492580,-20.473806381225586,7.581569671630859,3.417248010635376,-25.81247329711914
2,492580,37.49076461791992,28.318763732910156,-0.3277665078639984,0.6306758522987366
2,492580,-7.568108558654785,-0.9136698842048645,-10.946569442749023,28.018871307373047
2,492580,-58.75369644165039,-28.437294006347656,16.235565185546875,-0.5914003849029541
2,492580,-4.303417682647705,4.918763637542725,5.514764785766602,-0.010177060030400753
2,492581,9.003253936767578,18.691621780395508,-22.07145881652832,0.5485262870788574
2,492581,-14.436491012573242,-4.011432647705078,-4.9702677726745605,7.551680564880371
2,492581,-1.4877407550811768,0.031734488904476166,25.23098373413086,10.932624816894531
2,492581,-2.459911823272705,12.519420623779297,10.899296760559082,-15.020946502685547
2,492581,17.06822395324707,1.2217637300491333,-13.86491870880127,-3.823601484298706
2,492581,30.114259719848633,-6.693057060241699,11.928695678710938,18.240234375
2,492582,-21.101287841796875,6.526365280151367,10.694913864135742,11.359781265258789
2,492582,-21.504247665405273,18.876157760620117,-4.923827648162842,-20.194793701171875
2,492582,7.678827285766602,16.20568084716797,-1.994933009147644,-15.802743911743164
2,492582,1.7467495203018188,1.1186771392822266,-16.934877395629883,6.740128517150879
2,492582,-20.920637130737305,-17.898334503173828,10.45751667022705,-7.653343677520752
2,492583,-37.043216705322266,-0.42625918984413147,5.47861909866333,-16.98231315612793
2,492583,-3.099292755126953,5.0678205490112305,-26.889747619628906,-8.079447746276855
2,492584,-109.45746612548828,-45.68236541748047,-16.810609817504883,8.715099334716797
2,492584,-116.88427734375,-31.29597282409668,13.815666198730469,25.045061111450195
2,492584,130.94752502441406,55.22535705566406,24.333419799804688,13.035656929016113
2,492584,108.3795166015625,19.196359634399414,-9.368401527404785,-9.2378511428833
2,492585,-9.95881462097168,-40.268218994140625,-8.054640769958496,-15.886629104614258
2,492585,0.6159936189651489,-10.674575805664062,-5.308425426483154,-3.4249629974365234
2,492586,100.34081268310547,-16.323970794677734,-0.204576775431633,20.875532150268555
2,492587,170.6676788330078,6.125249862670898,34.99551010131836,27.160940170288086
2,492590,50.693931579589844,93.31546783447266,73.29216766357422,45.957271575927734
2,492591,-5.3666839599609375,72.41802978515625,29.65856170654297,-2.7719688415527344
2,492594,-33.620418548583984,-28.66726303100586,-62.8517951965332,-91.29084777832031
2,492595,-40.687042236328125,-29.623472213745117,-39.17677688598633,-72.22225952148438
2,492598,25.34651756286621,-2.889827013015747,-0.17112872004508972,-30.570816040039062
2,492600,2.446502208709717,-26.412851333618164,-2.5623011589050293,-7.21115255355835
2,492602,-80.7414779663086,-11.024070739746094,13.733253479003906,19.614301681518555
2,492604,-151.00210571289062,14.61093521118164,-8.564425468444824,59.38239669799805
2,492606,-93.92716217041016,-49.63715744018555,-51.078468322753906,58.985008239746094
2,492608,71.50363159179688,-52.19141387939453,-12.5636625289917,7.429202556610107
2,492610,67.27056884765625,46.04335403442383,62.93387222290039,15.987110137939453
2,492612,-28.57255744934082,16.71954917907715,38.599971771240234,29.202953338623047
2,492614,0.7758509516716003,14.904519081115723,-54.54319763183594,-29.836740493774414
2,492616,51.58781051635742,20.11687660217285,-54.15997314453125,-74.97697448730469
2,492618,-5.901425838470459,-60.14845657348633,-0.45349621772766113,-67.10383605957031
2,492620,-32.32781219482422,22.476205825805664,44.39388656616211,-2.4966251850128174
2,492622,11.49577522277832,45.65150833129883,42.448699951171875,54.07083511352539
2,492624,5.5314788818359375,-41.386173248291016,-19.83367919921875,28.272573471069336
2,492626,23.14348793029785,-15.777519226074219,-18.597251892089844,28.858556747436523
2,492752,16.94102668762207,48.00900650024414,7.579059600830078,23.747695922851562
2,492752,-15.357820510864258,35.02971267700195,19.44659423828125,-12.229893684387207
2,492752,-1.9025417566299438,-35.883121490478516,5.422445297241211,-13.321004867553711
2,492752,5.302311897277832,-25.368642807006836,-3.8821988105773926,-2.7760722637176514
2,492753,13.410710334777832,1.8492857217788696,9.831049919128418,31.109466552734375
2,492753,22.5537109375,4.4356465339660645,-4.376979351043701,39.15259552001953
2,492753,11.169319152832031,11.197979927062988,11.559488296508789,13.70061206817627
2,492753,-10.445782661437988,2.579554557800293,4.438501834869385,-28.233409881591797
2,492753,-19.244186401367188,-1.3411813974380493,-32.52077102661133,-61.8481330871582
2,492753,-24.058351516723633,-3.9807770252227783,-30.126087188720703,-49.393131256103516
2,492754,-29.591434478759766,-12.236271858215332,-11.069952964782715,-30.19413185119629
2,492754,-5.854842185974121,-19.524972915649414,9.71211051940918,-9.922961235046387
2,492754,6.145241737365723,-12.495035171508789,1.424830675125122,12.927345275878906
2,492754,-10.296225547790527,1.9856257438659668,-9.714258193969727,15.249764442443848
2,492754,1.7365700006484985,1.6330475807189941,7.8174567222595215,13.147439956665039
2,492754,14.275932312011719,-12.892232894897461,10.543253898620605,30.805137634277344
2,492755,-9.852514266967773,18.52050018310547,12.333846092224121,26.424171447753906
2,492755,-2.728895425796509,42.02871322631836,19.535648345947266,0.8447335958480835
2,492755,13.153935432434082,12.811668395996094,3.0558125972747803,-16.229251861572266
2,492755,-28.469167709350586,-40.04145050048828,-23.928730010986328,-22.506311416625977
2,492755,-32.88822937011719,-18.235515594482422,-27.583118438720703,-30.786251068115234
2,492755,-4.3715925216674805,26.320581436157227,-1.3280866146087646,-11.596498489379883
2,492756,-2.0475428104400635,-29.923471450805664,-1.2570679187774658,24.188114166259766
2,492756,-1.6334642171859741,-9.941991806030273,14.62405776977539,20.844697952270508
2,492756,10.48673152923584,45.928932189941406,19.18735122680664,23.004484176635742
2,492756,33.413055419921875,12.948321342468262,-17.7681827545166,10.644949913024902
2,492756,-4.87288236618042,-15.33359432220459,-2.183117389678955,-4.742594242095947
2,492757,-22.024259567260742,-2.790642499923706,12.01014518737793,4.2475152015686035
2,492757,18.39179039001465,-9.729768753051758,-6.4556684494018555,-12.545117378234863
2,492757,9.265544891357422,-18.413875579833984,-21.279064178466797,-40.137813568115234
2,492757,9.250043869018555,2.0921287536621094,-13.914388656616211,-24.226581573486328
2,492757,-3.8313474655151367,-7.244485855102539,16.713102340698242,11.771947860717773
2,492757,-10.268257141113281,-2.8309643268585205,9.560047149658203,10.64355182647705
2,492758,18.622482299804688,19.194332122802734,8.657807350158691,6.573165416717529
2,492758,16.986061096191406,2.8161075115203857,8.06990909576416,9.552785873413086
2,492758,1.891925573348999,-8.925291061401367,-26.072126388549805,14.766081809997559
2,492758,-11.21757698059082,-6.32328462600708,-1.9172738790512085,17.149141311645508
2,492758,11.951130867004395,11.469840049743652,38.5756721496582,-3.1760969161987305
2,492758,21.85679054260254,44.29018020629883,12.758387565612793,-18.865901947021484
2,492759,-20.480161666870117,9.609725952148438,-22.65175437927246,-6.6600117683410645
2,492759,-25.82634925842285,-26.389986038208008,-15.33976936340332,8.88839054107666
2,492759,-23.6488094329834,25.31142234802246,4.101898193359375,-10.199625015258789
2,492759,-19.315351486206055,17.540895462036133,16.647062301635742,-1.5407772064208984
2,492759,35.795814514160156,-16.242202758789062,14.436763763427734,10.724349975585938
2,492759,26.76178741455078,-6.564699649810791,-7.772688388824463,-3.9928815364837646
2,492760,13.754068374633789,-10.669754981994629,-5.890320301055908,31.515708923339844
2,492760,28.089262008666992,12.707536697387695,10.045774459838867,10.876770973205566
2,492760,-10.66697883605957,-10.33703899383545,-10.92956256866455,-30.269123077392578
2,492760,-0.04471008852124214,-23.054580688476562,-2.47883939743042,5.5810227394104
2,492760,32.77825927734375,17.379776000976562,18.577165603637695,22.5833740234375
2,492760,8.964632034301758,4.053492069244385,1.508086919784546,-6.4804768562316895
2,492761,8.818349838256836,-33.91073226928711,-3.907417058944702,-16.538419723510742
2,492761,24.001953125,-25.953886032104492,1.4265410900115967,23.459762573242188
2,492761,0.4980173110961914,3.5764520168304443,-9.530029296875,2.9343044757843018
2,492761,-12.487930297851562,-4.71490478515625,-14.33841609954834,-25.481525421142578
2,492761,-18.942829132080078,-10.006932258605957,9.849535942077637,18.441036224365234
2,492761,-8.144189834594727,14.38034439086914,9.191884994506836,1.2598462104797363
2,492762,16.030149459838867,1.1553726196289062,-4.080628395080566,-26.73339080810547
2,492762,-22.862760543823242,-16.7724666595459,-0.6124040484428406,1.2764326333999634
2,492762,-38.14057540893555,33.87439727783203,8.585504531860352,4.435980319976807
2,492762,4.597063064575195,19.70800018310547,11.338930130004883,3.2674412727355957
2,492762,-9.476568222045898,-3.8513782024383545,-10.308792114257812,-2.7252142429351807
2,492762,-36.110572814941406,18.922880172729492,-8.114313125610352,2.3526523113250732
2,492764,-134.92849731445312,-30.987337112426758,15.257088661193848,30.076292037963867
2,492764,-102.03277587890625,-21.20970916748047,4.069025993347168,4.516080379486084
2,492764,115.13471984863281,12.270773887634277,-18.629159927368164,-23.02941131591797
2,492764,61.45490264892578,8.102113723754883,-5.9659342765808105,10.4730863571167
2,492764,-28.563613891601562,31.488832473754883,19.896669387817383,6.345254421234131
2,492765,6.944392681121826,5.193419933319092,-0.5258750915527344,-23.89870262145996
2,492766,127.53904724121094,-15.533699989318848,-33.57535934448242,8.282705307006836
2,492769,126.8148422241211,19.087905883789062,3.9061577320098877,45.25972366333008
2,492770,-59.45592498779297,24.300430297851562,58.316837310791016,39.22468948364258
2,492773,12.704453468322754,11.01225757598877,-22.651554107666016,-42.265220642089844
2,492774,71.42526245117188,7.260677337646484,-81.68045806884766,-98.94940948486328
2,492775,-28.25982093811035,-30.61029815673828,8.183182716369629,-26.640024185180664
2,492778,-194.99053955078125,-32.16506576538086,33.12036895751953,-35.857261657714844
2,492779,-135.3925323486328,-21.525705337524414,8.042292594909668,-42.810916900634766
2,492782,246.38406372070312,-36.00194549560547,-21.065793991088867,80.50523376464844
2,492783,121.59603881835938,6.767086029052734,-20.11408805847168,82.05989837646484
2,492786,-223.0406951904297,25.838804244995117,41.29149627685547,4.010003566741943
2,492787,-129.505126953125,-3.212998390197754,-3.514526844024658,-26.396236419677734
2,492790,49.71953582763672,17.896387100219727,-23.67121124267578,47.156803131103516
2,492791,121.45863342285156,3.345968723297119,34.902713775634766,67.29582214355469
2,492794,64.94634246826172,-9.09152889251709,10.707201957702637,-82.93208312988281
2,492795,-10.254608154296875,45.3880500793457,-6.159224033355713,-68.59658813476562
2,492798,-8.237699508666992,-3.8291985988616943,-20.80071258544922,-5.1114888191223145
2,492799,-14.536630630493164,-40.165130615234375,-15.45949649810791,-34.702144622802734
2,492802,-8.504794120788574,13.934664726257324,23.926790237426758,40.23237228393555
2,492803,15.910526275634766,5.335670471191406,27.016788482666016,53.046058654785156
2,492806,-65.17335510253906,-53.14593505859375,-3.544342041015625,-6.385176658630371
2,492807,-81.14529418945312,-28.41098403930664,-7.865085601806641,15.228922843933105
2,492946,67.49723052978516,58.519561767578125,23.372114181518555,-22.076181411743164
2,492946,60.3192138671875,25.46013069152832,-22.504690170288086,-40.00482177734375
2,492946,-16.674226760864258,-37.36836624145508,-18.99019432067871,47.22615051269531
2,492946,8.39020824432373,11.941463470458984,15.017927169799805,57.07121658325195
2,492946,3.8265507221221924,30.808086395263672,-8.92968463897705,26.418659210205078
2,492947,-14.995742797851562,3.5061137676239014,11.449231147766113,-2.0557103157043457
2,492947,12.195114135742188,18.87955665588379,16.709354400634766,-24.654373168945312
2,492947,12.060189247131348,6.6439385414123535,-11.663738250732422,-23.813722610473633
2,492947,-7.930182933807373,-24.784391403198242,-23.22678565979004,-34.0394172668457
2,492947,-16.402099609375,-20.35421371459961,-15.540717124938965,-33.51858901977539
2,492947,-24.296581268310547,-6.9204840660095215,-1.4752771854400635,-17.490774154663086
2,492948,-11.760960578918457,-19.646045684814453,12.499236106872559,11.017072677612305
2,492948,7.959109306335449,-11.618730545043945,12.273588180541992,42.887939453125
2,492948,14.362263679504395,28.003129959106445,-2.4457876682281494,26.27923583984375
2,492948,9.556757926940918,4.434689521789551,-10.395576477050781,3.5707101821899414
2,492948,2.5627856254577637,13.52400016784668,-2.8420491218566895,3.389117479324341
2,492949,-10.574058532714844,37.94071960449219,11.086904525756836,-26.021207809448242
2,492949,-5.985991477966309,-19.50503921508789,-3.038435459136963,-13.299751281738281
2,492949,22.663707733154297,-25.752899169921875,-14.037224769592285,-2.4782650470733643
2,492949,2.370941400527954,4.987000465393066,0.3355664312839508,-12.801753044128418
2,492949,-21.21666145324707,0.21111837029457092,14.83350944519043,1.2517846822738647
2,492949,6.15513801574707,-16.32552146911621,10.215129852294922,-3.590012550354004
2,492950,12.33755111694336,-9.625860214233398,-10.18822956085205,7.580654144287109
2,492950,-3.762725353240967,11.789570808410645,9.277125358581543,24.305477142333984
2,492950,-9.470739364624023,10.776276588439941,19.635116577148438,10.036739349365234
2,492950,11.513620376586914,-7.570361614227295,-22.859846115112305,-16.126867294311523
2,492950,7.743608474731445,-22.88901710510254,-15.685724258422852,-14.55293083190918
2,492950,-21.667306900024414,7.5974555015563965,20.40165138244629,0.8693335056304932
2,492951,-3.638756036758423,23.678850173950195,4.7963738441467285,-19.50794219970703
2,492951,21.473609924316406,-0.8483046293258667,-20.889305114746094,-14.266075134277344
2,492951,-14.289618492126465,-11.573431968688965,-10.509135246276855,-3.2454545497894287
2,492951,-23.852705001831055,-18.126596450805664,4.1430888175964355,-2.7717766761779785
2,492951,20.172897338867188,11.19329833984375,12.7776517868042,38.265098571777344
2,492951,9.709334373474121,26.580717086791992,15.142279624938965,15.223572731018066
2,492952,13.393346786499023,-3.4689648151397705,-5.070523262023926,-19.944927215576172
2,492952,5.0709147453308105,-11.319127082824707,-4.988950729370117,8.655912399291992
2,492952,-14.732758522033691,8.923505783081055,20.428041458129883,7.053072929382324
2,492952,12.88612174987793,9.26429557800293,6.131497859954834,0.8091604709625244
2,492952,-13.955988883972168,-2.6773526668548584,-29.1434326171875,-12.616881370544434
2,492952,-16.763874053955078,-11.032386779785156,-3.690581798553467,-18.743066787719727
2,492953,12.706745147705078,-7.536350727081299,12.78998851776123,8.703368186950684
2,492953,-0.23498453199863434,16.129117965698242,-19.49962615966797,-2.1370177268981934
2,492953,-8.33405590057373,-4.4411444664001465,-9.132570266723633,-9.654388427734375
2,492953,-8.901801109313965,-9.784042358398438,19.753835678100586,10.907325744628906
2,492953,0.2911258339881897,1.3659402132034302,11.58938217163086,11.799128532409668
2,492954,16.114734649658203,-4.079207420349121,-5.167494297027588,1.2444003820419312
2,492954,16.6258487701416,4.9207563400268555,1.456225037574768,-5.266355514526367
2,492954,-6.52213716506958,6.873719215393066,13.907926559448242,5.294401168823242
2,492954,-22.933855056762695,21.958852767944336,2.109346389770508,5.904855728149414
2,492954,0.6699963808059692,-12.43908405303955,3.122859239578247,-10.986584663391113
2,492954,17.78165626525879,-28.07821273803711,4.897656440734863,-11.059300422668457
2,492954,6.133144378662109,7.353797912597656,-19.138364791870117,0.5022978782653809
2,492955,-0.15036502480506897,9.619757652282715,-9.543302536010742,8.256315231323242
2,492955,-7.551294326782227,8.122584342956543,11.70555591583252,1.13563072681427
2,492955,-12.471780776977539,-10.647056579589844,-21.100412368774414,-3.149240493774414
2,492955,-1.566063404083252,-8.891050338745117,-12.402048110961914,-1.6705420017242432
2,492955,-1.5419846773147583,-5.260426044464111,24.15546989440918,2.144073486328125
2,492955,0.8065856695175171,1.7945513725280762,-18.86072540283203,-5.348142147064209
2,492956,10.4740571975708,6.240408897399902,-17.99380874633789,-13.025866508483887
2,492956,-1.1354429721832275,-16.074209213256836,17.865873336791992,-3.9446260929107666
2,492956,-3.5967376232147217,-4.268619060516357,0.4575771987438202,11.184282302856445
2,492956,7.3146185874938965,12.283166885375977,-1.7391384840011597,15.82896614074707
2,492956,-2.5732479095458984,-3.443697690963745,-1.1019295454025269,1.7710416316986084
2,492957,-3.0639491081237793,3.525009870529175,8.13731861114502,12.0390625
2,492957,12.602389335632324,21.79072380065918,35.598663330078125,7.75856876373291
2,492957,-0.004989663138985634,-6.377570629119873,-3.0410730838775635,-24.505191802978516
2,492957,-16.724775314331055,-23.603897094726562,-39.00093078613281,-1.3041894435882568
2,492957,-2.829188346862793,1.9791351556777954,3.847792387008667,15.792885780334473
2,492957,7.386804580688477,21.519758224487305,23.00002670288086,-13.342473030090332
2,492959,-0.7431041598320007,-12.85421085357666,-18.304546356201172,-22.378944396972656
2,492959,7.345613479614258,3.6902711391448975,-19.309499740600586,-18.3470401763916
2,492959,4.334954738616943,18.56721305847168,11.541496276855469,11.97055721282959
2,492959,-8.588295936584473,-21.32276725769043,0.5985694527626038,25.024606704711914
2,492959,2.7778141498565674,8.899606704711914,8.500384330749512,-7.974096298217773
2,492959,4.517388343811035,11.679361343383789,6.679465293884277,-8.16195297241211
2,492961,-11.125236511230469,-31.056013107299805,-27.124849319458008,2.571333885192871
2,492962,2.327820062637329,-22.022199630737305,-10.229022979736328,13.68911361694336
2,492963,24.755552291870117,34.20830154418945,21.548002243041992,74.95794677734375
2,492966,-3.218839168548584,7.477080345153809,27.91718101501465,64.7095947265625
2,492967,-10.672503471374512,-21.812610626220703,22.40366554260254,-18.46253776550293
2,492970,3.856743574142456,51.93882751464844,20.463359832763672,3.9665560722351074
2,492971,-7.16805362701416,9.885087966918945,-19.222332000732422,0.33714860677719116
2,492974,-14.563199043273926,-25.621789932250977,-60.5052375793457,-102.62337493896484
2,492976,-3.9697630405426025,10.679976463317871,-3.215618848800659,-58.398468017578125
2,492978,27.074247360229492,-30.069578170776367,22.42658042907715,3.177978277206421
2,492980,-6.570335388183594,-28.212968826293945,-5.837778568267822,-46.729549407958984
2,492982,-34.0751953125,4.147656440734863,-9.407798767089844,14.060001373291016
2,492984,23.172439575195312,19.154611587524414,17.040180206298828,81.55382537841797
2,492986,20.040508270263672,11.381568908691406,46.665714263916016,36.5051155090332
2,492988,-13.710139274597168,3.741426706314087,18.962488174438477,-11.50849723815918
2,492990,-14.126147270202637,24.156734466552734,-39.10919952392578,8.97092056274414
2,492992,3.6134324073791504,-4.270333290100098,-52.54087829589844,20.53298568725586
2,492994,23.058002471923828,-27.398433685302734,7.990782260894775,-57.47673034667969
2,492996,4.545526027679443,1.2524352073669434,17.748756408691406,-35.45671463012695
2,492998,-19.432374954223633,-5.571703910827637,-16.843217849731445,8.265117645263672
2,493000,-19.583017349243164,-30.14948081970215,-1.9489092826843262,-43.32169723510742
2,493002,16.47397804260254,12.92149829864502,4.1518354415893555,4.155048370361328
2,493148,16.345848083496094,42.963096618652344,29.715974807739258,111.34066009521484
2,493148,-22.716617584228516,-3.119450330734253,35.63831329345703,54.20708084106445
2,493148,-1.3700850009918213,-18.06368637084961,-28.61081314086914,-81.06581115722656
2,493148,8.587448120117188,-9.109848976135254,-15.382349967956543,-42.48996353149414
2,493148,3.021723508834839,-20.14191246032715,14.708904266357422,41.59886932373047
2,493148,14.166677474975586,14.756058692932129,4.6723527908325195,41.231040954589844
2,493149,-12.713675498962402,27.70825958251953,-3.348472833633423,7.26816463470459
2,493149,3.7691972255706787,3.5484769344329834,-0.6388036608695984,12.047295570373535
2,493149,26.999710083007812,18.978055953979492,-4.233589172363281,8.250236511230469
2,493149,-9.400607109069824,-0.1618470996618271,-25.547882080078125,-46.33034896850586
2,493149,-15.168206214904785,-12.912148475646973,-10.580281257629395,-44.46658706665039
2,493150,-10.581789016723633,-11.418061256408691,-16.17343521118164,-19.00075340270996
2,493150,-25.08559799194336,-32.64174270629883,-2.832590341567993,-18.13344955444336
2,493150,7.019715785980225,9.761906623840332,20.365652084350586,-21.821212768554688
2,493150,28.92263412475586,20.16581916809082,10.413125038146973,5.143145561218262
2,493150,-6.387981414794922,-8.984162330627441,8.263012886047363,58.95169448852539
2,493150,-8.677345275878906,4.00868558883667,-2.55883526802063,36.860042572021484
2,493151,-10.239108085632324,-10.154293060302734,15.758227348327637,-2.5356757640838623
2,493151,-3.884835720062256,2.6044206619262695,20.245250701904297,-2.759200096130371
2,493151,27.532569885253906,24.518938064575195,-21.734580993652344,-19.0068302154541
2,493151,-6.44332218170166,-2.7844760417938232,-30.692323684692383,-29.20568084716797
2,493151,-10.71557331085205,-20.224470138549805,-8.961568832397461,-33.86555480957031
2,493151,14.485787391662598,-4.1716203689575195,12.99696159362793,-1.141708493232727
2,493152,-14.321355819702148,16.922229766845703,9.022591590881348,16.761451721191406
2,493152,5.076166152954102,-9.100019454956055,-5.578680038452148,0.664195716381073
2,493152,11.21408748626709,-12.233783721923828,9.084927558898926,11.892354011535645
2,493152,-4.033350944519043,3.856318473815918,14.890750885009766,24.808719635009766
2,493152,22.53024673461914,12.835871696472168,-5.359389305114746,16.08002281188965
2,493152,-5.125968933105469,10.470309257507324,-17.5335750579834,-7.7536773681640625
2,493153,-33.376285552978516,-13.049408912658691,6.709043979644775,-8.137260437011719
2,493153,-6.553645610809326,-0.3607156276702881,10.617719650268555,-15.657140731811523
2,493153,23.429033279418945,1.5500215291976929,-27.22075653076172,-34.808204650878906
2,493153,13.30914306640625,-12.888190269470215,-5.8480448722839355,-12.386658668518066
2,493153,-15.484135627746582,-3.9543533325195312,30.762048721313477,23.486488342285156
2,493154,-12.06860065460205,5.366477012634277,8.253379821777344,13.681500434875488
2,493154,5.32429313659668,2.9986205101013184,-10.430838584899902,-4.414459228515625
2,493154,3.1809475421905518,-4.822789192199707,2.876506805419922,23.268590927124023
2,493154,-16.103967666625977,12.42447280883789,8.796586990356445,1.2551791667938232
2,493154,-2.133847236633301,11.494925498962402,-12.603883743286133,-12.60633659362793
2,493154,16.639291763305664,-17.33477210998535,-7.502528667449951,16.921903610229492
2,493155,13.30631160736084,6.48898458480835,18.556594848632812,-4.978328704833984
2,493155,-0.036926157772541046,30.851116180419922,-2.6058671474456787,-19.800146102905273
2,493155,-17.012510299682617,-31.63060188293457,-19.326915740966797,-15.780107498168945
2,493155,-4.704569339752197,-29.051780700683594,4.381064414978027,1.5072773694992065
2,493155,13.981569290161133,35.50466537475586,5.601037502288818,12.681329727172852
2,493155,12.56760025024414,5.114960193634033,5.394430637359619,5.794615268707275
2,493156,2.7062888145446777,-14.64395523071289,5.9454498291015625,2.153111457824707
2,493156,-11.261881828308105,-9.080864906311035,-3.3726487159729004,13.730714797973633
2,493156,-5.972275257110596,-0.5745484232902527,6.664126873016357,18.357385635375977
2,493156,15.777558326721191,18.8414306640625,-7.984521865844727,-15.780495643615723
2,493156,0.45624712109565735,2.7774457931518555,-7.282546043395996,-9.985841751098633
2,493156,-7.554487228393555,-12.530527114868164,11.925332069396973,-0.35920900106430054
2,493157,1.5090960264205933,-10.499176979064941,-12.595354080200195,-11.372077941894531
2,493157,-1.0851733684539795,1.7383183240890503,-12.368210792541504,16.550281524658203
2,493157,-6.153613090515137,-1.3074268102645874,12.18393325805664,23.28376579284668
2,493157,-6.485401153564453,5.8239264488220215,4.9164252281188965,-8.063715934753418
2,493157,8.655929565429688,23.820980072021484,-2.775592803955078,-28.46170425415039
2,493157,-3.5665595531463623,-12.448079109191895,0.8098857402801514,2.1023902893066406
2,493158,-25.526960372924805,-10.337321281433105,0.8350209593772888,26.562664031982422
2,493158,-6.5667243003845215,7.01706600189209,8.009305953979492,-16.51285743713379
2,493158,32.41585159301758,2.9074604511260986,1.7407349348068237,-18.05512046813965
2,493158,18.749736785888672,7.367681980133057,-28.430429458618164,12.810408592224121
2,493158,-20.09050941467285,-8.781895637512207,-1.5144996643066406,-8.704950332641602
2,493158,0.0943676307797432,-21.15645408630371,15.686914443969727,-4.694410800933838
2,493159,-5.0072855949401855,-19.11886978149414,-15.037436485290527,7.260193347930908
2,493159,-8.74735164642334,20.42622184753418,10.421756744384766,-4.982604503631592
2,493159,27.087705612182617,3.4095377922058105,10.138318061828613,11.108043670654297
2,493159,-2.046616554260254,-7.539318561553955,-4.692946910858154,21.25716209411621
2,493159,-14.660287857055664,24.127592086791992,-4.645425319671631,-7.773560047149658
2,493159,5.376494407653809,-28.116214752197266,-11.665082931518555,-9.772764205932617
2,493160,2.3658621311187744,-17.864078521728516,27.481040954589844,14.726094245910645
2,493160,-3.2016351222991943,45.6240119934082,7.695934772491455,2.5655713081359863
2,493160,-20.08189582824707,2.3538289070129395,-34.373714447021484,-6.043343544006348
2,493161,14.099285125732422,-33.583126068115234,-6.157598495483398,25.928619384765625
2,493161,22.966794967651367,16.41645622253418,15.115601539611816,27.975114822387695
2,493162,-15.801801681518555,29.345815658569336,21.939706802368164,-17.2736759185791
2,493162,-5.489683628082275,-19.241933822631836,-2.2166781425476074,-11.172307968139648
2,493162,9.767765045166016,-19.981975555419922,-26.910083770751953,-7.105863094329834
2,493162,2.759465456008911,8.539056777954102,7.515441417694092,-4.579110622406006
2,493162,-2.7218117713928223,5.259736061096191,5.024307727813721,3.797497034072876
2,493164,-9.920495986938477,-1.385297417640686,-10.523176193237305,-13.716943740844727
2,493166,-0.0923662930727005,16.23894500732422,28.931272506713867,23.532766342163086
2,493168,11.7220458984375,24.465839385986328,8.191238403320312,49.975311279296875
2,493170,2.0974040031433105,7.56268310546875,-27.24820327758789,6.0131683349609375
2,493172,2.7357892990112305,-15.82640552520752,6.615655422210693,-47.9736213684082
2,493174,-17.095394134521484,-6.68618631362915,-2.0986649990081787,-51.685150146484375
2,493176,-11.015666007995605,22.619640350341797,-33.78403091430664,-33.980552673339844
2,493178,5.816884994506836,-18.398561477661133,13.986002922058105,-42.26470947265625
2,493180,-6.334704875946045,-27.752155303955078,23.525571823120117,-22.994583129882812
2,493182,1.815271019935608,-22.092674255371094,-0.20819352567195892,54.812744140625
2,493184,7.4911017417907715,-13.833617210388184,8.57650089263916,69.05793762207031
2,493186,10.414514541625977,39.32603454589844,5.730044841766357,27.6505126953125
2,493188,-8.71739673614502,-0.04482648894190788,-5.069679260253906,14.00971508026123
2,493190,2.4747328758239746,10.416548728942871,-1.4757789373397827,2.276371479034424
2,493192,27.757843017578125,41.283973693847656,19.826269149780273,-4.915581703186035
2,493194,-17.349925994873047,-13.374646186828613,-17.206451416015625,-51.24834442138672
2,493196,-25.36209487915039,-39.87972640991211,-43.60926818847656,-69.58824920654297
2,493198,-5.503925323486328,-44.849605560302734,-15.37938404083252,-4.861401557922363
2,493200,16.427776336669922,17.71233558654785,14.228328704833984,35.22777557373047
2,493202,7.445065975189209,13.336953163146973,29.9118595123291,39.89516830444336
2,493204,-10.272482872009277,-16.735576629638672,28.2668399810791,26.663293838500977
2,493206,16.71175765991211,40.11209487915039,-2.4372732639312744,-5.342681884765625
2,493208,9.445182800292969,8.295597076416016,-33.31106948852539,-1.3545010089874268
2,493364,-21.808698654174805,-51.98982238769531,-30.6868839263916,-45.49339294433594
2,493364,-31.40029525756836,-13.686482429504395,-3.267927408218384,-45.399776458740234
2,493365,23.751937866210938,41.04926681518555,52.755462646484375,79.80765533447266
2,493365,33.44272232055664,7.560670375823975,9.645989418029785,55.72795104980469
2,493365,-17.687837600708008,-11.057011604309082,-42.136749267578125,1.0574795007705688
2,493365,1.8143415451049805,27.45063591003418,23.363500595092773,3.7622740268707275
2,493365,16.90424346923828,17.0629940032959,12.73160171508789,-38.26808166503906
2,493365,-7.849907875061035,-1.412717342376709,-45.355064392089844,-30.01849365234375
2,493366,-27.56234359741211,-11.058555603027344,-21.963058471679688,-31.56480598449707
2,493366,-30.38496971130371,-41.83313751220703,23.120208740234375,-20.913999557495117
2,493366,17.464923858642578,-1.2437467575073242,34.53124237060547,17.329795837402344
2,493366,39.51289367675781,27.391464233398438,7.22730016708374,14.545888900756836
2,493366,-4.342646598815918,-3.505618095397949,3.9358372688293457,27.225698471069336
2,493367,-14.35519027709961,-8.784976959228516,16.837697982788086,35.48918151855469
2,493367,18.242935180664062,10.84323501586914,0.7079555988311768,6.202807426452637
2,493367,-1.3280307054519653,27.897737503051758,-6.735508918762207,-8.107958793640137
2,493367,-10.912939071655273,-9.961691856384277,-2.8938872814178467,-12.03958511352539
2,493367,11.706791877746582,3.859102249145508,2.2855958938598633,-23.309133529663086
2,493367,-10.095473289489746,4.570618152618408,-2.187431812286377,-3.0928244590759277
2,493368,-0.7325909733772278,-19.985652923583984,-11.043729782104492,-4.021116256713867
2,493368,11.148822784423828,7.0930633544921875,7.616497039794922,-15.196732521057129
2,493368,4.733481407165527,-20.37468910217285,2.0411550998687744,10.690449714660645
2,493368,-4.853374004364014,-6.717097282409668,-23.677486419677734,18.596647262573242
2,493368,-21.21776008605957,26.073423385620117,8.403092384338379,29.78499412536621
2,493368,7.960798263549805,10.423733711242676,28.42042350769043,2.4590353965759277
2,493369,9.982355117797852,7.929773330688477,-15.524755477905273,-24.264480590820312
2,493369,-5.560693264007568,-1.9542872905731201,-25.76734161376953,-8.686897277832031
2,493369,-3.7551181316375732,-26.15488052368164,2.770965814590454,-6.856194019317627
2,493369,-12.289024353027344,-10.339526176452637,6.563930511474609,1.3175771236419678
2,493369,8.157733917236328,17.49713897705078,-1.6654729843139648,-17.071575164794922
2,493369,20.586950302124023,-0.40542247891426086,-0.0014064628630876541,-20.08321762084961
2,493370,0.7791160345077515,-9.049888610839844,-6.730246067047119,7.921744346618652
2,493370,-15.810112953186035,-8.735567092895508,-3.8200953006744385,23.222726821899414
2,493370,1.8543263673782349,-3.552785873413086,19.42532730102539,12.732365608215332
2,493370,8.85940170288086,5.959827899932861,7.551675796508789,-4.483093738555908
2,493370,-15.670308113098145,10.025140762329102,-30.13251495361328,-9.345858573913574
2,493370,5.909995079040527,6.854414463043213,-21.182628631591797,-20.5274658203125
2,493371,1.1045118570327759,-13.998579025268555,7.715979099273682,-15.322904586791992
2,493371,-17.940977096557617,2.6258885860443115,-0.16058126091957092,1.914768099784851
2,493371,6.73415994644165,20.37014389038086,4.596866130828857,10.15787124633789
2,493371,0.08637601137161255,-18.80314064025879,14.854403495788574,-1.3358545303344727
2,493371,4.237608909606934,-29.055665969848633,-2.502304792404175,-8.641134262084961
2,493372,6.349517822265625,21.226673126220703,-11.32504653930664,13.251502990722656
2,493372,4.562845706939697,23.496929168701172,10.359670639038086,32.84907150268555
2,493372,13.359918594360352,-8.451428413391113,9.936785697937012,-2.569255828857422
2,493372,-2.482797622680664,8.911508560180664,-22.38772964477539,-35.424739837646484
2,493372,-11.56585693359375,3.8487226963043213,-9.05717658996582,7.449420928955078
2,493372,3.1146481037139893,-33.94657897949219,25.56570053100586,23.807403564453125
2,493373,-1.9159096479415894,-2.623654842376709,7.251011848449707,-1.8808481693267822
2,493373,-34.47249221801758,40.427223205566406,-1.5974011421203613,-17.687238693237305
2,493373,21.888736724853516,-5.32488489151001,-6.445580005645752,-12.1585111618042
2,493373,24.488567352294922,-40.20220184326172,-12.385415077209473,14.377701759338379
2,493373,-37.680946350097656,5.830760955810547,22.22500991821289,4.413889408111572
2,493373,-1.1011155843734741,14.123584747314453,-15.170170783996582,-6.503948211669922
2,493374,1.3604296445846558,-9.419496536254883,-7.990082263946533,11.917732238769531
2,493374,8.61145305633545,1.6921236515045166,40.568031311035156,14.717533111572266
2,493374,24.90928840637207,1.45016348361969,0.23261170089244843,-3.643561363220215
2,493374,-8.806695938110352,4.527500152587891,-18.40838623046875,-11.111613273620605
2,493374,-18.865842819213867,-0.1892523467540741,3.0732476711273193,-7.728058815002441
2,493374,-1.2151070833206177,6.579868316650391,4.278690814971924,-9.519675254821777
2,493375,19.50551986694336,2.8273022174835205,-16.97209358215332,-0.025103788822889328
2,493375,6.603327751159668,-23.741029739379883,-14.039072036743164,8.930694580078125
2,493375,-14.395183563232422,1.3433386087417603,4.688021183013916,0.39939531683921814
2,493375,-10.938365936279297,27.187255859375,17.230037689208984,-3.919520139694214
2,493375,-5.435155868530273,5.818630218505859,-6.769346237182617,-18.150711059570312
2,493375,18.40278434753418,-22.524497985839844,-21.58833885192871,-7.2655863761901855
2,493376,10.188109397888184,-7.494929790496826,17.275100708007812,39.18206787109375
2,493376,-27.1564884185791,2.00555682182312,13.284890174865723,19.254898071289062
2,493376,8.496903419494629,2.9352097511291504,-8.54180908203125,-24.413124084472656
2,493376,22.730079650878906,9.808619499206543,4.544456481933594,-5.967652797698975
2,493376,-24.980121612548828,0.8772073984146118,-0.18961168825626373,5.355755805969238
2,493376,-16.33234977722168,-5.008110523223877,6.458425998687744,-11.503945350646973
2,493377,19.377822875976562,1.6917366981506348,-6.654322147369385,3.8403005599975586
2,493377,9.636730194091797,5.441155910491943,-19.386281967163086,4.416790008544922
2,493377,5.226161956787109,-6.205948352813721,12.64168930053711,-10.771506309509277
2,493377,-7.294041156768799,4.857310771942139,13.954009056091309,-5.722485065460205
2,493377,-4.829960346221924,6.371484756469727,4.659640789031982,0.13483375310897827
2,493377,24.847394943237305,-17.986522674560547,-6.899744033813477,7.169520854949951
2,493379,-16.97941017150879,-21.49262046813965,-14.73421859741211,-24.962665557861328
2,493379,-33.99811935424805,-8.436094284057617,-9.028616905212402,-22.63241958618164
2,493379,22.352079391479492,21.9600830078125,1.6466585397720337,33.031455993652344
2,493379,15.640762329101562,17.39512825012207,-0.5948330760002136,32.95433044433594
2,493379,-9.574630737304688,-19.960004806518555,-10.577773094177246,-4.700894355773926
2,493380,-3.381432056427002,-26.577198028564453,3.2759602069854736,-5.6241841316223145
2,493380,2.52079701423645,4.428194046020508,3.748443603515625,10.554906845092773
2,493381,-1.934476375579834,27.60452651977539,19.679187774658203,-12.579402923583984
2,493382,-4.430163383483887,-16.168121337890625,27.143396377563477,18.052690505981445
2,493384,29.50929069519043,1.6658647060394287,-3.742483615875244,50.85360336303711
2,493386,11.622491836547852,63.187191009521484,10.659789085388184,58.49029541015625
2,493388,-21.36622428894043,26.033721923828125,19.235492706298828,46.56203079223633
2,493390,-2.1721129417419434,-20.564586639404297,-0.33240875601768494,0.43063828349113464
2,493392,7.843169212341309,-16.220232009887695,-23.76085662841797,-44.42076873779297
2,493394,-9.574337005615234,-0.7511228919029236,-16.817100524902344,-140.13595581054688
2,493396,-19.364595413208008,4.505350589752197,28.66866111755371,-65.7292709350586
2,493398,2.95554256439209,-9.704442024230957,-18.744977951049805,31.551733016967773
2,493400,2.6144871711730957,-17.610431671142578,-38.48257827758789,-20.219863891601562
2,493402,-4.5967302322387695,-20.204130172729492,-14.534343719482422,11.272906303405762
2,493404,24.6688175201416,-8.452756881713867,-22.886545181274414,42.80244827270508
2,493406,0.7733801007270813,1.1911059617996216,29.778207778930664,34.67063903808594
2,493408,-24.1743106842041,-4.55918550491333,24.95326042175293,18.92136573791504
2,493411,5.0253586769104,49.96346664428711,11.748473167419434,6.849414348602295
2,493412,3.3944034576416016,34.46413803100586,25.846229553222656,-3.6437487602233887
2,493415,5.157801151275635,-42.49851989746094,-38.19308853149414,-48.15817642211914
2,493416,-8.561575889587402,-16.02924156188965,-22.721900939941406,-8.071657180786133
2,493419,-8.272723197937012,5.420851707458496,5.492143154144287,-11.759943008422852
2,493420,17.058330535888672,-20.045747756958008,-28.636775970458984,-58.82846450805664
2,493423,-9.334529876708984,-34.416988372802734,21.916566848754883,70.59273529052734
2,493424,-6.339923858642578,4.945466995239258,47.283607482910156,84.24727630615234
2,493425,21.187217712402344,50.04726791381836,6.621166229248047,-49.474884033203125
2,493428,9.753865242004395,22.336856842041016,-0.5501935482025146,3.246330738067627
2,493594,-21.563976287841797,-11.745528221130371,-23.16148567199707,-31.445348739624023
2,493594,-13.420450210571289,-18.94420051574707,-30.11411476135254,-71.71975708007812
2,493594,23.82086753845215,9.551836967468262,34.05185317993164,97.958251953125
2,493594,7.747236728668213,24.40990447998047,29.04195213317871,65.0316390991211
2,493594,2.4442052841186523,3.355546712875366,-18.663846969604492,-8.460225105285645
2,493595,-13.083084106445312,-4.191505432128906,-8.27509880065918,14.029497146606445
2,493595,-31.971452713012695,1.0480237007141113,-5.572550296783447,-31.047990798950195
2,493595,4.530854225158691,4.307108402252197,-10.946296691894531,-46.80665588378906
2,493595,11.547825813293457,-29.398651123046875,-15.473862648010254,-47.41971206665039
2,493595,13.686254501342773,-20.46995735168457,-15.500226020812988,-25.64947509765625
2,493596,5.256361961364746,6.8839030265808105,10.573381423950195,19.89273452758789
2,493596,-5.065239429473877,-16.727222442626953,-0.5056029558181763,21.169782638549805
2,493596,-4.411690711975098,-6.1703267097473145,-10.68789291381836,17.78877830505371
2,493596,-7.392428398132324,3.652448892593384,27.571880340576172,17.82724952697754
2,493596,17.96879768371582,11.555699348449707,26.035354614257812,7.563436031341553
2,493596,-9.34663200378418,32.10625076293945,-1.873364806175232,8.061965942382812
2,493597,-24.072904586791992,4.431456565856934,-8.629937171936035,-36.337772369384766
2,493597,12.58421802520752,-15.53604507446289,-20.467205047607422,-53.81304931640625
2,493597,2.9054811000823975,-5.485390663146973,-13.132040977478027,-14.003767013549805
2,493597,-6.728024005889893,-16.940677642822266,-2.089489698410034,-8.194772720336914
2,493597,-1.061672568321228,-12.805088996887207,16.33098030090332,13.713479995727539
2,493597,17.605648040771484,22.35176658630371,32.37192916870117,41.82394790649414
2,493598,11.91305160522461,24.764972686767578,-4.001588821411133,12.28339958190918
2,493598,-9.258111000061035,-17.600313186645508,-16.22439956665039,15.243861198425293
2,493598,5.534811019897461,-17.89631462097168,10.65473747253418,30.004545211791992
2,493598,0.7281278371810913,36.675758361816406,3.4579358100891113,-4.636719703674316
2,493598,4.4684834480285645,16.888818740844727,-4.13655948638916,-6.534581184387207
2,493599,17.591827392578125,-15.894869804382324,-3.4127602577209473,-9.705909729003906
2,493599,-12.25120735168457,-10.180035591125488,-16.530332565307617,-23.471590042114258
2,493599,-21.828893661499023,-11.087990760803223,2.7075114250183105,0.7415143251419067
2,493599,-7.088822364807129,-2.3469295501708984,9.388873100280762,9.906288146972656
2,493599,-12.292350769042969,-25.15218162536621,1.2730070352554321,1.0509567260742188
2,493599,11.130749702453613,-9.988171577453613,-13.580231666564941,25.426389694213867
2,493600,27.62581443786621,36.6923828125,-5.794600963592529,14.243889808654785
2,493600,-4.178653717041016,11.375855445861816,11.238350868225098,-24.262516021728516
2,493600,-15.511483192443848,-33.349464416503906,-6.510144233703613,-2.6732614040374756
2,493600,-12.333818435668945,-0.4488851726055145,-0.05816302075982094,7.491063117980957
2,493600,-8.94632625579834,27.141481399536133,10.294695854187012,1.3632451295852661
2,493600,21.497804641723633,4.808599948883057,-2.2532601356506348,3.4995970726013184
2,493601,18.326642990112305,-10.456670761108398,-24.07910919189453,-15.787602424621582
2,493601,2.0150694847106934,-3.3970794677734375,-6.673558712005615,-13.141256332397461
2,493601,-5.9887800216674805,13.819241523742676,30.431583404541016,20.354942321777344
2,493601,-20.56332015991211,-2.918527603149414,8.619648933410645,26.433277130126953
2,493601,4.3420305252075195,-9.599483489990234,-7.803883075714111,8.502778053283691
2,493601,4.606349945068359,11.631072998046875,10.353035926818848,-6.7706990242004395
2,493602,3.374577045440674,2.0616025924682617,-0.6610594987869263,-21.61855125427246
2,493602,16.204544067382812,-18.809690475463867,-5.110668182373047,-15.558880805969238
2,493602,-23.587024688720703,3.3984386920928955,5.45986270904541,17.086776733398438
2,493602,-10.295427322387695,6.556765556335449,-1.8881113529205322,4.662745475769043
2,493602,25.237688064575195,5.950932025909424,14.48835563659668,-25.813798904418945
2,493602,3.151395320892334,15.76148509979248,13.49109172821045,7.6235432624816895
2,493603,-3.5815885066986084,-3.1944785118103027,-11.433980941772461,13.976296424865723
2,493603,-3.5350959300994873,-4.876722812652588,0.42854273319244385,-7.189546585083008
2,493603,-4.756508827209473,11.271392822265625,-4.506473541259766,18.877092361450195
2,493603,12.628893852233887,4.373473167419434,17.819059371948242,13.496338844299316
2,493603,12.286833763122559,1.5319725275039673,13.646453857421875,-29.145511627197266
2,493603,-16.975616455078125,-1.7270232439041138,-29.73307991027832,-2.985751152038574
2,493604,-18.782228469848633,-21.839801788330078,-0.1939503699541092,14.129939079284668
2,493604,19.382781982421875,-0.13043208420276642,17.888145446777344,-23.182851791381836
2,493604,0.4131409227848053,10.535845756530762,-3.8170924186706543,-17.060644149780273
2,493604,-29.698612213134766,-1.0587154626846313,-23.543243408203125,-6.604605674743652
2,493604,19.635826110839844,-19.59219741821289,-13.470974922180176,-22.422117233276367
2,493604,8.557171821594238,-20.745840072631836,-10.574140548706055,8.444192886352539
2,493605,-23.51239585876465,13.341629028320312,11.405143737792969,22.962047576904297
2,493605,19.60237693786621,18.064912796020508,23.339614868164062,-9.37891674041748
2,493605,-0.39256420731544495,9.16447639465332,-37.07140350341797,-3.829777956008911
2,493605,-27.28822898864746,-12.11577033996582,-26.241168975830078,-0.35556358098983765
2,493605,2.433799982070923,-22.556440353393555,24.984756469726562,18.73031997680664
2,493605,-0.6178392767906189,3.5987672805786133,11.969718933105469,24.336734771728516
2,493606,7.633301734924316,33.00160598754883,3.6307427883148193,5.3539276123046875
2,493606,7.476387977600098,2.0664680004119873,9.499438285827637,12.202950477600098
2,493606,6.018855094909668,-25.25874137878418,-6.937799453735352,-7.816028118133545
2,493606,1.1729234457015991,-1.499124526977539,-13.007908821105957,-4.5911407470703125
2,493606,-29.310150146484375,4.354678153991699,5.662576675415039,37.51133346557617
2,493606,1.2978315353393555,22.389728546142578,21.095979690551758,15.061083793640137
2,493607,21.34716033935547,23.31742286682129,21.015470504760742,-28.012046813964844
2,493607,19.445785522460938,-0.2762024402618408,5.2017621994018555,-9.96906852722168
2,493607,18.395183563232422,-29.69767951965332,-11.871548652648926,-4.773656368255615
2,493607,-17.052623748779297,-16.5030460357666,-5.21506929397583,-5.570856094360352
2,493607,-16.336111068725586,24.656423568725586,-15.466175079345703,7.3806376457214355
2,493608,-5.565638542175293,-10.52072811126709,-6.21030855178833,-0.5378268957138062
2,493608,2.507134437561035,-9.327983856201172,17.71245574951172,-7.004629135131836
2,493608,32.13656997680664,17.613975524902344,-9.542133331298828,-16.200422286987305
2,493609,-10.520407676696777,-20.9520206451416,-7.453673839569092,-2.541829824447632
2,493609,-32.697818756103516,-11.452754020690918,5.786831378936768,15.179765701293945
2,493610,4.720006942749023,11.106048583984375,-0.29184404015541077,-4.369361400604248
2,493610,-7.830260276794434,4.878781795501709,-5.755290985107422,-15.728767395019531
2,493610,3.834881067276001,22.254058837890625,-13.575190544128418,-10.54338550567627
2,493610,16.97422218322754,3.483325958251953,5.777581214904785,6.562268257141113
2,493610,2.488564968109131,-17.924577713012695,17.837657928466797,14.165074348449707
2,493612,9.056172370910645,21.783458709716797,6.233303546905518,-18.471803665161133
2,493612,-10.760696411132812,18.620967864990234,-12.438899040222168,-18.689311981201172
2,493614,-29.59882354736328,-51.825504302978516,-61.11332321166992,-35.711299896240234
2,493616,1.9093165397644043,-48.50410079956055,-49.694305419921875,-84.59049987792969
2,493618,22.153900146484375,9.209261894226074,42.19548797607422,-44.59425735473633
2,493620,5.459646701812744,3.313427686691284,39.637718200683594,45.47789001464844
2,493622,-10.659829139709473,-10.029738426208496,-0.5384602546691895,124.53507995605469
2,493624,6.422017574310303,2.2067861557006836,7.9995293617248535,108.79901123046875
2,493626,24.317550659179688,12.702705383300781,17.683210372924805,-28.15581703186035
2,493628,-13.231975555419922,26.493711471557617,15.637104988098145,-53.97412109375
2,493630,-23.083051681518555,21.928955078125,-11.127448081970215,29.50828742980957
2,493632,23.81492042541504,39.458351135253906,8.871878623962402,22.103776931762695
2,493634,4.876767635345459,-1.6899454593658447,28.96924591064453,-24.71174430847168
2,493636,-23.67607307434082,-43.0404052734375,-18.23427963256836,-77.851806640625
2,493639,5.126031875610352,-0.34915605187416077,-47.1865234375,-47.03632736206055
2,493640,-15.021170616149902,-44.3730583190918,-19.493762969970703,57.1763916015625
2,493643,5.793167591094971,-8.334232330322266,42.51059341430664,72.33257293701172
2,493644,31.631221771240234,50.68624496459961,33.26251983642578,-22.576242446899414
2,493647,-17.240985870361328,-11.587453842163086,-26.614580154418945,-36.454341888427734
2,493648,-13.18082046508789,3.3932909965515137,-32.792850494384766,84.40955352783203
2,493651,16.66438865661621,15.248982429504395,2.0977585315704346,32.39424514770508
2,493652,1.8197534084320068,-2.6689581871032715,32.56525421142578,-80.49434661865234
2,493655,-7.876166820526123,8.387151718139648,3.229039430618286,-39.49726867675781
2,493656,18.442119598388672,0.5328173637390137,-13.846869468688965,25.133867263793945
2,493657,-19.308242797851562,-14.03377628326416,-16.343303680419922,7.3742170333862305
2,493660,-35.868038177490234,-13.90542221069336,2.9281938076019287,-57.441287994384766
2,493661,17.82171058654785,4.181431293487549,46.720062255859375,-10.98354721069336
2,493837,23.988571166992188,28.79848861694336,-16.377079010009766,28.508853912353516
2,493837,-6.63009786605835,0.3547716736793518,-66.63134765625,-41.66096496582031
2,493838,-24.824913024902344,-47.41394805908203,3.8851053714752197,-22.4612979888916
2,493838,-1.4102377891540527,-14.777259826660156,33.214847564697266,32.710899353027344
2,493838,24.001615524291992,25.896413803100586,11.71539306640625,18.582317352294922
2,493838,16.72808265686035,10.104015350341797,19.102703094482422,43.04948425292969
2,493838,-4.468050956726074,-16.203527450561523,-5.567133903503418,56.07536315917969
2,493839,-2.698617696762085,-0.23709052801132202,-20.010881423950195,3.501326084136963
2,493839,9.45012378692627,32.730987548828125,22.450008392333984,-17.929935455322266
2,493839,4.2502899169921875,0.7294110059738159,8.14182186126709,-21.021059036254883
2,493839,-16.874469757080078,-16.558639526367188,-26.39347267150879,-35.876625061035156
2,493839,-11.17297649383545,8.592463493347168,-7.639202117919922,-23.209440231323242
2,493839,2.3065876960754395,-28.401256561279297,-10.480094909667969,-6.1787872314453125
2,493839,-4.478809356689453,-25.948265075683594,12.393331527709961,13.133171081542969
2,493840,-5.807544708251953,24.830541610717773,32.3031005859375,22.645835876464844
2,493840,2.94610857963562,27.128496170043945,-13.319748878479004,25.070940017700195
2,493840,14.431602478027344,-13.04922103881836,-9.39603328704834,23.700481414794922
2,493840,-9.671542167663574,-13.463263511657715,12.426563262939453,5.3245038986206055
2,493840,-10.187454223632812,32.79477310180664,3.0874149799346924,12.065254211425781
2,493841,16.666038513183594,7.045777797698975,-5.544121742248535,-18.523067474365234
2,493841,13.808492660522461,-15.82241439819336,-9.599753379821777,-44.413063049316406
2,493841,1.3084865808486938,-0.47775036096572876,0.17741556465625763,1.4189304113388062
2,493841,-8.455562591552734,-8.16831111907959,3.7531893253326416,9.834277153015137
2,493841,-3.8657450675964355,-3.4788599014282227,3.4908905029296875,-2.5281789302825928
2,493841,8.688952445983887,-2.7496654987335205,-8.387655258178711,10.487919807434082
2,493842,-8.148422241210938,1.4738057851791382,1.1873314380645752,2.796839952468872
2,493842,-15.534261703491211,12.919610977172852,12.555632591247559,9.137322425842285
2,493842,11.991959571838379,-0.34133103489875793,-7.029869079589844,16.035146713256836
2,493842,19.2503604888916,7.1139044761657715,10.872112274169922,-4.12129545211792
2,493842,-3.8443443775177,19.485088348388672,8.90587043762207,-22.83758544921875
2,493842,-2.609917163848877,-0.6638039946556091,-28.869680404663086,-22.630529403686523
2,493843,1.8746260404586792,-28.085201263427734,-8.924986839294434,9.31588077545166
2,493843,-21.789949417114258,-16.917463302612305,13.416007995605469,5.804171085357666
2,493843,-8.531214714050293,1.813192367553711,-8.974889755249023,-12.66074275970459
2,493843,9.309648513793945,8.541129112243652,0.278241902589798,8.56256103515625
2,493843,4.353501796722412,6.543015003204346,11.233830451965332,18.91004180908203
2,493844,8.92979621887207,4.768237113952637,14.239005088806152,14.360830307006836
2,493844,6.318976879119873,22.42817497253418,13.770807266235352,-9.435331344604492
2,493844,2.6277308464050293,-16.0880184173584,-13.677266120910645,-13.229870796203613
2,493844,0.36334940791130066,-28.739294052124023,-18.048080444335938,-5.8445353507995605
2,493844,-20.8294734954834,12.53719711303711,-10.857879638671875,-12.493831634521484
2,493844,-14.785310745239258,16.57402801513672,9.835427284240723,9.645833969116211
2,493845,10.652263641357422,3.099885940551758,19.94552993774414,0.2854265570640564
2,493845,11.934110641479492,-18.304880142211914,-6.410039901733398,-5.517259120941162
2,493845,6.0503458976745605,2.063091993331909,-11.012286186218262,6.160009384155273
2,493845,-16.756284713745117,9.4043607711792,5.879082202911377,5.3720197677612305
2,493845,6.5565948486328125,-6.197068214416504,-15.414521217346191,21.37769317626953
2,493845,28.625612258911133,16.145679473876953,-5.939316272735596,2.0440938472747803
2,493846,-15.473785400390625,0.7234051823616028,21.493547439575195,-25.1876220703125
2,493846,-20.267621994018555,-18.271560668945312,-16.722387313842773,-1.6148947477340698
2,493846,8.36500358581543,-5.528409481048584,-15.816218376159668,9.723884582519531
2,493846,15.303235054016113,-2.7177371978759766,10.432999610900879,-1.7615035772323608
2,493846,-12.059110641479492,8.761261940002441,-0.37642332911491394,-3.4249866008758545
2,493846,-18.086973190307617,0.8647518754005432,15.33554744720459,-2.1790823936462402
2,493847,19.64909553527832,4.6938652992248535,8.559172630310059,3.547828435897827
2,493847,5.778058052062988,-1.7791186571121216,-19.466386795043945,2.0544798374176025
2,493847,-18.797374725341797,-9.35614013671875,-0.9405809640884399,-6.750219345092773
2,493847,4.566437244415283,27.686279296875,18.354732513427734,-2.9711341857910156
2,493847,10.384078025817871,-12.48185920715332,-6.038922309875488,20.83942413330078
2,493847,-1.5199202299118042,-26.88641929626465,-31.356006622314453,-5.792263031005859
2,493848,-8.894773483276367,13.821479797363281,4.1838459968566895,-28.22145652770996
2,493848,-8.470645904541016,6.367711544036865,24.114830017089844,9.712117195129395
2,493848,14.904997825622559,0.5523108243942261,9.97951889038086,9.085103034973145
2,493848,16.42139434814453,3.3267626762390137,0.5069177150726318,-4.089849948883057
2,493848,-9.644230842590332,-6.4926533699035645,3.1763863563537598,-0.3098655343055725
2,493848,6.992941379547119,-0.039611127227544785,0.2031199187040329,-7.143990993499756
2,493849,-11.419635772705078,-2.228572130203247,-11.327632904052734,6.8770976066589355
2,493849,-23.27503204345703,1.6010041236877441,8.840124130249023,18.623523712158203
2,493849,25.276517868041992,17.367008209228516,2.1634528636932373,-14.62320327758789
2,493849,-5.162239074707031,1.6740692853927612,1.0635030269622803,-19.51546287536621
2,493849,-19.0313720703125,9.252641677856445,16.079730987548828,7.187280178070068
2,493849,23.650156021118164,3.4243581295013428,-6.1062822341918945,4.58817720413208
2,493850,17.181915283203125,-12.581526756286621,-28.349990844726562,-7.9619903564453125
2,493850,-13.327045440673828,-12.955137252807617,-13.243406295776367,-3.3043408393859863
2,493850,-18.41021728515625,-3.798285722732544,10.566506385803223,-1.3351951837539673
2,493850,1.865907073020935,-3.6624538898468018,-0.8599287867546082,-6.210186004638672
2,493850,12.929954528808594,-13.05217456817627,-6.154999256134033,13.041951179504395
2,493850,1.5010950565338135,7.2717671394348145,12.647130966186523,2.4940037727355957
2,493851,-13.407832145690918,21.037797927856445,7.798198223114014,-26.740217208862305
2,493851,-2.2992637157440186,2.12789249420166,-10.164076805114746,7.684895038604736
2,493851,1.3345834016799927,-25.94516372680664,11.744836807250977,15.806084632873535
2,493851,-5.141688823699951,-9.67188835144043,10.773218154907227,-16.65778160095215
2,493851,12.534685134887695,10.943460464477539,-10.618856430053711,13.861413955688477
2,493851,10.000747680664062,4.60481071472168,-5.080946445465088,9.178046226501465
2,493852,-14.893133163452148,13.218403816223145,-4.707029819488525,-22.6252498626709
2,493852,-0.051423974335193634,2.845067024230957,-9.2985200881958,2.777627944946289
2,493852,9.992311477661133,-23.504104614257812,7.2029008865356445,0.7546355128288269
2,493852,-0.9970590472221375,8.044289588928223,11.230517387390137,0.579913318157196
2,493853,-2.334050178527832,23.60297393798828,6.214860439300537,7.745821952819824
2,493854,-10.151606559753418,-8.461484909057617,12.284242630004883,-5.003792762756348
2,493854,7.722479820251465,-18.04310417175293,-1.5061063766479492,0.4249967932701111
2,493854,10.797950744628906,2.2836508750915527,-0.2992858588695526,-4.243443965911865
2,493854,-2.8794262409210205,10.234786987304688,-19.24979019165039,0.8590675592422485
2,493854,-18.963623046875,-18.1921443939209,-1.7298029661178589,8.012960433959961
2,493854,-17.307844161987305,-3.9400455951690674,19.914995193481445,-6.206079959869385
2,493855,29.962305068969727,12.510309219360352,-22.06550407409668,2.4454050064086914
2,493856,6.7001495361328125,-3.869399070739746,-14.012378692626953,-17.725473403930664
2,493857,-20.917753219604492,-0.43060994148254395,-11.310660362243652,-45.65130615234375
2,493860,13.062850952148438,-27.110137939453125,-23.617469787597656,7.607750415802002
2,493861,-2.528531551361084,-41.51767349243164,-2.375722885131836,60.63175964355469
2,493864,18.910539627075195,28.790042877197266,24.57632064819336,52.183319091796875
2,493865,14.700207710266113,43.12498092651367,6.987725257873535,24.90972137451172
2,493868,-26.855207443237305,11.098735809326172,10.167588233947754,21.666828155517578
2,493869,0.7219303250312805,23.55609703063965,53.16324234008789,9.227099418640137
2,493872,-23.236648559570312,1.9454002380371094,-6.91042947769165,-38.95433044433594
2,493873,-2.3189361095428467,-4.312063694000244,-31.2995662689209,-63.31022644042969
2,493876,51.24568176269531,0.3173239529132843,-18.211986541748047,-67.3557357788086
2,493877,-7.536076068878174,-26.452411651611328,-25.895780563354492,-20.222583770751953
2,493880,-38.763023376464844,-14.716489791870117,14.313904762268066,47.90696334838867
2,493881,-11.347453117370605,0.3748568296432495,14.848305702209473,33.51973342895508
2,493884,1.4786546230316162,-13.969806671142578,11.951671600341797,24.157791137695312
2,493885,19.66337013244629,2.1507558822631836,20.897735595703125,19.076723098754883
2,493888,16.291751861572266,23.67721176147461,25.331497192382812,21.31024932861328
2,493889,10.638656616210938,26.049612045288086,-24.45353889465332,24.832571029663086
2,493892,-10.872125625610352,22.99909210205078,-32.859615325927734,-66.16802978515625
2,493893,-25.182374954223633,-27.091598510742188,31.274179458618164,-48.836849212646484
2,493896,24.672971725463867,-36.70786666870117,-21.55205726623535,17.55938720703125
2,493897,18.779266357421875,12.195731163024902,-39.34124755859375,-20.476207733154297
2,493900,-35.97998809814453,8.41836929321289,27.835899353027344,-27.144384384155273
2,493902,-19.971797943115234,-11.108471870422363,19.162033081054688,7.066815376281738
2,493904,18.23174476623535,-22.253849029541016,-10.332053184509277,49.00986862182617
2,493906,3.9204533100128174,5.681164741516113,-3.570647954940796,16.18832778930664
3,495560,-17.024621963500977,2.2054989337921143,2.443423271179199,-51.05119705200195
3,495561,6.724693775177002,-29.07305145263672,3.20900559425354,-8.220318794250488
3,495564,40.36306381225586,33.878211975097656,12.381903648376465,90.6352310180664
3,495565,6.595329761505127,30.034765243530273,2.807358741760254,91.70215606689453
3,495568,-19.431217193603516,4.535002708435059,-8.801801681518555,6.609201908111572
3,495569,2.0741922855377197,35.54783248901367,7.951930046081543,-41.76253128051758
3,495577,-19.42987632751465,-23.419424057006836,-19.170528411865234,-135.0822296142578
3,495577,-9.93210220336914,-34.839515686035156,-15.080452919006348,-103.8831558227539
3,495577,22.342985153198242,33.59546661376953,20.776227951049805,70.29045867919922
3,495579,11.776505470275879,-18.002296447753906,-14.370004653930664,35.272003173828125
3,495580,-3.6174964904785156,-48.48843765258789,-18.129619598388672,-16.618316650390625
3,495581,-16.88705825805664,12.641029357910156,18.452190399169922,19.12175178527832
3,495584,-11.420297622680664,8.993395805358887,29.73008918762207,58.88095474243164
3,495585,9.324966430664062,-1.7277216911315918,-4.2978129386901855,73.63602447509766
3,495588,6.300579071044922,26.35871696472168,-19.970584869384766,1.8316572904586792
3,495589,-4.503142356872559,39.29285430908203,12.637432098388672,-32.849220275878906
3,495592,-1.5688823461532593,-15.434673309326172,31.203929901123047,-37.75151443481445
3,495593,5.564026355743408,-44.54008102416992,19.28969383239746,-29.749221801757812
3,495596,0.025809448212385178,1.0417296886444092,-50.639404296875,-47.21872329711914
3,495597,-20.51211166381836,14.069286346435547,-66.34661102294922,-48.32941436767578
3,495618,9.973356246948242,1.5103822946548462,19.776256561279297,25.61988067626953
3,495618,12.670394897460938,-27.493513107299805,24.42252540588379,7.8375444412231445
3,495618,-35.922977447509766,-19.932016372680664,-6.7172160148620605,-15.473390579223633
3,495618,2.0387089252471924,13.42699146270752,8.684253692626953,9.024699211120605
3,495619,46.22367477416992,-9.945773124694824,-6.555501937866211,38.019561767578125
3,495619,7.077158451080322,-3.8269689083099365,27.013837814331055,69.60206604003906
3,495619,-31.996788024902344,36.35792922973633,42.172332763671875,35.87322235107422
3,495619,8.720060348510742,21.67518424987793,-34.13193130493164,-1.0834604501724243
3,495619,28.536584854125977,-1.252814769744873,-19.681005477905273,-3.4107866287231445
3,495619,-21.97760772705078,21.081438064575195,19.35624885559082,-21.07193374633789
3,495621,-9.988076210021973,7.107645511627197,-8.086167335510254,-50.25559616088867
3,495622,5.528375625610352,-51.617149353027344,-3.0113070011138916,-5.80410099029541
3,495623,-18.48221206665039,-19.69895362854004,14.570786476135254,59.527862548828125
3,495626,14.618827819824219,39.08317565917969,14.107260704040527,16.329151153564453
3,495627,38.42218017578125,53.86553192138672,-1.1917426586151123,-30.19285011291504
3,495630,-22.354679107666016,8.361518859863281,-25.148292541503906,-47.67426300048828
3,495631,-26.53206443786621,-64.47352600097656,-13.53696346282959,-32.97740936279297
3,495634,5.33221435546875,-21.65276336669922,-12.401911735534668,14.230507850646973
3,495635,-5.1305766105651855,-4.18201208114624,-6.033829212188721,-20.57276153564453
3,495638,11.998823165893555,-10.149022102355957,25.021282196044922,1.5161230564117432
3,495639,-5.055836200714111,13.014077186584473,6.521904945373535,47.95366668701172
3,495671,11.925751686096191,27.827802658081055,-18.49981689453125,8.455491065979004
3,495671,29.967592239379883,45.69194793701172,-1.5182335376739502,-23.61240005493164
3,495671,-33.54937744140625,-32.399253845214844,21.772518157958984,-22.858718872070312
3,495671,-23.599145889282227,-50.85597610473633,-3.2428760528564453,12.087701797485352
3,495672,22.01848030090332,12.654306411743164,-16.062484741210938,30.17393684387207
3,495672,15.437790870666504,16.531625747680664,14.713829040527344,22.125919342041016
3,495672,6.1083598136901855,4.744045734405518,5.7692646980285645,15.432748794555664
3,495672,-8.984783172607422,-2.973379373550415,-1.852251648902893,5.278749465942383
3,495672,-22.69806671142578,11.915180206298828,5.261988639831543,-25.156402587890625
3,495672,3.895711898803711,6.1331377029418945,-9.232858657836914,-51.900814056396484
3,495673,7.939765453338623,-27.300689697265625,-8.255783081054688,-20.47831153869629
3,495673,-24.367958068847656,-28.07768440246582,-0.42035171389579773,1.2405978441238403
3,495673,-9.781230926513672,-2.9540863037109375,-2.057612180709839,0.05518031492829323
3,495673,-0.2953612208366394,13.911504745483398,-0.8875186443328857,20.386566162109375
3,495673,7.854825496673584,-7.115915775299072,3.119666814804077,6.635027885437012
3,495675,23.004823684692383,-5.832037925720215,7.079570770263672,0.1576724797487259
3,495675,-12.146916389465332,21.99453353881836,13.301716804504395,29.621946334838867
3,495676,1.3183666467666626,16.51833724975586,-6.053005218505859,2.9121243953704834
3,495677,29.861635208129883,-2.4147191047668457,-14.519746780395508,-20.96031379699707
3,495680,-2.484508991241455,-22.785001754760742,15.194283485412598,44.6162223815918
3,495681,-6.0799174308776855,-9.414188385009766,8.464238166809082,48.79131317138672
3,495684,8.175311088562012,14.870049476623535,0.6046436429023743,3.9044606685638428
3,495685,-0.8754653930664062,7.7655720710754395,24.14185905456543,18.971359252929688
3,495688,-6.572726249694824,40.04669189453125,-0.7431745529174805,-35.826988220214844
3,495689,-10.653162956237793,23.96024513244629,-33.16117858886719,-71.80706787109375
3,495692,-2.6381726264953613,-43.735877990722656,-37.59473419189453,-25.924591064453125
3,495693,-5.978736877441406,-20.153444290161133,-5.756767749786377,-18.084794998168945
3,495696,-6.271446228027344,11.895112991333008,50.275150299072266,-12.809247016906738
3,495698,-5.5707106590271,-9.644247055053711,22.40958595275879,6.055165767669678
3,495741,0.16886137425899506,-20.23294448852539,-45.33506393432617,59.17638397216797
3,495741,29.67047119140625,1.6390341520309448,-34.01973342895508,16.252094268798828
3,495741,0.4342312514781952,-0.6649893522262573,14.432263374328613,-82.82048034667969
3,495741,-21.86284065246582,-12.456258773803711,-2.2953481674194336,4.91998815536499
3,495741,13.596436500549316,9.685516357421875,8.587234497070312,56.92694091796875
3,495741,10.0300874710083,9.243570327758789,34.48894500732422,17.94740104675293
3,495742,-9.305000305175781,-13.804041862487793,-0.9836283922195435,30.389209747314453
3,495742,21.88957977294922,10.42968463897705,0.7374032735824585,15.844233512878418
3,495742,3.334602117538452,35.50755310058594,9.190009117126465,-4.194218635559082
3,495742,-32.19968032836914,7.1408162117004395,-14.144591331481934,-30.9084529876709
3,495742,11.477649688720703,-9.297099113464355,-21.83106803894043,-41.84354782104492
3,495742,3.1437184810638428,-3.3658065795898438,6.273136615753174,-19.236248016357422
3,495743,-17.259662628173828,4.541558265686035,26.488908767700195,-22.663753509521484
3,495743,10.390168190002441,-18.324846267700195,-18.54654884338379,-9.928634643554688
3,495743,-2.154855966567993,-11.70612907409668,-7.0783772468566895,39.4055061340332
3,495743,-15.49915599822998,13.721892356872559,34.62388610839844,45.671043395996094
3,495743,5.819366455078125,1.046791434288025,-8.469207763671875,6.792921543121338
3,495743,10.678338050842285,12.310873985290527,-26.613698959350586,4.431662559509277
3,495744,0.6090666055679321,4.544023513793945,6.184663772583008,33.456756591796875
3,495744,-9.824267387390137,15.388075828552246,18.775381088256836,6.989587306976318
3,495744,-1.2547054290771484,7.067517280578613,-5.951615810394287,-26.188209533691406
3,495745,40.79392623901367,-14.290728569030762,-2.473191499710083,10.101309776306152
3,495745,14.853671073913574,-0.37791308760643005,16.752376556396484,4.851436138153076
3,495746,-36.30244064331055,-12.487078666687012,4.387218952178955,-38.69315719604492
3,495748,-20.373483657836914,19.643108367919922,-18.5399227142334,-49.23333740234375
3,495750,-19.863412857055664,9.758936882019043,-31.73101234436035,-33.89213180541992
3,495752,1.485642433166504,-31.263404846191406,-3.51806640625,-9.994144439697266
3,495754,30.078001022338867,-6.6205735206604,7.522968769073486,-17.26218032836914
3,495756,-7.190798759460449,-26.29533576965332,-15.218422889709473,-23.126453399658203
3,495758,-4.4992265701293945,-20.083219528198242,1.2511183023452759,13.780060768127441
3,495760,-6.576019763946533,6.1170220375061035,34.837562561035156,63.24673080444336
3,495762,-17.99515724182129,-16.449373245239258,14.164826393127441,48.009456634521484
3,495764,41.76899719238281,38.71976089477539,3.2263243198394775,27.3853816986084
3,495766,6.12405252456665,45.29568099975586,22.685546875,22.141395568847656
3,495768,-25.035907745361328,-10.310781478881836,-18.445043563842773,-23.582067489624023
3,495770,15.96092414855957,-10.430059432983398,-35.48722839355469,-21.32895278930664
3,495773,-5.8661699295043945,-10.80943775177002,-13.131452560424805,-3.5069892406463623
3,495774,6.06198787689209,3.485124349594116,0.9956260919570923,-29.684648513793945
3,495829,13.200236320495605,36.93889236450195,54.700340270996094,44.63671875
3,495829,-6.910603046417236,20.20456886291504,18.485706329345703,51.254364013671875
3,495830,-19.566701889038086,-39.54827117919922,-59.40076446533203,-86.37637329101562
3,495830,-4.880851745605469,-13.480053901672363,-13.98921012878418,-53.02322006225586
3,495830,29.322904586791992,15.853410720825195,-2.5924980640411377,-10.260400772094727
3,495830,-13.207052230834961,-32.47501754760742,-18.03884506225586,-24.02068519592285
3,495830,-14.108002662658691,-24.12013053894043,35.65711212158203,44.26758575439453
3,495830,24.903949737548828,26.05445098876953,22.857511520385742,60.68165588378906
3,495831,-8.628540992736816,-3.7499475479125977,-16.63776397705078,20.559558868408203
3,495831,-12.688946723937988,-10.686288833618164,7.420822620391846,-0.03802831470966339
3,495831,10.453354835510254,27.11668586730957,12.011968612670898,-7.305314064025879
3,495831,14.47606086730957,7.383944034576416,-20.58306121826172,-12.640976905822754
3,495831,-6.668227672576904,0.6767109036445618,-16.814470291137695,-15.931876182556152
3,495831,-28.64891242980957,-13.010319709777832,7.2584757804870605,-19.752967834472656
3,495832,5.646708965301514,-8.462041854858398,-15.11044692993164,-16.92765235900879
3,495832,8.892358779907227,4.970564842224121,-1.219984531402588,3.968444347381592
3,495832,-21.40299415588379,-17.621885299682617,27.785594940185547,31.053340911865234
3,495832,2.139678478240967,1.4870710372924805,1.7573598623275757,18.034997940063477
3,495832,28.29551887512207,10.054496765136719,-12.942880630493164,-3.391465902328491
3,495833,7.738165855407715,7.691927433013916,-0.3756135106086731,0.9393215179443359
3,495833,-8.894669532775879,-2.991607904434204,12.04844856262207,8.771937370300293
3,495833,-9.731298446655273,-11.095932960510254,-1.3315825462341309,-2.2624850273132324
3,495833,4.150189399719238,23.48436164855957,-8.073742866516113,-19.585729598999023
3,495833,8.13843822479248,21.229894638061523,-2.501911163330078,-30.715545654296875
3,495833,-11.02944564819336,-33.56456756591797,-17.980897903442383,-10.513089179992676
3,495833,4.690849304199219,-38.00878143310547,1.7964385747909546,12.17550277709961
3,495834,17.052593231201172,37.671207427978516,24.23961639404297,0.6082894802093506
3,495834,-12.669212341308594,27.9555606842041,7.524697303771973,9.655267715454102
3,495835,-13.533529281616211,-39.642818450927734,9.1309232711792,-21.949155807495117
3,495835,23.469133377075195,-13.033864974975586,-7.057278156280518,-30.95870590209961
3,495836,-8.591708183288574,25.327539443969727,-7.239063739776611,37.45380401611328
3,495838,-20.423736572265625,-8.158602714538574,31.662466049194336,47.87333297729492
3,495840,23.967945098876953,-21.68393325805664,27.333179473876953,24.00565528869629
3,495842,-11.948095321655273,30.415485382080078,-5.162396430969238,20.084671020507812
3,495844,5.331114292144775,28.32927894592285,-16.293603897094727,15.763729095458984
3,495846,24.184329986572266,14.936254501342773,0.022334691137075424,34.99539566040039
3,495848,-33.55923843383789,0.5089175701141357,-5.556493759155273,12.992813110351562
3,495850,0.777043879032135,-27.72766876220703,-24.015594482421875,-95.95452117919922
3,495852,-0.38224777579307556,-6.949921607971191,-14.495952606201172,-56.198856353759766
3,495854,-29.19169044494629,-6.327372074127197,-30.58405113220215,4.4243483543396
3,495856,22.027576446533203,-5.964612007141113,-15.006579399108887,-55.01506042480469
3,495858,20.34742546081543,-14.355091094970703,37.48551559448242,20.51074981689453
3,495860,-15.844775199890137,1.8670814037322998,12.708587646484375,51.91645050048828
3,495862,-4.282500743865967,35.49796676635742,11.261794090270996,14.786178588867188
3,495864,24.390602111816406,-6.453079700469971,15.675896644592285,48.64976501464844
3,495867,5.394367694854736,-5.884528636932373,-20.69624137878418,4.160767555236816
3,495935,-8.4887056350708,-2.3923745155334473,-29.42167091369629,-126.33067321777344
3,495935,4.690904140472412,-29.907651901245117,0.5709678530693054,-50.883480072021484
3,495935,-2.569376230239868,9.428288459777832,37.93252182006836,130.06509399414062
3,495935,12.545934677124023,17.767837524414062,-5.2507147789001465,38.516292572021484
3,495935,-8.93641471862793,18.946361541748047,-24.482507705688477,-41.99753952026367
3,495936,-29.116214752197266,8.78410816192627,8.74595832824707,-14.81479549407959
3,495936,17.860380172729492,-25.94881820678711,-0.8364232182502747,-40.79710388183594
3,495936,3.851630926132202,-14.253545761108398,-17.786998748779297,-38.46375274658203
3,495936,-38.55656814575195,-15.508691787719727,-13.55725383758545,3.9319510459899902
3,495936,3.3139560222625732,3.6873321533203125,13.662276268005371,17.772083282470703
3,495936,37.691650390625,24.31438636779785,24.03190040588379,11.456408500671387
3,495937,-8.555068016052246,-18.137346267700195,6.245556831359863,52.1113166809082
3,495937,-26.10907554626465,-9.48878288269043,16.91744613647461,52.221580505371094
3,495937,2.668701171875,36.63741683959961,5.3379740715026855,-9.416257858276367
3,495937,25.817596435546875,19.165742874145508,-15.804048538208008,-8.140243530273438
3,495937,19.06525230407715,-7.292113304138184,-14.786792755126953,-3.9591798782348633
3,495937,-27.2471923828125,-17.4091739654541,-8.534825325012207,-28.44788360595703
3,495938,-14.410054206848145,-5.769651889801025,12.749073028564453,-10.067201614379883
3,495938,18.786903381347656,-9.533174514770508,0.12461082637310028,-11.633706092834473
3,495938,-4.178477764129639,-17.34902000427246,1.0560561418533325,7.865488052368164
3,495938,-1.3389452695846558,16.919681549072266,23.980899810791016,28.196279525756836
3,495938,4.423348903656006,17.813446044921875,9.001148223876953,7.826622009277344
3,495938,6.927824020385742,4.0621490478515625,-16.872812271118164,16.62858772277832
3,495939,19.519746780395508,1.8540631532669067,-7.725804328918457,17.204378128051758
3,495939,-6.820531845092773,4.494170188903809,21.81598472595215,-5.063958644866943
3,495939,-17.333236694335938,1.454802393913269,4.09351921081543,-17.877124786376953
3,495939,-11.156256675720215,-18.770721435546875,-28.732765197753906,-14.153993606567383
3,495939,-0.8344576954841614,2.7939889430999756,-13.151631355285645,-12.270916938781738
3,495940,22.168256759643555,12.062980651855469,11.638922691345215,-11.496776580810547
3,495940,-1.8228540420532227,-17.28306007385254,5.434258937835693,5.268041610717773
3,495940,-20.318382263183594,10.128637313842773,-5.490492343902588,10.27734375
3,495940,14.912096977233887,13.062825202941895,-5.94743013381958,-13.012733459472656
3,495940,12.096877098083496,-27.603076934814453,-9.916051864624023,9.171978950500488
3,495940,-19.654497146606445,-3.1314241886138916,-0.6804762482643127,27.5631046295166
3,495942,-1.012577772140503,27.283899307250977,24.934141159057617,7.42030668258667
3,495942,10.491259574890137,18.53506851196289,15.595995903015137,-5.916995525360107
3,495942,-20.655616760253906,-18.816091537475586,-8.730052947998047,-18.3612117767334
3,495942,-2.4514129161834717,-6.992210865020752,-7.763760089874268,2.1342527866363525
3,495943,32.49724197387695,11.903576850891113,-8.632810592651367,9.769582748413086
3,495946,5.772436141967773,-0.108721524477005,-1.274261713027954,7.813926696777344
3,495947,-18.44400978088379,20.432544708251953,6.565133094787598,-1.7816987037658691
3,495950,-7.923379421234131,8.487317085266113,-0.1571928709745407,-50.450565338134766
3,495951,8.987238883972168,-13.997801780700684,-4.428590774536133,-37.30778884887695
3,495954,1.2612870931625366,-36.32314682006836,-17.312999725341797,-17.009374618530273
3,495955,-19.33161735534668,-28.232463836669922,-30.88628387451172,-46.46413040161133
3,495958,-1.7842423915863037,-6.4950079917907715,-2.5159912109375,22.768245697021484
3,495959,38.619171142578125,-5.129865646362305,33.49348449707031,65.61690521240234
3,495962,20.734935760498047,33.15511703491211,18.53265380859375,44.77519989013672
3,495963,-29.015077590942383,14.976581573486328,15.057161331176758,29.28360366821289
3,495966,-28.693601608276367,4.829237937927246,3.9468021392822266,-3.3662266731262207
3,495967,3.2549593448638916,35.54356384277344,-11.32041072845459,11.491521835327148
3,495970,13.419133186340332,-36.06283187866211,-10.202350616455078,-33.03828048706055
3,495971,-15.779648780822754,-51.3828239440918,-19.14027214050293,-46.19004440307617
3,495974,-0.4235870838165283,27.923166275024414,6.6953959465026855,-5.086991310119629
3,496055,28.24444580078125,40.89606475830078,5.403270721435547,-10.000052452087402
3,496055,-7.044180393218994,-5.1801958084106445,4.145018577575684,-7.380019187927246
3,496055,-19.494945526123047,-26.5127010345459,-0.4810125231742859,-16.506160736083984
3,496055,2.087207317352295,-5.443868637084961,-34.91456604003906,-4.058411598205566
3,496055,0.6018202304840088,-4.610219478607178,7.293431282043457,-7.743048191070557
3,496056,9.219085693359375,-18.4605655670166,17.73055076599121,-6.262682914733887
3,496056,1.7026655673980713,-12.374786376953125,-26.125682830810547,27.96978187561035
3,496056,-29.158504486083984,16.13037109375,16.462284088134766,43.91722869873047
3,496056,16.883493423461914,13.865819931030273,34.84447479248047,41.325321197509766
3,496056,27.758148193359375,3.204449415206909,11.847128868103027,13.555537223815918
3,496056,-20.44080352783203,24.662113189697266,5.09462308883667,0.6492697596549988
3,496057,12.261350631713867,5.549567699432373,-36.49861526489258,-3.3439550399780273
3,496057,-5.558490753173828,-24.644548416137695,-23.084068298339844,-7.087514400482178
3,496057,-17.880615234375,6.633243560791016,30.505277633666992,-21.371356964111328
3,496057,31.829055786132812,24.606136322021484,5.310572624206543,-33.63517379760742
3,496057,-18.797761917114258,-25.417816162109375,-3.217897415161133,-11.646361351013184
3,496057,-23.14594078063965,-37.44416427612305,12.115585327148438,21.192726135253906
3,496058,28.800691604614258,7.384843826293945,-15.300603866577148,34.97338104248047
3,496058,12.824972152709961,20.947551727294922,6.485183238983154,-5.025282859802246
3,496058,-9.631183624267578,28.471391677856445,26.500301361083984,-2.1146297454833984
3,496058,-8.655122756958008,7.485160827636719,-9.888996124267578,24.00729751586914
3,496058,-10.06566047668457,-21.275951385498047,-15.697134017944336,-2.730393409729004
3,496058,-2.042654275894165,2.1995797157287598,-0.18730132281780243,-11.323281288146973
3,496059,17.90787696838379,7.973423480987549,-16.49094009399414,-18.35538101196289
3,496059,-8.538806915283203,-6.861326694488525,-14.869318962097168,-13.786253929138184
3,496059,-5.592411518096924,-24.788936614990234,25.608766555786133,6.479897975921631
3,496059,23.1876277923584,-4.550477981567383,14.653404235839844,0.954518735408783
3,496059,-2.6090898513793945,28.765573501586914,-17.73653221130371,-5.252325057983398
3,496059,-3.7824273109436035,-3.0972201824188232,-8.07973575592041,5.362995147705078
3,496060,-5.222229480743408,-21.10482406616211,17.06300163269043,21.47909164428711
3,496060,2.659000873565674,5.982519626617432,5.8949761390686035,13.685400009155273
3,496060,4.862429618835449,-0.23651978373527527,-18.27505111694336,-18.511646270751953
3,496060,-7.734838485717773,-7.454682350158691,1.7907544374465942,-22.92445945739746
3,496060,6.911127090454102,12.809653282165527,-1.2150923013687134,4.652177333831787
3,496060,-14.070327758789062,16.75969123840332,9.710785865783691,7.068856239318848
3,496061,6.9111151695251465,7.6750807762146,20.35743522644043,-13.56498908996582
3,496061,36.32826232910156,-5.879195690155029,-19.944246292114258,-14.74402141571045
3,496061,-5.5359954833984375,-8.055022239685059,-7.607934951782227,32.89171600341797
3,496061,-16.948213577270508,6.098814964294434,14.623330116271973,31.40267562866211
3,496061,-2.5009005069732666,15.137311935424805,1.205288052558899,-21.976943969726562
3,496063,-20.80823516845703,2.1988580226898193,10.337095260620117,21.776599884033203
3,496063,3.295868158340454,-8.604262351989746,-0.992146909236908,14.794367790222168
3,496063,25.452491760253906,-10.106956481933594,-36.07126235961914,-47.518924713134766
3,496063,-14.243240356445312,-4.6003522872924805,-7.096900463104248,-19.88787841796875
3,496064,-18.67796516418457,14.965598106384277,31.53351402282715,-7.147249698638916
3,496066,14.38864803314209,14.233343124389648,0.5450790524482727,4.05075740814209
3,496068,-14.03080940246582,-9.596773147583008,-20.54658317565918,17.8751277923584
3,496070,-30.440698623657227,-28.030651092529297,-17.017629623413086,-8.256560325622559
3,496072,23.001148223876953,-13.422259330749512,-3.982497453689575,-55.66427230834961
3,496074,16.009309768676758,23.777612686157227,14.25584602355957,-62.96900177001953
3,496076,-3.203575849533081,-12.681214332580566,-10.416309356689453,15.634814262390137
3,496078,24.32370376586914,-42.46354675292969,-0.02089909464120865,51.5667724609375
3,496080,-10.323427200317383,23.348590850830078,21.09473419189453,39.58633041381836
3,496082,-18.503528594970703,28.332448959350586,8.92821216583252,41.36819076538086
3,496084,33.842994689941406,2.328270673751831,25.68994140625,54.50248718261719
3,496086,12.547175407409668,24.79859161376953,-1.9917197227478027,15.975109100341797
3,496088,-37.21436309814453,11.79533863067627,-51.96159362792969,-83.7997055053711
3,496090,-41.2563591003418,-35.0533561706543,6.496252536773682,-55.45560836791992
3,496092,12.808928489685059,-66.7767105102539,21.768136978149414,5.2304863929748535
3,496094,33.401790618896484,42.69915008544922,-18.765378952026367,-15.275829315185547
3,496097,-12.065228462219238,76.6072769165039,5.091046333312988,-1.3067892789840698
3,496187,3.1377439498901367,-26.010562896728516,46.00560760498047,106.86450958251953
3,496188,23.622041702270508,22.600265502929688,52.89620590209961,87.56475067138672
3,496188,-17.392730712890625,-13.527040481567383,-32.9560546875,-104.03833770751953
3,496188,1.9079337120056152,-63.892330169677734,-52.07550811767578,-66.99594116210938
3,496188,18.4781494140625,10.118692398071289,5.730965614318848,35.80242156982422
3,496188,-5.233903408050537,22.168554306030273,15.814677238464355,4.815927982330322
3,496188,-4.024110317230225,-10.885465621948242,-1.79001784324646,11.618456840515137
3,496189,-8.45977783203125,-20.128629684448242,-8.72036075592041,23.193134307861328
3,496189,-0.700333833694458,5.4504828453063965,-13.004302978515625,-12.300678253173828
3,496189,-1.6000553369522095,6.681865215301514,-16.906906127929688,-18.898468017578125
3,496189,-0.4415685832500458,-0.4875139594078064,4.264135360717773,-14.54965591430664
3,496189,-6.033939838409424,2.0281219482421875,-4.087029457092285,-50.60506057739258
3,496189,-20.448610305786133,-0.2686558961868286,-25.286680221557617,-28.15985870361328
3,496190,8.58449935913086,-7.315585136413574,-4.318850517272949,18.532888412475586
3,496190,7.715210914611816,-4.275996685028076,20.696975708007812,11.468228340148926
3,496190,10.920517921447754,14.501511573791504,7.37436056137085,14.834446907043457
3,496190,23.439022064208984,4.275079727172852,-11.671045303344727,30.26820945739746
3,496190,-22.656747817993164,-6.084989547729492,4.351399898529053,13.12972354888916
3,496190,-7.165280818939209,8.945758819580078,22.720094680786133,-10.732916831970215
3,496191,24.372180938720703,-0.6382755637168884,9.179656028747559,-9.134631156921387
3,496191,-9.557332038879395,-13.578536987304688,-14.038009643554688,-10.359548568725586
3,496191,-13.494363784790039,-7.53338623046875,-14.67384147644043,-22.776451110839844
3,496191,-5.555783271789551,2.434390068054199,0.7228630185127258,7.872656345367432
3,496191,-3.6559579372406006,11.821391105651855,-9.929206848144531,23.2890682220459
3,496191,7.074012756347656,0.9063615202903748,1.361261248588562,-9.298977851867676
3,496192,14.519462585449219,-14.118882179260254,31.735307693481445,4.333001613616943
3,496192,4.171544075012207,15.802340507507324,14.355222702026367,31.39774513244629
3,496192,-7.86983585357666,29.467161178588867,-2.9447240829467773,13.560918807983398
3,496192,10.354137420654297,-8.233428955078125,2.2136430740356445,-9.850454330444336
3,496192,-0.057239774614572525,-20.159502029418945,-5.653609275817871,-5.904427528381348
3,496193,-23.741361618041992,-6.682518482208252,-12.137202262878418,2.9088923931121826
3,496193,12.298859596252441,11.485823631286621,-4.262930870056152,-26.380691528320312
3,496193,19.893552780151367,2.387117624282837,-0.45255038142204285,-22.976364135742188
3,496193,-16.79154396057129,-28.616769790649414,-14.794161796569824,4.977872371673584
3,496193,-18.512939453125,-17.036510467529297,-18.892526626586914,-4.955788612365723
3,496193,-1.4391297101974487,9.108670234680176,15.550124168395996,13.561004638671875
3,496194,22.42084503173828,24.816028594970703,11.078498840332031,-2.8657326698303223
3,496194,0.22420860826969147,2.5544488430023193,-13.069416046142578,-6.195652008056641
3,496194,-23.305137634277344,-15.317633628845215,7.019368648529053,15.294865608215332
3,496194,16.464860916137695,18.648113250732422,11.513701438903809,-3.3769397735595703
3,496194,19.430124282836914,24.865087509155273,-0.20077602565288544,14.023977279663086
3,496194,-17.651296615600586,6.541950702667236,-12.44857406616211,-6.408172607421875
3,496195,-33.329368591308594,-9.038769721984863,4.134594917297363,-5.557496070861816
3,496195,-4.708940505981445,-9.006063461303711,22.1490535736084,29.083351135253906
3,496195,37.70975875854492,12.711393356323242,-14.62077522277832,2.292285680770874
3,496195,-2.5720973014831543,16.772117614746094,-0.11092884838581085,-3.3983571529388428
3,496196,-24.967798233032227,-24.76783561706543,26.488399505615234,-1.0017035007476807
3,496197,14.809167861938477,-32.15565872192383,-6.554699897766113,10.831962585449219
3,496197,0.9176307320594788,18.02427101135254,1.713446021080017,11.377264976501465
3,496197,-1.0841925144195557,6.610128879547119,-14.675664901733398,-27.241592407226562
3,496198,4.419247150421143,-34.92082595825195,-25.987077713012695,-19.61443328857422
3,496200,13.249839782714844,-55.47378921508789,34.5897331237793,23.360851287841797
3,496202,29.689504623413086,11.735709190368652,60.375946044921875,83.2638168334961
3,496204,-24.085134506225586,81.57140350341797,-5.6794281005859375,35.16984558105469
3,496206,-17.18305206298828,25.27828025817871,-29.39786720275879,-58.13687515258789
3,496208,19.929500579833984,-5.73813533782959,20.061920166015625,-33.99742126464844
3,496210,6.714242458343506,-22.812673568725586,-32.27398681640625,-54.12640380859375
3,496212,-1.5911915302276611,16.31629753112793,-23.52450942993164,-47.74104690551758
3,496214,-51.94047164916992,9.727384567260742,-17.221036911010742,-3.482548713684082
3,496216,-20.0511474609375,-111.94094848632812,-62.710914611816406,-4.4129958152771
3,496218,65.32483673095703,-17.57558822631836,26.60453224182129,69.04550170898438
3,496220,18.216222763061523,91.82935333251953,69.81292724609375,47.22698211669922
3,496222,-22.42592430114746,18.433549880981445,45.67619323730469,-35.815528869628906
3,496224,11.3052339553833,-14.826398849487305,-20.15047836303711,-17.51500701904297
3,496226,-15.574938774108887,11.04526138305664,-69.3578872680664,37.690765380859375
3,496228,-24.82888412475586,16.932891845703125,-5.8024420738220215,51.70752716064453
3,496230,-12.42504596710205,-39.38758850097656,22.430818557739258,-58.650062561035156
3,496232,-0.9138609170913696,-27.188020706176758,6.810820579528809,-77.19654083251953
3,496235,55.56697082519531,45.37842559814453,4.246829509735107,-38.88812255859375
3,496338,-4.873796463012695,-17.136449813842773,14.108344078063965,13.305039405822754
3,496338,-50.63288497924805,-45.05048751831055,12.012567520141602,85.82792663574219
3,496338,14.462881088256836,41.3543701171875,-25.49579620361328,-29.499967575073242
3,496338,-1.202070713043213,29.144241333007812,-36.051673889160156,-75.06112670898438
3,496339,-25.507831573486328,-37.821537017822266,-11.123639106750488,8.349288940429688
3,496339,11.063153266906738,-19.625736236572266,12.516517639160156,52.831459045410156
3,496339,14.270984649658203,22.656553268432617,35.98048400878906,49.05838394165039
3,496339,22.775178909301758,9.65913200378418,28.028276443481445,20.120527267456055
3,496339,25.414546966552734,-0.020684221759438515,3.4082186222076416,39.34823226928711
3,496339,-18.446470260620117,32.2723274230957,7.761609077453613,48.76299285888672
3,496340,-3.8604493141174316,17.526504516601562,0.9916670322418213,-16.197935104370117
3,496340,30.079246520996094,-8.416708946228027,-19.332544326782227,-53.85676956176758
3,496340,-4.24452018737793,-2.8655261993408203,-18.730422973632812,-29.338977813720703
3,496340,-19.684246063232422,-26.112957000732422,-6.8749613761901855,-7.041718006134033
3,496340,4.788896083831787,-12.931872367858887,6.260153293609619,-16.146175384521484
3,496340,0.5565997362136841,11.924518585205078,8.298736572265625,-15.757909774780273
3,496341,9.010883331298828,-17.408626556396484,-7.748117446899414,16.739337921142578
3,496341,8.570699691772461,-24.101362228393555,1.1378791332244873,23.988916397094727
3,496341,-21.498863220214844,24.901987075805664,9.303139686584473,2.0883941650390625
3,496341,-1.3963971138000488,32.01726531982422,-8.200148582458496,-3.9066696166992188
3,496341,0.8067584037780762,-7.540557861328125,-8.430782318115234,32.073646545410156
3,496341,-37.21251678466797,-7.5654754638671875,-0.19554713368415833,1.896567702293396
3,496342,-4.149543762207031,20.847843170166016,3.4945948123931885,-44.06279373168945
3,496342,39.11332321166992,11.215567588806152,-0.22825558483600616,-33.3511848449707
3,496342,-11.493064880371094,-36.791160583496094,-6.5411787033081055,-5.248171329498291
3,496342,-37.10639953613281,-32.12388610839844,-8.778468132019043,11.63510799407959
3,496342,21.731645584106445,5.1773223876953125,2.3449487686157227,-6.427762508392334
3,496343,23.744680404663086,12.381185531616211,27.022449493408203,12.967968940734863
3,496343,-16.627410888671875,15.240508079528809,3.5472559928894043,23.77878189086914
3,496343,4.9286322593688965,10.316192626953125,-22.40709686279297,-4.3144612312316895
3,496343,-4.353658199310303,5.414392471313477,-1.442331314086914,-1.4001580476760864
3,496343,-28.479660034179688,-1.9082674980163574,2.1338484287261963,18.097103118896484
3,496343,15.317938804626465,-24.822612762451172,-4.408606052398682,-5.574216842651367
3,496344,36.94392776489258,5.560119152069092,-3.6916191577911377,-18.988815307617188
3,496344,5.040372371673584,21.809350967407227,12.225911140441895,11.332077026367188
3,496344,-21.057302474975586,-2.620173454284668,19.559280395507812,7.861138343811035
3,496344,15.535022735595703,13.309828758239746,2.6940841674804688,-16.010149002075195
3,496344,4.435260772705078,-2.4418773651123047,-3.8348896503448486,11.07809066772461
3,496344,-43.662147521972656,-10.750553131103516,-7.777846336364746,28.044803619384766
3,496345,9.176414489746094,-4.31077241897583,-9.446069717407227,2.8880248069763184
3,496345,37.37303161621094,6.290431499481201,4.047809600830078,-15.447583198547363
3,496345,-15.922917366027832,23.469573974609375,1.943358302116394,-20.34815788269043
3,496345,-20.0363826751709,-36.26389694213867,-10.696914672851562,-1.2686091661453247
3,496345,11.622739791870117,-22.103513717651367,-5.457353115081787,-6.531925678253174
3,496345,-6.828644752502441,36.08428955078125,2.7993431091308594,-14.596856117248535
3,496345,-20.967479705810547,-10.173877716064453,-4.673104286193848,5.569397926330566
3,496346,20.001794815063477,-23.95294761657715,-2.2441182136535645,-3.8542847633361816
3,496346,22.34156036376953,8.910685539245605,13.8558988571167,3.0623533725738525
3,496346,-2.4101510047912598,6.556514263153076,-3.6443533897399902,-0.49636366963386536
3,496346,-9.694803237915039,-3.1703221797943115,-4.321355819702148,-17.227174758911133
3,496346,-17.00446319580078,-10.971007347106934,10.812392234802246,14.617412567138672
3,496347,24.57356834411621,3.0483529567718506,3.5917346477508545,-10.940230369567871
3,496348,19.897186279296875,16.762165069580078,-20.41962432861328,-46.02178955078125
3,496348,-21.81787872314453,-4.390838623046875,-21.09174346923828,-5.65892219543457
3,496348,4.888129711151123,-16.2040958404541,8.929573059082031,20.04779624938965
3,496348,-5.399221420288086,1.1855498552322388,11.282902717590332,16.106975555419922
3,496348,-25.27948570251465,16.878591537475586,4.700179100036621,16.727720260620117
3,496350,7.433140277862549,-0.03403555601835251,-1.6123745441436768,9.21927261352539
3,496352,9.391387939453125,-14.835880279541016,12.724803924560547,-20.890174865722656
3,496354,-9.142635345458984,1.3461776971817017,8.915889739990234,-59.760066986083984
3,496356,2.1551461219787598,-30.74978256225586,-18.324373245239258,-1.3097375631332397
3,496358,2.270345449447632,-14.810059547424316,-5.857359886169434,77.73789978027344
3,496360,-4.652776718139648,49.43872833251953,29.159032821655273,78.9651870727539
3,496362,27.52057456970215,0.418078750371933,11.2556791305542,30.91352081298828
3,496364,14.120746612548828,-0.0565398707985878,-19.60240364074707,-14.776968955993652
3,496366,-29.197895050048828,47.29446029663086,-2.2591259479522705,19.410566329956055
3,496368,-6.1559600830078125,7.181825160980225,5.722838878631592,-71.0668716430664
3,496370,-4.196743011474609,-92.0905532836914,-7.027368545532227,-121.23170471191406
3,496373,-12.50236988067627,7.532343864440918,-23.94013786315918,45.0668830871582
3,496374,16.550722122192383,115.87269592285156,-8.412035942077637,59.99753189086914
3,496377,-26.57044792175293,-89.60526275634766,-25.679319381713867,-59.39231491088867
3,496378,-6.704065799713135,-70.2240982055664,17.758869171142578,3.4360475540161133
3,496381,73.52811431884766,102.99947357177734,104.88082122802734,92.981689453125
3,496382,-25.004257202148438,-1.9335918426513672,-19.6718692779541,-22.23487663269043
3,496385,-56.716190338134766,-65.38919830322266,-53.992862701416016,-26.865745544433594
3,496386,57.9691276550293,5.156436443328857,57.00664138793945,57.95866394042969
3,496387,15.836901664733887,43.77226257324219,-35.70067596435547,-4.8413920402526855
3,496503,-30.094383239746094,17.906238555908203,-51.41677474975586,-34.47652816772461
3,496503,20.894548416137695,-44.478145599365234,62.96006393432617,9.241713523864746
3,496503,8.102071762084961,5.377385139465332,8.923736572265625,28.0181884765625
3,496503,-15.895054817199707,32.77399444580078,-30.928085327148438,8.450343132019043
3,496503,7.43463659286499,15.895645141601562,28.881834030151367,-23.806867599487305
3,496504,1.4561511278152466,12.41265869140625,-8.02489185333252,-35.89389419555664
3,496504,-21.89594268798828,-23.461528778076172,-42.07265090942383,-23.651687622070312
3,496504,-0.07237749546766281,-12.880282402038574,4.253639221191406,-4.176459789276123
3,496504,10.636381149291992,1.1541532278060913,-2.9847095012664795,14.71707534790039
3,496504,-0.5770649909973145,-3.118391275405884,-0.1886165738105774,13.178561210632324
3,496504,-9.13783073425293,2.0182292461395264,13.659964561462402,8.165901184082031
3,496505,-6.222843647003174,24.57213592529297,-0.7341623306274414,17.744112014770508
3,496505,17.43438720703125,6.7664713859558105,11.09739875793457,15.628921508789062
3,496505,8.89353084564209,-13.072832107543945,11.143104553222656,-8.6969575881958
3,496505,-20.474319458007812,2.8139517307281494,-19.517763137817383,-35.34998321533203
3,496505,-7.329659461975098,3.3168814182281494,-22.552154541015625,-33.46482849121094
3,496506,-3.041452169418335,-11.18298625946045,14.77192497253418,-7.156388282775879
3,496506,-6.225193500518799,-13.241494178771973,8.452691078186035,8.460290908813477
3,496506,22.775781631469727,-12.422588348388672,-13.989360809326172,6.176922798156738
3,496506,9.579146385192871,-3.2819151878356934,6.576023578643799,12.96612548828125
3,496506,-11.54869556427002,8.506478309631348,3.3842856884002686,23.259675979614258
3,496506,-0.3053087592124939,-2.9550857543945312,5.26624870300293,19.40127944946289
3,496507,1.2988693714141846,2.9676637649536133,26.063671112060547,10.447347640991211
3,496507,15.692853927612305,-4.654622554779053,0.1528542935848236,-3.4225454330444336
3,496507,10.914294242858887,-15.832891464233398,-20.05474281311035,-9.917960166931152
3,496507,-21.865428924560547,7.4578094482421875,-21.971776962280273,-11.322335243225098
3,496507,11.316065788269043,6.676291465759277,-0.19324186444282532,-13.876646995544434
3,496507,13.520262718200684,-19.681690216064453,8.365005493164062,-20.83087158203125
3,496508,-34.43165588378906,3.4825520515441895,-6.944477558135986,-25.98767852783203
3,496508,-1.908841848373413,28.57028579711914,10.01854419708252,-1.8319703340530396
3,496508,-14.346628189086914,-21.140764236450195,-5.547891616821289,24.920175552368164
3,496508,-40.147335052490234,-18.672313690185547,-25.478099822998047,11.895355224609375
3,496508,-1.2323211431503296,34.210777282714844,-4.868497371673584,-18.569583892822266
3,496508,16.1037654876709,7.922775745391846,15.484210968017578,-22.65987205505371
3,496509,7.388574123382568,-13.700383186340332,9.446361541748047,-21.584535598754883
3,496509,-11.91138744354248,-4.924777984619141,-6.017746448516846,-9.378582000732422
3,496509,3.987745761871338,-4.814489364624023,7.850693225860596,-7.727771282196045
3,496509,40.865020751953125,6.832393169403076,7.769200325012207,-6.949077606201172
3,496509,17.693012237548828,-17.62002182006836,-13.903593063354492,32.178462982177734
3,496509,-6.840364933013916,-5.440450668334961,23.429277420043945,21.95425796508789
3,496510,17.138322830200195,27.465009689331055,12.787967681884766,6.2379584312438965
3,496510,10.944462776184082,1.118454098701477,-22.193065643310547,35.603843688964844
3,496510,-14.359942436218262,10.494444847106934,11.011210441589355,6.4357805252075195
3,496510,-23.144723892211914,13.5813627243042,-12.260519027709961,-19.83738136291504
3,496510,-22.163230895996094,-15.486318588256836,-11.316524505615234,20.230257034301758
3,496510,-25.197998046875,11.998005867004395,11.189162254333496,23.807750701904297
3,496511,-19.622859954833984,14.767463684082031,-10.064891815185547,3.5014963150024414
3,496511,18.87144660949707,-8.410069465637207,9.322715759277344,10.560342788696289
3,496511,43.966583251953125,12.132170677185059,13.782381057739258,-8.264307022094727
3,496511,23.540842056274414,-13.271142959594727,-8.984233856201172,-28.434677124023438
3,496511,6.24196720123291,-22.090240478515625,8.110156059265137,8.837258338928223
3,496511,3.53322434425354,19.882184982299805,11.530982971191406,13.933876037597656
3,496512,14.320669174194336,3.106289863586426,-1.1157008409500122,-25.749412536621094
3,496512,15.964506149291992,-44.396060943603516,-4.19405460357666,-14.80636215209961
3,496512,-24.250560760498047,-13.527495384216309,-8.210375785827637,18.422183990478516
3,496512,-11.720778465270996,29.312685012817383,1.4398208856582642,-6.914921760559082
3,496512,18.42497444152832,-17.228635787963867,-13.545402526855469,-39.22643280029297
3,496514,-24.93741798400879,-39.171424865722656,-35.31304168701172,-30.193082809448242
3,496514,-26.111921310424805,-1.031092882156372,-2.542186737060547,10.253271102905273
3,496514,13.97766399383545,27.376344680786133,32.96381378173828,37.770790100097656
3,496514,-10.855260848999023,16.725435256958008,-4.8225507736206055,-0.9616206288337708
3,496514,-10.74215316772461,-7.537968158721924,-30.89873695373535,-5.888664722442627
3,496514,28.364105224609375,15.180956840515137,18.504356384277344,15.339303970336914
3,496516,21.702619552612305,44.71134567260742,54.96649169921875,22.0768985748291
3,496518,-28.507671356201172,4.447575569152832,31.05225372314453,46.7357292175293
3,496520,-18.022327423095703,-65.8033218383789,-7.127994060516357,22.158279418945312
3,496522,39.23415756225586,-61.99106216430664,9.051372528076172,19.423768997192383
3,496524,-5.252074718475342,82.31481170654297,12.809999465942383,42.45562744140625
3,496526,-19.318443298339844,122.09809875488281,-44.833194732666016,-33.31980514526367
3,496528,-15.80395793914795,-32.900882720947266,-18.255338668823242,-50.068599700927734
3,496530,-19.10117530822754,-35.86055374145508,0.7890801429748535,-61.589073181152344
3,496532,25.47596549987793,-9.594408988952637,-19.13650131225586,-84.6024169921875
3,496534,15.994828224182129,-67.2816162109375,6.868387699127197,11.931318283081055
3,496536,15.555240631103516,-33.42507553100586,-40.32546615600586,-5.133732795715332
3,496538,-35.37471389770508,7.139784812927246,-27.7515926361084,7.056722164154053
3,496540,-26.689105987548828,19.037155151367188,27.686397552490234,99.02371215820312
3,496543,60.04159164428711,43.923851013183594,27.70541000366211,21.861970901489258
3,496544,-5.935208320617676,28.730684280395508,53.192256927490234,-11.904654502868652
3,496547,-24.607824325561523,-2.0102758407592773,22.537500381469727,14.487475395202637
3,496548,28.48891258239746,-5.977097511291504,-27.13832664489746,-30.172666549682617
3,496551,-10.702653884887695,-15.957192420959473,-40.925472259521484,-52.42924499511719
3,496552,-5.311115264892578,19.553068161010742,-4.883561134338379,-5.322732448577881
3,496555,-23.97343635559082,-41.892093658447266,11.079503059387207,17.37565040588379
3,496679,-6.366847991943359,-53.31421661376953,4.679605960845947,30.726186752319336
3,496679,81.50556945800781,84.47425079345703,36.3648796081543,49.4171142578125
3,496679,-18.5401611328125,14.007850646972656,-20.17699432373047,-48.007774353027344
3,496680,-48.339256286621094,-59.49135971069336,-35.539772033691406,-64.59295654296875
3,496680,23.545955657958984,-16.63928985595703,4.048323631286621,-4.5300612449646
3,496680,-18.942424774169922,-15.906635284423828,1.6249353885650635,14.12336254119873
3,496680,-22.062332153320312,-16.105947494506836,15.262406349182129,33.56970977783203
3,496680,0.4335378408432007,2.6073806285858154,-17.270870208740234,11.003267288208008
3,496680,-19.53673553466797,14.888537406921387,-12.758742332458496,23.10365867614746
3,496681,-13.305188179016113,31.45827865600586,37.76177215576172,29.761207580566406
3,496681,17.66673469543457,50.70862579345703,2.149845600128174,-26.6071720123291
3,496681,7.8852643966674805,23.728782653808594,-21.97934341430664,-48.38298797607422
3,496681,-1.1026833057403564,-2.848728895187378,-3.99941349029541,-15.647830963134766
3,496681,19.071470260620117,-8.184379577636719,-4.076389789581299,20.063297271728516
3,496681,25.770774841308594,-4.651335716247559,24.954940795898438,16.93773651123047
3,496682,41.617252349853516,-2.4995131492614746,19.760900497436523,-4.460993766784668
3,496682,18.15765380859375,-8.631150245666504,-27.601778030395508,12.968278884887695
3,496682,-22.196548461914062,-24.178815841674805,6.187941551208496,52.5443000793457
3,496682,-1.9931414127349854,6.573379993438721,26.94672203063965,22.219030380249023
3,496682,13.828487396240234,31.94367218017578,-11.314995765686035,-29.536151885986328
3,496682,-21.008914947509766,-17.49955177307129,-9.968811988830566,-1.2283042669296265
3,496683,-25.902267456054688,-20.945356369018555,-2.64342999458313,-8.848287582397461
3,496683,1.931302547454834,-0.9759279489517212,-23.23741912841797,-39.66065216064453
3,496683,-27.368284225463867,-22.607257843017578,-15.958696365356445,-3.090640068054199
3,496683,-25.9721736907959,-11.486302375793457,30.950489044189453,-11.545608520507812
3,496683,21.877771377563477,9.835505485534668,-3.933004140853882,-14.587407112121582
3,496684,14.546719551086426,2.8173787593841553,-32.49786376953125,13.437323570251465
3,496684,1.593239665031433,4.464119911193848,26.13832664489746,4.163176536560059
3,496684,1.5209685564041138,33.742034912109375,21.90514373779297,16.693302154541016
3,496684,9.945286750793457,32.09260940551758,-1.0912854671478271,19.89092254638672
3,496684,29.529926300048828,-5.683475494384766,-8.965868949890137,-23.484947204589844
3,496684,3.2447640895843506,-9.281289100646973,-19.04311752319336,-23.78108787536621
3,496684,-19.107070922851562,-1.128475308418274,20.060810089111328,30.08597183227539
3,496685,-1.9740926027297974,-5.98015022277832,18.681100845336914,8.138663291931152
3,496685,-1.7018325328826904,-17.16795539855957,-28.23708724975586,-19.775487899780273
3,496685,-18.06589698791504,-2.1883294582366943,-5.072686672210693,20.138809204101562
3,496685,-4.090940475463867,-9.01348876953125,16.927387237548828,9.009041786193848
3,496685,10.600082397460938,-9.997088432312012,2.439795732498169,-8.95556926727295
3,496686,-6.104094982147217,16.21475601196289,5.058642864227295,15.732328414916992
3,496686,7.852543830871582,-13.023332595825195,-10.336272239685059,-5.19527006149292
3,496686,14.966115951538086,-7.688617706298828,0.7744873762130737,-22.29557228088379
3,496686,-12.487516403198242,19.996841430664062,17.76679801940918,-5.451970100402832
3,496686,-6.641388893127441,17.509519577026367,-25.638612747192383,-15.950071334838867
3,496686,8.23057746887207,-1.9102821350097656,-19.07768440246582,-14.728734016418457
3,496687,-2.1695263385772705,2.7744171619415283,27.071325302124023,-1.0274121761322021
3,496687,-0.8001742959022522,22.17627716064453,2.2394726276397705,0.5929838418960571
3,496687,-3.0084595680236816,-14.61136245727539,-28.476591110229492,5.0277628898620605
3,496687,-16.314910888671875,-17.106996536254883,-17.880334854125977,8.485220909118652
3,496687,14.02281379699707,22.182048797607422,24.446678161621094,-0.3118835687637329
3,496687,14.196630477905273,-8.693120956420898,33.896846771240234,-15.141118049621582
3,496688,-26.77446174621582,-33.04724884033203,-21.498062133789062,3.9628043174743652
3,496688,-7.3918023109436035,18.422138214111328,-19.888721466064453,11.60910701751709
3,496688,16.850841522216797,3.223780632019043,20.698102951049805,-25.022499084472656
3,496688,16.66081428527832,-23.03343963623047,0.9999594688415527,-22.567365646362305
3,496688,-10.671494483947754,-11.70811939239502,-11.363676071166992,11.417586326599121
3,496688,-3.997847318649292,-0.9346835613250732,16.940277099609375,16.782434463500977
3,496689,15.781753540039062,37.63665771484375,-3.5902698040008545,10.176679611206055
3,496689,-23.11077117919922,-1.0231009721755981,-13.240715026855469,9.412711143493652
3,496689,-13.566561698913574,-46.08918380737305,-1.5793498754501343,-14.458621978759766
3,496689,-11.706425666809082,0.9402299523353577,-12.624695777893066,-18.89763641357422
3,496689,-18.053821563720703,27.35860824584961,4.3239874839782715,36.89125442504883
3,496689,-3.339641571044922,-4.546741485595703,-0.3487513065338135,34.160377502441406
3,496691,-5.258619785308838,-34.383827209472656,-24.619869232177734,-39.001182556152344
3,496691,4.175376892089844,5.594721794128418,-12.582825660705566,-29.482181549072266
3,496691,16.702083587646484,37.101993560791016,22.882986068725586,33.59650802612305
3,496691,23.76515007019043,3.526365280151367,31.887392044067383,50.73670959472656
3,496691,15.460984230041504,21.102554321289062,11.101699829101562,21.182209014892578
3,496692,19.393314361572266,8.864373207092285,-15.732076644897461,-23.485790252685547
3,496693,18.676462173461914,-60.71015930175781,-3.733999013900757,-51.12944030761719
3,496694,-9.962573051452637,-33.7431755065918,12.230067253112793,-61.31562423706055
3,496695,-8.742830276489258,55.98139190673828,14.899176597595215,-17.06260871887207
3,496698,-3.898808479309082,-18.881752014160156,29.771268844604492,98.28169250488281
3,496699,-0.986058235168457,-129.56591796875,-14.547083854675293,84.78959655761719
3,496702,3.467580556869507,93.64202880859375,-19.13755989074707,-17.106443405151367
3,496704,-17.26356315612793,142.10354614257812,13.605757713317871,8.156706809997559
3,496706,19.508201599121094,-33.506568908691406,10.252056121826172,6.710062503814697
3,496708,9.681453704833984,23.48563003540039,14.589618682861328,-65.60597229003906
3,496710,-78.4842758178711,-38.27824401855469,-37.751617431640625,-60.4061393737793
3,496712,-12.493979454040527,-62.563873291015625,-33.99140167236328,14.00905990600586
3,496714,39.09157180786133,17.752670288085938,16.591781616210938,-54.011783599853516
3,496716,19.489547729492188,15.809669494628906,2.6256930828094482,-27.615102767944336
3,496718,69.96382141113281,27.922466278076172,-3.9218223094940186,147.47897338867188
3,496720,-71.86598205566406,-25.5970458984375,-36.828941345214844,-7.229448318481445
3,496722,-40.913360595703125,-37.908721923828125,30.01842498779297,-41.311859130859375
3,496724,142.72581481933594,10.41702938079834,86.4593505859375,89.95698547363281
3,496726,-54.466251373291016,33.285587310791016,-28.854297637939453,-35.258079528808594
3,496728,-115.09291076660156,44.7324333190918,-54.18922424316406,-65.22673797607422
3,496730,74.34068298339844,-51.68217086791992,-5.531106472015381,-6.932656288146973
3,496732,49.55537033081055,-84.72085571289062,-1.6108037233352661,-20.443313598632812
3,496734,-36.015872955322266,85.05170440673828,-30.74614715576172,7.935403347015381
3,496736,-32.1453857421875,36.740726470947266,-31.609115600585938,1.6479109525680542
3,496872,-56.68223571777344,-55.0159912109375,52.71638870239258,-4.903198719024658
3,496872,-9.486946105957031,53.13317108154297,45.885337829589844,33.27217483520508
3,496872,49.690921783447266,3.153275966644287,-38.50716781616211,-50.31589126586914
3,496872,35.99439239501953,-70.74639892578125,-30.694337844848633,-45.595550537109375
3,496872,-4.417018413543701,-51.561397552490234,29.118885040283203,48.879337310791016
3,496872,-14.278940200805664,8.23543930053711,27.59265899658203,22.43355369567871
3,496873,26.376861572265625,45.512184143066406,-17.41077423095703,20.605823516845703
3,496873,1.335923194885254,-15.943702697753906,14.14614486694336,46.46854782104492
3,496873,2.2717373371124268,1.7954351902008057,22.838104248046875,7.218909740447998
3,496873,17.31479835510254,54.692813873291016,-1.618200421333313,-18.249048233032227
3,496873,-18.353759765625,23.682096481323242,12.057393074035645,-10.328729629516602
3,496873,7.036059379577637,-12.984699249267578,-15.172892570495605,-20.208311080932617
3,496874,18.016300201416016,-23.251310348510742,-30.188932418823242,-26.083749771118164
3,496874,-31.755329132080078,-2.454113483428955,-7.5727219581604,-25.8945255279541
3,496874,-32.04257583618164,16.82097816467285,8.886818885803223,18.2692813873291
3,496874,-9.238987922668457,-8.672459602355957,13.124781608581543,30.434085845947266
3,496874,-20.73501968383789,-12.283236503601074,-6.717221260070801,0.2920897603034973
3,496874,4.924315452575684,5.675522327423096,-4.684733867645264,27.2492733001709
3,496875,39.6880989074707,18.900625228881836,22.02879524230957,32.45076370239258
3,496875,25.896080017089844,15.011296272277832,-1.9024595022201538,-4.604527473449707
3,496875,5.101489543914795,-10.001480102539062,-0.025769799947738647,-9.855438232421875
3,496875,8.335199356079102,-13.573174476623535,7.315671443939209,-4.041135787963867
3,496875,7.492255210876465,-14.61581039428711,-37.05166244506836,-24.42499351501465
3,496876,-21.179882049560547,-3.8189663887023926,-8.33090591430664,-23.061410903930664
3,496876,-20.305938720703125,-1.0745384693145752,31.17527961730957,8.469605445861816
3,496876,4.338257789611816,-14.643678665161133,11.384861946105957,11.731646537780762
3,496876,8.006315231323242,8.993443489074707,-8.819805145263672,1.558647632598877
3,496876,-0.7126845717430115,9.163637161254883,4.473701000213623,28.157508850097656
3,496876,0.07862568646669388,-7.056039333343506,19.488426208496094,11.45820426940918
3,496877,-4.767711639404297,6.125546455383301,-26.915199279785156,-31.75161361694336
3,496877,-7.048107147216797,-1.026862382888794,-26.080087661743164,-19.99174690246582
3,496877,6.534969806671143,1.4264196157455444,29.706506729125977,-12.027266502380371
3,496877,-6.032650470733643,-0.6568194627761841,5.943453788757324,-3.882079601287842
3,496877,-9.276110649108887,-23.82250213623047,-35.28114318847656,4.7237982749938965
3,496877,9.296056747436523,9.478582382202148,10.38753604888916,6.246448993682861
3,496878,-4.920422077178955,13.76297378540039,17.463869094848633,13.661766052246094
3,496878,-1.8901588916778564,-4.3178582191467285,-23.450979232788086,21.463098526000977
3,496878,16.697227478027344,15.020662307739258,25.00132942199707,9.239960670471191
3,496878,5.739645957946777,4.562416076660156,23.82695198059082,-15.93917179107666
3,496878,-4.69374942779541,6.5376434326171875,-21.34755516052246,1.1473853588104248
3,496878,-4.485111236572266,13.13366413116455,-1.566868782043457,16.01849937438965
3,496879,5.9660773277282715,-0.13038542866706848,3.5817928314208984,-10.813885688781738
3,496879,-1.162976622581482,-17.60958480834961,-10.935447692871094,-29.048641204833984
3,496879,-16.255905151367188,-34.263526916503906,1.91189706325531,-1.8047173023223877
3,496879,-1.9279627799987793,25.938846588134766,6.341224193572998,8.063865661621094
3,496879,23.5781307220459,31.403549194335938,-17.217592239379883,7.243002891540527
3,496879,-8.733699798583984,-47.58598709106445,-7.238925457000732,10.76701831817627
3,496880,-21.114084243774414,-4.823379993438721,21.718257904052734,-16.446239471435547
3,496880,29.75285530090332,23.591154098510742,0.00028578750789165497,5.126251697540283
3,496880,-9.66174030303955,-1.4826469421386719,-24.78190803527832,12.934630393981934
3,496880,-16.082923889160156,9.206280708312988,-0.10202848166227341,-22.187053680419922
3,496880,22.520614624023438,-0.12708325684070587,6.677606582641602,-12.984594345092773
3,496880,-5.639620780944824,-6.138747215270996,6.250405311584473,22.48082160949707
3,496881,-1.7380719184875488,-2.121687412261963,19.19194984436035,11.85329818725586
3,496881,-1.7712427377700806,5.420814037322998,2.070314884185791,-7.18495512008667
3,496881,-6.993548393249512,20.872386932373047,-15.409134864807129,-10.23383903503418
3,496881,6.566375732421875,7.644904136657715,-17.083532333374023,-2.963653564453125
3,496881,5.439713478088379,-7.29985237121582,5.1540117263793945,14.4644136428833
3,496881,4.3583879470825195,-6.942144870758057,-0.1844986379146576,-16.129480361938477
3,496882,-20.056543350219727,-21.59856414794922,-13.936017990112305,-2.3474221229553223
3,496882,-9.682979583740234,-1.9003132581710815,15.41856861114502,13.741610527038574
3,496882,18.118074417114258,-3.862555503845215,5.119791507720947,-5.231687068939209
3,496882,-8.4618501663208,-3.3945443630218506,-3.6512699127197266,10.821202278137207
3,496882,8.053423881530762,14.048762321472168,-6.874716758728027,-2.711141347885132
3,496882,10.10809326171875,-10.19687271118164,-8.535004615783691,-7.516086101531982
3,496883,-21.24306297302246,-3.6901636123657227,10.257821083068848,13.783634185791016
3,496883,2.611584424972534,-8.809576034545898,12.35908317565918,21.765180587768555
3,496883,25.949745178222656,7.888399124145508,16.056798934936523,2.566399335861206
3,496884,17.43311882019043,-25.282365798950195,-10.68759822845459,-33.65391540527344
3,496884,-39.10883331298828,-71.98518371582031,-22.333049774169922,-3.9142837524414062
3,496885,-28.127193450927734,37.34212112426758,10.103289604187012,6.480879783630371
3,496885,32.856849670410156,29.343564987182617,1.621918797492981,-14.183241844177246
3,496885,17.31540298461914,-33.444156646728516,-7.114609241485596,7.214016437530518
3,496885,-24.447834014892578,0.5870077610015869,18.836990356445312,1.7963122129440308
3,496886,24.381328582763672,90.53832244873047,39.30491638183594,-14.121651649475098
3,496888,30.237686157226562,86.0295639038086,-7.3526835441589355,-33.41712188720703
3,496890,-80.90936279296875,-59.901878356933594,-30.167896270751953,-41.334407806396484
3,496892,2.234422445297241,-31.738853454589844,1.1958814859390259,-11.434287071228027
3,496894,40.43260192871094,11.174654006958008,-35.46719741821289,-33.09467697143555
3,496896,-34.197383880615234,-14.175749778747559,3.369246006011963,11.057085990905762
3,496898,38.201080322265625,-14.27616024017334,28.246294021606445,105.31643676757812
3,496900,20.135435104370117,14.735268592834473,-21.6552791595459,44.78959274291992
3,496903,-13.0944185256958,33.052249908447266,8.40146255493164,24.77782440185547
3,496904,18.31206703186035,-57.438812255859375,11.289634704589844,22.413711547851562
3,496907,-86.31611633300781,-25.03668212890625,-35.387901306152344,-49.894248962402344
3,496908,-43.44736099243164,69.34380340576172,-19.244943618774414,-5.599732398986816
3,496911,89.3302001953125,-17.7436580657959,63.38623809814453,-18.60150718688965
3,496912,27.54214096069336,-37.5160026550293,57.280921936035156,-57.41672897338867
3,496915,-5.680384635925293,20.47800064086914,-53.75417709350586,-8.831449508666992
3,496916,-16.522308349609375,1.0792388916015625,-61.83670425415039,-2.6695666313171387
3,496917,-1.6202572584152222,6.409020900726318,37.776878356933594,48.55592346191406
3,496920,-0.36693987250328064,-26.88915252685547,27.44034194946289,32.6312141418457
3,496921,-4.322735786437988,-2.65246319770813,-16.886363983154297,23.096694946289062
3,496924,28.118091583251953,65.46730041503906,5.930582046508789,45.28745651245117
3,496925,-12.066335678100586,-12.384175300598145,-13.444013595581055,-44.18104934692383
3,497068,19.734485626220703,-33.39468002319336,-10.256769180297852,-62.65492248535156
3,497069,20.54448890686035,21.08677864074707,21.973495483398438,5.057978630065918
3,497069,-41.146881103515625,1.0678730010986328,-3.3461363315582275,50.4755973815918
3,497069,-31.551958084106445,-7.607446193695068,-18.26041030883789,7.1591339111328125
3,497069,-14.589293479919434,14.112013816833496,17.51858901977539,-31.33418083190918
3,497069,15.998811721801758,10.8411865234375,8.256434440612793,-15.989130020141602
3,497069,9.179141998291016,-1.792243480682373,-12.48629379272461,-38.74829864501953
3,497070,-9.442398071289062,-9.118426322937012,-1.1433686017990112,-50.71808624267578
3,497070,6.812158107757568,-32.05586242675781,7.407695770263672,10.842846870422363
3,497070,4.316379547119141,-24.61733627319336,-1.7443060874938965,28.63210105895996
3,497070,9.992358207702637,-3.8840854167938232,-30.464862823486328,8.374112129211426
3,497070,14.428970336914062,9.249953269958496,9.123788833618164,43.58349609375
3,497070,-3.945087194442749,15.821589469909668,21.821455001831055,34.7162971496582
3,497071,-4.500148296356201,-0.0719854086637497,-3.075730562210083,-2.9561004638671875
3,497071,4.516390323638916,18.668298721313477,22.132431030273438,-7.9016523361206055
3,497071,-7.402688980102539,15.810117721557617,-5.510161399841309,-14.694814682006836
3,497071,0.4498528838157654,-16.619495391845703,-23.311460494995117,-27.811302185058594
3,497071,4.1961669921875,-1.2126679420471191,-2.9632394313812256,-23.163673400878906
3,497071,-22.254230499267578,-7.868738174438477,-4.431334018707275,-3.3008646965026855
3,497072,-7.494668960571289,-43.20099639892578,6.005368709564209,18.14113998413086
3,497072,30.966833114624023,-1.8108477592468262,1.289965271949768,20.59856414794922
3,497072,-4.551675319671631,30.06036949157715,-28.43194580078125,0.5570511817932129
3,497072,-23.174495697021484,-8.014874458312988,-0.680436372756958,15.401839256286621
3,497072,6.488844394683838,-4.269961357116699,34.881446838378906,30.953062057495117
3,497072,-5.890575408935547,23.65959358215332,3.0239291191101074,-2.41469407081604
3,497073,12.11076545715332,25.925891876220703,-11.168652534484863,-39.08979415893555
3,497073,-5.500336647033691,-3.8019275665283203,9.153997421264648,-35.735233306884766
3,497073,-14.238588333129883,-15.412763595581055,-5.55814266204834,-2.3008763790130615
3,497073,28.581905364990234,-0.5192209482192993,-11.320077896118164,7.3445868492126465
3,497073,-12.676161766052246,4.958456039428711,12.000720977783203,6.636266708374023
3,497073,0.5576570630073547,3.1473429203033447,-11.516687393188477,7.452856063842773
3,497074,28.530662536621094,-17.246767044067383,-0.4739112854003906,23.111806869506836
3,497074,-11.748380661010742,11.855874061584473,26.601844787597656,31.341232299804688
3,497074,0.17452028393745422,30.551971435546875,11.612800598144531,-7.4939727783203125
3,497074,0.8301960825920105,-8.26433277130127,-3.885279655456543,-14.56559944152832
3,497074,0.7350314855575562,-28.165817260742188,-21.085344314575195,1.597603678703308
3,497075,-2.389606475830078,-0.00715289730578661,6.166838645935059,-14.307829856872559
3,497075,-0.6007773280143738,12.433304786682129,-1.0969173908233643,-14.814149856567383
3,497075,11.418014526367188,-25.384571075439453,-19.975826263427734,8.015859603881836
3,497075,-20.951309204101562,-8.894705772399902,6.8507795333862305,12.812079429626465
3,497075,3.224228620529175,13.932435989379883,-2.545637369155884,-3.740722417831421
3,497075,9.460436820983887,-7.030935764312744,3.4875338077545166,-13.687705039978027
3,497076,-20.30268669128418,-13.310193061828613,3.2359719276428223,32.02116394042969
3,497076,-14.565067291259766,2.1653735637664795,-1.7793537378311157,19.843896865844727
3,497076,13.53757381439209,26.047361373901367,13.983717918395996,-36.4404296875
3,497076,32.26087188720703,7.230595111846924,-5.184232234954834,-9.768768310546875
3,497076,7.269692897796631,-26.695356369018555,-8.127967834472656,14.016751289367676
3,497076,-29.78758430480957,8.227629661560059,7.911803722381592,6.868497848510742
3,497077,-20.733051300048828,20.084537506103516,10.88863754272461,-11.93283748626709
3,497077,25.870223999023438,-1.261278748512268,-6.171194553375244,-8.404765129089355
3,497077,-6.540689945220947,-1.4618688821792603,-21.12554931640625,22.87543296813965
3,497077,-13.40778923034668,-6.714189052581787,10.513744354248047,7.646122455596924
3,497077,18.090858459472656,3.792539596557617,22.380245208740234,-14.38911247253418
3,497077,-6.383419036865234,-19.54653549194336,-19.658422470092773,-0.1671241819858551
3,497078,-9.829354286193848,-1.762422800064087,-13.612008094787598,1.660848617553711
3,497078,12.587257385253906,28.55369758605957,11.702392578125,-5.327199459075928
3,497078,14.080734252929688,-4.32431173324585,-4.749211311340332,-6.657874584197998
3,497078,-21.920095443725586,-13.750106811523438,3.200477123260498,-4.727861404418945
3,497078,-14.595366477966309,-18.42127227783203,18.852752685546875,-7.380054473876953
3,497078,0.8017882704734802,2.208322286605835,0.9019119143486023,8.371280670166016
3,497079,-23.019559860229492,22.26919174194336,-17.921937942504883,9.639045715332031
3,497079,-8.332588195800781,-13.032397270202637,-6.310904502868652,-13.049995422363281
3,497079,18.641592025756836,-0.07476519048213959,24.824634552001953,14.044565200805664
3,497079,25.473941802978516,43.427581787109375,5.850554943084717,1.4169926643371582
3,497079,6.358431816101074,-2.675551652908325,-12.636984825134277,-12.378995895385742
3,497079,0.04732675105333328,-15.9291353225708,12.29242992401123,29.65869903564453
3,497080,31.365251541137695,31.878971099853516,-3.36171555519104,-0.4030948579311371
3,497080,12.35543155670166,-10.97020435333252,-2.7899725437164307,-12.961812019348145
3,497080,-11.34675407409668,-32.703765869140625,12.20056438446045,14.95063591003418
3,497080,12.084939002990723,-2.891470432281494,-14.596847534179688,-3.877866744995117
3,497080,-0.8326079845428467,1.0103257894515991,-12.439456939697266,-10.281516075134277
3,497082,4.116885662078857,25.630069732666016,16.633697509765625,-4.903138637542725
3,497082,5.798795700073242,12.592089653015137,13.732094764709473,-14.208237648010254
3,497082,-32.34062194824219,-18.4736270904541,-18.731704711914062,-8.730061531066895
3,497082,-26.521650314331055,-18.611095428466797,-22.626710891723633,10.098398208618164
3,497082,-23.818099975585938,-3.279763698577881,22.37739372253418,15.453978538513184
3,497082,5.075847625732422,28.088268280029297,19.963600158691406,2.7107884883880615
3,497083,17.974105834960938,4.793594837188721,-22.18185806274414,-6.722304344177246
3,497084,-28.009748458862305,-2.016939401626587,-20.907569885253906,18.78517723083496
3,497085,18.48018455505371,22.098068237304688,7.304342269897461,1.9095450639724731
3,497088,46.249027252197266,-8.512633323669434,-19.15447998046875,-37.895729064941406
3,497089,-19.11431312561035,-5.223604202270508,-36.90302276611328,-25.435741424560547
3,497092,-17.007831573486328,-23.58289909362793,41.79674530029297,-43.63130569458008
3,497093,10.074482917785645,-33.92109680175781,31.583066940307617,-41.76960754394531
3,497096,1.3893502950668335,-1.9884560108184814,-23.579586029052734,37.09074401855469
3,497097,-6.512985706329346,3.842167854309082,-3.2225148677825928,68.26021575927734
3,497100,25.00775718688965,31.67491340637207,24.38718032836914,34.92209243774414
3,497101,3.571615219116211,31.292858123779297,44.5606575012207,3.391606092453003
3,497104,-41.02885437011719,-52.81662368774414,-34.0115966796875,9.44240665435791
3,497105,40.965843200683594,-84.04783630371094,-53.85892868041992,43.989585876464844
3,497108,-2.462520122528076,77.26634216308594,30.713287353515625,-30.07977294921875
3,497109,-57.56787872314453,106.56806182861328,2.090839385986328,-76.90741729736328
3,497112,27.33439826965332,-49.01594543457031,-15.926446914672852,-18.4508113861084
3,497113,6.978452682495117,-66.48957061767578,8.448322296142578,-1.5998793840408325
3,497116,-18.28347396850586,-3.6218979358673096,-18.768102645874023,9.443254470825195
3,497117,21.4746036529541,16.33575439453125,-2.1517598628997803,43.46388626098633
3,497120,-13.63572883605957,9.461189270019531,20.98104476928711,41.64614486694336
3,497122,-16.404638290405273,16.573545455932617,7.843919277191162,-7.262481689453125
3,497124,32.520137786865234,21.663864135742188,34.02532196044922,-9.930495262145996
3,497126,-11.727860450744629,-9.352883338928223,24.391267776489258,-21.734712600708008
3,497128,27.747615814208984,18.66942024230957,-19.478513717651367,-2.5692903995513916
3,497280,28.20954132080078,-22.754819869995117,-36.201271057128906,25.89822769165039
3,497280,-61.108951568603516,-87.11995697021484,-16.91189956665039,9.162775993347168
3,497280,-3.5889222621917725,46.361751556396484,24.28569984436035,20.443267822265625
3,497280,26.08207130432129,42.46088409423828,15.209774017333984,-13.79067325592041
3,497280,-2.645244836807251,-40.675865173339844,-21.140010833740234,-43.823909759521484
3,497280,-5.439441680908203,1.0983338356018066,-17.4205379486084,-32.86452102661133
3,497280,-10.50466537475586,20.919971466064453,1.2225240468978882,-29.26264762878418
3,497281,8.457393646240234,-4.443060398101807,-3.527578830718994,-9.078676223754883
3,497281,6.498813152313232,-13.450559616088867,-1.844769835472107,39.64093017578125
3,497281,-9.97933578491211,13.282526969909668,17.351627349853516,35.721214294433594
3,497281,4.179181098937988,11.735529899597168,16.79378890991211,11.025269508361816
3,497281,3.318833112716675,10.872004508972168,4.224512100219727,14.28530502319336
3,497281,-7.344976425170898,14.44555950164795,-1.033843994140625,-1.686795949935913
3,497282,-1.3351638317108154,-14.697420120239258,-8.166911125183105,12.882594108581543
3,497282,-0.42611369490623474,-3.054858922958374,-3.4659273624420166,7.92974328994751
3,497282,4.5172905921936035,6.847251892089844,-18.93059730529785,-35.48304748535156
3,497282,-0.2882958650588989,-45.02919387817383,5.152287483215332,-24.280410766601562
3,497282,0.7635179162025452,6.899424076080322,11.258878707885742,-4.002739906311035
3,497283,-0.8900720477104187,31.083602905273438,-20.666362762451172,5.932761192321777
3,497283,-20.64228057861328,-21.88541603088379,14.80899715423584,15.071274757385254
3,497283,15.2748441696167,9.82010269165039,7.21528959274292,16.09845733642578
3,497283,20.893678665161133,7.214252471923828,10.563212394714355,31.339447021484375
3,497283,-18.35251235961914,-9.435461044311523,19.08894920349121,-4.877559661865234
3,497283,4.700554370880127,9.355334281921387,-25.542373657226562,-30.25043296813965
3,497284,19.439268112182617,15.623038291931152,-15.316315650939941,3.7692947387695312
3,497284,7.034906387329102,-4.752376556396484,-2.1928224563598633,-15.91496753692627
3,497284,-8.919686317443848,-13.57343864440918,2.14544677734375,-13.958415985107422
3,497284,-18.61345672607422,4.300908088684082,4.418186664581299,-2.055246591567993
3,497284,-4.136593341827393,-9.189523696899414,-5.194278240203857,-10.315316200256348
3,497284,3.719242811203003,-11.848917961120605,27.701581954956055,26.170408248901367
3,497285,2.7649588584899902,12.894186973571777,17.633800506591797,17.92367172241211
3,497285,4.747167587280273,13.224276542663574,-30.435962677001953,-16.579818725585938
3,497285,0.39725592732429504,-10.614991188049316,-18.336856842041016,-5.3083271980285645
3,497285,-9.070621490478516,-2.2280831336975098,7.110812187194824,-9.872516632080078
3,497285,6.5503621101379395,15.136455535888672,0.1660710722208023,-26.688785552978516
3,497285,9.241206169128418,4.3145341873168945,-9.019786834716797,2.7794625759124756
3,497286,-19.55231475830078,-11.630842208862305,-0.31329306960105896,-4.437328338623047
3,497286,-14.777889251708984,-23.16714859008789,7.6631598472595215,-4.909682750701904
3,497286,11.661811828613281,0.7201200127601624,-3.7711379528045654,25.18490219116211
3,497286,1.9863451719284058,21.77479362487793,-18.81467628479004,-10.718847274780273
3,497286,-10.505460739135742,1.930367112159729,-9.074563980102539,-14.8681640625
3,497286,7.886832237243652,-10.92594051361084,3.3248677253723145,21.747272491455078
3,497287,2.0617682933807373,-16.234012603759766,0.06335143744945526,8.854066848754883
3,497287,-5.6350321769714355,-10.132750511169434,15.73769760131836,0.4670839309692383
3,497287,13.725128173828125,29.368614196777344,10.73100757598877,4.9296674728393555
3,497287,-5.719366073608398,28.79183578491211,-8.51133918762207,-3.38104248046875
3,497287,-7.074922561645508,-17.8751220703125,10.916016578674316,5.014021873474121
3,497287,28.286949157714844,-11.45842456817627,0.9743425250053406,-8.444350242614746
3,497288,-5.182170391082764,-7.148201942443848,-22.361244201660156,-7.4104413986206055
3,497288,-20.570886611938477,-16.562545776367188,11.854756355285645,15.178894996643066
3,497288,4.787100791931152,10.62717342376709,31.868574142456055,-0.20929479598999023
3,497288,-3.4901270866394043,-3.056945323944092,-11.070782661437988,3.920520067214966
3,497288,6.230748653411865,-7.9868645668029785,-2.5459349155426025,2.325434684753418
3,497289,15.595588684082031,14.859664916992188,-3.0375380516052246,-13.258852005004883
3,497289,-3.1765799522399902,-10.246569633483887,-17.842512130737305,17.497400283813477
3,497289,-7.456371307373047,3.3638014793395996,21.664363861083984,1.6544352769851685
3,497289,0.18980564177036285,17.878263473510742,-5.528350353240967,-37.14609909057617
3,497289,-14.945293426513672,-16.73276138305664,-10.703658103942871,8.983660697937012
3,497289,16.23703384399414,2.9270925521850586,12.014448165893555,13.438125610351562
3,497290,40.639381408691406,2.64674711227417,-1.4170074462890625,-15.270601272583008
3,497290,-24.123659133911133,1.5426636934280396,-10.390592575073242,8.602948188781738
3,497290,-26.575414657592773,29.461559295654297,4.249402046203613,6.203349590301514
3,497290,14.005387306213379,0.42889875173568726,18.304065704345703,0.7373127937316895
3,497290,-14.319202423095703,-16.136062622070312,-11.464113235473633,1.9481098651885986
3,497290,-15.498250961303711,-4.330442905426025,-13.390158653259277,-18.898488998413086
3,497291,14.38082504272461,-7.470639705657959,0.0653105080127716,1.2304717302322388
3,497291,-6.052028656005859,-2.803494453430176,19.356035232543945,9.780413627624512
3,497291,0.22174687683582306,15.505660057067871,-0.11807844787836075,-19.602264404296875
3,497291,18.317737579345703,-0.969613254070282,-31.124561309814453,2.382627010345459
3,497291,-7.2026238441467285,-18.399036407470703,23.473237991333008,18.13152313232422
3,497291,-5.73968505859375,8.446968078613281,15.091631889343262,2.6512303352355957
3,497291,1.6202017068862915,4.179093360900879,-25.258403778076172,3.8457822799682617
3,497292,-3.603192090988159,-9.781561851501465,13.88068675994873,-10.017400741577148
3,497292,5.141316890716553,1.104711890220642,2.4993884563446045,-18.52328109741211
3,497292,12.452451705932617,-9.418256759643555,-23.671831130981445,20.102191925048828
3,497292,-10.547426223754883,3.2528741359710693,9.213604927062988,19.90066146850586
3,497294,-27.487041473388672,1.8690941333770752,4.376317977905273,-14.55514907836914
3,497294,15.47737979888916,-16.754117965698242,-15.280190467834473,-10.550644874572754
3,497294,27.590898513793945,-0.7488051056861877,-2.7931478023529053,2.5237772464752197
3,497294,-12.473658561706543,3.612438201904297,7.174132347106934,13.562764167785645
3,497294,-1.7586352825164795,8.777444839477539,1.6392565965652466,6.171369552612305
3,497294,-1.5001283884048462,0.4578990936279297,-13.060436248779297,-8.15200424194336
3,497295,-10.920602798461914,-5.006233215332031,6.553723335266113,-3.076361656188965
3,497296,45.51529312133789,7.106405258178711,36.899967193603516,25.133657455444336
3,497299,4.235702991485596,-19.536069869995117,-2.022475004196167,44.98933792114258
3,497300,-47.44894790649414,-9.651609420776367,-12.649155616760254,29.699316024780273
3,497303,7.313682556152344,68.30705261230469,34.453826904296875,31.9924259185791
3,497304,0.8196751475334167,35.03446578979492,13.785866737365723,12.795310020446777
3,497305,-2.848456382751465,-22.419527053833008,-6.203134536743164,-47.30392074584961
3,497308,11.7320556640625,11.631786346435547,-7.996965408325195,-75.0755615234375
3,497309,-17.775609970092773,-2.617981433868408,-26.209659576416016,-47.54215621948242
3,497312,8.92510986328125,-39.26722717285156,-13.140466690063477,-12.67045783996582
3,497313,17.30268096923828,-18.071313858032227,-2.949303150177002,-19.38753318786621
3,497316,-5.457653045654297,3.475085973739624,-20.1121883392334,-11.556644439697266
3,497317,-4.045078277587891,-23.027435302734375,-1.1659492254257202,-7.148121356964111
3,497320,-5.704919338226318,-11.528319358825684,26.594573974609375,32.58778762817383
3,497321,10.50929069519043,30.962400436401367,-0.10164381563663483,103.7207260131836
3,497324,-8.600835800170898,27.690635681152344,8.16246509552002,50.85397720336914
3,497325,-6.155216217041016,18.935314178466797,24.07829475402832,-26.120288848876953
3,497328,4.889886379241943,-15.390233993530273,-39.70270919799805,-77.56185913085938
3,497329,1.8963887691497803,-27.2952880859375,-25.618370056152344,-59.54153060913086
3,497332,-4.8882622718811035,6.3052778244018555,31.728233337402344,24.756406784057617
3,497333,-20.31053924560547,-13.348973274230957,-16.347074508666992,-5.074577808380127
3,497336,7.789125919342041,-23.575927734375,16.429533004760742,-2.61382794380188
3,497337,5.345088958740234,2.229180335998535,49.38534927368164,49.51255416870117
3,497340,14.272037506103516,23.37026023864746,-33.35329055786133,20.58225440979004
3,497341,5.931369304656982,1.2560739517211914,-27.655363082885742,-15.987730979919434
3,497344,-9.831902503967285,15.062483787536621,6.039949417114258,9.2310209274292
3,497507,12.819864273071289,25.106966018676758,-8.084166526794434,-8.880308151245117
3,497507,-10.5641508102417,-39.7065544128418,-3.7821767330169678,-32.41396713256836
3,497508,5.064924240112305,2.908491611480713,16.943561553955078,60.222206115722656
3,497508,21.116025924682617,34.773746490478516,13.513769149780273,44.7550048828125
3,497508,-14.38186264038086,-2.573653221130371,-11.306906700134277,-32.275856018066406
3,497508,-23.802156448364258,-1.2339829206466675,-1.4782283306121826,-16.104028701782227
3,497508,-1.1442630290985107,-1.3516894578933716,4.266692161560059,-33.704559326171875
3,497508,8.415968894958496,-6.661799430847168,-15.404709815979004,-54.149688720703125
3,497509,-9.637840270996094,-14.924766540527344,-6.163355350494385,-14.448955535888672
3,497509,-5.481582164764404,-21.961029052734375,16.826717376708984,0.10007617622613907
3,497509,8.382442474365234,-20.469724655151367,-12.814128875732422,-4.108135223388672
3,497509,-1.7287209033966064,-0.7539895176887512,-15.50963306427002,28.953466415405273
3,497509,2.016352415084839,12.541022300720215,23.730037689208984,42.80989074707031
3,497510,17.17421531677246,31.892545700073242,30.762069702148438,21.61429786682129
3,497510,6.07064151763916,30.053592681884766,6.051425933837891,18.712081909179688
3,497510,-1.8260993957519531,-0.32561177015304565,-22.773561477661133,-15.829696655273438
3,497510,2.23628306388855,-1.1851425170898438,-12.433460235595703,-46.14633560180664
3,497510,-1.239341139793396,-23.925853729248047,4.735968589782715,-5.17531681060791
3,497510,-6.339348316192627,-22.038434982299805,8.533859252929688,-3.0441150665283203
3,497510,4.293182849884033,19.752883911132812,-6.82239294052124,-20.476896286010742
3,497511,-2.0613088607788086,-7.280228614807129,-7.233015537261963,17.3126277923584
3,497511,-21.445634841918945,-23.177087783813477,1.6773829460144043,28.676023483276367
3,497511,2.3643720149993896,18.10537338256836,-6.952085494995117,-1.133010983467102
3,497511,21.682537078857422,19.22429847717285,-1.9909982681274414,-8.703965187072754
3,497511,-10.207249641418457,-28.527780532836914,-1.3077778816223145,21.353927612304688
3,497512,-19.61894416809082,-26.9399356842041,2.4415183067321777,13.190849304199219
3,497512,14.413667678833008,44.80974578857422,11.312533378601074,-44.20444107055664
3,497512,10.300379753112793,36.71278762817383,4.468135356903076,-27.79461097717285
3,497512,-20.87940216064453,-42.72518539428711,-14.363612174987793,13.472622871398926
3,497512,-13.627092361450195,-25.59073257446289,-1.748496651649475,4.139037609100342
3,497512,21.050952911376953,23.26407241821289,20.478914260864258,-2.6480915546417236
3,497513,20.000852584838867,-12.684422492980957,1.050666093826294,24.69618797302246
3,497513,-1.2655659914016724,0.2614830434322357,0.5316271781921387,32.20628356933594
3,497513,-7.207447528839111,34.886802673339844,16.574928283691406,-13.262993812561035
3,497513,-2.37947416305542,0.863240122795105,-19.835918426513672,-1.4516178369522095
3,497513,-16.047311782836914,-12.550867080688477,-23.82680320739746,15.028595924377441
3,497513,-10.65245246887207,-1.6798410415649414,19.91466522216797,-22.787445068359375
3,497514,30.268823623657227,0.564235508441925,-11.019762992858887,-10.767305374145508
3,497514,4.5492329597473145,-1.961453914642334,-14.03873062133789,6.749084949493408
3,497514,-6.983381271362305,12.724220275878906,26.998018264770508,-13.687765121459961
3,497514,13.678791046142578,-5.038547039031982,-0.3485507369041443,-4.1411213874816895
3,497514,-16.73961067199707,-38.706295013427734,-16.620838165283203,14.282401084899902
3,497514,-7.891060829162598,-1.132718801498413,1.7285146713256836,3.523709774017334
3,497515,16.860675811767578,31.236583709716797,5.72638463973999,0.6323407292366028
3,497515,-17.359779357910156,-5.315544605255127,16.32431983947754,23.412090301513672
3,497515,-0.47442325949668884,-17.842679977416992,8.84108829498291,3.368835926055908
3,497515,16.024389266967773,-5.216485023498535,-24.579435348510742,-23.710838317871094
3,497515,-18.98577308654785,17.603355407714844,-14.685432434082031,0.3169246315956116
3,497515,0.8818323612213135,21.45294761657715,18.46841049194336,-2.8682878017425537
3,497516,15.162208557128906,-25.647388458251953,10.244491577148438,-2.787916421890259
3,497516,-8.88433837890625,-25.505680084228516,-20.21582794189453,13.97192668914795
3,497516,-9.922394752502441,16.90311622619629,3.9982070922851562,19.25795555114746
3,497516,16.313373565673828,19.27054786682129,15.782081604003906,-10.035077095031738
3,497516,0.31715404987335205,-1.5608582496643066,2.586714267730713,-10.213142395019531
3,497516,-14.896516799926758,-1.764374017715454,6.321086406707764,44.449378967285156
3,497517,19.479774475097656,11.577826499938965,-16.174598693847656,-5.4902143478393555
3,497517,6.579076290130615,30.563129425048828,3.45516300201416,-39.77765655517578
3,497517,-19.327890396118164,-10.086480140686035,19.154396057128906,20.1741943359375
3,497517,13.87352466583252,-34.4650993347168,-9.41630744934082,11.852487564086914
3,497517,19.212251663208008,13.024310111999512,-9.276144027709961,-15.210315704345703
3,497517,-20.9759521484375,10.413975715637207,-13.69609260559082,3.383399248123169
3,497518,-21.550203323364258,4.906841278076172,-2.015857696533203,-7.3909711837768555
3,497518,13.67145824432373,-5.273481369018555,22.028697967529297,-24.457412719726562
3,497518,18.31633186340332,-26.700605392456055,-3.059683084487915,12.045267105102539
3,497518,-21.733144760131836,1.4815142154693604,-8.476838111877441,-3.9286487102508545
3,497518,3.374668598175049,13.4852294921875,-9.10339641571045,-23.619367599487305
3,497519,21.523359298706055,10.894047737121582,-3.0285160541534424,13.81302261352539
3,497519,-15.572373390197754,-1.944556713104248,3.037468671798706,-15.147491455078125
3,497519,-11.855280876159668,-23.507579803466797,-12.911640167236328,-28.870073318481445
3,497519,-14.942795753479004,-12.082114219665527,27.81404685974121,19.99884796142578
3,497519,14.08935546875,5.789984226226807,21.881216049194336,24.387435913085938
3,497519,27.824447631835938,14.733041763305664,-24.074413299560547,5.569947242736816
3,497520,-30.227161407470703,-8.458492279052734,-9.332135200500488,14.910045623779297
3,497520,-31.73234748840332,-1.143136978149414,-0.6404032707214355,17.914363861083984
3,497520,22.2646427154541,37.99874496459961,2.8068621158599854,14.596606254577637
3,497520,26.495628356933594,-1.715102195739746,7.404238224029541,6.627844333648682
3,497520,-8.93703842163086,-41.11359786987305,-6.599360466003418,3.070627212524414
3,497520,-7.6887969970703125,-8.779899597167969,2.162289619445801,0.4621727466583252
3,497521,29.932634353637695,31.567045211791992,-1.4861270189285278,-8.309063911437988
3,497521,-4.063046932220459,19.580537796020508,-0.11960972100496292,-10.979434967041016
3,497521,-26.24094009399414,-5.7902913093566895,6.910959720611572,-14.365585327148438
3,497521,23.24973487854004,-24.188247680664062,-4.753994941711426,-6.699090957641602
3,497522,8.213313102722168,8.095100402832031,24.02621078491211,-11.84919261932373
3,497522,-6.389392852783203,34.106849670410156,6.428742408752441,-1.610339641571045
3,497523,-6.130435943603516,-13.522215843200684,-38.297428131103516,14.19042682647705
3,497523,-9.010906219482422,-4.677334308624268,8.179638862609863,-6.610296726226807
3,497523,8.631815910339355,12.97665786743164,22.3173885345459,-16.161623001098633
3,497523,3.44345760345459,-15.32170581817627,-33.406166076660156,-3.108910322189331
3,497523,-17.118167877197266,-8.535962104797363,-2.8720762729644775,2.8489367961883545
3,497525,-9.952065467834473,5.265316963195801,16.282041549682617,-16.721698760986328
3,497526,16.32060432434082,20.12714385986328,-10.388774871826172,-14.966691017150879
3,497527,6.569976329803467,9.669243812561035,12.30908203125,15.080582618713379
3,497530,-14.54015827178955,-25.41065216064453,-9.57023811340332,-21.78927230834961
3,497531,-13.046680450439453,-21.82740592956543,-35.19641876220703,-56.631797790527344
3,497534,-2.9825592041015625,-52.67816162109375,-8.010031700134277,-38.55039978027344
3,497535,7.257388591766357,-26.484554290771484,17.81941795349121,28.485475540161133
3,497538,19.63348960876465,42.705413818359375,33.46161651611328,123.05963134765625
3,497539,16.397226333618164,18.353851318359375,0.5285664200782776,47.883705139160156
3,497542,-15.566778182983398,6.293247699737549,-47.4873161315918,-34.593963623046875
3,497543,-22.22637367248535,21.604135513305664,29.886058807373047,43.782169342041016
3,497546,25.448936462402344,28.722476959228516,77.55145263671875,8.480341911315918
3,497547,14.871559143066406,5.875857353210449,-14.250563621520996,-58.790504455566406
3,497550,-18.373859405517578,-23.669483184814453,-45.84326934814453,-16.7907657623291
3,497551,-9.508417129516602,-7.674870491027832,-29.564884185791016,-46.27302169799805
3,497554,-10.86513900756836,-28.594545364379883,-22.220966339111328,-49.13096618652344
3,497555,11.336430549621582,-19.634201049804688,14.656425476074219,30.41729164123535
3,497558,15.69060230255127,26.29676628112793,51.2897834777832,100.13509368896484
3,497559,8.73803997039795,17.50950050354004,11.046547889709473,32.65073013305664
3,497562,-4.758017063140869,20.02187728881836,-5.187578201293945,-44.4787712097168
3,497563,-32.867431640625,-12.576406478881836,5.295808792114258,36.649322509765625
3,497566,-9.051802635192871,-14.586552619934082,-43.911624908447266,-15.666539192199707
3,497567,11.853394508361816,28.13479995727539,1.197248101234436,-64.17557525634766
3,497570,13.880617141723633,-19.08480453491211,38.66386795043945,-15.183491706848145
3,497572,-0.9904865026473999,-9.727935791015625,-18.584009170532227,-3.571660280227661
3,497745,4.8720855712890625,53.59872055053711,9.277957916259766,109.87386322021484
3,497745,33.49859619140625,22.90212059020996,23.10676383972168,66.30559539794922
3,497746,-17.167593002319336,-52.025630950927734,-37.79856491088867,-132.47903442382812
3,497746,-41.73350143432617,-31.292879104614258,-13.75210189819336,-75.94972229003906
3,497746,0.3062792122364044,22.12635040283203,-9.017156600952148,12.91121768951416
3,497746,20.117904663085938,-11.589527130126953,-11.197772026062012,-22.00254249572754
3,497746,1.6973402500152588,-19.56260871887207,24.190080642700195,36.367374420166016
3,497746,-7.5991692543029785,-1.734328031539917,7.953169822692871,70.46754455566406
3,497747,25.811176300048828,3.3586342334747314,4.98444938659668,0.38922974467277527
3,497747,7.387030601501465,17.175569534301758,0.6574727296829224,-5.154066562652588
3,497747,-25.81680679321289,24.124969482421875,1.7619404792785645,17.208518981933594
3,497747,-3.898378849029541,-4.6156005859375,3.242412567138672,-23.377714157104492
3,497747,3.230381965637207,-12.971896171569824,-14.2830228805542,-35.75777816772461
3,497747,6.313276290893555,4.222328186035156,-3.764573097229004,-4.087276458740234
3,497748,12.255101203918457,-16.731008529663086,2.373201370239258,-14.372273445129395
3,497748,-12.11174201965332,-15.646787643432617,-14.862737655639648,-13.876508712768555
3,497748,-14.895451545715332,7.987308979034424,-0.19346381723880768,13.036670684814453
3,497748,11.053616523742676,4.45107364654541,14.086830139160156,8.439329147338867
3,497748,7.99050235748291,-12.354235649108887,-14.083613395690918,13.435149192810059
3,497748,-21.096765518188477,-11.564969062805176,-11.860433578491211,17.08856964111328
3,497749,-14.904757499694824,6.9506096839904785,11.871965408325195,-2.8723621368408203
3,497749,24.454362869262695,16.950939178466797,12.979708671569824,-13.664603233337402
3,497749,17.154294967651367,7.770467758178711,-1.082111120223999,4.7968220710754395
3,497749,-16.28134536743164,8.31194019317627,5.420008659362793,-1.332377552986145
3,497749,-2.0598862171173096,-13.444954872131348,6.041932582855225,-27.262100219726562
3,497749,6.4707932472229,-5.716038703918457,-18.282459259033203,11.955179214477539
3,497750,-7.987288951873779,15.49062728881836,2.211515188217163,40.509090423583984
3,497750,-12.848219871520996,-21.312475204467773,18.47397804260254,2.8451452255249023
3,497750,4.021022319793701,4.657744407653809,-14.273796081542969,-7.634089469909668
3,497750,15.178799629211426,20.309412002563477,-12.971155166625977,16.73052978515625
3,497750,-21.575828552246094,-5.968648433685303,25.74772834777832,12.342697143554688
3,497750,5.051804542541504,10.098751068115234,-3.778923988342285,-24.678682327270508
3,497751,29.407384872436523,-8.163762092590332,-26.65766143798828,-24.087072372436523
3,497751,-19.82465362548828,-24.927865982055664,2.8188374042510986,-0.8745752573013306
3,497751,-5.31336784362793,1.3381874561309814,14.573979377746582,0.16230876743793488
3,497751,13.003897666931152,28.816457748413086,1.6251736879348755,8.215272903442383
3,497751,-1.1259312629699707,6.635553359985352,-22.867753982543945,18.355220794677734
3,497752,10.708680152893066,-30.355138778686523,4.789043426513672,2.1709675788879395
3,497752,11.400202751159668,-8.219289779663086,22.418302536010742,-27.72952651977539
3,497752,-14.097399711608887,17.288434982299805,-8.3335599899292,-7.753553867340088
3,497752,-4.2714080810546875,5.885646343231201,-10.248708724975586,13.03106689453125
3,497752,16.894630432128906,-3.029845952987671,23.081029891967773,-16.1695613861084
3,497752,-6.320038795471191,10.864349365234375,14.600491523742676,-14.933140754699707
3,497753,-9.359566688537598,-0.09346306324005127,-9.069808959960938,5.243208408355713
3,497753,-4.35168981552124,-0.805282711982727,8.741767883300781,5.411764621734619
3,497753,6.811820030212402,5.544001579284668,-2.8253536224365234,16.733797073364258
3,497753,21.044937133789062,-2.343731641769409,13.116262435913086,13.26669692993164
3,497753,0.615511953830719,5.993192195892334,13.822510719299316,0.313853919506073
3,497753,-11.848774909973145,-6.076418399810791,-21.9298038482666,3.198533296585083
3,497754,-0.3153437674045563,-1.0866727828979492,2.819370746612549,-3.0224785804748535
3,497754,-4.897076606750488,-0.5943176746368408,-5.830913066864014,-6.513121128082275
3,497754,-26.812911987304688,-19.266677856445312,-1.8853394985198975,2.498584032058716
3,497754,-12.300102233886719,7.701027870178223,36.434383392333984,-8.895155906677246
3,497754,24.010835647583008,15.17790412902832,-17.019676208496094,-11.718091011047363
3,497754,6.1176652908325195,-12.467138290405273,-45.62538528442383,16.527015686035156
3,497755,-26.47817611694336,-4.370543479919434,32.855247497558594,0.2078394591808319
3,497755,2.9416258335113525,10.99287223815918,18.495817184448242,-17.959177017211914
3,497755,7.531672954559326,-5.845993995666504,-41.45454406738281,6.830631732940674
3,497755,-4.425267219543457,-17.09747314453125,2.4457390308380127,12.806717872619629
3,497755,15.745920181274414,10.079500198364258,14.139793395996094,13.82590389251709
3,497755,-4.946072101593018,19.757341384887695,-5.108921527862549,6.934941291809082
3,497756,-8.103670120239258,-17.626066207885742,-3.1970102787017822,-4.077897071838379
3,497756,18.047199249267578,2.870441198348999,-1.039859652519226,3.4749701023101807
3,497756,-9.050145149230957,19.786014556884766,-1.2126878499984741,-16.571739196777344
3,497756,-20.746299743652344,-29.307144165039062,-18.038631439208984,-2.749783992767334
3,497756,17.02007484436035,-20.527090072631836,-2.4126789569854736,36.32669448852539
3,497756,9.97613525390625,18.939451217651367,10.400494575500488,3.697117805480957
3,497757,-15.334970474243164,14.056473731994629,12.845388412475586,-9.324830055236816
3,497757,23.678430557250977,10.318939208984375,7.6852264404296875,-5.309151649475098
3,497757,4.545350551605225,9.881145477294922,-6.95717191696167,-3.2226474285125732
3,497757,-23.551008224487305,2.884319305419922,-3.169318914413452,19.282995223999023
3,497757,16.53763198852539,-12.829435348510742,-2.410649538040161,2.8748838901519775
3,497757,-5.879443168640137,-10.36907958984375,10.667088508605957,-9.974130630493164
3,497758,-4.82627010345459,11.653997421264648,2.967865228652954,-10.072748184204102
3,497758,2.2316901683807373,-11.926223754882812,-20.793546676635742,-2.919542074203491
3,497758,-9.251598358154297,-16.787988662719727,-16.819927215576172,-2.0313947200775146
3,497758,10.042734146118164,-7.336061954498291,13.370183944702148,-14.359185218811035
3,497758,-10.051897048950195,6.225546836853027,19.095125198364258,3.4947922229766846
3,497758,3.724663496017456,22.01569938659668,-8.617497444152832,9.401994705200195
3,497759,26.06276512145996,3.3802547454833984,-18.63693618774414,-1.0857231616973877
3,497759,-14.272153854370117,-3.7729837894439697,-7.067383766174316,-2.409560441970825
3,497759,-19.685760498046875,-0.9709043502807617,11.507826805114746,-17.345378875732422
3,497759,8.251445770263672,-1.0292288064956665,5.417286396026611,3.504500389099121
3,497759,24.475719451904297,5.8970160484313965,3.2720775604248047,12.672164916992188
3,497759,5.855940341949463,-2.7432148456573486,-2.6179563999176025,-13.306680679321289
3,497760,-17.993553161621094,0.5940954089164734,9.518449783325195,-1.6840740442276
3,497761,12.922883033752441,18.592079162597656,49.89665603637695,6.444403171539307
3,497761,-0.39545542001724243,-9.543327331542969,-10.707208633422852,10.207389831542969
3,497761,-16.431846618652344,-14.158222198486328,-22.200651168823242,-2.7608888149261475
3,497761,8.705596923828125,16.413265228271484,25.821044921875,-14.97913646697998
3,497762,-5.545189380645752,9.978994369506836,-7.243319511413574,8.452458381652832
3,497762,-5.4557013511657715,-6.765696048736572,-18.333425521850586,0.2700929641723633
3,497762,12.284287452697754,1.2275465726852417,-20.730859756469727,-17.519912719726562
3,497762,-12.879830360412598,-3.9842917919158936,14.798652648925781,18.24696159362793
3,497763,-14.502015113830566,-14.451831817626953,0.4121299088001251,5.216248989105225
3,497764,18.05628204345703,-2.206665515899658,-48.25366973876953,-21.379663467407227
3,497766,12.53939437866211,23.562667846679688,4.809926986694336,6.640499591827393
3,497768,-9.65813159942627,4.658662796020508,2.606588125228882,-16.837886810302734
3,497770,-21.631912231445312,-32.597320556640625,-16.94001579284668,-44.28216552734375
3,497772,-5.960353851318359,2.8532073497772217,-3.5611562728881836,-35.37822341918945
3,497774,-2.874908208847046,-41.624351501464844,-13.945210456848145,-31.060911178588867
3,497776,13.371380805969238,-34.328006744384766,29.967370986938477,66.0189208984375
3,497778,18.046302795410156,61.75468063354492,31.69709014892578,77.7841796875
3,497780,-12.156112670898438,4.925899982452393,4.468067169189453,-17.574077606201172
3,497782,2.8580949306488037,-16.213537216186523,36.53857421875,79.05406188964844
3,497784,17.88449478149414,42.671634674072266,2.093369960784912,57.78019714355469
3,497786,-0.4956832528114319,38.880985260009766,-42.72794723510742,-91.14901733398438
3,497788,-34.50062942504883,-2.1348018646240234,16.620317459106445,-54.70772933959961
3,497790,0.3457111418247223,-42.38954162597656,1.5119963884353638,34.170738220214844
3,497792,46.76646041870117,-26.372629165649414,-58.302303314208984,-48.92857360839844
3,497794,-22.734418869018555,-14.84804916381836,11.570862770080566,-36.62446212768555
3,497796,-17.627731323242188,-7.505779266357422,20.75135040283203,84.38478088378906
3,497798,21.781930923461914,31.826324462890625,-10.493476867675781,-47.8897590637207
3,497800,-23.558467864990234,-2.3421356678009033,19.309337615966797,-17.72225570678711
3,497803,7.1866135597229,5.812624454498291,22.53791618347168,92.01197814941406
3,497804,28.2905330657959,19.215805053710938,19.309600830078125,23.68354606628418
3,497807,0.8935836553573608,7.996702194213867,-29.97062110900879,-26.99355697631836
3,497808,-24.94149398803711,22.611459732055664,-32.49777603149414,-55.36341094970703
3,497811,-10.338959693908691,-33.92301559448242,39.466670989990234,-30.1061954498291
3,497812,9.957326889038086,-27.810821533203125,-37.469505310058594,-17.59647560119629
3,497992,-5.879823684692383,3.709437131881714,-42.19619369506836,14.294696807861328
3,497992,10.202669143676758,1.6563142538070679,64.54556274414062,33.694252014160156
3,497993,-15.552983283996582,13.587173461914062,3.803334951400757,-22.745361328125
3,497993,-16.920772552490234,-2.9509119987487793,-47.13835906982422,-37.73208999633789
3,497993,16.715511322021484,-12.871539115905762,-13.490021705627441,-10.59884262084961
3,497993,13.725847244262695,-12.190695762634277,-3.8081886768341064,5.652541637420654
3,497993,-1.0821540355682373,-14.133035659790039,16.502880096435547,23.69037628173828
3,497993,-11.965280532836914,-1.3349809646606445,16.030540466308594,58.74940872192383
3,497994,2.1543688774108887,7.750551700592041,2.360483407974243,54.68489456176758
3,497994,11.114060401916504,21.75602149963379,32.993839263916016,10.868776321411133
3,497994,22.36957550048828,37.55581283569336,27.225383758544922,-3.1241321563720703
3,497994,19.399869918823242,14.40776538848877,-11.85929012298584,0.35406121611595154
3,497994,-24.79975128173828,-19.10433006286621,-17.999841690063477,-24.425945281982422
3,497995,-9.970993995666504,-9.702632904052734,-15.445713996887207,-40.11940002441406
3,497995,9.637118339538574,-9.80990982055664,-3.2170426845550537,-19.11905860900879
3,497995,-33.29768753051758,-21.413808822631836,26.728261947631836,-9.031989097595215
3,497995,15.519044876098633,0.1987346112728119,8.316153526306152,8.977994918823242
3,497995,35.2072639465332,8.715577125549316,-27.293550491333008,32.734275817871094
3,497995,-37.92237854003906,7.496496200561523,13.849655151367188,8.311878204345703
3,497995,0.6319478750228882,9.960190773010254,33.547454833984375,-7.05844783782959
3,497996,27.107921600341797,6.612244129180908,-26.440303802490234,3.6122021675109863
3,497996,-27.746923446655273,10.014520645141602,-24.46217155456543,-6.760467052459717
3,497996,-15.36911392211914,-5.145249843597412,24.576189041137695,-8.770371437072754
3,497996,19.037002563476562,-20.959169387817383,5.4354658126831055,-11.224273681640625
3,497996,9.70761775970459,-10.513039588928223,-43.54649353027344,-25.757360458374023
3,497997,-20.497209548950195,-8.790122985839844,-16.359464645385742,-3.294250011444092
3,497997,-9.278475761413574,7.012927055358887,30.78900718688965,27.20090675354004
3,497997,27.25834083557129,3.4658801555633545,12.538996696472168,27.4631404876709
3,497997,6.861639976501465,-5.2263641357421875,-10.886272430419922,14.209742546081543
3,497997,-10.881484985351562,14.569811820983887,8.211349487304688,2.8992512226104736
3,497997,1.934747576713562,24.255067825317383,21.09071159362793,6.345241069793701
3,497998,19.022817611694336,-8.40198802947998,-5.96286678314209,5.036537170410156
3,497998,3.8526623249053955,-22.20787811279297,-2.089351177215576,-17.243947982788086
3,497998,-37.37479782104492,-4.331031322479248,-9.61229133605957,-27.76886749267578
3,497998,2.1284546852111816,-11.661199569702148,-9.133891105651855,0.05895982310175896
3,497998,23.937164306640625,10.659223556518555,17.581205368041992,1.1991645097732544
3,497999,-10.616458892822266,18.592384338378906,-3.5327184200286865,-20.795949935913086
3,497999,-5.22757625579834,-5.403378486633301,-15.26789665222168,6.186660289764404
3,497999,6.1065287590026855,-9.614797592163086,-0.05494010075926781,12.178230285644531
3,497999,-5.143758296966553,-1.108829140663147,-1.1043660640716553,-9.245569229125977
3,497999,-14.243362426757812,-4.109826564788818,0.8794864416122437,22.974458694458008
3,497999,-11.007719039916992,11.542391777038574,8.526341438293457,10.429409980773926
3,498000,17.064062118530273,24.601736068725586,-17.715747833251953,-26.012102127075195
3,498000,20.916715621948242,-12.176136016845703,-11.144408226013184,10.669161796569824
3,498000,-17.962284088134766,-7.206425666809082,23.845260620117188,5.16940975189209
3,498000,-6.646907329559326,14.091796875,-1.6704511642456055,-26.611282348632812
3,498000,15.55655574798584,-13.349433898925781,-6.273532867431641,-5.701399326324463
3,498000,-5.421751499176025,-3.3662469387054443,17.288232803344727,27.284698486328125
3,498001,-8.516257286071777,15.453031539916992,4.767243385314941,20.028671264648438
3,498001,-0.5038145780563354,-7.006185531616211,-11.452156066894531,-13.429134368896484
3,498001,7.824965476989746,5.536101341247559,-15.000689506530762,-3.322537422180176
3,498001,30.414167404174805,7.718246936798096,8.668773651123047,11.821288108825684
3,498001,-7.354483604431152,-6.338202953338623,13.029852867126465,0.7984632849693298
3,498001,-35.23872756958008,4.64138126373291,-4.363515377044678,-10.619412422180176
3,498002,18.17352294921875,-9.027506828308105,-18.41960334777832,-0.07536633312702179
3,498002,19.009727478027344,-0.2676328420639038,-24.335338592529297,11.15933895111084
3,498002,-18.4695987701416,-3.274294137954712,26.75019645690918,-11.356627464294434
3,498002,-1.0808347463607788,-7.984954357147217,34.488433837890625,-8.372188568115234
3,498002,2.774139404296875,24.609477996826172,-9.700486183166504,1.727649450302124
3,498002,-18.26784324645996,-20.115541458129883,-7.715335845947266,4.00676965713501
3,498003,5.691584587097168,-27.923511505126953,-5.513098239898682,1.838580846786499
3,498003,16.10527229309082,45.963165283203125,7.812466144561768,-13.732315063476562
3,498003,-4.541535377502441,6.085361480712891,11.1308012008667,-0.6725476980209351
3,498003,-6.64370584487915,-34.86491394042969,-9.299725532531738,11.072493553161621
3,498003,-3.030803680419922,20.935012817382812,1.8097416162490845,-9.57954216003418
3,498003,24.4747257232666,13.591734886169434,-9.991777420043945,-23.73400115966797
3,498004,3.467435359954834,-30.49637222290039,-22.45100975036621,4.082585334777832
3,498004,-35.516319274902344,12.634881973266602,3.9004294872283936,23.871315002441406
3,498004,7.103577613830566,24.277679443359375,17.020309448242188,-0.9143645763397217
3,498004,26.021669387817383,-26.789430618286133,-2.636526346206665,-20.682313919067383
3,498004,-7.9944167137146,-1.8407243490219116,-10.807599067687988,1.8433047533035278
3,498004,-14.747095108032227,9.746722221374512,8.412298202514648,1.321431040763855
3,498005,8.863824844360352,-6.883750915527344,4.183660507202148,-11.969986915588379
3,498005,-8.280415534973145,-16.31557273864746,-8.348923683166504,17.852611541748047
3,498005,-12.636568069458008,-3.358937978744507,10.04731559753418,12.94523811340332
3,498005,10.129362106323242,16.429882049560547,2.3467392921447754,-23.193824768066406
3,498005,-0.624950110912323,-16.355485916137695,-22.335323333740234,2.880315065383911
3,498005,-2.1307215690612793,-11.795116424560547,1.9497195482254028,22.296371459960938
3,498006,-10.918274879455566,3.0622642040252686,23.35740852355957,-13.751996040344238
3,498006,5.61124324798584,21.28046989440918,2.176701784133911,-21.434907913208008
3,498006,14.416008949279785,15.169196128845215,-19.765274047851562,8.503732681274414
3,498006,-4.51928186416626,-15.100061416625977,1.964975118637085,12.35975456237793
3,498006,14.941186904907227,0.29887300729751587,-0.17122164368629456,-12.290239334106445
3,498006,-9.959991455078125,-9.794611930847168,-6.2505574226379395,0.04913732409477234
3,498007,-22.462886810302734,-14.535346984863281,1.0589826107025146,1.7003931999206543
3,498007,19.133922576904297,15.236483573913574,-18.35931396484375,-4.383322715759277
3,498007,-0.8716445565223694,12.741907119750977,16.846458435058594,13.178951263427734
3,498007,-3.5635762214660645,-5.816432952880859,23.708877563476562,-3.585146188735962
3,498007,13.06380558013916,-10.67551326751709,-33.96878433227539,-21.48704719543457
3,498007,-10.173808097839355,-11.185110092163086,-7.943894863128662,0.10289058834314346
3,498009,4.44472599029541,2.505631446838379,41.44832229614258,-4.574761390686035
3,498009,11.831279754638672,15.273483276367188,2.3650174140930176,-12.245771408081055
3,498009,-13.3424072265625,5.958703517913818,-15.879926681518555,20.120241165161133
3,498009,-3.7413392066955566,-13.057855606079102,5.9608025550842285,5.069660186767578
3,498009,-0.09435734152793884,-2.546464204788208,-11.816307067871094,-10.419367790222168
3,498010,-9.204608917236328,10.68758487701416,0.1021842285990715,1.0034146308898926
3,498010,14.956522941589355,-9.48451042175293,5.518289566040039,1.1514403820037842
3,498010,1.8005200624465942,10.362347602844238,-10.862016677856445,7.909119129180908
3,498011,-26.827411651611328,17.857450485229492,-22.73214340209961,10.068946838378906
3,498011,-2.840639352798462,-32.43284225463867,-24.734479904174805,18.572465896606445
3,498014,23.627470016479492,-16.806522369384766,30.42993927001953,29.474313735961914
3,498015,7.990344047546387,-10.218551635742188,30.607080459594727,20.998306274414062
3,498018,-10.434182167053223,11.279476165771484,53.525482177734375,-10.572458267211914
3,498019,1.4174797534942627,69.887939453125,59.750545501708984,14.459071159362793
3,498022,-3.022442579269409,-4.058143615722656,-47.29118728637695,24.658517837524414
3,498023,2.214911937713623,-21.057748794555664,-38.80901336669922,13.324875831604004
3,498026,26.32457160949707,34.36220932006836,-3.8106322288513184,-1.1305601596832275
3,498027,-0.11000172048807144,-0.11499486118555069,-36.83420944213867,-83.4150390625
3,498030,0.8756343126296997,-26.287023544311523,-10.630952835083008,-63.06529235839844
3,498031,-6.08291482925415,-29.087331771850586,-2.7812650203704834,-24.343008041381836
3,498034,-37.96004867553711,-22.075910568237305,3.104081630706787,-17.633338928222656
3,498035,13.249212265014648,13.317329406738281,21.638864517211914,45.30012130737305
3,498038,1.3249366283416748,0.23802374303340912,-8.913784980773926,110.17506408691406
3,498039,-1.1813284158706665,-1.2610118389129639,-1.0951451063156128,28.245534896850586
3,498042,25.081878662109375,48.464168548583984,28.130817413330078,-61.8278923034668
3,498043,-12.227458000183105,-10.233317375183105,-7.219271659851074,1.6463414430618286
3,498046,15.177955627441406,-23.215652465820312,-8.01602840423584,-23.894451141357422
3,498048,2.3545191287994385,32.41726303100586,38.9522590637207,-15.849065780639648
3,498050,-44.39524841308594,-21.907794952392578,-29.748985290527344,-7.794497966766357
3,498052,1.846044898033142,-31.098051071166992,-53.545955657958984,-70.39459228515625
3,498054,18.480670928955078,0.47786253690719604,41.51556396484375,9.37193775177002
3,498056,-32.31715393066406,-18.847869873046875,21.875045776367188,26.75057601928711
3,498058,8.254476547241211,30.611265182495117,-38.249725341796875,48.45100784301758
3,498060,60.82228469848633,39.91397476196289,-5.158718585968018,76.02896881103516
3,498063,-13.867682456970215,-23.324125289916992,33.13956832885742,-14.36353874206543
3,498251,-52.03315734863281,-19.506479263305664,-33.6579475402832,-140.80911254882812
3,498252,1.8574535846710205,-1.088542103767395,-37.22952651977539,-124.46208190917969
3,498252,16.084571838378906,11.572517395019531,62.207763671875,135.31874084472656
3,498252,10.354713439941406,14.043787956237793,26.403480529785156,114.16694641113281
3,498252,23.6363582611084,16.691804885864258,-14.687949180603027,-35.351863861083984
3,498252,5.517329216003418,8.510112762451172,-5.765383243560791,-9.9147367477417
3,498252,-30.98932456970215,-23.433704376220703,-16.710018157958984,-2.5772855281829834
3,498253,-16.0694637298584,-3.434934377670288,0.8062200546264648,-18.942163467407227
3,498253,29.570648193359375,3.0098235607147217,-8.48645305633545,-32.9547119140625
3,498253,2.7960033416748047,-26.425125122070312,-24.728132247924805,2.8548905849456787
3,498253,-25.746788024902344,-2.819838047027588,12.772599220275879,34.116947174072266
3,498253,15.245463371276855,1.190311312675476,45.89888000488281,32.295166015625
3,498253,20.29015350341797,-3.732151746749878,17.038843154907227,26.148052215576172
3,498254,-20.461139678955078,6.189774513244629,-6.262936592102051,29.142187118530273
3,498254,-11.459514617919922,-4.896623611450195,6.52758264541626,15.590892791748047
3,498254,12.927252769470215,17.16901397705078,-2.4893789291381836,-37.58920669555664
3,498254,-2.3601064682006836,24.92063331604004,-25.462158203125,-38.12558364868164
3,498254,-2.016545057296753,-13.95199203491211,-12.154791831970215,-2.069387197494507
3,498254,10.978509902954102,-7.500563144683838,9.750238418579102,-25.433610916137695
3,498255,-12.393587112426758,4.162829875946045,-0.7557083964347839,-9.525738716125488
3,498255,-9.124492645263672,-16.59896469116211,2.4132394790649414,30.765085220336914
3,498255,23.86113166809082,-8.305570602416992,2.8377363681793213,16.496925354003906
3,498255,-20.651826858520508,15.05262565612793,-15.405618667602539,4.406094074249268
3,498255,-26.302209854125977,18.427486419677734,13.792834281921387,10.737801551818848
3,498255,29.70121955871582,-16.0936279296875,21.594655990600586,8.269014358520508
3,498256,3.682328939437866,-10.563230514526367,-12.584428787231445,-13.117120742797852
3,498256,-0.5440636277198792,30.426979064941406,-7.7003583908081055,-29.554595947265625
3,498256,15.52589225769043,-1.1856752634048462,-0.41230082511901855,-7.225412845611572
3,498256,-12.289413452148438,-27.5924072265625,-12.356318473815918,-9.378994941711426
3,498256,-10.393583297729492,-11.284255981445312,5.423554420471191,-7.791332244873047
3,498257,4.043459892272949,14.198078155517578,17.4740047454834,40.14214324951172
3,498257,18.39483070373535,15.93985652923584,-5.755346775054932,-3.4833614826202393
3,498257,10.710359573364258,-11.386147499084473,-9.394023895263672,-11.848982810974121
3,498257,-20.49599838256836,5.23082971572876,12.381023406982422,47.4749641418457
3,498257,-5.701688289642334,10.196314811706543,4.8592400550842285,1.3510550260543823
3,498257,6.434800624847412,-14.74109172821045,-11.534889221191406,-24.035476684570312
3,498258,-7.853292942047119,-1.1248005628585815,5.600983619689941,6.878664016723633
3,498258,9.686556816101074,22.03177261352539,-1.7448996305465698,-7.651936054229736
3,498258,6.6988844871521,5.247087001800537,-23.210927963256836,-23.046125411987305
3,498258,-18.83667755126953,-14.429668426513672,-0.028720982372760773,-2.9072012901306152
3,498258,-9.16810417175293,-7.472458362579346,12.011938095092773,18.745040893554688
3,498258,4.392917633056641,1.3452844619750977,9.941137313842773,8.848880767822266
3,498259,13.641364097595215,-0.9356979727745056,7.537667751312256,-2.0052590370178223
3,498259,4.084050178527832,-12.34278678894043,-22.643329620361328,12.65404987335205
3,498259,-2.986422538757324,20.285789489746094,-4.381884574890137,0.23776569962501526
3,498259,19.681852340698242,34.399192810058594,9.07601261138916,-21.9033260345459
3,498259,-20.68691062927246,-31.16842269897461,-16.58704376220703,-13.449925422668457
3,498259,-20.117176055908203,-23.192903518676758,5.299041748046875,1.268029808998108
3,498260,28.568288803100586,16.97195816040039,-6.530298709869385,-10.811359405517578
3,498260,-5.245298862457275,3.6294682025909424,-9.242371559143066,-17.140256881713867
3,498260,4.856601238250732,-8.020764350891113,29.780170440673828,13.279557228088379
3,498260,9.543624877929688,-15.572633743286133,1.9714102745056152,12.785161018371582
3,498260,-20.10492515563965,-12.009061813354492,-10.121964454650879,1.4626539945602417
3,498260,-0.7668458819389343,8.16298770904541,12.558340072631836,18.495037078857422
3,498261,5.438932418823242,24.76586151123047,2.2424182891845703,2.3660295009613037
3,498261,2.460921287536621,4.362989902496338,-9.07689094543457,-14.349353790283203
3,498261,-15.822214126586914,-0.9365776777267456,19.1070499420166,9.892029762268066
3,498261,-3.124384880065918,8.775185585021973,15.44790267944336,11.332348823547363
3,498261,23.41630744934082,-9.052422523498535,-24.76751708984375,-1.0807774066925049
3,498261,-7.415456771850586,-10.697310447692871,-3.448094129562378,-15.963586807250977
3,498262,-9.180919647216797,-3.11958646774292,12.723422050476074,-19.946319580078125
3,498262,3.822981357574463,2.7799599170684814,-5.995577335357666,7.297778606414795
3,498262,-12.715410232543945,5.855898857116699,-9.972914695739746,8.258597373962402
3,498262,-12.053333282470703,4.1202921867370605,-13.53940486907959,-7.527857780456543
3,498262,19.112560272216797,8.994863510131836,4.298614501953125,-17.31947898864746
3,498262,5.892515659332275,-14.53390121459961,11.908068656921387,-7.327594757080078
3,498263,-17.68815040588379,-12.886446952819824,-6.712644100189209,13.298273086547852
3,498263,26.524948120117188,18.26299476623535,-4.367342472076416,-9.592889785766602
3,498263,16.393156051635742,3.0624663829803467,1.4160175323486328,-4.100001335144043
3,498263,-29.209781646728516,-2.7671496868133545,3.7513420581817627,26.183542251586914
3,498263,-7.213886737823486,3.8960211277008057,10.064225196838379,-2.944918632507324
3,498264,19.23699188232422,-15.708138465881348,7.06700325012207,-10.108887672424316
3,498264,6.9932966232299805,0.4013556241989136,-10.748211860656738,14.328953742980957
3,498264,-5.831807613372803,32.647369384765625,1.205840826034546,12.499787330627441
3,498264,0.7331181764602661,0.8115288615226746,-0.6636945605278015,8.194731712341309
3,498264,-3.621593475341797,-31.662885665893555,-26.191545486450195,-14.07377815246582
3,498264,-9.103218078613281,-4.39406156539917,-3.3091299533843994,-13.07137393951416
3,498264,-7.072490692138672,6.107616424560547,26.27589988708496,9.217796325683594
3,498265,3.2104005813598633,-3.4469313621520996,2.0076651573181152,-14.026301383972168
3,498265,11.488809585571289,-7.059280872344971,-25.682537078857422,-0.5494005680084229
3,498265,-7.058666706085205,-9.847620010375977,9.428938865661621,22.971799850463867
3,498265,4.676990032196045,14.895757675170898,18.588098526000977,-8.500361442565918
3,498265,15.140811920166016,15.881449699401855,-6.7545857429504395,-25.885271072387695
3,498265,-20.73418426513672,-13.501376152038574,-9.202598571777344,7.135407447814941
3,498266,-8.08971881866455,0.6052296757698059,-3.6644012928009033,14.709043502807617
3,498266,15.174505233764648,6.823609352111816,-2.5102226734161377,-4.2013325691223145
3,498266,-13.114767074584961,-15.19405460357666,-3.680147647857666,1.7301898002624512
3,498266,9.078628540039062,8.341124534606934,5.124637126922607,-9.34873104095459
3,498266,17.3126163482666,10.152178764343262,0.9452548623085022,-7.232861518859863
3,498267,-23.51117515563965,-1.738983392715454,-1.402311086654663,10.741333961486816
3,498267,-0.6354876160621643,-7.05613899230957,3.7966930866241455,-1.2966774702072144
3,498267,-11.625031471252441,-19.75367546081543,0.7099289894104004,1.3438471555709839
3,498267,-9.145923614501953,14.576936721801758,9.863720893859863,1.68898344039917
3,498267,48.144317626953125,14.280904769897461,-3.382129430770874,-14.191936492919922
3,498267,-2.511058807373047,-18.514963150024414,-10.894302368164062,5.548016548156738
3,498269,-32.104427337646484,5.345551490783691,19.685400009155273,-4.986181259155273
3,498269,26.988985061645508,25.51614761352539,5.698505401611328,-27.029438018798828
3,498269,24.920028686523438,2.560408353805542,-19.236270904541016,0.802002489566803
3,498269,-19.122699737548828,-17.948646545410156,-3.79856276512146,9.798922538757324
3,498269,-23.581289291381836,-14.718643188476562,-6.171048164367676,-6.5807623863220215
3,498269,-15.964800834655762,-0.5059183835983276,4.17603063583374,16.19545555114746
3,498270,4.033537864685059,8.678500175476074,19.291561126708984,8.105141639709473
3,498270,34.90925598144531,2.9643194675445557,-5.928277969360352,-28.220731735229492
3,498271,-17.14154052734375,-23.54235076904297,-5.161900520324707,-12.75753116607666
3,498272,-36.801204681396484,-15.470577239990234,-10.105140686035156,11.889062881469727
3,498274,24.841880798339844,-22.631196975708008,-15.854326248168945,21.407278060913086
3,498276,8.70804214477539,-7.4922871589660645,23.990991592407227,36.212711334228516
3,498278,-1.6976394653320312,61.23733139038086,35.162593841552734,49.02039337158203
3,498280,13.966785430908203,26.331846237182617,15.335701942443848,43.03902816772461
3,498282,-9.345834732055664,-14.701409339904785,6.290078639984131,56.87199020385742
3,498284,0.8366796970367432,11.254426002502441,-21.37664222717285,-25.71711540222168
3,498286,4.275637626647949,9.101305961608887,-20.6237850189209,-107.69859313964844
3,498288,-8.82802963256836,-5.470412254333496,13.738285064697266,-34.11886978149414
3,498290,18.991029739379883,7.622038841247559,-27.987886428833008,12.570642471313477
3,498292,-8.627917289733887,-19.81566047668457,-48.53196334838867,-47.25519943237305
3,498294,-41.010040283203125,-50.009098052978516,31.130218505859375,-44.341697692871094
3,498297,19.748863220214844,4.944622993469238,45.077598571777344,54.653602600097656
3,498298,22.095035552978516,31.632959365844727,-9.016101837158203,44.10236358642578
3,498301,-7.682167053222656,-9.841347694396973,-8.808819770812988,-9.904614448547363
3,498302,-2.3869683742523193,6.16620397567749,-4.8296027183532715,17.89280891418457
3,498305,-0.6014405488967896,47.232181549072266,-16.48166275024414,19.131662368774414
3,498306,3.2822365760803223,-8.2992582321167,10.138982772827148,-35.01268005371094
3,498309,-4.2256317138671875,-36.03092575073242,23.815671920776367,-35.548805236816406
3,498310,14.090017318725586,16.129589080810547,-5.380963325500488,2.883009433746338
3,498311,10.861750602722168,16.255746841430664,-18.226783752441406,16.46622085571289
3,498314,-30.960832595825195,-29.928659439086914,12.20201301574707,-14.155863761901855
3,498315,-4.690107822418213,-26.765987396240234,34.55953598022461,5.5122809410095215
3,498318,23.803930282592773,31.167943954467773,-9.471067428588867,22.59638023376465
4,498319,2.593435287475586,6.325344562530518,-44.37268829345703,-6.345173358917236
4,498322,-9.156436920166016,-39.652069091796875,-13.311888694763184,47.70948028564453
4,498515,-4.108022689819336,-14.680930137634277,7.704036235809326,-52.00270462036133
4,498515,24.68808937072754,2.5719096660614014,11.777250289916992,-89.89930725097656
4,498515,19.32964515686035,20.517641067504883,14.406939506530762,93.14635467529297
4,498516,-23.05084991455078,14.031919479370117,5.528754711151123,82.76374053955078
4,498516,-22.967092514038086,12.441092491149902,7.238828182220459,-5.251839637756348
4,498516,8.698163032531738,16.8842716217041,-19.07634735107422,-28.57128143310547
4,498516,16.686500549316406,0.23548394441604614,-15.249571800231934,-38.01103973388672
4,498516,-5.24321985244751,-6.516525745391846,-4.190927982330322,-34.749122619628906
4,498516,-29.2889461517334,-15.208223342895508,-16.50819969177246,-13.802938461303711
4,498517,-5.162951469421387,-2.4803526401519775,16.94213104248047,12.328352928161621
4,498517,24.74173355102539,16.460668563842773,9.846992492675781,-2.696871280670166
4,498517,-0.9552642703056335,-10.321711540222168,-1.472696304321289,2.704303026199341
4,498517,-23.20613670349121,-15.833732604980469,5.368461608886719,43.83177947998047
4,498517,11.90001392364502,29.235897064208984,0.5070278644561768,37.638248443603516
4,498517,24.647186279296875,16.028230667114258,13.781566619873047,-4.497049808502197
4,498518,-14.243505477905273,-26.85892105102539,-0.13123396039009094,-13.891054153442383
4,498518,-20.240907669067383,-7.072225570678711,-16.11287498474121,-12.014440536499023
4,498518,8.64876937866211,22.33743667602539,4.336368083953857,-24.72052001953125
4,498518,9.977317810058594,-13.816137313842773,6.0579962730407715,-26.28665542602539
4,498518,-16.792102813720703,-21.11073112487793,2.9309706687927246,16.953285217285156
4,498519,0.20504902303218842,10.954217910766602,3.3175301551818848,12.57640552520752
4,498519,1.318854570388794,-4.663874626159668,1.212882161140442,-4.41478967666626
4,498519,-11.830743789672852,-15.769291877746582,8.624789237976074,44.36088180541992
4,498519,-3.0972917079925537,8.922341346740723,5.818195819854736,11.199702262878418
4,498519,10.729569435119629,31.011768341064453,-25.801637649536133,-23.737302780151367
4,498519,14.304698944091797,-10.733975410461426,-22.68060874938965,6.579047203063965
4,498520,-12.656522750854492,-24.52735137939453,26.15179443359375,-1.4343992471694946
4,498520,-4.233392715454102,21.11063575744629,6.924294948577881,-20.053014755249023
4,498520,21.87561798095703,17.59773063659668,-6.830554962158203,-22.80650520324707
4,498520,4.879964828491211,-2.496281862258911,4.33540678024292,6.044754981994629
4,498520,-12.670576095581055,-23.60371971130371,-14.251214027404785,3.270766496658325
4,498520,0.9377216696739197,-11.617899894714355,-0.1425437182188034,-5.954706192016602
4,498521,4.1387434005737305,30.233556747436523,6.953270435333252,19.368221282958984
4,498521,-3.7704365253448486,-4.747047424316406,-9.521708488464355,-8.553256034851074
4,498521,-11.498720169067383,-26.05677032470703,13.252699851989746,-12.440653800964355
4,498521,5.334807395935059,9.726242065429688,22.25102996826172,31.12955093383789
4,498521,22.056690216064453,20.401123046875,-7.9906511306762695,-0.4201895296573639
4,498521,2.936694383621216,-2.0999579429626465,-24.049848556518555,-13.206324577331543
4,498522,-15.321196556091309,-14.595502853393555,-1.3880043029785156,19.997509002685547
4,498522,-1.4914896488189697,8.181573867797852,16.683366775512695,8.262845039367676
4,498522,0.7691101431846619,4.0012078285217285,0.48368245363235474,-2.974453926086426
4,498522,-5.083285808563232,4.02253532409668,10.053078651428223,-5.197364807128906
4,498522,23.04857063293457,2.966169834136963,4.404433727264404,22.39788055419922
4,498522,-3.488445997238159,-9.014639854431152,-22.774662017822266,26.5771541595459
4,498523,-10.98897647857666,27.688800811767578,18.98875617980957,-27.262256622314453
4,498523,8.589686393737793,14.889444351196289,19.188262939453125,-41.15314865112305
4,498523,-14.857014656066895,-39.077476501464844,-34.32024383544922,-11.567596435546875
4,498523,7.179106712341309,-18.82472801208496,-12.732641220092773,-11.096586227416992
4,498523,1.1513055562973022,21.78929328918457,9.659676551818848,-14.866434097290039
4,498523,-23.328899383544922,-3.1660842895507812,-5.261478900909424,-5.25506591796875
4,498524,-11.25867748260498,-30.19659423828125,1.4903870820999146,-3.490865468978882
4,498524,29.597360610961914,32.19663619995117,15.993643760681152,-8.069978713989258
4,498524,30.901432037353516,13.603734016418457,-9.033180236816406,0.04808418080210686
4,498524,-26.280784606933594,-37.05180740356445,0.7611488699913025,25.83930206298828
4,498524,2.4201855659484863,23.93166160583496,9.078142166137695,-6.697722911834717
4,498524,5.426729679107666,20.745319366455078,-20.38285255432129,-16.97688102722168
4,498525,-23.356786727905273,-26.17252540588379,18.22353172302246,19.175251007080078
4,498525,17.395668029785156,0.16639244556427002,19.732988357543945,6.192063331604004
4,498525,-4.480415344238281,16.68328094482422,-48.3215446472168,-3.332122802734375
4,498525,-21.020084381103516,-7.552009582519531,-19.334325790405273,-10.895179748535156
4,498525,24.875652313232422,-3.6031813621520996,47.08748245239258,-10.504814147949219
4,498525,4.74385929107666,-10.68979549407959,3.707124710083008,22.06845474243164
4,498526,-14.25403118133545,0.17661738395690918,-34.96151351928711,1.614959478378296
4,498526,2.579967975616455,14.945611953735352,9.384897232055664,-7.624166965484619
4,498526,6.921437740325928,-23.764251708984375,21.149185180664062,18.647714614868164
4,498526,-0.49973878264427185,-16.989055633544922,-9.476423263549805,3.9542949199676514
4,498526,-6.839151382446289,27.71615982055664,-14.873891830444336,-11.343371391296387
4,498527,-2.2608935832977295,12.01534366607666,-2.4761109352111816,9.847613334655762
4,498527,0.726687490940094,-6.668833255767822,11.496013641357422,9.684656143188477
4,498527,0.14534123241901398,-4.2325310707092285,-6.846876621246338,-11.512608528137207
4,498527,-15.11324405670166,-16.888084411621094,2.8259921073913574,13.417519569396973
4,498527,7.786378860473633,10.223286628723145,14.316524505615234,5.683701515197754
4,498527,24.413240432739258,10.88952922821045,-17.686248779296875,-15.329914093017578
4,498528,-11.777886390686035,-29.431594848632812,-13.15162467956543,6.281158447265625
4,498528,-16.46381950378418,-11.75107479095459,8.452508926391602,9.293465614318848
4,498528,4.795461177825928,38.86976623535156,16.905176162719727,-9.865354537963867
4,498528,3.113145112991333,18.96279525756836,-15.922806739807129,-9.408632278442383
4,498528,3.6667590141296387,-38.09511947631836,-2.5923635959625244,10.536251068115234
4,498528,13.838379859924316,-3.8061482906341553,26.414962768554688,-1.8556417226791382
4,498529,-6.3782854080200195,13.29936408996582,-19.206073760986328,-10.102470397949219
4,498529,-23.86195182800293,-9.746198654174805,5.921144485473633,5.8703742027282715
4,498529,14.481637001037598,9.582205772399902,31.159040451049805,-4.054785251617432
4,498529,26.771564483642578,10.204488754272461,-15.945722579956055,0.6766747236251831
4,498529,-19.32500648498535,14.44134521484375,-12.101519584655762,-1.998948574066162
4,498529,-11.839361190795898,-17.71175765991211,-4.383755683898926,-6.691715717315674
4,498530,5.572998046875,-24.00641441345215,-1.7407883405685425,15.365960121154785
4,498530,4.524852752685547,31.870206832885742,3.733851671218872,-7.063182353973389
4,498530,11.091464042663574,-4.061221599578857,-8.547231674194336,-10.134613990783691
4,498530,-11.668573379516602,-30.345169067382812,12.479179382324219,12.902139663696289
4,498530,4.743042945861816,23.42584991455078,-2.7745678424835205,-6.439394474029541
4,498530,-3.5392894744873047,15.678007125854492,-20.43244743347168,-13.564997673034668
4,498531,-35.55695724487305,-38.5544319152832,4.602919578552246,9.046204566955566
4,498531,15.452251434326172,-11.822437286376953,-0.5075302124023438,-1.0852817296981812
4,498531,33.946319580078125,34.1057014465332,2.0899040699005127,-15.598261833190918
4,498531,-10.584317207336426,3.3206522464752197,0.08105021715164185,16.00756072998047
4,498531,-10.754036903381348,-5.351457118988037,-4.631292343139648,-0.8226898908615112
4,498533,19.78853988647461,-4.004059791564941,4.1062774658203125,-4.684101581573486
4,498533,-0.4285396933555603,-21.72648048400879,-0.8135472536087036,14.875743865966797
4,498533,-14.3324556350708,-1.325309157371521,2.005645275115967,-5.831424713134766
4,498533,2.4985151290893555,14.064685821533203,10.016326904296875,22.017763137817383
4,498533,-1.721173882484436,15.106925010681152,10.629786491394043,11.028371810913086
4,498533,20.558334350585938,-0.37299880385398865,-8.441337585449219,-20.969053268432617
4,498534,5.351738929748535,-1.0331509113311768,-1.7538572549819946,-1.5910067558288574
4,498534,-33.73533248901367,5.4962663650512695,13.52845287322998,2.759411573410034
4,498534,-3.0660641193389893,-17.791950225830078,9.320121765136719,16.8414363861084
4,498535,15.979724884033203,-3.1158127784729004,10.409646987915039,43.51156234741211
4,498535,3.056800603866577,20.51461410522461,-13.598541259765625,-4.17954683303833
4,498538,-7.028592586517334,-4.58838415145874,4.968105316162109,-8.254786491394043
4,498539,-0.1637132465839386,0.25493231415748596,32.91545486450195,44.659297943115234
4,498542,-7.036514759063721,42.46449279785156,-2.3635408878326416,19.519798278808594
4,498543,-6.744528770446777,8.869532585144043,-7.607544898986816,-5.232885360717773
4,498546,19.257654190063477,-16.980310440063477,-17.420940399169922,-56.71772384643555
4,498547,3.9456310272216797,1.6067346334457397,-30.091808319091797,-82.53958892822266
4,498802,-22.631465911865234,-22.464818954467773,-1.340253472328186,-26.685033798217773
4,498804,-5.761448860168457,-16.944990158081055,-12.843241691589355,-6.335669994354248
4,498806,11.872945785522461,-9.276403427124023,-23.94698143005371,-37.96104431152344
4,498808,-12.742384910583496,-20.977197647094727,22.13220977783203,1.3546346426010132
4,498810,8.500064849853516,14.335118293762207,41.251590728759766,109.7716293334961
4,498812,29.350055694580078,34.95295333862305,11.598005294799805,67.75819396972656
4,498815,-1.6306862831115723,3.567258596420288,-0.8808672428131104,-37.053955078125
4,498816,-7.1520514488220215,-9.991398811340332,-11.457456588745117,-12.455095291137695
4,498817,-4.519134044647217,13.135592460632324,-5.202718257904053,-18.615095138549805
4,501008,-13.70339298248291,-16.43162727355957,-50.8616828918457,-92.42228698730469
4,501008,-23.224884033203125,-32.8414306640625,-39.64789581298828,-34.41156005859375
4,501008,20.702701568603516,14.826040267944336,63.40376663208008,80.07099151611328
4,501008,12.910709381103516,9.35615062713623,10.112470626831055,43.43663024902344
4,501008,-23.222375869750977,3.411306142807007,-20.260231018066406,-31.495162963867188
4,501009,21.417312622070312,0.20111395418643951,2.5463664531707764,-37.771217346191406
4,501009,-5.141729831695557,-4.868081092834473,-14.498133659362793,-23.179723739624023
4,501009,-15.909418106079102,-5.3361029624938965,-2.829190731048584,6.78184700012207
4,501009,22.766061782836914,-27.11264991760254,7.05560302734375,42.115516662597656
4,501009,6.390133857727051,-2.6038007736206055,32.3132438659668,53.455928802490234
4,501009,7.2558064460754395,15.041515350341797,15.081640243530273,26.95134162902832
4,501010,-2.998699903488159,24.491357803344727,-14.97737979888916,10.383410453796387
4,501010,-28.136898040771484,10.718035697937012,27.037485122680664,29.377342224121094
4,501010,7.6710405349731445,-5.0988874435424805,24.315683364868164,-6.891252517700195
4,501010,24.764968872070312,24.02483367919922,-25.884235382080078,-50.405757904052734
4,501010,-12.919085502624512,-5.077184677124023,-20.665815353393555,-13.48903751373291
4,501011,-12.673186302185059,-26.18926429748535,1.2186832427978516,-8.854801177978516
4,501011,15.536221504211426,-11.809539794921875,1.130634069442749,-11.722505569458008
4,501011,0.37382936477661133,6.81090784072876,-9.45437240600586,2.710273504257202
4,501011,-17.217031478881836,24.33281135559082,11.782444953918457,13.293747901916504
4,501011,8.494565963745117,0.9366292953491211,12.316234588623047,22.267833709716797
4,501011,10.28721809387207,-14.4390869140625,-12.88341236114502,6.459933757781982
4,501012,-9.278228759765625,-3.3312556743621826,12.102400779724121,15.963489532470703
4,501012,5.5029096603393555,19.646011352539062,7.072726726531982,3.381854295730591
4,501012,4.100688934326172,13.984429359436035,-19.405588150024414,-33.015159606933594
4,501012,-11.403721809387207,-27.369670867919922,-0.40790101885795593,-29.669588088989258
4,501012,7.613407611846924,-20.76565933227539,7.178734302520752,-18.567956924438477
4,501012,-10.522499084472656,0.7524685263633728,-23.043920516967773,7.712012767791748
4,501013,-13.390594482421875,1.1766724586486816,-2.8998029232025146,18.839902877807617
4,501013,15.293737411499023,10.920341491699219,29.101566314697266,-6.363880157470703
4,501013,9.223640441894531,-3.951786994934082,-12.189248085021973,-2.4181199073791504
4,501013,-7.714982032775879,0.2843068838119507,-22.402986526489258,18.76609230041504
4,501013,-13.507938385009766,5.039243698120117,16.048473358154297,16.499313354492188
4,501013,20.699703216552734,-6.179307460784912,12.350628852844238,-19.71004867553711
4,501014,11.173712730407715,5.497377395629883,-3.8109757900238037,-8.548949241638184
4,501014,-21.62730598449707,8.327576637268066,-4.804861068725586,30.77589988708496
4,501014,-3.4112493991851807,10.275289535522461,-21.501441955566406,-17.957908630371094
4,501014,3.574185609817505,-15.107367515563965,8.018152236938477,-30.527196884155273
4,501014,5.778316497802734,-7.0005879402160645,18.94637107849121,12.47944164276123
4,501014,6.804677963256836,13.033174514770508,-7.946428298950195,17.318439483642578
4,501015,-7.7336225509643555,-12.393927574157715,-6.944239616394043,15.467491149902344
4,501015,1.3112634420394897,12.942530632019043,-6.819443225860596,-0.009469408541917801
4,501015,8.610406875610352,10.89867877960205,16.890153884887695,-4.0947346687316895
4,501015,-21.014720916748047,-14.29688835144043,23.647356033325195,-4.720901012420654
4,501015,1.9084908962249756,5.358341217041016,-13.068918228149414,-17.585222244262695
4,501016,28.63509178161621,-13.722638130187988,-19.254961013793945,-8.890219688415527
4,501016,-21.9306640625,-0.4785548448562622,9.651067733764648,16.945045471191406
4,501016,-18.798076629638672,20.022953033447266,-1.796631097793579,0.5934950113296509
4,501016,23.72052764892578,-23.006500244140625,-14.967995643615723,-4.179530620574951
4,501016,-2.809649705886841,-5.770558834075928,13.979673385620117,28.942033767700195
4,501016,-12.342310905456543,12.478720664978027,9.779587745666504,-9.273406028747559
4,501016,9.856522560119629,-3.392364025115967,-22.07927703857422,-12.19016170501709
4,501017,-4.03305721282959,8.329490661621094,1.9732131958007812,21.999784469604492
4,501017,17.42395782470703,-0.14604605734348297,30.02824592590332,-0.7064342498779297
4,501017,7.495804309844971,-0.8344249129295349,-16.51852035522461,-5.976911544799805
4,501017,-29.442007064819336,16.624652862548828,-34.724117279052734,-3.623455047607422
4,501017,8.032654762268066,-19.03118896484375,16.5696964263916,-1.020035743713379
4,501017,6.891110897064209,-17.230058670043945,15.176658630371094,-2.067533254623413
4,501018,15.294983863830566,21.523365020751953,-13.291398048400879,-8.956376075744629
4,501018,13.500373840332031,3.6444084644317627,-0.5205886960029602,9.758271217346191
4,501018,-14.321441650390625,6.417802333831787,11.978336334228516,3.2971935272216797
4,501018,11.99251651763916,-0.8177960515022278,5.796211242675781,-16.547880172729492
4,501018,-13.609692573547363,-9.930276870727539,-6.64451789855957,-1.5373002290725708
4,501019,-27.267154693603516,0.6036288142204285,-2.4807162284851074,9.730685234069824
4,501019,22.425111770629883,-11.375567436218262,-10.456672668457031,-0.7068201899528503
4,501019,17.91574478149414,17.092126846313477,-0.2367653101682663,-17.4810791015625
4,501019,-17.999391555786133,12.36036205291748,8.273659706115723,-18.889875411987305
4,501019,-11.899834632873535,-13.745658874511719,-7.570171356201172,13.204861640930176
4,501019,-12.20077133178711,1.1901060342788696,-2.69692325592041,16.465898513793945
4,501020,-1.597083330154419,-7.954047679901123,-1.961744785308838,-9.293728828430176
4,501020,7.7726640701293945,14.816500663757324,19.396060943603516,-19.47797203063965
4,501020,-17.50295639038086,7.2646403312683105,17.1042537689209,-5.002047061920166
4,501020,-3.3630762100219727,-37.344566345214844,-13.119318962097168,27.201005935668945
4,501020,21.72783088684082,5.455544471740723,-12.587538719177246,8.367876052856445
4,501020,-8.745549201965332,19.118545532226562,-4.944057464599609,-22.7058162689209
4,501021,-9.689197540283203,-1.7625904083251953,10.584674835205078,-2.676265239715576
4,501021,19.668622970581055,5.440192699432373,7.045101642608643,8.075976371765137
4,501021,1.7440733909606934,-23.611698150634766,-12.542546272277832,-9.292390823364258
4,501021,-9.346538543701172,-9.937125205993652,9.496066093444824,-2.3338918685913086
4,501021,6.941142559051514,22.614439010620117,6.0047712326049805,4.783637523651123
4,501021,11.59382438659668,-11.502891540527344,-24.544382095336914,3.2931644916534424
4,501022,-6.6316022872924805,-0.9020870327949524,3.5435140132904053,9.249014854431152
4,501022,1.0029211044311523,31.298330307006836,14.848934173583984,-3.522672176361084
4,501022,11.95557975769043,-13.341410636901855,-3.077099084854126,0.6452039480209351
4,501022,-3.3492956161499023,-20.244775772094727,4.741091251373291,10.050481796264648
4,501022,-6.595979690551758,20.577802658081055,3.4949800968170166,-17.898273468017578
4,501022,-0.7757070064544678,2.055865526199341,-19.98826026916504,-18.835824966430664
4,501023,1.392810583114624,-33.714942932128906,-9.144739151000977,17.379804611206055
4,501023,2.848039388656616,-4.032166004180908,18.1451358795166,23.06764030456543
4,501023,4.895473957061768,40.22498321533203,9.588526725769043,-13.281558990478516
4,501023,-12.960625648498535,2.416137933731079,-0.18867991864681244,-23.234813690185547
4,501023,-0.05641620606184006,-35.8712043762207,-7.958871364593506,11.392634391784668
4,501023,12.554449081420898,-0.7214081883430481,-13.247979164123535,8.460773468017578
4,501025,-17.131166458129883,11.317927360534668,-11.254865646362305,-39.21051788330078
4,501025,-14.514688491821289,-21.454574584960938,8.293869972229004,-21.445955276489258
4,501025,3.76688551902771,5.285275459289551,7.393038749694824,31.39753532409668
4,501025,5.311437606811523,19.680383682250977,-3.2992544174194336,10.446928024291992
4,501025,5.883022785186768,-8.492034912109375,13.956274032592773,1.9372390508651733
4,501026,8.040192604064941,2.5142767429351807,-0.4498530924320221,1.2139770984649658
4,501026,-15.163370132446289,3.2268431186676025,-20.909719467163086,-5.585209846496582
4,501026,-7.500681400299072,-8.416296005249023,-0.4518525004386902,13.683077812194824
4,501027,24.216333389282227,-1.3631142377853394,33.209938049316406,5.0043511390686035
4,501028,0.22609488666057587,14.584494590759277,3.1481776237487793,-25.57602882385254
4,501030,-15.206940650939941,-7.4068098068237305,-9.880195617675781,-9.725693702697754
4,501032,-1.7455650568008423,-22.74020004272461,26.664194107055664,55.216094970703125
4,501034,12.922283172607422,8.499366760253906,-6.97308349609375,49.042991638183594
4,501036,24.694578170776367,35.762752532958984,-3.778949737548828,59.7666130065918
4,501038,7.407343864440918,33.79469299316406,29.35239028930664,57.46318817138672
4,501040,-18.85942840576172,8.498136520385742,-17.31517219543457,-88.41099548339844
4,501042,-8.984475135803223,-19.14667510986328,-43.29027557373047,-91.43595886230469
4,501044,4.467069149017334,-22.82990837097168,-28.33742904663086,-7.007017612457275
4,501046,-33.151275634765625,-3.6321682929992676,3.183476448059082,-18.314714431762695
4,501049,-2.9212327003479004,-20.008346557617188,29.951223373413086,-40.337860107421875
4,501050,25.735809326171875,-18.49331283569336,-12.548933029174805,-22.96376609802246
4,501053,-14.029800415039062,-8.624626159667969,-22.817148208618164,79.13246154785156
4,501054,22.629146575927734,14.431680679321289,17.072525024414062,71.42401885986328
4,501057,8.777047157287598,31.990201950073242,43.263824462890625,-33.80351638793945
4,501058,-17.407312393188477,-4.736112594604492,55.54203414916992,6.684368133544922
4,501061,2.8011703491210938,1.4663543701171875,-18.663307189941406,25.285768508911133
4,501062,-11.570629119873047,10.642141342163086,-73.45075225830078,-46.425201416015625
4,501063,2.126814603805542,-5.696957588195801,-9.191157341003418,-15.561622619628906
4,501066,19.585012435913086,-6.406949520111084,18.94023895263672,-6.314984321594238
4,501067,10.682989120483398,9.00228500366211,-9.22085952758789,-23.959665298461914
4,501070,-9.87586498260498,-14.531368255615234,-16.276872634887695,2.145390033721924
4,501071,-8.081144332885742,-22.819761276245117,11.52128791809082,0.0039582401514053345
4,501074,-2.187636613845825,20.524215698242188,40.02778625488281,8.6698637008667
4,501075,-5.724215030670166,11.336309432983398,6.769883155822754,30.329273223876953
4,501078,4.855498790740967,-0.9298117160797119,-15.231413841247559,47.26564407348633
4,501272,-13.967497825622559,-36.52887725830078,-36.81569290161133,-71.5466079711914
4,501272,-4.869069576263428,-43.56620407104492,-23.82185935974121,-97.79380798339844
4,501272,20.09375762939453,36.457035064697266,45.32271957397461,107.22592163085938
4,501272,-10.989745140075684,40.753971099853516,25.231197357177734,89.50709533691406
4,501272,-1.9032458066940308,7.698357582092285,-0.5590555667877197,-18.045337677001953
4,501273,11.335464477539062,-0.11446253955364227,5.1476922035217285,-13.681830406188965
4,501273,-1.9967292547225952,-10.367740631103516,-22.857059478759766,-27.062448501586914
4,501273,7.379308700561523,2.0924999713897705,-21.330188751220703,-30.023517608642578
4,501273,2.0961315631866455,15.454008102416992,10.819417953491211,-27.219968795776367
4,501273,-6.668976783752441,3.462135076522827,10.931476593017578,-8.339282035827637
4,501273,1.8155732154846191,-16.816638946533203,-17.12051010131836,17.612930297851562
4,501274,7.397719383239746,-11.480061531066895,0.6581085920333862,19.068958282470703
4,501274,-16.428144454956055,2.212975025177002,34.14631271362305,32.100494384765625
4,501274,-1.7462741136550903,9.921091079711914,12.646100044250488,38.08940887451172
4,501274,40.7050895690918,15.549976348876953,-20.36338233947754,1.9478639364242554
4,501274,-12.18261432647705,-13.123010635375977,-16.5174560546875,-5.466141223907471
4,501274,-38.537227630615234,-20.041940689086914,-4.266416072845459,-17.74150276184082
4,501275,16.098255157470703,11.50954532623291,-4.59295654296875,-38.98433303833008
4,501275,6.981229782104492,10.0110502243042,-8.320693969726562,-19.290069580078125
4,501275,-16.509490966796875,-25.047632217407227,-14.271895408630371,-10.419342041015625
4,501275,-9.717169761657715,-11.0049467086792,5.213263511657715,7.0050458908081055
4,501275,1.7793415784835815,34.42388916015625,32.147708892822266,24.982643127441406
4,501275,15.502638816833496,-1.9130973815917969,25.678041458129883,28.94894790649414
4,501276,14.523487091064453,-20.361295700073242,-0.12955722212791443,19.037105560302734
4,501276,-4.101400375366211,6.011816024780273,-6.744468688964844,-10.572442054748535
4,501276,-18.991992950439453,6.848001956939697,1.1237623691558838,-9.866025924682617
4,501276,8.109864234924316,27.09519386291504,-3.047142505645752,-15.330399513244629
4,501276,8.943806648254395,7.193349838256836,-18.359636306762695,-13.016413688659668
4,501277,-20.897024154663086,-31.754045486450195,-5.412240028381348,4.399318695068359
4,501277,5.07940673828125,-16.52503204345703,22.934968948364258,2.753387689590454
4,501277,18.51795768737793,19.111719131469727,-2.374342441558838,0.6511687636375427
4,501277,8.871451377868652,15.762981414794922,-17.74353790283203,-7.530624866485596
4,501277,-7.074868202209473,-8.336342811584473,22.78169822692871,10.4011869430542
4,501277,-18.187000274658203,4.921558856964111,13.875204086303711,18.967565536499023
4,501278,25.03670883178711,8.435568809509277,-45.1120491027832,-7.726382732391357
4,501278,4.428738594055176,-0.5406407713890076,-5.78768253326416,-21.198108673095703
4,501278,-25.771162033081055,-7.742560863494873,36.01191329956055,-20.477554321289062
4,501278,2.880079507827759,-18.683076858520508,-16.18621253967285,-3.4617631435394287
4,501278,-4.840336799621582,3.5529942512512207,-4.632454872131348,7.687628269195557
4,501278,2.404191255569458,12.123785018920898,3.97460675239563,-5.738132476806641
4,501279,11.621076583862305,-16.845426559448242,-19.792203903198242,-2.0572025775909424
4,501279,-10.4899320602417,-16.465160369873047,12.673386573791504,15.888103485107422
4,501279,-13.427879333496094,10.19705867767334,13.03234577178955,10.611089706420898
4,501279,-7.94542121887207,10.556670188903809,-6.504631519317627,-2.8328778743743896
4,501279,23.21668243408203,1.7393503189086914,-7.798396587371826,-14.541765213012695
4,501279,7.240653038024902,10.045221328735352,0.5898280739784241,-3.3534138202667236
4,501280,-12.47400951385498,0.4743207097053528,17.332609176635742,5.6396164894104
4,501280,17.952144622802734,-2.367785692214966,-13.333412170410156,-11.390419960021973
4,501280,-18.126569747924805,9.566822052001953,-26.44178581237793,3.669853448867798
4,501280,5.233894348144531,-2.9480252265930176,19.067907333374023,-0.2015022188425064
4,501280,35.48414611816406,-15.86480712890625,20.02079963684082,-17.587759017944336
4,501280,-40.15497970581055,-10.781181335449219,-18.820722579956055,22.50586700439453
4,501281,-29.258947372436523,5.686304569244385,-9.111214637756348,8.085779190063477
4,501281,33.97299575805664,5.49492883682251,11.510838508605957,-21.540010452270508
4,501281,8.373409271240234,-16.031536102294922,-5.159409999847412,16.881973266601562
4,501281,-21.15078353881836,22.594327926635742,4.490695476531982,5.6189751625061035
4,501281,-1.8833940029144287,21.82025909423828,8.974027633666992,-6.995473384857178
4,501281,15.966878890991211,-28.607511520385742,-18.830379486083984,1.7049105167388916
4,501282,1.0165263414382935,0.8649832606315613,-10.766115188598633,-8.930546760559082
4,501282,-8.490893363952637,-3.8073604106903076,1.4959654808044434,0.0458269938826561
4,501282,-3.729255437850952,-20.34348487854004,6.165656566619873,9.545329093933105
4,501282,7.790236473083496,24.6862735748291,27.2198486328125,3.2471773624420166
4,501282,14.186826705932617,20.881816864013672,-3.8837618827819824,-8.539114952087402
4,501282,-8.465836524963379,-26.52737808227539,-19.400537490844727,2.8299858570098877
4,501283,1.1697779893875122,-5.6769232749938965,9.558212280273438,-0.9614073634147644
4,501283,13.954139709472656,6.132618427276611,7.4425272941589355,-3.695643424987793
4,501283,-10.171919822692871,-3.312389850616455,9.4775972366333,16.334348678588867
4,501283,-8.230965614318848,14.508970260620117,-15.170966148376465,-8.660270690917969
4,501283,-0.22168587148189545,-24.10725975036621,-19.31822395324707,-20.74561882019043
4,501283,-6.091736793518066,-0.3928985595703125,7.192000865936279,5.995293617248535
4,501284,-4.940161228179932,34.25790786743164,8.346097946166992,1.991320252418518
4,501284,13.549237251281738,-3.506295680999756,9.616375923156738,2.396970510482788
4,501284,20.842741012573242,0.4251556694507599,10.840710639953613,21.518930435180664
4,501284,-0.818579375743866,-21.10284996032715,-12.523192405700684,5.665991306304932
4,501284,-5.531789779663086,-24.944047927856445,-22.343360900878906,-9.443639755249023
4,501284,-20.890287399291992,16.568206787109375,15.793136596679688,1.5374906063079834
4,501285,-18.835363388061523,20.540977478027344,6.801102161407471,7.640834331512451
4,501285,19.553455352783203,2.423422336578369,1.254317045211792,0.5233877897262573
4,501285,9.235773086547852,-33.20115280151367,6.039402008056641,-10.230252265930176
4,501285,-19.561798095703125,-15.458696365356445,-6.592396259307861,1.9878538846969604
4,501285,9.801490783691406,39.68986892700195,9.924885749816895,-1.1957058906555176
4,501286,13.753020286560059,26.783039093017578,-1.0718706846237183,-11.535684585571289
4,501286,-14.55928897857666,-26.491912841796875,-26.563358306884766,3.059540271759033
4,501286,-5.6591620445251465,-31.467308044433594,-12.241798400878906,1.5042228698730469
4,501286,0.5838208794593811,20.513290405273438,20.89366340637207,-5.307353496551514
4,501286,9.662662506103516,24.668212890625,13.635987281799316,1.5662169456481934
4,501286,4.880850315093994,-2.7186739444732666,-2.610358476638794,2.2188000679016113
4,501287,-1.9245485067367554,-23.633874893188477,-1.086363673210144,-14.568023681640625
4,501287,9.445174217224121,-12.596142768859863,-1.9061416387557983,-11.55288028717041
4,501287,6.153561592102051,26.587526321411133,0.9522973299026489,10.935118675231934
4,501287,-8.09034252166748,-16.64290428161621,-5.693284511566162,7.261107444763184
4,501287,-19.61368751525879,-10.368606567382812,-5.013454914093018,-2.66351318359375
4,501287,-2.8485729694366455,40.776119232177734,0.3319983184337616,2.3026111125946045
4,501288,23.646324157714844,-1.3660485744476318,-2.3664298057556152,-6.1073479652404785
4,501288,4.917459964752197,-25.66912841796875,7.261997222900391,-4.107700824737549
4,501288,-15.552499771118164,-6.237634181976318,2.018117666244507,9.195841789245605
4,501288,5.923824787139893,13.09430980682373,0.3199382424354553,-1.8682211637496948
4,501289,5.805908203125,9.21915054321289,14.670232772827148,15.860393524169922
4,501289,-22.835969924926758,-15.750242233276367,-1.1090571880340576,29.21063995361328
4,501290,-17.082916259765625,-10.553799629211426,-11.729401588439941,-9.95417308807373
4,501290,9.477215766906738,21.787752151489258,6.302651882171631,-4.893149375915527
4,501290,21.32766342163086,12.253366470336914,17.06545639038086,12.138538360595703
4,501290,22.121959686279297,-16.427282333374023,4.310722351074219,4.4320597648620605
4,501290,-18.809070587158203,6.311141014099121,-13.513872146606445,-7.074625492095947
4,501290,-16.381933212280273,-1.7312217950820923,-18.17453384399414,-18.17041778564453
4,501291,16.2506046295166,-13.990297317504883,-7.010917663574219,10.428348541259766
4,501292,-13.45604133605957,15.555336952209473,2.5937070846557617,38.78877258300781
4,501293,1.616329312324524,0.39967113733291626,-6.769412040710449,33.49787902832031
4,501296,13.707579612731934,-5.998985767364502,5.372467041015625,9.711437225341797
4,501297,-3.8045780658721924,18.6279239654541,30.192214965820312,14.086297988891602
4,501300,-11.338715553283691,13.350567817687988,6.247725963592529,-30.93232536315918
4,501301,-7.7145161628723145,10.445281982421875,-28.418001174926758,-72.48783111572266
4,501304,27.371191024780273,19.416637420654297,-6.286895751953125,-29.179759979248047
4,501305,-9.745944023132324,-34.33127975463867,0.2573482096195221,-19.917757034301758
4,501308,-18.49333381652832,-43.81669998168945,-12.323859214782715,-43.55610656738281
4,501309,26.845462799072266,9.269314765930176,4.891661643981934,-8.004941940307617
4,501312,-8.074248313903809,-15.272172927856445,4.563119888305664,79.35640716552734
4,501313,-0.8642196655273438,0.3325454592704773,20.771730422973633,47.78639602661133
4,501316,9.821357727050781,28.71392059326172,10.178441047668457,3.647996664047241
4,501317,-2.7604610919952393,-7.2969160079956055,-15.458098411560059,27.740571975708008
4,501320,8.435961723327637,21.923986434936523,9.46857738494873,-23.66639518737793
4,501321,-23.18781852722168,14.135008811950684,-11.971664428710938,-50.32907485961914
4,501324,-23.76078224182129,-31.637346267700195,-29.479164123535156,-13.93483829498291
4,501325,0.03928578644990921,-9.53847599029541,6.1057891845703125,-1.9174590110778809
4,501328,30.80112075805664,-13.080824851989746,1.0720884799957275,-21.04840087890625
4,501329,19.276023864746094,-7.071852207183838,13.073678016662598,-2.717928409576416
4,501332,-19.234994888305664,10.251147270202637,44.64616775512695,56.38159942626953
4,501334,6.345767021179199,21.31821060180664,-0.5228086709976196,26.111635208129883
4,501336,0.5201543569564819,13.250737190246582,-45.56168746948242,-29.786144256591797
4,501338,6.628693103790283,-0.4711364507675171,-9.06825065612793,4.7281599044799805
4,501340,11.621564865112305,15.418701171875,28.56490135192871,17.9295597076416
4,501342,-7.723249912261963,-5.6672139167785645,-10.748028755187988,-8.926705360412598
4,501537,4.085464000701904,-32.17447280883789,12.290555000305176,44.94890213012695
4,501537,-14.573519706726074,-10.079133033752441,43.439144134521484,57.63785934448242
4,501537,-0.050871919840574265,28.27849006652832,-27.655786514282227,-17.18854331970215
4,501537,-0.8999596238136292,8.723254203796387,-20.291749954223633,-22.001689910888672
4,501537,-12.186290740966797,-3.540025472640991,1.4395438432693481,-35.419857025146484
4,501537,13.282605171203613,2.7380709648132324,-32.276912689208984,-56.88054656982422
4,501538,-9.315381050109863,-2.762622117996216,-8.066325187683105,-43.609352111816406
4,501538,-10.106688499450684,-23.872570037841797,4.066082954406738,-18.090356826782227
4,501538,7.540879249572754,-38.57974624633789,-8.613682746887207,28.25323486328125
4,501538,-8.796652793884277,9.009956359863281,12.786211967468262,28.503210067749023
4,501538,-16.364412307739258,28.566041946411133,24.579151153564453,6.1802778244018555
4,501538,2.109947919845581,19.82771110534668,2.219825029373169,18.583093643188477
4,501539,8.736743927001953,22.286277770996094,-4.146251678466797,15.379111289978027
4,501539,-6.049004077911377,-8.283771514892578,8.295022010803223,-16.96147346496582
4,501539,-1.1098978519439697,-24.465286254882812,-9.719535827636719,-19.90001678466797
4,501539,1.5532903671264648,11.25130844116211,-10.205720901489258,-13.164401054382324
4,501539,1.6170822381973267,1.3254306316375732,14.822626113891602,-5.075626373291016
4,501539,14.501007080078125,-8.977710723876953,25.052932739257812,0.41777873039245605
4,501540,19.48026466369629,0.6155722737312317,9.305012702941895,6.376462936401367
4,501540,16.86542320251465,-6.096999645233154,-13.078874588012695,12.344018936157227
4,501540,4.483096122741699,1.6809920072555542,-9.39843463897705,-0.8820728063583374
4,501540,-10.069765090942383,5.959710597991943,3.2236437797546387,15.85981559753418
4,501540,-25.024169921875,17.350811004638672,7.497929573059082,19.522693634033203
4,501540,2.2768962383270264,4.822277069091797,-5.169657230377197,-23.72077178955078
4,501541,15.08645248413086,-17.81355857849121,-32.60868453979492,-22.87444305419922
4,501541,-8.795082092285156,-8.883912086486816,-13.979336738586426,7.400467395782471
4,501541,4.607570648193359,21.60994529724121,9.254581451416016,8.547868728637695
4,501541,-1.6629797220230103,-5.387178897857666,7.14141845703125,2.010300636291504
4,501541,-1.0021501779556274,-38.95682144165039,-0.1770082265138626,5.7449188232421875
4,501542,-12.515477180480957,-0.25171372294425964,-2.7876782417297363,1.1480834484100342
4,501542,-16.329862594604492,26.670848846435547,23.271915435791016,6.76833963394165
4,501542,12.706336975097656,2.0781149864196777,-10.743051528930664,11.238487243652344
4,501542,-0.5825715661048889,-4.981513977050781,-10.398091316223145,-8.884613037109375
4,501542,-21.223974227905273,-3.1291229724884033,19.46721076965332,-12.35558795928955
4,501542,-8.095702171325684,-5.250645637512207,-15.643803596496582,-7.917812824249268
4,501543,18.222545623779297,12.484685897827148,-15.126205444335938,-22.213050842285156
4,501543,-8.441116333007812,-33.890193939208984,-8.104453086853027,-9.42721939086914
4,501543,-0.7211876511573792,-29.023836135864258,9.704703330993652,25.092477798461914
4,501543,15.0476713180542,38.46477127075195,13.471697807312012,2.726165771484375
4,501543,0.9981750845909119,7.6932196617126465,-18.750354766845703,-0.3298092782497406
4,501543,9.546664237976074,-13.538064956665039,-4.568689346313477,6.484385967254639
4,501544,-0.3831064701080322,17.40899085998535,2.823204755783081,-10.504178047180176
4,501544,4.697686672210693,10.873417854309082,3.03291916847229,20.851863861083984
4,501544,11.31500244140625,-4.102859973907471,39.28398513793945,21.011058807373047
4,501544,20.907882690429688,-6.76344633102417,7.77770471572876,-15.22420597076416
4,501544,-3.011479616165161,3.0119361877441406,-37.82134246826172,-4.363308429718018
4,501544,-32.5258903503418,2.4733622074127197,13.32293701171875,10.792364120483398
4,501545,2.3494679927825928,4.050878047943115,-2.6289076805114746,-12.862621307373047
4,501545,7.516454696655273,9.38611125946045,-14.394174575805664,-9.68226146697998
4,501545,-5.912273406982422,-21.975269317626953,35.238067626953125,9.740671157836914
4,501545,11.59011173248291,-4.812803268432617,-11.70275592803955,-2.877692937850952
4,501545,9.6394624710083,26.07434844970703,-31.631668090820312,-5.079835891723633
4,501545,-19.895593643188477,-11.336519241333008,14.232460975646973,8.035144805908203
4,501546,-6.977124214172363,-1.8665469884872437,22.08804702758789,-0.8162596821784973
4,501546,31.881441116333008,12.801762580871582,-10.126765251159668,-15.488933563232422
4,501546,7.632111072540283,-3.033273935317993,-16.025556564331055,-18.99162483215332
4,501546,-25.613250732421875,11.131677627563477,18.387996673583984,11.806921005249023
4,501546,-8.190641403198242,-3.8307924270629883,15.077422142028809,26.830873489379883
4,501547,24.16472816467285,-12.973312377929688,-0.9998616576194763,-18.72779083251953
4,501547,7.009605884552002,-2.161548376083374,1.1754287481307983,-7.523312091827393
4,501547,-44.69449996948242,3.672734498977661,-14.921679496765137,17.359098434448242
4,501547,-4.417690753936768,4.6854424476623535,-16.70149040222168,-9.192737579345703
4,501547,26.433561325073242,-10.57113265991211,6.3675761222839355,1.2056033611297607
4,501547,-16.476280212402344,-7.8227338790893555,4.72298002243042,26.914304733276367
4,501547,-11.332775115966797,5.370450496673584,-17.71343994140625,-19.435537338256836
4,501548,13.79827880859375,0.5798717737197876,-9.394072532653809,-24.876195907592773
4,501548,5.023518085479736,-21.90903663635254,7.754278659820557,39.88540267944336
4,501548,-17.08677864074707,-9.429997444152832,14.97494125366211,-2.6711528301239014
4,501548,-0.8787369132041931,26.46575927734375,-1.6209063529968262,-33.845767974853516
4,501548,21.733539581298828,2.703521251678467,-17.467731475830078,24.14126205444336
4,501548,3.7023749351501465,-11.719897270202637,3.228440999984741,2.68546462059021
4,501549,-21.439979553222656,-9.97799301147461,11.079578399658203,-11.939702987670898
4,501549,-3.8047688007354736,3.4097440242767334,8.22551155090332,26.73383140563965
4,501549,19.454992294311523,37.496891021728516,-9.32576847076416,-6.967979907989502
4,501549,-4.587528228759766,-12.987698554992676,-14.722688674926758,-5.152365207672119
4,501549,-13.09084701538086,-34.23015594482422,22.48328399658203,30.21473503112793
4,501550,17.777435302734375,39.29397964477539,26.766237258911133,-17.81667709350586
4,501550,3.9548184871673584,23.412630081176758,-12.417021751403809,-19.03440284729004
4,501550,-20.06840705871582,-27.74730682373047,-21.628278732299805,29.842018127441406
4,501550,3.9046709537506104,-1.1069084405899048,-2.1205050945281982,-10.483427047729492
4,501550,15.104342460632324,-0.3872607350349426,14.917230606079102,-20.079870223999023
4,501550,0.86959308385849,-9.434796333312988,4.506298065185547,26.252744674682617
4,501551,-11.19205093383789,11.367486000061035,-1.807404637336731,5.314340114593506
4,501551,9.798721313476562,3.9147543907165527,5.10457181930542,-16.674072265625
4,501551,12.966827392578125,-16.368335723876953,-6.969611644744873,-4.076399326324463
4,501551,-12.02784252166748,10.266419410705566,6.270513534545898,9.042435646057129
4,501551,-17.931453704833984,7.7153778076171875,4.513456344604492,6.423680782318115
4,501551,-1.4495699405670166,-6.326737880706787,-8.262746810913086,1.1830151081085205
4,501552,17.422327041625977,25.45965003967285,5.43139123916626,1.6437731981277466
4,501552,1.5412800312042236,-8.8216552734375,-10.681668281555176,-5.97006893157959
4,501552,-14.034811019897461,-20.829870223999023,-16.745223999023438,-0.6634314060211182
4,501552,-3.2945597171783447,12.353017807006836,19.427013397216797,-0.7409164309501648
4,501552,15.967008590698242,-11.814004898071289,22.19984245300293,0.3705025315284729
4,501552,19.626514434814453,-4.679020881652832,-11.086233139038086,5.646058082580566
4,501553,-10.982144355773926,22.530248641967773,-13.180779457092285,-10.867246627807617
4,501553,-27.322311401367188,2.921588182449341,3.7745633125305176,-6.030930519104004
4,501553,8.615571975708008,-21.280515670776367,9.994162559509277,1.0494468212127686
4,501554,10.081390380859375,-4.4398512840271,4.501741886138916,1.7986481189727783
4,501554,-6.991660118103027,10.168013572692871,-9.359443664550781,3.251950263977051
4,501555,-7.256002902984619,-12.811637878417969,-9.091811180114746,-9.56449031829834
4,501555,-14.929089546203613,-7.779717922210693,3.0479321479797363,-0.8466084599494934
4,501555,-7.079653263092041,-3.2507574558258057,13.975540161132812,14.84597396850586
4,501555,20.05986213684082,18.385618209838867,14.074580192565918,0.37848713994026184
4,501555,21.07132911682129,30.6507568359375,-7.541003704071045,-13.041404724121094
4,501555,-3.908808946609497,-11.313385009765625,-16.3359317779541,2.31758713722229
4,501556,-4.946475505828857,-16.11551284790039,-3.4914543628692627,5.657115459442139
4,501557,-2.9254016876220703,14.015340805053711,39.549537658691406,23.582914352416992
4,501558,9.453784942626953,39.7237434387207,21.32938003540039,25.77228355407715
4,501559,-20.206071853637695,-4.951725482940674,-34.228607177734375,-34.15195846557617
4,501562,-9.11652660369873,-34.19160842895508,-37.66392517089844,-84.32450103759766
4,501564,47.768646240234375,4.661133289337158,-64.86410522460938,-37.683109283447266
4,501566,-8.409168243408203,-14.04166316986084,-10.162468910217285,15.484443664550781
4,501568,-42.00941848754883,-26.880220413208008,39.35488510131836,-19.469722747802734
4,501570,-22.493698120117188,-38.386775970458984,18.299165725708008,13.399038314819336
4,501572,13.865056037902832,-2.03056001663208,26.185665130615234,56.5947380065918
4,501574,57.96455001831055,68.28101348876953,32.81693649291992,61.17429733276367
4,501576,18.584762573242188,-1.6626299619674683,0.15214021503925323,49.73701858520508
4,501578,-40.57668685913086,-31.611696243286133,-55.02595520019531,-1.6906181573867798
4,501580,-25.329313278198242,33.79487609863281,13.210851669311523,-17.948333740234375
4,501582,43.99605178833008,34.789676666259766,37.66750717163086,-61.43940734863281
4,501584,15.343504905700684,-3.4640097618103027,-17.25942039489746,-64.71681213378906
4,501586,-29.231843948364258,-23.819778442382812,0.253160685300827,23.177885055541992
4,501588,-2.920933961868286,-26.38628387451172,-14.34024429321289,26.77909278869629
4,501590,-1.0765243768692017,-21.328359603881836,-16.720428466796875,-0.29503148794174194
4,501592,20.813983917236328,3.642735004425049,9.239968299865723,16.2860050201416
4,501594,-17.05279541015625,26.56685447692871,0.17574897408485413,-0.014822745695710182
4,501596,-36.81550598144531,2.566124439239502,-11.930715560913086,13.307269096374512
4,501598,23.652664184570312,4.082888603210449,16.565336227416992,42.468318939208984
4,501600,-10.884671211242676,17.76826286315918,18.490453720092773,1.2253812551498413
4,501602,-8.679182052612305,7.892421722412109,6.308302402496338,-74.68600463867188
4,501604,43.1807746887207,17.84897232055664,16.959516525268555,-22.65128517150879
4,501606,-12.314239501953125,-33.24912643432617,-43.1629638671875,40.412601470947266
4,501608,-32.410526275634766,-38.84406280517578,-38.168766021728516,-17.443315505981445
4,501803,26.31049919128418,63.549739837646484,52.60386657714844,41.412879943847656
4,501803,5.18060302734375,38.33369827270508,31.338537216186523,23.80321502685547
4,501803,-21.113950729370117,-50.14277267456055,-43.3002815246582,-87.46858215332031
4,501803,8.758196830749512,-27.82403564453125,-26.928447723388672,-29.127092361450195
4,501803,13.135757446289062,-8.954717636108398,12.778977394104004,11.72608757019043
4,501804,5.756180763244629,-22.709945678710938,-1.0576151609420776,7.250765323638916
4,501804,-9.232261657714844,-5.570566177368164,15.003787994384766,36.69587707519531
4,501804,9.192403793334961,11.740225791931152,17.130258560180664,44.1422004699707
4,501804,17.29053497314453,4.1485137939453125,-10.502745628356934,24.040267944335938
4,501804,-18.24087142944336,24.701595306396484,2.427170991897583,-10.725675582885742
4,501804,-11.579405784606934,26.272531509399414,-17.638906478881836,-40.58771514892578
4,501805,-8.404315948486328,-26.902149200439453,-21.085660934448242,-38.30661392211914
4,501805,-2.149498224258423,-17.189725875854492,22.79185676574707,-21.200176239013672
4,501805,10.290804862976074,5.429642200469971,7.416131496429443,-9.799151420593262
4,501805,0.2160591036081314,-15.244483947753906,-11.00417423248291,6.131801128387451
4,501805,2.936481475830078,-1.8980849981307983,18.97787094116211,24.316509246826172
4,501805,-5.526535987854004,12.851240158081055,6.120034217834473,22.003414154052734
4,501806,-5.113551616668701,11.090070724487305,-11.317610740661621,15.204838752746582
4,501806,2.8917462825775146,11.236992835998535,1.4560413360595703,20.505428314208984
4,501806,-0.2309441864490509,2.789285898208618,-3.7260196208953857,-10.991772651672363
4,501806,12.322949409484863,-5.3189544677734375,-10.665197372436523,-27.75250816345215
4,501806,18.96499252319336,7.250561714172363,-4.938849449157715,-4.61511754989624
4,501807,-27.668079376220703,4.82283878326416,14.253347396850586,-3.6852922439575195
4,501807,-24.84505271911621,-14.632152557373047,-4.903828144073486,-7.263381004333496
4,501807,23.797971725463867,-6.77963399887085,-18.024869918823242,-3.016587734222412
4,501807,1.2230809926986694,-15.259393692016602,3.0112287998199463,14.982675552368164
4,501807,-14.1176118850708,-9.998011589050293,17.388093948364258,21.90130043029785
4,501807,12.552732467651367,19.758026123046875,21.354999542236328,7.305796146392822
4,501808,12.066285133361816,0.36377519369125366,-3.6782984733581543,10.199462890625
4,501808,-12.071691513061523,-18.81201171875,-1.1171362400054932,17.232276916503906
4,501808,-9.875102043151855,13.273442268371582,3.526106119155884,-10.901254653930664
4,501808,1.5235098600387573,22.226404190063477,-11.1172513961792,-30.81858253479004
4,501808,22.025312423706055,-16.272790908813477,-1.8959492444992065,-19.19740104675293
4,501808,14.907663345336914,-16.560155868530273,1.5012457370758057,0.14773714542388916
4,501809,-9.126015663146973,17.569984436035156,-19.70905113220215,23.015047073364258
4,501809,-3.625007390975952,-2.4074318408966064,-1.7983373403549194,10.817909240722656
4,501809,-15.840036392211914,-10.988566398620605,17.831314086914062,7.779829025268555
4,501809,3.2170283794403076,14.340201377868652,0.7728614807128906,5.556539535522461
4,501809,3.6701016426086426,14.28863525390625,19.573772430419922,5.204191207885742
4,501809,0.9814034104347229,18.302898406982422,3.204500675201416,6.993377685546875
4,501810,21.072885513305664,-11.848357200622559,-20.623085021972656,-2.7036256790161133
4,501810,-21.804851531982422,-29.76279067993164,6.760688781738281,14.20862865447998
4,501810,-17.604534149169922,21.751558303833008,-5.313896656036377,-22.643890380859375
4,501810,5.378359794616699,12.750965118408203,-27.581201553344727,-37.83563232421875
4,501810,-1.8065080642700195,-38.801658630371094,9.682596206665039,4.978967666625977
4,501810,-0.5635255575180054,-2.805690050125122,21.730653762817383,10.10980224609375
4,501811,8.482358932495117,34.07899856567383,-7.666003227233887,17.815113067626953
4,501811,7.160630226135254,-4.693470478057861,21.716276168823242,0.19465959072113037
4,501811,-2.3039209842681885,-3.0069284439086914,9.707773208618164,-24.219499588012695
4,501811,-2.603118658065796,15.092085838317871,-21.28080940246582,12.694034576416016
4,501811,-7.714605808258057,-7.5774712562561035,19.2244815826416,12.510143280029297
4,501811,4.827884197235107,-1.7201329469680786,7.952049732208252,-17.186626434326172
4,501812,13.693078994750977,-2.167560338973999,-14.37010669708252,-18.686805725097656
4,501812,9.012450218200684,-9.793133735656738,-5.235907554626465,-6.319009780883789
4,501812,-1.9410415887832642,7.285404682159424,-14.747588157653809,19.43458366394043
4,501812,-1.9988396167755127,5.63661527633667,-15.949173927307129,11.496166229248047
4,501812,-23.144798278808594,-8.155498504638672,0.5931026935577393,-9.703441619873047
4,501812,-26.766874313354492,-6.426319599151611,10.435517311096191,-0.18791280686855316
4,501813,23.166894912719727,3.146697759628296,0.5970093607902527,8.254006385803223
4,501813,8.45140552520752,-2.417595624923706,1.1203974485397339,-3.9343197345733643
4,501813,-5.119964599609375,-18.0484561920166,0.6975775957107544,-18.390687942504883
4,501813,-3.5077996253967285,-6.503992557525635,-8.054512977600098,-1.913265585899353
4,501813,-27.238330841064453,25.06456184387207,12.550864219665527,34.49962615966797
4,501813,10.320523262023926,18.57244110107422,13.070355415344238,7.491964340209961
4,501814,21.194637298583984,-1.1841703653335571,-12.3076171875,-33.068145751953125
4,501814,-1.6808689832687378,-23.257272720336914,-13.191065788269043,13.631850242614746
4,501814,6.3729753494262695,-9.669361114501953,9.855779647827148,24.758399963378906
4,501814,6.571593284606934,33.223731994628906,20.1279354095459,-17.074382781982422
4,501814,7.705789089202881,11.502190589904785,10.332783699035645,4.495581150054932
4,501814,10.827884674072266,-2.3079655170440674,-15.920458793640137,3.243100643157959
4,501815,9.84418773651123,0.05066210776567459,-19.08375358581543,-9.169168472290039
4,501815,4.4536452293396,-1.707051396369934,23.341466903686523,14.138069152832031
4,501815,-17.945337295532227,0.2529110014438629,0.17951694130897522,3.2328178882598877
4,501815,0.06373477727174759,-6.553437232971191,-25.401655197143555,-2.428161382675171
4,501815,12.313021659851074,0.36433693766593933,9.142332077026367,-18.298389434814453
4,501816,-18.533926010131836,-2.1479249000549316,-4.340252876281738,-13.270041465759277
4,501816,-6.086535930633545,-14.4655122756958,-1.5102142095565796,27.99920082092285
4,501816,1.4265450239181519,-2.1212098598480225,8.78923225402832,12.900786399841309
4,501816,-9.652057647705078,20.708948135375977,-26.151517868041992,-31.365596771240234
4,501816,-4.1195855140686035,-9.668194770812988,-6.003890037536621,-9.777215003967285
4,501816,-6.62761926651001,-35.37989044189453,15.814803123474121,33.191505432128906
4,501817,-3.6523983478546143,16.08057403564453,12.164258003234863,-7.351869583129883
4,501817,13.799342155456543,33.88981628417969,-1.7893143892288208,-21.176559448242188
4,501817,4.208114147186279,-19.023174285888672,-9.442216873168945,10.303716659545898
4,501817,-9.192601203918457,-18.120256423950195,7.810727596282959,17.961811065673828
4,501817,7.276365756988525,15.489542961120605,-6.452287197113037,19.9372615814209
4,501817,17.907573699951172,6.743557929992676,-4.652322292327881,-33.338340759277344
4,501818,2.3434972763061523,-6.904566764831543,14.539018630981445,-41.70082092285156
4,501818,-5.583200454711914,14.761995315551758,7.979445457458496,32.72254943847656
4,501818,-11.640632629394531,5.883331298828125,-16.984596252441406,11.57155704498291
4,501818,-16.255746841430664,-39.84850311279297,-13.83753490447998,-34.9626350402832
4,501818,0.2312207818031311,-1.0984572172164917,20.608097076416016,-15.136987686157227
4,501818,18.914079666137695,42.5484619140625,0.3371714949607849,7.904547691345215
4,501819,13.17398738861084,-4.531246185302734,-6.816123008728027,15.47497272491455
4,501819,-24.250690460205078,-16.801326751708984,20.21308708190918,-4.41237211227417
4,501819,-8.183311462402344,5.752607822418213,-5.168421268463135,-19.67230796813965
4,501819,18.400110244750977,-8.774589538574219,-6.964996337890625,-0.10183756798505783
4,501820,2.2998948097229004,0.5533612370491028,-0.2988235652446747,4.102603912353516
4,501821,-7.968988418579102,-1.3868461847305298,-15.32219409942627,-15.7539644241333
4,501821,-10.755523681640625,-12.642759323120117,-2.9992549419403076,7.798383712768555
4,501821,4.284223556518555,7.096874237060547,10.93035888671875,22.63042640686035
4,501821,13.123065948486328,17.440107345581055,-10.60339069366455,-17.486652374267578
4,501821,1.8801136016845703,20.7724666595459,-3.522854804992676,-12.768341064453125
4,501821,-11.594316482543945,-14.102823257446289,22.751832962036133,24.61492919921875
4,501822,-23.795963287353516,-46.661170959472656,-5.96279764175415,0.2057168185710907
4,501822,7.633967399597168,14.878477096557617,2.5854299068450928,-4.818649768829346
4,501823,7.548132419586182,22.821611404418945,-18.222440719604492,-17.230602264404297
4,501824,-29.902116775512695,-42.646331787109375,-48.601688385009766,-33.88445281982422
4,501826,7.639767169952393,-3.92091965675354,21.663793563842773,0.6051825284957886
4,501828,22.159732818603516,26.531217575073242,48.568660736083984,10.28056526184082
4,501830,24.07588768005371,-16.848257064819336,9.525431632995605,39.86100387573242
4,501832,14.051061630249023,-19.71706771850586,16.347070693969727,74.79743194580078
4,501834,-23.29951286315918,19.03850555419922,12.804502487182617,60.45147705078125
4,501836,4.347055435180664,27.9005069732666,-34.663368225097656,-13.224263191223145
4,501838,5.198677062988281,20.510456085205078,-8.977593421936035,-29.76129722595215
4,501840,-6.865852355957031,26.865739822387695,11.730920791625977,-19.98528289794922
4,501842,22.289461135864258,-0.38069525361061096,-4.961804389953613,-52.67913055419922
4,501844,3.0484819412231445,-26.07313346862793,9.687644004821777,-38.382179260253906
4,501846,-32.592369079589844,-10.172225952148438,-9.829116821289062,-12.691247940063477
4,501849,-30.889911651611328,-19.05595588684082,-37.21651077270508,11.871405601501465
4,501850,25.2547550201416,-41.037376403808594,-6.355162143707275,18.238109588623047
4,501853,16.187179565429688,20.47960090637207,62.40105438232422,39.81138610839844
4,501854,-31.17854881286621,47.427490234375,27.089128494262695,-4.921134948730469
4,501857,31.329998016357422,-3.1450979709625244,-40.555458068847656,5.329519748687744
4,501858,19.908042907714844,-17.970584869384766,-7.630722522735596,53.61824417114258
4,501861,-27.94357681274414,11.119468688964844,7.500682353973389,-51.34574890136719
4,501862,-0.5256086587905884,28.427165985107422,-5.520737171173096,-3.6451361179351807
4,501865,9.240574836730957,-45.09709930419922,-31.87103271484375,12.675663948059082
4,501866,6.1119794845581055,-5.734495162963867,-5.7515411376953125,-63.96004867553711
4,501867,-7.25612735748291,62.02707290649414,15.425708770751953,-26.25177764892578
4,501870,-24.11821937561035,-35.12860107421875,-27.24567222595215,16.97858238220215
4,501871,-24.05430793762207,-57.36763381958008,15.092947006225586,26.81379508972168
4,501874,10.302608489990234,16.066158294677734,33.54806137084961,21.944961547851562
4,501875,32.92660903930664,40.35509490966797,-12.074418067932129,31.149253845214844
4,502069,1.3857033252716064,-21.23842430114746,-25.5399169921875,-132.06625366210938
4,502069,-0.09965848177671432,-30.155729293823242,6.7114105224609375,-105.1040267944336
4,502069,9.71596622467041,15.198586463928223,44.74836730957031,147.8262939453125
4,502069,-6.726344108581543,4.212134838104248,9.89738941192627,99.9727783203125
4,502070,-3.352313756942749,7.189747333526611,-4.242792129516602,11.161066055297852
4,502070,4.515214443206787,36.438270568847656,4.7165703773498535,1.2736461162567139
4,502070,12.070293426513672,13.26325511932373,-23.39995765686035,-39.670166015625
4,502070,-10.12514877319336,-26.275142669677734,-6.116847991943359,-21.656593322753906
4,502070,-37.63705062866211,-19.268829345703125,-3.865952968597412,-17.79613494873047
4,502070,3.295229196548462,-1.9521960020065308,-11.782069206237793,-8.829672813415527
4,502071,17.801803588867188,0.9297484159469604,20.63337516784668,18.77317237854004
4,502071,-9.674678802490234,-24.19936180114746,0.8102573156356812,23.95965576171875
4,502071,-3.898693084716797,-0.7486073970794678,0.5713610053062439,28.31817626953125
4,502071,14.132257461547852,53.276527404785156,25.015634536743164,27.156740188598633
4,502071,4.271480083465576,6.741008281707764,-5.999922752380371,9.501463890075684
4,502071,11.694013595581055,-26.109468460083008,-35.625736236572266,-26.88839340209961
4,502072,18.594097137451172,10.433342933654785,-16.219629287719727,-17.623037338256836
4,502072,-27.6838321685791,19.22309112548828,19.31165313720703,-6.005855083465576
4,502072,-10.60433578491211,-0.8446752429008484,3.700453996658325,-16.76664161682129
4,502072,23.291183471679688,-15.362555503845215,-10.036903381347656,-10.002047538757324
4,502072,-24.611013412475586,-17.56278419494629,19.359249114990234,3.9512572288513184
4,502073,-29.063194274902344,-17.932565689086914,29.290483474731445,26.995779037475586
4,502073,17.19679832458496,17.712709426879883,-0.5678049325942993,20.580053329467773
4,502073,12.268885612487793,13.422802925109863,-21.578310012817383,-15.06934642791748
4,502073,6.145890235900879,-17.413541793823242,8.379011154174805,-9.165860176086426
4,502073,9.963516235351562,5.771773815155029,21.255186080932617,21.02381706237793
4,502073,6.275753498077393,18.0175724029541,-11.385787963867188,-18.785602569580078
4,502074,3.2643330097198486,-11.067098617553711,-22.679655075073242,-34.73805236816406
4,502074,-5.174254894256592,-13.595596313476562,-5.444352149963379,2.389349937438965
4,502074,4.138660907745361,17.197368621826172,-11.367902755737305,-11.588292121887207
4,502074,1.369857668876648,9.93469524383545,-9.280635833740234,7.309887886047363
4,502074,0.644573450088501,-4.431582450866699,14.54503345489502,25.5493106842041
4,502074,-5.097332000732422,-1.493219256401062,0.9277371764183044,-0.16373121738433838
4,502075,-18.018306732177734,1.7323318719863892,-8.667566299438477,2.489485740661621
4,502075,4.6513895988464355,-2.957529067993164,5.934661388397217,7.978548526763916
4,502075,7.799090385437012,-5.440698623657227,0.6074243187904358,-3.211947202682495
4,502075,-4.121470928192139,13.060871124267578,-3.5710370540618896,-19.010587692260742
4,502075,-4.7969794273376465,15.96292781829834,18.23093605041504,-17.03153419494629
4,502075,10.26530933380127,-27.533432006835938,-0.6664331555366516,-15.11572265625
4,502076,3.5385942459106445,-23.043413162231445,-13.872391700744629,8.805150985717773
4,502076,-21.088056564331055,24.404096603393555,11.057002067565918,24.626911163330078
4,502076,19.565692901611328,6.5586256980896,-8.121600151062012,0.9570390582084656
4,502076,-3.879842519760132,-18.478620529174805,-1.209598422050476,-7.878066539764404
4,502076,-16.830272674560547,-1.1154245138168335,16.54671287536621,-1.4627745151519775
4,502076,43.92270278930664,8.672762870788574,-16.500755310058594,10.955636024475098
4,502077,-20.563631057739258,6.121456146240234,-10.253552436828613,9.89220142364502
4,502077,-37.06391906738281,9.16744613647461,13.221479415893555,-6.535673141479492
4,502077,10.82421875,-8.79628849029541,-7.131523609161377,-21.014257431030273
4,502077,-15.082518577575684,-33.09002685546875,-13.843493461608887,-4.121051788330078
4,502077,7.255084037780762,9.356437683105469,11.630220413208008,11.276713371276855
4,502077,38.607826232910156,34.993858337402344,9.272597312927246,-10.659013748168945
4,502078,1.8994638919830322,-8.817503929138184,-10.984845161437988,9.240338325500488
4,502078,-28.512454986572266,-17.054901123046875,17.54976463317871,17.33521270751953
4,502078,7.002795696258545,3.9684834480285645,18.589149475097656,-22.662778854370117
4,502078,14.233817100524902,0.711185872554779,-27.618513107299805,7.077383041381836
4,502078,-21.971097946166992,9.616933822631836,11.02602767944336,27.147037506103516
4,502078,14.141121864318848,23.589357376098633,43.06745529174805,-15.632316589355469
4,502079,23.314146041870117,-1.4514203071594238,-24.123729705810547,-17.719541549682617
4,502079,-21.96368980407715,-9.190089225769043,-30.14293670654297,1.929855465888977
4,502079,-1.310770034790039,-6.202212333679199,19.52341651916504,-9.06021785736084
4,502079,2.741523027420044,-19.9726505279541,-21.742250442504883,-11.255643844604492
4,502079,-32.84359359741211,-4.38313102722168,-21.007469177246094,14.01938533782959
4,502079,3.7906570434570312,22.422182083129883,35.69783401489258,6.871532440185547
4,502080,38.43743896484375,3.585214853286743,-3.511862277984619,-11.633004188537598
4,502080,-6.598434925079346,-16.71009635925293,-7.330461025238037,5.403303146362305
4,502080,-22.62020492553711,-0.013690279796719551,9.951189994812012,-3.2211384773254395
4,502080,16.37862205505371,-5.553610324859619,-19.93637466430664,-10.029924392700195
4,502080,7.356714725494385,-13.838213920593262,4.613579273223877,19.375303268432617
4,502081,-12.903341293334961,23.127748489379883,13.460217475891113,6.314660549163818
4,502081,5.283113479614258,13.368681907653809,-12.17678165435791,-22.96935272216797
4,502081,-1.6334220170974731,-6.2280473709106445,-0.9858005046844482,0.563125491142273
4,502081,13.0870943069458,18.313831329345703,-1.669433355331421,12.140685081481934
4,502081,8.026823043823242,-17.812284469604492,-8.533442497253418,-6.510344982147217
4,502081,-29.27843475341797,-35.84036636352539,-5.635265827178955,4.44223690032959
4,502082,6.445262908935547,7.624156475067139,4.462789535522461,-1.6066476106643677
4,502082,7.811135292053223,25.8374080657959,11.093920707702637,-28.778614044189453
4,502082,-15.573288917541504,0.7036213874816895,-9.412907600402832,12.250847816467285
4,502082,9.353631019592285,-17.498310089111328,0.11374463886022568,26.045827865600586
4,502082,-2.0551466941833496,-1.0579136610031128,20.98996353149414,-16.656314849853516
4,502082,-15.561326026916504,7.278843402862549,9.318520545959473,3.8720178604125977
4,502083,14.587309837341309,8.411296844482422,2.2392449378967285,14.913290023803711
4,502083,24.094308853149414,12.939624786376953,-6.198327541351318,-7.432481288909912
4,502083,-12.50574779510498,-6.06369161605835,-1.381196141242981,-7.20155143737793
4,502083,-8.796540260314941,-10.083003997802734,-0.6079050302505493,7.976728916168213
4,502083,14.183218955993652,-1.0895575284957886,-9.786786079406738,7.604532241821289
4,502083,-22.493146896362305,-16.852901458740234,6.629251480102539,3.4615814685821533
4,502084,3.559673547744751,12.616317749023438,1.110134482383728,-4.716814041137695
4,502084,23.267955780029297,30.403915405273438,-10.836833000183105,-9.569580078125
4,502084,-9.69882869720459,-29.742273330688477,-12.710770606994629,3.788525104522705
4,502084,-4.2101640701293945,-29.45543098449707,6.981272220611572,-3.087517023086548
4,502084,-19.991060256958008,13.061675071716309,4.957269191741943,18.187267303466797
4,502084,6.6107940673828125,8.652462005615234,-7.326502323150635,1.3070474863052368
4,502085,21.218231201171875,1.1561955213546753,-1.0106526613235474,-27.619924545288086
4,502085,-28.61691665649414,-4.592154026031494,5.776947021484375,14.055495262145996
4,502085,-13.994125366210938,7.190255165100098,18.28347396850586,13.181014060974121
4,502085,32.64377975463867,0.5558404326438904,-6.854579925537109,-16.39129638671875
4,502086,11.467741966247559,-26.044424057006836,-14.63562297821045,-26.35840606689453
4,502087,-18.007707595825195,-13.31064224243164,-3.461669921875,4.890766620635986
4,502087,0.8690683245658875,23.852821350097656,11.528261184692383,21.5810604095459
4,502087,7.351005554199219,23.217626571655273,0.717294454574585,-7.085388660430908
4,502087,-2.8283491134643555,-6.601256370544434,-8.538376808166504,6.462619304656982
4,502087,9.028786659240723,1.4219669103622437,9.445183753967285,2.938377857208252
4,502087,10.660956382751465,-5.871127128601074,-13.676246643066406,3.5130386352539062
4,502087,-29.0944766998291,-13.646919250488281,-8.031375885009766,12.639324188232422
4,502088,-19.191099166870117,13.286221504211426,26.753292083740234,-10.93554401397705
4,502089,29.495100021362305,3.2663607597351074,11.72594165802002,16.80947494506836
4,502090,2.607633352279663,-0.2804659903049469,-21.575885772705078,22.461992263793945
4,502092,-58.58494186401367,-0.32724225521087646,1.1813936233520508,-19.941532135009766
4,502094,5.591805458068848,-11.832965850830078,34.389278411865234,41.58087921142578
4,502096,64.58647918701172,13.973807334899902,-16.773496627807617,84.49093627929688
4,502098,-3.4921696186065674,41.478641510009766,-9.477005004882812,-33.119266510009766
4,502100,-17.349367141723633,28.322561264038086,47.98294448852539,-63.729827880859375
4,502102,-0.4810667037963867,-5.1125288009643555,-28.222793579101562,-76.29573059082031
4,502104,-1.3293429613113403,-32.915618896484375,-55.11463928222656,-73.34029388427734
4,502106,10.532449722290039,-45.940765380859375,-0.14926646649837494,24.46518898010254
4,502108,23.054277420043945,-11.255949020385742,18.239818572998047,1.3750659227371216
4,502110,-20.99287986755371,0.4832161068916321,28.476215362548828,40.086753845214844
4,502112,-7.4512715339660645,8.964539527893066,-14.040109634399414,72.29176330566406
4,502114,34.633888244628906,23.22098731994629,-3.9728970527648926,2.422598361968994
4,502116,-36.3602180480957,-3.715461254119873,50.16135025024414,5.453263282775879
4,502118,-11.561923027038574,14.231392860412598,11.392138481140137,-7.645476341247559
4,502120,18.743820190429688,20.778385162353516,-35.44725799560547,-25.8424015045166
4,502122,1.1570414304733276,-12.929590225219727,-41.43819046020508,-28.9975643157959
4,502124,17.65427589416504,-6.093380928039551,-7.413821697235107,1.4987225532531738
4,502126,-25.95819854736328,-10.766520500183105,-20.593006134033203,-22.143285751342773
4,502128,-15.199406623840332,-22.876253128051758,-0.0960766077041626,-73.17047882080078
4,502131,26.502635955810547,10.895258903503418,82.22160339355469,85.2991943359375
4,502132,15.82573413848877,2.720083236694336,-7.01339054107666,118.58236694335938
4,502135,-7.601219654083252,-24.411434173583984,-70.25260162353516,-38.756839752197266
4,502136,-65.89788055419922,-15.695422172546387,5.00006628036499,-70.64466094970703
4,502139,9.900971412658691,31.620704650878906,48.59872817993164,26.391592025756836
4,502140,85.47296142578125,52.996089935302734,21.089675903320312,68.61500549316406
4,502333,-44.334815979003906,-50.62995147705078,-12.346526145935059,-64.92515563964844
4,502334,-25.82065200805664,-37.5406379699707,6.286125183105469,-19.06672477722168
4,502334,35.631710052490234,65.64132690429688,20.171977996826172,78.59135437011719
4,502334,-22.374399185180664,25.1784725189209,-10.840154647827148,-19.18662452697754
4,502334,14.571483612060547,-7.0640549659729,-40.1207275390625,-48.360809326171875
4,502334,19.556987762451172,-3.3978726863861084,-3.1003081798553467,-23.87751007080078
4,502334,-17.47869110107422,-19.42542266845703,0.6739860773086548,-29.830575942993164
4,502335,0.6136634945869446,-11.915850639343262,-4.11336088180542,-14.689430236816406
4,502335,13.60262680053711,-17.304065704345703,3.220003128051758,31.034276962280273
4,502335,3.4320802688598633,-16.919401168823242,-28.210426330566406,32.4828987121582
4,502335,-22.59246253967285,4.832553386688232,17.79193115234375,25.37991714477539
4,502335,-17.889324188232422,4.370032787322998,34.82604217529297,40.48428726196289
4,502335,6.665441989898682,11.489640235900879,-13.894259452819824,17.085346221923828
4,502336,9.349019050598145,42.885589599609375,6.091784477233887,-13.792078971862793
4,502336,3.2541558742523193,20.170639038085938,19.31983184814453,-32.434593200683594
4,502336,-1.106258511543274,-36.88698196411133,-18.924867630004883,-27.4077205657959
4,502336,-0.008181307464838028,-7.178385257720947,-13.185012817382812,-24.148712158203125
4,502336,0.9019725918769836,13.2922945022583,3.0616507530212402,-22.067720413208008
4,502337,-6.842373371124268,-27.810989379882812,-1.7127660512924194,5.396306037902832
4,502337,-14.968242645263672,-9.177704811096191,13.655336380004883,24.852174758911133
4,502337,3.544205665588379,22.429889678955078,11.783473014831543,29.630990982055664
4,502337,19.260459899902344,20.14251708984375,-6.501396179199219,3.48988938331604
4,502337,6.564438819885254,-14.963690757751465,-13.490565299987793,-15.816712379455566
4,502337,-8.254396438598633,-21.664642333984375,-1.390495777130127,-8.047553062438965
4,502338,-10.82917594909668,24.865577697753906,-3.247127056121826,6.681678295135498
4,502338,-6.976095676422119,9.5960054397583,-13.479643821716309,0.8510962128639221
4,502338,-2.471553087234497,-21.935373306274414,11.79959487915039,-38.18169021606445
4,502338,14.875787734985352,-15.745509147644043,6.508578300476074,-23.918981552124023
4,502338,18.3645076751709,6.85346794128418,-10.004568099975586,16.236042022705078
4,502338,4.245523452758789,23.072189331054688,-9.870104789733887,13.826078414916992
4,502339,-7.894345283508301,-9.548534393310547,-4.225318431854248,3.2167067527770996
4,502339,-14.50501823425293,-13.829110145568848,27.93690299987793,19.288034439086914
4,502339,1.7576379776000977,26.367372512817383,3.068063497543335,8.51869010925293
4,502339,5.722110271453857,-9.678864479064941,-11.078224182128906,-13.592743873596191
4,502339,3.9773685932159424,-16.69695472717285,1.1032580137252808,-6.813960552215576
4,502339,2.891832113265991,16.9837589263916,-4.190398693084717,-16.046871185302734
4,502340,-17.35142707824707,-9.14796257019043,-20.961511611938477,-3.141171932220459
4,502340,-10.595019340515137,-7.269341468811035,-25.940448760986328,10.467702865600586
4,502340,8.516738891601562,-3.238680601119995,25.047330856323242,-7.962303161621094
4,502340,8.46656608581543,-13.942876815795898,8.585213661193848,3.3987715244293213
4,502340,-9.310099601745605,2.0963315963745117,3.1767168045043945,23.394582748413086
4,502340,-0.35937702655792236,36.08321762084961,28.2332820892334,17.064212799072266
4,502341,10.492315292358398,3.0925636291503906,-22.975805282592773,-0.7063035368919373
4,502341,-20.42697525024414,-34.00004959106445,-13.786687850952148,-8.998668670654297
4,502341,8.250746726989746,12.993033409118652,38.65401840209961,1.3398936986923218
4,502341,26.903770446777344,10.549758911132812,6.927876949310303,-9.905170440673828
4,502341,-10.020502090454102,-5.350516319274902,-35.84568786621094,-18.834638595581055
4,502341,-5.062815189361572,7.319960594177246,-2.8610310554504395,-7.153575420379639
4,502342,8.147790908813477,-5.1002068519592285,27.56616973876953,9.334498405456543
4,502342,5.608242034912109,4.855827808380127,-0.7341801524162292,11.829933166503906
4,502342,-4.004024028778076,4.733903408050537,-11.844088554382324,-17.409976959228516
4,502342,-4.902745723724365,-21.411251068115234,6.179911136627197,2.7786664962768555
4,502342,-2.247710704803467,11.26957893371582,1.4727169275283813,11.482550621032715
4,502343,-2.7722907066345215,19.96246910095215,-8.797489166259766,-16.564088821411133
4,502343,11.319156646728516,-29.922510147094727,6.266892433166504,10.49399471282959
4,502343,3.159353494644165,-12.719615936279297,12.965188980102539,16.581218719482422
4,502343,-14.492321014404297,29.683927536010742,-13.928924560546875,-18.59814453125
4,502343,-10.628645896911621,-2.695343255996704,-22.666549682617188,-21.531190872192383
4,502343,-13.465272903442383,-31.35201644897461,4.342714309692383,16.072187423706055
4,502344,-7.534296989440918,-9.404120445251465,-5.410983085632324,30.272035598754883
4,502344,4.647119522094727,10.883011817932129,-4.548786163330078,-7.793521881103516
4,502344,23.1082706451416,17.462797164916992,14.928874969482422,-29.782930374145508
4,502344,13.443679809570312,-18.22566795349121,-12.445478439331055,20.466344833374023
4,502344,-30.946197509765625,-3.8933396339416504,-2.1948721408843994,19.049543380737305
4,502344,-11.133001327514648,24.044158935546875,15.058812141418457,-22.307884216308594
4,502345,21.32170295715332,11.405060768127441,-0.019157417118549347,6.920726776123047
4,502345,15.032787322998047,3.534308433532715,4.5780510902404785,0.3723633587360382
4,502345,4.832977771759033,-25.534629821777344,7.297082901000977,-13.095711708068848
4,502345,1.3009002208709717,-10.101009368896484,-4.887440204620361,5.577855587005615
4,502345,0.40840810537338257,10.82888126373291,10.402602195739746,14.861440658569336
4,502345,-7.177772045135498,15.88845157623291,8.09985065460205,19.565628051757812
4,502346,7.126551151275635,14.526209831237793,-10.488938331604004,0.0967722162604332
4,502346,8.592421531677246,-13.201388359069824,-4.404888153076172,-17.568065643310547
4,502346,-17.028621673583984,-3.441260576248169,-5.104693412780762,-14.280810356140137
4,502346,-1.5061850547790527,14.260611534118652,10.222557067871094,5.210748195648193
4,502346,10.460129737854004,-2.0923914909362793,5.545069217681885,15.724634170532227
4,502346,-6.965096950531006,-0.20023088157176971,-3.156736373901367,-7.5067548751831055
4,502347,0.8740268349647522,2.396054744720459,7.5524797439575195,-11.061598777770996
4,502347,9.02880859375,0.7256512641906738,-3.0147132873535156,14.565269470214844
4,502347,-10.451313018798828,-7.84981632232666,-15.025298118591309,9.98155403137207
4,502347,-4.564152240753174,-16.699201583862305,7.542999744415283,-13.274256706237793
4,502347,12.511167526245117,4.350828647613525,21.66120147705078,-7.855930805206299
4,502347,-5.969533443450928,6.24515438079834,-17.726533889770508,7.377015113830566
4,502348,-5.116430759429932,-12.57368278503418,-26.506221771240234,-4.041766166687012
4,502348,-4.26545524597168,-14.77294635772705,0.60893714427948,3.236050605773926
4,502348,-7.209960460662842,6.4892778396606445,8.707206726074219,14.238028526306152
4,502348,4.655435085296631,18.721818923950195,10.680283546447754,2.051764965057373
4,502348,1.9737377166748047,4.755859375,8.837724685668945,-5.1648359298706055
4,502348,-2.555337429046631,-15.389845848083496,2.227307081222534,3.82700777053833
4,502349,1.3313682079315186,-3.7784738540649414,-7.4515790939331055,3.1600277423858643
4,502349,10.533722877502441,18.972307205200195,-14.235838890075684,-13.538723945617676
4,502349,0.3862730860710144,3.3675453662872314,1.5332902669906616,0.6810340285301208
4,502349,-13.698644638061523,-17.921537399291992,14.059001922607422,-5.530738830566406
4,502349,2.2224061489105225,-10.798656463623047,-5.880558013916016,-2.847365140914917
4,502349,8.35329818725586,3.6942734718322754,-3.1857335567474365,15.751543045043945
4,502350,-2.294715166091919,7.816997051239014,6.721726894378662,-6.588630676269531
4,502350,10.150521278381348,10.902470588684082,-13.735244750976562,-7.227235794067383
4,502351,0.1878093034029007,-4.237618446350098,2.2976627349853516,20.558279037475586
4,502351,-17.000225067138672,-6.52672815322876,32.5775260925293,26.981685638427734
4,502351,11.254804611206055,0.9862240552902222,-2.4958817958831787,-11.718232154846191
4,502352,2.4022462368011475,-9.167236328125,-12.877615928649902,-19.166858673095703
4,502352,-20.535743713378906,12.529441833496094,4.3456268310546875,14.819413185119629
4,502352,7.98076057434082,15.545063018798828,-15.995424270629883,-12.412402153015137
4,502352,21.128328323364258,-19.32010841369629,4.263974666595459,-9.256572723388672
4,502352,-5.44893741607666,10.377349853515625,25.431053161621094,19.257299423217773
4,502354,-9.036274909973145,66.72891998291016,2.956995725631714,-19.139957427978516
4,502354,11.64890193939209,-1.7906112670898438,-23.899538040161133,-16.900917053222656
4,502356,11.754680633544922,-41.876747131347656,-10.962489128112793,50.16670227050781
4,502358,-4.003955364227295,30.51523208618164,23.258453369140625,24.739160537719727
4,502360,-35.78229522705078,-16.506155014038086,-22.210718154907227,-89.79940032958984
4,502362,-8.675664901733398,-35.46298599243164,-44.624874114990234,-70.24357604980469
4,502364,16.44297218322754,28.168346405029297,3.4638898372650146,22.645647048950195
4,502366,-27.69731903076172,-29.758329391479492,-2.3834943771362305,-0.09143247455358505
4,502368,32.09965133666992,-43.95571517944336,18.297399520874023,-18.126686096191406
4,502370,43.77476119995117,-8.969621658325195,46.9429931640625,59.150142669677734
4,502372,-38.0388298034668,6.268235683441162,-12.761209487915039,67.62046813964844
4,502374,-19.42481803894043,57.42634582519531,-7.70030403137207,14.817726135253906
4,502377,-1.0281977653503418,-5.7574543952941895,30.3526611328125,14.961822509765625
4,502378,3.5313405990600586,-25.650785446166992,17.468629837036133,7.960838317871094
4,502381,5.323071479797363,42.140750885009766,-16.961763381958008,-60.576507568359375
4,502382,18.761871337890625,10.2195405960083,-42.018959045410156,-51.55947494506836
4,502385,6.437189102172852,-18.674646377563477,-13.85267162322998,-0.6983245015144348
4,502386,-28.61752700805664,-7.998267650604248,-17.221481323242188,-24.423673629760742
4,502389,13.105578422546387,-19.36067008972168,22.376995086669922,5.539888381958008
4,502390,20.501182556152344,-31.84434700012207,64.48212432861328,64.27993774414062
4,502391,-17.616504669189453,31.801658630371094,-12.82995319366455,31.882320404052734
4,502394,-34.26271438598633,27.741384506225586,-51.65217590332031,-30.504384994506836
4,502395,11.110272407531738,-27.121915817260742,-9.300848960876465,-8.168211936950684
4,502398,42.243797302246094,24.27519989013672,31.59214973449707,42.25563049316406
4,502399,16.444887161254883,34.08217239379883,17.689714431762695,25.552383422851562
4,502402,-7.782591342926025,-32.285308837890625,-14.968843460083008,-75.62478637695312
4,502403,-39.76094436645508,-27.727619171142578,-14.05024528503418,-66.05059814453125
4,502406,-13.543039321899414,2.3198862075805664,-23.845808029174805,38.93867492675781
4,502600,24.630390167236328,48.64301681518555,24.198240280151367,88.40579986572266
4,502600,13.203001022338867,54.2840461730957,41.91688919067383,51.57482147216797
4,502600,-12.02209186553955,-56.85425567626953,-44.204307556152344,-81.24019622802734
4,502600,-18.382925033569336,-35.998783111572266,-18.64372444152832,-72.0837173461914
4,502600,11.121410369873047,6.617630481719971,19.765968322753906,-1.7602546215057373
4,502600,14.283260345458984,-40.7899169921875,-1.7371705770492554,13.90942096710205
4,502601,-26.465293884277344,4.198043346405029,10.048989295959473,35.84867477416992
4,502601,-8.822430610656738,28.35028076171875,5.7894086837768555,22.220956802368164
4,502601,22.901535034179688,-4.651442527770996,1.849783182144165,14.131983757019043
4,502601,7.573760032653809,9.241981506347656,13.665534019470215,0.4641187787055969
4,502601,-7.671475887298584,2.7144086360931396,14.126982688903809,-11.97496223449707
4,502602,-9.714667320251465,6.4488019943237305,-25.032697677612305,-27.440927505493164
4,502602,21.501569747924805,17.625587463378906,-36.49827575683594,-48.50879669189453
4,502602,8.275327682495117,-37.1674690246582,4.304860591888428,-13.702263832092285
4,502602,-20.92106056213379,-30.80569076538086,12.442133903503418,-1.9821726083755493
4,502602,-1.694475531578064,5.805671215057373,-4.352227687835693,-8.207694053649902
4,502602,-0.7127513885498047,7.461365222930908,4.534881114959717,42.598384857177734
4,502603,7.392695426940918,21.77225685119629,14.932845115661621,42.39242935180664
4,502603,15.190412521362305,20.670269012451172,4.6925225257873535,2.288632869720459
4,502603,-3.852473497390747,3.5500404834747314,16.02004051208496,10.042741775512695
4,502603,-3.328960657119751,-9.758909225463867,-6.926082134246826,-1.786115050315857
4,502603,-6.849798679351807,-6.727344036102295,-38.2338752746582,-20.538862228393555
4,502603,-18.18754005432129,-6.501894950866699,-5.490961074829102,-11.662446022033691
4,502604,-10.450803756713867,-15.010486602783203,17.840816497802734,-6.002962589263916
4,502604,9.881988525390625,7.128752708435059,2.5282554626464844,-0.3687780499458313
4,502604,11.137157440185547,23.683197021484375,-1.7160711288452148,-3.973362684249878
4,502604,0.2418040931224823,-12.336236000061035,10.779006958007812,10.608375549316406
4,502604,7.469315528869629,-2.1939260959625244,-2.6812236309051514,15.787788391113281
4,502605,-8.043461799621582,20.79326820373535,-12.2028169631958,-11.192749977111816
4,502605,-13.329925537109375,-21.256589889526367,-4.252267837524414,-1.6040380001068115
4,502605,18.266202926635742,-18.177234649658203,13.100242614746094,5.056697845458984
4,502605,21.145933151245117,13.43700885772705,17.03209114074707,-28.85700798034668
4,502605,-9.113824844360352,11.42047119140625,-12.7495698928833,-16.974201202392578
4,502605,-17.852815628051758,-16.62495994567871,-15.75472640991211,17.511821746826172
4,502606,9.25227165222168,2.4037914276123047,7.220184326171875,-14.278735160827637
4,502606,6.442878723144531,7.686188220977783,-0.05141764134168625,-16.51605224609375
4,502606,-20.588720321655273,-31.48072052001953,8.769197463989258,30.85051155090332
4,502606,-8.986509323120117,15.355706214904785,23.18463706970215,25.450700759887695
4,502606,5.614688396453857,15.620796203613281,-5.8222174644470215,8.202069282531738
4,502606,11.18537712097168,-8.425552368164062,-7.572241306304932,16.07901954650879
4,502607,8.375564575195312,13.787846565246582,10.86540412902832,-2.470017910003662
4,502607,1.7954415082931519,3.3039894104003906,-15.278060913085938,-29.76897430419922
4,502607,-2.5326406955718994,3.3185369968414307,-32.789791107177734,-4.536403179168701
4,502607,-24.06732940673828,-7.113794803619385,4.805510520935059,28.07230567932129
4,502607,12.646677017211914,-3.0357494354248047,26.007177352905273,1.553336501121521
4,502607,34.84890365600586,8.499711036682129,-2.523115873336792,-9.131632804870605
4,502608,-17.372758865356445,-14.141576766967773,-10.25588607788086,7.3373541831970215
4,502608,-16.95323371887207,1.824560523033142,1.912427544593811,-12.167210578918457
4,502608,3.999603033065796,-2.7280094623565674,0.40177902579307556,10.236400604248047
4,502608,-10.176093101501465,-9.650457382202148,9.918452262878418,15.922986030578613
4,502608,4.724475383758545,16.024356842041016,-4.029544353485107,-19.31182289123535
4,502608,15.937485694885254,-3.8279802799224854,1.4311846494674683,-3.696012020111084
4,502609,-15.94543743133545,0.5547139644622803,25.87899398803711,7.26030158996582
4,502609,-0.81427001953125,1.6957429647445679,-20.148853302001953,-14.96456527709961
4,502609,28.911001205444336,-4.268315315246582,-29.021514892578125,-22.0823917388916
4,502609,-11.484258651733398,4.55651330947876,21.673202514648438,14.243189811706543
4,502609,-28.143308639526367,-12.017423629760742,14.982446670532227,30.1767578125
4,502609,17.568166732788086,25.987577438354492,-1.837024211883545,-0.011786691844463348
4,502610,9.852221488952637,22.611356735229492,-1.1151188611984253,2.9479825496673584
4,502610,2.3094005584716797,-34.37302017211914,-26.100210189819336,-1.765642762184143
4,502610,5.138545036315918,11.046920776367188,2.6132922172546387,-14.46389102935791
4,502610,-31.914993286132812,4.311874866485596,32.61592483520508,7.88671350479126
4,502610,2.9201512336730957,-28.4030818939209,-24.35291862487793,-3.4654624462127686
4,502610,16.00605583190918,8.555337905883789,-29.319364547729492,-5.88518762588501
4,502611,-27.678430557250977,5.689340591430664,25.8897647857666,24.327444076538086
4,502611,8.718547821044922,-10.151995658874512,32.94808578491211,9.711993217468262
4,502611,36.07707977294922,-15.340936660766602,-10.989889144897461,-35.079803466796875
4,502611,-7.28818416595459,2.3334572315216064,-24.451650619506836,2.5697181224823
4,502611,-14.127020835876465,17.187519073486328,3.260284900665283,36.275577545166016
4,502611,6.233927249908447,-0.33365434408187866,15.066299438476562,-11.106287956237793
4,502612,-5.523056983947754,-3.2641396522521973,6.597111701965332,-17.344951629638672
4,502612,-0.5125729441642761,0.790202260017395,-23.30672836303711,15.045605659484863
4,502612,3.51016902923584,-9.327040672302246,5.986108303070068,8.981486320495605
4,502612,0.3631245195865631,24.031606674194336,22.177654266357422,-9.505495071411133
4,502612,10.542088508605957,18.305648803710938,-21.550640106201172,-1.621828317642212
4,502612,-12.172003746032715,-28.256023406982422,8.943416595458984,-6.878272533416748
4,502613,-0.14823725819587708,7.67466926574707,1.816897988319397,-2.0124568939208984
4,502613,9.18468952178955,12.123562812805176,-32.291507720947266,-2.699409008026123
4,502613,-17.215307235717773,-14.997337341308594,17.051454544067383,6.623621940612793
4,502613,-1.5715371370315552,7.181756496429443,35.545501708984375,14.886004447937012
4,502613,12.401016235351562,15.855222702026367,-13.326592445373535,-34.29072952270508
4,502613,13.268350601196289,-8.60615062713623,-17.882652282714844,-6.9353132247924805
4,502614,-5.93840217590332,-8.625736236572266,21.28257179260254,22.213390350341797
4,502614,-2.9225282669067383,23.985231399536133,-3.26646089553833,-17.91684341430664
4,502614,13.736222267150879,-0.20563748478889465,3.8349571228027344,13.484840393066406
4,502614,-4.4783735275268555,-12.844404220581055,15.724411010742188,22.23867416381836
4,502614,-12.4724702835083,11.219685554504395,-30.059307098388672,-23.539432525634766
4,502614,-1.681052803993225,-17.971452713012695,-14.816869735717773,3.225888252258301
4,502615,8.821817398071289,-25.285602569580078,17.62544059753418,19.78615951538086
4,502615,-5.225033283233643,17.124067306518555,10.192480087280273,-17.464740753173828
4,502615,1.0407581329345703,17.369184494018555,-0.8569695949554443,1.0162874460220337
4,502615,0.9837175011634827,-28.48198127746582,-12.140671730041504,6.182235240936279
4,502615,-25.551225662231445,-14.518007278442383,-12.296717643737793,-4.475532531738281
4,502616,-3.422074794769287,29.970964431762695,6.009531021118164,8.003725051879883
4,502616,29.916805267333984,7.343507766723633,6.779004096984863,-27.074596405029297
4,502616,12.80066967010498,-3.2081689834594727,-2.657227039337158,-17.50736427307129
4,502616,-19.60582160949707,9.075769424438477,-13.619755744934082,16.847536087036133
4,502617,-0.40654006600379944,2.6509366035461426,-28.759445190429688,-3.5516357421875
4,502617,15.886484146118164,1.4189605712890625,15.251489639282227,-15.511396408081055
4,502618,-21.685604095458984,2.67287540435791,36.03763961791992,-19.29330062866211
4,502618,-8.656591415405273,0.5586680769920349,-34.66389083862305,1.8662290573120117
4,502618,20.974384307861328,-5.904021739959717,5.186215877532959,30.062637329101562
4,502618,-9.040855407714844,-9.441502571105957,30.484027862548828,-1.247373342514038
4,502618,-8.381963729858398,-6.706887722015381,-33.681636810302734,-10.029536247253418
4,502618,4.779699802398682,-12.54534912109375,8.782051086425781,11.166410446166992
4,502619,-6.906903266906738,0.36465632915496826,12.607695579528809,-6.679687976837158
4,502620,-19.195533752441406,8.178666114807129,-45.614383697509766,-16.479778289794922
4,502621,-8.252225875854492,-14.82339096069336,-1.26362144947052,-2.0902016162872314
4,502624,9.718637466430664,-39.61905288696289,16.40418815612793,-56.806034088134766
4,502625,3.016296625137329,-16.2755184173584,-12.398038864135742,-70.7957534790039
4,502628,7.498960494995117,43.87948989868164,12.130054473876953,66.05445098876953
4,502629,9.353914260864258,-7.464354991912842,12.223128318786621,104.08396911621094
4,502632,28.469335556030273,-40.11775207519531,7.13852071762085,52.2897834777832
4,502633,14.37196159362793,16.886348724365234,-4.311985492706299,4.769279956817627
4,502636,-19.712549209594727,77.53528594970703,48.240821838378906,-15.641590118408203
4,502637,-11.072237014770508,58.271934509277344,54.18536376953125,18.70906639099121
4,502640,-15.150668144226074,-40.80154800415039,-52.814483642578125,-41.595462799072266
4,502641,4.012740612030029,-29.320499420166016,-14.72301959991455,-53.18218231201172
4,502644,19.100976943969727,6.43170166015625,9.779726028442383,25.488094329833984
4,502645,-18.33179473876953,-16.469995498657227,-46.67456817626953,-20.348676681518555
4,502648,-3.5959339141845703,-36.060848236083984,-27.89231300354004,-55.37675094604492
4,502649,23.06882667541504,-18.74843406677246,9.772693634033203,56.189151763916016
4,502652,-7.986530780792236,51.89195251464844,19.339370727539062,63.65056610107422
4,502653,-18.533796310424805,33.250057220458984,9.289217948913574,-25.997005462646484
4,502656,-1.346164584159851,-14.851527214050293,13.763750076293945,15.05117130279541
4,502658,14.815520286560059,14.250871658325195,4.4316086769104,36.032814025878906
4,502851,3.387491226196289,-51.849300384521484,-17.014543533325195,-54.9907341003418
4,502851,5.002359867095947,-61.8674430847168,-7.199054718017578,-26.744728088378906
4,502851,5.6708831787109375,71.40064239501953,25.271316528320312,79.174560546875
4,502852,-2.5243237018585205,53.73930358886719,23.83787727355957,43.02217102050781
4,502852,6.2267231941223145,-22.15966796875,-7.301510810852051,-46.360713958740234
4,502852,-4.235086917877197,-9.324965476989746,-22.707500457763672,-62.89392852783203
4,502852,-25.18499183654785,-7.605921745300293,-18.025894165039062,-30.239267349243164
4,502852,-15.35268497467041,-22.672813415527344,3.3041832447052,-5.656836986541748
4,502852,23.655351638793945,-4.549965858459473,3.2966339588165283,0.8212550282478333
4,502853,18.504465103149414,22.286781311035156,-5.658771514892578,4.48629093170166
4,502853,-18.878524780273438,4.159366607666016,1.8567094802856445,18.54840850830078
4,502853,6.118950843811035,0.26993751525878906,-3.2354695796966553,22.638851165771484
4,502853,15.000385284423828,3.178361654281616,-5.7299394607543945,31.955978393554688
4,502853,-28.835275650024414,15.51475715637207,17.348438262939453,28.33932876586914
4,502853,21.031320571899414,27.346582412719727,19.431468963623047,-33.162513732910156
4,502854,28.34027099609375,-22.127761840820312,-2.8097801208496094,-40.2523307800293
4,502854,-22.0675048828125,-21.006065368652344,-16.86381721496582,-8.56737995147705
4,502854,-1.5964627265930176,7.0486159324646,-9.922688484191895,-11.975831031799316
4,502854,-11.181588172912598,2.238920211791992,13.237642288208008,10.133642196655273
4,502854,-3.5761430263519287,-11.909177780151367,0.6152029633522034,9.13241958618164
4,502855,6.381006717681885,-14.391757011413574,-4.321532726287842,-23.569299697875977
4,502855,-15.437699317932129,12.867975234985352,2.7322945594787598,-4.828238010406494
4,502855,-2.368973731994629,2.5289313793182373,-6.3436737060546875,24.349245071411133
4,502855,8.724363327026367,1.5715203285217285,11.3270263671875,19.011186599731445
4,502855,0.07282513380050659,14.824875831604004,1.407983422279358,7.861789703369141
4,502855,-16.657136917114258,2.785170316696167,-5.743778705596924,-8.779869079589844
4,502856,-14.710987091064453,-2.16113018989563,6.916457176208496,-26.25481414794922
4,502856,17.89588165283203,-14.051108360290527,-16.983171463012695,-2.8675780296325684
4,502856,23.705434799194336,-7.773404121398926,-15.40734577178955,6.858386039733887
4,502856,-1.8961888551712036,3.037271022796631,5.913839340209961,-11.709969520568848
4,502856,-8.323762893676758,-10.600598335266113,6.713710784912109,17.468189239501953
4,502856,0.6294532418251038,-12.84410572052002,4.760085582733154,18.18137550354004
4,502857,10.253381729125977,5.2759833335876465,4.7403130531311035,-13.49395751953125
4,502857,11.099543571472168,17.314516067504883,3.969010591506958,13.900304794311523
4,502857,-12.203638076782227,-6.48046875,3.211874008178711,-0.8205190896987915
4,502857,-30.135427474975586,-8.334579467773438,-11.658425331115723,-36.4278564453125
4,502857,7.68662691116333,-7.278393745422363,-16.016063690185547,-5.9409003257751465
4,502857,21.302766799926758,1.429089903831482,6.978792667388916,2.1371774673461914
4,502858,-11.813270568847656,32.905418395996094,3.5563626289367676,0.15791456401348114
4,502858,6.346073627471924,10.28011417388916,-6.22137975692749,1.990350365638733
4,502858,17.724233627319336,-19.84817123413086,3.294222593307495,-10.493889808654785
4,502858,-5.817948341369629,0.33640623092651367,-0.3231518566608429,14.647518157958984
4,502858,-17.593366622924805,21.23978042602539,6.747474670410156,31.340007781982422
4,502858,-8.86159896850586,6.03366756439209,25.9953556060791,2.2380518913269043
4,502859,18.64647102355957,12.883580207824707,3.816892623901367,-15.001694679260254
4,502859,9.632238388061523,-12.601823806762695,-25.779436111450195,-17.00383949279785
4,502859,-13.97924518585205,-13.3316650390625,1.8961316347122192,-16.414634704589844
4,502859,9.246721267700195,12.888629913330078,11.049127578735352,10.538641929626465
4,502859,-1.3908354043960571,-25.184301376342773,-27.469520568847656,17.531009674072266
4,502859,-21.28854751586914,0.9894036650657654,2.0620312690734863,0.8798781633377075
4,502860,22.60403060913086,22.60480499267578,26.19866371154785,20.824228286743164
4,502860,-2.516828775405884,-4.528106689453125,-8.031569480895996,28.687408447265625
4,502860,-26.087087631225586,-13.843315124511719,-10.559440612792969,-6.264401912689209
4,502860,28.67833137512207,-8.772644996643066,-8.772377967834473,-20.917699813842773
4,502860,-8.704235076904297,-6.675073146820068,3.266812801361084,4.263600826263428
4,502860,-23.02482032775879,0.3825381100177765,14.90666675567627,3.362330198287964
4,502861,18.860218048095703,-0.5168056488037109,-19.043113708496094,-14.517807960510254
4,502861,-21.758255004882812,-33.7308349609375,-17.140823364257812,-11.170255661010742
4,502861,-11.51061725616455,-9.871665954589844,16.099933624267578,-1.7055737972259521
4,502861,30.919387817382812,9.123649597167969,-1.229767084121704,7.615899085998535
4,502861,11.448803901672363,20.8359375,5.857215881347656,-16.10074234008789
4,502861,-3.4956119060516357,22.95305824279785,11.37681770324707,-23.444738388061523
4,502862,-5.099611282348633,-33.144500732421875,-10.585199356079102,8.550599098205566
4,502862,-15.325793266296387,-8.54013729095459,18.308015823364258,20.99512481689453
4,502862,-2.6572771072387695,44.62944030761719,6.498647212982178,4.257260322570801
4,502862,30.574922561645508,-4.110501289367676,-25.041648864746094,-12.836498260498047
4,502862,10.494377136230469,-36.56368637084961,10.336128234863281,5.524765491485596
4,502863,-19.633649826049805,15.900182723999023,27.442533493041992,15.165661811828613
4,502863,2.8639981746673584,18.913881301879883,-9.471282958984375,-11.63570499420166
4,502863,16.030292510986328,-18.227109909057617,-10.996807098388672,-8.717304229736328
4,502863,-13.42040729522705,0.1777781993150711,17.754545211791992,12.276335716247559
4,502863,-19.21515464782715,4.824713230133057,-0.8904233574867249,1.8386541604995728
4,502863,4.916358947753906,-10.040570259094238,-14.580178260803223,3.8489527702331543
4,502864,19.135887145996094,14.907037734985352,0.12693941593170166,-3.1105103492736816
4,502864,15.518813133239746,10.223529815673828,-0.13812632858753204,-15.088303565979004
4,502864,-23.012481689453125,-5.427244663238525,3.939178705215454,8.770655632019043
4,502864,-24.99738311767578,7.404022216796875,0.45531874895095825,6.277046203613281
4,502864,5.187438488006592,0.6976848840713501,-21.873123168945312,3.336412191390991
4,502864,4.406909942626953,-4.168367862701416,0.19713079929351807,6.309430122375488
4,502865,14.269350051879883,-1.6067994832992554,18.093276977539062,-19.058988571166992
4,502865,14.810470581054688,1.3596776723861694,-12.796143531799316,-8.897390365600586
4,502865,-17.052955627441406,-6.663166046142578,-4.9898881912231445,24.578832626342773
4,502865,-2.7504594326019287,-2.8900158405303955,20.231441497802734,5.927128791809082
4,502865,18.35209083557129,23.33102035522461,3.4345486164093018,-21.796438217163086
4,502865,-8.10965633392334,10.221014022827148,-24.510242462158203,-10.645686149597168
4,502866,-4.266658782958984,-6.936186790466309,-5.435178279876709,3.6647961139678955
4,502866,2.951624631881714,-12.423368453979492,26.941049575805664,15.630988121032715
4,502866,-18.589527130126953,11.959609031677246,14.229348182678223,-0.36289650201797485
4,502866,2.8866724967956543,18.622459411621094,-5.496703624725342,-14.296706199645996
4,502866,15.123292922973633,-22.974834442138672,-18.924354553222656,14.8500394821167
4,502866,-11.606101989746094,-14.02219009399414,-14.621045112609863,12.634758949279785
4,502867,-14.156442642211914,6.37379264831543,15.258566856384277,-7.883174896240234
4,502867,8.927021026611328,-0.6811782121658325,4.2616801261901855,6.098128795623779
4,502867,27.846363067626953,-11.935654640197754,-5.6694746017456055,4.7008514404296875
4,502867,-6.775998592376709,-8.338706970214844,13.132735252380371,-4.142784118652344
4,502867,-13.922640800476074,14.107046127319336,-8.646390914916992,5.864483833312988
4,502869,24.74739646911621,-26.50522804260254,-26.976287841796875,34.231849670410156
4,502869,21.144336700439453,-41.2875862121582,3.7242422103881836,29.80593490600586
4,502869,-5.817422389984131,43.57527542114258,21.841310501098633,-24.093721389770508
4,502869,-22.566530227661133,24.1862850189209,4.940474033355713,-21.339244842529297
4,502869,-2.1598541736602783,-27.080852508544922,-10.732199668884277,3.6204564571380615
4,502869,9.471287727355957,9.84060001373291,-6.692378520965576,-0.4240742623806
4,502870,-3.0103189945220947,22.30930519104004,14.509113311767578,-9.561691284179688
4,502870,-14.407156944274902,-8.783501625061035,-6.306325912475586,-4.432993412017822
4,502870,-20.67626190185547,-5.071173191070557,-16.123863220214844,6.241057872772217
4,502871,-6.668074131011963,6.139235973358154,-20.964082717895508,-31.291366577148438
4,502871,-10.782549858093262,-5.40282678604126,-20.188213348388672,-35.85267639160156
4,502874,11.066780090332031,34.14442443847656,66.17610168457031,-1.4055386781692505
4,502875,36.551513671875,52.01453399658203,55.99547576904297,-14.653258323669434
4,502878,-13.477441787719727,-9.161260604858398,-35.47299575805664,72.154052734375
4,502879,-13.533491134643555,-42.84373092651367,-35.56678009033203,76.96427154541016
4,502882,12.855668067932129,-6.85306453704834,-0.48424214124679565,-132.18338012695312
4,502883,-6.82664680480957,5.375322341918945,1.9756903648376465,-69.75248718261719
4,502886,2.5109572410583496,-27.037473678588867,-9.952463150024414,39.76982116699219
4,502887,3.2815473079681396,-26.540340423583984,3.263201951980591,3.188547372817993
4,502890,3.5702733993530273,26.856945037841797,27.386075973510742,51.68856430053711
4,502891,15.215720176696777,15.757852554321289,13.718779563903809,8.734335899353027
4,502894,3.8912253379821777,-14.727058410644531,-11.508391380310059,60.2109260559082
4,502895,-23.54058837890625,-4.712187767028809,5.617343425750732,66.52808380126953
4,502898,-9.154278755187988,-7.505282402038574,-17.387481689453125,-94.07978820800781
4,502900,28.445768356323242,12.910564422607422,-47.93164825439453,-89.21578979492188
4,502902,-11.627701759338379,16.14420509338379,16.28969383239746,-2.668677806854248
4,502904,-33.11858367919922,1.8166364431381226,33.76899719238281,45.26848602294922
4,502906,9.285308837890625,-30.906707763671875,-17.56219482421875,17.86193084716797
4,502908,36.40362548828125,-39.65752029418945,3.9385764598846436,-39.754180908203125
4,502910,17.210201263427734,27.614870071411133,18.29831314086914,6.30025053024292
4,502912,-29.763748168945312,28.280426025390625,-2.205906391143799,77.97103881835938
4,502914,-20.99571418762207,-11.139060974121094,27.53074073791504,32.60555648803711
4,502916,25.453168869018555,38.26613235473633,21.95456314086914,-17.231679916381836
4,502918,5.0150980949401855,6.995229244232178,-58.416358947753906,-40.521324157714844
4,503111,-21.318532943725586,-84.18828582763672,-39.92498016357422,-34.631343841552734
4,503111,11.067498207092285,-17.683412551879883,31.985994338989258,33.75386047363281
4,503112,9.105000495910645,57.9563102722168,13.771685600280762,28.320960998535156
4,503112,-11.779705047607422,20.21291732788086,4.550748825073242,-20.324968338012695
4,503112,1.5609642267227173,1.81885826587677,-13.094382286071777,-18.898967742919922
4,503112,0.7594346404075623,-0.8016310334205627,-16.50094223022461,-12.873836517333984
4,503112,-16.773357391357422,-5.36624002456665,7.0605974197387695,-25.718584060668945
4,503112,1.1407889127731323,-10.175179481506348,-8.926559448242188,-13.963059425354004
4,503113,21.806283950805664,-9.88521671295166,0.9194831252098083,-0.266135573387146
4,503113,-0.052872635424137115,11.610424041748047,23.047304153442383,18.211862564086914
4,503113,-7.937450885772705,9.957261085510254,7.453349590301514,32.60711669921875
4,503113,15.429362297058105,18.014223098754883,-7.629510879516602,7.186856746673584
4,503113,4.903521537780762,1.0640714168548584,26.614622116088867,23.27317237854004
4,503114,-6.0595622062683105,-11.249032974243164,15.869993209838867,26.378969192504883
4,503114,-0.44150516390800476,21.664989471435547,-16.920080184936523,-6.056676387786865
4,503114,-18.084444046020508,-13.92814826965332,-13.97630500793457,-8.918548583984375
4,503114,-5.877646446228027,-29.629039764404297,-17.532819747924805,-28.392480850219727
4,503114,11.37472915649414,12.683243751525879,7.097447872161865,-24.67656707763672
4,503114,-3.761162281036377,-12.635189056396484,-7.399516582489014,-4.478227615356445
4,503114,-5.895677089691162,-21.70302963256836,-10.277630805969238,1.8340035676956177
4,503115,14.941161155700684,15.135984420776367,20.309497833251953,9.711204528808594
4,503115,-5.393877983093262,6.863186836242676,-6.323122501373291,1.7678757905960083
4,503115,-27.341379165649414,4.511197090148926,0.023664947599172592,20.074777603149414
4,503115,10.209962844848633,17.44562530517578,13.966344833374023,14.934231758117676
4,503115,24.534427642822266,-20.752960205078125,-18.912153244018555,-19.71933937072754
4,503116,-17.950305938720703,-21.892255783081055,-9.514427185058594,-15.50053882598877
4,503116,-22.313743591308594,26.14167022705078,11.166199684143066,-9.575881004333496
4,503116,32.37762451171875,15.175727844238281,-2.06333589553833,5.248260498046875
4,503116,19.806962966918945,-7.697650909423828,-7.307569980621338,-9.384263038635254
4,503116,-17.20899200439453,-1.0105557441711426,3.180773973464966,-24.161800384521484
4,503116,-8.04191780090332,2.3315227031707764,1.298341989517212,7.009313583374023
4,503117,-0.48108533024787903,-13.137585639953613,2.3368020057678223,2.466398000717163
4,503117,4.530538082122803,-17.035324096679688,7.803144931793213,7.640568256378174
4,503117,-12.984416961669922,18.160654067993164,-4.986767768859863,15.19432258605957
4,503117,-1.6541221141815186,19.57783317565918,-2.6575815677642822,-13.128192901611328
4,503117,25.726308822631836,-5.731377124786377,5.487548828125,-14.5392427444458
4,503117,-5.326160430908203,-7.002127647399902,-17.158578872680664,-7.732349872589111
4,503118,-18.374040603637695,-11.851889610290527,-20.214582443237305,1.512533187866211
4,503118,1.8648189306259155,-0.2541544735431671,25.04999351501465,25.385377883911133
4,503118,10.343425750732422,4.651905059814453,8.211237907409668,15.360407829284668
4,503118,-3.8600099086761475,6.741228103637695,-25.536287307739258,0.5528479814529419
4,503118,-12.372050285339355,21.45240020751953,20.427778244018555,15.29535961151123
4,503118,17.42943572998047,2.03603458404541,29.472576141357422,-2.730483293533325
4,503119,29.0440616607666,-13.716094017028809,-15.842692375183105,-10.755051612854004
4,503119,-8.076850891113281,-6.015863418579102,-19.259553909301758,14.956950187683105
4,503119,-12.383967399597168,6.057547092437744,14.100110054016113,-0.7155448198318481
4,503119,-1.5252853631973267,-11.006951332092285,3.1538777351379395,-20.53754425048828
4,503119,-29.7861270904541,-32.154544830322266,-15.176009178161621,-15.855928421020508
4,503119,10.110548973083496,0.29091331362724304,5.91536283493042,-16.572229385375977
4,503120,31.133615493774414,12.875539779663086,7.425912857055664,-1.2731263637542725
4,503120,-24.375957489013672,1.2716960906982422,-13.101373672485352,8.921126365661621
4,503120,-2.918775796890259,3.8866026401519775,-16.00817108154297,-8.833878517150879
4,503120,7.458670139312744,-12.29762077331543,13.595415115356445,9.110919952392578
4,503120,-13.814553260803223,-4.583983421325684,13.346372604370117,21.518898010253906
4,503121,7.5283026695251465,35.15717315673828,2.0335097312927246,-12.316474914550781
4,503121,16.216053009033203,17.05706214904785,-8.99859619140625,-3.1889750957489014
4,503121,-12.71743392944336,-11.620038986206055,-7.943758487701416,5.9128804206848145
4,503121,-5.184558868408203,9.431146621704102,29.76541519165039,-9.412376403808594
4,503121,25.64769172668457,8.325554847717285,2.3680450916290283,6.545318603515625
4,503121,-11.773856163024902,-5.639938831329346,-39.18900680541992,10.013713836669922
4,503122,-13.358158111572266,-1.0840809345245361,18.02077865600586,12.036782264709473
4,503122,20.7607479095459,-3.1055212020874023,34.49937438964844,10.288990020751953
4,503122,2.9032018184661865,-11.86898422241211,-22.427268981933594,0.7742277979850769
4,503122,-10.376069068908691,6.691312789916992,-5.254833698272705,-1.9292632341384888
4,503122,10.404919624328613,-4.72188138961792,4.469516754150391,-14.221563339233398
4,503122,-10.058377265930176,-33.88442611694336,-13.823752403259277,-10.164637565612793
4,503123,-24.11580467224121,2.082663059234619,5.848398208618164,-12.133790016174316
4,503123,13.138603210449219,21.81557846069336,3.1803512573242188,2.809812068939209
4,503123,-8.048516273498535,-6.751539707183838,-13.351512908935547,18.324947357177734
4,503123,-7.08341646194458,-18.839468002319336,0.4528713524341583,-3.8101961612701416
4,503123,9.313238143920898,-12.05803394317627,1.722570776939392,-0.14967654645442963
4,503123,-7.042361736297607,15.942178726196289,-12.493322372436523,-3.614704132080078
4,503124,13.365947723388672,9.669711112976074,-11.080693244934082,-3.698080539703369
4,503124,-0.040639061480760574,-22.420835494995117,14.439126968383789,24.443647384643555
4,503124,0.014283525757491589,5.910388946533203,10.420808792114258,-7.470010757446289
4,503124,18.39665412902832,12.832953453063965,-12.99038314819336,-38.509521484375
4,503124,-9.711141586303711,-2.00581431388855,-1.2820912599563599,14.398143768310547
4,503124,-24.936845779418945,-1.0511538982391357,8.31745433807373,8.794960021972656
4,503125,5.455859184265137,-4.276577949523926,4.200619220733643,-35.24083709716797
4,503125,8.883160591125488,14.365663528442383,2.605909585952759,-1.5570526123046875
4,503125,-15.688752174377441,5.332250118255615,11.857898712158203,13.965065002441406
4,503125,9.878915786743164,-9.215619087219238,-4.629368782043457,-15.741833686828613
4,503125,0.1414450854063034,4.2006120681762695,-5.902795791625977,-3.0136685371398926
4,503125,-14.210596084594727,7.2518134117126465,21.607311248779297,14.990988731384277
4,503126,14.082693099975586,10.755183219909668,-4.188109874725342,9.545072555541992
4,503126,23.258651733398438,3.8403401374816895,-19.738033294677734,38.92816162109375
4,503126,6.623950958251953,-5.713442802429199,9.633625984191895,19.27932357788086
4,503126,2.320788621902466,-7.23334264755249,11.267059326171875,-20.27378273010254
4,503126,20.057846069335938,0.8486567139625549,-7.884286403656006,-5.363834381103516
4,503126,-22.52977752685547,-3.903156280517578,-2.9017691612243652,24.67232894897461
4,503127,-32.68079376220703,6.978413105010986,13.632513046264648,11.816184043884277
4,503127,21.18269157409668,16.066865921020508,-7.799872398376465,-27.40746307373047
4,503127,9.312047958374023,-28.0025691986084,-18.502296447753906,11.87420654296875
4,503127,-13.2383451461792,4.561002731323242,17.501556396484375,11.903639793395996
4,503127,11.112207412719727,28.44877052307129,5.345987319946289,-32.51708221435547
4,503127,-8.408012390136719,-25.489614486694336,-11.797398567199707,3.7588155269622803
4,503128,-24.376768112182617,-15.517925262451172,17.402767181396484,15.439009666442871
4,503129,5.0630974769592285,-8.912229537963867,14.6732177734375,2.2051258087158203
4,503129,11.869832992553711,20.239686965942383,16.270179748535156,19.131040573120117
4,503129,4.614386081695557,17.245872497558594,-7.468847274780273,-3.3016152381896973
4,503129,-2.305424451828003,-48.904266357421875,-42.35845947265625,-29.767498016357422
4,503130,4.7566304206848145,11.43205451965332,1.0695602893829346,-12.339710235595703
4,503130,-9.546022415161133,34.64630889892578,18.255380630493164,9.344914436340332
4,503130,6.76012659072876,-14.681424140930176,-2.816025733947754,-7.456495761871338
4,503130,24.050987243652344,-3.8228180408477783,-10.642857551574707,-25.413286209106445
4,503131,9.356317520141602,19.730632781982422,-10.0761079788208,36.04005432128906
4,503131,13.487314224243164,7.723104000091553,-0.6579961776733398,51.556121826171875
4,503134,-46.641517639160156,0.9736286997795105,14.34498405456543,11.671526908874512
4,503135,-27.41652488708496,29.18485450744629,24.006298065185547,4.1447296142578125
4,503138,46.858680725097656,16.38321304321289,-21.95387840270996,-49.94609069824219
4,503139,-6.139219284057617,-20.54719352722168,-31.868858337402344,-50.7581787109375
4,503142,-20.4091796875,-30.920644760131836,-4.993955135345459,-23.95028305053711
4,503143,1.1272132396697998,-21.765457153320312,-2.2355990409851074,-5.218768119812012
4,503146,-19.57373809814453,-22.72221565246582,-9.587601661682129,-25.761857986450195
4,503147,-17.78003692626953,0.48611223697662354,-1.9320896863937378,-57.959129333496094
4,503150,36.545379638671875,8.623937606811523,62.3965950012207,82.61878204345703
4,503151,24.47926902770996,-23.934295654296875,39.214630126953125,115.86135864257812
4,503154,-18.986530303955078,22.97759437561035,-62.06401062011719,0.9034187197685242
4,503156,18.207128524780273,41.42372131347656,-45.39552688598633,-23.110660552978516
4,503158,-19.309804916381836,4.912203311920166,57.236366271972656,-34.0690803527832
4,503160,-2.356959581375122,12.674324989318848,37.22372055053711,9.818702697753906
4,503162,18.216026306152344,-15.048933982849121,-51.08720397949219,-8.792203903198242
4,503164,-45.05411148071289,-28.39484977722168,-48.390953063964844,-100.59786224365234
4,503166,17.87619972229004,-19.969451904296875,6.422593116760254,15.283146858215332
4,503168,20.885522842407227,-3.7431085109710693,49.61002731323242,52.093326568603516
4,503170,-32.336570739746094,16.811513900756836,27.087594985961914,27.326932907104492
4,503172,9.742182731628418,10.609879493713379,-7.723812580108643,31.613624572753906
4,503174,36.2183952331543,31.577152252197266,-34.70695114135742,-29.541181564331055
4,503176,32.71875,3.392627477645874,-12.630444526672363,39.63945770263672
4,503178,-43.270111083984375,-49.653873443603516,44.3330192565918,-10.577481269836426
4,503180,-55.26474380493164,-9.390995979309082,9.077543258666992,-51.645843505859375
4,503182,39.659358978271484,33.851905822753906,-17.408464431762695,21.82771110534668
4,503184,19.51675033569336,4.191710472106934,1.4639201164245605,-21.665008544921875
4,503377,-5.898247241973877,20.03557014465332,-4.13932466506958,95.64165496826172
4,503377,10.574217796325684,43.524593353271484,-0.9355289340019226,117.40860748291016
4,503378,-13.612838745117188,-19.905014038085938,-5.292511940002441,-136.21047973632812
4,503378,-8.439653396606445,-39.14837646484375,-24.861719131469727,-131.11444091796875
4,503378,-0.8339120149612427,-25.55356216430664,-9.3367338180542,-2.1073811054229736
4,503378,-20.8328800201416,-19.25567054748535,6.756879806518555,-0.3810552656650543
4,503378,-5.798488140106201,8.550938606262207,-4.3363776206970215,0.7701913714408875
4,503378,17.797760009765625,6.235424518585205,24.088401794433594,35.4967041015625
4,503379,15.882070541381836,16.534893035888672,31.474138259887695,42.8135986328125
4,503379,13.056717872619629,15.725375175476074,-16.384593963623047,-3.1969285011291504
4,503379,-11.18838119506836,-28.964981079101562,-28.88865089416504,-11.322918891906738
4,503379,-23.96457290649414,-18.861921310424805,6.554563045501709,-22.04029083251953
4,503379,-1.9843074083328247,33.68811798095703,25.715120315551758,-26.863786697387695
4,503379,11.993431091308594,0.8461575508117676,-18.64773178100586,-14.494632720947266
4,503380,2.835777521133423,-48.356258392333984,-30.38494110107422,-15.087839126586914
4,503380,-6.503264904022217,3.9269039630889893,15.694167137145996,34.72964096069336
4,503380,16.796424865722656,28.85918617248535,12.725257873535156,55.427791595458984
4,503380,19.429153442382812,7.962942600250244,-5.773453235626221,14.813950538635254
4,503380,-9.61188793182373,-6.196991920471191,17.02793312072754,13.584113121032715
4,503380,-7.15844202041626,-8.086390495300293,12.676229476928711,8.419951438903809
4,503381,-5.5189208984375,17.969310760498047,-15.589579582214355,-6.880681037902832
4,503381,-11.787918090820312,12.774271965026855,2.467926025390625,-1.852742314338684
4,503381,16.943805694580078,-7.968329429626465,2.510456085205078,-19.689754486083984
4,503381,7.655039310455322,-1.4586232900619507,-20.038768768310547,-16.014759063720703
4,503381,-23.378128051757812,-0.0741264596581459,9.456826210021973,4.8709516525268555
4,503382,2.22812819480896,3.0705761909484863,0.31668326258659363,-1.353325366973877
4,503382,10.6007661819458,11.277447700500488,-7.35707950592041,-6.355332374572754
4,503382,1.9020521640777588,-9.070542335510254,24.527870178222656,11.79102611541748
4,503382,-10.754986763000488,-29.886505126953125,-2.79036808013916,6.684170246124268
4,503382,-0.5240781903266907,3.6475064754486084,-4.937525272369385,-8.868650436401367
4,503382,15.958074569702148,35.91911315917969,12.521740913391113,8.229364395141602
4,503383,-8.409948348999023,-7.124731540679932,-14.180208206176758,-15.513964653015137
4,503383,-13.26036548614502,-27.01703643798828,-9.389945983886719,-22.398653030395508
4,503383,-6.819848537445068,3.889165163040161,9.29045295715332,3.7972426414489746
4,503383,17.075319290161133,5.315404891967773,-14.734817504882812,-18.78148651123047
4,503383,7.219423770904541,3.8393843173980713,-10.43833065032959,-15.553253173828125
4,503383,-13.27757740020752,-12.835208892822266,2.0283429622650146,13.966925621032715
4,503384,0.8158459067344666,-16.81560516357422,-6.0976881980896,14.545207977294922
4,503384,-1.0811402797698975,20.347253799438477,17.9831600189209,4.435029983520508
4,503384,4.808740615844727,9.059773445129395,6.155875205993652,4.062166213989258
4,503384,-4.249275207519531,-11.453201293945312,-19.50796890258789,-6.280162811279297
4,503384,-7.010430812835693,-2.24181866645813,4.21119499206543,-4.788787841796875
4,503384,2.30239200592041,7.31044864654541,13.003058433532715,10.43376350402832
4,503385,-4.67463493347168,2.5520079135894775,-7.700289726257324,19.2202091217041
4,503385,7.674617767333984,2.7008159160614014,-8.41446590423584,12.03618335723877
4,503385,5.64182710647583,-0.9888273477554321,11.027795791625977,-21.147628784179688
4,503385,8.92221450805664,-17.530248641967773,5.126202583312988,6.488505840301514
4,503385,21.545207977294922,8.859758377075195,0.19675692915916443,24.251968383789062
4,503385,-22.86489486694336,20.534008026123047,27.810882568359375,0.7920204401016235
4,503386,-12.72948169708252,2.1550240516662598,6.213000774383545,-1.465380072593689
4,503386,26.88897705078125,9.106232643127441,-23.691381454467773,7.474949359893799
4,503386,-2.383504629135132,-0.8697126507759094,13.705953598022461,11.335597038269043
4,503386,-14.182456016540527,-5.961581230163574,-4.9855732917785645,-14.614846229553223
4,503386,-4.528266429901123,-2.9956729412078857,-26.42646026611328,-10.836233139038086
4,503386,2.856379985809326,-9.658801078796387,22.439807891845703,-4.6666765213012695
4,503387,4.170352458953857,4.860555171966553,-2.458345890045166,-6.8743391036987305
4,503387,-6.756078720092773,-2.885223627090454,-21.079906463623047,16.228540420532227
4,503387,-6.179374694824219,2.309814214706421,7.629591464996338,-5.114877700805664
4,503387,5.052962303161621,-4.9592976570129395,-0.45433035492897034,-8.156113624572754
4,503387,6.531745910644531,-24.833248138427734,-1.1715610027313232,17.765958786010742
4,503387,-6.572206974029541,6.1728315353393555,-21.606006622314453,-7.967653751373291
4,503388,-11.50402545928955,6.473418712615967,-9.05646800994873,-14.831128120422363
4,503388,-1.7552974224090576,4.676292896270752,36.2251091003418,1.8795654773712158
4,503388,15.59840202331543,3.0490849018096924,10.400674819946289,5.855390548706055
4,503388,15.69127082824707,-5.555773735046387,-5.619485855102539,7.287910461425781
4,503388,-19.640792846679688,3.2686121463775635,-0.5534543991088867,-3.828094244003296
4,503389,-19.538814544677734,-9.23635482788086,-10.875179290771484,-10.66684341430664
4,503389,12.422379493713379,6.868760585784912,0.9850124716758728,-0.11689799278974533
4,503389,8.05802059173584,8.634467124938965,14.980027198791504,2.1584815979003906
4,503389,0.0068802861496806145,7.852628707885742,12.903306007385254,4.051654815673828
4,503389,11.381649017333984,28.687124252319336,-4.256561279296875,14.31700325012207
4,503389,0.48479777574539185,-12.841485023498535,-14.072728157043457,1.5488232374191284
4,503390,-19.785974502563477,-29.203733444213867,-8.021651268005371,-15.759106636047363
4,503390,14.299114227294922,14.497329711914062,11.846964836120605,-5.884939670562744
4,503390,21.886966705322266,-2.315009832382202,14.326457023620605,2.4505414962768555
4,503390,-29.776592254638672,-17.479917526245117,-8.223917007446289,6.421806812286377
4,503390,-10.887730598449707,30.00865936279297,-14.129745483398438,1.125287652015686
4,503390,26.806594848632812,-1.4849011898040771,-8.935050010681152,-4.415779113769531
4,503391,5.140399932861328,-32.00179672241211,13.647732734680176,7.439651012420654
4,503391,-10.110259056091309,16.21144676208496,16.653034210205078,8.94659423828125
4,503391,-8.858453750610352,7.269302845001221,-14.302227020263672,-2.4763729572296143
4,503391,4.165724277496338,5.217325687408447,-9.624282836914062,-11.9671630859375
4,503391,10.638482093811035,-3.5980007648468018,11.900277137756348,-8.588398933410645
4,503391,-16.491273880004883,-36.540077209472656,1.0760308504104614,-0.930319607257843
4,503392,-9.961512565612793,32.7591438293457,-11.072920799255371,11.154276847839355
4,503392,19.932842254638672,21.564359664916992,-17.268138885498047,6.0479960441589355
4,503392,-11.479506492614746,-40.20941925048828,8.230631828308105,-13.756959915161133
4,503392,-14.56258487701416,4.661038398742676,30.2334041595459,2.747523069381714
4,503392,23.939071655273438,17.634584426879883,-12.087140083312988,21.091625213623047
4,503392,12.187858581542969,-1.1075509786605835,-13.917150497436523,-6.814609050750732
4,503393,-10.694567680358887,-0.30776965618133545,1.5864713191986084,-25.742151260375977
4,503393,-9.564799308776855,-13.628369331359863,-17.671581268310547,5.00911283493042
4,503393,1.5729973316192627,-6.47118616104126,7.424834728240967,27.07471466064453
4,503393,12.012800216674805,26.221843719482422,22.913249969482422,-6.19636344909668
4,503393,7.886605739593506,5.644708156585693,-11.811671257019043,-21.630611419677734
4,503393,-5.5234293937683105,-17.343074798583984,-3.461482048034668,3.906926393508911
4,503394,-9.68379020690918,-9.999632835388184,21.163028717041016,10.71350383758545
4,503395,0.5688165426254272,22.090646743774414,1.9737869501113892,12.91217041015625
4,503395,15.610204696655273,15.964864730834961,-24.068143844604492,3.1385319232940674
