Aktueller Finger,timestamp_ms,sensor_0,sensor_1,sensor_2,sensor_3
0,310195,-12.933292388916016,-15.52196979522705,-14.041279792785645,1.0107121467590332
0,310198,0.5438481569290161,17.024526596069336,16.732912063598633,13.755953788757324
0,310199,15.752668380737305,13.956586837768555,37.137115478515625,-7.147578716278076
0,310202,-1.9452404975891113,-26.637285232543945,-20.973718643188477,-16.958452224731445
0,310203,-2.7760426998138428,-3.2422444820404053,-31.64417839050293,18.108673095703125
0,310206,11.512004852294922,-0.1898840367794037,22.845054626464844,50.305213928222656
0,310207,-0.48571857810020447,-35.9782829284668,9.178874015808105,7.566481113433838
0,310210,-4.8302388191223145,39.01615905761719,14.396089553833008,-61.9528923034668
0,310211,9.7351655960083,33.762935638427734,-8.122903823852539,-44.84496307373047
0,310406,-21.09062957763672,-47.25791931152344,-41.67591094970703,44.033843994140625
0,310406,-22.875225067138672,-23.641010284423828,-2.221205949783325,53.740970611572266
0,310407,28.1474609375,22.393949508666992,27.19538116455078,-13.931558609008789
0,310407,4.421544075012207,26.14057159423828,17.5822811126709,-18.143033981323242
0,310407,-4.273255348205566,6.865395545959473,-6.583743095397949,-9.753945350646973
0,310407,11.671629905700684,-0.9178012609481812,-11.012123107910156,-13.165245056152344
0,310407,-12.953330039978027,-5.91814661026001,-1.7237098217010498,9.39470386505127
0,310407,0.820258617401123,-3.4244132041931152,-19.282379150390625,-13.367119789123535
0,310408,12.790283203125,2.472867965698242,-8.434094429016113,-2.243246555328369
0,310408,-15.280111312866211,-13.580802917480469,28.115835189819336,36.847171783447266
0,310408,-5.062158584594727,3.9534800052642822,19.553264617919922,6.951096534729004
0,310408,15.785604476928711,3.7730112075805664,-8.821432113647461,-22.62813377380371
0,310408,6.606843948364258,6.725406169891357,-4.451087951660156,-17.788713455200195
0,310409,8.338790893554688,2.689732074737549,6.5263752937316895,11.468903541564941
0,310409,-12.19250202178955,-15.348228454589844,-0.08276675641536713,15.518383026123047
0,310409,-17.487215042114258,25.019960403442383,-4.567488193511963,-23.249996185302734
0,310409,-1.4394944906234741,4.926510810852051,4.956363201141357,-6.719869136810303
0,310409,9.295488357543945,-27.10123062133789,19.58775520324707,28.91771697998047
0,310409,15.975495338439941,0.33216193318367004,-5.073331356048584,6.978191375732422
0,310409,-9.319436073303223,5.959203720092773,-39.874149322509766,-0.711906909942627
0,310410,-13.986001014709473,-0.4814300835132599,-15.705940246582031,-6.521647930145264
0,310410,10.966791152954102,12.5028715133667,21.973764419555664,-8.837359428405762
0,310410,16.15889549255371,2.689269542694092,17.268346786499023,-0.5422776937484741
0,310410,-3.7637124061584473,-11.906941413879395,4.276381969451904,-13.098808288574219
0,310410,-4.701988697052002,-5.314777374267578,-15.917012214660645,-12.605531692504883
0,310411,3.021836519241333,3.782893180847168,-7.809432506561279,-4.617970943450928
0,310411,-20.904569625854492,22.474327087402344,9.558558464050293,5.466347694396973
0,310411,-22.60757827758789,-3.2822277545928955,-0.27510079741477966,2.7304110527038574
0,310411,15.294408798217773,-38.00730895996094,-2.7345311641693115,-5.177704811096191
0,310411,6.836201190948486,-0.872154951095581,-3.2202699184417725,10.548860549926758
0,310411,-3.566044330596924,16.34978675842285,13.432565689086914,15.367035865783691
0,310412,12.65361499786377,-13.250876426696777,-8.839414596557617,-7.430241584777832
0,310412,3.3007466793060303,5.067087173461914,-20.470388412475586,-7.3300886154174805
0,310412,8.424901962280273,12.712635040283203,16.499652862548828,11.632952690124512
0,310412,-5.918511867523193,-19.5662841796875,2.089165687561035,16.87599754333496
0,310412,-28.00771141052246,-1.5438566207885742,-1.604338526725769,2.597494602203369
0,310412,13.897618293762207,12.507560729980469,17.651012420654297,-10.24146556854248
0,310413,18.039386749267578,7.6063947677612305,-17.969676971435547,0.40815261006355286
0,310413,-6.2537055015563965,17.03299331665039,-21.269405364990234,7.128875255584717
0,310413,-5.082492828369141,-9.083006858825684,21.824132919311523,6.0426764488220215
0,310413,-4.326297760009766,-23.650676727294922,3.008157253265381,-8.022673606872559
0,310413,6.123988151550293,-9.408794403076172,-21.614242553710938,-6.8489179611206055
0,310413,-1.8162858486175537,12.199002265930176,19.878129959106445,9.309737205505371
0,310414,10.624022483825684,17.245254516601562,11.513155937194824,-7.548428058624268
0,310414,-4.863438606262207,4.4163899421691895,-20.677087783813477,-9.729778289794922
0,310414,-15.174347877502441,10.311610221862793,27.636457443237305,-1.3075597286224365
0,310414,22.31300163269043,-6.521989822387695,7.9017157554626465,1.6936001777648926
0,310414,7.674947738647461,4.2108330726623535,-16.178884506225586,3.744213104248047
0,310414,2.8550658226013184,-1.605387568473816,8.820175170898438,-28.919557571411133
0,310415,-1.9262105226516724,-27.206201553344727,-8.246899604797363,0.025149580091238022
0,310415,-32.015113830566406,12.563037872314453,-0.573436439037323,17.68640899658203
0,310415,1.0079265832901,9.133362770080566,-8.44929313659668,-15.50784969329834
0,310415,28.395042419433594,-13.359407424926758,-2.7797203063964844,11.102246284484863
0,310415,-15.74520206451416,4.8832526206970215,21.667911529541016,17.52212142944336
0,310416,-13.105496406555176,7.2305145263671875,-19.001461029052734,17.258882522583008
0,310416,8.742659568786621,-5.747738838195801,-28.94882583618164,-21.170955657958984
0,310416,-15.435770988464355,-7.0453410148620605,22.121824264526367,-30.587263107299805
0,310416,7.678556442260742,2.5968515872955322,25.6141300201416,37.12887191772461
0,310416,20.11503028869629,9.633291244506836,-1.3231635093688965,3.208510160446167
0,310416,-12.255253791809082,-18.90989112854004,-25.975601196289062,-32.986183166503906
0,310417,-16.796903610229492,-20.838598251342773,-10.072474479675293,3.992736339569092
0,310417,-9.649067878723145,9.857734680175781,35.583885192871094,12.169912338256836
0,310417,18.7002010345459,-0.38898026943206787,5.233813285827637,-5.132993698120117
0,310417,22.534696578979492,-10.954455375671387,-33.53784942626953,-12.163528442382812
0,310417,-13.253366470336914,11.507781982421875,-8.65119743347168,-1.5976901054382324
0,310417,5.575110912322998,27.426095962524414,24.125234603881836,9.362473487854004
0,310418,16.801959991455078,-0.5103808641433716,-0.41965174674987793,9.534032821655273
0,310418,-18.14093017578125,-17.323280334472656,-10.412296295166016,21.228351593017578
0,310418,-12.299881935119629,8.24840259552002,21.259017944335938,15.50089168548584
0,310418,25.00201988220215,30.69786834716797,2.8374202251434326,-18.505069732666016
0,310418,12.371296882629395,-9.449989318847656,-13.21134090423584,0.9978449940681458
0,310418,-31.38162612915039,-6.091385841369629,6.55116605758667,10.352717399597168
0,310419,-17.62006187438965,15.258391380310059,9.71272087097168,-18.03531837463379
0,310419,18.450490951538086,-17.529754638671875,-3.213923931121826,10.750507354736328
0,310419,10.628767013549805,-3.098848581314087,-19.81855010986328,11.374942779541016
0,310419,-15.386953353881836,-14.881587982177734,-13.936177253723145,-11.2098970413208
0,310419,-8.932154655456543,-5.06156587600708,22.949462890625,-7.101135730743408
0,310419,23.24669647216797,22.354740142822266,13.184829711914062,4.009588718414307
0,310420,9.157816886901855,-15.259702682495117,-27.388486862182617,0.8370600938796997
0,310420,-15.603472709655762,-9.113391876220703,-10.746386528015137,-23.285688400268555
0,310420,-2.3762917518615723,17.33648681640625,11.21876049041748,11.516715049743652
0,310420,-5.072673320770264,-16.059328079223633,14.454229354858398,21.850566864013672
0,310420,-2.999145746231079,-11.96079158782959,9.87071418762207,-16.403406143188477
0,310420,13.46773624420166,12.874898910522461,-16.823381423950195,-11.500303268432617
0,310421,-9.288351058959961,-5.982232093811035,-21.113855361938477,3.8262250423431396
0,310421,-16.047149658203125,4.239898204803467,2.0912582874298096,2.419039487838745
0,310421,14.288649559020996,-0.8025202751159668,9.244168281555176,-9.788313865661621
0,310421,6.263671875,-12.675138473510742,-10.194583892822266,7.472903251647949
0,310421,-3.715728282928467,13.780177116394043,-4.468207359313965,18.662405014038086
0,310421,-5.70210075378418,14.348702430725098,23.12977409362793,-10.10323715209961
0,310422,5.521859169006348,-9.42278003692627,20.837692260742188,-13.46427059173584
0,310422,18.281356811523438,-3.141084671020508,0.35525110363960266,15.532232284545898
0,310422,-6.331596851348877,25.70368194580078,-18.463281631469727,22.372447967529297
0,310422,-5.897449970245361,15.785618782043457,-15.61550521850586,-28.229656219482422
0,310422,3.501209259033203,-24.94891357421875,17.123308181762695,-15.813446044921875
0,310422,-7.186729907989502,-7.2037200927734375,19.55813217163086,22.87548065185547
0,310423,6.865698337554932,24.657079696655273,-7.825502395629883,-22.227293014526367
0,310424,3.9575600624084473,-13.110562324523926,0.7896720767021179,-12.904544830322266
0,310424,-23.112062454223633,-27.814132690429688,-2.1922197341918945,4.718092441558838
0,310424,-6.832501411437988,-2.728222370147705,-26.81313705444336,-9.332412719726562
0,310424,12.167122840881348,13.067986488342285,0.2826445400714874,15.990694046020508
0,310425,8.832292556762695,4.407746315002441,9.285767555236816,6.624179840087891
0,310425,7.217735767364502,-11.001632690429688,0.4390861690044403,-4.265110492706299
0,310425,1.6744954586029053,-1.3216757774353027,22.401762008666992,5.258547306060791
0,310425,-1.892579436302185,0.3908085227012634,-4.642864227294922,0.6677995324134827
0,310425,-1.323540210723877,3.0713069438934326,-23.045679092407227,-0.36331477761268616
0,310427,13.291508674621582,15.455719947814941,16.99220085144043,17.380874633789062
0,310428,-6.470814228057861,-3.7165238857269287,0.9247596859931946,22.65386199951172
0,310431,-24.161447525024414,-1.4992284774780273,-16.87189483642578,-22.34633445739746
0,310432,4.676583766937256,39.762542724609375,29.502117156982422,-31.500946044921875
0,310435,5.994604587554932,-5.684906482696533,-0.8347198367118835,2.5954501628875732
0,310436,1.6526758670806885,-31.40037727355957,-40.28376007080078,3.921363353729248
0,310439,-8.67790699005127,31.774429321289062,26.52337074279785,6.027506351470947
0,310440,5.7792205810546875,4.906094551086426,17.37318992614746,23.107837677001953
0,310443,-4.825973033905029,-57.51668930053711,-64.99129486083984,10.844518661499023
0,310444,-23.30864715576172,-36.117759704589844,1.1689884662628174,8.210246086120605
0,310445,46.32449722290039,43.65843200683594,79.23442840576172,4.221609115600586
0,310448,27.00347328186035,32.3165397644043,-1.6250437498092651,-46.119571685791016
0,310449,-39.2572135925293,-57.11812210083008,-52.85455322265625,-26.420103073120117
0,310452,0.053153783082962036,19.625022888183594,8.764580726623535,13.743391036987305
0,310707,7.880070209503174,62.727210998535156,8.207564353942871,9.045326232910156
0,310708,-18.741830825805664,-43.95941162109375,-15.998330116271973,28.639732360839844
0,310711,-2.0561420917510986,-13.650724411010742,18.96144676208496,-4.198956489562988
0,310713,1.9386098384857178,26.749547958374023,2.340282678604126,-32.708580017089844
0,310715,-5.225958347320557,-24.376445770263672,-29.065357208251953,3.4741594791412354
0,310717,5.544631481170654,13.89266586303711,4.319645881652832,12.933879852294922
0,310719,6.726603984832764,37.8056755065918,40.359832763671875,-14.641715049743652
0,310721,-3.848210573196411,-29.85714340209961,-1.8009217977523804,-6.193289279937744
0,310723,-8.264995574951172,-32.10375213623047,-19.003055572509766,24.845664978027344
0,310725,8.223267555236816,14.169915199279785,6.8633623123168945,6.06443452835083
0,310918,21.67238998413086,-12.5504789352417,-20.968685150146484,-13.617205619812012
0,310918,-6.912607192993164,-10.680904388427734,-7.152010440826416,-9.516183853149414
0,310919,-1.502953052520752,8.979689598083496,28.525548934936523,-9.973182678222656
0,310919,13.259711265563965,7.191186428070068,3.677927017211914,-0.15139083564281464
0,310919,-26.194997787475586,16.03325653076172,-6.59097957611084,23.453975677490234
0,310919,-10.561071395874023,3.65427565574646,7.007570743560791,27.62588119506836
0,310919,35.67259216308594,9.856390953063965,4.04325532913208,-2.2010061740875244
0,310919,0.09326879680156708,0.14916744828224182,-12.006391525268555,-15.181253433227539
0,310920,-29.15463638305664,-20.059114456176758,-16.876876831054688,17.12823486328125
0,310920,-3.162045478820801,-8.825807571411133,3.614464044570923,25.30219078063965
0,310920,6.168107509613037,20.556989669799805,10.884194374084473,-9.777836799621582
0,310920,1.855777621269226,7.858407497406006,-7.334532737731934,-28.27266502380371
0,310920,1.455478549003601,-25.911081314086914,-14.493544578552246,-7.826625347137451
0,310920,-9.157340049743652,0.6502085328102112,20.978012084960938,-18.938465118408203
0,310921,10.972883224487305,5.293800354003906,20.93415641784668,-32.138580322265625
0,310921,9.501354217529297,-11.279897689819336,-16.247568130493164,18.99616813659668
0,310921,-18.84951400756836,6.212707996368408,-4.753064155578613,17.113584518432617
0,310921,-3.6939234733581543,6.107518672943115,4.207223892211914,-8.690197944641113
0,310921,12.681696891784668,4.936701774597168,-1.892937183380127,-11.816390037536621
0,310921,5.835778713226318,-9.378989219665527,-4.820522785186768,-7.394936561584473
0,310922,-11.188916206359863,2.960833787918091,-4.773070812225342,21.518272399902344
0,310922,6.007965564727783,16.041820526123047,2.1050662994384766,13.836195945739746
0,310922,9.61283016204834,-14.458270072937012,11.75892162322998,-7.4180006980896
0,310922,-3.291560173034668,7.2996954917907715,2.605680465698242,2.5218987464904785
0,310922,-3.260772943496704,5.644783020019531,-6.404314994812012,26.003124237060547
0,310922,-7.325849533081055,-3.8234691619873047,1.6403776407241821,-0.4644271433353424
0,310923,-3.102051258087158,14.313919067382812,-5.425943851470947,-28.85924530029297
0,310923,1.864981770515442,-9.931618690490723,-10.339545249938965,15.431997299194336
0,310923,0.5088140964508057,-4.51753044128418,6.245222568511963,16.8677921295166
0,310923,-0.21900862455368042,9.133615493774414,19.523698806762695,-12.687845230102539
0,310923,14.950154304504395,-12.491424560546875,-12.202112197875977,14.659407615661621
0,310923,-0.3331660032272339,-13.060880661010742,-7.239975452423096,-1.3904389142990112
0,310924,-22.490779876708984,10.376607894897461,27.124122619628906,-22.748022079467773
0,310924,-1.1184872388839722,12.34598445892334,-7.705488681793213,6.635696887969971
0,310924,17.893983840942383,-17.621017456054688,-19.024219512939453,2.062401294708252
0,310924,0.6974788904190063,-15.840405464172363,-2.3239119052886963,-12.871657371520996
0,310924,1.5032037496566772,23.871173858642578,-1.3511351346969604,-4.775280952453613
0,310925,9.707411766052246,4.716883182525635,-3.568666458129883,11.742016792297363
0,310925,-9.055578231811523,-32.38663101196289,-13.909794807434082,1.662144660949707
0,310925,-15.443836212158203,2.987142324447632,11.928979873657227,-6.251608848571777
0,310925,-5.868929862976074,21.17514419555664,20.49308967590332,12.933258056640625
0,310925,11.14608383178711,-3.2661495208740234,-9.499317169189453,-15.935066223144531
0,310925,14.598885536193848,0.23810230195522308,-16.344667434692383,-12.962644577026367
0,310926,1.2050292491912842,11.950152397155762,-0.18230412900447845,24.426191329956055
0,310926,-16.056079864501953,10.071965217590332,6.6880879402160645,-10.363422393798828
0,310926,-7.3008599281311035,-12.854340553283691,2.049192190170288,-6.772616386413574
0,310926,0.08182015269994736,-22.219369888305664,4.206503391265869,11.832918167114258
0,310926,7.371430397033691,1.271340012550354,8.339177131652832,1.2748432159423828
0,310926,12.710721969604492,9.918088912963867,8.494036674499512,-0.07113628089427948
0,310927,-16.82111167907715,11.844491004943848,-5.462997913360596,1.2567503452301025
0,310927,-9.530454635620117,-7.055575370788574,-11.710432052612305,12.582852363586426
0,310927,18.70534896850586,-5.226718425750732,3.4421939849853516,-11.544698715209961
0,310927,10.242178916931152,21.899003982543945,7.433399200439453,-13.99974536895752
0,310927,-12.979269027709961,-4.440685749053955,-10.292006492614746,23.266530990600586
0,310927,-7.790535926818848,-27.78502655029297,-0.2907750606536865,-1.0847088098526
0,310928,14.725859642028809,-1.6677379608154297,5.42716646194458,-12.624714851379395
0,310928,11.146160125732422,28.943185806274414,-14.160564422607422,16.2270450592041
0,310928,-4.377525806427002,5.929416656494141,10.227945327758789,8.357115745544434
0,310928,-6.478339195251465,-16.560400009155273,8.704264640808105,-23.15610122680664
0,310928,2.5071067810058594,6.741932392120361,-14.742467880249023,-34.470420837402344
0,310928,5.53371000289917,1.5481981039047241,16.347681045532227,14.419819831848145
0,310929,4.589828014373779,4.975948810577393,21.19929313659668,22.482755661010742
0,310929,12.147244453430176,20.09345054626465,2.91352915763855,-1.0004311800003052
0,310929,-12.381943702697754,-20.49175453186035,4.371591091156006,-2.4330692291259766
0,310929,-15.281926155090332,-11.25282096862793,-22.267589569091797,-8.661384582519531
0,310929,2.78922963142395,22.475616455078125,-16.726947784423828,-2.159435749053955
0,310929,-8.912805557250977,-12.674861907958984,24.53380584716797,-11.581388473510742
0,310930,5.431397438049316,-21.4890193939209,-6.306590557098389,5.473435401916504
0,310930,-1.831884503364563,8.150375366210938,-20.460418701171875,17.49681854248047
0,310930,-10.053474426269531,17.251014709472656,9.759554862976074,-12.193450927734375
0,310930,-5.4527411460876465,-27.170257568359375,-6.63630485534668,-5.688124179840088
0,310930,-7.437450408935547,-28.688873291015625,-18.428356170654297,14.101361274719238
0,310930,2.6525888442993164,17.921558380126953,17.025121688842773,16.789731979370117
0,310931,4.583670139312744,29.69586944580078,27.486820220947266,-6.6518049240112305
0,310931,21.579425811767578,7.143755912780762,-14.590110778808594,-17.048385620117188
0,310931,-1.7638976573944092,-36.47736740112305,-12.580307960510254,4.222689628601074
0,310931,-28.86428451538086,7.085351943969727,4.93203592300415,9.217670440673828
0,310931,0.7633919715881348,36.1175651550293,-5.121996879577637,3.1388800144195557
0,310931,26.619264602661133,-25.867820739746094,-3.3966734409332275,-1.4327785968780518
0,310932,12.984757423400879,-11.920010566711426,-9.648992538452148,-0.9756636023521423
0,310932,-23.011417388916016,13.671165466308594,-8.075285911560059,-2.326591968536377
0,310932,-8.076285362243652,-13.218047142028809,15.592204093933105,9.965230941772461
0,310932,6.258721828460693,11.71467399597168,16.47188949584961,0.9287094473838806
0,310932,5.321549892425537,6.461779594421387,-22.55857276916504,-26.745264053344727
0,310933,8.0131254196167,-17.414508819580078,-19.505474090576172,-1.7993313074111938
0,310933,-12.68916130065918,-0.4555686116218567,28.35839080810547,18.6532039642334
0,310933,3.197667121887207,9.51225471496582,15.513386726379395,-15.358574867248535
0,310933,17.267791748046875,11.555014610290527,-6.477941513061523,-21.488569259643555
0,310933,-11.16218090057373,-2.0015103816986084,10.99734115600586,21.6679630279541
0,310933,0.22529029846191406,1.3357601165771484,-3.004115104675293,18.29714012145996
0,310933,19.654985427856445,0.2997680902481079,-14.807493209838867,-28.862415313720703
0,310934,-11.498290061950684,-9.162178993225098,7.746217250823975,-5.252627372741699
0,310934,-7.986298561096191,17.781517028808594,14.085675239562988,42.14183807373047
0,310934,12.043455123901367,3.5451529026031494,-11.247047424316406,-1.1631146669387817
0,310934,-1.1477915048599243,-33.5198860168457,-27.005483627319336,-17.030231475830078
0,310934,-11.776543617248535,-2.0473227500915527,2.160083770751953,17.573163986206055
0,310936,-13.706357955932617,26.73518943786621,20.174015045166016,16.394855499267578
0,310936,1.5011063814163208,5.534363746643066,1.7753064632415771,-2.6923396587371826
0,310936,24.608320236206055,-18.669200897216797,-0.6496552228927612,-22.03437614440918
0,310936,2.6929919719696045,5.671342372894287,10.648533821105957,-8.722674369812012
0,310936,-20.287708282470703,3.6673028469085693,-7.18673038482666,-2.466825485229492
0,310936,-3.738555669784546,-16.94158363342285,-6.825483798980713,12.678811073303223
0,310937,-3.051034688949585,6.3569817543029785,8.920740127563477,17.12487030029297
0,310937,11.984085083007812,14.213105201721191,-1.303370475769043,-23.852487564086914
0,310937,2.7113733291625977,-2.641744375228882,-3.1022510528564453,-5.100771903991699
0,310938,-17.179454803466797,-18.432315826416016,-3.033297061920166,11.657713890075684
0,310938,8.374857902526855,-7.512763023376465,9.760785102844238,-13.123196601867676
0,310941,-3.312682628631592,6.908810138702393,6.364788055419922,-10.360274314880371
0,310942,3.1277945041656494,20.966175079345703,-2.8670125007629395,-3.0873961448669434
0,310945,15.587871551513672,13.80495548248291,-0.5942614078521729,27.157424926757812
0,310946,-10.375151634216309,-11.189329147338867,-22.280052185058594,15.232589721679688
0,310949,-13.684209823608398,-10.384998321533203,-10.463472366333008,-37.734920501708984
0,310950,9.743733406066895,-7.633622646331787,18.905685424804688,-5.330509185791016
0,310953,25.725173950195312,14.31810188293457,13.629451751708984,41.038063049316406
0,310955,-11.014836311340332,15.815879821777344,2.182100296020508,1.8483041524887085
0,310957,-11.819592475891113,-18.98438262939453,-11.548325538635254,-47.01909637451172
0,310959,18.087480545043945,-9.37639331817627,-6.577364921569824,-7.08098030090332
0,400202,-12.755242347717285,-5.3582234382629395,12.508293151855469,49.50510025024414
0,400204,-20.36016082763672,1.1358256340026855,-8.120214462280273,20.035715103149414
0,400206,-0.9798330068588257,14.27585506439209,-30.99127197265625,-54.2882194519043
0,400208,11.177861213684082,-13.7222318649292,13.167370796203613,-16.039417266845703
0,400210,20.540943145751953,-5.710442066192627,17.815954208374023,37.224876403808594
0,400212,-12.467551231384277,10.188337326049805,-5.572403907775879,2.7511425018310547
0,400214,-15.245601654052734,2.452369213104248,5.239514350891113,-9.36303424835205
0,400216,27.6162166595459,14.590048789978027,7.967925548553467,9.004079818725586
0,400218,4.519949913024902,7.3694634437561035,2.102402448654175,8.324178695678711
0,400220,-31.621164321899414,-16.17869758605957,-27.89735984802246,-42.454689025878906
0,400222,6.733157157897949,-21.025402069091797,24.7415714263916,-7.49884033203125
0,400224,6.72725772857666,4.855070114135742,28.741952896118164,37.038108825683594
0,400226,-10.967906951904297,26.37287139892578,-53.90236282348633,20.234516143798828
0,400228,17.669445037841797,-0.22892090678215027,-0.34475886821746826,-7.224849224090576
0,400230,3.1869752407073975,-11.209927558898926,32.623451232910156,-22.051658630371094
0,400424,-7.708501815795898,-11.749248504638672,-9.900778770446777,6.600740432739258
0,400424,0.1696327179670334,3.8714370727539062,9.059674263000488,-10.332417488098145
0,400424,-9.748147010803223,11.403450012207031,-1.5483472347259521,4.645150661468506
0,400425,-6.743937015533447,-8.496819496154785,-18.2093563079834,13.607806205749512
0,400425,0.44150495529174805,8.403088569641113,4.023870944976807,-8.303986549377441
0,400425,13.057538032531738,-5.6372551918029785,-4.299778461456299,16.623287200927734
0,400425,-8.396708488464355,-0.5278050303459167,-5.383151054382324,2.277027130126953
0,400425,-18.136112213134766,11.318163871765137,17.069625854492188,-20.78658676147461
0,400425,18.56310272216797,-9.653998374938965,12.19202709197998,-2.5806734561920166
0,400426,18.93705940246582,10.233689308166504,-6.378296375274658,-8.925325393676758
0,400426,0.9884613752365112,-6.426940441131592,-9.26241683959961,-0.815447211265564
0,400426,-8.528082847595215,-22.25278663635254,-8.829048156738281,7.611365795135498
0,400426,0.29347485303878784,2.5430047512054443,-9.799335479736328,-7.3255181312561035
0,400426,-3.3662078380584717,11.472559928894043,-1.227159023284912,18.779664993286133
0,400427,0.8974677920341492,16.16322898864746,24.294902801513672,7.595695495605469
0,400427,23.155109405517578,2.365323543548584,-2.793545722961426,-22.77704429626465
0,400427,-7.4386773109436035,-20.895492553710938,-25.543346405029297,17.51573944091797
0,400427,-29.30815315246582,12.570647239685059,16.74669075012207,19.448057174682617
0,400427,4.306150913238525,5.160540580749512,11.378655433654785,-19.341751098632812
0,400427,9.425779342651367,-19.3287410736084,-5.696415424346924,-1.420027494430542
0,400428,-11.517086029052734,20.799604415893555,4.94507360458374,14.015576362609863
0,400428,2.120553493499756,-13.26758861541748,0.4980984032154083,-16.747102737426758
0,400428,4.163561820983887,-17.69414520263672,-6.478705406188965,-9.326111793518066
0,400428,-13.01354694366455,16.553651809692383,-4.188950061798096,25.65070915222168
0,400428,5.25011682510376,-7.107758522033691,7.737666130065918,0.3682778477668762
0,400428,20.036441802978516,4.265279769897461,3.3719961643218994,-14.316802024841309
0,400429,-0.5826480388641357,6.934622287750244,-10.840045928955078,-15.017147064208984
0,400429,-10.411225318908691,-6.416714191436768,-4.740368366241455,-9.294610977172852
0,400429,4.841237545013428,1.1918683052062988,10.414365768432617,6.279131889343262
0,400429,7.662896633148193,7.6106085777282715,-0.26521772146224976,-5.825667381286621
0,400429,-9.647140502929688,-3.351189136505127,-6.746737957000732,-11.427926063537598
0,400429,-5.9453229904174805,-9.091073989868164,-8.654096603393555,-9.388752937316895
0,400430,6.1699538230896,6.278148174285889,-2.3471829891204834,8.652547836303711
0,400430,5.270359039306641,-2.96726655960083,19.376352310180664,9.576727867126465
0,400430,-3.522369623184204,-10.151227951049805,3.3702492713928223,13.927376747131348
0,400430,-6.396363735198975,9.698990821838379,-0.9280595779418945,22.518712997436523
0,400430,4.020595073699951,12.998323440551758,3.1354734897613525,-18.938121795654297
0,400430,10.58666706085205,-22.867197036743164,-13.72574520111084,-14.012380599975586
0,400431,-1.8114254474639893,-4.976305961608887,8.821670532226562,41.254085540771484
0,400431,-6.947364330291748,30.97087287902832,20.073434829711914,4.609683513641357
0,400431,9.664730072021484,9.395990371704102,-22.21567153930664,-25.594860076904297
0,400431,1.5085862874984741,-15.344545364379883,-17.36318588256836,16.653141021728516
0,400431,-13.4063138961792,-12.679353713989258,16.76352310180664,16.4658260345459
0,400431,-10.23499584197998,24.1212215423584,7.331795692443848,-29.082265853881836
0,400432,9.372573852539062,-1.6207668781280518,-11.017183303833008,-30.410919189453125
0,400432,12.164073944091797,-31.20733642578125,-0.9404288530349731,30.20606231689453
0,400432,-9.747207641601562,21.02545928955078,17.41047477722168,22.49105453491211
0,400432,0.23316024243831635,2.0037431716918945,8.771629333496094,-26.521957397460938
0,400432,4.705965518951416,-28.106632232666016,-23.69772720336914,-17.266441345214844
0,400432,-18.70168685913086,8.070817947387695,-18.97446060180664,14.73626708984375
0,400433,-11.580520629882812,18.623098373413086,21.629806518554688,-23.13933563232422
0,400433,17.689571380615234,-0.7588376402854919,7.582118988037109,-9.625712394714355
0,400433,3.2454445362091064,-15.536304473876953,-6.098548889160156,57.90455627441406
0,400433,-8.005155563354492,14.817414283752441,-1.450014591217041,-1.7154207229614258
0,400433,16.784404754638672,8.666006088256836,-15.038557052612305,-33.26072311401367
0,400433,2.382830858230591,-19.55267333984375,-4.190589904785156,-10.866640090942383
0,400434,-6.3592329025268555,1.7598309516906738,8.960143089294434,-2.349757671356201
0,400434,9.525799751281738,2.5118660926818848,5.741761207580566,26.585512161254883
0,400434,-11.666939735412598,-2.483058214187622,-0.09125390648841858,-0.40596362948417664
0,400434,-15.942794799804688,3.1287026405334473,-3.335447072982788,-15.438133239746094
0,400434,3.289891242980957,-14.06156063079834,1.0661066770553589,31.20267105102539
0,400434,-4.355474948883057,6.422571659088135,8.253592491149902,-1.6836719512939453
0,400435,-1.311885118484497,15.834481239318848,-4.727141857147217,-24.62639045715332
0,400435,19.526399612426758,-20.066993713378906,2.924311876296997,27.089496612548828
0,400435,1.866105556488037,0.5261246562004089,10.607065200805664,-0.9131730198860168
0,400435,-4.094021797180176,25.57891845703125,-16.0329647064209,-30.757814407348633
0,400435,12.648914337158203,10.863245964050293,-2.3884506225585938,5.7012152671813965
0,400436,-6.91189432144165,-18.294944763183594,5.168130874633789,24.661331176757812
0,400436,-11.472105979919434,-5.540652275085449,-6.195374965667725,7.470992088317871
0,400436,7.991273403167725,13.338191986083984,6.146658897399902,-15.019350051879883
0,400436,16.455764770507812,-14.938264846801758,-7.2108988761901855,-19.21647071838379
0,400436,0.9197564721107483,-13.06925106048584,-5.742132663726807,-14.979061126708984
0,400436,-8.910368919372559,3.3656883239746094,18.320165634155273,14.426759719848633
0,400437,0.13799692690372467,10.3048095703125,4.9318156242370605,11.031779289245605
0,400437,-0.8882373571395874,2.5691404342651367,-3.220940351486206,-13.864198684692383
0,400437,5.513880729675293,-15.539103507995605,-4.244411468505859,-9.820074081420898
0,400437,-2.610297679901123,-4.399137020111084,3.9772233963012695,3.7912216186523438
0,400437,-12.71471118927002,23.467626571655273,21.96442413330078,22.476655960083008
0,400437,-7.498516082763672,1.2061951160430908,-8.731329917907715,-1.754285216331482
0,400438,-10.34734058380127,-4.1018147468566895,-7.0373945236206055,-0.8915709257125854
0,400438,15.711495399475098,31.05279541015625,14.812884330749512,11.523470878601074
0,400438,14.720355987548828,-11.014169692993164,-14.89893913269043,-14.30199146270752
0,400438,-6.50607442855835,-15.478516578674316,0.0994444340467453,-1.4803844690322876
0,400438,13.68887996673584,14.851656913757324,15.588235855102539,0.7102998495101929
0,400438,-7.7981157302856445,-19.633419036865234,-15.289060592651367,5.389435768127441
0,400439,-20.611207962036133,5.760675430297852,-7.640978813171387,19.421541213989258
0,400439,24.298419952392578,15.856461524963379,1.2304595708847046,-19.835416793823242
0,400439,13.04499626159668,-31.31170082092285,1.133101224899292,-16.90227699279785
0,400439,-24.05694007873535,-8.48745059967041,-3.9624645709991455,15.789266586303711
0,400439,-7.016841888427734,9.4057035446167,-9.969924926757812,6.785614967346191
0,400439,14.859993934631348,-4.013421535491943,9.999899864196777,-17.108747482299805
0,400440,1.9811375141143799,2.0034995079040527,-8.98057746887207,-9.651774406433105
0,400440,-16.922483444213867,-1.3304822444915771,-17.11284065246582,22.39716148376465
0,400440,-7.589330673217773,-0.048514474183321,13.313116073608398,16.715822219848633
0,400440,-2.6008756160736084,14.916925430297852,11.528440475463867,-15.80842113494873
0,400440,-2.68351411819458,-11.869808197021484,-15.3441162109375,-27.86666488647461
0,400440,1.958796501159668,-22.083885192871094,0.015699094161391258,7.3719635009765625
0,400442,0.7374720573425293,14.020539283752441,14.763826370239258,10.671074867248535
0,400442,0.9318620562553406,15.368535041809082,-1.042008638381958,-1.5708608627319336
0,400442,7.190767765045166,8.111978530883789,-0.2596091628074646,6.941919803619385
0,400442,7.159104347229004,-8.056217193603516,-6.546999931335449,-17.926225662231445
0,400442,-12.117547988891602,-26.009197235107422,3.282762050628662,11.694387435913086
0,400443,1.9340808391571045,13.368270874023438,5.353409290313721,28.157026290893555
0,400443,11.746284484863281,26.86357307434082,-6.405905246734619,-19.71084976196289
0,400443,-6.983915328979492,1.9008039236068726,5.949202537536621,-7.971230983734131
0,400443,0.619335412979126,-1.5455780029296875,17.21428108215332,0.8973000049591064
0,400444,4.546626567840576,-2.7379610538482666,-3.81792950630188,8.733872413635254
0,400446,1.4998176097869873,-3.1472573280334473,-15.291726112365723,15.57089614868164
0,400448,7.68831205368042,-15.196798324584961,2.7811012268066406,-9.360230445861816
0,400450,-7.275460720062256,7.581786632537842,-8.642781257629395,1.6981384754180908
0,400452,2.4569828510284424,11.363605499267578,-4.840122222900391,-18.5792293548584
0,400454,7.4529128074646,-30.39467430114746,-0.5467370748519897,-13.13427734375
0,400456,-20.28228759765625,0.044986918568611145,-0.9932270646095276,35.07538604736328
0,400458,9.455989837646484,37.8981819152832,20.03421401977539,-5.66581392288208
0,400460,1.4496850967407227,-15.54839038848877,4.806539535522461,-44.61051559448242
0,400462,-27.176836013793945,-37.18250274658203,-6.161396026611328,11.953627586364746
0,400464,12.762088775634766,28.955875396728516,16.9881591796875,42.397117614746094
0,400466,18.070907592773438,31.84279441833496,16.870079040527344,-16.298147201538086
0,400468,-19.51987648010254,-26.24138641357422,-46.943214416503906,-18.20790672302246
0,400470,-11.143929481506348,-26.355134963989258,-35.537532806396484,24.5900821685791
0,400473,21.566551208496094,17.013463973999023,45.27784729003906,-11.255059242248535
0,400474,5.406576156616211,8.97375774383545,16.034393310546875,-16.35722541809082
0,400477,3.0596237182617188,-9.185674667358398,-25.775997161865234,27.009328842163086
0,400478,14.491716384887695,18.603961944580078,5.683027267456055,9.973834037780762
0,400481,-22.96085548400879,-4.86973762512207,-8.252908706665039,-23.31952476501465
0,400482,-7.005936145782471,-24.116167068481445,-11.526226997375488,-23.27356719970703
0,400485,26.0968074798584,20.228288650512695,36.77220916748047,26.783994674682617
0,400486,-10.100201606750488,18.104690551757812,3.530654191970825,21.67222023010254
0,400487,7.64605712890625,-1.5659013986587524,-17.14992904663086,-39.14862823486328
0,400490,0.8126932978630066,-13.188552856445312,0.3087438642978668,9.23872184753418
0,400491,-24.880634307861328,-2.564997434616089,5.517884254455566,25.446657180786133
0,400494,23.59408187866211,5.201040744781494,11.076069831848145,-19.154911041259766
0,400495,3.4527690410614014,-13.435088157653809,-22.360126495361328,14.557400703430176
0,400689,-35.830909729003906,21.35795021057129,-3.524968147277832,19.608489990234375
0,400689,4.418688774108887,-2.8625881671905518,24.59515380859375,1.2818855047225952
0,400689,26.304912567138672,-34.89668655395508,-11.094696998596191,5.62863826751709
0,400690,-0.9812018275260925,20.029638290405273,-7.181198596954346,-28.02225685119629
0,400690,-8.96828842163086,5.2105631828308105,2.147218942642212,-20.064327239990234
0,400690,-5.728184223175049,-25.585439682006836,-8.774129867553711,18.027435302734375
0,400690,-11.409783363342285,3.025467872619629,17.46489715576172,-9.05832290649414
0,400690,-7.642551898956299,20.766372680664062,6.637914657592773,-18.479305267333984
0,400690,11.172135353088379,15.0864839553833,-21.430471420288086,-11.32988452911377
0,400691,18.451778411865234,-23.342573165893555,3.0863521099090576,-1.919216275215149
0,400691,-15.36853313446045,-17.7584285736084,3.4318716526031494,15.54480266571045
0,400691,-13.303240776062012,16.920717239379883,-11.576231956481934,-19.56296730041504
0,400691,25.159202575683594,3.90228271484375,-12.95805835723877,-10.263381958007812
0,400691,14.62851619720459,15.689801216125488,-10.97954273223877,27.35979652404785
0,400691,-3.7358973026275635,6.941494941711426,11.797266960144043,10.089783668518066
0,400692,-11.612780570983887,-30.395387649536133,13.388442039489746,-5.044425010681152
0,400692,-6.546997547149658,1.17445969581604,0.634258508682251,2.0422286987304688
0,400692,3.722881317138672,28.87120819091797,13.502327919006348,11.121319770812988
0,400692,13.378175735473633,8.29720401763916,12.169801712036133,1.467085838317871
0,400692,2.3843655586242676,-22.3825626373291,-10.88859748840332,-6.050518035888672
0,400693,-24.223722457885742,-21.53166389465332,-6.934389591217041,9.416016578674316
0,400693,6.091841220855713,20.390562057495117,-7.565311908721924,6.0999555587768555
0,400693,6.045151710510254,3.748941659927368,-1.9152604341506958,-11.164463996887207
0,400693,-13.074711799621582,-13.109683990478516,22.09006690979004,1.2549817562103271
0,400693,10.088155746459961,10.057024002075195,-2.7603919506073,7.793299198150635
0,400693,1.4106159210205078,-5.1627302169799805,-10.433979034423828,8.39813232421875
0,400694,-5.659683704376221,0.5861114263534546,19.82906723022461,6.213815689086914
0,400694,9.851069450378418,11.709514617919922,13.675530433654785,-18.42994499206543
0,400694,4.860766887664795,-2.0194263458251953,-1.0513834953308105,-9.64242172241211
0,400694,-11.062915802001953,-26.681673049926758,-14.508916854858398,28.467931747436523
0,400694,-11.206096649169922,-11.758443832397461,-0.171708881855011,5.424544811248779
0,400694,17.350454330444336,50.406707763671875,16.7828311920166,-21.192075729370117
0,400695,22.11113739013672,20.229076385498047,-17.620662689208984,11.167043685913086
0,400695,-16.22539710998535,-35.641658782958984,-21.75772476196289,-2.660342216491699
0,400695,-17.80813980102539,-11.505518913269043,1.8437951803207397,-6.920712471008301
0,400695,11.07532787322998,5.031122207641602,4.633385181427002,-0.0451069250702858
0,400695,6.343343257904053,-4.13847017288208,-9.382044792175293,-25.805294036865234
0,400695,-11.45517635345459,-3.7404956817626953,-13.034343719482422,15.325263023376465
0,400696,-17.01551628112793,-1.8398239612579346,-1.981792688369751,21.152366638183594
0,400696,-3.010701894760132,12.13516902923584,1.6248986721038818,-17.202058792114258
0,400696,26.107162475585938,2.1399707794189453,-1.7936097383499146,-19.5311279296875
0,400696,-0.43825793266296387,-18.07731056213379,-13.126847267150879,-6.582949161529541
0,400696,-24.189937591552734,-7.719857215881348,-8.012425422668457,10.750001907348633
0,400696,9.3583345413208,11.776630401611328,13.262979507446289,-6.335178375244141
0,400697,8.651111602783203,4.270285606384277,11.971731185913086,5.794194221496582
0,400697,-12.712242126464844,-16.952598571777344,12.93433666229248,44.43184280395508
0,400697,1.7037290334701538,-0.4996907413005829,9.183557510375977,8.539734840393066
0,400697,15.591472625732422,21.455224990844727,2.2276241779327393,-44.008724212646484
0,400697,-5.3007121086120605,18.43491554260254,14.391789436340332,-15.452351570129395
0,400697,-12.613627433776855,-13.769607543945312,1.832418441772461,27.496166229248047
0,400698,6.669239044189453,-7.842681407928467,-6.704349517822266,8.151030540466309
0,400698,7.519204139709473,5.666007041931152,1.8654290437698364,-23.01471519470215
0,400698,-7.7686238288879395,-21.311107635498047,6.236909866333008,-4.964908599853516
0,400698,3.409998893737793,17.113903045654297,-8.532795906066895,4.482478141784668
0,400698,4.165807723999023,26.383289337158203,-5.828638076782227,-6.909534454345703
0,400698,-11.315316200256348,-18.46969985961914,7.495978355407715,8.24206256866455
0,400699,10.683894157409668,-3.0812430381774902,-12.163972854614258,1.2323611974716187
0,400699,10.844101905822754,-2.3964974880218506,-6.405752658843994,-12.383316993713379
0,400699,-7.376331329345703,-3.816114664077759,2.46179461479187,17.90400505065918
0,400699,-0.06261575222015381,19.412996292114258,0.5663022994995117,15.708364486694336
0,400699,-2.6865499019622803,-1.8565099239349365,15.845293045043945,-19.012187957763672
0,400699,0.1382884979248047,-16.000415802001953,14.841347694396973,-9.05056095123291
0,400700,20.0032901763916,6.619297504425049,-5.4931535720825195,9.624667167663574
0,400700,-9.101794242858887,-7.935681343078613,-15.911760330200195,13.459370613098145
0,400700,-12.263677597045898,-7.683043956756592,-1.193953037261963,-12.865907669067383
0,400700,29.718704223632812,31.391145706176758,-4.956762790679932,-20.336679458618164
0,400700,-9.12525463104248,-6.708556652069092,-14.508797645568848,-0.6786600947380066
0,400701,-34.85615539550781,-42.08318328857422,5.074898719787598,12.891921043395996
0,400701,20.22197723388672,16.3458251953125,-2.3401243686676025,1.8241909742355347
0,400701,11.970904350280762,18.067569732666016,-9.822648048400879,-23.472965240478516
0,400701,-33.0570182800293,-19.003175735473633,14.347546577453613,5.114065647125244
0,400701,7.7456183433532715,4.905324935913086,17.20189094543457,15.310810089111328
0,400701,17.005308151245117,1.0115277767181396,-5.473936080932617,3.0769495964050293
0,400702,-29.585893630981445,1.9903868436813354,-6.174900531768799,11.137897491455078
0,400702,-18.241201400756836,13.350268363952637,13.800993919372559,6.9869384765625
0,400702,33.067039489746094,-8.865691184997559,11.176836013793945,2.385283946990967
0,400702,10.527417182922363,1.2647165060043335,-14.691697120666504,5.285124778747559
0,400702,-30.234180450439453,2.1641550064086914,-14.617852210998535,-5.25579833984375
0,400702,15.831538200378418,1.1120975017547607,13.650951385498047,-20.98436737060547
0,400703,25.954893112182617,10.43680191040039,0.7722727060317993,10.01976490020752
0,400703,-15.133552551269531,-6.007899284362793,-11.502833366394043,31.06553840637207
0,400703,-7.060778617858887,3.9177682399749756,-1.7935057878494263,-3.516289710998535
0,400703,12.623912811279297,0.2547163963317871,-7.997102737426758,-9.773276329040527
0,400703,-3.332051992416382,-14.994874954223633,-0.30741044878959656,-5.110540390014648
0,400703,0.09821207076311111,6.997732639312744,0.1513127237558365,-19.851642608642578
0,400704,16.899391174316406,8.996273040771484,-14.02123737335205,-13.984066009521484
0,400704,-4.072425365447998,-16.347557067871094,-0.20563951134681702,14.202871322631836
0,400704,-18.245054244995117,2.7706470489501953,27.681306838989258,15.510479927062988
0,400704,0.02818509005010128,7.888214111328125,6.028263092041016,-5.7047505378723145
0,400704,8.638925552368164,-18.581357955932617,-13.558173179626465,-17.024181365966797
0,400704,-7.984259128570557,8.216821670532227,9.220407485961914,6.915058612823486
0,400705,-7.693736553192139,8.24682903289795,-0.5616973042488098,15.936713218688965
0,400705,15.874013900756836,-7.084794044494629,-13.37621021270752,-11.2709379196167
0,400705,-9.799396514892578,4.4774699211120605,9.57790470123291,-1.5790743827819824
0,400705,-19.78142738342285,3.3374433517456055,23.840316772460938,-7.168397903442383
0,400705,24.728416442871094,-2.092003345489502,1.6041576862335205,8.400052070617676
0,400707,6.010579586029053,-5.528404235839844,-31.059236526489258,34.02056121826172
0,400707,-15.660113334655762,-1.9872422218322754,-9.098226547241211,0.7211838364601135
0,400707,16.011341094970703,13.173418998718262,13.34151554107666,-22.068506240844727
0,400707,4.2418904304504395,7.981389999389648,-9.63452434539795,-20.376596450805664
0,400707,-21.84662437438965,-25.659826278686523,-0.8679141998291016,-3.1829171180725098
0,400707,-0.4822968542575836,-19.639476776123047,1.4933621883392334,-8.32099437713623
0,400708,-0.24247859418392181,14.250114440917969,-25.00098991394043,-1.039801836013794
0,400708,-0.31325793266296387,17.136138916015625,-0.2632046937942505,7.064947128295898
0,400708,7.381959915161133,-2.947403907775879,29.722597122192383,-10.004087448120117
0,400709,4.970137596130371,3.0386738777160645,27.14665985107422,10.007010459899902
0,400709,8.750870704650879,6.773046970367432,19.47416114807129,17.584095001220703
0,400712,-11.886787414550781,-15.300683975219727,-25.168474197387695,-2.9892685413360596
0,400713,-6.128785610198975,-14.367532730102539,-44.44548797607422,-12.267688751220703
0,400716,18.376998901367188,17.209171295166016,22.31512451171875,47.23666763305664
0,400717,5.642802715301514,26.791545867919922,45.82268142700195,-1.046280860900879
0,400720,-17.663650512695312,0.8296107649803162,-25.608905792236328,-74.70521545410156
0,400721,-3.955782413482666,-29.13709259033203,-8.240717887878418,40.339473724365234
0,400724,10.482498168945312,-11.597294807434082,20.910837173461914,28.25179100036621
0,400725,-6.789892196655273,18.102737426757812,-34.547611236572266,-35.661537170410156
0,400728,-14.174297332763672,-7.168190956115723,-0.8956887722015381,10.614601135253906
0,400729,0.21950410306453705,-14.183670043945312,5.77427864074707,2.1822543144226074
0,400732,11.578500747680664,6.412637710571289,-20.127334594726562,-14.376319885253906
0,400733,3.4682650566101074,26.752416610717773,26.988080978393555,4.907936096191406
0,400736,-11.502789497375488,9.131307601928711,4.777408599853516,2.1136722564697266
0,400737,0.40894779562950134,-27.041622161865234,-33.80140686035156,-2.698060989379883
0,400740,15.870491981506348,-5.894979476928711,26.228185653686523,12.577025413513184
0,400741,0.11788871884346008,9.884056091308594,44.371795654296875,2.3907546997070312
0,400744,-9.213525772094727,-6.6752800941467285,-30.226119995117188,7.911303997039795
0,400745,11.599302291870117,8.140752792358398,-23.90692901611328,20.157127380371094
0,400748,-0.588959813117981,-2.9456417560577393,-7.133416175842285,-27.20012092590332
0,400749,-17.12525749206543,-11.9727783203125,-2.954620838165283,-33.397823333740234
0,400752,10.321148872375488,22.180837631225586,33.116390228271484,7.875184059143066
0,400753,29.213443756103516,-1.0498169660568237,-2.4945127964019775,8.53811264038086
0,400756,-0.38036784529685974,-24.191410064697266,-15.870957374572754,4.394189834594727
0,400758,-45.06749725341797,4.552579402923584,-11.440753936767578,-4.404508113861084
0,400760,-9.752918243408203,14.785533905029297,5.59674072265625,2.3634438514709473
0,400762,27.943178176879883,-18.293380737304688,29.465078353881836,-10.553462982177734
0,400955,1.3242336511611938,-11.003517150878906,-45.20292282104492,-14.590431213378906
0,400955,-8.633819580078125,30.89202308654785,-36.01015090942383,24.9060001373291
0,400955,7.95217227935791,19.84970474243164,56.27511978149414,-4.106088638305664
0,400955,7.709599018096924,-10.75623893737793,9.659908294677734,-16.80265998840332
0,400956,-8.044391632080078,-15.716222763061523,-22.247169494628906,23.747102737426758
0,400956,-14.686537742614746,-2.590001106262207,17.694713592529297,16.62132453918457
0,400956,-4.830542087554932,3.200200319290161,2.5568344593048096,-19.784805297851562
0,400956,16.21343994140625,13.13663387298584,-8.407187461853027,-18.900001525878906
0,400956,15.108412742614746,-3.6003615856170654,14.677080154418945,17.925886154174805
0,400957,-3.934892177581787,-11.030681610107422,10.128792762756348,30.60260009765625
0,400957,-2.8804235458374023,14.290375709533691,-2.060490369796753,-1.156301498413086
0,400957,-6.8402485847473145,-6.799849987030029,0.6266971230506897,-25.402664184570312
0,400957,-9.667520523071289,-12.645596504211426,4.441651821136475,4.42454719543457
0,400957,5.782693862915039,-0.11813575774431229,12.699043273925781,13.133549690246582
0,400957,-0.022347252815961838,11.62765884399414,-10.184064865112305,-24.614261627197266
0,400958,-3.263122320175171,6.053747177124023,-21.587181091308594,2.373131036758423
0,400958,4.09203577041626,-15.905335426330566,-2.4135687351226807,32.556732177734375
0,400958,4.432835102081299,5.596251487731934,0.4044407308101654,-5.843550682067871
0,400958,17.057506561279297,23.56305503845215,9.750654220581055,-19.763845443725586
0,400958,0.12318819761276245,-6.5152716636657715,2.5456247329711914,-12.195459365844727
0,400958,-0.08854346722364426,-16.156675338745117,-16.79798698425293,-0.9656773805618286
0,400959,10.838948249816895,15.731522560119629,-0.5106846690177917,30.039793014526367
0,400959,-25.826730728149414,-0.8986104130744934,5.130395412445068,9.552474975585938
0,400959,-4.373979091644287,-17.207304000854492,2.393362283706665,-25.111684799194336
0,400959,16.490392684936523,12.756488800048828,5.377975940704346,14.094616889953613
0,400959,-18.302778244018555,-5.019092559814453,-6.275078296661377,18.086036682128906
0,400960,-23.231708526611328,-46.07597351074219,-8.966761589050293,-21.0715274810791
0,400960,-2.541334629058838,-8.263834953308105,-5.4980363845825195,-6.165771961212158
0,400960,20.229402542114258,25.070466995239258,3.9181251525878906,-0.3829927146434784
0,400960,-1.3150047063827515,1.5340951681137085,4.16973876953125,-12.13381576538086
0,400960,-23.494138717651367,-4.635727405548096,-16.24038314819336,-10.198860168457031
0,400960,4.429371356964111,13.883975982666016,11.544195175170898,-15.070460319519043
0,400961,14.081965446472168,7.305514812469482,30.86897850036621,5.261397361755371
0,400961,16.233821868896484,-12.821474075317383,-6.051497459411621,13.600967407226562
0,400961,6.801740646362305,25.396581649780273,-9.380437850952148,-21.944482803344727
0,400961,3.538734197616577,28.218894958496094,4.5229949951171875,-16.87111473083496
0,400961,12.198100090026855,-29.459745407104492,-3.666893720626831,15.215813636779785
0,400961,-10.089012145996094,-8.96599292755127,-8.477217674255371,13.407166481018066
0,400962,-6.569282531738281,22.766456604003906,5.889968395233154,14.320143699645996
0,400962,6.020282745361328,5.672429084777832,1.0445295572280884,16.15624237060547
0,400962,-7.958448886871338,-11.675273895263672,-11.16666316986084,-10.168320655822754
0,400962,-0.5492489337921143,-26.75786590576172,14.707901000976562,-1.9133484363555908
0,400962,3.6047441959381104,-5.9717698097229,-0.37029242515563965,19.51169204711914
0,400962,-13.530684471130371,24.447181701660156,-18.55939483642578,9.656641006469727
0,400963,-2.3227434158325195,-0.8016940355300903,8.052082061767578,-14.670024871826172
0,400963,-1.1283204555511475,-9.714484214782715,-3.7462856769561768,-22.451122283935547
0,400963,-0.04948723688721657,14.987610816955566,-13.21383285522461,4.510202884674072
0,400963,4.738296031951904,-6.115395545959473,4.765307903289795,11.213761329650879
0,400963,-17.73879051208496,-12.064697265625,0.08846978098154068,7.067008972167969
0,400963,-4.910216808319092,-2.9508612155914307,8.696256637573242,10.191094398498535
0,400964,22.260900497436523,-4.9455060958862305,17.20596694946289,-9.247743606567383
0,400964,12.480399131774902,25.030620574951172,0.1525876373052597,-23.868915557861328
0,400964,-11.773667335510254,2.1506729125976562,-13.758915901184082,5.528356075286865
0,400964,-11.782769203186035,-23.819114685058594,-16.030902862548828,31.02265167236328
0,400964,6.586459636688232,7.011143207550049,12.484969139099121,25.38068962097168
0,400964,13.88705062866211,1.4881341457366943,19.5366153717041,-34.13241958618164
0,400965,1.375802993774414,1.3645092248916626,1.8892288208007812,-35.00251388549805
0,400965,-2.8730854988098145,28.409204483032227,-2.788414478302002,23.980634689331055
0,400965,14.24798583984375,-9.383216857910156,-3.0874435901641846,1.854460597038269
0,400965,-6.265128135681152,-23.88276481628418,-17.625093460083008,-4.043853282928467
0,400965,-17.956315994262695,21.238391876220703,-14.291224479675293,0.22535541653633118
0,400965,2.493417739868164,1.2755240201950073,21.52257537841797,-12.431507110595703
0,400966,-5.571242809295654,-29.16826820373535,-9.982162475585938,-20.571569442749023
0,400966,5.540029525756836,-5.917844772338867,-19.07560157775879,3.777839183807373
0,400966,9.880952835083008,15.626629829406738,29.75511360168457,21.407732009887695
0,400966,-7.007588863372803,-1.2544503211975098,6.563633441925049,2.357034921646118
0,400966,-1.0023897886276245,17.924043655395508,-19.60479736328125,5.702798366546631
0,400966,5.3243088722229,10.79367733001709,-5.122602939605713,-27.21394157409668
0,400967,2.3206515312194824,-24.966323852539062,18.403209686279297,-2.2726638317108154
0,400967,0.04081787168979645,1.4885867834091187,4.977908611297607,28.069923400878906
0,400967,-3.7375247478485107,11.865179061889648,-11.742515563964844,-5.628800868988037
0,400967,-4.3861260414123535,-10.627836227416992,6.201383113861084,-1.9920713901519775
0,400967,3.214897394180298,-20.916414260864258,5.75357723236084,-11.259902954101562
0,400967,-8.196656227111816,11.20194149017334,11.911633491516113,4.984947681427002
0,400968,2.6839306354522705,20.30267906188965,-1.030238151550293,10.961851119995117
0,400968,17.639123916625977,-6.738399505615234,-18.468963623046875,2.7723827362060547
0,400968,-13.271538734436035,3.169135332107544,0.8065847158432007,4.305252552032471
0,400968,-7.807255744934082,15.087042808532715,11.986978530883789,-17.96222496032715
0,400968,27.524063110351562,-8.628571510314941,1.660908818244934,2.9099504947662354
0,400968,-4.183980464935303,-25.237234115600586,-17.130434036254883,17.803842544555664
0,400969,-35.975852966308594,-6.447219371795654,-3.477294445037842,13.657930374145508
0,400969,5.347077369689941,27.868892669677734,19.931283950805664,-5.122550964355469
0,400969,19.68960189819336,12.778550148010254,-7.512540817260742,-17.932228088378906
0,400969,-15.320926666259766,-22.41490364074707,-12.687483787536621,2.7482268810272217
0,400969,-7.583845615386963,-2.5962624549865723,8.71754264831543,-3.7709901332855225
0,400970,12.599595069885254,-9.406962394714355,-0.19835805892944336,20.035152435302734
0,400970,2.6406748294830322,-8.527029991149902,11.145663261413574,12.064396858215332
0,400970,9.71435832977295,21.782909393310547,5.104513645172119,-11.250611305236816
0,400970,-5.615760326385498,-0.7946435809135437,-23.66431427001953,6.4891510009765625
0,400970,-16.965974807739258,-5.87785530090332,6.575664520263672,-19.28394889831543
0,400970,16.024593353271484,-2.572222948074341,6.171724319458008,-0.749369204044342
0,400971,19.79249382019043,5.431736946105957,-12.749994277954102,21.866897583007812
0,400971,0.9380039572715759,30.003393173217773,4.885350227355957,-9.51271915435791
0,400971,-7.223416805267334,-13.268183708190918,-12.281148910522461,-5.46012020111084
0,400971,-7.745039463043213,-27.74768829345703,-0.09070353955030441,2.102736711502075
0,400971,-3.9772238731384277,19.49142837524414,16.5560359954834,-10.83423900604248
0,400972,-6.021442413330078,-4.584739685058594,-8.686792373657227,-8.35631275177002
0,400973,-12.941141128540039,-32.63276672363281,1.9240049123764038,-13.818742752075195
0,400973,0.19181735813617706,9.839104652404785,6.062121868133545,3.533281087875366
0,400973,12.9242582321167,28.498945236206055,-9.301034927368164,20.606653213500977
0,400973,3.1381869316101074,8.905366897583008,-1.3603861331939697,-13.732134819030762
0,400973,-0.644574761390686,-17.225658416748047,7.0242462158203125,-17.597505569458008
0,400973,1.5683929920196533,-6.638391971588135,15.808514595031738,7.0298542976379395
0,400974,0.12351427972316742,14.45796012878418,0.8325562477111816,2.7005956172943115
0,400974,-4.272968292236328,3.9214112758636475,-20.778165817260742,6.203744888305664
0,400975,6.260788917541504,-14.161083221435547,-3.4406397342681885,-7.12355899810791
0,400976,5.440520286560059,-15.522637367248535,22.44254493713379,-3.85231351852417
0,400978,-16.93214225769043,11.135257720947266,-18.356258392333984,8.75455093383789
0,400980,4.418891429901123,-0.6207686066627502,-19.7586669921875,-9.668288230895996
0,400982,7.841198444366455,4.44740104675293,45.911930084228516,19.42287826538086
0,400984,-14.468244552612305,6.659592628479004,12.970664024353027,20.1005859375
0,400986,19.684520721435547,8.704462051391602,-24.22511863708496,-27.27965545654297
0,400988,10.397835731506348,9.623210906982422,-28.567941665649414,-4.702423572540283
0,400990,-11.01137638092041,-14.262455940246582,0.6442916393280029,36.005638122558594
0,400992,-11.100044250488281,-9.806150436401367,12.177681922912598,-12.111491203308105
0,400994,-6.3282623291015625,-8.559852600097656,-13.436586380004883,-16.843788146972656
0,400996,17.427753448486328,13.223540306091309,20.355009078979492,23.504348754882812
0,400998,2.6974496841430664,2.727367639541626,8.348350524902344,7.018064498901367
0,401000,4.253570079803467,-10.190747261047363,-4.339994430541992,-14.771478652954102
0,401002,-17.287546157836914,2.7880146503448486,3.8043053150177,-30.115217208862305
0,401005,-23.303985595703125,-2.5606536865234375,-4.098270416259766,-7.56594705581665
0,401006,24.449932098388672,-6.596323013305664,12.934725761413574,28.662261962890625
0,401009,5.183136463165283,-7.467731475830078,3.859926700592041,29.924457550048828
0,401010,-21.3974666595459,7.012533664703369,-12.207453727722168,-4.126430511474609
0,401013,8.687179565429688,18.916715621948242,-5.520000457763672,-36.84458541870117
0,401014,17.155364990234375,13.479730606079102,-4.629668235778809,-19.38957405090332
0,401017,-3.3316643238067627,-7.954001426696777,-16.44939422607422,27.16022491455078
0,401018,-6.8826141357421875,-11.265060424804688,2.5236806869506836,22.68543815612793
0,401019,1.8271585702896118,8.729401588439941,17.938037872314453,-20.333477020263672
0,401022,11.418234825134277,-3.683436870574951,3.58005952835083,-12.355945587158203
0,401023,-2.2124478816986084,-13.931989669799805,1.7160377502441406,0.222805455327034
0,401026,-15.22030258178711,17.65249252319336,-6.068236827850342,4.696315288543701
0,401027,-3.9537720680236816,0.07093667984008789,-8.79970645904541,23.501554489135742
0,401221,2.5706045627593994,-36.06497573852539,-16.498746871948242,-21.949087142944336
0,401221,5.5412187576293945,1.6983574628829956,-5.063394546508789,-38.08060073852539
0,401221,-2.06058669090271,14.796158790588379,18.511260986328125,23.382638931274414
0,401221,1.4398552179336548,-3.585209369659424,2.796856641769409,23.372447967529297
0,401222,-2.2874045372009277,1.8024760484695435,-4.036242961883545,-7.061829090118408
0,401222,1.136674165725708,9.034379959106445,-2.648754835128784,-8.45750617980957
0,401222,2.857426643371582,3.4348793029785156,1.1133067607879639,12.054986953735352
0,401222,-8.795289039611816,0.7508738040924072,22.842782974243164,5.463343143463135
0,401222,17.506587982177734,4.78137731552124,8.906689643859863,-13.18294906616211
0,401222,4.681977272033691,-13.015138626098633,-9.00474739074707,10.113313674926758
0,401223,-21.17519187927246,6.372950077056885,15.544954299926758,18.268877029418945
0,401223,1.9587619304656982,28.45784568786621,11.675067901611328,-10.488873481750488
0,401223,12.97708797454834,-10.235547065734863,-8.328319549560547,-20.8885440826416
0,401223,-5.9669599533081055,-21.730575561523438,-8.344767570495605,24.262731552124023
0,401223,-3.778231382369995,8.31313705444336,-7.650485515594482,11.667505264282227
0,401223,11.466167449951172,10.708614349365234,-15.926703453063965,-24.527362823486328
0,401224,-6.884075164794922,-9.100686073303223,-21.066770553588867,5.142934322357178
0,401224,-1.751894235610962,-4.272122383117676,-1.6072841882705688,-0.4019535481929779
0,401224,22.95526885986328,7.994334697723389,18.623620986938477,-5.87129545211792
0,401224,-4.367591857910156,-8.692184448242188,7.399861812591553,8.261885643005371
0,401224,-30.26603126525879,-19.361282348632812,-12.585639953613281,8.869625091552734
0,401225,3.0730397701263428,18.883474349975586,6.0279107093811035,-2.4719555377960205
0,401225,24.107467651367188,19.613704681396484,23.876819610595703,-18.003602981567383
0,401225,-2.704139471054077,-28.902149200439453,-7.300537109375,15.07292652130127
0,401225,-13.501020431518555,-9.437165260314941,-11.73959732055664,16.83358383178711
0,401225,-10.246268272399902,18.56411361694336,4.074136257171631,-16.396690368652344
0,401225,-7.507830619812012,-9.864767074584961,-1.3225126266479492,-3.029893636703491
0,401226,8.131767272949219,12.881845474243164,-4.443507194519043,-20.26812744140625
0,401226,14.108349800109863,7.428800582885742,-12.1780424118042,-10.534809112548828
0,401226,4.23187780380249,-27.640592575073242,13.331257820129395,18.21212387084961
0,401226,-1.227763056755066,16.645875930786133,7.8930206298828125,-14.763313293457031
0,401226,-9.621323585510254,-4.087371349334717,-16.502649307250977,12.361910820007324
0,401226,-8.224343299865723,0.863822877407074,22.665353775024414,13.696751594543457
0,401227,17.820423126220703,21.240310668945312,10.775214195251465,-21.481307983398438
0,401227,-0.7266709208488464,-20.081785202026367,-28.815353393554688,9.040446281433105
0,401227,-22.89897918701172,-2.0237960815429688,3.6230363845825195,29.5238094329834
0,401227,16.313461303710938,13.15688705444336,0.7385616302490234,13.292963981628418
0,401227,13.97038745880127,-3.383936882019043,-3.8841679096221924,-12.7916841506958
0,401227,-8.269983291625977,-15.765298843383789,10.243005752563477,-8.129998207092285
0,401228,5.105736255645752,10.535215377807617,-24.074874877929688,-6.809075832366943
0,401228,-4.303642749786377,2.199366569519043,0.38543158769607544,-20.71092987060547
0,401228,-12.493757247924805,-26.8978271484375,23.565040588378906,4.284477233886719
0,401228,6.119674205780029,9.428450584411621,0.0398407019674778,30.05159568786621
0,401228,19.53626823425293,31.681386947631836,-6.353125095367432,-8.698786735534668
0,401228,-0.08470688760280609,9.081892967224121,-4.206851959228516,-29.01968002319336
0,401229,-22.362892150878906,-19.573448181152344,21.917016983032227,5.161788463592529
0,401229,7.179178714752197,-9.914000511169434,8.282215118408203,5.380975246429443
0,401229,10.35743522644043,13.430164337158203,-10.418197631835938,-3.7158055305480957
0,401229,-17.503944396972656,-4.691014289855957,11.806998252868652,5.860062599182129
0,401229,-8.275424003601074,-5.788214683532715,-21.981481552124023,8.323997497558594
0,401229,2.0419769287109375,12.443572998046875,-14.282106399536133,5.298840522766113
0,401230,9.890664100646973,-6.7629523277282715,30.76904296875,-5.034724712371826
0,401230,-0.01936463452875614,3.5152268409729004,-12.556736946105957,-29.915903091430664
0,401230,-0.05822762846946716,20.087848663330078,-25.87672233581543,-6.951082706451416
0,401230,7.528797626495361,-22.167139053344727,7.3542160987854,34.59526824951172
0,401230,-16.521160125732422,-18.891794204711914,1.0574167966842651,11.807609558105469
0,401230,-8.253878593444824,9.691518783569336,1.292565941810608,-21.16536521911621
0,401231,19.950130462646484,-9.116485595703125,11.545654296875,-4.132567882537842
0,401231,15.556129455566406,-6.023297309875488,-12.237762451171875,19.145156860351562
0,401231,-5.022683143615723,7.616116046905518,-14.713207244873047,-21.22917366027832
0,401231,-22.318279266357422,0.2930396497249603,12.325778007507324,-1.2401764392852783
0,401231,-6.092531681060791,-2.8668553829193115,6.126517295837402,38.41615295410156
0,401231,13.843661308288574,4.349732875823975,-0.6157543063163757,-26.861970901489258
0,401232,-0.7347031831741333,-1.014768123626709,3.6627042293548584,-31.294546127319336
0,401232,-8.265910148620605,4.01953125,-4.076584339141846,25.86261749267578
0,401232,2.625035047531128,18.418903350830078,9.45581340789795,2.321830987930298
0,401232,12.566023826599121,-6.363187313079834,10.093236923217773,-9.584999084472656
0,401232,-10.503958702087402,-24.04041862487793,-20.618070602416992,24.878643035888672
0,401232,-20.001771926879883,7.771461009979248,2.044325828552246,-1.1362277269363403
0,401233,18.118837356567383,24.150455474853516,10.234713554382324,-14.705650329589844
0,401233,7.836784362792969,-11.660835266113281,-0.4669026732444763,-3.7032034397125244
0,401233,-3.5746777057647705,-6.134936332702637,4.125248432159424,-5.621257305145264
0,401233,3.088191270828247,9.61339282989502,-12.647819519042969,24.94597816467285
0,401233,-19.305227279663086,-13.072615623474121,3.6378724575042725,14.412726402282715
0,401233,13.111634254455566,-5.955600738525391,6.786248207092285,-36.4703483581543
0,401234,36.539283752441406,21.70431900024414,-7.5517706871032715,-16.247882843017578
0,401234,-11.773061752319336,16.261272430419922,-0.7755996584892273,30.069915771484375
0,401234,-20.920503616333008,-20.335247039794922,5.370720863342285,27.509428024291992
0,401234,14.229171752929688,-0.2602895200252533,-5.584760665893555,-5.633358955383301
0,401234,10.56417179107666,6.884138107299805,-10.164512634277344,-18.66261863708496
0,401235,-20.22055435180664,-27.122177124023438,5.260552406311035,9.576391220092773
0,401235,-13.64101505279541,5.4078545570373535,19.193098068237305,-2.9336163997650146
0,401235,21.648649215698242,16.609464645385742,11.32672119140625,-24.177387237548828
0,401235,-3.7479071617126465,-9.474970817565918,-23.02458381652832,18.89881134033203
0,401235,-15.648287773132324,4.5648112297058105,-12.46848201751709,16.107751846313477
0,401235,18.382871627807617,7.266554355621338,19.59355354309082,-23.507448196411133
0,401236,-7.235158920288086,-11.712008476257324,-0.23515483736991882,-10.242392539978027
0,401236,-11.616988182067871,-5.828125476837158,-13.606234550476074,0.48394349217414856
0,401236,15.478551864624023,3.9644908905029297,3.82826828956604,-5.381701946258545
0,401236,-5.497223854064941,-1.0892665386199951,7.664437770843506,10.619413375854492
0,401236,-4.255725860595703,17.59910011291504,2.3230087757110596,-7.975629806518555
0,401236,16.034114837646484,-8.667627334594727,-6.8164544105529785,-17.13828468322754
0,401237,-14.541223526000977,-36.99708557128906,-16.200679779052734,30.811771392822266
0,401237,-15.509256362915039,14.399422645568848,4.04246187210083,11.0295991897583
0,401237,22.7439022064209,20.150619506835938,13.334774017333984,-20.893882751464844
0,401237,8.071806907653809,-3.966000556945801,-5.635000228881836,12.396493911743164
0,401238,-21.808652877807617,6.647533416748047,-0.017921214923262596,15.895425796508789
0,401239,-13.26867961883545,11.097068786621094,20.31305694580078,-29.051164627075195
0,401239,16.174463272094727,4.1707587242126465,-1.7497669458389282,-14.433878898620605
0,401239,9.932907104492188,-3.3045787811279297,-19.9316349029541,16.70877456665039
0,401239,-8.657258987426758,-17.74909782409668,9.114945411682129,15.936548233032227
0,401239,9.806873321533203,6.025723934173584,14.298234939575195,5.539796829223633
0,401239,13.824007987976074,16.793437957763672,-7.883059501647949,-19.8898983001709
0,401239,-6.40525484085083,-18.736600875854492,-5.86720609664917,3.666759967803955
0,401240,-10.423386573791504,-8.620598793029785,-2.308218479156494,9.364391326904297
0,401241,-6.886357307434082,3.2664031982421875,-2.56843638420105,0.0008845627307891846
0,401242,-23.268957138061523,-30.730438232421875,-18.617528915405273,2.937980890274048
0,401244,7.390539646148682,1.5753445625305176,0.2913811504840851,-0.2762901782989502
0,401246,23.90041160583496,60.865901947021484,41.18959426879883,-9.737106323242188
0,401248,-9.433091163635254,-5.145205974578857,-26.528554916381836,-16.205516815185547
0,401250,14.725722312927246,-20.990182876586914,-13.30697250366211,11.813511848449707
0,401252,25.437955856323242,12.97633171081543,33.04311752319336,14.96860408782959
0,401254,-16.79039192199707,-19.1608829498291,-6.2135419845581055,16.962339401245117
0,401256,-13.570615768432617,5.09737491607666,-23.551666259765625,-4.918631553649902
0,401258,7.109906196594238,6.83142614364624,5.366269111633301,-35.51250457763672
0,401260,-12.052369117736816,-15.929487228393555,23.864425659179688,24.966053009033203
0,401262,-4.402708530426025,-7.0903215408325195,-13.875149726867676,10.398421287536621
0,401264,9.222180366516113,-14.079017639160156,3.0813560485839844,-45.7912483215332
0,401266,1.4291532039642334,21.440752029418945,-1.5960241556167603,-0.15987232327461243
0,401268,-6.662225246429443,39.02347183227539,-10.551536560058594,19.953929901123047
0,401270,-13.860939979553223,-23.82320213317871,9.773205757141113,4.290158748626709
0,401272,-6.805945873260498,-34.649879455566406,-4.631664276123047,-14.276175498962402
0,401274,3.9872992038726807,21.085195541381836,-6.911016941070557,32.469112396240234
0,401276,18.000410079956055,22.333467483520508,11.277235984802246,12.113860130310059
0,401278,8.974982261657715,-22.012672424316406,10.665995597839355,-64.18789672851562
0,401280,-7.2367072105407715,-5.272634983062744,-9.195125579833984,5.175207138061523
0,401283,8.21796989440918,20.887882232666016,-0.41417592763900757,29.33021354675293
0,401284,3.8524835109710693,-3.3241183757781982,10.132031440734863,5.4938554763793945
0,401287,-14.10834789276123,-0.7495790719985962,-19.432512283325195,-2.4623146057128906
0,401288,-8.68303108215332,-4.341847896575928,-13.189579963684082,-7.774784564971924
0,401291,6.784438610076904,-12.798004150390625,17.840091705322266,7.460101127624512
0,401292,17.13308334350586,31.640687942504883,8.14260482788086,-0.20116427540779114
0,401293,-2.1324384212493896,13.197579383850098,-4.70930290222168,-12.96460247039795
0,401487,-23.64118003845215,-28.465457916259766,4.0076518058776855,-1.135036587715149
0,401487,4.462387561798096,-0.38241976499557495,18.4527587890625,19.776981353759766
0,401487,19.478290557861328,-12.225966453552246,-14.569451332092285,3.6879658699035645
0,401487,-12.348845481872559,1.1786048412322998,-16.569997787475586,-13.024951934814453
0,401488,-18.00174331665039,27.5786190032959,7.188602447509766,6.932366371154785
0,401488,10.543532371520996,-17.689241409301758,-14.245356559753418,3.9398033618927
0,401488,17.640623092651367,-19.91193962097168,-2.6238632202148438,-7.197514057159424
0,401488,-13.969401359558105,8.589643478393555,21.066667556762695,9.340776443481445
0,401488,-8.16850471496582,-5.568032741546631,-5.019255638122559,-3.1402976512908936
0,401488,8.273795127868652,-3.203165054321289,-6.719371795654297,-14.059977531433105
0,401489,-12.752792358398438,1.5051342248916626,4.710595607757568,9.711455345153809
0,401489,9.691605567932129,1.0006203651428223,-9.043811798095703,17.167999267578125
0,401489,10.061202049255371,25.400503158569336,-2.1446950435638428,-20.313201904296875
0,401489,-10.783403396606445,-2.27730393409729,17.235366821289062,-7.5054030418396
0,401489,10.664987564086914,-23.081859588623047,20.881332397460938,16.340545654296875
0,401489,12.906164169311523,4.743969917297363,-6.790493011474609,-8.696724891662598
0,401490,-5.773746013641357,1.1317925453186035,-25.6263370513916,9.446308135986328
0,401490,-18.749582290649414,3.241969585418701,-8.223694801330566,1.844154715538025
0,401490,-5.2676777839660645,5.803852081298828,15.391754150390625,-36.793296813964844
0,401490,12.466446876525879,-16.293663024902344,-5.956067085266113,-17.111087799072266
0,401490,3.851513147354126,2.7741007804870605,-20.60540771484375,32.89530944824219
0,401490,-3.1982100009918213,20.94237518310547,16.266469955444336,23.634769439697266
0,401491,12.122748374938965,14.17408275604248,20.54008674621582,-25.10340118408203
0,401491,1.0836143493652344,-1.760553240776062,-5.880187511444092,-16.764034271240234
0,401491,-8.243416786193848,-17.956600189208984,-4.938999652862549,28.812801361083984
0,401491,12.424663543701172,1.0121219158172607,14.836894035339355,25.5251407623291
0,401491,-1.6487762928009033,13.649885177612305,15.52236270904541,-15.159565925598145
0,401492,-8.818973541259766,10.232147216796875,3.931163787841797,-24.792076110839844
0,401492,18.145334243774414,-2.625962734222412,-0.9560754299163818,-1.3720295429229736
0,401492,3.726207733154297,-22.158077239990234,-4.4361467361450195,27.771909713745117
0,401492,-29.931093215942383,3.8557746410369873,-6.0357561111450195,0.3274800479412079
0,401492,1.5008056163787842,16.964590072631836,-7.734918594360352,-14.612104415893555
0,401492,15.583344459533691,-14.592024803161621,-5.128559589385986,4.636631488800049
0,401493,-25.88286781311035,-12.507525444030762,1.0465092658996582,-10.892293930053711
0,401493,-6.656073570251465,-3.8159940242767334,-6.005767822265625,-13.10560131072998
0,401493,23.015777587890625,5.838629722595215,-6.973583698272705,13.681560516357422
0,401493,-21.083372116088867,6.465341091156006,-6.8489556312561035,10.594161033630371
0,401493,0.5191869735717773,-22.485675811767578,-3.947277069091797,-21.690631866455078
0,401493,31.160018920898438,6.434031963348389,12.473055839538574,13.190410614013672
0,401494,-19.004426956176758,28.987104415893555,-2.624537229537964,15.707414627075195
0,401494,-7.609396457672119,-15.498908042907715,-12.95018482208252,-13.436118125915527
0,401494,4.469324588775635,-4.091790199279785,-0.02853253483772278,1.3315203189849854
0,401494,-9.518253326416016,11.168120384216309,2.4046666622161865,-16.5281982421875
0,401494,10.560014724731445,-9.726119041442871,2.9635508060455322,-0.8736228942871094
0,401494,8.256258964538574,-8.628697395324707,5.274301528930664,30.501495361328125
0,401495,-4.367984771728516,-2.9873108863830566,6.105218887329102,-2.505401849746704
0,401495,-4.366375923156738,11.516621589660645,1.643296241760254,-21.347063064575195
0,401495,-3.983541488647461,-2.5477335453033447,-8.261374473571777,3.7518270015716553
0,401495,2.1415281295776367,-13.355347633361816,-2.110799789428711,15.169864654541016
0,401495,3.947077512741089,2.671444892883301,12.595858573913574,-6.1110334396362305
0,401495,3.156144618988037,3.9368090629577637,0.3206891119480133,-19.028427124023438
0,401496,12.779622077941895,-3.3608345985412598,-7.64194393157959,6.857573509216309
0,401496,-2.9843947887420654,-1.418757677078247,6.104705810546875,-8.146246910095215
0,401496,-10.722644805908203,20.098045349121094,-5.089280128479004,-20.137767791748047
0,401496,9.699014663696289,6.2248382568359375,-1.8119518756866455,34.591705322265625
0,401496,-5.678548336029053,-11.115221977233887,18.824960708618164,19.434343338012695
0,401496,-15.858499526977539,-0.7498584389686584,-9.029030799865723,-32.7709846496582
0,401497,0.6768847703933716,-2.9756813049316406,-11.789527893066406,-6.475279331207275
0,401497,12.935996055603027,-0.1033187210559845,13.215825080871582,23.87462043762207
0,401497,-1.0282503366470337,4.730755805969238,-3.2908637523651123,-2.3055901527404785
0,401497,-7.201216697692871,-3.2258310317993164,-13.107712745666504,-7.0839385986328125
0,401497,-5.519761085510254,-1.2836897373199463,0.08324926346540451,12.224178314208984
0,401497,-13.950782775878906,8.028376579284668,8.001688957214355,-5.883363246917725
0,401498,20.548921585083008,7.458206653594971,5.5251569747924805,-17.702665328979492
0,401498,30.311370849609375,-5.267240047454834,-2.5854604244232178,23.287166595458984
0,401498,-15.427953720092773,-16.977354049682617,-6.067051887512207,10.711176872253418
0,401498,-20.4049072265625,-1.5816069841384888,-8.639217376708984,-25.03607177734375
0,401498,-3.106066942214966,-5.564821243286133,9.56600284576416,9.507389068603516
0,401498,9.485066413879395,8.512718200683594,11.98283576965332,3.7489070892333984
0,401499,15.31629467010498,23.078083038330078,-0.05956610292196274,-13.616534233093262
0,401499,-9.247133255004883,-18.651742935180664,10.921835899353027,13.869369506835938
0,401499,-7.491317272186279,-3.606013536453247,-3.4012370109558105,8.976781845092773
0,401499,5.517000198364258,-3.161137104034424,-4.038280963897705,-29.74646759033203
0,401499,8.494046211242676,-13.571508407592773,4.84517240524292,-2.1493725776672363
0,401499,8.675768852233887,37.4340705871582,-8.485508918762207,30.406320571899414
0,401500,2.4827897548675537,15.388188362121582,-5.249144554138184,-17.159799575805664
0,401500,-0.17473430931568146,-29.9814395904541,2.4120872020721436,0.2653871178627014
0,401500,-2.3583590984344482,-1.3244614601135254,-0.7759906053543091,34.56111526489258
0,401500,-10.152471542358398,23.942399978637695,-8.274181365966797,-28.301464080810547
0,401500,-9.074546813964844,-13.663068771362305,-8.007144927978516,-24.23134994506836
0,401501,11.64405632019043,-14.97394847869873,1.8585604429244995,21.218414306640625
0,401501,-5.0787200927734375,9.511606216430664,6.859622001647949,24.165752410888672
0,401501,-16.31827735900879,1.628838062286377,8.978581428527832,17.713293075561523
0,401501,12.632688522338867,0.44007328152656555,-4.138840675354004,-12.878154754638672
0,401501,13.3704195022583,-5.893867015838623,-9.860724449157715,-20.789796829223633
0,401501,-17.439010620117188,-12.748939514160156,4.685873985290527,0.208059161901474
0,401502,-10.556282997131348,-7.171217441558838,-7.5926618576049805,18.24387550354004
0,401502,14.551355361938477,11.660826683044434,-3.0955562591552734,-4.994271278381348
0,401502,2.3868892192840576,9.182283401489258,13.53437614440918,-23.220151901245117
0,401502,-11.375838279724121,-11.391736030578613,6.785307884216309,6.567632675170898
0,401502,-5.114645481109619,3.275754690170288,-3.785022497177124,7.389766216278076
0,401502,16.46954917907715,29.702863693237305,-7.88764762878418,-0.22827400267124176
0,401503,3.8018898963928223,-11.695945739746094,5.19451904296875,1.5546106100082397
0,401503,-14.515947341918945,-26.2607421875,0.025535253807902336,-14.679644584655762
0,401503,-5.088482856750488,20.484310150146484,2.808475971221924,-2.999676465988159
0,401503,7.965717792510986,1.2373307943344116,8.885472297668457,-1.3281482458114624
0,401504,19.87723159790039,-18.60952377319336,-13.003900527954102,-4.278026103973389
0,401505,-4.391231536865234,22.28925895690918,-3.663191080093384,26.525880813598633
0,401505,-13.41140365600586,9.969381332397461,17.31968116760254,11.520502090454102
0,401505,9.770509719848633,-14.78275203704834,-3.2297165393829346,-17.31864356994629
0,401505,-0.4308415353298187,-2.378371000289917,-20.049816131591797,2.8824942111968994
0,401505,-21.021005630493164,-7.4723100662231445,10.187644958496094,1.7340577840805054
0,401505,11.158373832702637,11.68753719329834,16.345306396484375,-21.943233489990234
0,401505,12.965656280517578,4.394007205963135,-10.903338432312012,-3.7255172729492188
0,401506,-19.492280960083008,-24.144779205322266,-4.625479698181152,6.60716438293457
0,401507,9.982636451721191,17.714298248291016,-3.863480567932129,1.8102905750274658
0,401508,7.1063337326049805,15.07361888885498,-7.632876873016357,-1.9335757493972778
0,401510,-1.4548662900924683,-10.918663024902344,23.55689811706543,-23.823753356933594
0,401512,5.564083576202393,-0.6198087334632874,13.245692253112793,3.9583539962768555
0,401514,-12.997241020202637,-19.21676254272461,-18.246299743652344,43.499794006347656
0,401516,8.852704048156738,1.2490918636322021,-1.5764795541763306,10.426074981689453
0,401518,22.240840911865234,31.017805099487305,7.546553611755371,-27.212167739868164
0,401520,-8.235480308532715,-8.284844398498535,-8.319284439086914,-27.40082550048828
0,401522,-26.480375289916992,-28.857099533081055,-5.041461944580078,-6.688651084899902
0,401524,-9.100059509277344,15.095868110656738,8.913113594055176,22.299968719482422
0,401526,11.082496643066406,26.18380355834961,-12.916059494018555,16.689966201782227
0,401528,7.678690433502197,-5.594899654388428,-10.388564109802246,-4.556668758392334
0,401530,-12.828080177307129,-17.952396392822266,13.394454002380371,-5.746434211730957
0,401532,-8.556646347045898,-17.69183921813965,-2.8679776191711426,14.17888069152832
0,401534,11.282391548156738,-1.0804210901260376,-3.2037649154663086,19.78211212158203
0,401536,11.884196281433105,9.762913703918457,-9.41411018371582,-23.59561538696289
0,401538,-0.07065802067518234,1.9619029760360718,2.6838760375976562,-21.902067184448242
0,401540,-11.61851978302002,3.667067050933838,19.716388702392578,14.403889656066895
0,401542,1.1158533096313477,-3.1308183670043945,1.0080455541610718,24.520641326904297
0,401545,14.887467384338379,17.90632438659668,24.451242446899414,21.21538543701172
0,401737,16.65287208557129,5.963563442230225,-10.32139778137207,-37.8851318359375
0,401738,1.8325988054275513,-14.249043464660645,-49.944793701171875,-41.47465515136719
0,401738,-31.526344299316406,-0.6817241311073303,10.123970031738281,27.133512496948242
0,401738,-19.3864803314209,-7.951797962188721,26.08127212524414,21.21977424621582
0,401738,8.410022735595703,9.442870140075684,-12.841811180114746,-15.070734977722168
0,401738,2.1324775218963623,-10.796711921691895,-20.475830078125,-23.899057388305664
0,401738,2.845090389251709,-22.295883178710938,3.4244847297668457,-3.2299318313598633
0,401739,10.385981559753418,25.296833038330078,10.47647762298584,18.723587036132812
0,401739,-0.3786862790584564,3.1189768314361572,-8.537018775939941,16.99313735961914
0,401739,-15.010034561157227,-27.630109786987305,2.984907865524292,0.614191472530365
0,401739,-3.958353042602539,18.829336166381836,25.74641227722168,-16.196592330932617
0,401739,13.084386825561523,17.708404541015625,11.112654685974121,3.544869899749756
0,401739,14.519630432128906,-7.307291030883789,0.5467347502708435,11.735098838806152
0,401740,7.8295063972473145,10.193711280822754,0.7052909135818481,-27.423791885375977
0,401740,-13.649781227111816,-1.2769668102264404,1.1812492609024048,2.2782280445098877
0,401740,1.0093532800674438,5.36332893371582,-2.2406630516052246,37.247474670410156
0,401740,5.445614337921143,9.594725608825684,-8.855180740356445,-14.25382137298584
0,401740,-17.92380714416504,-31.552734375,6.29837703704834,-0.028763532638549805
0,401740,0.6383383870124817,-18.076448440551758,7.632301330566406,15.112467765808105
0,401741,2.5311295986175537,16.93754768371582,-14.025944709777832,-22.989757537841797
0,401741,5.55651330947876,3.922128438949585,-9.112738609313965,-8.249409675598145
0,401741,0.12258274853229523,-2.3923983573913574,12.008512496948242,29.423625946044922
0,401741,-7.633998394012451,8.574562072753906,10.81645393371582,17.87383460998535
0,401741,15.66563606262207,-6.7117533683776855,4.760137557983398,-23.781837463378906
0,401741,12.6205415725708,7.199371814727783,7.317756652832031,-17.580718994140625
0,401742,0.5066095590591431,20.918354034423828,-9.373224258422852,9.310914039611816
0,401742,-14.448155403137207,-23.207216262817383,-23.31904411315918,17.873924255371094
0,401742,-14.732995986938477,1.452907919883728,-5.971101760864258,7.958973407745361
0,401742,22.70409393310547,27.75714111328125,-9.242414474487305,-8.019266128540039
0,401742,11.876482963562012,-12.74979305267334,-8.152254104614258,-6.107691764831543
0,401742,-31.10091781616211,-26.07062530517578,21.1748046875,-14.992127418518066
0,401743,-3.1874709129333496,-5.7795562744140625,3.7819061279296875,-26.576732635498047
0,401743,0.592703104019165,18.60530662536621,-17.082120895385742,-0.5767830610275269
0,401743,-20.45705795288086,-7.151724815368652,12.485091209411621,39.22903060913086
0,401743,23.12589454650879,-14.496098518371582,3.5533978939056396,6.53078556060791
0,401743,19.912370681762695,16.52172088623047,-15.030452728271484,-40.8446159362793
0,401744,-20.484041213989258,15.328972816467285,17.79116439819336,0.8147438168525696
0,401744,-14.125330924987793,-8.855189323425293,6.565009117126465,20.69216537475586
0,401744,3.4714505672454834,-14.46288776397705,-28.327350616455078,12.667818069458008
0,401744,-0.7837349772453308,-7.443271636962891,-1.26471745967865,21.15877914428711
0,401744,-3.0386016368865967,1.1278101205825806,23.47480583190918,-11.254029273986816
0,401744,13.946165084838867,23.501985549926758,-10.558124542236328,-29.69158363342285
0,401745,14.612082481384277,-8.19997787475586,-28.83405876159668,6.027580261230469
0,401745,-16.108789443969727,-13.88082218170166,6.993697166442871,9.134137153625488
0,401745,-10.247472763061523,24.120681762695312,21.358373641967773,-7.962331295013428
0,401745,23.093124389648438,-0.9207438230514526,-15.559610366821289,0.16068784892559052
0,401745,0.22387003898620605,-20.276477813720703,-4.017401695251465,7.819334983825684
0,401745,-8.828743934631348,3.53437876701355,27.676637649536133,-8.92917537689209
0,401746,9.692399978637695,8.169693946838379,-2.0250093936920166,-21.777587890625
0,401746,12.772449493408203,3.2276477813720703,-4.435779094696045,3.565593957901001
0,401746,9.908805847167969,13.432882308959961,14.743945121765137,16.23461151123047
0,401746,-17.171937942504883,-8.114121437072754,1.1494715213775635,31.065340042114258
0,401746,-16.499277114868164,-8.53215503692627,-10.686275482177734,-9.847283363342285
0,401746,0.3166615962982178,13.2584228515625,4.505284786224365,-41.71436309814453
0,401747,0.23706527054309845,-4.8697614669799805,9.58218765258789,10.417052268981934
0,401747,11.550823211669922,-10.406221389770508,-18.231441497802734,25.461023330688477
0,401747,-0.298740029335022,10.75758171081543,-1.8626353740692139,2.047150135040283
0,401747,-9.344374656677246,3.804896354675293,19.646949768066406,-15.075239181518555
0,401747,-2.03295636177063,-4.484631061553955,2.5591208934783936,-15.267845153808594
0,401747,2.330326557159424,-7.685583591461182,-19.050167083740234,-14.332483291625977
0,401748,-9.396923065185547,-20.839006423950195,-7.532382488250732,-1.0179029703140259
0,401748,-7.900139808654785,13.74153995513916,10.988706588745117,33.57984161376953
0,401748,19.74576187133789,22.73369026184082,-18.893404006958008,25.70361328125
0,401748,-7.012531757354736,-10.447509765625,7.343759536743164,-12.969765663146973
0,401748,-5.872081756591797,-8.230355262756348,23.73938751220703,-19.732891082763672
0,401748,16.423988342285156,-3.6170108318328857,-16.814682006835938,1.2093020677566528
0,401749,-6.077683925628662,0.9317964911460876,-2.0352108478546143,20.782590866088867
0,401749,8.913162231445312,6.171527862548828,1.8419318199157715,-5.915377140045166
0,401749,9.243033409118652,-12.234936714172363,5.324014186859131,-17.487764358520508
0,401749,-5.976179122924805,1.5266687870025635,11.497648239135742,-8.726576805114746
0,401749,4.0704803466796875,11.090970993041992,-11.169346809387207,0.3361313045024872
0,401749,-14.60750675201416,-11.127402305603027,-2.571718215942383,13.343132972717285
0,401750,-6.919518947601318,7.0084943771362305,6.699606895446777,-8.031495094299316
0,401750,12.0409517288208,11.065675735473633,12.366911888122559,-0.3934433162212372
0,401750,7.4357829093933105,6.855566501617432,3.445542335510254,7.423799991607666
0,401750,-1.7781298160552979,-2.1390535831451416,-12.01620864868164,-3.950993299484253
0,401750,-10.67928695678711,-9.735472679138184,-0.5068883895874023,12.946386337280273
0,401750,-5.698148250579834,4.773878574371338,1.8918774127960205,15.35479736328125
0,401751,-9.934660911560059,-10.673007011413574,-6.6527180671691895,-9.255037307739258
0,401751,7.031377792358398,-1.1241267919540405,-2.23519229888916,-23.410526275634766
0,401751,2.4473416805267334,9.320087432861328,-6.441025733947754,5.849208354949951
0,401751,-5.335036754608154,-7.631218910217285,-5.362319469451904,24.68785285949707
0,401751,21.502973556518555,-6.486063003540039,9.457416534423828,-4.363526821136475
0,401751,-9.642333030700684,0.9320509433746338,-2.819894790649414,-13.095160484313965
0,401752,-6.7981438636779785,4.275248050689697,-2.4776644706726074,5.886484622955322
0,401752,25.41558074951172,-4.52872896194458,8.396955490112305,-9.633500099182129
0,401752,-21.567459106445312,-14.397126197814941,-12.497222900390625,-8.647506713867188
0,401752,-27.027606964111328,3.623444080352783,-6.686305522918701,25.44650650024414
0,401752,9.626136779785156,18.414358139038086,16.713882446289062,9.033018112182617
0,401752,11.920310020446777,18.066307067871094,-4.418939590454102,-3.717139720916748
0,401753,21.73695945739746,-3.9344003200531006,-14.334308624267578,-7.327852249145508
0,401753,6.3479743003845215,-26.618947982788086,0.9102838635444641,-31.556856155395508
0,401753,-25.8706111907959,-11.210027694702148,6.5801215171813965,6.544447422027588
0,401753,-7.1368088722229,22.175954818725586,-1.3608524799346924,24.73682975769043
0,401753,5.095169544219971,11.226509094238281,-6.293214321136475,-31.09846305847168
0,401753,-0.1520715206861496,-29.812767028808594,2.1839847564697266,3.5492963790893555
0,401754,10.087803840637207,4.987695693969727,13.406464576721191,27.223623275756836
0,401755,14.937347412109375,44.122764587402344,14.412861824035645,-19.85137939453125
0,401755,-8.729074478149414,-0.2928028106689453,-3.5516726970672607,1.3159096240997314
0,401755,-12.400717735290527,-21.32021141052246,-9.117856979370117,15.561347961425781
0,401755,12.305846214294434,3.88299822807312,-4.037751197814941,3.8299620151519775
0,401756,-8.701269149780273,-0.4086463451385498,4.1273016929626465,9.062478065490723
0,401756,-3.5485174655914307,1.119265079498291,0.41497424244880676,-19.14854621887207
0,401756,8.941216468811035,-13.416019439697266,-3.6529741287231445,-23.63389778137207
0,401756,-4.16378927230835,-10.542452812194824,1.688657283782959,8.261385917663574
0,401757,9.935660362243652,17.477941513061523,-5.581038951873779,-1.2286454439163208
0,401758,8.879653930664062,-18.34174346923828,-5.298539638519287,-1.7482342720031738
0,401760,-22.676240921020508,-33.31780242919922,-11.016901969909668,11.879321098327637
0,401762,-19.78348731994629,17.24518585205078,24.048017501831055,8.048483848571777
0,401764,13.547432899475098,39.282772064208984,43.5604362487793,-20.510149002075195
0,401766,23.463489532470703,10.998546600341797,-6.912362575531006,-32.69580841064453
0,401768,-2.2129740715026855,-10.444854736328125,-29.017122268676758,42.52802658081055
0,401770,-31.403810501098633,-9.815814971923828,-18.520822525024414,57.88192367553711
0,401772,-2.839634895324707,-3.3993005752563477,11.929049491882324,-33.22174072265625
0,401774,14.329976081848145,4.219143867492676,13.995779991149902,-59.46030044555664
0,401776,25.775711059570312,22.28600311279297,-13.327014923095703,19.339155197143555
0,401778,12.44364070892334,-4.0863261222839355,-15.925210952758789,54.27616500854492
0,401780,-42.7255744934082,-45.61000061035156,13.705849647521973,-21.86956214904785
0,401782,-11.816336631774902,-7.681357383728027,9.575794219970703,-26.71914291381836
0,401784,23.54501724243164,23.18919563293457,-15.485919952392578,24.214223861694336
0,401786,8.898284912109375,25.37284278869629,12.533374786376953,16.51140785217285
0,401788,-0.8166550397872925,-3.1933352947235107,-9.721925735473633,-8.477795600891113
0,401790,-17.632503509521484,-23.128082275390625,-28.021581649780273,0.1899799406528473
0,401793,-8.963096618652344,-2.825244903564453,20.66170310974121,15.20258903503418
0,401794,14.58872127532959,-8.038260459899902,18.20148277282715,-41.77955627441406
0,401797,17.902292251586914,24.116870880126953,-7.344966411590576,-54.06406021118164
0,401990,-12.760808944702148,28.72004508972168,-22.377553939819336,51.982154846191406
0,401991,-21.35296058654785,-16.46002197265625,-13.201492309570312,54.870384216308594
0,401991,13.537023544311523,-23.402786254882812,20.696626663208008,-32.577632904052734
0,401991,9.561720848083496,-11.326186180114746,11.362979888916016,-8.978943824768066
0,401991,5.025421619415283,9.36043643951416,1.2588496208190918,0.8234204649925232
0,401991,3.926191806793213,18.893558502197266,12.09875202178955,-10.533108711242676
0,401991,-6.718297958374023,-13.378524780273438,-8.853206634521484,28.941377639770508
0,401992,-8.397207260131836,-16.954421997070312,-6.058015823364258,0.057433340698480606
0,401992,-1.2217464447021484,23.129695892333984,20.64476203918457,-25.869783401489258
0,401992,12.621984481811523,17.25048065185547,2.5761420726776123,-1.281610131263733
0,401992,-0.33958521485328674,-4.399332523345947,-11.57325267791748,8.328994750976562
0,401992,-5.137263774871826,-1.8457057476043701,6.16019344329834,14.298415184020996
0,401992,-6.7418107986450195,-2.648132085800171,5.390880107879639,-4.949889659881592
0,401993,-5.087738513946533,-8.279009819030762,-5.024381637573242,-16.098703384399414
0,401993,14.90480899810791,-14.382085800170898,-9.324727058410645,-5.926853179931641
0,401993,6.776813507080078,3.9149246215820312,-5.180397987365723,7.805533409118652
0,401993,-3.760195016860962,21.50105857849121,11.138930320739746,10.321146965026855
0,401993,-0.33978521823883057,11.257806777954102,12.731010437011719,-1.894227147102356
0,401993,-17.406349182128906,-3.1609904766082764,-0.3717458248138428,6.784331798553467
0,401994,-4.11181116104126,-18.094066619873047,-9.715558052062988,-0.3296486735343933
0,401994,20.887123107910156,-12.554708480834961,-10.085620880126953,-1.189473032951355
0,401994,1.8758525848388672,15.126046180725098,-10.465384483337402,-0.01350773312151432
0,401994,-8.215746879577637,22.216461181640625,2.4789340496063232,-28.626585006713867
0,401994,1.3451377153396606,-22.11903953552246,10.499041557312012,-16.94789695739746
0,401995,-8.066332817077637,-19.761470794677734,-11.757291793823242,22.10734748840332
0,401995,8.159919738769531,24.382644653320312,-6.03018856048584,20.950916290283203
0,401995,18.133569717407227,0.6517028212547302,15.049283981323242,-20.65714454650879
0,401995,-36.357688903808594,-19.240192413330078,-4.756288051605225,-15.856805801391602
0,401995,-13.2548189163208,8.113853454589844,-3.97868275642395,19.60188865661621
0,401995,44.94568634033203,14.513650894165039,8.631030082702637,-6.56838846206665
0,401996,2.089961528778076,-18.20450210571289,-9.924458503723145,12.430264472961426
0,401996,-36.16654586791992,-12.601649284362793,-5.503283977508545,32.37397384643555
0,401996,7.822675704956055,28.03403663635254,2.806335687637329,-25.502683639526367
0,401996,24.542387008666992,1.9002900123596191,2.4839296340942383,-30.205514907836914
0,401996,-9.23949146270752,-34.4310417175293,7.231765270233154,17.71160316467285
0,401996,-12.40084457397461,7.8521342277526855,1.887911081314087,1.812304973602295
0,401997,3.9963295459747314,24.407793045043945,0.21591922640800476,-18.574678421020508
0,401997,17.658340454101562,-13.129142761230469,-11.426091194152832,19.19525909423828
0,401997,-5.447475433349609,-26.560321807861328,11.061934471130371,-4.570533275604248
0,401997,-27.378293991088867,-3.9036004543304443,13.578296661376953,-18.41840934753418
0,401997,9.712764739990234,35.186344146728516,-14.823664665222168,22.772397994995117
0,401997,22.13261604309082,12.418718338012695,18.44175148010254,5.657672882080078
0,401998,-19.744972229003906,-10.836740493774414,-1.4412415027618408,-20.185314178466797
0,401998,-6.391460418701172,10.145164489746094,-23.628786087036133,15.801514625549316
0,401998,14.57502555847168,-7.257303714752197,9.577411651611328,27.495532989501953
0,401998,-7.752870559692383,-17.655622482299805,7.760781288146973,1.7505587339401245
0,401998,7.83784294128418,6.111158847808838,-3.292701005935669,-0.36971279978752136
0,401998,3.6462740898132324,19.41242790222168,-13.941309928894043,-6.992688179016113
0,401999,-11.549088478088379,-21.28240203857422,-7.531167030334473,-5.286763668060303
0,401999,-0.35938921570777893,-14.147529602050781,14.231449127197266,8.745927810668945
0,401999,7.175477027893066,32.178688049316406,4.2988739013671875,-16.624237060546875
0,401999,13.460844039916992,-7.3190107345581055,-9.3330078125,-18.011852264404297
0,401999,-11.501773834228516,-16.753616333007812,1.1187394857406616,25.98699378967285
0,401999,-29.38461685180664,1.8384170532226562,8.020673751831055,11.587571144104004
0,402000,8.6192626953125,-5.483150482177734,-6.994393825531006,-37.68352127075195
0,402000,20.976268768310547,-1.0151911973953247,-7.390368461608887,-14.654911994934082
0,402000,-8.972175598144531,7.422074317932129,11.511284828186035,41.97951889038086
0,402000,6.539488315582275,15.990196228027344,8.814090728759766,14.306634902954102
0,402000,11.242547988891602,4.832761287689209,-1.2334892749786377,-34.255157470703125
0,402001,-20.153060913085938,-30.647253036499023,-17.814491271972656,-6.276821613311768
0,402001,-13.88089656829834,-13.43706226348877,-0.09457417577505112,28.492366790771484
0,402001,19.5123348236084,47.32191467285156,13.377214431762695,-5.667245388031006
0,402001,15.257011413574219,21.100997924804688,-11.773168563842773,-20.800371170043945
0,402001,-10.998407363891602,-26.945070266723633,4.054286003112793,14.604147911071777
0,402001,-8.149690628051758,-27.51060676574707,7.5488152503967285,-0.2522445619106293
0,402002,5.666305065155029,-13.241004943847656,-7.9582743644714355,-10.498488426208496
0,402002,-3.9062612056732178,35.34296417236328,-1.6167855262756348,1.7318402528762817
0,402002,-18.121463775634766,22.592288970947266,-0.3251069188117981,-0.6265767812728882
0,402002,3.6654560565948486,-27.158205032348633,2.093576669692993,6.922369956970215
0,402002,23.211326599121094,-6.7292375564575195,-11.45746898651123,-0.5622586011886597
0,402002,1.7334872484207153,7.779516220092773,-9.017327308654785,17.714563369750977
0,402003,-14.751402854919434,8.790057182312012,30.4453182220459,21.837003707885742
0,402003,15.626489639282227,2.222001791000366,20.992216110229492,-30.20352554321289
0,402003,13.120951652526855,-1.858579158782959,-22.880693435668945,-23.565876007080078
0,402003,-11.525206565856934,-3.17623233795166,-1.9373036623001099,30.577144622802734
0,402003,15.647438049316406,-6.3285813331604,11.520155906677246,6.072784900665283
0,402003,0.985673189163208,16.944721221923828,-9.890317916870117,-24.536334991455078
0,402004,-23.85763931274414,5.5871710777282715,4.809964656829834,-0.44446271657943726
0,402004,7.237076282501221,2.240605354309082,-3.503497362136841,-0.43239521980285645
0,402004,-0.7228237390518188,-2.9883673191070557,0.06243227422237396,-4.445115089416504
0,402004,-14.441662788391113,-29.87099838256836,16.657026290893555,2.601905107498169
0,402004,10.417468070983887,0.8510943651199341,-7.823787689208984,-6.589343070983887
0,402004,9.4503812789917,15.147762298583984,-16.864416122436523,-7.951171398162842
0,402005,-11.3261137008667,-8.496724128723145,0.32374319434165955,20.3316650390625
0,402005,-9.511908531188965,1.206738829612732,4.310366153717041,0.4459136128425598
0,402005,3.5552048683166504,0.310770720243454,-12.819560050964355,-20.141643524169922
0,402005,-0.584538459777832,-6.257661819458008,4.07413911819458,27.477069854736328
0,402005,5.319381237030029,14.664077758789062,16.94904899597168,8.578561782836914
0,402005,-0.8885414600372314,12.690966606140137,-18.105466842651367,-23.819194793701172
0,402006,-20.795673370361328,-11.349783897399902,-19.81451416015625,6.314972400665283
0,402006,11.99078369140625,-14.824967384338379,8.397406578063965,6.877121925354004
0,402006,27.2311954498291,-2.6609513759613037,4.087545394897461,4.489819049835205
0,402006,-13.669424057006836,-3.6707358360290527,-6.898239612579346,12.472984313964844
0,402006,-13.527586936950684,2.577367067337036,-0.6423255205154419,-6.7122907638549805
0,402006,-0.5870679616928101,0.6802138090133667,1.6736961603164673,-12.86601448059082
0,402007,-8.932028770446777,-9.411884307861328,2.821946620941162,12.731955528259277
0,402007,19.850744247436523,0.2228773981332779,0.9845591187477112,6.942934036254883
0,402008,15.238993644714355,15.77785873413086,5.364622116088867,-2.6403555870056152
0,402008,-13.35781478881836,5.025737762451172,14.411548614501953,2.2769927978515625
0,402008,-7.369449615478516,-13.693467140197754,-0.44479572772979736,-23.241201400756836
0,402009,-4.592231273651123,-0.05867835879325867,-5.551726818084717,-8.319626808166504
0,402009,4.069148063659668,18.382495880126953,20.161121368408203,13.432106971740723
0,402009,19.68073081970215,16.34098243713379,6.034693241119385,-21.754638671875
0,402009,4.273024559020996,-18.36878776550293,-16.606813430786133,-12.136157035827637
0,402009,-28.640522003173828,-14.35821533203125,7.9739813804626465,9.958819389343262
0,402009,-7.126801013946533,18.881067276000977,-9.37070083618164,-9.518224716186523
0,402011,24.00250816345215,-4.407958984375,-11.824686050415039,-22.26621437072754
0,402012,10.435529708862305,-1.7015392780303955,21.791955947875977,-33.4977912902832
0,402013,-3.5563225746154785,11.287455558776855,-10.020588874816895,50.49921798706055
0,402016,-13.392333030700684,-13.760663986206055,-25.387102127075195,77.81864166259766
0,402017,-14.740278244018555,-8.827813148498535,29.56083106994629,-28.614852905273438
0,402020,6.453403949737549,-15.483895301818848,17.045732498168945,-18.738554000854492
0,402021,8.091824531555176,-8.112639427185059,-31.916921615600586,14.916054725646973
0,402024,-1.1749616861343384,38.50225830078125,9.436056137084961,-6.127427101135254
0,402025,2.717874050140381,27.151779174804688,-2.2077744007110596,24.948781967163086
0,402028,-2.259322166442871,-35.82216262817383,3.2505874633789062,36.4212532043457
0,402029,-1.5143303871154785,-25.926849365234375,59.94820022583008,-40.20039749145508
0,402032,3.4242703914642334,29.738264083862305,-5.160366058349609,-58.49946975708008
0,402034,9.686129570007324,20.936126708984375,-55.51285934448242,-7.7227582931518555
0,402036,-7.415831089019775,-14.359150886535645,-20.10016632080078,33.023799896240234
0,402038,-2.786383628845215,-17.399734497070312,-0.28882932662963867,31.352466583251953
0,402040,3.5351197719573975,4.473097324371338,14.245538711547852,-28.926942825317383
0,402042,-22.293607711791992,0.8998001217842102,36.19169235229492,-19.19824981689453
0,402044,7.622569561004639,1.271276593208313,-28.501506805419922,7.40565299987793
0,402046,10.240195274353027,-6.3722405433654785,-83.09793090820312,12.735990524291992
0,402049,-9.449838638305664,-10.176215171813965,4.3297295570373535,49.68070983886719
0,402242,5.163365840911865,8.488369941711426,79.56804656982422,-12.695683479309082
0,402242,-6.71061372756958,3.4279696941375732,32.08609390258789,-55.78895568847656
0,402242,-5.815759181976318,6.326831340789795,-28.989164352416992,23.52191162109375
0,402243,20.44636344909668,-9.339775085449219,-21.581825256347656,17.046911239624023
0,402243,1.9389889240264893,-12.897991180419922,1.7050002813339233,-19.79344367980957
0,402243,-23.205549240112305,20.96075439453125,18.580581665039062,-1.4503165483474731
0,402243,14.081006050109863,28.199613571166992,7.484827518463135,10.653841972351074
0,402243,12.376426696777344,-11.87785530090332,-16.97654151916504,6.310561656951904
0,402243,-15.017400741577148,-32.61798095703125,-4.876888275146484,-2.247636556625366
0,402244,5.5691022872924805,9.65323543548584,8.723687171936035,-6.184020042419434
0,402244,7.480285167694092,12.663581848144531,-13.998297691345215,-7.260395050048828
0,402244,-0.19821715354919434,-11.542560577392578,-9.77901554107666,5.302232265472412
0,402244,-8.287398338317871,6.315117835998535,18.589191436767578,-23.868499755859375
0,402244,-2.979682207107544,4.562589168548584,-8.808608055114746,-7.600492477416992
0,402244,12.80490493774414,-5.763892650604248,4.16466760635376,38.8543815612793
0,402245,-2.141040802001953,-0.004577984102070332,21.014320373535156,-35.15316390991211
0,402245,-2.8377957344055176,-6.391313552856445,-21.99213218688965,-30.114295959472656
0,402245,3.760014772415161,-1.65827214717865,-4.8781418800354,35.11600112915039
0,402245,-10.711912155151367,17.389921188354492,16.2939510345459,-4.732072353363037
0,402245,-4.266043186187744,16.226551055908203,0.5699006915092468,-2.3804707527160645
0,402246,14.336543083190918,-5.675620079040527,2.737687110900879,10.073697090148926
0,402246,4.152030944824219,-16.754281997680664,-3.824547052383423,-12.369080543518066
0,402246,-3.717968463897705,-4.399338245391846,-2.6449737548828125,18.037343978881836
0,402246,-8.67930793762207,-0.6290522217750549,-0.47789180278778076,36.7317008972168
0,402246,-13.121084213256836,-0.4586417078971863,2.8582763671875,6.619193077087402
0,402246,13.29017448425293,19.490352630615234,6.1216511726379395,-17.21068000793457
0,402247,18.076148986816406,10.387649536132812,-6.642804145812988,-22.171415328979492
0,402247,-0.32677221298217773,-22.438392639160156,9.660481452941895,1.0648201704025269
0,402247,-23.250083923339844,-16.30280876159668,6.926390647888184,19.320755004882812
0,402247,-6.893944263458252,15.504104614257812,-6.680736541748047,8.0502290725708
0,402247,29.564613342285156,-4.169073104858398,-7.586619853973389,-7.965392112731934
0,402247,-1.4095450639724731,-19.001976013183594,-17.180606842041016,-13.546517372131348
0,402248,-21.105972290039062,12.43932819366455,-2.0590550899505615,21.670658111572266
0,402248,-4.182121276855469,12.19372844696045,7.164712429046631,14.230036735534668
0,402248,7.463984489440918,-8.30855941772461,-2.2819228172302246,-20.45128631591797
0,402248,6.444461345672607,-1.029735803604126,-4.279002666473389,-20.19390106201172
0,402248,-10.008925437927246,11.808220863342285,-7.8125529289245605,-17.559141159057617
0,402248,-1.955773115158081,-7.093967914581299,1.3940759897232056,11.387415885925293
0,402249,-3.179429769515991,-23.539052963256836,12.835078239440918,27.92862892150879
0,402249,-7.190371990203857,1.9712506532669067,-0.6935555934906006,5.061448574066162
0,402249,16.59524917602539,15.170560836791992,-13.87489128112793,-19.492563247680664
0,402249,-7.760042667388916,-2.6866865158081055,-12.07171630859375,-6.688019752502441
0,402249,-11.804819107055664,4.359449863433838,12.150307655334473,19.19222068786621
0,402249,25.664318084716797,6.065866470336914,36.433570861816406,16.95496368408203
0,402250,15.410248756408691,-3.8418850898742676,5.839041233062744,4.983757019042969
0,402250,-18.24917221069336,-2.021822452545166,-16.061275482177734,-1.855169653892517
0,402250,-10.638894081115723,11.372097969055176,18.578845977783203,-11.851360321044922
0,402250,32.1690559387207,9.671804428100586,12.362345695495605,-23.859481811523438
0,402250,10.91269302368164,-7.822533130645752,-21.17273712158203,-5.358266353607178
0,402250,-18.21242332458496,13.025640487670898,-5.447598934173584,13.315372467041016
0,402251,3.8681366443634033,10.650792121887207,17.268037796020508,-11.589300155639648
0,402251,5.546594619750977,-17.6408634185791,-3.208155632019043,-10.538384437561035
0,402251,-11.73686695098877,-3.6868388652801514,-9.441940307617188,-14.841697692871094
0,402251,-4.3251261711120605,0.23907852172851562,2.24457049369812,-20.188852310180664
0,402251,11.75450325012207,-5.296255111694336,-5.833901405334473,30.17618751525879
0,402251,-22.467878341674805,-3.223902702331543,-8.110932350158691,19.549177169799805
0,402252,-15.222818374633789,-2.8278894424438477,-1.7369685173034668,-25.050613403320312
0,402252,24.562421798706055,6.025302886962891,9.61286735534668,-3.3218796253204346
0,402252,-21.648080825805664,-1.1345570087432861,0.31344762444496155,19.347352981567383
0,402252,-6.236994743347168,-20.5130672454834,-9.69907283782959,5.81039571762085
0,402252,16.10565185546875,-3.351437568664551,-5.740453720092773,12.544578552246094
0,402252,-14.487320899963379,16.2677001953125,-11.83264446258545,5.750545024871826
0,402253,14.803051948547363,-2.6809728145599365,1.4285669326782227,-35.23866653442383
0,402253,12.571038246154785,-5.418423652648926,12.18600845336914,-14.924328804016113
0,402253,-7.054487228393555,2.059115171432495,-9.783684730529785,23.104162216186523
0,402253,-12.507076263427734,4.870345592498779,-9.241842269897461,9.000720977783203
0,402253,1.9413741827011108,6.3754167556762695,5.04666805267334,-4.2336201667785645
0,402253,21.69389533996582,6.576072692871094,16.627899169921875,-2.5926599502563477
0,402254,4.766681671142578,-9.448326110839844,12.976300239562988,16.65636444091797
0,402254,-8.009045600891113,-1.7094132900238037,-7.362039566040039,12.409022331237793
0,402254,-13.193984031677246,26.763519287109375,10.854430198669434,-18.969423294067383
0,402254,-8.559494018554688,-1.6350103616714478,14.599455833435059,0.29015809297561646
0,402254,11.8662109375,-21.943872451782227,-19.211009979248047,28.96975326538086
0,402254,4.245750427246094,-7.675942897796631,-16.07216453552246,0.9073285460472107
0,402255,-6.686057090759277,2.7919137477874756,15.637140274047852,-23.706707000732422
0,402255,23.85582733154297,2.6754252910614014,5.925327777862549,-5.907320976257324
0,402255,-5.116426944732666,-14.396596908569336,-22.59991455078125,8.86872386932373
0,402255,-31.182342529296875,4.939416408538818,-1.1549750566482544,-5.618948936462402
0,402255,14.279820442199707,29.62991714477539,7.4340386390686035,-9.891914367675781
0,402255,-6.238979339599609,-17.295372009277344,-14.054900169372559,6.486108779907227
0,402256,-17.648927688598633,-30.180105209350586,3.6455304622650146,-13.645545959472656
0,402256,29.2589111328125,20.86319923400879,10.70687484741211,7.829782485961914
0,402256,4.7038702964782715,14.15855884552002,-8.924365997314453,25.206602096557617
0,402256,-17.383899688720703,-13.625703811645508,0.5874583721160889,-33.491207122802734
0,402256,10.854181289672852,-10.796284675598145,19.490436553955078,-8.802316665649414
0,402256,-2.4000167846679688,2.9503376483917236,0.18137907981872559,16.677600860595703
0,402257,-8.55833911895752,13.627716064453125,-20.457462310791016,-0.20288825035095215
0,402257,-3.66072940826416,-2.3657121658325195,10.461313247680664,10.967089653015137
0,402257,-11.11999225616455,-10.75924301147461,21.392364501953125,-0.48152482509613037
0,402257,14.3059663772583,4.764481067657471,-14.437782287597656,-8.373953819274902
0,402257,16.914630889892578,12.44942569732666,-4.9180908203125,7.153489112854004
0,402258,-10.924861907958984,-12.75092601776123,9.87044906616211,19.04591941833496
0,402258,0.6638069748878479,-5.4621477127075195,4.985167503356934,-20.197917938232422
0,402258,6.572783470153809,11.779672622680664,9.137296676635742,-9.23675537109375
0,402258,-7.790152072906494,2.0931081771850586,-17.56932830810547,18.16558837890625
0,402258,9.800156593322754,13.276123046875,-23.136703491210938,-21.2841739654541
0,402258,7.985617160797119,-4.108269214630127,-3.329190492630005,-16.882179260253906
0,402260,-10.09716510772705,-11.719048500061035,1.2954314947128296,-2.2837953567504883
0,402260,-8.250781059265137,-0.5988010168075562,-6.139036178588867,6.9692487716674805
0,402260,-2.65328311920166,4.679975986480713,1.0768530368804932,12.854926109313965
0,402260,7.227563858032227,14.025238037109375,17.629209518432617,-8.511895179748535
0,402260,13.965611457824707,-17.339073181152344,-4.980093955993652,-3.475008010864258
0,402260,-7.762514114379883,-4.6104888916015625,3.206561803817749,9.961246490478516
0,402261,-12.535386085510254,25.41816520690918,23.414260864257812,9.832706451416016
0,402261,10.328202247619629,-10.401233673095703,-9.216959953308105,-0.4512043595314026
0,402261,3.4758799076080322,-19.276662826538086,-15.431794166564941,-11.136834144592285
0,402262,4.499458312988281,13.128743171691895,21.635461807250977,29.539762496948242
0,402264,17.146583557128906,29.439760208129883,18.321104049682617,30.942129135131836
0,402266,-7.385589599609375,-6.366740703582764,-38.46703338623047,-11.797648429870605
0,402268,-31.101028442382812,-25.06452751159668,-15.947309494018555,-11.54110050201416
0,402270,5.306067943572998,-0.5115084648132324,25.53489875793457,-5.632395267486572
0,402272,16.59762954711914,8.704939842224121,-9.025846481323242,-8.877025604248047
0,402274,-17.77720069885254,14.864723205566406,-12.50376033782959,-15.879096031188965
0,402276,-8.000035285949707,-4.142214298248291,11.502288818359375,12.691849708557129
0,402278,-0.547652542591095,-32.53799057006836,5.406500816345215,5.881441593170166
0,402280,-6.797123432159424,-10.373136520385742,-1.6072591543197632,-28.203561782836914
0,402282,10.617448806762695,13.09826946258545,12.918609619140625,8.750276565551758
0,402284,10.40459156036377,17.360727310180664,0.6138380169868469,9.632055282592773
0,402286,-1.4855906963348389,3.982417106628418,-23.736974716186523,-18.94565773010254
0,402288,-0.30095964670181274,-32.588111877441406,-12.237530708312988,17.0318546295166
0,402291,-7.221807956695557,0.03506159409880638,18.199695587158203,29.08574104309082
0,402292,0.41100335121154785,21.81546974182129,27.118967056274414,-14.668987274169922
0,402295,28.90910530090332,21.45883560180664,-0.3030516505241394,-61.0711555480957
0,402296,-1.5878489017486572,13.288578987121582,-12.095070838928223,-14.927353858947754
0,402299,-29.65003204345703,-45.735313415527344,-3.162871837615967,61.27985763549805
0,402300,1.0421922206878662,-13.932317733764648,-14.708927154541016,12.898585319519043
0,402301,2.1949102878570557,16.873220443725586,-3.347661018371582,-13.396891593933105
0,402495,10.15147590637207,6.078309535980225,-2.0446126461029053,-0.81791752576828
0,402495,5.228757381439209,15.668574333190918,-1.2883658409118652,3.6631736755371094
0,402495,-8.833344459533691,-13.335227966308594,13.527036666870117,-0.33125945925712585
0,402495,9.618155479431152,-2.563936471939087,-9.15961742401123,-27.570924758911133
0,402496,-7.566772937774658,-2.4926209449768066,-1.0518438816070557,27.330169677734375
0,402496,-14.205491065979004,-10.99566650390625,10.182352066040039,29.349552154541016
0,402496,15.860516548156738,14.773279190063477,-6.19105339050293,-16.747346878051758
0,402496,12.799290657043457,7.798247814178467,0.8133900761604309,3.96864652633667
0,402496,-12.592267036437988,16.19910430908203,4.8734660148620605,-7.135507106781006
0,402496,-1.1661373376846313,-9.375530242919922,7.04088020324707,-14.796024322509766
0,402497,4.246465682983398,-21.268709182739258,11.472079277038574,10.587199211120605
0,402497,0.9925240874290466,15.84328842163086,0.23330067098140717,3.3791043758392334
0,402497,-1.7165956497192383,3.5804500579833984,8.544509887695312,-45.12266159057617
0,402497,-25.82977867126465,-17.74016571044922,0.3640919029712677,-1.7115979194641113
0,402497,9.20669937133789,-2.7987358570098877,-28.913463592529297,53.349613189697266
0,402497,32.0859375,23.827035903930664,-7.926688194274902,-3.4796907901763916
0,402498,-18.50609016418457,-9.639212608337402,20.01657485961914,-22.669361114501953
0,402498,-21.80302619934082,-37.86445617675781,-4.223944664001465,1.9360268115997314
0,402498,3.3996143341064453,10.426664352416992,-14.902557373046875,5.7724127769470215
0,402498,10.266030311584473,33.4388427734375,5.012451171875,-12.324548721313477
0,402498,8.159459114074707,1.3652864694595337,4.515182971954346,-1.2715089321136475
0,402499,-12.005410194396973,-19.030128479003906,0.9537156224250793,13.267741203308105
0,402499,8.639542579650879,1.219602346420288,7.764615535736084,-18.483562469482422
0,402499,24.174484252929688,2.8444790840148926,-3.927198648452759,-0.42141881585121155
0,402499,-31.31370735168457,-17.717212677001953,-17.374114990234375,28.944759368896484
0,402499,-16.229087829589844,3.4331138134002686,7.691565990447998,5.84923791885376
0,402499,38.70713806152344,23.90899658203125,18.283721923828125,-10.080231666564941
0,402500,12.732284545898438,2.100522518157959,-6.794590950012207,-11.575666427612305
0,402500,-13.878617286682129,-1.1936297416687012,-7.090113162994385,16.163816452026367
0,402500,-7.843039512634277,16.381696701049805,13.276657104492188,16.434221267700195
0,402500,6.501672267913818,-6.820322513580322,2.6432628631591797,-25.592269897460938
0,402500,0.6498012542724609,-25.76909828186035,-12.858779907226562,6.721958637237549
0,402500,-9.387011528015137,7.051570415496826,2.367213010787964,19.25094223022461
0,402501,0.06868664920330048,13.520771026611328,0.20087485015392303,-15.401252746582031
0,402501,-9.262974739074707,-5.612898349761963,-10.064678192138672,-4.7693963050842285
0,402501,-7.108158588409424,-6.23341178894043,-5.499905109405518,-2.589653730392456
0,402501,10.651132583618164,-8.850375175476074,-3.385854482650757,4.639426231384277
0,402501,-5.262998580932617,-14.858014106750488,1.5017844438552856,16.281497955322266
0,402501,-8.840788841247559,-2.0557000637054443,-0.888999879360199,-5.116914749145508
0,402502,4.988403797149658,12.266018867492676,7.599039554595947,-19.825206756591797
0,402502,-10.952166557312012,3.1273179054260254,11.005276679992676,10.93875789642334
0,402502,8.160959243774414,1.7138965129852295,-12.55543327331543,-5.367931842803955
0,402502,17.307649612426758,2.3215510845184326,-6.0809478759765625,-25.611732482910156
0,402502,-16.045883178710938,6.950920104980469,18.46367073059082,6.370481014251709
0,402502,6.704177379608154,4.003496170043945,-7.803255081176758,2.977517604827881
0,402503,10.026078224182129,3.8303518295288086,-14.566370010375977,0.783304750919342
0,402503,-0.9089598655700684,16.413021087646484,14.231921195983887,-17.508838653564453
0,402503,-3.0147063732147217,-16.875585556030273,5.142240047454834,-10.845962524414062
0,402503,-26.696483612060547,-25.37386703491211,15.856340408325195,27.836278915405273
0,402503,18.304954528808594,31.281740188598633,5.621733665466309,10.440743446350098
0,402503,40.31517028808594,24.715755462646484,-22.156436920166016,-19.25727653503418
0,402504,-7.421509265899658,-23.35660743713379,11.279163360595703,7.894585132598877
0,402504,-9.541403770446777,-1.0433422327041626,25.81769561767578,18.828121185302734
0,402504,-1.936059832572937,2.4693515300750732,-0.42651620507240295,-8.07244873046875
0,402504,-7.347775459289551,-14.614770889282227,-15.683137893676758,16.925504684448242
0,402504,10.539090156555176,12.121301651000977,-2.213163375854492,20.273529052734375
0,402504,-1.22722327709198,0.5546388626098633,4.451536655426025,-14.570516586303711
0,402505,-18.222972869873047,0.39489272236824036,-4.580081939697266,-6.100029945373535
0,402505,6.078492641448975,-11.422674179077148,6.893351078033447,-0.16336584091186523
0,402505,6.800397872924805,-14.563331604003906,4.234841823577881,0.5559121966362
0,402505,0.8344861268997192,26.364408493041992,-26.633211135864258,5.411657810211182
0,402505,-4.7049880027771,-10.683694839477539,-20.748977661132812,-18.798938751220703
0,402505,-15.66274356842041,-13.468637466430664,7.687129497528076,-1.2276978492736816
0,402506,-0.9382222294807434,17.07139778137207,2.446211576461792,19.918785095214844
0,402506,11.199544906616211,4.17257833480835,-1.9446918964385986,-17.477041244506836
0,402506,-1.221113681793213,-2.043466567993164,1.2528843879699707,-30.531444549560547
0,402506,-6.394597053527832,-17.698577880859375,-10.954944610595703,7.876689910888672
0,402506,5.403804302215576,-9.927824020385742,-13.772857666015625,22.670555114746094
0,402506,7.818774223327637,21.22064971923828,14.22874641418457,-11.91810417175293
0,402507,3.566160202026367,-6.222264766693115,17.107830047607422,-24.2838191986084
0,402507,-4.461979389190674,-33.8738899230957,-22.29557991027832,12.754843711853027
0,402507,-3.988722085952759,18.808147430419922,5.56467342376709,23.581695556640625
0,402507,-14.149307250976562,23.071163177490234,28.35341453552246,-7.20755672454834
0,402507,-1.382205605506897,-22.266250610351562,-18.434539794921875,-5.385493755340576
0,402507,23.085554122924805,2.7581279277801514,-2.784196138381958,-14.70279598236084
0,402508,0.07802020758390427,-1.9724684953689575,22.959623336791992,-2.0441734790802
0,402508,-10.127066612243652,-16.197973251342773,-6.3649163246154785,41.75093078613281
0,402508,-10.13258171081543,33.09498977661133,-4.95235538482666,5.353894233703613
0,402508,3.9470276832580566,37.06230926513672,6.044680595397949,-24.05449676513672
0,402508,19.114511489868164,-21.398929595947266,-3.39870285987854,11.381028175354004
0,402509,-6.147187232971191,-32.652706146240234,5.130258560180664,14.288714408874512
0,402509,-14.159631729125977,22.8066349029541,2.5941197872161865,-14.317325592041016
0,402509,-6.599143981933594,19.480222702026367,-11.047680854797363,2.078265905380249
0,402509,14.524579048156738,-10.003170013427734,-5.630770683288574,9.75220775604248
0,402509,24.266555786132812,-4.122213363647461,9.714292526245117,-9.17940902709961
0,402509,-7.294599533081055,-21.97816276550293,-4.38394832611084,6.4512457847595215
0,402510,-16.432435989379883,-20.46561622619629,-11.889981269836426,13.294990539550781
0,402510,-3.8244545459747314,27.078575134277344,4.414334297180176,-23.807987213134766
0,402510,11.65408706665039,15.874756813049316,-8.200901985168457,-32.48265075683594
0,402510,-5.7179131507873535,-19.93654441833496,-2.670297384262085,8.791062355041504
0,402510,-24.054075241088867,10.102554321289062,4.339189529418945,-6.744960784912109
0,402510,1.0592968463897705,-15.445771217346191,3.195544958114624,-18.97808074951172
0,402511,9.649395942687988,-20.403549194335938,16.68112564086914,14.059553146362305
0,402511,14.102660179138184,33.57307815551758,6.777437210083008,3.6291415691375732
0,402511,1.1986290216445923,9.595427513122559,-9.706464767456055,4.534127235412598
0,402511,-7.547382354736328,0.7465482354164124,2.608032703399658,14.465370178222656
0,402512,9.000894546508789,-3.101471185684204,-2.001030921936035,12.528674125671387
0,402513,12.961176872253418,-14.627277374267578,-15.759984970092773,14.152180671691895
0,402513,2.9941842555999756,21.88211441040039,8.026902198791504,-11.623340606689453
0,402513,-13.1347017288208,8.961434364318848,0.2957710325717926,-1.9899625778198242
0,402513,-13.966262817382812,-18.621850967407227,-4.318516254425049,19.18567657470703
0,402513,8.979666709899902,0.7647161483764648,12.029297828674316,-9.353042602539062
0,402513,8.763628959655762,-15.151905059814453,-4.486398220062256,-4.418066501617432
0,402513,-11.858126640319824,-7.927387714385986,1.108343482017517,13.044975280761719
0,402514,4.16241455078125,14.609813690185547,13.304961204528809,-13.740544319152832
0,402515,-6.612757682800293,-9.327945709228516,-17.708276748657227,-13.994380950927734
0,402516,-27.89442253112793,12.211335182189941,-4.240102291107178,-13.02651596069336
0,402518,16.89295196533203,14.161444664001465,32.84500503540039,-25.1458740234375
0,402520,27.96903419494629,-20.925128936767578,22.82167625427246,7.361379146575928
0,402522,-27.696256637573242,-2.5342392921447754,-12.248522758483887,19.796173095703125
0,402524,-17.83367347717285,1.104453206062317,-51.15141677856445,30.008554458618164
0,402526,45.629703521728516,3.3057947158813477,-4.821830749511719,6.6330952644348145
0,402528,-3.7920167446136475,3.281156301498413,23.14054298400879,-44.073158264160156
0,402530,-29.652786254882812,-11.966887474060059,-24.777835845947266,-18.868053436279297
0,402532,29.52586555480957,8.655461311340332,2.672882080078125,37.41672897338867
0,402534,8.353147506713867,20.3085994720459,8.541077613830566,101.89656066894531
0,402536,-12.43166446685791,-12.848915100097656,-18.049402236938477,-45.71842575073242
0,402538,-10.8087739944458,-16.850107192993164,28.603303909301758,-153.073486328125
0,402540,-7.724730968475342,23.13141632080078,25.95311164855957,53.55128860473633
0,402542,14.47636604309082,-9.762359619140625,-8.546246528625488,66.27455139160156
0,402544,19.40133285522461,-9.515101432800293,12.652066230773926,-12.263985633850098
0,402546,-12.326822280883789,28.852617263793945,-3.0987226963043213,7.5697503089904785
0,402548,-6.787342548370361,0.9496621489524841,-21.66189193725586,-14.930509567260742
0,402550,2.873591423034668,-11.467506408691406,8.008877754211426,-3.0648422241210938
0,402553,-9.824463844299316,-3.6946868896484375,-13.097185134887695,7.41707706451416
0,402745,14.1290864944458,10.470868110656738,13.328069686889648,-10.809292793273926
0,402745,6.6312031745910645,16.781911849975586,37.52495193481445,-4.245455741882324
0,402745,-6.792852401733398,-4.8978495597839355,-37.006446838378906,19.821176528930664
0,402746,-5.083393573760986,-15.842429161071777,-24.745458602905273,6.19634485244751
0,402746,5.333619117736816,-13.241174697875977,12.338265419006348,4.228082180023193
0,402746,7.229879379272461,-7.136331558227539,-15.792713165283203,-3.850477933883667
0,402746,-28.189054489135742,0.9963354468345642,-1.539559245109558,-5.897317886352539
0,402746,-9.559673309326172,1.9491106271743774,20.14920425415039,12.479104995727539
0,402747,15.81412124633789,1.046014428138733,-8.573101043701172,-10.806583404541016
0,402747,-1.1335779428482056,6.23405122756958,2.241549015045166,-9.106595993041992
0,402747,8.436166763305664,-5.658489227294922,-0.8067582249641418,-9.972648620605469
0,402747,-4.8107099533081055,-19.081571578979492,-24.830989837646484,7.4598388671875
0,402747,-13.531344413757324,12.277992248535156,14.960972785949707,13.825155258178711
0,402747,-2.2866437435150146,20.929950714111328,5.319427013397217,-27.379474639892578
0,402748,-2.7913119792938232,-5.592660427093506,-14.537349700927734,1.5225346088409424
0,402748,19.342172622680664,-13.20891284942627,25.335535049438477,15.784904479980469
0,402748,12.173218727111816,7.906508445739746,4.777769088745117,-26.974681854248047
0,402748,-13.995943069458008,-6.425359725952148,-16.455385208129883,-4.629225254058838
0,402748,-1.1990338563919067,-17.793914794921875,15.713000297546387,25.98303985595703
0,402748,1.593979001045227,20.213571548461914,0.2964383661746979,-13.392646789550781
0,402749,-16.195064544677734,4.798053741455078,-11.693305015563965,0.3599758744239807
0,402749,5.655059814453125,-1.6000714302062988,7.982837677001953,20.908132553100586
0,402749,22.695661544799805,1.8970935344696045,-14.226485252380371,-9.247495651245117
0,402749,-8.521333694458008,-20.979965209960938,-7.889792442321777,-3.391885757446289
0,402749,3.9691002368927,15.254216194152832,21.26634407043457,12.590407371520996
0,402749,23.562299728393555,25.206661224365234,-11.912994384765625,-4.265473365783691
0,402750,-11.0388765335083,-28.568153381347656,-8.968155860900879,-23.48739242553711
0,402750,-13.818047523498535,-3.4505698680877686,16.569557189941406,-2.785470962524414
0,402750,-1.1853033304214478,24.595434188842773,6.216818332672119,-0.37526935338974
0,402750,-8.228671073913574,-8.4732084274292,12.119954109191895,24.11110496520996
0,402750,-1.9790294170379639,6.661923408508301,8.691520690917969,26.169519424438477
0,402750,13.341817855834961,-4.6712470054626465,-23.755619049072266,-46.30696105957031
0,402751,8.554637908935547,-17.443355560302734,-7.663650035858154,7.701013565063477
0,402751,-16.02423095703125,20.17188835144043,26.331514358520508,37.2437858581543
0,402751,-7.638828754425049,20.218414306640625,-4.7776288986206055,-21.535396575927734
0,402751,6.785797595977783,-14.288496017456055,-8.869044303894043,8.490378379821777
0,402751,-3.0277228355407715,-12.954591751098633,5.711404323577881,4.8847455978393555
0,402751,15.486495018005371,8.695880889892578,-18.76921844482422,-12.171941757202148
0,402752,8.826281547546387,-16.111190795898438,2.5235793590545654,-2.19785737991333
0,402752,-19.45695686340332,-10.006241798400879,1.8994042873382568,-22.08355712890625
0,402752,-4.757608413696289,3.137214183807373,-30.305383682250977,3.278984785079956
0,402752,3.7545769214630127,-7.257517337799072,20.786298751831055,9.729984283447266
0,402752,9.262773513793945,14.457738876342773,14.343667984008789,-17.549049377441406
0,402752,-5.6843037605285645,-6.530886173248291,-29.610578536987305,23.145549774169922
0,402753,-9.3859281539917,5.354305267333984,9.328651428222656,19.039342880249023
0,402753,9.87694263458252,10.971341133117676,28.631872177124023,-11.344389915466309
0,402753,4.1537346839904785,-14.49364948272705,-7.0678510665893555,5.81002140045166
0,402753,-1.5069682598114014,16.486238479614258,-8.947661399841309,1.2043988704681396
0,402753,-9.398818016052246,7.693877696990967,28.882095336914062,-8.361897468566895
0,402754,3.7923994064331055,9.709753036499023,2.323120594024658,-11.472908973693848
0,402754,8.020750045776367,3.2693631649017334,-17.820905685424805,2.1867244243621826
0,402754,-7.2387213706970215,-20.34282875061035,15.37803840637207,11.974581718444824
0,402754,-3.20379638671875,-12.61169719696045,-8.474720001220703,-8.972675323486328
0,402754,4.011443614959717,-2.8378262519836426,-28.47606086730957,-7.130048751831055
0,402754,-10.306123733520508,-4.42343282699585,-0.30476126074790955,-1.2923147678375244
0,402755,-15.55095100402832,-3.341630697250366,12.122185707092285,-19.13656234741211
0,402755,25.71953582763672,16.337133407592773,-5.069422245025635,4.689643859863281
0,402755,7.636355400085449,4.825243949890137,-18.154895782470703,22.448944091796875
0,402755,-36.059444427490234,-17.379728317260742,13.132975578308105,9.384458541870117
0,402755,12.386702537536621,1.7358427047729492,9.465458869934082,-10.907135963439941
0,402755,29.20151710510254,12.477479934692383,0.17116062343120575,2.671297550201416
0,402756,-6.928256988525391,-9.585411071777344,14.31317138671875,17.18388557434082
0,402756,-11.90645694732666,12.470345497131348,-19.54079818725586,-22.5156307220459
0,402756,-2.1614363193511963,-10.033466339111328,-8.116656303405762,-10.155888557434082
0,402756,-3.18743634223938,-13.806848526000977,24.13361930847168,7.89990234375
0,402756,7.357567310333252,37.242462158203125,-0.9582968354225159,17.426427841186523
0,402756,17.450725555419922,3.0886969566345215,-0.017956912517547607,15.172260284423828
0,402757,-10.522780418395996,-21.17955207824707,-9.548240661621094,-32.258052825927734
0,402757,-6.647250175476074,-10.723936080932617,-10.712560653686523,-7.504211902618408
0,402757,10.477313995361328,-5.734715461730957,9.810298919677734,39.69009017944336
0,402757,-3.607556104660034,5.111852169036865,-7.714724540710449,-16.093868255615234
0,402757,6.455143451690674,20.49820899963379,11.602084159851074,-33.42774963378906
0,402757,-3.697120428085327,-4.313619613647461,-1.73887038230896,37.64365768432617
0,402758,-7.514675140380859,-22.363292694091797,-10.942985534667969,30.136098861694336
0,402758,25.36956024169922,19.707443237304688,24.607440948486328,-31.395925521850586
0,402758,-4.2603254318237305,7.572407245635986,-3.5485973358154297,-32.868839263916016
0,402758,-33.703956604003906,-27.69871711730957,-16.488439559936523,9.103885650634766
0,402758,-2.2110297679901123,6.674586296081543,-5.438719749450684,9.729817390441895
0,402758,18.768423080444336,13.986894607543945,10.346209526062012,-16.513444900512695
0,402759,-2.6637632846832275,-2.7291948795318604,19.443578720092773,14.054000854492188
0,402759,-12.153428077697754,3.8521950244903564,-10.287825584411621,24.62412452697754
0,402759,1.859571933746338,2.8854990005493164,-13.175065040588379,-10.592447280883789
0,402759,2.271982431411743,-5.245830535888672,3.774862766265869,13.997904777526855
0,402759,5.902400493621826,-4.397862911224365,-5.032573699951172,1.1621778011322021
0,402759,9.322175025939941,8.413317680358887,-5.83132791519165,-38.94731521606445
0,402760,-2.5972111225128174,-7.5273823738098145,17.010517120361328,19.287290573120117
0,402760,-7.034552097320557,-6.818085193634033,12.844676971435547,17.949831008911133
0,402760,4.726710796356201,9.820724487304688,-19.014972686767578,-35.684139251708984
0,402760,-2.0521459579467773,1.0567851066589355,-16.193294525146484,2.814089775085449
0,402760,-16.580076217651367,-7.203485488891602,11.832537651062012,17.07753562927246
0,402760,21.268829345703125,2.1674654483795166,9.443376541137695,-16.737829208374023
0,402761,29.192869186401367,13.19789981842041,5.183145523071289,0.9362435340881348
0,402761,-17.519817352294922,-0.8976523876190186,0.12441989779472351,-4.7244367599487305
0,402761,-18.064029693603516,-4.675682544708252,-3.819838762283325,-8.573124885559082
0,402761,-3.699613332748413,9.09759521484375,16.160940170288086,23.323694229125977
0,402761,7.381050109863281,5.461484432220459,12.146988868713379,-9.74873161315918
0,402763,-4.283124923706055,-20.505596160888672,-7.363258361816406,-3.5462894439697266
0,402763,-3.6873624324798584,2.4282050132751465,-9.329261779785156,14.897772789001465
0,402763,15.291794776916504,22.35616683959961,-3.745884418487549,12.564318656921387
0,402763,-5.7908854484558105,-5.76956033706665,-1.6556569337844849,9.191129684448242
0,402763,-18.721424102783203,7.445703983306885,6.000557899475098,-25.78535270690918
0,402763,-4.878540992736816,-11.721272468566895,-1.5199512243270874,-0.27223435044288635
0,402764,24.699434280395508,-23.90275764465332,-16.09679412841797,-0.09080088138580322
0,402764,3.5969293117523193,-4.481058597564697,-10.151022911071777,-17.298776626586914
0,402764,-25.29254913330078,8.968016624450684,-13.31983757019043,23.080242156982422
0,402765,7.049812316894531,25.614055633544922,-0.22703935205936432,14.69571304321289
0,402765,8.341514587402344,-10.16667652130127,17.235183715820312,-11.06478500366211
0,402768,3.9146132469177246,9.698776245117188,27.245698928833008,0.32938912510871887
0,402769,13.736351013183594,-8.455473899841309,-2.1416585445404053,-10.190485954284668
0,402772,-6.843245029449463,-45.625160217285156,-55.32292938232422,-15.418025016784668
0,402773,-21.965354919433594,44.98725509643555,-4.718263626098633,-25.26694107055664
0,402776,11.17308235168457,11.492026329040527,40.400482177734375,14.675286293029785
0,402777,30.28527069091797,-46.99006652832031,19.122835159301758,58.14118576049805
0,402780,-14.327496528625488,15.11845874786377,2.8319907188415527,-19.204973220825195
0,402782,-31.818307876586914,-3.9481618404388428,-21.733652114868164,-10.53039836883545
0,402784,-5.259329795837402,-25.707162857055664,-38.408790588378906,-17.213396072387695
0,402786,26.656795501708984,20.056108474731445,19.19718360900879,-24.649673461914062
0,402788,3.899029493331909,21.77695083618164,57.58539962768555,64.04297637939453
0,402790,-12.317726135253906,14.399563789367676,-10.767962455749512,-4.03984260559082
0,402792,18.984041213989258,11.055715560913086,-24.865467071533203,-22.85011100769043
0,402986,-30.012615203857422,-23.86786460876465,-8.95918083190918,31.90428352355957
0,402986,-26.184919357299805,-2.9039669036865234,-1.414950966835022,-24.16712188720703
0,402986,34.703857421875,14.945700645446777,5.416604042053223,-29.186437606811523
0,402986,2.2418997287750244,-20.43156623840332,-20.8913516998291,31.4883975982666
0,402987,-21.34758949279785,-0.7585025429725647,2.707554817199707,12.562664985656738
0,402987,25.202892303466797,24.788776397705078,26.362194061279297,-20.314966201782227
0,402987,34.87525177001953,9.722939491271973,11.842811584472656,4.749508380889893
0,402987,-10.14383316040039,-10.362211227416992,-14.560712814331055,-6.043057918548584
0,402987,-27.787567138671875,-34.11503219604492,-17.338851928710938,1.2274138927459717
0,402988,-17.703662872314453,-10.26164722442627,26.33360481262207,20.41503143310547
0,402988,26.730297088623047,28.9821834564209,15.759257316589355,-13.117579460144043
0,402988,26.121057510375977,11.103830337524414,-21.484521865844727,-8.706111907958984
0,402988,-17.708560943603516,-8.231998443603516,-1.6248424053192139,-3.1629128456115723
0,402988,-10.393628120422363,-6.6633687019348145,22.31410789489746,-4.695021629333496
0,402988,15.478667259216309,-1.141219973564148,-11.637718200683594,11.353360176086426
0,402989,14.460604667663574,19.857135772705078,-16.207895278930664,-3.2881648540496826
0,402989,-21.37143325805664,-5.5064167976379395,12.671189308166504,-15.380231857299805
0,402989,-23.68364906311035,-28.413915634155273,-5.176466464996338,7.758189678192139
0,402989,9.886651039123535,6.827966690063477,-5.706690788269043,18.382904052734375
0,402989,9.897746086120605,-6.222066879272461,3.1348092555999756,-2.796992540359497
0,402989,-8.871382713317871,-1.1800134181976318,-1.3439621925354004,9.438021659851074
0,402990,-6.370388031005859,23.692930221557617,-3.425658941268921,6.917291641235352
0,402990,9.043488502502441,3.55617094039917,-2.6335203647613525,-19.93011474609375
0,402990,-10.681974411010742,-10.861342430114746,5.061500072479248,-15.025200843811035
0,402990,-18.241579055786133,-14.477699279785156,1.422561764717102,9.507157325744629
0,402990,11.502965927124023,7.39954948425293,-14.918867111206055,5.8884053230285645
0,402990,6.265040874481201,20.658435821533203,-3.6231956481933594,-7.671449184417725
0,402991,-2.203355550765991,-10.225974082946777,10.679396629333496,12.834901809692383
0,402991,15.551426887512207,-7.682302474975586,-3.2551822662353516,-8.017484664916992
0,402991,-2.8568623065948486,10.243745803833008,3.304415702819824,-25.66726303100586
0,402991,-2.1334831714630127,-14.577500343322754,6.055254936218262,14.17764663696289
0,402991,10.82671070098877,9.609749794006348,-3.717775344848633,15.698076248168945
0,402992,-14.814652442932129,26.599411010742188,1.5751738548278809,-4.62248420715332
0,402992,7.926361083984375,-22.599294662475586,5.824209213256836,0.33885884284973145
0,402992,8.47295093536377,-12.624761581420898,-5.335527420043945,-8.348041534423828
0,402992,-26.57940101623535,-1.3736591339111328,-2.9469239711761475,5.3365397453308105
0,402992,-4.897823810577393,-7.197103500366211,14.069851875305176,19.29296875
0,402992,15.862236022949219,16.052215576171875,-6.088904857635498,-3.631864309310913
0,402992,-7.688316345214844,2.2341599464416504,-17.670852661132812,-23.419429779052734
0,402993,1.210437297821045,-2.736926794052124,-3.7740094661712646,2.8715567588806152
0,402993,8.24321174621582,-4.1888427734375,7.686708450317383,36.71617889404297
0,402993,-8.092427253723145,3.1916534900665283,11.67471694946289,-1.658052682876587
0,402993,15.442520141601562,9.801189422607422,-4.451944828033447,-20.982955932617188
0,402993,1.988901972770691,-5.680217742919922,0.007941779680550098,-8.37668514251709
0,402993,-6.404504299163818,10.50324821472168,13.806844711303711,-5.676353931427002
0,402994,19.892032623291016,-10.01364803314209,-7.5657639503479,19.61128044128418
0,402994,-6.485763072967529,-19.60209083557129,-7.13194465637207,27.14420509338379
0,402994,-26.46610450744629,13.818607330322266,16.11336326599121,-0.2897968292236328
0,402994,13.233519554138184,4.749085426330566,-7.101153373718262,-20.735450744628906
0,402994,27.961353302001953,-1.7921017408370972,-13.703289031982422,-5.4548659324646
0,402995,-14.220834732055664,1.0707283020019531,8.308125495910645,12.047355651855469
0,402995,-20.35125732421875,-5.596799373626709,4.816310405731201,-12.180700302124023
0,402995,2.6139931678771973,-2.128815174102783,-1.7558047771453857,-4.048070430755615
0,402995,-0.931271493434906,18.622421264648438,11.744534492492676,20.46367073059082
0,402995,-2.154066562652588,13.553373336791992,-0.6487693786621094,-15.678220748901367
0,402995,10.390429496765137,-22.15534782409668,-27.44658660888672,-28.017414093017578
0,402996,5.727970600128174,-16.283714294433594,2.3820672035217285,-3.403231143951416
0,402996,-22.421104431152344,13.248808860778809,14.754864692687988,-16.795814514160156
0,402996,4.942085266113281,7.9354376792907715,0.2640252411365509,-17.513444900512695
0,402996,23.547164916992188,-11.962851524353027,-2.028749704360962,24.126293182373047
0,402996,-21.422687530517578,3.4498002529144287,14.268852233886719,12.572798728942871
0,402996,-5.570442199707031,7.722684860229492,21.20446014404297,-27.71588134765625
0,402997,20.53550910949707,-5.563770294189453,-23.703115463256836,-4.068429470062256
0,402997,1.7558772563934326,0.6029820442199707,-3.7094552516937256,33.003787994384766
0,402997,0.554165244102478,7.9684977531433105,24.19479751586914,16.459396362304688
0,402997,2.16910719871521,-0.8068258762359619,-19.00423240661621,-16.92624282836914
0,402997,-3.6693522930145264,-15.985420227050781,-3.8587169647216797,3.10203218460083
0,402997,-6.679039001464844,9.038898468017578,14.768339157104492,38.283634185791016
0,402998,6.616055011749268,18.39183807373047,-12.020570755004883,-8.093240737915039
0,402998,-2.385831117630005,-17.32196807861328,-18.633333206176758,-17.711259841918945
0,402998,-23.91067886352539,-19.929412841796875,-7.086482048034668,17.765165328979492
0,402998,1.6500873565673828,1.1384586095809937,5.257382392883301,-17.957406997680664
0,402998,-0.013110325671732426,-1.2113078832626343,-5.226702690124512,-3.1850011348724365
0,402998,3.8695337772369385,11.552286148071289,-9.495404243469238,28.73316764831543
0,402999,20.4677734375,18.59835433959961,18.413381576538086,-22.443723678588867
0,402999,-11.036532402038574,-24.619348526000977,6.15720796585083,-13.609648704528809
0,402999,-13.541669845581055,-8.459256172180176,-19.381187438964844,27.402408599853516
0,402999,13.193731307983398,13.68706226348877,8.278853416442871,-8.471314430236816
0,402999,-4.708951473236084,-7.8965744972229,12.3004150390625,-7.913795471191406
0,402999,-1.5198795795440674,18.793779373168945,-4.475411891937256,12.081353187561035
0,403000,23.139057159423828,8.987662315368652,-3.8773674964904785,1.9204446077346802
0,403000,-12.34654426574707,-9.289385795593262,-13.20815372467041,12.047952651977539
0,403000,-5.987305164337158,3.1055164337158203,6.151291847229004,-0.21775469183921814
0,403000,12.74232292175293,0.14970561861991882,12.470991134643555,-18.365121841430664
0,403000,-18.813945770263672,-2.378390073776245,-5.595853328704834,6.403033256530762
0,403000,-6.791389465332031,-1.8410305976867676,10.666523933410645,-24.010894775390625
0,403001,24.67450523376465,-1.3242998123168945,1.7464923858642578,-43.7627067565918
0,403001,-4.104511260986328,-19.413183212280273,-10.971898078918457,43.21174621582031
0,403001,-25.807329177856445,7.558379650115967,4.0472211837768555,30.10077476501465
0,403001,19.529972076416016,17.823448181152344,13.7913818359375,-32.26091003417969
0,403001,22.57390594482422,-16.12274932861328,-6.834920406341553,-16.03499984741211
0,403001,-12.705251693725586,-2.159642219543457,-19.630447387695312,-12.990060806274414
0,403002,-5.812027931213379,1.3686153888702393,8.702938079833984,20.758438110351562
0,403002,-13.227442741394043,-2.3206868171691895,2.0314831733703613,39.83927917480469
0,403002,-6.143620491027832,14.069411277770996,-10.610902786254883,-6.438626766204834
0,403002,12.881495475769043,2.9440271854400635,6.19709587097168,-9.260250091552734
0,403002,-5.887145519256592,-17.2611141204834,2.2263877391815186,12.477537155151367
0,403004,5.870443344116211,15.342568397521973,-7.735158920288086,10.52619457244873
0,403004,16.321592330932617,30.232025146484375,-0.10270141810178757,7.10951566696167
0,403004,4.888345241546631,-5.687572479248047,7.670073986053467,-12.002964973449707
0,403004,-1.2592192888259888,-13.824322700500488,11.45296859741211,-23.883747100830078
0,403004,-9.421730041503906,-11.341485977172852,1.8929294347763062,5.829084873199463
0,403004,-2.218977689743042,-8.155878067016602,-11.119482040405273,8.755085945129395
0,403005,-0.24725854396820068,10.020854949951172,6.488114356994629,-8.910199165344238
0,403005,6.7323808670043945,5.815839767456055,14.58603286743164,-0.3368692100048065
0,403005,6.260063171386719,-16.3042049407959,-10.033760070800781,-10.836186408996582
0,403006,-15.293779373168945,-4.600064277648926,-25.572948455810547,1.0667933225631714
0,403008,-12.579384803771973,7.051222324371338,6.914653778076172,32.95258712768555
0,403010,0.5525228381156921,-3.8810107707977295,11.867098808288574,-23.795818328857422
0,403012,-0.24765799939632416,0.7033451795578003,-9.311944007873535,-33.59549331665039
0,403014,4.463921546936035,0.6540325284004211,-4.6664323806762695,37.19941711425781
0,403016,1.1807339191436768,-6.000840663909912,3.9134111404418945,1.542864441871643
1,403018,-15.007174491882324,-1.206966519355774,33.50106430053711,-25.36443519592285
1,403020,3.8289506435394287,-1.0424646139144897,-7.905231475830078,-2.464658260345459
1,403022,21.349016189575195,15.467193603515625,-11.893366813659668,22.36525535583496
1,403024,-3.2841036319732666,15.246088027954102,14.276939392089844,16.679683685302734
1,403026,1.4330743551254272,-9.830870628356934,-22.880849838256836,-10.347471237182617
1,403028,35.27202606201172,8.64075756072998,9.09542179107666,7.401109218597412
1,403030,-17.355554580688477,-15.312703132629395,-1.452980399131775,-31.716691970825195
1,403032,-35.85403823852539,-38.43008041381836,-37.236331939697266,-9.441655158996582
1,403034,18.436235427856445,36.43328094482422,10.442032814025879,49.905677795410156
1,403036,0.5298619866371155,35.701847076416016,30.395063400268555,-2.964123249053955
1,403038,-3.5103461742401123,-32.38127517700195,4.0680928230285645,-28.929508209228516
1,403040,4.454917907714844,-26.223665237426758,-9.069055557250977,5.345999240875244
1,403042,-15.935782432556152,20.435693740844727,-10.359123229980469,12.837198257446289
1,403044,-6.439572811126709,22.374685287475586,-4.199764251708984,-5.434496879577637
1,403047,-1.7738598585128784,-27.896451950073242,-11.552680969238281,-7.710115909576416
1,403048,-0.7136152982711792,-7.836437702178955,-5.6206183433532715,6.572818756103516
1,403051,19.246524810791016,26.27513885498047,27.531429290771484,12.438904762268066
1,403052,6.724608421325684,10.178277969360352,17.312320709228516,-24.58617401123047
1,403055,0.5988673567771912,-0.23492278158664703,10.969207763671875,-18.88747215270996
1,403056,8.929325103759766,-36.41889190673828,-31.405872344970703,8.294021606445312
1,403057,-12.527722358703613,-17.921621322631836,-41.94773864746094,29.522197723388672
1,403312,-3.8202385902404785,41.534664154052734,49.059661865234375,17.934181213378906
1,403314,-0.9306821227073669,-3.9093523025512695,-4.463316917419434,-38.94693374633789
1,403316,18.0245304107666,0.41067391633987427,10.484450340270996,-2.9351773262023926
1,403318,18.51152229309082,45.035377502441406,53.5447883605957,1.1566994190216064
1,403320,-50.93291091918945,-43.789241790771484,-54.29431915283203,-14.889962196350098
1,403322,-20.245384216308594,-35.135498046875,-20.25333023071289,26.928936004638672
1,403324,38.51570129394531,44.09709167480469,26.275440216064453,15.633794784545898
1,403326,8.212700843811035,3.345576286315918,-17.201799392700195,-19.54229164123535
1,404267,-28.705562591552734,-31.014484405517578,-30.664321899414062,10.792888641357422
1,404267,-3.958611249923706,-4.954537391662598,7.0519328117370605,27.969987869262695
1,404268,17.9038028717041,14.936720848083496,15.38101863861084,-31.848621368408203
1,404268,9.259464263916016,12.375022888183594,-1.2482320070266724,-15.556511878967285
1,404268,6.930717945098877,-16.98713493347168,-13.080412864685059,22.397300720214844
1,404268,-25.756591796875,-13.325017929077148,-5.999594688415527,-9.025035858154297
1,404268,-10.173297882080078,10.945398330688477,28.301498413085938,-3.931718111038208
1,404269,24.487462997436523,-5.226464748382568,-4.517830848693848,10.537981986999512
1,404269,-3.3778607845306396,4.211639881134033,-12.01141357421875,2.839113235473633
1,404269,-9.019227981567383,19.25659942626953,34.03831481933594,-3.2570018768310547
1,404269,15.891422271728516,17.272985458374023,14.557268142700195,2.658844232559204
1,404269,13.155698776245117,1.762578010559082,-31.451772689819336,-4.332701683044434
1,404269,-13.209529876708984,-21.933290481567383,-13.195928573608398,-16.598417282104492
1,404270,-15.995058059692383,-8.396127700805664,20.033950805664062,15.341304779052734
1,404270,4.33103609085083,3.6562752723693848,7.7324419021606445,4.731073379516602
1,404270,11.663283348083496,9.459479331970215,-10.496988296508789,-33.65078353881836
1,404270,0.14896640181541443,-1.8756484985351562,-0.057345375418663025,11.06026554107666
1,404270,-3.454468011856079,-14.34480094909668,14.310811042785645,28.25808334350586
1,404270,9.412985801696777,15.078483581542969,9.933266639709473,-18.854520797729492
1,404271,4.900961399078369,2.544156551361084,-1.3715851306915283,-6.907520771026611
1,404271,-14.260433197021484,-2.4499878883361816,-6.912017822265625,-1.257432222366333
1,404271,-10.7005615234375,-3.140526294708252,-8.818324089050293,-12.736574172973633
1,404272,6.427306175231934,-5.0128173828125,1.913377046585083,32.36781692504883
1,404272,19.06122589111328,27.282726287841797,2.231212854385376,22.54446029663086
1,404274,10.639596939086914,-1.0204596519470215,-32.48124694824219,-28.702911376953125
1,404276,-13.535292625427246,-31.17222785949707,-3.4764747619628906,-9.163457870483398
1,404278,-11.092317581176758,-29.69772720336914,37.23093795776367,11.28070068359375
1,404280,-9.901004791259766,19.113235473632812,-18.219057083129883,-20.46530532836914
1,404282,-0.6925503611564636,40.8861083984375,-5.801818370819092,-7.271059513092041
1,404284,11.225749015808105,-21.774385452270508,17.494205474853516,67.25556945800781
1,404286,2.5180490016937256,-18.134687423706055,-26.785842895507812,6.979306221008301
1,404288,-1.8915843963623047,8.528133392333984,-2.2934882640838623,-70.07245635986328
1,404290,-4.623221397399902,3.14971661567688,7.581428050994873,7.134729862213135
1,404292,0.7093871235847473,6.030542850494385,-7.02109956741333,28.798418045043945
1,404294,-7.059213161468506,-2.977123498916626,-3.272782564163208,-17.1696834564209
1,404296,4.839926719665527,-12.384082794189453,34.87232208251953,-17.007553100585938
1,404298,14.710555076599121,4.215092182159424,43.751888275146484,48.61996078491211
1,404353,-16.063865661621094,25.899824142456055,-42.047080993652344,18.192758560180664
1,404353,-5.971635341644287,7.839363098144531,-29.59238624572754,-65.33142852783203
1,404354,14.310193061828613,-13.50054931640625,30.294692993164062,-5.647122859954834
1,404354,-2.7206532955169678,-21.696136474609375,0.15066009759902954,39.854373931884766
1,404354,-3.6563470363616943,-7.321444511413574,-20.686485290527344,6.431372165679932
1,404354,-4.429803848266602,18.637590408325195,9.639322280883789,-14.626260757446289
1,404354,-7.3061394691467285,1.5596075057983398,14.643202781677246,-6.186528205871582
1,404354,7.386462211608887,4.222560405731201,-19.496070861816406,-9.773547172546387
1,404355,17.25370979309082,-1.2041479349136353,-10.678340911865234,-5.538468837738037
1,404355,-0.14560973644256592,-27.4056396484375,9.35716438293457,17.960739135742188
1,404355,-18.90837287902832,4.274656772613525,-8.352325439453125,6.9068684577941895
1,404355,7.876711368560791,24.469499588012695,-1.309584140777588,-18.034931182861328
1,404355,15.314836502075195,-5.352066516876221,15.43986988067627,7.583642959594727
1,404355,-4.360848903656006,-12.222702980041504,-1.1788725852966309,3.1521544456481934
1,404356,-4.5527496337890625,-0.3114367425441742,-14.069616317749023,-23.487560272216797
1,404356,-12.88325309753418,1.8267385959625244,10.800444602966309,9.030789375305176
1,404356,-9.167830467224121,11.239232063293457,16.031673431396484,9.90781021118164
1,404356,27.451208114624023,10.639110565185547,-12.90513801574707,-7.7539567947387695
1,404356,8.914897918701172,-14.49686336517334,-14.065221786499023,-8.79399299621582
1,404356,-30.052412033081055,-15.970048904418945,-2.137864828109741,-0.2811916470527649
1,404357,-6.29943323135376,18.721515655517578,1.4789644479751587,8.729964256286621
1,404357,5.382932186126709,11.998445510864258,14.16527271270752,-5.602433681488037
1,404357,4.5929412841796875,-12.780030250549316,12.504230499267578,0.6378160119056702
1,404357,5.291687488555908,-11.780388832092285,-24.67998504638672,4.305168628692627
1,404357,-5.738409519195557,-2.1823318004608154,-11.71728229522705,3.4501588344573975
1,404357,-4.755275249481201,15.416105270385742,18.86662483215332,18.907814025878906
1,404358,9.54269790649414,1.9790115356445312,-6.495749473571777,-9.876328468322754
1,404359,-1.9509050846099854,-17.666217803955078,6.702844619750977,-19.126171112060547
1,404359,-8.799519538879395,15.19794750213623,21.06019401550293,5.113239765167236
1,404359,14.494291305541992,18.22269058227539,-14.647510528564453,17.155588150024414
1,404361,16.905733108520508,-13.045339584350586,-2.4357495307922363,16.427644729614258
1,404362,4.888411998748779,-6.097908020019531,20.172500610351562,-5.666135311126709
1,404363,-19.96087646484375,-6.286649227142334,5.769463539123535,-10.715617179870605
1,404366,-6.858154773712158,17.58913230895996,-6.740562438964844,-9.865467071533203
1,404367,17.810672760009766,17.525983810424805,-8.193543434143066,12.731062889099121
1,404370,-9.892834663391113,-16.127939224243164,1.4798790216445923,3.19450044631958
1,404371,-11.250896453857422,10.304329872131348,2.6569597721099854,-14.479601860046387
1,404374,10.243010520935059,-14.290071487426758,-17.709598541259766,24.7138614654541
1,404375,1.4916328191757202,-28.873916625976562,-19.85000991821289,-10.753372192382812
1,404378,-13.915968894958496,26.129474639892578,15.23050594329834,-30.465679168701172
1,404379,0.04349029064178467,-1.03644597530365,20.230331420898438,2.903019905090332
1,404382,19.851469039916992,-32.815582275390625,-29.188459396362305,0.3506181836128235
1,404383,7.686988830566406,32.68902587890625,-8.288352012634277,19.77140235900879
1,404386,-16.749500274658203,30.92325782775879,40.12803268432617,1.915932297706604
1,404387,-22.381372451782227,-54.72146224975586,-19.897335052490234,-12.681626319885254
1,404390,1.734625220298767,-10.80596923828125,-25.992464065551758,11.81277084350586
1,404457,21.81941032409668,26.58155632019043,43.23091125488281,-11.705303192138672
1,404458,9.365452766418457,-18.186962127685547,14.263433456420898,-13.568168640136719
1,404458,-17.517181396484375,13.434149742126465,-26.30118751525879,26.023618698120117
1,404458,-0.7123329043388367,26.880491256713867,4.409468173980713,34.6240119934082
1,404458,11.216985702514648,-9.066816329956055,10.809717178344727,-18.77437973022461
1,404458,-14.60462474822998,-18.128847122192383,-4.538746356964111,-38.5882682800293
1,404458,-1.2370885610580444,-9.93267822265625,-3.8862600326538086,5.836126327514648
1,404459,11.437450408935547,1.192819595336914,3.359570026397705,9.35381031036377
1,404459,1.9249467849731445,12.805851936340332,1.6429259777069092,-12.669465065002441
1,404459,-2.6208906173706055,13.296976089477539,-8.099616050720215,-5.904399394989014
1,404459,-4.129097938537598,0.8398658633232117,-5.013155937194824,24.30756378173828
1,404459,-4.567717552185059,-7.6905412673950195,2.5314829349517822,18.584592819213867
1,404459,-0.20492658019065857,4.1879401206970215,-2.435532808303833,-19.44501304626465
1,404460,2.3720099925994873,-11.076742172241211,-11.918663024902344,-19.83126449584961
1,404460,0.8832484483718872,-16.97492027282715,-3.2032787799835205,-2.5576138496398926
1,404460,0.986859917640686,22.67015838623047,-0.4739838242530823,14.126964569091797
1,404460,-2.016225576400757,14.689703941345215,-1.8497620820999146,19.845441818237305
1,404460,9.281023025512695,-15.831478118896484,3.9323158264160156,-16.068145751953125
1,404460,12.580920219421387,-4.679137229919434,5.35873556137085,-5.4363837242126465
1,404461,-3.8218841552734375,-2.5036303997039795,4.610790729522705,13.652372360229492
1,404461,-2.6474111080169678,-12.67160415649414,-2.522710084915161,-3.5369129180908203
1,404461,-0.17161251604557037,17.99893569946289,0.32660868763923645,7.224554061889648
1,404461,0.9415230751037598,28.659818649291992,4.979513645172119,0.9007720351219177
1,404461,-0.21271540224552155,-10.005208015441895,-3.7876596450805664,-14.282918930053711
1,404462,-20.06861114501953,-35.77092742919922,-14.121458053588867,-5.284337520599365
1,404462,-1.546233057975769,-3.625777006149292,-1.9114290475845337,8.389073371887207
1,404462,19.012149810791016,34.655948638916016,3.835803747177124,-1.9988943338394165
1,404462,0.19280558824539185,0.4351941645145416,-2.1648290157318115,-12.22053337097168
1,404462,-14.926735877990723,-25.568744659423828,8.657461166381836,15.714520454406738
1,404462,7.020671367645264,19.695064544677734,8.6343994140625,9.790226936340332
1,404463,15.811392784118652,18.74307632446289,10.02056884765625,-24.66475486755371
1,404463,-4.728926181793213,-16.20460319519043,11.958776473999023,7.842282772064209
1,404463,-6.048516750335693,-2.324286699295044,3.857271909713745,12.99207592010498
1,404463,-3.40875506401062,-5.805136680603027,4.14274263381958,-13.063074111938477
1,404464,8.48536205291748,3.1721432209014893,4.968520641326904,1.6807926893234253
1,404465,-4.891719818115234,1.3082020282745361,-13.766493797302246,5.872063636779785
1,404465,-8.407377243041992,-15.186807632446289,-14.960596084594727,17.15032386779785
1,404466,-2.337299108505249,5.631032943725586,0.575024425983429,9.628671646118164
1,404467,-1.5141931772232056,13.260427474975586,2.1159133911132812,-38.44438934326172
1,404470,7.019746780395508,-1.3037513494491577,4.622275352478027,-38.158851623535156
1,404471,-13.050948143005371,-31.959959030151367,-24.089866638183594,26.989009857177734
1,404474,-6.832407474517822,-4.143998146057129,-19.2266902923584,63.768558502197266
1,404475,9.106383323669434,40.648109436035156,18.99162483215332,-1.2567230463027954
1,404478,3.6921634674072266,-1.7768338918685913,8.28260326385498,-65.09662628173828
1,404479,12.900301933288574,-13.275056838989258,9.924823760986328,-8.172331809997559
1,404482,13.87326431274414,14.267559051513672,3.8282716274261475,34.78587341308594
1,404483,-15.92482852935791,-10.71977424621582,-15.633289337158203,11.424107551574707
1,404486,-12.276217460632324,-4.573249816894531,4.732594966888428,-12.195198059082031
1,404488,14.86600112915039,14.457826614379883,8.472634315490723,-10.753494262695312
1,404490,4.208677291870117,6.356505870819092,-3.9912960529327393,12.402374267578125
1,404492,-2.2342898845672607,-1.7997088432312012,-8.383090019226074,-10.77579116821289
1,404494,0.37585926055908203,-15.69603443145752,11.91808795928955,-3.610713481903076
1,404496,1.0574982166290283,-5.618356227874756,2.1620171070098877,22.73618507385254
1,404576,-0.4648999571800232,-2.8240344524383545,-22.361234664916992,-15.525933265686035
1,404576,-8.986119270324707,7.5213470458984375,24.341224670410156,-4.571815490722656
1,404576,2.4093515872955322,13.640966415405273,2.7106451988220215,18.761327743530273
1,404576,-2.9512722492218018,-8.745119094848633,-25.14586067199707,-12.060864448547363
1,404576,-9.47504711151123,-13.411942481994629,12.897035598754883,-7.407194137573242
1,404577,3.809680700302124,-8.248318672180176,7.81880521774292,18.41583824157715
1,404577,-6.478664398193359,-1.845889687538147,-6.741759777069092,10.29066276550293
1,404577,-0.948920488357544,9.288630485534668,-10.917535781860352,-21.30518913269043
1,404577,23.247957229614258,4.382784366607666,-0.6592910885810852,-14.344813346862793
1,404577,2.1793341636657715,-7.5239105224609375,-0.9470869302749634,12.094566345214844
1,404578,-20.871429443359375,5.216396808624268,-18.31564712524414,7.801920413970947
1,404578,-2.108184576034546,2.1785483360290527,10.584312438964844,13.990616798400879
1,404578,13.590765953063965,6.6021599769592285,20.558269500732422,-23.41497802734375
1,404578,5.179481029510498,7.354747772216797,-7.919985771179199,-21.946422576904297
1,404578,-7.0329508781433105,-16.962724685668945,10.048588752746582,24.504499435424805
1,404578,-1.9152770042419434,1.8958024978637695,19.37507438659668,-16.793394088745117
1,404579,14.588557243347168,26.641061782836914,-0.7247373461723328,-11.627665519714355
1,404579,11.534297943115234,-4.938806056976318,-2.9266653060913086,12.922452926635742
1,404579,-19.476943969726562,-19.634796142578125,1.4654783010482788,3.4471094608306885
1,404579,-10.714278221130371,11.535661697387695,-1.7221194505691528,12.886685371398926
1,404579,6.787735462188721,-0.3187529146671295,-11.822722434997559,9.234513282775879
1,404579,-13.455400466918945,-1.784184455871582,3.9919397830963135,3.160510540008545
1,404580,5.8769307136535645,7.469334125518799,-5.594584941864014,-16.15384292602539
1,404580,11.393022537231445,-17.321630477905273,-19.215879440307617,11.706015586853027
1,404580,-9.425773620605469,-5.709684371948242,10.52518081665039,23.71828269958496
1,404580,14.222874641418457,11.019963264465332,5.388753414154053,-19.102352142333984
1,404580,-7.176915168762207,1.0500919818878174,0.7402775883674622,-0.40870848298072815
1,404580,-24.577970504760742,10.327238082885742,-1.30354642868042,9.673420906066895
1,404581,21.978260040283203,14.925195693969727,-11.587202072143555,-17.794950485229492
1,404581,12.925690650939941,-14.729853630065918,3.624248504638672,-8.800037384033203
1,404581,-18.47524642944336,-27.52770233154297,3.583691120147705,24.315977096557617
1,404581,-2.264477491378784,5.0866851806640625,-11.435355186462402,3.0047008991241455
1,404581,7.1569390296936035,27.636127471923828,-11.130332946777344,-31.58257293701172
1,404582,-8.831732749938965,-4.971392631530762,19.019229888916016,2.251385450363159
1,404582,-4.88585901260376,-11.567506790161133,6.310437202453613,17.885774612426758
1,404582,0.5871706008911133,8.849814414978027,-22.134395599365234,-17.85251808166504
1,404582,10.58915901184082,-14.790607452392578,12.969185829162598,0.7567574977874756
1,404582,14.01028823852539,-24.62786102294922,3.8284730911254883,15.782449722290039
1,404582,-9.9252290725708,12.75854206085205,-6.468729496002197,-16.098773956298828
1,404583,0.7574731707572937,31.46495246887207,10.043615341186523,-12.686001777648926
1,404584,2.978853225708008,-2.14866304397583,-1.7358462810516357,5.0537495613098145
1,404584,-3.5564515590667725,-26.499601364135742,1.4413435459136963,8.91073226928711
1,404584,11.341403007507324,-12.491067886352539,-6.521932601928711,-0.7363966703414917
1,404584,-2.555222511291504,14.891883850097656,-1.8008273839950562,-6.875332355499268
1,404586,-9.893985748291016,21.471073150634766,14.978815078735352,3.98046875
1,404588,-6.497335910797119,-5.850822448730469,-1.9506549835205078,35.70442199707031
1,404590,-4.924499034881592,-11.949639320373535,-15.430567741394043,3.705564022064209
1,404592,10.316200256347656,19.3254451751709,8.976901054382324,-35.7568244934082
1,404594,14.856847763061523,6.932666778564453,10.355952262878418,23.86435317993164
1,404596,-9.845152854919434,-26.135190963745117,-21.93179702758789,-16.72516632080078
1,404598,0.12793758511543274,7.72707462310791,38.50461959838867,-49.98384094238281
1,404600,25.2893123626709,22.46327781677246,49.488502502441406,33.903587341308594
1,404602,-11.627839088439941,-0.7457285523414612,-45.847843170166016,16.435077667236328
1,404605,-24.839399337768555,-2.684706211090088,-39.116294860839844,1.604968786239624
1,404606,0.4112016558647156,-10.598559379577637,6.479909896850586,3.9157018661499023
1,404609,11.403712272644043,-13.951083183288574,-8.694623947143555,8.216732025146484
1,404610,-2.7812933921813965,-18.29611587524414,-24.948400497436523,12.441307067871094
1,404613,-17.85346221923828,3.1235511302948,2.5173213481903076,-36.95664978027344
1,404614,-6.163569927215576,16.9366397857666,36.865570068359375,-2.0958263874053955
1,404617,12.962427139282227,3.255974531173706,32.04529571533203,4.634509563446045
1,404618,18.899072647094727,12.955070495605469,-20.321990966796875,-12.86316967010498
1,404708,-4.16926908493042,-8.470008850097656,-38.657711029052734,30.166027069091797
1,404709,-18.684139251708984,-19.790245056152344,-5.51814603805542,15.14857292175293
1,404709,8.618325233459473,10.473316192626953,25.76924705505371,-32.120025634765625
1,404709,7.890753269195557,8.750202178955078,27.531970977783203,-12.62742805480957
1,404709,-9.655462265014648,2.8374032974243164,-5.0235981941223145,14.120383262634277
1,404709,16.47266387939453,8.76768970489502,-5.408411502838135,11.09701919555664
1,404709,9.927949905395508,-8.584826469421387,12.848555564880371,13.415834426879883
1,404710,-12.559571266174316,-4.610611915588379,-7.017612457275391,-2.7500839233398438
1,404710,-11.750627517700195,0.016704104840755463,-24.022586822509766,-2.665527820587158
1,404710,-19.43195915222168,-3.780205488204956,-5.014219760894775,18.17406463623047
1,404710,-1.4518048763275146,12.202588081359863,2.2118983268737793,-3.2302699089050293
1,404710,6.364574909210205,-0.9852733016014099,5.654219627380371,-25.834243774414062
1,404710,15.674580574035645,-14.17502212524414,5.810914039611816,3.2879726886749268
1,404711,28.407108306884766,1.0183275938034058,6.051967620849609,-2.595705270767212
1,404711,-23.34908103942871,-1.9585509300231934,0.6357396841049194,-26.336984634399414
1,404711,-27.044660568237305,-15.211929321289062,-18.1503963470459,3.7901031970977783
1,404711,19.470609664916992,17.297847747802734,-8.012127876281738,8.263197898864746
1,404711,14.510510444641113,20.88664436340332,-0.7322267889976501,-14.130276679992676
1,404711,-2.5511045455932617,-19.002880096435547,-11.190038681030273,2.9628148078918457
1,404712,-10.46490478515625,8.090584754943848,-7.783633232116699,-1.9140876531600952
1,404712,-4.785530090332031,5.4308977127075195,10.099272727966309,-6.7581281661987305
1,404712,19.00626564025879,-25.071937561035156,8.36609935760498,12.049538612365723
1,404712,1.868159294128418,2.6651611328125,5.998840808868408,-3.169618606567383
1,404712,-21.652198791503906,14.747783660888672,20.423616409301758,1.3583106994628906
1,404712,8.311598777770996,2.638947010040283,12.614803314208984,6.7881574630737305
1,404713,5.9011101722717285,6.7634687423706055,-5.540426254272461,17.778804779052734
1,404713,1.542997121810913,4.012168884277344,5.156348705291748,24.83238410949707
1,404713,-1.3717318773269653,-15.644242286682129,2.891183376312256,-13.524924278259277
1,404713,-11.495828628540039,-4.059126377105713,-2.973991632461548,-7.425286293029785
1,404713,20.956745147705078,3.9305343627929688,9.765311241149902,12.119681358337402
1,404714,7.118007659912109,-4.656991481781006,-5.27293062210083,15.897517204284668
1,404714,-7.666142463684082,21.15061378479004,-8.301252365112305,-6.682060718536377
1,404714,2.9525070190429688,15.676692008972168,-6.384389400482178,-26.840816497802734
1,404714,3.1022491455078125,-18.473705291748047,-0.10204953700304031,-8.894549369812012
1,404714,7.829571723937988,-6.936379909515381,7.518583297729492,-10.299201965332031
1,404714,-9.009552955627441,-0.5718553066253662,-13.191643714904785,11.877384185791016
1,404715,-2.195448875427246,-0.035413436591625214,0.5775939226150513,0.0017626658082008362
1,404715,-2.9884533882141113,-7.5096845626831055,2.05846905708313,-11.529069900512695
1,404715,-23.95490837097168,-14.803445816040039,-16.03179359436035,21.24251365661621
1,404715,-0.847572386264801,-6.7444376945495605,4.925619125366211,-5.166038513183594
1,404715,10.716265678405762,-3.41024112701416,-0.44904249906539917,-11.306968688964844
1,404715,-17.38094139099121,8.885954856872559,-1.2754961252212524,8.804409980773926
1,404716,-18.689531326293945,0.1765775829553604,4.5755486488342285,-3.33023738861084
1,404716,14.230960845947266,-3.461239814758301,-13.753951072692871,-6.128551959991455
1,404716,11.570453643798828,5.473026275634766,-1.616091012954712,13.070025444030762
1,404717,-5.462869644165039,6.742795944213867,21.553791046142578,-8.882668495178223
1,404717,10.81173038482666,14.799074172973633,5.788021087646484,-28.400249481201172
1,404718,6.747132778167725,-7.860235214233398,-31.295970916748047,15.97286319732666
1,404718,-15.126402854919434,-13.583317756652832,-5.040283203125,21.301513671875
1,404718,7.8030500411987305,25.563016891479492,28.913280487060547,-14.338648796081543
1,404721,36.25916290283203,8.891719818115234,22.07430648803711,-2.257800817489624
1,404722,-15.427022933959961,-16.4916934967041,1.5648149251937866,45.533267974853516
1,404725,-33.33058547973633,5.280139923095703,-30.24411392211914,-7.539013862609863
1,404726,14.077778816223145,2.5132479667663574,-13.137959480285645,-44.02180862426758
1,404729,13.765201568603516,-3.2715485095977783,3.9632866382598877,32.5667839050293
1,404730,-11.86423397064209,-14.10981559753418,12.077353477478027,45.035579681396484
1,404733,-14.53866195678711,-4.568432331085205,-10.43918514251709,-41.455047607421875
1,404734,9.832154273986816,22.509721755981445,-19.438812255859375,-63.282901763916016
1,404735,4.7109551429748535,-24.733951568603516,53.767024993896484,34.581451416015625
1,404738,2.24678897857666,-19.08955192565918,-0.47870340943336487,42.42976379394531
1,404739,-5.504283905029297,23.273147583007812,-52.953857421875,-23.8703556060791
1,404742,1.4606468677520752,5.5255327224731445,35.596832275390625,-19.463600158691406
1,404743,27.049251556396484,-0.5852891206741333,7.955302715301514,25.117807388305664
1,404746,-13.243919372558594,7.975564956665039,-30.642749786376953,33.594058990478516
1,404747,-23.132827758789062,-4.2840895652771,13.384182929992676,-23.580177307128906
1,404750,27.434459686279297,17.041629791259766,25.811803817749023,-45.09071731567383
1,404751,23.83629608154297,39.1394157409668,15.44922924041748,15.219883918762207
1,404851,-44.24795913696289,-36.31843948364258,-31.54053497314453,31.24669647216797
1,404851,-18.27444076538086,-27.532472610473633,-21.14209747314453,-2.00777530670166
1,404852,32.87904357910156,17.98314094543457,10.998690605163574,-7.507877349853516
1,404852,-11.891658782958984,-6.512505054473877,-4.459889888763428,-25.314538955688477
1,404852,-4.212007522583008,-1.7597479820251465,-4.151692867279053,-19.588903427124023
1,404852,15.452707290649414,0.7015030980110168,14.338090896606445,23.694860458374023
1,404852,-7.042638301849365,4.838106155395508,23.240345001220703,-1.1479281187057495
1,404853,4.593719959259033,-8.554519653320312,-12.080316543579102,-9.024720191955566
1,404853,3.534163475036621,-10.757075309753418,-9.194846153259277,23.343164443969727
1,404853,-13.77962589263916,1.9991073608398438,11.07669448852539,-10.218072891235352
1,404853,15.97750186920166,13.353215217590332,-10.461860656738281,-7.545689105987549
1,404853,10.697366714477539,9.978363990783691,1.5393362045288086,27.509750366210938
1,404853,-12.990694999694824,-13.184385299682617,10.70341682434082,7.601877212524414
1,404853,11.788165092468262,21.26563835144043,-18.26994514465332,-17.646570205688477
1,404854,-7.400119781494141,-5.94651985168457,-14.617022514343262,-15.086234092712402
1,404854,-16.4163875579834,-40.689456939697266,18.174230575561523,4.136560916900635
1,404854,-0.9869456887245178,12.925622940063477,9.447724342346191,9.866344451904297
1,404854,-7.529651641845703,-0.8652100563049316,-12.40029525756836,8.190587043762207
1,404854,5.845240592956543,-2.0212156772613525,-13.540108680725098,7.059713363647461
1,404855,1.2946527004241943,-1.085243821144104,-8.42859935760498,-9.136683464050293
1,404855,-3.2079834938049316,-27.551759719848633,-7.77303409576416,-13.58288860321045
1,404855,11.652628898620605,29.016883850097656,-3.174440860748291,-14.827205657958984
1,404855,-3.0107998847961426,27.816051483154297,8.53647232055664,-13.459466934204102
1,404855,-12.94682502746582,-30.13604736328125,6.4402971267700195,5.2435784339904785
1,404855,7.901450157165527,2.1472060680389404,14.515177726745605,-10.988778114318848
1,404856,12.125711441040039,28.852636337280273,13.693255424499512,-4.43859338760376
1,404856,-10.134003639221191,-5.011369705200195,-7.859417915344238,32.993133544921875
1,404856,-4.256310939788818,3.960839033126831,7.806257247924805,29.838483810424805
1,404856,12.190858840942383,3.986504077911377,9.480020523071289,-6.609921932220459
1,404856,-6.518823146820068,-33.6631965637207,0.24994497001171112,-26.679275512695312
1,404856,-13.296207427978516,5.2854390144348145,9.481953620910645,12.47536849975586
1,404857,2.652935028076172,24.43319320678711,-4.490806579589844,32.143917083740234
1,404857,4.559504985809326,-18.917404174804688,5.099442958831787,16.593862533569336
1,404857,7.632311820983887,-1.1214361190795898,0.6947079300880432,-5.211299419403076
1,404857,0.8444443345069885,20.94569206237793,-9.102771759033203,-30.805395126342773
1,404857,-1.5010372400283813,-2.706577777862549,1.9461342096328735,-23.416593551635742
1,404858,13.57118034362793,-14.231881141662598,-12.556665420532227,5.476819038391113
1,404858,6.201098442077637,-0.696443498134613,-7.021904945373535,20.959522247314453
1,404858,-9.741544723510742,17.190643310546875,-9.588408470153809,-5.801517486572266
1,404858,-4.414581298828125,-1.853297472000122,-11.221991539001465,-20.824853897094727
1,404858,-1.7893340587615967,-13.102107048034668,6.911825656890869,5.496792316436768
1,404858,-11.428091049194336,2.054483652114868,-3.1892664432525635,4.333785533905029
1,404859,-4.501979827880859,-13.286191940307617,2.309915781021118,4.898962497711182
1,404859,14.17934799194336,-1.035431146621704,7.297023773193359,-1.3990036249160767
1,404859,-1.1413488388061523,13.429797172546387,0.5533154010772705,-0.6355406641960144
1,404859,-20.105112075805664,-10.02873706817627,-5.310394763946533,23.869020462036133
1,404859,14.891644477844238,-6.528563499450684,-6.449772357940674,-23.873905181884766
1,404859,15.664143562316895,10.27869701385498,17.408273696899414,-33.6035041809082
1,404860,-16.572521209716797,3.292750835418701,6.6629180908203125,17.631088256835938
1,404860,-8.57138442993164,-1.4415395259857178,-15.542195320129395,10.933382987976074
1,404861,10.7337646484375,26.908973693847656,1.030551791191101,-5.470792770385742
1,404861,17.817399978637695,7.581123352050781,14.778156280517578,-5.207768440246582
1,404861,-6.8498215675354,-34.73940658569336,4.243444919586182,8.49792194366455
1,404862,-15.602558135986328,18.385635375976562,-15.58707332611084,16.852706909179688
1,404863,11.320426940917969,16.184112548828125,-7.231506824493408,-7.0281982421875
1,404864,4.194849014282227,-29.273059844970703,14.7239990234375,0.433492511510849
1,404865,3.3251287937164307,12.732568740844727,-11.156418800354004,16.6309757232666
1,404868,-2.6666641235351562,-0.15230946242809296,-5.22416877746582,1.476566195487976
1,404870,-16.721458435058594,-23.040597915649414,25.428058624267578,-18.026512145996094
1,404872,2.840327262878418,1.5137883424758911,-19.076847076416016,-11.35611343383789
1,404874,17.055709838867188,6.6550984382629395,-11.601287841796875,7.674900531768799
1,404876,1.1520344018936157,-1.4736379384994507,31.94793701171875,-4.289196491241455
1,404878,-18.457447052001953,-29.65461540222168,-0.33873727917671204,15.699374198913574
1,404880,-4.256076335906982,8.40240478515625,-24.25362777709961,-11.218562126159668
1,404882,17.072202682495117,43.10984802246094,1.552773118019104,-10.242290496826172
1,404884,7.328273296356201,7.836382865905762,29.802452087402344,23.259836196899414
1,404886,1.8227806091308594,4.321031093597412,2.3166000843048096,-25.204858779907227
1,404888,-6.371577739715576,-16.673381805419922,-18.028474807739258,0.8460772037506104
1,404890,-35.50971603393555,-34.14932632446289,-16.99789810180664,23.64964485168457
1,404892,16.78246307373047,-9.73056411743164,-21.468692779541016,7.504542827606201
1,404894,31.682109832763672,8.848339080810547,16.559551239013672,9.205281257629395
1,404897,-28.63895606994629,22.6977481842041,9.199519157409668,-40.056304931640625
1,404898,-11.003493309020996,14.818418502807617,24.506610870361328,-37.87966537475586
1,404901,24.55290412902832,-7.554314136505127,21.087190628051758,19.266799926757812
1,405012,-31.41823959350586,-45.877288818359375,-67.65196990966797,15.332497596740723
1,405012,-39.005462646484375,-23.67550277709961,-29.188016891479492,6.380556106567383
1,405012,25.136707305908203,28.442089080810547,15.580738067626953,-4.061145782470703
1,405012,-7.578925609588623,8.530294418334961,10.470105171203613,3.083800792694092
1,405012,-6.474257469177246,6.694728851318359,33.9769401550293,14.917346000671387
1,405013,31.469676971435547,23.536874771118164,4.223759174346924,-19.018930435180664
1,405013,12.899126052856445,-9.723506927490234,-4.489981651306152,-3.520402193069458
1,405013,-4.145213603973389,-8.118046760559082,3.9244959354400635,25.380340576171875
1,405013,-3.5659189224243164,26.26511573791504,-9.019452095031738,-5.474181175231934
1,405013,9.655200004577637,-8.842348098754883,-0.005472241900861263,-0.7470542788505554
1,405013,17.096603393554688,-4.780843734741211,9.47068977355957,24.64212417602539
1,405014,5.750884056091309,11.04230785369873,6.81156587600708,-16.396697998046875
1,405014,2.074218273162842,-20.427045822143555,-10.504159927368164,-37.51034164428711
1,405014,6.0586838722229,-3.9075827598571777,-1.5504708290100098,2.9575035572052
1,405014,-9.593839645385742,5.1172943115234375,7.843906879425049,23.10014533996582
1,405014,-3.169619560241699,2.3604323863983154,-11.260878562927246,4.497148036956787
1,405015,-14.824542999267578,7.492323398590088,5.569042205810547,-13.404899597167969
1,405015,-16.916576385498047,-4.079514026641846,18.00063133239746,-4.75416374206543
1,405015,23.5784912109375,-5.55465030670166,1.360433578491211,13.34976577758789
1,405015,2.301149368286133,15.234577178955078,1.1518194675445557,-1.58104407787323
1,405015,4.524430751800537,15.895622253417969,15.155055046081543,14.264360427856445
1,405015,23.894622802734375,-2.2548232078552246,13.096413612365723,16.95340347290039
1,405016,13.754572868347168,12.339113235473633,-8.992345809936523,-20.747474670410156
1,405016,20.276079177856445,9.436092376708984,-27.110883712768555,-2.3608365058898926
1,405016,2.6228251457214355,-12.088974952697754,-17.78014373779297,4.816074371337891
1,405016,3.002216339111328,7.679716110229492,20.170143127441406,6.924911022186279
1,405016,10.243342399597168,12.845516204833984,10.727924346923828,-9.309654235839844
1,405016,1.1395779848098755,-15.202827453613281,-32.57877731323242,-5.954302787780762
1,405017,-27.249635696411133,-0.10743099451065063,-9.970184326171875,24.70388412475586
1,405017,-25.979591369628906,10.50175952911377,14.439242362976074,-26.307456970214844
1,405017,-3.2572927474975586,-22.628952026367188,-18.230539321899414,-24.969850540161133
1,405017,-23.877965927124023,0.5561436414718628,-20.527408599853516,23.5145206451416
1,405017,-10.95469856262207,13.05103874206543,12.307551383972168,3.1510181427001953
1,405017,-15.09949016571045,-35.26080322265625,21.295583724975586,-1.5130866765975952
1,405018,-28.381956100463867,-22.053794860839844,14.3546142578125,-3.333580493927002
1,405018,3.981990337371826,5.919353008270264,11.188504219055176,-7.93757963180542
1,405018,7.614062786102295,11.226049423217773,-3.018155813217163,31.186260223388672
1,405018,6.045465469360352,0.35332876443862915,-23.34537124633789,-6.919788360595703
1,405018,-0.14951176941394806,-26.42070198059082,-17.074514389038086,-27.663015365600586
1,405018,4.113864898681641,-19.949161529541016,8.7542142868042,13.528278350830078
1,405019,-3.3193910121917725,-19.561996459960938,4.023852825164795,0.9377081394195557
1,405019,-11.66252326965332,19.121309280395508,-9.93925666809082,-5.264842987060547
1,405019,27.135175704956055,45.00663757324219,29.930845260620117,-4.3051347732543945
1,405019,11.140974998474121,-11.734234809875488,14.930377006530762,8.055855751037598
1,405019,-12.725432395935059,-1.115521788597107,-31.983427047729492,14.996918678283691
1,405020,1.6493710279464722,34.79349136352539,-8.181293487548828,-3.9139511585235596
1,405020,5.423455238342285,16.938045501708984,13.91230583190918,-11.151383399963379
1,405020,5.328660488128662,-1.6335607767105103,16.957374572753906,-11.812678337097168
1,405020,19.548473358154297,-18.20853614807129,2.114520311355591,-4.474833965301514
1,405020,8.785919189453125,3.129060745239258,-18.341808319091797,23.514284133911133
1,405020,-8.764321327209473,20.804813385009766,-12.094127655029297,14.653355598449707
1,405020,4.264846324920654,2.8431200981140137,9.186901092529297,-27.12422752380371
1,405021,6.789730548858643,-8.89100170135498,4.931900978088379,-13.06113338470459
1,405021,-12.958834648132324,2.304011106491089,5.85398006439209,7.16034460067749
1,405021,-6.424083232879639,-5.869592189788818,8.656160354614258,10.77031421661377
1,405021,25.22895622253418,-11.674264907836914,-19.58205223083496,9.147858619689941
1,405022,22.511127471923828,16.116395950317383,-10.353099822998047,-8.688508033752441
1,405023,4.692462921142578,-15.283164978027344,17.078264236450195,16.625661849975586
1,405023,-29.45996856689453,-13.289891242980957,12.742992401123047,10.478212356567383
1,405023,-35.91908264160156,4.143082141876221,-7.819799423217773,-35.70835876464844
1,405023,0.0030757272616028786,-46.91798400878906,-5.190327167510986,6.035525321960449
1,405024,14.727639198303223,-56.79195785522461,7.002756595611572,29.974523544311523
1,405026,-54.146087646484375,-27.1696834564209,-27.875043869018555,-39.705318450927734
1,405028,-82.34173583984375,3.4924564361572266,-29.038074493408203,-24.185014724731445
1,405030,34.35781478881836,23.879186630249023,30.26819610595703,49.65353775024414
1,405032,39.564613342285156,35.073463439941406,5.188267230987549,12.660445213317871
1,405034,-15.548432350158691,22.42044448852539,-24.590267181396484,-28.875988006591797
1,405037,35.95974349975586,-23.4378719329834,25.814048767089844,-21.405420303344727
1,405038,17.347171783447266,1.0625070333480835,35.46952819824219,-15.29020881652832
1,405041,-43.2907600402832,64.48493194580078,2.755157470703125,53.23552322387695
1,405042,-11.831753730773926,-6.947877883911133,-38.51885223388672,35.974029541015625
1,405045,46.1806640625,-48.21764373779297,-14.482125282287598,-61.06290054321289
1,405046,58.73293685913086,72.57442474365234,47.399993896484375,-1.6620748043060303
1,405049,91.9778823852539,124.24556732177734,11.666815757751465,27.403766632080078
1,405050,-14.593301773071289,77.10802459716797,-31.544160842895508,-27.693147659301758
1,405053,-104.31816101074219,-133.003662109375,-22.335784912109375,6.695550918579102
1,405054,19.939491271972656,-202.22718811035156,8.825541496276855,26.70784568786621
1,405057,-25.72603416442871,35.51476287841797,17.902801513671875,-27.159072875976562
1,405058,-38.18611145019531,61.438072204589844,-0.8993383646011353,-36.120819091796875
1,405061,58.68938446044922,4.887719631195068,9.81364917755127,31.126602172851562
1,405062,9.669745445251465,23.330461502075195,10.067838668823242,38.24974060058594
1,405063,-42.40074920654297,2.0211117267608643,-20.76630401611328,-20.980382919311523
1,405187,-3.8149406909942627,-11.832344055175781,-4.960090160369873,-11.647936820983887
1,405187,43.48958969116211,-14.874133110046387,40.44701385498047,20.57676124572754
1,405187,-9.378483772277832,-5.742274761199951,-14.27416706085205,7.64032506942749
1,405187,-44.80428695678711,1.5545889139175415,-32.67304611206055,5.645766258239746
1,405187,7.618494987487793,26.253183364868164,14.296945571899414,-24.50338363647461
1,405187,21.65493392944336,14.539669036865234,-16.542024612426758,-24.4448299407959
1,405188,-15.673108100891113,-17.50834846496582,-25.72340965270996,27.77005958557129
1,405188,-0.22124996781349182,-1.3820531368255615,7.292745113372803,-0.9573984146118164
1,405188,17.79533576965332,-3.145413637161255,1.3227049112319946,-33.27262496948242
1,405188,-5.428011894226074,-13.062935829162598,8.162168502807617,-0.7746139764785767
1,405188,-16.793127059936523,-10.355774879455566,7.23138427734375,24.13471794128418
1,405188,-20.135297775268555,-8.71992301940918,-7.249430179595947,5.089389801025391
1,405189,11.41961669921875,7.080592632293701,17.151737213134766,-9.634279251098633
1,405189,12.548971176147461,8.10131549835205,-4.285379409790039,5.694734573364258
1,405189,0.5313045978546143,-4.798740386962891,-18.47312355041504,3.8527908325195312
1,405189,15.80106258392334,1.6023130416870117,14.415389060974121,2.708505153656006
1,405189,-2.966994524002075,22.698896408081055,3.9847729206085205,-2.4845216274261475
1,405189,-2.3296375274658203,-1.567102074623108,-7.864376068115234,-11.65478229522705
1,405190,11.234796524047852,-24.735841751098633,14.73099422454834,13.221725463867188
1,405190,-5.437656879425049,20.379871368408203,8.614705085754395,16.80083465576172
1,405190,-16.06492805480957,14.030609130859375,-8.946366310119629,-19.66961097717285
1,405190,6.381479263305664,-30.439023971557617,-1.0341113805770874,-18.27067756652832
1,405190,8.799710273742676,8.995624542236328,0.3816729187965393,4.978386878967285
1,405190,-9.650964736938477,5.556816577911377,2.173659563064575,12.72434139251709
1,405191,-11.237667083740234,-22.266477584838867,6.374912738800049,21.371444702148438
1,405191,4.413944721221924,33.60890197753906,-8.678546905517578,3.115678548812866
1,405191,22.563980102539062,24.315248489379883,-5.610381603240967,-9.450176239013672
1,405191,10.510087966918945,-6.329294204711914,22.768009185791016,9.585715293884277
1,405191,11.260684967041016,-4.057132720947266,6.695371627807617,3.770981788635254
1,405192,17.374168395996094,-10.73597526550293,-21.444738388061523,-19.940237045288086
1,405192,-8.612724304199219,-3.4193992614746094,-1.9551113843917847,2.7445805072784424
1,405192,-18.618440628051758,-5.715906620025635,7.60240364074707,6.4944562911987305
1,405192,-10.949204444885254,-6.058887958526611,-8.42814826965332,-18.363765716552734
1,405192,-6.969216823577881,2.026838779449463,12.538558959960938,-0.6549991369247437
1,405192,13.804442405700684,12.336443901062012,9.299697875976562,-1.35585355758667
1,405193,3.2536113262176514,-3.580505609512329,-28.716733932495117,-9.237059593200684
1,405193,-31.1935977935791,-23.971403121948242,4.12508487701416,-2.9061062335968018
1,405193,-3.821965217590332,1.202481985092163,12.252401351928711,15.084778785705566
1,405193,16.63179588317871,27.804641723632812,-17.40347671508789,16.346277236938477
1,405193,-7.780107498168945,-18.242246627807617,-4.394690036773682,-16.946086883544922
1,405193,-10.694160461425781,-29.808229446411133,4.34779167175293,-4.231954574584961
1,405194,-2.8450474739074707,3.981205701828003,7.739443302154541,13.900223731994629
1,405194,6.038142204284668,-4.130740642547607,-5.294163703918457,1.8665529489517212
1,405194,3.0472030639648438,23.14730453491211,-15.225242614746094,-15.782145500183105
1,405194,0.35198721289634705,16.676456451416016,8.314481735229492,-21.642662048339844
1,405194,8.717351913452148,-17.5186824798584,4.251521110534668,16.97528648376465
1,405194,7.546220302581787,15.824106216430664,0.3324141204357147,29.493247985839844
1,405195,20.745203018188477,18.249034881591797,10.474593162536621,-19.64954948425293
1,405195,5.015739440917969,-11.473089218139648,-0.804099977016449,-11.763153076171875
1,405195,-18.242937088012695,-2.6635515689849854,8.450177192687988,20.436195373535156
1,405195,14.617146492004395,10.61877727508545,13.756658554077148,-14.582260131835938
1,405195,14.296834945678711,-3.8169326782226562,-2.954178810119629,-15.834443092346191
1,405195,-19.91684913635254,-19.79079818725586,-0.07138106971979141,19.676700592041016
1,405196,-6.126428604125977,-6.316989898681641,7.054466724395752,1.2692630290985107
1,405196,12.586583137512207,15.350808143615723,-7.8875579833984375,-8.488762855529785
1,405196,-3.27793550491333,4.472282409667969,-17.01105499267578,19.599748611450195
1,405196,-24.8504695892334,-3.2870395183563232,6.172074317932129,-4.087568283081055
1,405196,-17.013599395751953,-2.8213143348693848,-0.4086781144142151,-25.72461700439453
1,405196,-2.281226634979248,-12.332130432128906,-21.418855667114258,-4.972506523132324
1,405197,-16.745851516723633,-0.03891412168741226,-8.995977401733398,20.23090934753418
1,405197,0.006959682330489159,2.859950542449951,4.8987202644348145,15.307453155517578
1,405198,-4.2831926345825195,-14.388004302978516,22.591806411743164,-36.48948669433594
1,405198,-25.845125198364258,0.900185227394104,4.200974941253662,-22.784929275512695
1,405198,30.57367515563965,6.707127571105957,-8.995268821716309,32.530338287353516
1,405198,26.358108520507812,-4.403584957122803,9.026280403137207,29.535398483276367
1,405199,-9.42740249633789,16.833755493164062,-1.6907299757003784,-3.6033682823181152
1,405199,5.239997386932373,14.749359130859375,-5.076274394989014,4.918594837188721
1,405200,-9.34498405456543,2.0481667518615723,2.799121141433716,21.977569580078125
1,405201,0.7288709878921509,-10.94131088256836,-11.928403854370117,-4.950925350189209
1,405204,-15.06907844543457,-56.73585510253906,-23.753360748291016,-25.80852508544922
1,405206,4.226582050323486,-21.246952056884766,2.5418357849121094,3.530834436416626
1,405208,68.66374206542969,60.503265380859375,22.825847625732422,61.25080871582031
1,405210,19.57614517211914,54.431968688964844,-7.080855846405029,0.9466383457183838
1,405212,-18.547216415405273,3.317002773284912,-36.411869049072266,-79.09429168701172
1,405214,-19.94511604309082,0.18768827617168427,29.979812622070312,-26.169872283935547
1,405216,-10.42110538482666,-28.681089401245117,44.64189529418945,24.099496841430664
1,405218,5.645320892333984,-51.966339111328125,-22.86109161376953,-1.2161775827407837
1,405220,-15.7252779006958,17.88921356201172,-8.698848724365234,-23.85846710205078
1,405222,-15.998048782348633,12.047720909118652,-2.5115463733673096,23.847286224365234
1,405224,66.2629165649414,41.16546630859375,39.92714309692383,40.26908874511719
1,405226,18.407779693603516,31.303895950317383,16.12129020690918,-32.597469329833984
1,405228,-89.06195068359375,-71.7738037109375,-59.085304260253906,-34.37055587768555
1,405230,-7.823034763336182,-18.49205780029297,1.1715903282165527,19.89310646057129
1,405232,29.81477165222168,27.350358963012695,7.255875110626221,17.912439346313477
1,405234,-4.20371675491333,-1.436168909072876,-15.678004264831543,34.0450439453125
1,405236,-0.9830700755119324,-10.759129524230957,14.702827453613281,-0.9495978355407715
1,405238,1.037180781364441,-21.315277099609375,16.401453018188477,-63.75409698486328
1,405241,-11.431857109069824,19.551193237304688,-3.167419672012329,0.6651580929756165
1,405372,-11.39183235168457,35.05662155151367,-42.750221252441406,54.70688247680664
1,405373,9.075920104980469,-19.620485305786133,-20.924427032470703,-7.857451438903809
1,405373,8.039777755737305,-8.286656379699707,31.426773071289062,-42.799156188964844
1,405373,-7.35640287399292,16.867094039916992,2.9172184467315674,11.660147666931152
1,405373,2.1222984790802,-3.9485745429992676,6.826096057891846,17.76068878173828
1,405373,4.903831481933594,0.255176842212677,17.689010620117188,-9.914751052856445
1,405373,4.151134967803955,16.240806579589844,-9.81531047821045,6.358866214752197
1,405374,4.06812858581543,-19.164016723632812,-0.14189107716083527,11.030739784240723
1,405374,-0.5767611265182495,-23.32143783569336,10.828503608703613,-11.806052207946777
1,405374,6.8248066902160645,29.68507194519043,12.069743156433105,-13.930122375488281
1,405374,-3.7329208850860596,-11.57090950012207,-7.534498691558838,-4.283255577087402
1,405374,0.9360224604606628,-41.98563003540039,-4.720826148986816,-1.0867643356323242
1,405374,17.865673065185547,22.113990783691406,29.227231979370117,14.779253959655762
1,405375,-3.7440881729125977,6.019805908203125,-0.8570216298103333,5.367434501647949
1,405375,-18.270038604736328,-19.817476272583008,-20.864286422729492,-2.89210844039917
1,405375,5.858544826507568,12.505790710449219,0.45368701219558716,0.2688191831111908
1,405375,11.632296562194824,9.370095252990723,-2.1016829013824463,5.581604957580566
1,405375,14.608999252319336,16.217914581298828,3.2802064418792725,5.084081649780273
1,405376,14.277043342590332,15.541821479797363,-1.637729525566101,-2.019026041030884
1,405376,-22.51798439025879,-1.125260353088379,-21.990619659423828,3.215524673461914
1,405376,-11.516342163085938,4.202722549438477,1.6159178018569946,2.725661516189575
1,405376,26.480653762817383,3.2574148178100586,8.41109848022461,3.57399582862854
1,405376,5.4492645263671875,-1.5154991149902344,-8.46044635772705,-14.140435218811035
1,405376,-22.499916076660156,-17.562162399291992,7.693482398986816,2.4896671772003174
1,405377,-19.261489868164062,-14.255452156066895,10.96347713470459,19.05711555480957
1,405377,7.389688968658447,-4.552828311920166,-8.760560035705566,-9.32452392578125
1,405377,2.2959938049316406,-27.683393478393555,-17.83304786682129,-6.77617073059082
1,405377,-9.23076057434082,-4.323699951171875,0.9752851724624634,-9.120200157165527
1,405377,-6.609650135040283,28.621389389038086,6.065675258636475,-20.216888427734375
1,405377,-11.467735290527344,-2.269052267074585,9.727998733520508,-2.15116286277771
1,405378,7.934967041015625,-18.838647842407227,0.7861062288284302,12.440617561340332
1,405378,8.67294692993164,7.956058502197266,-18.81612205505371,22.546804428100586
1,405378,-7.109686374664307,21.586414337158203,9.842833518981934,1.5082889795303345
1,405378,-19.53525733947754,-15.649933815002441,14.12334156036377,-26.121809005737305
1,405378,0.12192578613758087,-6.386965274810791,3.51096248626709,6.214510917663574
1,405379,11.689908027648926,32.891197204589844,4.5290303230285645,13.987494468688965
1,405379,7.48532247543335,-10.738125801086426,-13.521742820739746,2.335315465927124
1,405379,2.0439505577087402,-12.175498008728027,-10.609920501708984,18.238588333129883
1,405379,-10.909799575805664,36.3829231262207,7.726246356964111,-6.556619167327881
1,405379,7.751440525054932,9.56039047241211,1.087257742881775,-16.144268035888672
1,405379,-11.085144996643066,-17.330524444580078,-1.3804099559783936,5.443492889404297
1,405380,-8.506477355957031,6.979459285736084,-3.616138219833374,-15.596566200256348
1,405380,22.187509536743164,2.885615587234497,-11.034507751464844,-20.251617431640625
1,405380,-2.2853634357452393,-19.801822662353516,-10.135817527770996,24.502639770507812
1,405380,0.9884141087532043,-4.116090297698975,-7.66862154006958,21.610763549804688
1,405380,21.667922973632812,12.620192527770996,12.112828254699707,-21.90556526184082
1,405380,-3.7716574668884277,6.80557107925415,7.029205322265625,-25.955509185791016
1,405381,-5.5509114265441895,-18.564565658569336,1.2517091035842896,20.60480308532715
1,405381,9.992706298828125,-6.669219017028809,12.048967361450195,33.672183990478516
1,405381,2.181760549545288,24.258804321289062,-4.950062274932861,-31.26114845275879
1,405381,17.623620986938477,-6.839920520782471,-1.5516149997711182,-17.449377059936523
1,405381,-1.6112192869186401,-12.083230972290039,10.668472290039062,47.6468620300293
1,405381,-18.166175842285156,22.174419403076172,5.654524326324463,9.007031440734863
1,405382,29.667455673217773,-1.4968117475509644,12.630961418151855,-28.375438690185547
1,405382,0.06078045815229416,-27.466699600219727,2.179880380630493,5.899321556091309
1,405382,-27.37089729309082,17.07132911682129,-8.769216537475586,5.214532852172852
1,405382,5.329206466674805,-0.9102233648300171,-3.8466854095458984,-12.177921295166016
1,405382,-13.316180229187012,-28.780290603637695,-7.4605278968811035,5.5759735107421875
1,405382,-15.583425521850586,23.894046783447266,-3.079637050628662,-10.529779434204102
1,405383,-11.344502449035645,12.578206062316895,6.919210910797119,-14.775476455688477
1,405383,-9.85229778289795,-30.954984664916992,10.09349250793457,12.977996826171875
1,405383,9.717765808105469,-6.030857563018799,0.5855259895324707,-21.99175453186035
1,405383,-5.214837074279785,10.248125076293945,-1.7302172183990479,-11.353961944580078
1,405383,-18.528841018676758,-10.500676155090332,-8.607129096984863,17.658998489379883
1,405383,3.92014479637146,-0.12377087026834488,-12.290818214416504,-4.027729511260986
1,405384,10.875273704528809,3.0327117443084717,21.62624740600586,20.041276931762695
1,405385,17.58518409729004,-14.196940422058105,-7.420356750488281,24.999706268310547
1,405385,22.66222381591797,5.791647434234619,-36.015159606933594,-3.3727405071258545
1,405385,-0.5880233645439148,26.392621994018555,4.833205699920654,3.448519468307495
1,405385,5.252635478973389,-20.534048080444336,1.1744632720947266,-5.347126483917236
1,405386,-2.363615036010742,-16.760086059570312,-6.502737522125244,-1.7309319972991943
1,405386,7.324045658111572,38.467864990234375,-1.2561956644058228,22.8309326171875
1,405387,10.401299476623535,11.60364055633545,2.4169764518737793,2.3985188007354736
1,405388,-51.79920196533203,5.6166157722473145,8.376809120178223,-7.359549522399902
1,405390,-26.110774993896484,9.13509464263916,23.259132385253906,-34.26030349731445
1,405392,50.99951934814453,-8.138856887817383,17.256458282470703,-36.65837478637695
1,405394,25.97686767578125,6.5557026863098145,-30.288856506347656,10.738455772399902
1,405396,-34.466209411621094,-15.041234970092773,-10.630871772766113,-8.596235275268555
1,405398,-19.1696720123291,-17.829866409301758,31.685251235961914,-12.490195274353027
1,405400,20.78329849243164,17.069034576416016,25.919029235839844,35.34832000732422
1,405402,14.817329406738281,14.06657886505127,-7.263213157653809,16.157333374023438
1,405404,-14.585719108581543,-14.325050354003906,-26.818410873413086,-8.061776161193848
1,405406,21.311464309692383,0.9236072301864624,-17.03797149658203,-11.204597473144531
1,405408,45.46300506591797,20.09853172302246,-7.521109580993652,-9.405345916748047
1,405410,-64.75033569335938,-26.901424407958984,1.817198395729065,12.560612678527832
1,405412,-60.30305099487305,1.6542258262634277,29.7160587310791,63.59329605102539
1,405414,35.5180778503418,27.513307571411133,11.264209747314453,52.55847930908203
1,405417,20.701004028320312,-65.26795959472656,-46.102108001708984,-66.88484954833984
1,405418,12.243459701538086,-42.859493255615234,7.730212211608887,-20.058149337768555
1,405421,0.23420460522174835,56.31468963623047,37.08001708984375,24.116514205932617
1,405422,-2.8433279991149902,25.776487350463867,-34.96004104614258,-59.56909942626953
1,405425,2.289501428604126,9.211742401123047,-12.354251861572266,-31.216346740722656
1,405426,-21.55937957763672,9.11617660522461,38.02846908569336,17.563671112060547
1,405429,9.872873306274414,-35.66255187988281,-9.477728843688965,-2.099022388458252
1,405430,21.248641967773438,-9.658720016479492,-29.276683807373047,-2.3106119632720947
1,405572,-10.580184936523438,7.739005088806152,5.921262741088867,33.85393524169922
1,405573,1.0770639181137085,13.690113067626953,6.99235200881958,0.5473090410232544
1,405573,-9.75079345703125,13.444762229919434,-7.747968673706055,-27.094131469726562
1,405573,-23.750076293945312,-17.485403060913086,5.781782150268555,24.360965728759766
1,405573,7.803444862365723,-2.599212884902954,12.867321968078613,18.348125457763672
1,405573,12.698343276977539,-6.849639892578125,3.510293483734131,-18.16496467590332
1,405573,12.099217414855957,-5.3353962898254395,1.3408788442611694,1.8900221586227417
1,405574,-0.43902090191841125,23.44230079650879,4.3280510902404785,18.58071517944336
1,405574,-21.182100296020508,-10.45065975189209,-2.208207607269287,7.260871887207031
1,405574,7.11907434463501,-17.63217544555664,-2.623596668243408,-0.8974015712738037
1,405574,21.861557006835938,24.23856544494629,7.3771820068359375,-17.46473503112793
1,405574,0.8496145606040955,10.962263107299805,-0.5207249522209167,-19.421850204467773
1,405574,-8.090486526489258,-9.05539321899414,-1.6704350709915161,-3.698110342025757
1,405575,-12.328527450561523,6.915571212768555,-16.107322692871094,1.0347508192062378
1,405575,0.13368330895900726,-4.727289199829102,-0.6752604246139526,6.44710111618042
1,405575,5.003798961639404,-11.430985450744629,24.214595794677734,6.483248233795166
1,405575,-16.49397087097168,-4.132680892944336,-11.43293285369873,10.316473960876465
1,405575,-1.7416908740997314,-4.336653232574463,-12.29539966583252,8.105793952941895
1,405575,24.298194885253906,12.042672157287598,13.65103816986084,-10.877967834472656
1,405576,23.696613311767578,25.441707611083984,10.090815544128418,-13.384498596191406
1,405576,-13.017967224121094,4.124918460845947,-0.2418109029531479,0.897750198841095
1,405576,-33.063743591308594,-12.527585983276367,-10.207091331481934,10.380510330200195
1,405576,21.4344425201416,11.978118896484375,1.2557357549667358,-1.7871463298797607
1,405576,23.23404884338379,-13.770787239074707,-2.3133761882781982,8.21657943725586
1,405576,-24.65423583984375,-20.502906799316406,-10.807502746582031,16.60126304626465
1,405577,1.166677474975586,23.97775650024414,13.745253562927246,-12.585803031921387
1,405577,23.273468017578125,-1.087121605873108,15.986034393310547,1.377511739730835
1,405577,-19.830150604248047,-25.00650978088379,-1.6509552001953125,-2.9767072200775146
1,405577,-28.912052154541016,2.4271240234375,-10.847036361694336,-16.067888259887695
1,405577,1.5476744174957275,1.6448858976364136,-14.713958740234375,-4.516216278076172
1,405578,14.900256156921387,-5.64986515045166,-0.6191176176071167,-20.155012130737305
1,405578,21.59720230102539,8.876753807067871,8.57243824005127,-9.688315391540527
1,405578,-9.557744979858398,10.099468231201172,-4.981791019439697,12.128280639648438
1,405578,-17.016225814819336,1.035140037536621,15.981391906738281,11.367426872253418
1,405578,-5.261044502258301,-22.74741554260254,9.374300003051758,11.480966567993164
1,405578,-16.90843963623047,4.95304012298584,-18.82510757446289,2.112621307373047
1,405579,20.196374893188477,32.14863204956055,-0.8713289499282837,-8.85119915008545
1,405579,23.79085922241211,-17.823915481567383,7.0262227058410645,10.394187927246094
1,405579,-11.11231803894043,-12.001081466674805,-4.065664768218994,23.302227020263672
1,405579,-3.1130330562591553,12.015961647033691,-7.175093650817871,-11.304490089416504
1,405579,-4.6298980712890625,-19.392414093017578,-8.24894905090332,-10.332399368286133
1,405579,-0.7773070335388184,0.08531549572944641,0.0666225329041481,20.837364196777344
1,405580,6.232183933258057,32.94990921020508,9.7423734664917,-15.796368598937988
1,405580,0.0969041958451271,-6.083058834075928,-3.1330065727233887,-30.727447509765625
1,405580,1.796794056892395,-17.716463088989258,1.1887658834457397,1.2103351354599
1,405580,4.955292224884033,1.3434685468673706,-4.341614246368408,17.075117111206055
1,405580,-7.7007155418396,-5.710498809814453,-26.153104782104492,11.513870239257812
1,405580,-21.34810447692871,0.7406054735183716,4.5453290939331055,7.573235988616943
1,405581,16.294893264770508,1.1808269023895264,34.00123977661133,-7.763341426849365
1,405581,14.714386940002441,-10.347457885742188,-7.239841461181641,-23.542245864868164
1,405581,-19.683744430541992,-8.609681129455566,-21.282033920288086,31.52152442932129
1,405581,0.47847625613212585,24.789216995239258,1.7887053489685059,37.40205001831055
1,405581,9.452518463134766,15.87414836883545,-4.542800426483154,-10.524481773376465
1,405581,-7.069662570953369,-25.010589599609375,-1.083706021308899,-4.995114803314209
1,405582,-1.8552966117858887,-2.058917999267578,12.568977355957031,0.8703593015670776
1,405582,15.376571655273438,14.575297355651855,17.31346321105957,7.863256931304932
1,405582,7.445799827575684,4.207577228546143,2.519448757171631,5.562708854675293
1,405582,-4.959567070007324,-16.05223846435547,-17.31141471862793,-20.31085777282715
1,405582,11.63650131225586,-11.62401294708252,-4.826903343200684,5.682239532470703
1,405582,8.152639389038086,18.701065063476562,20.049924850463867,20.741010665893555
1,405583,-12.338759422302246,21.20821189880371,4.58179235458374,-28.93294906616211
1,405583,0.38800379633903503,1.757521629333496,-17.840560913085938,-32.97434997558594
1,405583,16.04134178161621,-7.7635931968688965,7.586644172668457,-2.9037601947784424
1,405583,-11.613146781921387,-7.701271057128906,13.648898124694824,6.707427024841309
1,405583,-21.963361740112305,-8.384005546569824,-2.6049718856811523,10.534222602844238
1,405583,17.811418533325195,18.316736221313477,-6.4260077476501465,-8.287022590637207
1,405584,7.62783145904541,10.553160667419434,2.8831562995910645,-15.034174919128418
1,405584,-12.883161544799805,-6.894105911254883,10.722160339355469,-19.566173553466797
1,405584,-3.9509730339050293,-12.331644058227539,-11.138429641723633,-1.536753535270691
1,405584,-5.52532434463501,-8.321198463439941,-9.359953880310059,40.091468811035156
1,405584,3.8078396320343018,27.252742767333984,2.4836349487304688,6.401419162750244
1,405586,-12.395089149475098,-7.326480865478516,-12.140350341796875,-20.308103561401367
1,405586,-14.188472747802734,-45.85273361206055,-14.981025695800781,-16.40906524658203
1,405586,8.734015464782715,-4.582202434539795,-3.4005792140960693,1.1733351945877075
1,405586,-13.90391731262207,22.357492446899414,2.474268674850464,27.171802520751953
1,405586,-5.021596908569336,6.86544132232666,5.478830337524414,-9.251371383666992
1,405586,24.850570678710938,0.8174188137054443,7.249080181121826,-7.706412315368652
1,405587,-8.87228775024414,-4.058103561401367,6.958862781524658,16.001998901367188
1,405588,-36.902915954589844,-27.94524574279785,-7.641190052032471,-24.3455867767334
1,405589,18.769691467285156,10.505962371826172,-12.371716499328613,1.3033074140548706
1,405592,58.23311233520508,53.74175262451172,27.734466552734375,19.26388168334961
1,405593,-1.5293893814086914,-10.97909164428711,45.3154182434082,-11.675603866577148
1,405596,-27.07429313659668,-30.169862747192383,-4.729977130889893,-15.53166675567627
1,405597,0.97141432762146,9.765912055969238,-18.47641944885254,-1.4205673933029175
1,405600,0.8414226174354553,-0.02797798253595829,10.682937622070312,49.88105773925781
1,405601,5.680485725402832,8.384025573730469,-18.9849853515625,17.974794387817383
1,405604,21.402568817138672,26.016122817993164,-24.19272804260254,-28.047515869140625
1,405605,20.310365676879883,-20.38680648803711,4.32838773727417,-12.526544570922852
1,405608,-32.078758239746094,-23.246891021728516,3.937258720397949,6.621314525604248
1,405609,-47.13202667236328,22.62958335876465,9.568207740783691,37.844642639160156
1,405612,41.81098556518555,-21.13907241821289,-17.199636459350586,-10.11707878112793
1,405613,30.518802642822266,-24.36905288696289,-17.465116500854492,-44.73044967651367
1,405616,-57.142208099365234,45.74286651611328,32.34516143798828,7.740209579467773
1,405617,-22.678592681884766,21.582368850708008,22.838407516479492,7.468094825744629
1,405620,45.07005310058594,-25.43105125427246,-10.880555152893066,-7.656729221343994
1,405621,31.441755294799805,-10.028342247009277,-16.7587947845459,5.581320762634277
1,405624,-48.228538513183594,-51.22542190551758,-37.03593444824219,19.611249923706055
1,405625,-26.38560676574707,27.521963119506836,10.543968200683594,20.856725692749023
1,405628,57.36905288696289,90.84906768798828,31.897327423095703,-39.014801025390625
1,405629,39.430274963378906,-72.15440368652344,5.544711112976074,-56.90314865112305
1,405632,-18.933456420898438,-43.92795181274414,-4.855788230895996,32.114322662353516
1,405634,-17.707656860351562,73.50962829589844,-28.017799377441406,47.420997619628906
1,405786,12.799479484558105,-1.3070905208587646,-27.776697158813477,-27.492408752441406
1,405786,-26.796335220336914,-67.73656463623047,-40.93575668334961,-19.942596435546875
1,405787,-20.806884765625,10.129359245300293,39.262939453125,21.456165313720703
1,405787,5.04164457321167,50.55278778076172,59.439544677734375,10.420304298400879
1,405787,-4.3889946937561035,12.303702354431152,1.4246602058410645,10.494333267211914
1,405787,6.315358638763428,-6.3751301765441895,18.387027740478516,1.6588670015335083
1,405787,-7.988481044769287,-16.194398880004883,36.065277099609375,-6.341940879821777
1,405787,-1.743067979812622,12.948692321777344,11.082608222961426,10.383142471313477
1,405788,9.692636489868164,14.922725677490234,-12.770822525024414,13.372817039489746
1,405788,-1.629993200302124,-6.9668498039245605,8.496576309204102,7.255894660949707
1,405788,12.233407020568848,13.462348937988281,4.028609752655029,-4.111888408660889
1,405788,16.789993286132812,-8.786935806274414,-16.78523826599121,-23.996992111206055
1,405788,8.83994197845459,-41.73247146606445,-23.83584976196289,-17.4266414642334
1,405788,-3.2035086154937744,-3.7053422927856445,-20.38565444946289,7.737391471862793
1,405789,-10.20262336730957,27.21245574951172,-10.31370735168457,-10.209219932556152
1,405789,-20.49951171875,3.2916433811187744,-19.008947372436523,-2.5677919387817383
1,405789,-9.059762954711914,-6.976607799530029,-16.09337615966797,1.220408320426941
1,405789,21.77049446105957,-14.898017883300781,-4.073397159576416,-8.566092491149902
1,405789,-14.76423168182373,-25.565338134765625,-10.850123405456543,7.963766574859619
1,405789,-17.516756057739258,9.188754081726074,6.283044815063477,5.508302688598633
1,405790,30.63889503479004,25.57879066467285,12.73489761352539,5.444309234619141
1,405790,-2.2048468589782715,-3.412027359008789,-0.6754422187805176,-2.8702900409698486
1,405790,-23.682697296142578,-14.941226959228516,0.7622098326683044,5.145273208618164
1,405790,11.454041481018066,8.216859817504883,12.306032180786133,4.34421443939209
1,405790,3.2286839485168457,17.471782684326172,3.465261936187744,-19.624940872192383
1,405791,-1.7079936265945435,13.869641304016113,-17.443998336791992,0.6093721985816956
1,405791,16.505434036254883,-6.8073649406433105,-5.586199760437012,-11.264968872070312
1,405791,2.322509765625,-23.262775421142578,6.577540874481201,-24.221851348876953
1,405791,-28.827163696289062,-2.386514663696289,3.8743460178375244,38.2018928527832
1,405791,-3.317460060119629,0.9129083752632141,11.6919584274292,10.97188949584961
1,405791,17.799022674560547,-0.35358157753944397,3.5574400424957275,-19.893346786499023
1,405792,-4.73858642578125,21.760009765625,1.1644909381866455,5.666923999786377
1,405792,4.738469123840332,11.930447578430176,14.928985595703125,-5.558771133422852
1,405792,10.341824531555176,-16.401138305664062,-4.796724319458008,13.485665321350098
1,405792,-12.886038780212402,-20.90901756286621,-9.261574745178223,-6.533489227294922
1,405792,-16.218246459960938,1.0890588760375977,20.413122177124023,-14.912370681762695
1,405792,17.91012191772461,17.52300453186035,12.668380737304688,18.435049057006836
1,405793,18.48260498046875,-12.772684097290039,-23.94512176513672,6.616243362426758
1,405793,-24.66250228881836,0.07639117538928986,-11.352045059204102,2.5039243698120117
1,405793,-13.626134872436523,16.912757873535156,12.174299240112305,-0.6165483593940735
1,405793,35.79145050048828,0.9109293818473816,7.223293304443359,-8.725424766540527
1,405793,12.453706741333008,-7.007147312164307,-11.838950157165527,10.487954139709473
1,405793,-35.62174606323242,-33.47271728515625,-1.7801569700241089,14.501753807067871
1,405794,-15.780649185180664,2.5015358924865723,26.066837310791016,-12.425858497619629
1,405794,26.364356994628906,17.701475143432617,-7.588321208953857,-15.795702934265137
1,405794,14.209187507629395,-5.265224933624268,-15.51421070098877,13.996798515319824
1,405794,-3.002157688140869,2.763744354248047,10.32767391204834,6.666793346405029
1,405794,5.576021671295166,-12.710301399230957,-8.050481796264648,-8.05595874786377
1,405794,-29.03606414794922,2.215296745300293,-7.458827972412109,23.948230743408203
1,405795,-10.633639335632324,35.36804962158203,6.010988235473633,8.433098793029785
1,405795,44.844024658203125,-5.548983097076416,-0.05601263418793678,-39.33007049560547
1,405795,5.426182746887207,-39.111392974853516,6.43104887008667,1.0889112949371338
1,405795,-29.828453063964844,10.631631851196289,5.763071060180664,16.905628204345703
1,405795,4.408616065979004,22.498470306396484,-8.318514823913574,-27.12025260925293
1,405795,20.307851791381836,-6.999609470367432,-13.495919227600098,9.10100269317627
1,405796,-13.347949981689453,-2.301884174346924,-2.927551746368408,29.866722106933594
1,405796,-20.016372680664062,-0.3474089205265045,5.9946393966674805,-11.110457420349121
1,405796,13.058363914489746,-5.037891387939453,-1.4645100831985474,-19.30985450744629
1,405796,-4.456152439117432,-10.890414237976074,-5.826535701751709,15.07470703125
1,405796,-21.696414947509766,5.0508012771606445,8.292801856994629,10.25975513458252
1,405796,24.980283737182617,15.460599899291992,10.358736038208008,-36.34820556640625
1,405797,8.48253345489502,-0.8479219079017639,-10.791596412658691,-4.4036545753479
1,405797,-29.474918365478516,6.643591403961182,-7.421524524688721,18.893455505371094
1,405797,-1.8644136190414429,4.521434783935547,23.752689361572266,-1.7132030725479126
1,405797,20.182964324951172,-4.911977291107178,6.0500807762146,-1.0875438451766968
1,405797,11.158638000488281,-5.529141902923584,-24.408605575561523,-11.175164222717285
1,405798,-16.88490104675293,9.31125259399414,9.3539400100708,-6.176365375518799
1,405798,-14.377253532409668,12.810685157775879,6.017882823944092,-2.044748306274414
1,405798,14.916072845458984,-3.3898394107818604,-25.584680557250977,-8.88005256652832
1,405798,3.3403422832489014,-3.4349007606506348,14.176909446716309,4.544811248779297
1,405798,-2.919407844543457,-15.10654067993164,14.119437217712402,17.05113983154297
1,405798,9.039813995361328,-4.1771016120910645,-23.288631439208984,6.977818965911865
1,405799,3.6032514572143555,13.995725631713867,3.4454433917999268,3.691993474960327
1,405799,-0.016427624970674515,-4.440413951873779,10.369648933410645,13.46214771270752
1,405799,-5.995384216308594,-7.29176139831543,-2.492727756500244,15.178926467895508
1,405799,14.995478630065918,10.262858390808105,7.849755764007568,-10.844015121459961
1,405800,21.150278091430664,12.500819206237793,10.181185722351074,-0.44188567996025085
1,405800,-4.65902042388916,-2.230992078781128,3.2839393615722656,25.144527435302734
1,405801,-9.352643966674805,8.76451301574707,0.16638655960559845,-15.243703842163086
1,405801,-2.1962995529174805,10.435362815856934,-5.844104766845703,-20.928138732910156
1,405801,-11.007007598876953,-27.430360794067383,-12.705249786376953,-4.096527576446533
1,405801,-15.616983413696289,-6.7155961990356445,3.082761287689209,11.225711822509766
1,405801,10.463908195495605,17.26848793029785,4.7183837890625,12.113664627075195
1,405803,-7.392660617828369,-8.392718315124512,-13.585577011108398,-30.247188568115234
1,405804,-11.616533279418945,-13.375309944152832,-8.818342208862305,-22.44594955444336
1,405805,24.863637924194336,-6.518712043762207,5.875720977783203,6.181914329528809
1,405808,-11.958952903747559,-1.1422215700149536,-17.067556381225586,0.571406364440918
1,405809,-23.28310775756836,-0.10674527287483215,-7.513370037078857,4.929794788360596
1,405812,9.50217342376709,-3.862703323364258,26.15412139892578,-8.977311134338379
1,405813,10.548896789550781,9.609050750732422,-3.489542245864868,-23.15130043029785
1,405816,10.390165328979492,10.444771766662598,16.964942932128906,26.586790084838867
1,405817,8.31226921081543,-22.122718811035156,32.552490234375,19.832035064697266
1,405820,-4.111777305603027,0.7291881442070007,-18.22747802734375,-15.52037239074707
1,405821,-5.653529167175293,46.093204498291016,-21.15084457397461,12.852851867675781
1,405824,28.3986873626709,-0.5989025831222534,-17.293603897094727,-2.5592572689056396
1,405825,-1.4848577976226807,-26.547956466674805,3.3633201122283936,-14.499796867370605
1,405828,-52.59315490722656,18.55416488647461,31.22237777709961,46.4561882019043
1,405829,2.90173602104187,7.165248870849609,-11.915640830993652,15.700604438781738
1,405832,23.79636573791504,-36.467323303222656,-26.054285049438477,-44.787513732910156
1,405833,10.088326454162598,-28.684837341308594,-3.2519185543060303,48.711849212646484
1,405836,-0.5129666328430176,24.486129760742188,25.25433921813965,25.205158233642578
1,405837,-34.477882385253906,32.4715461730957,19.098661422729492,-98.67919158935547
1,405840,-5.791293621063232,-15.314854621887207,-24.285173416137695,-19.247970581054688
1,405842,19.923913955688477,-17.878318786621094,-5.08258581161499,58.819950103759766
1,405844,19.95453453063965,18.9242000579834,12.23760986328125,-9.402833938598633
1,405846,-2.9406614303588867,5.52892541885376,6.91303014755249,-23.540637969970703
1,405848,-42.01103973388672,-46.271751403808594,-31.34542465209961,16.150503158569336
1,405850,2.4488062858581543,-25.48814582824707,-32.61899948120117,-16.516725540161133
1,406014,42.19422912597656,46.363136291503906,52.50902557373047,-2.551546335220337
1,406014,4.079252243041992,36.4293212890625,28.8822021484375,33.65034484863281
1,406014,-15.60123348236084,-7.6615986824035645,-34.56645202636719,-18.252830505371094
1,406015,4.335752964019775,3.4258906841278076,-4.277891159057617,-5.58320426940918
1,406015,-10.217706680297852,-12.60523796081543,-2.2371585369110107,32.850318908691406
1,406015,-25.81024932861328,-11.524917602539062,3.1643707752227783,-2.5340850353240967
1,406015,16.118934631347656,2.569810628890991,24.430017471313477,-19.074871063232422
1,406015,32.367530822753906,-10.977646827697754,1.0095471143722534,4.354219913482666
1,406015,-7.461896896362305,19.57353401184082,1.9719470739364624,10.254936218261719
1,406016,-16.00505828857422,15.89660930633545,1.4742088317871094,-13.680875778198242
1,406016,12.760168075561523,-14.822932243347168,-12.667818069458008,-22.75592613220215
1,406016,2.2328341007232666,-13.933016777038574,-3.5255401134490967,5.848838806152344
1,406016,-14.79307746887207,1.6616863012313843,0.5976566672325134,14.386852264404297
1,406016,-5.624693870544434,-4.882962226867676,-10.351655960083008,-2.311840057373047
1,406016,6.556385517120361,-8.567270278930664,-9.043892860412598,10.762866973876953
1,406017,17.70890235900879,30.568574905395508,8.272308349609375,-2.728008270263672
1,406017,0.5873746871948242,-4.333637237548828,2.3817954063415527,-4.744180202484131
1,406017,-8.191123962402344,-18.322416305541992,6.057472229003906,11.13378620147705
1,406017,-3.6238832473754883,22.0838565826416,11.786502838134766,-4.04540491104126
1,406017,-15.769281387329102,2.3526690006256104,-8.936700820922852,-5.041842460632324
1,406018,5.682292461395264,-1.4340912103652954,-6.938741207122803,-6.921881198883057
1,406018,15.033452987670898,-0.712051510810852,10.899046897888184,1.6753910779953003
1,406018,-1.967099905014038,-8.344612121582031,2.7952911853790283,9.008123397827148
1,406018,-7.036884784698486,-3.583888292312622,-15.143213272094727,-3.966547966003418
1,406018,-9.518680572509766,-7.372425556182861,7.795279026031494,3.3781213760375977
1,406018,14.415776252746582,7.3450469970703125,13.055765151977539,21.782901763916016
1,406019,11.744416236877441,14.862196922302246,-9.573801040649414,-3.519608736038208
1,406019,-8.254655838012695,-9.526568412780762,2.5109760761260986,-32.44984817504883
1,406019,-1.1709362268447876,-10.63556957244873,3.3874731063842773,-2.584730863571167
1,406019,-10.482759475708008,1.9537791013717651,-12.904099464416504,26.508392333984375
1,406019,-5.603069305419922,10.037590026855469,-3.4310789108276367,0.12292886525392532
1,406019,15.605751037597656,2.501777410507202,-2.4409308433532715,-7.91132116317749
1,406020,4.153124809265137,-10.81943416595459,3.34790301322937,18.773571014404297
1,406020,2.301319122314453,10.314946174621582,2.82366943359375,-15.420886039733887
1,406020,0.22520186007022858,12.108488082885742,-17.719192504882812,-42.08506774902344
1,406020,-13.264710426330566,-4.76183557510376,17.7333984375,29.493860244750977
1,406020,3.000298500061035,-6.937699794769287,19.636363983154297,41.741981506347656
1,406020,8.272512435913086,-11.983786582946777,-29.86264991760254,-23.811914443969727
1,406021,-21.165081024169922,14.902128219604492,2.252732515335083,-19.245853424072266
1,406021,-8.154967308044434,10.794012069702148,24.789073944091797,-4.807610988616943
1,406021,18.13702392578125,-33.13913345336914,-16.871803283691406,9.705977439880371
1,406021,5.811099529266357,-8.965922355651855,-5.919182300567627,12.434423446655273
1,406021,-0.7437557578086853,25.06158447265625,4.963374614715576,-17.310871124267578
1,406021,-9.876631736755371,-2.4125072956085205,-13.437703132629395,-11.50623607635498
1,406022,-5.392904281616211,-7.934475421905518,-3.0973761081695557,15.846648216247559
1,406022,3.193357229232788,15.404450416564941,3.687041759490967,11.101696968078613
1,406022,17.830059051513672,-6.206874370574951,-0.031247207894921303,-15.386078834533691
1,406022,1.7633553743362427,-22.661802291870117,9.740352630615234,-3.4386444091796875
1,406022,-22.968557357788086,-0.8015570640563965,14.435967445373535,14.383731842041016
1,406022,17.014007568359375,14.394222259521484,-22.407434463500977,-11.51248836517334
1,406023,6.377431392669678,-4.678903579711914,-8.381196022033691,-17.71263885498047
1,406023,-22.86195182800293,0.15584008395671844,31.638450622558594,22.026939392089844
1,406023,2.293409585952759,20.385385513305664,-4.0485639572143555,9.900689125061035
1,406023,10.12144947052002,-11.739673614501953,-17.500770568847656,-18.39468002319336
1,406023,-4.218414783477783,-13.05441665649414,2.3553056716918945,9.344246864318848
1,406023,4.519978046417236,20.485570907592773,12.094706535339355,2.118732452392578
1,406024,13.839158058166504,12.043317794799805,4.75599479675293,-1.972123146057129
1,406024,-8.48489761352539,0.5392745137214661,-0.5242271423339844,10.780381202697754
1,406024,-9.104432106018066,-17.851491928100586,5.414543628692627,2.3571794033050537
1,406024,8.5923433303833,-1.7253416776657104,-13.2095947265625,9.433660507202148
1,406024,18.50987434387207,17.232921600341797,-8.276004791259766,-12.806889533996582
1,406024,-1.0894320011138916,-20.48780059814453,0.6842465996742249,2.6136648654937744
1,406025,-23.586570739746094,4.609745025634766,-4.638351917266846,9.590033531188965
1,406025,2.782801628112793,13.598341941833496,1.7359760999679565,-24.183393478393555
1,406025,6.659000396728516,-26.05328941345215,-6.858975410461426,11.438706398010254
1,406025,-10.132291793823242,-13.316093444824219,-6.320955753326416,14.028648376464844
1,406025,-13.036031723022461,10.115886688232422,0.6669967174530029,-28.757675170898438
1,406026,-1.4835758209228516,7.940911293029785,3.520055055618286,-10.149982452392578
1,406026,13.557750701904297,-4.806219100952148,13.047172546386719,8.722185134887695
1,406026,-17.0535945892334,3.3669891357421875,6.706665515899658,10.363300323486328
1,406026,-2.612886428833008,16.71388053894043,0.23752522468566895,7.458536624908447
1,406026,18.973739624023438,6.063398361206055,5.842182636260986,-6.60857629776001
1,406026,-12.033747673034668,-8.60025691986084,-12.176443099975586,2.6550729274749756
1,406027,7.226592063903809,-15.193007469177246,-7.269367218017578,8.600249290466309
1,406027,23.511394500732422,4.6094651222229,14.849030494689941,-10.217525482177734
1,406027,-5.345597743988037,26.023591995239258,-4.856135845184326,-15.093608856201172
1,406027,-17.8648624420166,-7.847200870513916,-4.350282192230225,9.22668170928955
1,406027,1.5244345664978027,-25.804670333862305,5.703216552734375,14.445199012756348
1,406027,9.89128589630127,6.598555088043213,0.012370566837489605,-6.34277868270874
1,406028,-3.0590593814849854,11.55281925201416,8.92172908782959,-0.3930666446685791
1,406028,-2.308478832244873,8.654454231262207,-4.529537200927734,-0.4051673114299774
1,406028,-1.287808895111084,2.374811887741089,-3.3290114402770996,-19.697195053100586
1,406029,-1.2065632343292236,-5.76383638381958,25.18446922302246,3.0135104656219482
1,406029,2.3042657375335693,1.1392886638641357,15.019877433776855,7.860030651092529
1,406030,-3.9727203845977783,-25.009885787963867,-15.386372566223145,-0.7315464615821838
1,406030,9.477622985839844,-5.11210823059082,-29.122663497924805,-2.7667598724365234
1,406030,8.621026039123535,25.368127822875977,3.157747983932495,-0.722094714641571
1,406030,-8.672740936279297,10.52880859375,17.457178115844727,6.009182453155518
1,406030,7.754410266876221,-1.973865270614624,-15.332536697387695,-12.440201759338379
1,406031,0.7587516903877258,-23.429811477661133,-25.781005859375,0.3708499073982239
1,406032,-21.67662239074707,-6.732044219970703,13.866571426391602,21.096792221069336
1,406034,-5.079937934875488,-0.05799349397420883,29.283071517944336,-10.15069580078125
1,406036,15.310319900512695,3.2141830921173096,-6.122642517089844,-28.568225860595703
1,406038,8.671375274658203,20.167417526245117,11.19308853149414,-3.151060104370117
1,406040,-21.726152420043945,-16.337865829467773,-20.202816009521484,39.30308532714844
1,406042,11.663544654846191,9.352095603942871,-6.601091384887695,40.807010650634766
1,406044,36.07429122924805,35.079708099365234,25.421443939208984,-20.380373001098633
1,406046,-33.67715835571289,-32.994178771972656,-42.97146987915039,-48.3240852355957
1,406048,-31.107105255126953,-29.847719192504883,3.6357502937316895,0.2568729817867279
1,406050,15.404346466064453,23.889371871948242,25.07516098022461,49.48203659057617
1,406052,34.25840759277344,22.155567169189453,-28.17317771911621,-7.310682773590088
1,406054,3.238593339920044,-26.873735427856445,-15.067638397216797,-35.767791748046875
1,406056,-45.56880569458008,-24.785924911499023,14.510737419128418,11.35792350769043
1,406058,19.80682945251465,30.253068923950195,41.007957458496094,4.577744483947754
1,406060,31.264198303222656,24.23343276977539,16.06900978088379,25.034385681152344
1,406063,-28.60662078857422,0.8409780859947205,-31.93883514404297,12.27122688293457
1,406064,-3.443368911743164,-3.3739068508148193,-3.477893590927124,-49.8294792175293
1,406067,-2.230778694152832,-21.98311424255371,-6.087591648101807,-17.802701950073242
1,406068,-9.305325508117676,-9.96817684173584,-18.769420623779297,11.919942855834961
1,406071,22.58957862854004,19.797290802001953,13.47855281829834,8.245589256286621
1,406072,-2.6667613983154297,1.652836561203003,12.848616600036621,30.931507110595703
1,406075,-19.657880783081055,-20.31008529663086,3.2317960262298584,6.079171180725098
1,406076,11.768521308898926,-9.213812828063965,1.2953476905822754,-23.113798141479492
1,406077,8.281110763549805,10.86383056640625,0.46930617094039917,-4.558879375457764
1,406251,-21.156599044799805,6.316518783569336,-15.600909233093262,-3.000215768814087
1,406251,-7.452064514160156,15.3960599899292,-24.192941665649414,-7.902167320251465
1,406251,19.7923641204834,2.701451539993286,6.549933433532715,9.166431427001953
1,406251,-9.226722717285156,-46.40060043334961,30.564157485961914,15.38615608215332
1,406252,-3.795745849609375,19.240299224853516,15.277608871459961,-24.204113006591797
1,406252,31.674930572509766,44.69080352783203,-9.496736526489258,27.151805877685547
1,406252,-0.7690960168838501,-20.904760360717773,-11.055530548095703,31.95040512084961
1,406252,-21.10445213317871,-3.845616102218628,6.649747848510742,-66.71915435791016
1,406252,11.26066780090332,1.1339527368545532,0.15879414975643158,6.7656331062316895
1,406252,8.473860740661621,-17.486948013305664,-11.97281265258789,25.219409942626953
1,406253,-20.01195526123047,-4.367718696594238,-5.436878681182861,-17.90818214416504
1,406253,-2.0512704849243164,7.670059680938721,10.61174488067627,19.64931869506836
1,406253,16.02948570251465,3.535034418106079,15.015298843383789,-22.697978973388672
1,406253,-3.4279606342315674,-0.39425623416900635,2.168421745300293,-21.22346305847168
1,406253,-1.3290654420852661,3.368147134780884,0.802029013633728,28.195466995239258
1,406254,5.26889181137085,2.8675434589385986,-13.910236358642578,-3.950828790664673
1,406254,-6.348934173583984,-5.345278263092041,-20.96785545349121,2.4298095703125
1,406254,-13.408218383789062,-13.801864624023438,6.535139560699463,16.07245445251465
1,406254,0.9300381541252136,2.395066499710083,11.175387382507324,-10.853394508361816
1,406254,13.233184814453125,-3.0454626083374023,-12.106297492980957,-14.872775077819824
1,406254,-5.091968536376953,-13.124135971069336,-2.7092766761779785,-14.445062637329102
1,406255,-5.328279495239258,20.527626037597656,10.560349464416504,11.919955253601074
1,406255,4.791406631469727,5.897192001342773,0.2528412938117981,14.368413925170898
1,406255,2.673734426498413,-14.841229438781738,11.788908004760742,-4.144303798675537
1,406255,7.279773712158203,10.724878311157227,1.1480474472045898,-1.8612498044967651
1,406255,3.9761252403259277,8.067633628845215,-16.559236526489258,10.427568435668945
1,406255,-15.223799705505371,12.354483604431152,4.103878974914551,3.7856478691101074
1,406256,-2.5666401386260986,21.500720977783203,14.309830665588379,-18.36029052734375
1,406256,20.26290512084961,-15.189863204956055,-1.0435516834259033,1.5910452604293823
1,406256,-8.181468963623047,-23.78630256652832,-11.11412239074707,6.547980785369873
1,406256,-20.38443946838379,9.987380981445312,6.738998889923096,11.031280517578125
1,406256,10.945272445678711,-5.795831680297852,-1.476287603378296,8.02158260345459
1,406256,17.1362247467041,-11.329506874084473,-17.5069522857666,-24.429689407348633
1,406257,-2.5916740894317627,22.151426315307617,14.116055488586426,-5.248514175415039
1,406257,-11.081008911132812,-0.6933539509773254,14.576786041259766,4.5204925537109375
1,406257,-5.8844122886657715,-26.969215393066406,0.5650624632835388,8.987563133239746
1,406257,-4.0410661697387695,6.924981117248535,0.5370597839355469,22.609249114990234
1,406257,6.169032096862793,16.100337982177734,-17.03121566772461,-23.235944747924805
1,406257,17.07953453063965,-8.076772689819336,-9.84756088256836,-5.749264240264893
1,406258,-0.1457827240228653,-4.478960037231445,5.629741668701172,24.288299560546875
1,406258,-20.341285705566406,5.6573805809021,8.618389129638672,-0.648902952671051
1,406258,-14.09652042388916,-4.835804462432861,8.31515121459961,10.162836074829102
1,406258,28.17601776123047,12.155782699584961,6.362373352050781,-8.251812934875488
1,406258,17.51207733154297,18.921348571777344,-4.533782482147217,-18.449832916259766
1,406258,-33.48341369628906,-23.129966735839844,-7.2159247398376465,-0.08977144956588745
1,406259,13.225543022155762,-11.518668174743652,12.661276817321777,-13.754622459411621
1,406259,32.100730895996094,21.768659591674805,-2.6520299911499023,-4.345334529876709
1,406259,-28.39751434326172,21.28850746154785,-23.11767578125,10.711370468139648
1,406259,-21.84181022644043,-6.2746806144714355,-7.450889587402344,0.4381336569786072
1,406259,12.166841506958008,-14.351775169372559,4.329810619354248,7.007043838500977
1,406259,1.0694010257720947,-0.9782638549804688,4.627108573913574,-9.425329208374023
1,406260,-2.6065943241119385,-29.37066078186035,-5.620398998260498,-3.5112338066101074
1,406260,5.453508377075195,-4.578657150268555,-3.9576048851013184,44.09368133544922
1,406260,-2.381420612335205,22.980445861816406,3.491419792175293,3.08204984664917
1,406260,-11.760825157165527,-15.497010231018066,-13.55799388885498,-36.66069793701172
1,406260,-11.685612678527832,-7.5717387199401855,-0.11676609516143799,13.334867477416992
1,406261,15.332610130310059,-6.527233123779297,8.557722091674805,-2.8898696899414062
1,406261,17.1765079498291,-3.4616172313690186,-4.190511703491211,-30.9099063873291
1,406261,-12.131304740905762,31.339771270751953,26.123682022094727,19.493898391723633
1,406261,-6.546555519104004,10.48772144317627,13.269112586975098,9.75048542022705
1,406261,17.55928611755371,-4.8518853187561035,-18.610326766967773,-21.561628341674805
1,406261,12.245536804199219,6.471587657928467,7.450475692749023,1.0031400918960571
1,406262,-13.83474349975586,2.6622233390808105,10.458133697509766,2.3556532859802246
1,406262,-13.145569801330566,-11.370619773864746,-5.113964080810547,1.8811368942260742
1,406262,10.411530494689941,2.083289861679077,-3.404792070388794,-2.279233932495117
1,406262,15.824679374694824,11.286821365356445,-2.6701292991638184,-25.386707305908203
1,406262,-7.00390100479126,-9.832139015197754,2.806370496749878,2.432739019393921
1,406262,-14.742069244384766,1.0401136875152588,-2.2656090259552,42.13095474243164
1,406263,1.4062154293060303,5.210252285003662,-7.869227409362793,-2.0856668949127197
1,406263,12.542525291442871,-8.08188533782959,0.8891865611076355,-18.391521453857422
1,406263,-2.8400626182556152,-10.796374320983887,-4.717401027679443,25.575788497924805
1,406263,-13.712432861328125,-4.938179016113281,-2.3426144123077393,-3.179790496826172
1,406263,2.7668354511260986,11.544291496276855,3.84070086479187,-18.59795570373535
1,406263,-16.393890380859375,-10.299492835998535,-15.366576194763184,21.34375762939453
1,406264,-14.736821174621582,-6.238624572753906,-6.0974273681640625,8.13603401184082
1,406264,32.42216110229492,28.18393898010254,18.84769058227539,-11.200589179992676
1,406264,8.588720321655273,-5.62306022644043,0.8649853467941284,4.605030536651611
1,406264,-27.49254608154297,-36.41164016723633,-12.544145584106445,4.218980312347412
1,406264,9.403148651123047,-3.922462224960327,3.304356098175049,6.8147501945495605
1,406264,20.869474411010742,29.158246994018555,2.935926675796509,20.953914642333984
1,406265,-10.5603666305542,17.207969665527344,-0.05402781069278717,-20.253694534301758
1,406265,-6.422505855560303,-0.3900790512561798,10.637683868408203,-101.32502746582031
1,406265,15.789090156555176,-7.411022186279297,3.2659943103790283,24.586071014404297
1,406265,-2.8980038166046143,-17.01444435119629,-3.5693840980529785,119.2189712524414
1,406265,-4.2599873542785645,-7.3361053466796875,-5.259703159332275,-37.812400817871094
1,406265,4.2924017906188965,22.82719612121582,-10.414650917053223,-38.14928436279297
1,406267,-1.766503095626831,19.89336585998535,29.938310623168945,33.487403869628906
1,406267,24.212299346923828,1.9636199474334717,24.04079246520996,-3.626830577850342
1,406267,-2.132932186126709,-16.257308959960938,-31.01449966430664,-25.525279998779297
1,406267,-32.35212326049805,-19.728675842285156,-9.2814359664917,-2.3018667697906494
1,406267,-5.28208589553833,7.783933639526367,1.5566929578781128,17.944387435913086
1,406268,11.760538101196289,6.544848918914795,-18.46806526184082,-1.939509391784668
1,406268,12.3026704788208,-8.649284362792969,9.074560165405273,-0.8544773459434509
1,406268,-5.440979480743408,2.4754254817962646,18.238510131835938,2.2877438068389893
1,406269,-23.694866180419922,-5.446109771728516,-18.455307006835938,-26.126609802246094
1,406269,-9.10361099243164,-17.86821746826172,-8.78402042388916,-15.022207260131836
1,406272,14.698246002197266,19.894638061523438,10.719911575317383,19.13813591003418
1,406273,17.826326370239258,6.5572404861450195,0.3150164484977722,17.918216705322266
1,406276,-8.36471176147461,-18.298219680786133,21.885601043701172,-20.309173583984375
1,406277,-6.2172346115112305,19.679540634155273,19.484943389892578,-44.71668243408203
1,406280,11.32343578338623,7.4086198806762695,-7.451842784881592,34.206947326660156
1,406281,0.6131463646888733,1.1487804651260376,-19.765310287475586,37.342288970947266
1,406284,5.202182769775391,9.783935546875,-12.707687377929688,-33.06392288208008
1,406285,-9.227506637573242,-6.61301326751709,13.123954772949219,2.0362801551818848
1,406288,6.570641040802002,-3.135852813720703,8.314587593078613,21.95840835571289
1,406289,6.5279459953308105,-20.852188110351562,-25.25391960144043,10.670944213867188
1,406292,-14.039702415466309,0.02007180266082287,-20.68720245361328,-1.9238003492355347
1,406293,4.222964763641357,16.00390625,29.637784957885742,-28.333324432373047
1,406296,-11.764555931091309,-20.666786193847656,8.99631404876709,-5.761264324188232
1,406297,1.8225895166397095,-3.5994465351104736,-16.862869262695312,22.78746795654297
1,406300,5.033227920532227,11.485579490661621,11.38174057006836,23.925342559814453
1,406301,-9.926316261291504,0.31580665707588196,-3.7589378356933594,1.567124366760254
1,406304,17.696353912353516,14.883428573608398,-4.77532958984375,-19.575035095214844
1,406305,-0.6838133335113525,-1.6974279880523682,-1.5192475318908691,-29.77996826171875
1,406479,-14.470678329467773,-18.498750686645508,14.759942054748535,6.3596320152282715
1,406479,14.383261680603027,9.227288246154785,29.076892852783203,43.50748062133789
1,406479,-13.736608505249023,9.226044654846191,-20.195995330810547,-14.439750671386719
1,406480,-14.405527114868164,-0.5367371439933777,-3.3723886013031006,-17.5596981048584
1,406480,33.433570861816406,7.9762115478515625,3.783841609954834,-5.564116954803467
1,406480,13.453941345214844,4.7819952964782715,-19.29808807373047,-0.121998131275177
1,406480,-21.763427734375,-18.873563766479492,-5.541051864624023,29.832679748535156
1,406480,-7.00408411026001,-4.686315536499023,3.5878021717071533,2.5434820652008057
1,406481,14.272567749023438,11.936195373535156,6.67999792098999,-11.748679161071777
1,406481,-2.541867256164551,-8.579081535339355,0.8767167925834656,-9.785584449768066
1,406481,-18.35734748840332,-4.37837028503418,-0.4635688066482544,-10.117377281188965
1,406481,10.787577629089355,8.017138481140137,-13.356226921081543,2.7646114826202393
1,406481,8.38391399383545,10.219609260559082,-9.689934730529785,3.545086622238159
1,406481,-22.886573791503906,-16.108739852905273,0.7826300263404846,0.7232525944709778
1,406482,7.68127965927124,-13.979643821716309,-5.9293599128723145,4.509172439575195
1,406482,13.813961029052734,5.953107833862305,0.5228142738342285,6.972823143005371
1,406482,-22.368244171142578,-5.241334438323975,11.158106803894043,0.3032769560813904
1,406482,1.1313393115997314,-0.03757140412926674,-2.439929723739624,-19.722421646118164
1,406482,28.48697280883789,5.736847400665283,-5.6965813636779785,-11.561861991882324
1,406482,-5.312292098999023,-0.6163404583930969,12.723933219909668,2.7353780269622803
1,406483,-20.329893112182617,-11.073269844055176,17.025392532348633,16.849897384643555
1,406483,-1.815571665763855,-12.449315071105957,-12.281753540039062,10.74771785736084
1,406483,-3.938790798187256,13.970190048217773,-16.368738174438477,-25.86115837097168
1,406483,8.035292625427246,30.08856201171875,27.138425827026367,5.139686584472656
1,406483,14.174429893493652,3.6622111797332764,21.145662307739258,17.2512149810791
1,406483,2.500767469406128,-8.983887672424316,-15.367565155029297,-13.267287254333496
1,406484,9.922139167785645,14.83310604095459,-13.357912063598633,2.170738458633423
1,406484,-3.183001756668091,7.789694786071777,4.0104875564575195,-0.7430877685546875
1,406484,-8.57454776763916,-14.1226806640625,21.288015365600586,0.8494340777397156
1,406484,1.5116099119186401,0.9391262531280518,10.118414878845215,29.623512268066406
1,406484,2.4734103679656982,11.103726387023926,-12.061028480529785,3.2510170936584473
1,406484,7.509073257446289,-3.0855164527893066,-8.828570365905762,-27.786521911621094
1,406485,-1.830041766166687,-10.253111839294434,-8.458976745605469,-15.463726997375488
1,406485,-6.172476291656494,1.7091238498687744,-5.804732322692871,4.607245922088623
1,406485,-2.69762921333313,6.385156631469727,-11.286375999450684,6.966710567474365
1,406485,-13.242416381835938,-9.74719524383545,9.02975082397461,-5.871192455291748
1,406485,-4.954774856567383,-6.871977806091309,25.373376846313477,4.883291244506836
1,406486,13.548666954040527,-6.346278667449951,-16.22088050842285,3.461124897003174
1,406486,-3.4866249561309814,-8.843687057495117,-12.70959758758545,-9.212019920349121
1,406486,-4.250339031219482,1.8427577018737793,9.759130477905273,7.982298374176025
1,406486,16.03341293334961,7.526678085327148,4.455172538757324,8.606847763061523
1,406486,3.161970615386963,8.330385208129883,4.102679252624512,-9.952738761901855
1,406486,-9.149043083190918,-10.62956428527832,-10.917593002319336,20.46520233154297
1,406487,-7.536163806915283,-14.934350967407227,0.29511260986328125,34.044734954833984
1,406487,-19.027605056762695,8.77260684967041,8.858920097351074,-25.415966033935547
1,406487,9.925888061523438,24.681413650512695,-12.560322761535645,-31.33285140991211
1,406487,21.52748680114746,-1.6237256526947021,-0.1508033722639084,11.258782386779785
1,406487,-12.502684593200684,-20.876558303833008,-1.5810095071792603,1.597283959388733
1,406487,-3.3381731510162354,0.9481056928634644,-9.732921600341797,-13.849000930786133
1,406488,0.1782839298248291,17.310014724731445,12.298808097839355,-22.290861129760742
1,406488,-0.9263940453529358,16.22746467590332,2.752230405807495,3.7074027061462402
1,406488,14.737141609191895,-6.751808166503906,-10.254142761230469,32.86594009399414
1,406488,-3.3009188175201416,-31.261247634887695,8.07901382446289,-4.997899532318115
1,406488,-14.411988258361816,-4.5964765548706055,2.7594172954559326,-9.858057975769043
1,406488,15.476737976074219,36.661354064941406,-5.194727897644043,4.343437194824219
1,406489,12.336095809936523,12.061434745788574,19.697036743164062,-9.308341979980469
1,406489,-5.780154705047607,-27.532052993774414,-0.9703843593597412,2.557141065597534
1,406489,-14.153397560119629,-26.64092254638672,-16.012880325317383,17.73865509033203
1,406489,-7.262123107910156,10.371601104736328,-1.431814432144165,4.283071041107178
1,406489,7.83939266204834,18.868093490600586,-8.214801788330078,8.748455047607422
1,406489,-0.08932569622993469,-3.579467535018921,4.986818313598633,-3.4387691020965576
1,406490,14.91030216217041,1.9584259986877441,5.380803108215332,-17.63138198852539
1,406490,-15.09014892578125,-22.996671676635742,7.52134370803833,11.15206241607666
1,406490,-31.86725616455078,-1.351645588874817,1.7262934446334839,-6.347438335418701
1,406490,32.87416458129883,29.9014892578125,-15.03019905090332,-7.492562770843506
1,406490,20.288755416870117,-14.425346374511719,2.1409997940063477,23.44215202331543
1,406490,-16.603315353393555,-6.1003804206848145,1.4245799779891968,-12.713974952697754
1,406491,10.693236351013184,4.707368850708008,-3.5813632011413574,-24.069631576538086
1,406491,-7.467732906341553,-7.294064998626709,-2.4845447540283203,9.03605842590332
1,406491,-16.874692916870117,15.170343399047852,-7.848831653594971,1.3851701021194458
1,406491,6.292813301086426,-3.159785747528076,6.928852558135986,7.480014324188232
1,406491,-8.334033966064453,-20.402118682861328,12.344234466552734,14.786659240722656
1,406491,8.595754623413086,21.695825576782227,4.382100582122803,-13.985501289367676
1,406492,17.641525268554688,10.351869583129883,-11.827876091003418,-6.134320259094238
1,406492,-0.5303729176521301,-30.51701545715332,-16.172758102416992,5.057735919952393
1,406492,-14.711591720581055,-1.6798115968704224,3.9577865600585938,-9.864073753356934
1,406492,-13.464371681213379,14.02674674987793,-1.7661848068237305,5.255425453186035
1,406492,13.21729564666748,0.6518556475639343,7.5922675132751465,5.540342807769775
1,406492,15.571619033813477,14.377355575561523,19.18511962890625,-13.457084655761719
1,406493,-9.922303199768066,-0.20768682658672333,-2.5998120307922363,7.875593185424805
1,406493,-18.612594604492188,-9.057459831237793,-0.40991365909576416,20.614028930664062
1,406493,17.817346572875977,1.5070383548736572,-6.456321716308594,-5.926384925842285
1,406493,8.663209915161133,14.180526733398438,-4.5770087242126465,-16.74871826171875
1,406493,-15.363390922546387,2.2815301418304443,2.6388115882873535,2.2444028854370117
1,406494,-7.323990345001221,-30.247337341308594,5.379121780395508,3.317267417907715
1,406494,-10.469606399536133,3.8735451698303223,16.469196319580078,0.36149588227272034
1,406495,23.212495803833008,13.763276100158691,-1.952332854270935,8.022865295410156
1,406495,29.620277404785156,-10.050102233886719,-13.913529396057129,-10.590999603271484
1,406495,-18.638486862182617,2.67012882232666,-7.5083513259887695,-13.129375457763672
1,406495,-28.999160766601562,5.879158020019531,8.209871292114258,11.795498847961426
1,406496,5.8102030754089355,8.449167251586914,11.713640213012695,1.1150747537612915
1,406496,26.056629180908203,-0.7419700026512146,1.7117042541503906,-14.523829460144043
1,406496,9.2943696975708,-18.951560974121094,-3.3010036945343018,1.934571623802185
1,406496,-16.14182472229004,10.918682098388672,-1.4962798357009888,28.565086364746094
1,406497,-10.3818998336792,5.049188137054443,-5.899609565734863,-1.4563368558883667
1,406498,1.276094913482666,-20.97153091430664,-0.3943137526512146,-28.818788528442383
1,406500,1.013841986656189,17.10795021057129,4.637006759643555,27.317903518676758
1,406502,3.7075228691101074,2.7595715522766113,-27.037221908569336,11.463923454284668
1,406504,-11.60774040222168,-12.750923156738281,10.714520454406738,-24.501022338867188
1,406506,-8.731513977050781,28.98261260986328,13.511102676391602,7.831386089324951
1,406508,15.289259910583496,-9.156167030334473,-25.65224266052246,7.056800365447998
1,406510,14.646066665649414,-27.873674392700195,29.101978302001953,-20.418548583984375
1,406512,-11.576111793518066,15.008895874023438,11.848193168640137,-20.608890533447266
1,406514,-9.86422348022461,17.245214462280273,-33.58926010131836,15.244789123535156
1,406516,15.333823204040527,-1.27921724319458,-2.6779913902282715,8.246621131896973
1,406518,-8.597475051879883,-30.830699920654297,35.002376556396484,9.496417999267578
1,406520,-16.97849464416504,-5.899002552032471,-15.537310600280762,32.12495422363281
1,406522,26.52839469909668,45.56731033325195,-28.312082290649414,-30.335777282714844
1,406524,-1.2388660907745361,2.571367025375366,41.51884841918945,-23.331157684326172
1,406526,-1.6011146306991577,-14.882128715515137,2.511610507965088,39.34246063232422
1,406528,9.51608657836914,8.427576065063477,-18.917699813842773,7.658819675445557
1,406530,-25.380107879638672,-33.62151336669922,0.2892920672893524,-25.93193817138672
1,406533,14.143310546875,-18.148632049560547,-27.28431510925293,-29.38325309753418
1,406534,9.767696380615234,27.599397659301758,-4.976576805114746,-0.5725058317184448
1,406537,-8.061366081237793,1.9544024467468262,42.54138946533203,21.911203384399414
1,406538,-21.229618072509766,-28.301912307739258,7.052262306213379,6.829511642456055
1,406541,-2.5303332805633545,20.793010711669922,-15.636232376098633,3.8483622074127197
1,406542,41.70444869995117,46.92839813232422,0.13896970450878143,-9.32422161102295
1,406545,-14.203017234802246,-26.91036033630371,-15.74326229095459,8.37825870513916
1,406546,-19.076637268066406,-45.396026611328125,-34.1395263671875,14.74499797821045
1,406547,16.291011810302734,4.51902961730957,-4.853045463562012,-19.176897048950195
1,406730,-2.6416947841644287,46.150882720947266,62.5926399230957,-17.04741668701172
1,406730,-7.418575286865234,24.993989944458008,17.682174682617188,-15.544269561767578
1,406730,9.372407913208008,-23.083330154418945,-36.573760986328125,19.407073974609375
1,406731,9.023235321044922,-9.307626724243164,2.4627580642700195,21.29156494140625
1,406731,-14.000398635864258,5.534952640533447,21.423404693603516,-7.917116641998291
1,406731,-1.6209592819213867,-4.230105400085449,1.5455222129821777,-0.08272461593151093
1,406731,6.734054088592529,-14.380084037780762,-2.5774354934692383,-9.652935981750488
1,406731,0.7031964659690857,-4.653102397918701,5.189530849456787,5.789173126220703
1,406731,12.722332000732422,-1.2645866870880127,-7.23527717590332,-2.280743360519409
1,406732,-8.953119277954102,-1.109566569328308,-9.354667663574219,-4.439352035522461
1,406732,-24.1492862701416,11.923389434814453,4.178277969360352,30.64275360107422
1,406732,3.25716495513916,-10.018210411071777,4.56203031539917,3.2821924686431885
1,406732,26.734310150146484,-9.390531539916992,-22.67376708984375,-3.628312349319458
1,406732,-1.797326922416687,16.569351196289062,-8.41361141204834,6.891645431518555
1,406732,-28.36166000366211,9.519535064697266,7.936736106872559,-7.232817649841309
1,406733,-15.47867488861084,-4.297842502593994,-0.7133403420448303,-10.925064086914062
1,406733,14.592446327209473,-1.0510549545288086,14.590262413024902,-8.751903533935547
1,406733,21.809415817260742,0.7830027937889099,-11.421358108520508,5.029809474945068
1,406733,-13.600497245788574,-22.028945922851562,-11.887349128723145,-10.449371337890625
1,406733,-3.524090051651001,-20.465133666992188,20.870328903198242,-3.6368765830993652
1,406733,16.49599838256836,28.469446182250977,-1.9591701030731201,11.391621589660645
1,406734,-11.018814086914062,21.647226333618164,-14.276632308959961,5.561469554901123
1,406734,-5.649174213409424,5.233057975769043,3.951446294784546,-4.368302345275879
1,406734,22.447738647460938,4.8318257331848145,3.875701904296875,-36.493751525878906
1,406734,-2.600889205932617,-31.189252853393555,-7.90247917175293,-3.484724521636963
1,406734,-22.810060501098633,-7.836370944976807,8.421895027160645,31.50771713256836
1,406735,9.622867584228516,16.004913330078125,11.336689949035645,-14.775776863098145
1,406735,3.5669264793395996,5.7936882972717285,-16.031749725341797,-23.856943130493164
1,406735,-12.433993339538574,-1.9588004350662231,1.2580785751342773,18.694292068481445
1,406735,8.685306549072266,-8.208162307739258,25.20477294921875,22.472980499267578
1,406735,12.04244327545166,-3.0451138019561768,-6.983825206756592,-3.024733066558838
1,406735,3.7692224979400635,3.5043396949768066,-23.147552490234375,6.1511054039001465
1,406736,-11.840758323669434,8.917698860168457,9.309794425964355,18.82472801208496
1,406736,-11.149109840393066,-2.538426399230957,6.080301284790039,-2.527026891708374
1,406736,4.099770545959473,12.558109283447266,1.4219944477081299,-16.890594482421875
1,406736,-7.479676246643066,-12.96078109741211,15.864615440368652,-8.212636947631836
1,406736,-7.012192726135254,-18.488101959228516,-3.3688206672668457,11.788407325744629
1,406736,18.05135726928711,36.17544937133789,5.163954257965088,17.76665496826172
1,406737,13.197127342224121,13.240511894226074,16.43058967590332,-17.079334259033203
1,406737,-15.316436767578125,-19.91022300720215,-1.6003459692001343,-19.0283203125
1,406737,-0.41482144594192505,-5.597411155700684,-0.7280850410461426,29.48702049255371
1,406737,11.475325584411621,5.87581729888916,-13.154693603515625,1.3233177661895752
1,406737,-1.28434157371521,2.4001941680908203,-17.04877471923828,-46.77785110473633
1,406737,13.423970222473145,-20.031251907348633,6.655017852783203,-4.487976551055908
1,406738,3.62634015083313,-6.190822124481201,-11.775524139404297,31.516374588012695
1,406738,-7.742400646209717,13.98704719543457,-19.556499481201172,-2.159623861312866
1,406738,-8.450618743896484,-16.476058959960938,9.912928581237793,-3.8018782138824463
1,406738,-9.113266944885254,7.487218856811523,5.798585891723633,20.53866195678711
1,406738,22.424179077148438,26.959529876708984,5.526857852935791,-13.46602725982666
1,406738,7.477417945861816,-10.491010665893555,-2.569528102874756,-17.5780029296875
1,406739,-31.70616912841797,-18.55526351928711,-14.944273948669434,5.386632919311523
1,406739,3.0027785301208496,7.620223522186279,17.52570152282715,12.8753662109375
1,406739,30.33094024658203,19.518543243408203,18.883346557617188,7.088369369506836
1,406739,-24.021886825561523,-7.904810428619385,-13.038548469543457,-6.564362049102783
1,406739,-22.677682876586914,-6.768165588378906,-11.703438758850098,27.621280670166016
1,406739,32.20735549926758,5.543362140655518,-3.162842035293579,19.524940490722656
1,406740,-3.678921937942505,-10.305608749389648,-3.4688515663146973,-25.324552536010742
1,406740,-22.45494270324707,14.531014442443848,5.990359783172607,-14.56942081451416
1,406740,12.442096710205078,3.317521095275879,1.7026807069778442,2.9820754528045654
1,406740,-3.257019519805908,-17.62729263305664,-10.248639106750488,2.143963098526001
1,406740,-10.593343734741211,8.831006050109863,-8.458901405334473,7.182709693908691
1,406740,1.9777116775512695,-17.844703674316406,11.739150047302246,6.868637561798096
1,406741,9.229451179504395,-1.4959701299667358,11.992720603942871,-28.16132926940918
1,406741,13.5289888381958,15.919931411743164,-14.072305679321289,-26.46556282043457
1,406741,-4.6737236976623535,-18.02961540222168,1.254680871963501,30.357881546020508
1,406741,-11.02373218536377,11.21389102935791,6.588977336883545,17.196022033691406
1,406741,-9.965405464172363,10.143366813659668,-0.3804876506328583,-18.305147171020508
1,406741,14.879903793334961,-11.976632118225098,1.6168699264526367,-11.458588600158691
1,406742,25.062042236328125,-9.57149600982666,-7.338983535766602,3.9688479900360107
1,406742,-17.546119689941406,7.59794282913208,3.1290972232818604,21.022621154785156
1,406742,-17.232589721679688,14.709834098815918,0.39944031834602356,-3.738758087158203
1,406742,17.841995239257812,-14.336470603942871,-11.029026985168457,-9.532814979553223
1,406742,-5.0745368003845215,7.299464702606201,-6.079070091247559,11.44862174987793
1,406742,-19.525693893432617,1.4469021558761597,17.335420608520508,-14.229376792907715
1,406743,21.66682243347168,-15.623955726623535,13.281636238098145,-26.08730697631836
1,406743,11.293777465820312,9.073098182678223,-20.348764419555664,-0.850085437297821
1,406743,-29.11800193786621,-6.9160356521606445,-7.488258361816406,27.69407081604004
1,406743,-14.850544929504395,-4.026130199432373,21.079029083251953,18.701366424560547
1,406743,22.007080078125,28.415504455566406,13.386051177978516,-30.682514190673828
1,406743,26.569202423095703,5.1013970375061035,-4.754558086395264,-23.11570930480957
1,406744,-7.843704700469971,-26.576385498046875,-2.705054998397827,43.08191680908203
1,406744,-25.429866790771484,4.858628749847412,9.917130470275879,25.787511825561523
1,406744,7.310009956359863,20.298248291015625,9.700483322143555,-32.2166862487793
1,406744,8.701892852783203,-15.37666130065918,-11.5504789352417,-0.23326832056045532
1,406744,-1.4519410133361816,-9.87185287475586,-3.7799291610717773,18.66996192932129
1,406745,2.383573293685913,9.227667808532715,14.578292846679688,-20.410764694213867
1,406745,-15.913580894470215,-18.70697593688965,-7.5456624031066895,1.3187527656555176
1,406745,0.8403481841087341,-0.8898021578788757,-4.723324298858643,23.783082962036133
1,406745,14.155652046203613,31.45452308654785,0.4473820626735687,-23.63141441345215
1,406745,-6.593787670135498,-8.056391716003418,-21.918790817260742,-17.094823837280273
1,406745,-2.5549232959747314,-15.02163028717041,-8.386629104614258,20.47492027282715
1,406747,14.631195068359375,24.255687713623047,-14.400684356689453,-3.7467763423919678
1,406747,10.960112571716309,7.857665061950684,-18.24154281616211,-18.23018455505371
1,406747,-8.144975662231445,-21.86431312561035,32.97991180419922,10.80177116394043
1,406747,-2.8068630695343018,-5.0909743309021,25.39581298828125,1.640203833580017
1,406747,12.016573905944824,12.621743202209473,-0.9928486943244934,-12.768004417419434
1,406747,-0.7435838580131531,13.64342212677002,7.619806289672852,2.0629448890686035
1,406748,0.8421639204025269,-11.75483226776123,-1.9979231357574463,13.086762428283691
1,406748,-1.8589643239974976,-13.847387313842773,5.954278945922852,14.815503120422363
1,406749,-19.912263870239258,2.141284465789795,20.018909454345703,-6.254454135894775
1,406750,-6.000296592712402,-6.50445556640625,-29.545757293701172,-15.428974151611328
1,406752,4.263970851898193,24.35586166381836,-1.6399718523025513,14.023638725280762
1,406755,-7.096909523010254,-15.488868713378906,32.2547721862793,14.214117050170898
1,406756,-18.004358291625977,-39.017784118652344,-33.40995407104492,-21.871171951293945
1,406759,1.8030084371566772,34.971336364746094,1.4277191162109375,-3.9930875301361084
1,406760,26.27724266052246,25.565975189208984,6.058248043060303,21.103967666625977
1,406761,5.03237771987915,-15.218155860900879,-28.14855194091797,54.88552474975586
1,406764,-18.591644287109375,-20.8104248046875,-10.382620811462402,-27.76497459411621
1,406765,-1.355130672454834,0.1250225454568863,9.648088455200195,-115.95870208740234
1,406768,28.832551956176758,18.69095802307129,12.113520622253418,55.78105926513672
1,406769,5.932270050048828,16.94626235961914,-10.096384048461914,85.9438705444336
1,406772,-26.01161003112793,-12.629861831665039,1.8208082914352417,-69.4847640991211
1,406773,1.7710703611373901,-25.479660034179688,9.5651273727417,-36.6703987121582
1,406776,15.715031623840332,3.8988664150238037,17.70728302001953,36.563079833984375
1,406777,-6.101594924926758,4.761051177978516,4.536848545074463,-0.5274598598480225
1,406780,2.4884297847747803,12.313634872436523,-9.265826225280762,11.822403907775879
1,406781,3.239475727081299,-2.2625839710235596,-0.03230125084519386,22.395153045654297
1,406784,-9.60782241821289,-29.947126388549805,-25.66143798828125,-35.84950256347656
1,406785,8.729707717895508,27.460693359375,-10.447139739990234,-3.454165458679199
1,406788,-21.862716674804688,21.618200302124023,38.056800842285156,36.311927795410156
1,406789,-23.534997940063477,-26.38490104675293,13.559471130371094,-27.355167388916016
1,406792,43.636077880859375,12.970503807067871,-22.115903854370117,-39.186180114746094
1,406793,18.762285232543945,16.443838119506836,4.396198272705078,27.971363067626953
1,406796,-20.33670425415039,-19.08256721496582,3.930037498474121,17.73887825012207
1,406797,-14.830924987792969,-8.944808959960938,-20.693265914916992,-9.275782585144043
1,406800,-1.4065661430358887,22.422025680541992,11.800402641296387,-1.3637759685516357
2,408450,9.189014434814453,7.448162078857422,-2.9074437618255615,-12.354514122009277
2,408451,0.993762731552124,-14.369470596313477,-22.851909637451172,-4.053536415100098
2,408454,1.488785982131958,-21.719507217407227,27.435653686523438,16.103796005249023
2,408456,-17.538894653320312,-11.363203048706055,16.301055908203125,23.508024215698242
2,408458,2.629086971282959,22.705759048461914,-14.905892372131348,-2.3328328132629395
2,408460,28.965055465698242,-0.35778695344924927,-4.087669849395752,-0.5011813044548035
2,408462,-17.195934295654297,-22.80956268310547,-14.858004570007324,-4.929535865783691
2,408464,-7.375194072723389,15.970130920410156,-9.978278160095215,-11.00646686553955
2,408466,31.54964828491211,25.147356033325195,28.91776466369629,31.793994903564453
2,408477,-4.587342739105225,-15.339727401733398,7.495138645172119,-5.986320972442627
2,408477,-29.047697067260742,-18.276473999023438,-29.50716209411621,-46.50947570800781
2,408478,1.489209532737732,6.15867280960083,-2.4503493309020996,2.0709617137908936
2,408478,11.516667366027832,-0.7472037076950073,20.924041748046875,17.616113662719727
2,408478,-5.724079132080078,-11.690312385559082,2.816218614578247,6.845226287841797
2,408478,-7.033279895782471,8.968692779541016,-7.786001682281494,-0.974155068397522
2,408479,3.063403367996216,22.929096221923828,-21.538799285888672,-19.8587703704834
2,408482,26.229841232299805,20.804210662841797,29.465688705444336,25.147254943847656
2,408483,0.45156583189964294,6.040472984313965,33.897178649902344,28.797971725463867
2,408486,-42.17011260986328,-25.858814239501953,-55.781097412109375,-46.27311706542969
2,408487,4.766719341278076,-13.528443336486816,-6.864464282989502,-25.852481842041016
2,408490,27.379682540893555,0.9464719295501709,26.010963439941406,10.782949447631836
2,408491,-1.9126588106155396,3.1886425018310547,-2.302210807800293,7.96579122543335
2,408494,-7.227311134338379,5.405616283416748,8.597356796264648,29.77690315246582
2,408495,-3.631625175476074,-12.713808059692383,9.263419151306152,2.5778017044067383
2,408498,-9.3656644821167,-5.015285015106201,-12.862565994262695,-21.1543025970459
2,408500,2.8909590244293213,9.382709503173828,-22.456148147583008,12.302436828613281
2,408502,18.830535888671875,-0.18375881016254425,4.677216529846191,-15.541250228881836
2,408528,4.324946880340576,2.6417627334594727,15.4219331741333,-6.078927040100098
2,408528,-3.7876389026641846,4.5945563316345215,-3.3109991550445557,39.87173080444336
2,408528,-5.5005574226379395,-8.263518333435059,-0.5585263967514038,0.8235228061676025
2,408528,-7.823945999145508,11.516273498535156,6.168306350708008,-12.72187328338623
2,408529,-4.597379684448242,15.717543601989746,-9.024369239807129,-6.028209686279297
2,408529,13.15566635131836,-16.572174072265625,-10.51708698272705,-10.533716201782227
2,408529,10.652181625366211,-15.795722007751465,-8.593382835388184,-4.379665374755859
2,408529,-22.708284378051758,-0.949791669845581,8.168903350830078,3.9190425872802734
2,408529,-17.328271865844727,-3.115039348602295,2.0676448345184326,-4.675004959106445
2,408529,23.879899978637695,-1.633678913116455,-12.864531517028809,-26.870718002319336
2,408530,13.850759506225586,1.6997185945510864,4.79429817199707,-2.968982219696045
2,408530,-23.113412857055664,2.208383798599243,5.487850666046143,20.59912109375
2,408530,-13.250609397888184,-0.7193101644515991,4.739757061004639,13.06743335723877
2,408531,19.730356216430664,3.599914073944092,43.07038879394531,1.7176272869110107
2,408531,30.427576065063477,15.778697967529297,20.780261993408203,-15.038385391235352
2,408534,-15.398401260375977,-18.234485626220703,-34.67527770996094,-8.420781135559082
2,408535,-25.99615478515625,-13.553462028503418,2.766880750656128,27.4826717376709
2,408538,19.139863967895508,26.91303062438965,2.6999857425689697,28.22502326965332
2,408539,9.15418529510498,10.299330711364746,-19.20977210998535,-18.866973876953125
2,408542,-7.989832401275635,4.330008506774902,10.731976509094238,-15.057879447937012
2,408543,5.440377235412598,-15.564485549926758,-6.964959621429443,0.31719914078712463
2,408546,-16.00423240661621,-13.668664932250977,-15.604659080505371,10.259286880493164
2,408547,-7.719607353210449,27.716854095458984,-2.922999143600464,16.03499984741211
2,408550,31.15022850036621,-8.077777862548828,-4.589229583740234,-18.568578720092773
2,408551,1.621885895729065,-31.54163360595703,7.593690395355225,-3.323960781097412
2,408554,-24.769216537475586,4.4304962158203125,3.1005196571350098,0.9355725646018982
2,408592,-5.0353498458862305,17.016233444213867,-13.86223316192627,-19.230331420898438
2,408592,1.490222454071045,11.15673828125,-10.222329139709473,3.0838825702667236
2,408592,-4.812036514282227,-21.66948127746582,13.041886329650879,5.9948344230651855
2,408592,3.246248245239258,-1.1299023628234863,22.387378692626953,-8.881930351257324
2,408593,5.052571773529053,21.741857528686523,8.993863105773926,1.8589369058609009
2,408593,2.8844075202941895,-15.276883125305176,-4.424081325531006,7.303656578063965
2,408593,-8.68907642364502,-5.776728630065918,-5.638962268829346,1.2469755411148071
2,408593,-3.421299695968628,13.501856803894043,-1.1157790422439575,-6.754540920257568
2,408593,20.309661865234375,1.475962519645691,4.810416221618652,7.21341609954834
2,408593,-5.002602577209473,-1.1892074346542358,4.663877964019775,26.716251373291016
2,408594,-12.82162857055664,2.150153636932373,2.7464993000030518,-9.178632736206055
2,408594,11.765384674072266,3.2463696002960205,-4.159496307373047,-11.534194946289062
2,408594,14.023221969604492,3.2140798568725586,-3.443598985671997,19.01653289794922
2,408594,2.503110647201538,-12.744187355041504,11.631670951843262,2.3810834884643555
2,408594,-8.233198165893555,-3.6832756996154785,5.08043909072876,-14.680517196655273
2,408594,-11.984777450561523,6.2304534912109375,-16.788084030151367,-11.969036102294922
2,408595,1.7835681438446045,-2.733720302581787,-17.699668884277344,2.4175994396209717
2,408595,10.565037727355957,2.123762607574463,-0.0756322517991066,0.02886199951171875
2,408595,-9.566198348999023,-0.09615938365459442,-1.9700431823730469,-11.141963005065918
2,408596,-3.7503209114074707,-2.3485169410705566,-10.05946159362793,20.52523422241211
2,408597,-0.5505644083023071,2.783789873123169,0.4638412892818451,14.164271354675293
2,408598,7.6730055809021,9.805756568908691,9.430316925048828,-36.655609130859375
2,408601,16.21668815612793,-3.3851675987243652,4.309683322906494,3.304074287414551
2,408602,-16.22203254699707,-22.969791412353516,-12.79065227508545,32.297542572021484
2,408603,-14.210174560546875,11.434581756591797,2.199042797088623,-25.922311782836914
2,408606,12.047213554382324,12.965747833251953,9.31477165222168,-12.435307502746582
2,408607,14.558364868164062,-7.727188587188721,-4.655632972717285,14.451655387878418
2,408610,-9.82288646697998,14.528196334838867,-4.0937323570251465,10.597599029541016
2,408611,-16.81929588317871,-12.161835670471191,2.67964506149292,5.966448783874512
2,408614,10.139768600463867,-16.50149917602539,21.984397888183594,-13.969388008117676
2,408615,5.844602108001709,-10.45106029510498,3.7247121334075928,-2.9412050247192383
2,408618,-4.587880611419678,0.3259139358997345,3.113591432571411,-7.185680866241455
2,408619,2.614820957183838,43.12308120727539,-4.321916103363037,-4.532742977142334
2,408622,-12.711743354797363,-7.335770130157471,-26.878015518188477,5.679817199707031
2,408623,-5.544122695922852,-27.83022689819336,11.658246040344238,27.465892791748047
2,408674,11.597064018249512,4.320690631866455,16.792970657348633,2.5382697582244873
2,408674,8.267499923706055,-17.985809326171875,-21.7763614654541,-40.65997314453125
2,408674,-7.843375205993652,17.964439392089844,-3.9610538482666016,7.771859169006348
2,408675,-8.2280855178833,32.257423400878906,13.405674934387207,3.5664656162261963
2,408675,14.316099166870117,-23.268817901611328,-6.174457550048828,-10.214797019958496
2,408675,5.889995098114014,-0.6398208141326904,-1.1386077404022217,6.170217514038086
2,408675,-3.5426552295684814,17.852249145507812,-0.45394590497016907,11.962065696716309
2,408675,4.24097204208374,-18.71764373779297,2.816575050354004,7.905702114105225
2,408675,-3.1142232418060303,-13.64470100402832,19.142183303833008,-10.254716873168945
2,408676,-4.092587471008301,19.713321685791016,13.819168090820312,7.537752628326416
2,408676,-0.1464901566505432,13.503925323486328,-5.651603698730469,15.654688835144043
2,408676,-7.627661228179932,-2.9881815910339355,1.9747940301895142,-2.81913423538208
2,408676,9.26550579071045,-0.4891825020313263,8.125730514526367,-14.113633155822754
2,408676,9.234864234924316,-3.797569513320923,-4.356379985809326,2.45678973197937
2,408677,-12.43198013305664,-7.671141147613525,-8.648282051086426,18.735517501831055
2,408677,-3.7885518074035645,-5.800893783569336,-15.221342086791992,4.097728252410889
2,408677,7.666455268859863,-6.283524513244629,0.7246232032775879,-6.812037944793701
2,408677,-7.8413872718811035,10.948629379272461,12.007535934448242,-11.915449142456055
2,408677,-15.3751220703125,1.4132518768310547,-19.558345794677734,-8.852568626403809
2,408677,6.742058277130127,-11.976502418518066,-22.86918830871582,2.7644429206848145
2,408678,12.121760368347168,9.837047576904297,1.806990623474121,-7.694833755493164
2,408678,4.786033630371094,-3.6752610206604004,2.8496625423431396,-12.783604621887207
2,408678,3.3111658096313477,11.463467597961426,-4.394942760467529,13.81435775756836
2,408678,1.255299687385559,13.615281105041504,-12.240824699401855,3.9545724391937256
2,408678,-2.6372313499450684,-19.3652400970459,11.631959915161133,-17.703731536865234
2,408680,-7.571645736694336,6.530778408050537,25.375118255615234,29.405593872070312
2,408680,5.115377426147461,17.225404739379883,-1.1667838096618652,17.63398551940918
2,408680,8.983826637268066,-10.100875854492188,-16.985618591308594,-31.008398056030273
2,408681,-17.343137741088867,-23.11331558227539,-9.860328674316406,-26.28042221069336
2,408684,-18.23302459716797,-15.181465148925781,22.84185218811035,2.56469988822937
2,408685,4.187719821929932,0.7762730717658997,17.63264274597168,28.65305519104004
2,408688,13.611865043640137,25.7509822845459,-17.76366424560547,13.111352920532227
2,408689,2.6066174507141113,18.675966262817383,-10.530505180358887,4.118826389312744
2,408692,-4.852033615112305,-26.756153106689453,23.969234466552734,-9.398032188415527
2,408693,12.735554695129395,-14.560941696166992,22.07491111755371,-16.6253662109375
2,408696,0.32311806082725525,-0.8474527597427368,-24.61651039123535,-16.217252731323242
2,408697,-11.464141845703125,5.417219161987305,-5.496042251586914,-22.683422088623047
2,408700,2.6523990631103516,28.982282638549805,24.843414306640625,27.37264633178711
2,408701,3.285062074661255,12.392683982849121,-16.29433822631836,58.0175666809082
2,408704,5.853652477264404,-29.608652114868164,-23.58967399597168,0.46371668577194214
2,408705,1.2986762523651123,-19.688663482666016,2.9440152645111084,-17.632295608520508
2,408708,0.7842013835906982,46.48237228393555,15.128880500793457,-17.107728958129883
2,408710,3.028823137283325,11.618690490722656,-25.705238342285156,-28.521223068237305
2,408773,-21.791542053222656,-59.13821029663086,-11.220474243164062,9.534200668334961
2,408773,-9.68747615814209,-13.915093421936035,53.70298767089844,19.892765045166016
2,408773,16.57227897644043,37.66301345825195,1.2593870162963867,1.7904877662658691
2,408773,15.256217956542969,7.8357343673706055,-32.411155700683594,-18.53331756591797
2,408773,4.075597763061523,-9.786591529846191,-1.7689067125320435,-12.347273826599121
2,408773,-20.820880889892578,-12.780556678771973,20.104612350463867,27.605632781982422
2,408774,10.854850769042969,-9.865269660949707,7.084102630615234,-0.022082747891545296
2,408774,2.1518967151641846,18.50699234008789,-8.034416198730469,-23.48164176940918
2,408774,-29.65081214904785,3.903228998184204,3.6268224716186523,5.408798694610596
2,408774,26.453786849975586,-7.686757564544678,-3.676483154296875,-9.2592191696167
2,408774,14.264815330505371,9.452898025512695,-11.180752754211426,1.5669916868209839
2,408774,-27.956815719604492,-1.0737080574035645,1.250414252281189,28.763166427612305
2,408775,-2.8937227725982666,8.89306926727295,4.300864219665527,-8.345460891723633
2,408775,10.697547912597656,10.697628021240234,-6.874503135681152,-7.088497638702393
2,408775,-2.167562961578369,-23.489208221435547,7.663003921508789,16.472379684448242
2,408775,-6.702152252197266,4.653021335601807,3.1733148097991943,-9.61679744720459
2,408775,11.155847549438477,21.19037437438965,-6.0056915283203125,-11.803895950317383
2,408775,9.109833717346191,-18.217647552490234,3.6879796981811523,0.920484185218811
2,408776,-13.613848686218262,-14.724162101745605,-14.094104766845703,-3.604207754135132
2,408776,-7.1609625816345215,8.808606147766113,-10.199117660522461,-8.496343612670898
2,408776,21.536001205444336,12.899801254272461,11.282352447509766,-3.5241596698760986
2,408776,0.5083599090576172,4.84606409072876,-10.341314315795898,17.77144432067871
2,408776,-25.554046630859375,-17.5492000579834,-6.044260501861572,14.917889595031738
2,408776,0.5754533410072327,-3.452932596206665,15.307331085205078,-4.158596992492676
2,408777,16.0831298828125,10.731040954589844,8.737678527832031,-15.417468070983887
2,408777,10.006157875061035,-4.728611946105957,-3.7707457542419434,-2.1641228199005127
2,408777,-11.289301872253418,7.4658122062683105,1.5822440385818481,35.196773529052734
2,408777,-8.690287590026855,2.8232128620147705,20.401500701904297,17.366769790649414
2,408777,-2.0056796073913574,-6.00356912612915,7.81511926651001,-9.317549705505371
2,408778,1.7695435285568237,8.998109817504883,-2.0010790824890137,-0.5856679677963257
2,408778,20.418394088745117,14.940229415893555,2.986435890197754,-9.862834930419922
2,408779,16.180021286010742,27.49461555480957,29.036075592041016,-13.909729957580566
2,408779,8.191889762878418,16.619157791137695,5.620141983032227,10.519499778747559
2,408779,-11.517874717712402,-28.717376708984375,-39.81161880493164,4.929924011230469
2,408781,-20.68524169921875,-45.226680755615234,-12.193355560302734,-16.45378875732422
2,408782,-0.2732508182525635,-25.64271354675293,-13.084315299987793,-0.7586816549301147
2,408783,10.22860336303711,9.412389755249023,-15.950882911682129,-4.061766624450684
2,408786,-8.0131254196167,-0.2623097598552704,-16.377628326416016,-16.64105224609375
2,408787,-20.49072265625,-21.891883850097656,10.581860542297363,2.497558355331421
2,408790,-24.10415267944336,-5.995785236358643,18.937702178955078,19.004642486572266
2,408791,-28.705459594726562,-9.463651657104492,-32.58706283569336,11.007017135620117
2,408794,35.610328674316406,36.14714050292969,34.65518569946289,-6.929998397827148
2,408795,50.08064270019531,37.199073791503906,39.903141021728516,-13.218037605285645
2,408798,-16.70319366455078,-16.042888641357422,-37.12575149536133,-8.028632164001465
2,408799,-9.095993041992188,18.96424674987793,-1.4882726669311523,-2.9096078872680664
2,408802,24.66293716430664,17.05902671813965,7.934780120849609,-15.911992073059082
2,408803,4.788654327392578,-15.906854629516602,-22.434669494628906,3.3150410652160645
2,408806,-22.973182678222656,-9.256093978881836,15.46644401550293,61.92164993286133
2,408807,4.0832366943359375,11.521493911743164,36.536136627197266,22.30392074584961
2,408810,21.29295539855957,-10.340381622314453,-15.787470817565918,-49.672386169433594
2,408811,-9.88764476776123,-47.905452728271484,-24.229721069335938,-17.508460998535156
2,408887,-15.62884521484375,-8.41533088684082,-13.542819023132324,-3.711277961730957
2,408887,-9.47118091583252,6.210633277893066,-19.131120681762695,-14.491411209106445
2,408887,-13.528204917907715,6.384344577789307,37.9904670715332,31.585453033447266
2,408887,-11.525308609008789,23.591537475585938,30.869230270385742,30.916776657104492
2,408887,0.2850414216518402,-6.310886383056641,-29.2172908782959,-16.87507438659668
2,408887,20.7717227935791,-8.544492721557617,-1.9085627794265747,4.165226936340332
2,408888,20.43839454650879,32.36098861694336,24.732398986816406,26.304887771606445
2,408888,6.531544208526611,22.9545841217041,6.967792510986328,-30.11011505126953
2,408888,2.1504132747650146,-6.489633560180664,-1.6576920747756958,-20.469253540039062
2,408888,-2.5467045307159424,-3.3647406101226807,-11.950555801391602,28.956037521362305
2,408888,-4.566504955291748,-19.849124908447266,-33.5153694152832,3.366537570953369
2,408889,-1.5468194484710693,-6.973809242248535,-4.581710338592529,-19.106670379638672
2,408889,0.7101308703422546,6.516129970550537,23.026334762573242,-29.112091064453125
2,408889,0.8745096325874329,-24.525632858276367,-10.32341480255127,-12.074091911315918
2,408889,-16.13825798034668,-7.208486080169678,-7.957578182220459,19.436752319335938
2,408889,-6.287879943847656,11.101984024047852,10.329413414001465,2.2191128730773926
2,408889,16.350555419921875,7.708633899688721,2.9324872493743896,-24.415626525878906
2,408890,-12.90649127960205,22.2622127532959,8.607749938964844,-9.0924654006958
2,408890,-2.1286988258361816,9.24338436126709,9.597151756286621,23.96360206604004
2,408890,22.318065643310547,-14.519017219543457,-6.4477949142456055,10.050699234008789
2,408890,-3.6824073791503906,-1.1281700134277344,-13.257667541503906,-6.794089317321777
2,408890,-2.8773818016052246,6.896726608276367,5.309210777282715,17.979427337646484
2,408890,-0.10405679792165756,-7.914666652679443,15.127137184143066,18.097537994384766
2,408891,2.382716178894043,0.943484365940094,-7.514930248260498,-13.880860328674316
2,408891,0.6787552237510681,7.228267669677734,-10.411198616027832,-23.050935745239258
2,408891,-6.410804748535156,-20.451780319213867,11.313494682312012,10.863012313842773
2,408891,2.6773264408111572,-15.954604148864746,3.5494496822357178,19.027244567871094
2,408891,-6.698117733001709,8.795921325683594,-15.538202285766602,-3.9352588653564453
2,408892,-0.11604002118110657,2.4487838745117188,-3.5898659229278564,1.7667914628982544
2,408892,-0.6152098774909973,14.398714065551758,10.99964714050293,-1.554400086402893
2,408892,-1.7148369550704956,-6.64961051940918,-10.046135902404785,-8.142219543457031
2,408892,12.74071216583252,-34.26937484741211,-19.505645751953125,4.313745975494385
2,408892,-10.54599666595459,18.19568634033203,11.462459564208984,-2.88981294631958
2,408892,-12.767077445983887,34.9241943359375,24.497087478637695,-8.88401985168457
2,408893,13.393918991088867,-14.279906272888184,-5.248736381530762,10.145883560180664
2,408893,12.581609725952148,-14.35566234588623,-13.471573829650879,5.086489200592041
2,408893,-15.301284790039062,-0.7277693152427673,-3.2404866218566895,-1.3077822923660278
2,408894,4.4546217918396,5.834387302398682,8.580044746398926,-17.398075103759766
2,408894,26.40372657775879,19.834026336669922,22.243410110473633,-0.06375689059495926
2,408894,-9.191579818725586,-11.001240730285645,0.33763593435287476,23.516496658325195
2,408895,-13.446561813354492,-15.443384170532227,-19.177690505981445,-23.12131118774414
2,408896,8.528422355651855,46.41262435913086,8.551827430725098,-0.6518353223800659
2,408897,9.597684860229492,39.62248229980469,22.99567413330078,5.724999904632568
2,408900,-33.21915817260742,-47.1811408996582,-32.71666717529297,2.6721420288085938
2,408901,-20.239879608154297,-22.330078125,-15.475272178649902,15.264998435974121
2,408904,37.47549819946289,18.60654067993164,31.384855270385742,1.2871936559677124
2,408905,7.7311506271362305,-16.023784637451172,-18.749454498291016,27.750959396362305
2,408908,-23.58935546875,-5.071850776672363,-32.26940155029297,-19.60028076171875
2,408909,-1.5283998250961304,18.76582908630371,9.506658554077148,-46.74625015258789
2,408912,23.29001808166504,7.0414652824401855,38.78318405151367,-2.890570640563965
2,408913,10.11295223236084,-28.01935386657715,14.335062026977539,31.8421688079834
2,408916,-16.081871032714844,-5.143049240112305,-6.665269374847412,24.236215591430664
2,408917,-11.834542274475098,14.535401344299316,-11.91392993927002,-25.801652908325195
2,408920,9.661706924438477,-15.254271507263184,-10.048211097717285,0.2430027574300766
2,408921,15.983287811279297,15.44773006439209,2.030658483505249,-1.2206920385360718
2,408924,-7.787235260009766,16.461952209472656,4.080589771270752,-11.549993515014648
2,408925,-15.518715858459473,-28.1151180267334,16.809738159179688,28.55450439453125
2,408928,4.3275604248046875,-4.061957836151123,-18.210329055786133,-7.697981357574463
2,409015,11.361976623535156,19.859813690185547,4.327662467956543,-23.876182556152344
2,409015,-6.484032154083252,-6.397823810577393,28.977882385253906,-1.6511926651000977
2,409015,-2.9755330085754395,4.604801177978516,-19.705289840698242,9.140026092529297
2,409015,1.080937385559082,-0.6780300736427307,-13.803647994995117,12.318180084228516
2,409016,-2.349940061569214,-31.438024520874023,-0.9385877251625061,6.433457374572754
2,409016,1.5721937417984009,6.382100582122803,2.3404290676116943,4.361489295959473
2,409016,5.784536838531494,29.84918212890625,4.731918811798096,-20.566787719726562
2,409016,8.20479679107666,-6.160226345062256,1.002099633216858,-12.549002647399902
2,409016,-8.199986457824707,-25.458662033081055,0.30155038833618164,15.692646026611328
2,409016,-8.543112754821777,4.158380031585693,-13.78902816772461,2.2523386478424072
2,409017,8.272012710571289,21.449281692504883,-17.05842399597168,-14.125336647033691
2,409017,0.8968464732170105,-14.073291778564453,-0.09364441782236099,14.401331901550293
2,409017,-17.10646629333496,-13.447592735290527,9.136012077331543,8.589863777160645
2,409017,-15.37120532989502,21.743850708007812,-4.311349391937256,-16.328838348388672
2,409017,9.818822860717773,10.914498329162598,-8.772939682006836,9.58000659942627
2,409017,13.348861694335938,-9.949987411499023,13.66599178314209,5.093114376068115
2,409018,3.484926700592041,6.239038467407227,18.56430435180664,-20.53231430053711
2,409018,14.19896411895752,14.074372291564941,-3.5676920413970947,-17.38222312927246
2,409018,-7.985050201416016,4.196409702301025,0.10779932141304016,15.224308967590332
2,409018,-18.006378173828125,-13.490939140319824,2.5597147941589355,30.74644660949707
2,409018,0.22460663318634033,-17.468807220458984,-5.764251232147217,8.854009628295898
2,409019,4.722386837005615,10.893499374389648,10.2945556640625,-16.163421630859375
2,409019,7.396963596343994,-1.0369954109191895,-2.811899423599243,-10.006566047668457
2,409019,-1.0854395627975464,-7.250661849975586,-20.60120391845703,11.871011734008789
2,409019,-15.695034980773926,-1.6766741275787354,1.5561493635177612,-0.20740751922130585
2,409019,-0.0619601346552372,-21.92339324951172,10.585968017578125,1.3424608707427979
2,409019,13.834155082702637,5.754639148712158,-7.794527530670166,7.865194320678711
2,409020,4.663259506225586,20.837604522705078,-5.312124729156494,-40.27855682373047
2,409020,-0.2857188582420349,-3.1904194355010986,15.162711143493652,-19.766475677490234
2,409020,-9.97022533416748,3.227214813232422,0.8100928664207458,39.81924819946289
2,409020,-4.772723197937012,0.03918351233005524,-11.493020057678223,4.418408393859863
2,409020,13.259474754333496,-2.74581241607666,0.8694604635238647,-23.416704177856445
2,409020,15.296566009521484,-0.16555675864219666,1.20284903049469,5.5633087158203125
2,409021,-14.78001594543457,-11.763994216918945,6.369086742401123,19.9097957611084
2,409021,-8.26482105255127,7.037866592407227,3.965536117553711,4.3669304847717285
2,409021,24.72212028503418,17.080249786376953,-3.7856616973876953,-7.068114757537842
2,409021,1.7032811641693115,7.2166428565979,0.3439367115497589,-9.289340019226074
2,409021,-10.38026237487793,-0.9999597668647766,10.616493225097656,8.99946403503418
2,409021,-3.333578109741211,-19.87320899963379,7.230280876159668,0.780646800994873
2,409022,-9.984484672546387,-1.1378402709960938,-25.17376136779785,-8.589735984802246
2,409022,2.7467432022094727,21.0557918548584,-1.5288283824920654,-1.0583313703536987
2,409022,2.97748064994812,-12.381013870239258,20.914447784423828,-18.75373077392578
2,409022,-8.055789947509766,-17.500255584716797,-14.758694648742676,1.7734832763671875
2,409023,0.6079302430152893,3.0222208499908447,-13.16308307647705,28.133790969848633
2,409024,10.398655891418457,-10.151237487792969,15.489482879638672,5.777956008911133
2,409024,1.5096596479415894,7.558698654174805,10.394993782043457,-5.087024688720703
2,409024,-13.275089263916016,21.608055114746094,-3.1550281047821045,7.59938383102417
2,409024,8.46973991394043,-9.422019004821777,6.505461692810059,-8.458773612976074
2,409025,19.686573028564453,-0.40401822328567505,11.636452674865723,13.112799644470215
2,409028,-13.900116920471191,2.6825950145721436,-8.254230499267578,4.308750629425049
2,409030,-26.098909378051758,-13.553413391113281,-26.49913215637207,-25.620216369628906
2,409032,-25.806697845458984,1.5546818971633911,8.923084259033203,14.489250183105469
2,409034,-2.7129790782928467,-12.885507583618164,17.275381088256836,-17.8189754486084
2,409036,70.93877410888672,17.41942024230957,-1.7919787168502808,-5.599930286407471
2,409038,23.42043685913086,41.9837532043457,11.68796157836914,40.34931945800781
2,409040,-53.39604187011719,-18.25406265258789,-26.011550903320312,-30.97320556640625
2,409042,-13.19861125946045,-22.51536750793457,-28.511009216308594,-40.62996292114258
2,409044,9.52727222442627,3.45890474319458,34.70093536376953,7.632181167602539
2,409046,12.74927043914795,-2.724290370941162,-13.569908142089844,16.08519744873047
2,409048,5.689591407775879,14.506194114685059,-8.736042022705078,13.618453979492188
2,409050,-6.10405969619751,1.589981198310852,29.51007080078125,23.24427032470703
2,409052,-0.5535904765129089,-6.254769325256348,-17.40503692626953,-5.335726261138916
2,409054,3.672048568725586,-1.0264400243759155,22.83559226989746,-16.80820083618164
2,409056,-6.059884548187256,-16.122806549072266,12.348161697387695,35.2998046875
2,409058,-8.887432098388672,13.668950080871582,-38.641658782958984,-16.445327758789062
2,409061,10.70257568359375,13.848939895629883,-9.226638793945312,-36.57638168334961
2,409158,2.624821901321411,-17.77088737487793,8.81967544555664,29.990703582763672
2,409159,-5.818019390106201,-20.644317626953125,12.784595489501953,14.71774673461914
2,409159,4.098603248596191,21.619905471801758,6.6640400886535645,-22.321138381958008
2,409159,9.759716987609863,4.158421039581299,-9.689199447631836,-4.509134292602539
2,409159,-5.995946407318115,-26.69112777709961,-12.070719718933105,20.113243103027344
2,409159,-19.357763290405273,11.932141304016113,-11.258047103881836,-5.4845404624938965
2,409159,14.535019874572754,22.59514045715332,12.485819816589355,-11.908487319946289
2,409160,18.52787208557129,10.920393943786621,5.319002628326416,-10.281912803649902
2,409160,-10.557913780212402,-12.558605194091797,-16.216768264770508,-12.988222122192383
2,409160,-26.159448623657227,-15.82716178894043,18.577547073364258,3.790776491165161
2,409160,-9.270075798034668,-14.941780090332031,13.903709411621094,16.599063873291016
2,409160,10.39660358428955,-0.03207607939839363,0.24754557013511658,13.24015998840332
2,409160,12.364343643188477,27.493995666503906,-0.8008086681365967,-15.53542709350586
2,409161,8.837199211120605,-2.0253283977508545,-22.79060173034668,-22.218721389770508
2,409161,-0.5910188555717468,-16.49970817565918,-5.341290473937988,5.729578495025635
2,409161,1.556826114654541,-2.439575672149658,18.64088249206543,26.681413650512695
2,409161,-8.415664672851562,7.346116065979004,5.3988261222839355,15.187189102172852
2,409161,-0.2358095496892929,8.4014310836792,-13.704994201660156,6.900101184844971
2,409162,5.181244850158691,-0.013122670352458954,-11.228690147399902,-12.018352508544922
2,409162,-12.44475269317627,-3.611549139022827,10.24876594543457,-19.42496681213379
2,409162,-9.611397743225098,-6.015048027038574,9.229890823364258,20.202396392822266
2,409162,-11.23914909362793,1.690528392791748,-3.4581992626190186,13.341470718383789
2,409162,0.019210049882531166,-1.7315400838851929,-0.07790859043598175,-18.579914093017578
2,409162,19.192167282104492,15.741043090820312,10.749712944030762,-9.740095138549805
2,409163,13.861307144165039,22.683374404907227,6.758622169494629,-2.287431001663208
2,409163,17.234155654907227,-16.259843826293945,-8.581892013549805,-4.395518779754639
2,409163,4.523708343505859,-5.992110252380371,9.917577743530273,5.205176830291748
2,409163,-19.190736770629883,5.669097900390625,3.636077880859375,3.5440688133239746
2,409163,-4.608785629272461,-22.662961959838867,-23.96993637084961,-5.410187721252441
2,409163,7.279881954193115,-5.824000358581543,3.923642873764038,-4.463244438171387
2,409164,7.600451469421387,22.824447631835938,24.425342559814453,-2.9597489833831787
2,409164,7.691736221313477,-0.9222851395606995,-9.18209457397461,14.065653800964355
2,409164,-18.790691375732422,0.610933780670166,-16.442974090576172,19.99326515197754
2,409164,-5.239487648010254,11.43297290802002,10.439558982849121,4.686640739440918
2,409164,6.091261863708496,-8.408904075622559,-0.6890695691108704,-12.456940650939941
2,409164,-11.700850486755371,-7.252228736877441,-21.11480140686035,-18.66976547241211
2,409165,-4.83258056640625,-1.8107974529266357,-2.8234174251556396,8.947750091552734
2,409165,4.881148815155029,-0.5292800664901733,1.3143583536148071,-4.311225891113281
2,409165,15.061738014221191,-11.967979431152344,-15.254096984863281,-18.95295524597168
2,409165,-4.536493301391602,8.845661163330078,-0.07901432365179062,10.70036792755127
2,409165,-8.356008529663086,17.870256423950195,16.600671768188477,6.1582183837890625
2,409166,3.130232095718384,-16.399974822998047,10.326878547668457,2.5463805198669434
2,409166,-6.169341087341309,-3.5141091346740723,5.19679069519043,-5.172842502593994
2,409166,6.915942192077637,17.594350814819336,-4.069774627685547,-19.907136917114258
2,409166,6.880369663238525,-1.6886502504348755,-12.457817077636719,3.270512819290161
2,409166,-11.126853942871094,-7.694401741027832,15.941167831420898,16.345565795898438
2,409166,-4.534436225891113,6.69589376449585,14.937573432922363,-1.4004400968551636
2,409167,2.960393190383911,-3.9780547618865967,-14.888981819152832,-11.203266143798828
2,409167,8.282145500183105,-5.066372394561768,-0.35470548272132874,-2.0734291076660156
2,409168,20.17223358154297,-0.46278664469718933,6.767520427703857,6.9864678382873535
2,409168,5.590310573577881,-3.9262635707855225,-7.887574195861816,-8.428950309753418
2,409168,-15.615202903747559,4.3467841148376465,0.9576740264892578,-4.870057582855225
2,409168,-17.447582244873047,1.670694351196289,0.5050560235977173,9.795926094055176
2,409169,0.5584688782691956,-0.6744769811630249,-9.75119400024414,19.133193969726562
2,409170,13.504729270935059,-13.981689453125,1.118035912513733,20.725475311279297
2,409171,-6.462510108947754,-15.772893905639648,-3.2828550338745117,-3.029582977294922
2,409174,3.6747965812683105,3.5092201232910156,30.306636810302734,-12.995580673217773
2,409175,6.714178085327148,4.160467147827148,39.46305465698242,-10.888781547546387
2,409178,-28.105886459350586,29.369827270507812,-28.44516372680664,-1.939578652381897
2,409179,-11.712142944335938,7.858326435089111,-38.11103439331055,14.395197868347168
2,409182,30.394163131713867,-11.257184982299805,-6.9348464012146,10.132707595825195
2,409183,16.668149948120117,15.12343978881836,5.93231725692749,-23.926334381103516
2,409186,-18.156126022338867,-37.70186233520508,4.33467960357666,-6.985358238220215
2,409187,-30.84794807434082,-40.775028228759766,-14.976827621459961,26.192684173583984
2,409190,12.259883880615234,34.21116638183594,-13.799596786499023,-20.822492599487305
2,409191,36.59446716308594,50.22873306274414,30.67401123046875,-28.884035110473633
2,409194,-1.7664324045181274,-16.024723052978516,19.774330139160156,44.01167297363281
2,409195,-13.627385139465332,-40.07625198364258,-19.647979736328125,35.99795150756836
2,409198,-75.46112823486328,-7.322771072387695,-28.35191535949707,-35.45851135253906
2,409199,-38.69375228881836,28.780166625976562,3.020772695541382,10.416918754577637
2,409202,111.2856674194336,42.600154876708984,40.785743713378906,26.57046127319336
2,409203,62.65998840332031,-23.954914093017578,3.834157705307007,-61.376258850097656
2,409206,-19.227468490600586,-7.793387413024902,8.263035774230957,-20.195932388305664
2,409315,-36.00777816772461,15.576595306396484,-1.7787892818450928,24.001672744750977
2,409315,-37.14706802368164,-23.546659469604492,-40.5602912902832,-16.566072463989258
2,409315,35.641788482666016,-6.467982769012451,-6.817898750305176,0.5812782645225525
2,409315,18.384096145629883,17.976097106933594,13.353798866271973,14.960237503051758
2,409316,-14.12874698638916,15.724729537963867,10.227240562438965,-11.437813758850098
2,409316,9.610075950622559,-31.576766967773438,6.019815921783447,-4.381990909576416
2,409316,-10.680007934570312,-14.90922737121582,4.967623710632324,21.753063201904297
2,409316,-13.626551628112793,20.100439071655273,5.670867919921875,10.386465072631836
2,409316,5.703553199768066,4.163785457611084,-10.059107780456543,-5.945727348327637
2,409316,1.5185627937316895,4.470897674560547,2.2335007190704346,14.1908597946167
2,409317,2.6318604946136475,-9.303996086120605,5.71310567855835,9.99144458770752
2,409317,6.477904319763184,-7.845395565032959,-24.084674835205078,-6.5690836906433105
2,409317,-14.44594955444336,17.057348251342773,0.6287663578987122,3.9143686294555664
2,409317,-2.0432963371276855,8.483872413635254,17.688579559326172,-1.4077805280685425
2,409317,23.408777236938477,-3.0623292922973633,3.1678926944732666,-4.274658203125
2,409317,6.693942070007324,-4.140502452850342,-13.299575805664062,-16.803302764892578
2,409318,-13.372262954711914,-20.593616485595703,-11.4723539352417,-2.692331075668335
2,409318,-11.081033706665039,-5.410243511199951,0.07383241504430771,17.75888442993164
2,409318,6.862262725830078,7.0981059074401855,-5.791796684265137,1.5466145277023315
2,409318,1.8574237823486328,0.4716012179851532,3.142709970474243,-2.2533881664276123
2,409318,0.5318989753723145,16.409259796142578,4.090054988861084,-0.4775797128677368
2,409319,-4.493109703063965,13.18953800201416,12.096786499023438,-11.156895637512207
2,409319,-10.563904762268066,-13.12691593170166,-9.296860694885254,-15.964829444885254
2,409319,21.327346801757812,3.589292049407959,-12.61686897277832,24.45991325378418
2,409319,8.404297828674316,9.498552322387695,15.464158058166504,8.951327323913574
2,409319,-23.562597274780273,-3.277045488357544,0.20065371692180634,-25.300548553466797
2,409319,2.481471538543701,3.8361291885375977,3.3195550441741943,10.242895126342773
2,409320,20.365642547607422,0.6824483275413513,7.756903171539307,-1.9005826711654663
2,409320,-18.660573959350586,-5.209015369415283,-2.9400620460510254,-8.902592658996582
2,409320,-12.113052368164062,-17.926511764526367,3.7635998725891113,11.306900978088379
2,409320,17.257400512695312,-2.0103812217712402,2.9849514961242676,-12.983466148376465
2,409320,-0.5433485507965088,29.707576751708984,-5.019115447998047,-18.635387420654297
2,409320,-15.35888671875,-0.7418761849403381,-2.3627800941467285,-4.7508440017700195
2,409321,-5.682734966278076,-37.66295623779297,-3.2033138275146484,8.576698303222656
2,409321,23.974437713623047,13.770050048828125,-11.500775337219238,13.647842407226562
2,409321,0.4190292954444885,13.402241706848145,-3.411280393600464,4.514902114868164
2,409321,-17.529315948486328,-13.76721477508545,9.743645668029785,-7.844066619873047
2,409321,19.446590423583984,19.676700592041016,3.598554849624634,-11.454851150512695
2,409321,2.0477166175842285,-13.532156944274902,5.97760534286499,8.569314002990723
2,409322,-20.42169189453125,-10.508912086486816,10.786099433898926,5.900661468505859
2,409322,6.6176276206970215,30.741525650024414,-2.987398862838745,12.7363862991333
2,409322,15.051054954528809,-10.55499267578125,-6.637986660003662,13.394559860229492
2,409322,-5.766995429992676,-18.524219512939453,-3.2422866821289062,-16.985334396362305
2,409322,-1.688050389289856,16.070066452026367,-0.592767059803009,-7.468857765197754
2,409322,2.0338852405548096,-6.82459831237793,10.018067359924316,14.831381797790527
2,409323,-22.853334426879883,-24.36309814453125,9.271739959716797,12.692575454711914
2,409323,-17.621700286865234,12.16063404083252,-22.467105865478516,-18.76491355895996
2,409323,0.8181298971176147,6.344272613525391,-20.894866943359375,0.5741316080093384
2,409323,2.7779526710510254,-15.177458763122559,2.9353232383728027,20.10966682434082
2,409323,-3.7966246604919434,-6.293360710144043,-12.494362831115723,-20.531902313232422
2,409323,-15.168598175048828,-6.552424907684326,-0.9580434560775757,-13.178525924682617
2,409324,-8.143433570861816,10.820350646972656,13.949456214904785,13.691996574401855
2,409324,5.995766639709473,-0.1452724039554596,2.0101969242095947,15.280241966247559
2,409324,23.45005226135254,-3.973658561706543,9.372145652770996,-1.2774230241775513
2,409325,11.775555610656738,-7.274704933166504,27.259746551513672,13.978460311889648
2,409325,-8.712207794189453,-9.31612491607666,2.382382869720459,12.044512748718262
2,409326,1.0180598497390747,27.315778732299805,-26.432382583618164,-17.087276458740234
2,409326,3.8588621616363525,15.570968627929688,8.065654754638672,1.236825704574585
2,409326,5.840633392333984,5.223323345184326,8.772878646850586,-0.9090217351913452
2,409326,-0.24600395560264587,-5.417210578918457,-17.471237182617188,-6.082669734954834
2,409327,-39.88611602783203,-22.183652877807617,2.085352659225464,-12.590977668762207
2,409330,-33.2695198059082,8.887344360351562,11.869966506958008,-36.59540557861328
2,409331,39.8756103515625,13.819135665893555,-0.16709347069263458,-4.016676902770996
2,409334,36.29763412475586,18.409082412719727,14.53593921661377,7.8524603843688965
2,409335,-1.690596103668213,19.685884475708008,3.016859769821167,-42.23413848876953
2,409338,17.20683479309082,-21.148162841796875,-32.60038757324219,15.97745418548584
2,409339,24.271137237548828,3.379162311553955,-4.412228584289551,73.9478988647461
2,409342,-32.32460021972656,-10.33173656463623,-0.8623016476631165,-1.0288078784942627
2,409343,-27.836023330688477,-3.701416254043579,10.3922119140625,-30.96150016784668
2,409346,31.789493560791016,11.114187240600586,27.419208526611328,-2.2962894439697266
2,409347,17.69339942932129,-41.548126220703125,-27.2820987701416,19.923131942749023
2,409350,-24.616260528564453,-38.604766845703125,-33.4404296875,20.38644790649414
2,409351,-7.4188971519470215,-6.617080211639404,7.225250244140625,-1.4150774478912354
2,409354,18.458393096923828,59.728641510009766,45.59103775024414,-13.37617301940918
2,409355,-15.441191673278809,40.695796966552734,8.495197296142578,-22.772993087768555
2,409358,15.49406909942627,-15.749438285827637,-27.626127243041992,-0.395698219537735
2,409359,12.889147758483887,-8.807452201843262,10.787027359008789,14.1484956741333
2,409362,-12.988507270812988,13.269561767578125,-0.048482149839401245,-9.613126754760742
2,409364,26.992778778076172,-2.922214984893799,-3.549485445022583,-2.832082509994507
2,409366,-55.05508041381836,-72.30281829833984,-9.34953784942627,7.414332866668701
2,409487,-52.755401611328125,3.7114744186401367,3.2159488201141357,35.64849090576172
2,409487,51.55793762207031,77.72643280029297,19.45632553100586,35.86360549926758
2,409487,21.006776809692383,-13.826537132263184,-16.089282989501953,-17.674779891967773
2,409487,23.652938842773438,4.803406238555908,-2.113426923751831,-49.3455696105957
2,409487,9.232497215270996,7.050662040710449,3.9389536380767822,-23.806337356567383
2,409487,-73.46367645263672,-51.682586669921875,-22.264272689819336,19.572046279907227
2,409488,-20.397768020629883,9.786140441894531,-9.434150695800781,1.7461435794830322
2,409488,54.895687103271484,28.58254051208496,27.083221435546875,-6.518383026123047
2,409488,29.934921264648438,-12.536331176757812,8.75085163116455,-14.843253135681152
2,409488,3.9859750270843506,-3.950744867324829,-24.62127685546875,1.2582818269729614
2,409488,-8.5491361618042,22.58104133605957,-9.661879539489746,6.574758529663086
2,409489,-2.8600902557373047,16.9013614654541,2.109257698059082,-9.455313682556152
2,409489,-1.3315836191177368,-23.48643684387207,10.849610328674316,10.35132884979248
2,409489,-22.53535270690918,-45.6777458190918,2.8164100646972656,16.253772735595703
2,409489,-21.942049026489258,-3.4034359455108643,-6.784839630126953,13.063637733459473
2,409489,18.16963768005371,17.900522232055664,3.2064974308013916,-13.304015159606934
2,409489,6.156555652618408,7.724001884460449,1.7750513553619385,8.489167213439941
2,409490,-20.452831268310547,15.866639137268066,8.048946380615234,14.64859390258789
2,409490,14.662588119506836,-3.4685001373291016,7.009541988372803,-39.10951232910156
2,409490,20.86175537109375,-6.233217716217041,-4.564774990081787,-6.556257247924805
2,409490,4.401144981384277,11.717747688293457,10.358266830444336,20.479867935180664
2,409490,3.5467777252197266,10.705114364624023,9.530292510986328,-5.496095180511475
2,409490,1.2031008005142212,10.940200805664062,-14.939545631408691,-0.8637901544570923
2,409491,-18.788841247558594,-13.418632507324219,-7.632942199707031,-3.7946300506591797
2,409491,-3.7657687664031982,-21.920291900634766,8.363268852233887,1.487601399421692
2,409491,10.937081336975098,-13.204333305358887,22.89592933654785,13.311025619506836
2,409491,9.491644859313965,0.035220660269260406,1.7005940675735474,-8.040661811828613
2,409491,7.4336347579956055,13.332389831542969,-18.504838943481445,-11.660257339477539
2,409491,-14.369914054870605,10.091309547424316,22.07293701171875,16.33663558959961
2,409492,-14.903199195861816,20.33763313293457,5.288145542144775,-4.624046802520752
2,409492,4.372713565826416,-13.577017784118652,-24.870304107666016,-22.681793212890625
2,409492,18.418807983398438,-10.826581001281738,-2.855548620223999,23.571361541748047
2,409492,-3.5471584796905518,26.329561233520508,10.173105239868164,23.981569290161133
2,409492,-37.16494369506836,-10.345074653625488,-11.89686393737793,-26.550662994384766
2,409493,-6.12567663192749,-35.30666732788086,-35.769691467285156,-4.7565598487854
2,409493,15.906678199768066,-15.554883003234863,-0.4911437928676605,21.78737449645996
2,409493,-16.6391544342041,12.40749740600586,18.540029525756836,-11.93439769744873
2,409493,-3.389939308166504,23.662355422973633,8.713845252990723,-11.212271690368652
2,409493,16.60879135131836,7.429265975952148,-2.826446056365967,16.995220184326172
2,409493,2.341611623764038,-18.086345672607422,-4.872779846191406,-3.7110238075256348
2,409494,-2.4203317165374756,-4.920741081237793,7.848605632781982,-25.89157485961914
2,409494,6.333634376525879,7.81403923034668,-14.323358535766602,4.702842712402344
2,409494,8.393444061279297,-5.20069694519043,8.246203422546387,4.031993389129639
2,409494,4.352522850036621,-2.302504301071167,12.981947898864746,8.139145851135254
2,409494,-13.377357482910156,7.463077068328857,-16.4279842376709,22.951122283935547
2,409494,-8.251224517822266,7.8737406730651855,9.747349739074707,-34.46052932739258
2,409495,-2.064842700958252,-6.010629177093506,0.17135341465473175,-16.690946578979492
2,409495,-19.41069984436035,-19.05438804626465,-14.82188606262207,46.06321716308594
2,409495,3.814387321472168,-0.023463184013962746,2.8166658878326416,0.7421162724494934
2,409495,23.62335968017578,17.033864974975586,5.575861930847168,-22.973602294921875
2,409495,10.343533515930176,-2.6924402713775635,6.322175979614258,7.568577766418457
2,409495,-8.75121784210205,-7.801896095275879,7.199530601501465,20.235734939575195
2,409496,-14.841414451599121,18.9544620513916,-5.253881931304932,2.1714820861816406
2,409496,1.0312869548797607,15.507259368896484,-15.541106224060059,-8.204870223999023
2,409496,13.506965637207031,-9.56607723236084,6.975657939910889,4.137857913970947
2,409496,7.815245151519775,-3.2003281116485596,24.2696590423584,-1.7273954153060913
2,409496,8.177629470825195,-5.926126480102539,-9.784996032714844,-8.6897554397583
2,409496,22.579578399658203,13.118343353271484,-14.013810157775879,7.591093063354492
2,409497,-1.1975023746490479,13.073651313781738,12.942997932434082,1.1010684967041016
2,409497,-11.354914665222168,4.298276424407959,-0.1113332137465477,-20.685367584228516
2,409498,15.066271781921387,13.724798202514648,-22.941904067993164,10.090278625488281
2,409498,-10.569494247436523,-42.43529510498047,6.937796115875244,11.731339454650879
2,409498,-10.732844352722168,-12.111098289489746,22.480215072631836,-26.452476501464844
2,409498,12.654558181762695,34.98553466796875,-22.617374420166016,-14.139005661010742
2,409499,-22.090972900390625,-9.61490535736084,-18.873580932617188,29.527118682861328
2,409499,-20.82350730895996,-8.091118812561035,11.82931137084961,11.989489555358887
2,409500,16.242673873901367,-15.060466766357422,3.640476942062378,-31.251054763793945
2,409501,8.448222160339355,-28.20749282836914,-7.5415215492248535,2.735692024230957
2,409504,-6.816599369049072,14.911210060119629,12.219454765319824,23.057891845703125
2,409505,-19.044870376586914,-5.785810470581055,0.2147231101989746,-11.18344783782959
2,409508,-41.894798278808594,-33.097694396972656,-27.325851440429688,21.625255584716797
2,409509,16.89582061767578,38.36679458618164,21.443456649780273,25.61035919189453
2,409512,76.56692504882812,51.357975006103516,60.705204010009766,-52.643165588378906
2,409513,-4.342997074127197,-20.28126335144043,7.686491966247559,-27.21732521057129
2,409516,-29.67255210876465,-21.0484561920166,-56.34146499633789,37.96186447143555
2,409518,14.040361404418945,11.468904495239258,-13.405304908752441,8.74905776977539
2,409520,-2.4059598445892334,-2.14847731590271,39.861473083496094,-1.6021767854690552
2,409522,-8.518108367919922,8.990660667419434,-19.30218505859375,-18.80516242980957
2,409639,9.791205406188965,3.4119648933410645,-22.798036575317383,-21.01877212524414
2,409639,12.633152961730957,-11.251276016235352,18.68126678466797,44.70139694213867
2,409639,-8.86284065246582,-5.382236003875732,-5.948690891265869,4.765786647796631
2,409639,1.5100189447402954,-10.702655792236328,-13.590785026550293,-19.38714027404785
2,409639,-3.8454790115356445,5.026113033294678,-8.876179695129395,25.731544494628906
2,409640,-14.57585620880127,11.528990745544434,1.7481309175491333,-10.725615501403809
2,409640,11.92564582824707,6.420042514801025,1.3622900247573853,-28.61793327331543
2,409640,-3.448333501815796,6.034198760986328,-0.4767904281616211,1.7079228162765503
2,409640,-5.899020195007324,-1.6754522323608398,11.879218101501465,-1.1892293691635132
2,409640,6.281421184539795,-5.354528427124023,14.172698974609375,10.11352252960205
2,409640,-1.5736360549926758,4.776889324188232,9.122490882873535,-5.710659503936768
2,409641,6.157354831695557,1.3349002599716187,-18.05290985107422,-24.655189514160156
2,409641,-5.322022438049316,0.6264810562133789,5.053295135498047,1.5711989402770996
2,409641,-24.115657806396484,0.18367157876491547,31.814266204833984,4.8894453048706055
2,409641,-3.476367235183716,-12.682093620300293,-9.14909839630127,8.444746017456055
2,409641,2.591352939605713,-12.344395637512207,-11.968497276306152,14.806548118591309
2,409642,-7.689083099365234,7.215048313140869,5.493526458740234,-2.086294412612915
2,409642,9.422834396362305,5.77705717086792,-12.411620140075684,-10.048089027404785
2,409642,9.857248306274414,-7.450733661651611,-2.9395077228546143,1.1879260540008545
2,409642,-17.14070701599121,12.088685989379883,24.849632263183594,14.775044441223145
2,409642,-24.736562728881836,12.82407283782959,3.7145771980285645,16.546873092651367
2,409642,-0.21081233024597168,6.253011226654053,-13.52171802520752,-15.255764961242676
2,409643,12.952978134155273,-15.679121017456055,-10.145761489868164,-15.171936988830566
2,409643,0.11581963300704956,-16.782333374023438,-6.150966167449951,15.765445709228516
2,409643,8.417027473449707,22.518186569213867,15.392414093017578,9.588824272155762
2,409643,35.54134750366211,2.8579390048980713,11.24730396270752,-1.9996024370193481
2,409643,11.024831771850586,-25.44707679748535,-0.6451135873794556,4.902543544769287
2,409643,1.0920658111572266,-3.5896527767181396,-2.154893159866333,8.911736488342285
2,409644,9.179935455322266,17.91678237915039,-7.548922061920166,-3.1055099964141846
2,409644,-4.619373798370361,13.492840766906738,-6.610366344451904,-20.122533798217773
2,409644,6.143458843231201,7.892845153808594,-1.2962793111801147,-6.010951519012451
2,409644,1.7681543827056885,-7.90342903137207,2.9214916229248047,9.223466873168945
2,409644,-16.709060668945312,-3.655561923980713,-6.784214496612549,-15.94172191619873
2,409644,-3.143650770187378,3.563903570175171,-15.082576751708984,-14.77796745300293
2,409645,5.967340469360352,-28.371585845947266,0.5652607679367065,10.058516502380371
2,409645,-16.773048400878906,0.30792033672332764,1.893595814704895,5.569553375244141
2,409645,-7.5036773681640625,12.875555038452148,-13.356904029846191,9.983596801757812
2,409645,3.804151773452759,-21.991783142089844,-0.3166576325893402,4.822604179382324
2,409645,-3.0936617851257324,-7.729081630706787,11.659902572631836,-18.581878662109375
2,409645,-1.7648872137069702,10.98105525970459,1.3563895225524902,-1.9765453338623047
2,409646,17.07503318786621,24.3251953125,1.6240519285202026,30.866952896118164
2,409646,22.909778594970703,2.274413824081421,3.628614664077759,2.2560832500457764
2,409646,-13.87330150604248,-23.20271110534668,2.9637250900268555,-22.005935668945312
2,409646,-16.121492385864258,-10.922367095947266,5.332246780395508,8.091808319091797
2,409646,13.327010154724121,8.560701370239258,-3.4999279975891113,8.633013725280762
2,409647,-6.452466011047363,20.947425842285156,0.22297914326190948,7.7998199462890625
2,409647,-13.495377540588379,15.816522598266602,-6.468786716461182,-3.6546857357025146
2,409647,23.766990661621094,-3.713282585144043,-8.58745288848877,-26.893753051757812
2,409647,-5.426388740539551,-25.78194236755371,3.320274829864502,-0.34359973669052124
2,409647,-14.632294654846191,0.5954201221466064,-5.493100643157959,17.15015411376953
2,409647,9.049657821655273,6.1930365562438965,3.912566661834717,2.539823293685913
2,409647,-11.996175765991211,-11.3917236328125,11.0659761428833,-8.014492988586426
2,409648,8.819998741149902,16.520618438720703,-3.514636993408203,-17.556081771850586
2,409648,15.02718448638916,-9.292774200439453,-11.336316108703613,3.0018491744995117
2,409648,-25.279977798461914,-29.047775268554688,-3.4631996154785156,26.91942596435547
2,409648,-12.262360572814941,16.580543518066406,-0.4931502342224121,-4.884683132171631
2,409648,11.408266067504883,5.297070026397705,8.07069206237793,-6.80318021774292
2,409648,-7.188198566436768,-10.058924674987793,19.35741424560547,-8.155110359191895
2,409650,-50.0476188659668,-29.471162796020508,5.829698085784912,-3.478081703186035
2,409650,-43.70436477661133,-31.126251220703125,1.897541880607605,34.561500549316406
2,409650,37.4473876953125,34.26134490966797,-16.498289108276367,-9.510112762451172
2,409650,35.2242546081543,23.901456832885742,-10.859869003295898,-9.550716400146484
2,409650,-8.649543762207031,5.135685443878174,21.220748901367188,22.05338478088379
2,409651,7.030175685882568,6.289145469665527,-7.755310535430908,-19.05345344543457
2,409652,12.690993309020996,-2.760190486907959,1.4799995422363281,-35.635440826416016
2,409653,10.375147819519043,49.934268951416016,41.19815444946289,-19.722434997558594
2,409656,38.62487030029297,44.26637649536133,6.226184844970703,32.42702865600586
2,409657,36.05181121826172,-12.019111633300781,-49.148624420166016,47.50532913208008
2,409660,-20.517044067382812,-12.329048156738281,-4.353980541229248,-7.5976128578186035
2,409661,-11.959156036376953,-3.6655545234680176,31.43483543395996,-23.742979049682617
2,409664,26.398012161254883,-33.105873107910156,-69.04332733154297,-7.1412835121154785
2,409666,0.13594219088554382,-22.72267723083496,-10.61427116394043,-5.995223045349121
2,409668,-27.159528732299805,41.44091033935547,100.60356140136719,-1.530869722366333
2,409670,-19.989377975463867,9.324037551879883,-15.185359954833984,1.1989827156066895
2,409672,-11.23619556427002,-51.637454986572266,-58.08979034423828,-3.6014883518218994
2,409674,1.4890508651733398,-29.36574363708496,25.24295425415039,9.630451202392578
2,409676,12.139978408813477,30.99067497253418,27.612648010253906,-9.96224308013916
2,409678,-7.158939361572266,31.358510971069336,-10.363546371459961,7.106073379516602
2,409680,-21.63370132446289,-54.74617385864258,-5.851724147796631,32.65202713012695
2,409682,-17.680065155029297,-22.453088760375977,-1.3414567708969116,-14.455589294433594
2,409684,-25.748088836669922,57.00609588623047,-17.834081649780273,-19.481550216674805
2,409805,38.39404296875,-27.149904251098633,-6.653384685516357,11.493034362792969
2,409805,70.16088104248047,-21.542068481445312,1.123163104057312,23.093664169311523
2,409806,-28.66693115234375,47.36970901489258,2.7724454402923584,2.765376329421997
2,409806,-26.571945190429688,6.897281169891357,-4.05336856842041,-9.646821022033691
2,409806,11.966963768005371,-10.515966415405273,-7.5250749588012695,-7.498719692230225
2,409806,-12.561448097229004,-21.56435775756836,1.1034705638885498,-10.846179008483887
2,409806,-18.27803611755371,1.1452763080596924,2.5824263095855713,-16.606609344482422
2,409806,0.5378783345222473,39.196842193603516,21.55967140197754,-11.599111557006836
2,409807,15.1021146774292,-7.417006015777588,-1.770311713218689,11.73161506652832
2,409807,-3.3339927196502686,-15.765939712524414,-6.584826469421387,7.836157321929932
2,409807,-1.5859336853027344,26.578475952148438,25.786867141723633,3.6139280796051025
2,409807,-3.350270986557007,-6.941828727722168,2.461611270904541,5.253298282623291
2,409807,-19.649580001831055,-15.780850410461426,-17.412818908691406,-8.349536895751953
2,409807,8.555567741394043,11.0961275100708,-8.079721450805664,-4.118186950683594
2,409808,14.172460556030273,-26.915937423706055,-18.62169075012207,17.986072540283203
2,409808,-21.97634506225586,-21.508438110351562,-8.737776756286621,17.503934860229492
2,409808,14.587708473205566,20.053829193115234,19.861820220947266,-16.65020179748535
2,409808,35.69594192504883,2.6744303703308105,9.478253364562988,-10.037591934204102
2,409808,-10.19398307800293,10.84555721282959,13.344045639038086,5.668397903442383
2,409809,4.343799591064453,12.43578052520752,5.287317276000977,-3.9709131717681885
2,409809,10.395608901977539,-4.814189910888672,-11.739154815673828,-0.056072309613227844
2,409809,-5.35872220993042,-2.1211512088775635,7.8489861488342285,-7.363687515258789
2,409809,17.66159439086914,-17.88776397705078,1.6414662599563599,-4.638023853302002
2,409809,-2.75073504447937,8.208637237548828,-15.668436050415039,2.539046049118042
2,409809,-27.747331619262695,10.354270935058594,0.8039465546607971,0.4125332534313202
2,409809,2.166222333908081,-9.704859733581543,15.406508445739746,21.878007888793945
2,409810,31.6201229095459,23.347871780395508,-16.740079879760742,8.823853492736816
2,409810,1.92198646068573,2.899256467819214,-18.5528564453125,-25.860042572021484
2,409810,-17.424558639526367,-35.603641510009766,20.7847843170166,7.617018222808838
2,409810,-1.6060428619384766,11.843029022216797,4.309124946594238,14.037453651428223
2,409810,1.2870584726333618,34.97682571411133,-10.504165649414062,-24.06822395324707
2,409811,2.2134592533111572,-18.555482864379883,1.099066138267517,7.344501972198486
2,409811,-7.750342845916748,-7.777407646179199,-8.191975593566895,11.274744987487793
2,409811,-4.493730545043945,13.690773010253906,-13.076706886291504,-6.539633750915527
2,409811,-17.489444732666016,-8.789613723754883,11.650301933288574,7.080993175506592
2,409811,-0.8471731543540955,1.1936240196228027,16.025819778442383,-25.36068344116211
2,409811,21.906665802001953,-10.534722328186035,-1.858904242515564,13.753104209899902
2,409812,-13.03292465209961,-8.431035041809082,12.239449501037598,36.87354278564453
2,409812,-4.40047550201416,24.903406143188477,6.889986038208008,-28.260700225830078
2,409812,9.605132102966309,16.4935359954834,-16.06195640563965,-12.831236839294434
2,409812,1.6866461038589478,-21.692455291748047,-3.621244192123413,8.690464973449707
2,409812,-1.1272618770599365,-32.28535079956055,10.626093864440918,-14.983264923095703
2,409812,-18.137678146362305,-5.200791358947754,6.378787517547607,4.484970569610596
2,409813,-5.150402069091797,23.571666717529297,6.598072052001953,25.03878402709961
2,409813,21.10275650024414,24.570890426635742,1.87975013256073,-6.72364616394043
2,409813,7.3368048667907715,-24.735767364501953,-9.346972465515137,-15.692583084106445
2,409813,-0.4401448667049408,-17.307350158691406,-4.353328227996826,6.613567352294922
2,409813,3.7137019634246826,33.885581970214844,6.511017799377441,-15.009782791137695
2,409813,-3.730458974838257,-12.957695960998535,5.045717239379883,-25.839052200317383
2,409814,3.025522232055664,-31.31223487854004,-13.88377857208252,41.53464889526367
2,409814,-4.639907360076904,24.53631591796875,-7.1963348388671875,30.20240020751953
2,409814,-14.496797561645508,8.853026390075684,1.9411622285842896,-22.35881233215332
2,409814,-0.5405817627906799,-19.82483673095703,-14.886993408203125,-1.025166630744934
2,409814,13.980935096740723,7.456082820892334,5.350550174713135,-9.329567909240723
2,409814,7.183117866516113,10.156265258789062,-1.821187138557434,-8.337960243225098
2,409815,-14.850286483764648,-7.892550945281982,-30.67880630493164,7.410656452178955
2,409815,-9.120251655578613,-6.096830368041992,6.998832702636719,-16.051416397094727
2,409815,-0.5686929225921631,4.676232814788818,18.362638473510742,-7.985681056976318
2,409815,4.489029884338379,12.368969917297363,-5.0016655921936035,-0.849105715751648
2,409815,4.508877277374268,-5.115821838378906,1.533385157585144,-19.560142517089844
2,409816,-1.4570993185043335,-5.37698221206665,6.3161139488220215,14.627662658691406
2,409817,9.811732292175293,34.283172607421875,22.98025131225586,35.470455169677734
2,409817,6.5878400802612305,7.509302616119385,9.101027488708496,18.480308532714844
2,409817,-21.065044403076172,-29.03087615966797,-10.834135055541992,14.058296203613281
2,409817,-7.753718376159668,8.963552474975586,5.14437198638916,-1.6182866096496582
2,409818,33.1013298034668,5.816285133361816,-6.301851272583008,-18.526695251464844
2,409819,-4.4323530197143555,-28.112266540527344,-17.877925872802734,-6.961102485656738
2,409820,-34.96601867675781,-13.052886962890625,-21.824974060058594,0.815234899520874
2,409821,-1.3080369234085083,13.896108627319336,1.1094447374343872,3.4236948490142822
2,409824,9.59658145904541,9.82657241821289,18.942241668701172,8.666519165039062
2,409826,8.400261878967285,1.6835013628005981,2.6784660816192627,-26.779512405395508
2,409828,1.4263231754302979,-7.468414783477783,2.816650152206421,-23.738304138183594
2,409830,3.102654457092285,-5.020305633544922,-9.60928726196289,15.796339988708496
2,409832,4.679122447967529,-13.34749698638916,1.984938383102417,-0.6802926659584045
2,409834,-4.458318710327148,-15.653980255126953,24.637807846069336,-3.921137809753418
2,409836,-1.1910743713378906,21.46206283569336,-7.726590633392334,30.07177734375
2,409838,0.7877121567726135,23.160341262817383,-4.756338596343994,12.244958877563477
2,409840,3.133864402770996,8.400672912597656,16.57790756225586,-32.7453727722168
2,409842,6.100257873535156,6.566349983215332,-7.466833591461182,6.191952228546143
2,409844,11.797551155090332,-23.543323516845703,-19.148414611816406,31.735841751098633
2,409846,-6.823243141174316,-20.9064884185791,0.25294244289398193,-16.924497604370117
2,409848,-22.413738250732422,26.258195877075195,6.335555553436279,-7.994934558868408
2,409850,10.374566078186035,5.862178325653076,0.8172540664672852,1.2370513677597046
2,409852,2.611334800720215,-21.15933609008789,14.4197416305542,-17.188190460205078
2,409854,-24.501861572265625,-16.65170669555664,-0.4236433506011963,-8.458456039428711
2,409856,14.323124885559082,20.01152801513672,-1.5818651914596558,-3.9894917011260986
2,409858,9.456154823303223,39.48460006713867,5.273958206176758,3.5893616676330566
2,409861,2.185698986053467,-23.01005744934082,-28.938213348388672,13.261758804321289
2,409992,10.948187828063965,-39.491268157958984,2.6454856395721436,-19.904998779296875
2,409993,-9.92173957824707,14.388172149658203,27.6840877532959,-26.64750099182129
2,409993,-18.25314712524414,26.478914260864258,-11.963974952697754,45.96786117553711
2,409993,-4.626593112945557,-11.320348739624023,0.01741211861371994,26.011003494262695
2,409993,17.294450759887695,-10.813294410705566,8.764622688293457,-27.731853485107422
2,409993,-2.454733371734619,11.73234748840332,-17.21677589416504,-6.938068389892578
2,409993,2.6435940265655518,-0.12158002704381943,-2.1919362545013428,2.5113637447357178
2,409994,11.699136734008789,-11.479514122009277,4.039774417877197,11.116429328918457
2,409994,-7.585962772369385,8.446995735168457,1.4082624912261963,18.579633712768555
2,409994,-3.0998339653015137,12.318432807922363,15.239590644836426,4.217373847961426
2,409994,-12.094614028930664,-10.914044380187988,-1.3094650506973267,-13.560466766357422
2,409994,1.9679456949234009,-14.930606842041016,-12.020417213439941,-7.210768699645996
2,409994,27.892913818359375,7.098291397094727,-13.609491348266602,12.85020637512207
2,409995,2.1966888904571533,30.231882095336914,-3.074925184249878,0.15998713672161102
2,409995,-9.942061424255371,10.20373249053955,7.078741073608398,-11.756587028503418
2,409995,-10.306934356689453,-26.930246353149414,-15.726744651794434,-5.178791046142578
2,409995,-5.17275857925415,-22.5402774810791,2.4039156436920166,9.633051872253418
2,409995,3.0520846843719482,13.422359466552734,18.64007568359375,2.553424835205078
2,409995,2.1293020248413086,21.85909652709961,-11.79751968383789,-12.351019859313965
2,409996,3.627314567565918,-23.09152603149414,1.3923802375793457,16.705411911010742
2,409996,-4.214703559875488,-7.139908790588379,16.02772331237793,2.2992022037506104
2,409996,-12.519404411315918,15.9088134765625,0.006409692578017712,-8.289329528808594
2,409996,-7.106418132781982,5.334261894226074,3.957930088043213,2.7713208198547363
2,409996,7.322011470794678,18.139244079589844,5.288379192352295,-9.684820175170898
2,409996,9.10681438446045,-20.646678924560547,-10.547931671142578,2.133068561553955
2,409997,6.099690914154053,-27.587472915649414,-4.630958080291748,-4.851739406585693
2,409997,1.7041832208633423,16.91040802001953,-2.7734954357147217,-10.536907196044922
2,409997,-7.777649402618408,15.460262298583984,-10.422718048095703,12.841375350952148
2,409997,-7.944842338562012,0.47602400183677673,17.300832748413086,-1.1449722051620483
2,409997,6.806902885437012,-7.325526237487793,-2.0636911392211914,-19.0533504486084
2,409998,2.689727544784546,-25.999116897583008,-23.115997314453125,13.087318420410156
2,409998,1.655261754989624,-1.6456127166748047,17.965641021728516,12.256181716918945
2,409998,10.814212799072266,25.634523391723633,12.46181583404541,-1.7416560649871826
2,409998,3.3404765129089355,2.438993453979492,-13.095453262329102,-3.449965000152588
2,409998,-3.7289669513702393,2.3583264350891113,-10.749643325805664,-11.149348258972168
2,409998,-3.300140857696533,5.375383377075195,6.042121887207031,8.38607120513916
2,409999,7.354258060455322,2.8298141956329346,12.810420989990234,-4.015076160430908
2,409999,-10.353194236755371,-12.77652645111084,-1.8429896831512451,1.6859699487686157
2,409999,-17.907604217529297,-19.29477882385254,11.836138725280762,13.715301513671875
2,409999,13.02134895324707,10.209236145019531,14.845519065856934,-13.495343208312988
2,409999,3.3326144218444824,13.468721389770508,-8.821179389953613,16.69915199279785
2,409999,-14.865882873535156,9.68690299987793,-13.766613006591797,0.8644998669624329
2,410000,11.128998756408691,-20.225875854492188,2.091679811477661,-26.3105411529541
2,410000,12.920106887817383,-20.876314163208008,10.568684577941895,27.252519607543945
2,410000,-16.426048278808594,21.691322326660156,2.015552282333374,-14.412182807922363
2,410000,-10.542352676391602,20.84503173828125,0.525107204914093,-37.69562911987305
2,410000,4.399105072021484,-10.453946113586426,-9.787162780761719,31.04119873046875
2,410000,5.026690483093262,-11.189396858215332,-19.620349884033203,32.40674591064453
2,410001,10.499427795410156,17.339643478393555,16.431779861450195,-20.239233016967773
2,410001,4.773425579071045,3.8508858680725098,25.166296005249023,-34.2013053894043
2,410001,-6.72336483001709,-11.99669361114502,-21.26564598083496,20.389432907104492
2,410001,-3.6900503635406494,-5.058712959289551,-31.465864181518555,24.743106842041016
2,410001,-0.8207839131355286,4.538992881774902,-1.4269752502441406,-7.663034439086914
2,410001,-0.2013537734746933,-2.1053056716918945,13.174908638000488,14.303388595581055
2,410002,2.9635369777679443,-6.184903621673584,-7.453420639038086,-3.1814956665039062
2,410002,-1.1343551874160767,-4.615607261657715,1.0470255613327026,-25.47620391845703
2,410002,6.166825771331787,-5.328048229217529,5.9021196365356445,20.556400299072266
2,410002,9.331231117248535,8.912216186523438,-7.707971096038818,0.6999571323394775
2,410002,-3.5890843868255615,5.020113468170166,0.4941442906856537,-23.44403076171875
2,410002,-4.333133697509766,6.375961780548096,3.5139451026916504,5.222255706787109
2,410003,2.000093460083008,-8.065265655517578,-1.3242175579071045,-8.301257133483887
2,410003,-5.807760715484619,-11.022882461547852,4.9304118156433105,-15.292317390441895
2,410003,-4.211919784545898,17.054664611816406,13.163615226745605,2.5516679286956787
2,410003,0.7261127233505249,7.505788803100586,-11.260686874389648,27.315776824951172
2,410003,-14.656071662902832,-17.680213928222656,-1.274030089378357,21.948625564575195
2,410003,0.8048539161682129,-2.882572889328003,20.697925567626953,-21.213584899902344
2,410005,2.2009687423706055,20.39948081970215,10.800704002380371,-5.428077220916748
2,410005,-3.170940399169922,-1.554577350616455,-0.8447007536888123,25.306737899780273
2,410005,9.899995803833008,-26.767589569091797,-4.203383922576904,-8.222455978393555
2,410005,-4.176797389984131,1.5599365234375,-6.612260818481445,-20.753339767456055
2,410005,1.5883227586746216,31.720308303833008,-22.028493881225586,7.9601945877075195
2,410006,0.014167091809213161,-16.653478622436523,-3.3374388217926025,20.397890090942383
2,410007,7.44911527633667,-16.410900115966797,14.157976150512695,-24.32261085510254
2,410008,13.526707649230957,22.54971694946289,0.7894101142883301,-32.8124885559082
2,410009,-15.147989273071289,-3.513869524002075,-25.48566436767578,7.9141974449157715
2,410012,-2.0290753841400146,-21.732173919677734,22.66777801513672,13.676667213439941
2,410014,2.9840757846832275,-13.4846773147583,33.676429748535156,13.988748550415039
2,410016,1.9055811166763306,19.06705093383789,-30.737667083740234,3.9784140586853027
2,410018,13.822768211364746,39.541664123535156,15.211848258972168,-1.408428430557251
2,410020,-8.884929656982422,-13.1277437210083,-10.93984317779541,-11.413272857666016
2,410022,-7.013991355895996,-32.57332229614258,-36.65704345703125,-13.18324089050293
2,410024,3.343662977218628,23.632478713989258,42.78681945800781,13.037425994873047
2,410026,-11.406414985656738,18.345027923583984,18.648576736450195,19.100133895874023
2,410028,-0.07292290776968002,-26.25535011291504,-35.804298400878906,-15.273771286010742
2,410030,15.621025085449219,-17.099674224853516,-2.402756690979004,6.906857490539551
2,410032,-3.8134477138519287,5.9417643547058105,3.652942657470703,7.352583885192871
2,410034,-9.54270076751709,7.496267795562744,-3.1644773483276367,-45.640499114990234
2,410036,4.702744960784912,25.00166893005371,38.89521408081055,30.047937393188477
2,410038,4.551089286804199,10.972113609313965,-18.324636459350586,51.989173889160156
2,410040,-2.15623140335083,-32.1182746887207,-36.56071472167969,-25.084932327270508
2,410042,-3.2911534309387207,0.7187939882278442,26.18829345703125,-31.74590492248535
2,410044,1.6887363195419312,18.137908935546875,-4.398926258087158,-8.452045440673828
2,410046,-7.167313098907471,-18.22945213317871,-13.3264799118042,35.66218185424805
2,410049,0.07652557641267776,4.212183952331543,12.404879570007324,8.412371635437012
2,410050,6.0639872550964355,15.760760307312012,16.106706619262695,-48.3914909362793
2,410051,1.6007894277572632,-13.308424949645996,4.71087121963501,3.4772629737854004
2,410195,10.152993202209473,-15.613815307617188,-14.445993423461914,30.733579635620117
2,410195,-3.388672113418579,3.4751780033111572,-16.16515350341797,-6.998203754425049
2,410195,-18.67957305908203,6.058533191680908,3.7787036895751953,-16.922748565673828
2,410195,-5.216193199157715,-15.268743515014648,16.354736328125,5.321249485015869
2,410196,16.190645217895508,0.24259977042675018,-2.4685709476470947,8.413090705871582
2,410196,-4.977258205413818,26.50734519958496,-0.5722880363464355,-5.620375633239746
2,410196,1.0499223470687866,2.1476941108703613,9.463761329650879,0.11122898012399673
2,410196,20.060401916503906,-17.783594131469727,-2.5887091159820557,19.462890625
2,410196,-25.2224063873291,-2.566385507583618,-15.630332946777344,7.833930969238281
2,410196,-16.01244354248047,9.575201988220215,-7.877127647399902,-15.513275146484375
2,410197,22.243690490722656,2.0509490966796875,12.225659370422363,-6.390664577484131
2,410197,18.72806739807129,-3.834996223449707,-0.8427395224571228,-5.661263942718506
2,410197,-4.234499454498291,3.6867215633392334,-10.487635612487793,-7.024257183074951
2,410197,-5.189291477203369,1.2064870595932007,1.385157585144043,14.49970817565918
2,410197,15.108672142028809,-4.475582599639893,3.7843239307403564,10.74206829071045
2,410197,-11.955581665039062,0.4080064594745636,10.865994453430176,4.2682600021362305
2,410198,-5.354361057281494,7.602022171020508,9.548348426818848,3.2596189975738525
2,410198,18.34687042236328,-4.05010461807251,-10.121938705444336,-32.43701171875
2,410198,-14.295652389526367,-10.992081642150879,-16.730541229248047,-7.418609619140625
2,410198,-17.46337127685547,9.850944519042969,14.132722854614258,28.71294593811035
2,410198,4.760968208312988,7.540835857391357,4.760707855224609,-10.038976669311523
2,410198,-6.337902545928955,-12.620779991149902,-23.204132080078125,-12.029862403869629
2,410199,-8.259751319885254,-5.892507076263428,10.408758163452148,10.015944480895996
2,410199,14.274418830871582,7.211437225341797,16.377195358276367,-2.1517252922058105
2,410199,16.219663619995117,13.564425468444824,-7.144802570343018,-15.170970916748047
2,410199,-5.015323638916016,-0.3364361524581909,7.841621398925781,-4.215848922729492
2,410199,-13.468998908996582,-21.729642868041992,13.473464012145996,17.664173126220703
2,410200,9.734776496887207,5.369449615478516,-9.302284240722656,5.66829252243042
2,410200,13.653494834899902,23.769208908081055,-15.66470718383789,-7.494365215301514
2,410200,-11.254752159118652,-6.930572032928467,-13.712870597839355,7.775876045227051
2,410200,-2.02408766746521,-14.39676284790039,0.19647559523582458,-7.261861324310303
2,410200,5.623538970947266,4.780664443969727,17.593599319458008,-12.463177680969238
2,410200,-0.6905752420425415,4.911870002746582,-3.7846033573150635,14.859801292419434
2,410201,-5.691946983337402,-8.370634078979492,-4.228987216949463,14.716700553894043
2,410201,-9.924946784973145,-16.10710906982422,14.960638999938965,-9.217605590820312
2,410201,5.189976692199707,10.355568885803223,-12.181917190551758,-8.543049812316895
2,410201,6.415842533111572,19.98861312866211,-8.121417045593262,12.264181137084961
2,410201,-5.733537197113037,-15.713088035583496,21.13800811767578,3.1819024085998535
2,410201,-17.07198143005371,-21.35919189453125,-3.210564136505127,4.062685012817383
2,410202,11.090140342712402,11.057145118713379,-15.61685562133789,0.7335000038146973
2,410202,25.27765655517578,31.67571449279785,0.013677532784640789,-12.835382461547852
2,410202,-15.700746536254883,-0.8535528182983398,1.4061284065246582,-5.105713844299316
2,410202,-6.103824138641357,-24.78813934326172,-0.8053694367408752,17.252559661865234
2,410202,5.508388042449951,-3.1697680950164795,6.113808631896973,17.87187957763672
2,410202,-11.196576118469238,16.28384780883789,12.192770957946777,-16.141616821289062
2,410203,10.053749084472656,2.1003189086914062,-6.082920551300049,-27.306793212890625
2,410203,16.81391716003418,-34.05388259887695,-6.887570381164551,-1.7781593799591064
2,410203,-8.552069664001465,-7.950748443603516,9.446586608886719,29.664058685302734
2,410203,-10.269314765930176,31.75664520263672,-10.817307472229004,-13.065299034118652
2,410203,17.38966941833496,13.494667053222656,-0.7008029222488403,-33.227420806884766
2,410203,-13.994949340820312,-11.054749488830566,12.206379890441895,20.878650665283203
2,410204,-30.430553436279297,-7.665680885314941,-13.052679061889648,5.48299503326416
2,410204,12.113186836242676,12.377425193786621,-1.7154699563980103,-8.839054107666016
2,410204,14.488909721374512,-2.9531502723693848,6.268246173858643,23.779586791992188
2,410204,12.563019752502441,-5.361172676086426,-12.560450553894043,-1.6443142890930176
2,410204,-12.181621551513672,1.6714611053466797,-7.5640645027160645,-3.8371939659118652
2,410204,-23.131776809692383,0.32157325744628906,13.550442695617676,10.037887573242188
2,410205,23.53464126586914,17.759485244750977,6.769908905029297,-39.49280548095703
2,410205,7.891238689422607,-9.684617042541504,1.1553243398666382,-7.65736722946167
2,410205,-16.892681121826172,-5.239891052246094,0.6656057834625244,46.252967834472656
2,410205,17.728208541870117,14.97506332397461,0.45891669392585754,-15.012589454650879
2,410205,11.151019096374512,-25.67128562927246,5.840667724609375,-30.360061645507812
2,410205,-13.949423789978027,-3.1576385498046875,-1.8266286849975586,25.593889236450195
2,410206,-3.182796001434326,27.836034774780273,1.5736948251724243,15.641533851623535
2,410206,10.159735679626465,-23.087324142456055,-4.297386169433594,-10.039407730102539
2,410206,-5.3815155029296875,-8.713719367980957,-5.346770763397217,4.171163558959961
2,410206,-7.848897457122803,29.73162269592285,0.7363555431365967,-1.2435216903686523
2,410206,12.062829971313477,-20.022069931030273,-10.350083351135254,-5.9104323387146
2,410206,-4.1864142417907715,-20.438688278198242,-5.747663497924805,21.232820510864258
2,410207,-4.833853244781494,27.065343856811523,7.931392669677734,7.996123313903809
2,410207,10.243681907653809,1.621939778327942,5.327746391296387,-13.791515350341797
2,410208,-5.942391872406006,-16.791475296020508,-6.334779262542725,-13.258999824523926
2,410208,-18.29184341430664,18.806638717651367,0.18552492558956146,-21.22245979309082
2,410208,8.510188102722168,21.027605056762695,3.124420642852783,-4.694474697113037
2,410209,23.668872833251953,-27.479785919189453,-3.214005947113037,10.328513145446777
2,410209,-28.773956298828125,-25.257795333862305,23.06334686279297,0.22409242391586304
2,410209,-15.851826667785645,31.95806312561035,6.535706996917725,6.876590728759766
2,410209,39.265377044677734,15.88969898223877,-24.728002548217773,13.48631763458252
2,410210,3.5814361572265625,-6.883327484130859,33.75318908691406,-2.418910264968872
2,410212,-5.378137111663818,-4.907769680023193,35.850162506103516,3.183321714401245
2,410214,-13.768047332763672,-34.09664535522461,-46.88584899902344,45.32350158691406
2,410216,-21.544132232666016,8.247410774230957,-20.037538528442383,24.787574768066406
2,410218,25.595369338989258,29.87880516052246,11.776719093322754,-62.66680908203125
2,410220,4.0386457443237305,-6.6161065101623535,-31.98828125,-51.97905731201172
2,410222,-9.806711196899414,-0.3933961093425751,6.905498027801514,26.955678939819336
2,410224,10.330462455749512,13.591215133666992,39.48216247558594,37.36079406738281
2,410226,-7.318193435668945,1.9501960277557373,-14.655872344970703,-14.705086708068848
2,410228,-4.644978046417236,-26.38877296447754,-19.02298927307129,-12.82649040222168
2,410230,26.058626174926758,-5.763402462005615,16.064455032348633,0.5053117871284485
2,410232,-13.105350494384766,11.826236724853516,7.957571029663086,-29.766340255737305
2,410235,-29.179250717163086,-6.34849739074707,-11.704962730407715,13.75350284576416
2,410236,25.325729370117188,-0.4195560812950134,-16.463851928710938,27.58911895751953
2,410239,20.834997177124023,6.867703437805176,5.332340717315674,-0.43916183710098267
2,410240,-10.245229721069336,-1.6931151151657104,9.845138549804688,0.5749912858009338
2,410243,-8.469822883605957,-6.144252300262451,5.347747802734375,-8.67113208770752
2,410244,-0.8834171891212463,10.095239639282227,23.356246948242188,40.42973709106445
2,410247,-11.624190330505371,17.913043975830078,-37.9266242980957,9.531462669372559
2,410248,0.34297865629196167,-24.096935272216797,-41.4509162902832,-66.47655487060547
2,410249,7.696316719055176,-10.718855857849121,44.05270004272461,-6.657673358917236
2,410252,-10.788643836975098,24.052743911743164,17.962732315063477,12.161893844604492
2,410253,1.098914623260498,-5.717043876647949,1.1245325803756714,-11.635085105895996
2,410256,11.135842323303223,-6.520040035247803,0.05156564712524414,14.299747467041016
2,410410,-8.490255355834961,-9.673466682434082,-26.387441635131836,-6.268784523010254
2,410410,-6.940594673156738,-19.84434700012207,0.25239747762680054,-13.007833480834961
2,410410,12.188867568969727,8.90804672241211,22.354551315307617,32.469051361083984
2,410410,-3.6687960624694824,32.85614013671875,16.746416091918945,-0.3009093999862671
2,410410,-11.211848258972168,1.0433725118637085,-9.064355850219727,-21.742965698242188
2,410411,25.46784782409668,-12.955368995666504,-26.15165901184082,6.9898905754089355
2,410411,6.5178303718566895,6.471805572509766,6.685254096984863,10.028069496154785
2,410411,-12.781622886657715,-2.6747727394104004,17.38007164001465,14.483282089233398
2,410411,1.9482547044754028,12.256769180297852,-16.92725372314453,-17.242456436157227
2,410411,-6.910633087158203,-5.764806270599365,-9.86763858795166,-5.762396335601807
2,410411,-2.0737359523773193,-18.222278594970703,25.796634674072266,26.26263427734375
2,410412,-1.4142614603042603,13.339397430419922,18.747554779052734,-5.511865139007568
2,410412,6.141808986663818,-2.6916611194610596,-18.342998504638672,14.411401748657227
2,410412,0.9965289235115051,-11.712174415588379,-12.240801811218262,7.0626325607299805
2,410412,-16.048852920532227,-1.9051196575164795,-0.47814345359802246,-28.317155838012695
2,410412,10.599538803100586,8.368444442749023,-9.218156814575195,23.03616714477539
2,410413,5.630794048309326,3.438290596008301,3.04032564163208,24.16766929626465
2,410413,-5.021701335906982,5.971411228179932,5.312343120574951,-37.00211715698242
2,410413,19.68317222595215,2.1147308349609375,-11.15359115600586,-26.4716854095459
2,410413,-1.0723739862442017,-8.452872276306152,-7.363040924072266,21.068029403686523
2,410413,-16.633882522583008,15.07465648651123,17.7611083984375,-7.383601665496826
2,410413,3.4254348278045654,-12.075172424316406,5.803462982177734,-36.49466323852539
2,410414,14.771398544311523,-15.884377479553223,-22.677623748779297,-5.395299434661865
2,410414,-6.346226215362549,11.593558311462402,0.4871993362903595,13.048149108886719
2,410414,-22.303964614868164,-2.31394624710083,19.649259567260742,23.021190643310547
2,410414,0.22797396779060364,0.40900832414627075,-0.8380222320556641,6.390511989593506
2,410414,3.4256606101989746,6.9280266761779785,-8.951574325561523,-21.391950607299805
2,410414,-3.203263282775879,4.309728622436523,-5.557180881500244,-2.5440914630889893
2,410415,3.2520768642425537,1.2131682634353638,-6.153102874755859,14.984203338623047
2,410415,-8.452343940734863,-13.088441848754883,1.7542895078659058,12.509513854980469
2,410415,-3.2184627056121826,-9.721015930175781,7.620811462402344,9.176468849182129
2,410415,21.78239631652832,16.642690658569336,9.878522872924805,-1.5529228448867798
2,410415,3.7894444465637207,11.374444961547852,4.995229721069336,-2.6267623901367188
2,410415,-14.36216926574707,-4.803450584411621,10.00306510925293,-9.698150634765625
2,410416,16.659027099609375,4.011083126068115,0.5885555744171143,-16.956491470336914
2,410416,11.811074256896973,-12.117705345153809,-26.41506004333496,5.1038384437561035
2,410416,-20.61979103088379,-2.6735942363739014,14.048158645629883,12.933733940124512
2,410416,-2.7053587436676025,9.064953804016113,25.39984130859375,18.706026077270508
2,410416,15.309489250183105,-19.755401611328125,-22.391321182250977,1.9212846755981445
2,410416,9.462067604064941,3.4062764644622803,-3.732743263244629,-24.9164981842041
2,410417,-18.787334442138672,28.033105850219727,8.282432556152344,-4.0423455238342285
2,410417,-23.757017135620117,-15.976592063903809,-12.222116470336914,-4.73457145690918
2,410417,22.46822738647461,-27.540163040161133,-2.056098461151123,-3.17154598236084
2,410417,15.641907691955566,19.8901309967041,4.759021282196045,28.39019012451172
2,410417,-11.433574676513672,15.759815216064453,-2.5462758541107178,10.780759811401367
2,410418,2.8767547607421875,-1.1281613111495972,-5.385010719299316,-27.260496139526367
2,410418,-6.784283638000488,-1.1190531253814697,3.2094533443450928,-15.022613525390625
2,410418,-8.346928596496582,-4.625105381011963,-4.014260768890381,-6.388026714324951
2,410418,-5.485836029052734,-11.423138618469238,-2.0012030601501465,15.721609115600586
2,410418,-8.131534576416016,8.705280303955078,9.421195030212402,35.591888427734375
2,410418,16.51888084411621,15.231197357177734,-6.097051620483398,-18.499479293823242
2,410418,13.259657859802246,-30.168394088745117,-5.689770698547363,-36.30927276611328
2,410419,-8.616479873657227,-0.25856542587280273,8.973438262939453,12.657878875732422
2,410419,-18.83773422241211,26.227922439575195,-2.6337525844573975,-2.4743824005126953
2,410419,9.11105728149414,-5.447394371032715,-5.761600971221924,-19.709518432617188
2,410419,14.560537338256836,-7.566540718078613,7.04482889175415,8.873961448669434
2,410419,-21.973888397216797,-17.530838012695312,-6.044791221618652,13.42767333984375
2,410419,-3.214930772781372,-4.69177770614624,-4.600106716156006,0.059077970683574677
2,410420,23.624839782714844,27.40840721130371,10.621574401855469,-12.703688621520996
2,410420,3.8869941234588623,-0.01805000938475132,5.496382713317871,22.879671096801758
2,410420,-6.189372539520264,-0.32328900694847107,-5.7436137199401855,16.291452407836914
2,410420,14.987591743469238,9.270480155944824,-0.8529229164123535,-24.828096389770508
2,410420,-4.341812610626221,-19.314943313598633,12.05700397491455,11.241384506225586
2,410421,-26.163021087646484,-15.384201049804688,-5.4783148765563965,20.87883186340332
2,410421,3.7561612129211426,0.6205995082855225,-17.542552947998047,-13.768095970153809
2,410421,6.397623538970947,8.772485733032227,4.953519344329834,-1.4338737726211548
2,410421,2.840330123901367,5.316004753112793,-4.290806293487549,3.0483577251434326
2,410421,15.129040718078613,4.350498676300049,-10.45213508605957,-11.365345001220703
2,410421,-17.089000701904297,-4.885846138000488,23.089561462402344,8.55351734161377
2,410422,-14.268752098083496,4.889732360839844,14.932043075561523,3.724134922027588
2,410422,10.507806777954102,10.281842231750488,-9.27929401397705,-16.767927169799805
2,410422,-6.7630767822265625,-9.966154098510742,-9.12169075012207,7.170505046844482
2,410422,9.724751472473145,3.435307264328003,6.8758320808410645,4.519330024719238
2,410422,11.944839477539062,-5.132066249847412,9.095974922180176,-0.16110168397426605
2,410422,-9.603647232055664,-2.7565736770629883,-12.582467079162598,3.8210537433624268
2,410423,-2.813554286956787,14.264937400817871,5.866605758666992,-9.566001892089844
2,410423,10.872777938842773,15.359823226928711,27.21544075012207,-4.796056270599365
2,410424,4.532292366027832,11.805521965026855,9.050631523132324,52.40870666503906
2,410424,-7.496249675750732,-10.292458534240723,-7.252948760986328,58.88258743286133
2,410424,-0.8727215528488159,-14.98086929321289,-15.755067825317383,-53.10123062133789
2,410425,-0.34005704522132874,-4.412532806396484,-11.466586112976074,-39.35883712768555
2,410425,2.3555121421813965,14.932311058044434,-3.889460563659668,29.436613082885742
2,410425,-4.8241472244262695,2.622206449508667,8.48242473602295,-0.878145694732666
2,410425,-7.259973049163818,-22.66920280456543,2.415252685546875,-13.37066650390625
2,410426,3.5271236896514893,-15.995361328125,-22.747867584228516,-39.04471206665039
2,410428,-5.604186058044434,-4.0547075271606445,-27.225801467895508,-91.68224334716797
2,410430,8.701271057128906,16.67155647277832,22.45073699951172,19.222795486450195
2,410432,21.706769943237305,16.559913635253906,60.92354965209961,83.91548919677734
2,410434,-19.968463897705078,-31.821598052978516,-16.182310104370117,-38.60594940185547
2,410436,-19.4840145111084,-12.573253631591797,-33.61266326904297,-18.88340950012207
2,410438,9.740983963012695,31.50048828125,-20.254182815551758,38.06287384033203
2,410440,15.067112922668457,-7.552330493927002,-12.502845764160156,-1.0893285274505615
2,410442,8.574609756469727,-3.2207257747650146,50.23482894897461,11.273168563842773
2,410444,-23.563642501831055,20.702707290649414,8.252342224121094,25.269437789916992
2,410446,-3.32167649269104,-0.1777394860982895,-46.26370620727539,7.304388523101807
2,410448,20.74102020263672,0.007469858042895794,-6.539663791656494,4.5497260093688965
2,410451,-2.5675110816955566,-6.924167156219482,42.70293045043945,3.1744470596313477
2,410452,2.300619602203369,-7.992002010345459,26.138261795043945,-14.488785743713379
2,410455,-1.4245057106018066,-12.190109252929688,-42.02836608886719,-43.60551071166992
2,410456,-18.74849510192871,-7.599792957305908,-41.39655685424805,4.272136211395264
2,410459,17.75428009033203,46.712364196777344,44.07151794433594,34.9283447265625
2,410460,27.94677734375,0.747488796710968,35.86293029785156,-6.597551345825195
2,410463,-36.68512725830078,-37.46405792236328,-43.447322845458984,-10.341285705566406
2,410464,-30.440956115722656,11.831334114074707,-20.479347229003906,-3.661738157272339
2,410465,17.270462036132812,20.135889053344727,48.509765625,11.467855453491211
2,410468,22.767921447753906,3.3107409477233887,22.707176208496094,17.570878982543945
2,410469,12.201491355895996,-15.984830856323242,-40.193702697753906,-1.6232891082763672
2,410472,-32.5220947265625,-32.198280334472656,-23.779844284057617,-28.750436782836914
2,410473,-13.863144874572754,-19.034440994262695,12.931343078613281,-33.88700485229492
2,410638,26.241910934448242,32.13441848754883,11.55635929107666,37.51747512817383
2,410638,8.659914016723633,32.254417419433594,-1.1621321439743042,49.341575622558594
2,410638,1.3843121528625488,-6.801952362060547,9.002588272094727,-31.561992645263672
2,410638,-14.320745468139648,-10.27470874786377,7.080206394195557,-8.036340713500977
2,410638,-9.9495849609375,1.0342639684677124,-15.713287353515625,17.397750854492188
2,410639,13.823450088500977,3.5025765895843506,-14.075837135314941,-5.290746688842773
2,410639,2.0121636390686035,3.3301970958709717,1.2161678075790405,3.1468923091888428
2,410639,-8.97341537475586,-8.920492172241211,-0.6979072093963623,-4.473621845245361
2,410639,-6.322174549102783,-19.40131187438965,-6.254946231842041,-1.0179660320281982
2,410639,7.1631999015808105,17.93661880493164,13.176568031311035,-7.164628982543945
2,410640,22.11231231689453,25.127849578857422,8.812843322753906,-19.466590881347656
2,410640,1.6576249599456787,-19.629344940185547,-7.603247165679932,-4.287285327911377
2,410640,-9.922179222106934,-8.772655487060547,2.915012836456299,-6.930111885070801
2,410640,-2.3685462474823,7.1412153244018555,1.3067678213119507,-16.601993560791016
2,410640,-7.088396072387695,-11.52784252166748,-1.7447402477264404,20.679973602294922
2,410640,0.9947298765182495,12.370388984680176,-7.222336292266846,10.73000431060791
2,410641,-0.04485641047358513,10.853474617004395,-10.649354934692383,-24.961217880249023
2,410641,-6.600311279296875,-11.556020736694336,12.514503479003906,24.576831817626953
2,410641,-7.557990074157715,1.6713753938674927,5.791081428527832,28.91549301147461
2,410641,-7.203079700469971,7.972750186920166,-8.024954795837402,-13.321297645568848
2,410641,14.396140098571777,5.418369770050049,10.726408958435059,-7.743571758270264
2,410641,13.201560020446777,-18.78437614440918,6.007412910461426,-8.834346771240234
2,410642,4.585587978363037,-2.6381964683532715,2.021414041519165,2.4381487369537354
2,410642,0.9961448311805725,-1.2370219230651855,4.523866653442383,17.094722747802734
2,410642,-16.8947696685791,-20.691789627075195,-8.703845977783203,4.255430698394775
2,410642,6.306528568267822,24.205463409423828,4.753511905670166,-6.726014614105225
2,410642,31.817058563232422,20.52962875366211,7.0893449783325195,-0.1967732459306717
2,410642,-2.924143075942993,-12.895843505859375,-3.6198418140411377,12.8922119140625
2,410643,-16.963579177856445,-11.14462661743164,5.397857666015625,-6.2198805809021
2,410643,-1.0080400705337524,-4.022404193878174,-3.052720546722412,-19.01468276977539
2,410643,-14.565025329589844,11.285843849182129,-4.030438423156738,1.489835500717163
2,410643,-5.266523361206055,3.873845100402832,-1.1013264656066895,13.947372436523438
2,410643,12.381967544555664,-9.347721099853516,-0.156494602560997,-3.3732190132141113
2,410643,1.247806191444397,7.134013652801514,1.9920375347137451,-13.20298957824707
2,410644,-4.6846418380737305,-10.5340576171875,-15.852165222167969,-18.87720489501953
2,410644,-18.656883239746094,-14.323019027709961,3.826106071472168,24.59001922607422
2,410644,-8.237933158874512,16.98661994934082,9.87363338470459,50.45049285888672
2,410644,32.172096252441406,5.3919677734375,-12.488222122192383,-30.160587310791016
2,410644,14.700980186462402,8.109757423400879,-5.606431007385254,-30.181367874145508
2,410644,-18.189170837402344,-0.9719181060791016,-13.633371353149414,7.425971508026123
2,410645,-4.977202892303467,-9.826022148132324,-12.541823387145996,-17.321897506713867
2,410645,3.82137393951416,2.6014769077301025,-2.7914059162139893,5.522401332855225
2,410645,-0.6008522510528564,-15.773701667785645,25.98183822631836,28.08905029296875
2,410645,-6.703310012817383,6.4689435958862305,27.34326934814453,-15.825148582458496
2,410645,-10.7796630859375,27.84830093383789,-28.289722442626953,-29.64778709411621
2,410646,8.787164688110352,-24.422760009765625,-5.050326824188232,21.806346893310547
2,410646,23.089502334594727,-10.353660583496094,18.446212768554688,26.087526321411133
2,410646,0.8028008341789246,36.14981460571289,-12.974512100219727,-14.760706901550293
2,410646,-12.311972618103027,-14.321356773376465,-1.2427340745925903,-2.830097198486328
2,410646,-7.584100723266602,-27.700180053710938,15.282547950744629,20.190670013427734
2,410646,-14.221195220947266,13.768184661865234,15.930493354797363,5.705539703369141
2,410646,0.978182852268219,14.102627754211426,0.1437823474407196,-8.921488761901855
2,410647,24.6568660736084,-14.85774040222168,-13.267374038696289,10.997657775878906
2,410647,-3.040419101715088,-0.5059511065483093,-0.7065290212631226,24.223997116088867
2,410647,-11.077110290527344,27.782075881958008,0.7926622629165649,-25.38201904296875
2,410647,23.150676727294922,-18.213260650634766,-12.927962303161621,-42.422813415527344
2,410647,-6.899410724639893,-17.042734146118164,-8.819339752197266,20.17983055114746
2,410647,-30.863719940185547,35.50189971923828,20.81411361694336,16.264596939086914
2,410648,21.356258392333984,-0.7521610260009766,16.618003845214844,-25.01019287109375
2,410648,21.71112632751465,-18.875770568847656,-12.401769638061523,6.60835599899292
2,410648,-7.519550323486328,21.29916000366211,-16.21868133544922,10.695422172546387
2,410648,-0.7487245798110962,-0.4056009352207184,-4.500247478485107,-23.33833122253418
2,410648,-8.847511291503906,-30.79430389404297,16.118671417236328,8.19199275970459
2,410649,-8.459757804870605,-15.468361854553223,8.929903984069824,21.620235443115234
2,410649,9.157551765441895,7.967227935791016,-18.23255729675293,-14.993924140930176
2,410649,6.143857479095459,17.724332809448242,-2.8463797569274902,-13.176653861999512
2,410649,-1.7815970182418823,-18.2301082611084,17.503002166748047,-6.175876617431641
2,410649,-11.794313430786133,-17.129859924316406,-6.990176677703857,4.431952953338623
2,410649,-23.521913528442383,19.965999603271484,-18.343563079833984,15.969186782836914
2,410650,12.394194602966309,22.320886611938477,5.684847354888916,-11.422210693359375
2,410650,20.862178802490234,2.1555886268615723,8.818053245544434,-13.23768138885498
2,410650,-14.57304859161377,-18.895435333251953,-0.8091336488723755,7.686960697174072
2,410650,-0.2731267213821411,-3.1463911533355713,4.68848180770874,1.3801597356796265
2,410650,8.231072425842285,16.594945907592773,8.52554702758789,1.5462607145309448
2,410650,-0.6209332346916199,8.511905670166016,-10.512773513793945,0.1695762574672699
2,410651,-1.112662672996521,-8.755894660949707,-9.070351600646973,3.365931987762451
2,410651,-7.963140964508057,-0.8236119747161865,12.729705810546875,3.7450191974639893
2,410651,14.824606895446777,-1.4540032148361206,-1.765608787536621,-8.193102836608887
2,410651,11.268577575683594,-25.783733367919922,-9.169790267944336,2.2132627964019775
2,410651,-24.331584930419922,5.236767768859863,-0.193402960896492,4.198482036590576
2,410651,-19.20949363708496,26.858699798583984,2.8226075172424316,7.500136852264404
2,410652,8.150603294372559,-10.260287284851074,11.650733947753906,-6.299432754516602
2,410653,27.77338218688965,-1.4507983922958374,21.791038513183594,-9.28498363494873
2,410653,15.189996719360352,19.14911460876465,1.340704321861267,19.449491500854492
2,410653,-16.293317794799805,-5.847507953643799,-13.975936889648438,7.38844108581543
2,410653,-23.888944625854492,-4.057114124298096,-5.863860607147217,-0.11862175911664963
2,410654,1.8597625494003296,7.124940872192383,-6.698951244354248,-2.931790828704834
2,410654,19.496580123901367,-4.479651927947998,4.259397029876709,-7.848845958709717
2,410654,-0.20589374005794525,-10.218690872192383,-7.211817264556885,-5.119261264801025
2,410655,-0.9825878143310547,2.1158692836761475,-10.517868041992188,-9.746119499206543
2,410657,10.321822166442871,21.440908432006836,-0.42424312233924866,35.12807846069336
2,410658,-17.556734085083008,-9.079510688781738,-13.009296417236328,59.89396667480469
2,410661,-5.42741584777832,-17.55846405029297,-9.306708335876465,-59.025508880615234
2,410662,18.923192977905273,0.7272329926490784,17.10654067993164,-51.43052291870117
2,410663,5.716825485229492,23.903486251831055,36.22237777709961,74.22797393798828
2,410666,-15.472753524780273,2.031747817993164,-30.147798538208008,-9.86661148071289
2,410667,-23.77577018737793,-44.29932403564453,-33.215179443359375,-52.811431884765625
2,410670,20.569854736328125,5.313968181610107,49.23770523071289,8.65117359161377
2,410671,10.130928039550781,15.7129545211792,25.128042221069336,-1.3123313188552856
2,410674,-23.297147750854492,-4.17534065246582,-8.411920547485352,-1.7053356170654297
2,410675,-2.8824336528778076,10.751537322998047,-9.03624153137207,8.133548736572266
2,410678,10.932329177856445,7.788698196411133,-8.24985408782959,-19.432048797607422
2,410679,3.2590274810791016,-15.808379173278809,-30.29497528076172,-2.0570757389068604
2,410682,1.048166275024414,-12.695762634277344,-15.01768684387207,50.97818374633789
2,410683,4.883868217468262,5.479349136352539,33.897369384765625,-20.177288055419922
2,410686,3.742189407348633,8.849774360656738,12.345431327819824,-66.2109603881836
2,410687,8.351326942443848,10.23281478881836,2.9344632625579834,52.532413482666016
2,410690,1.6677334308624268,-2.832111358642578,14.422137260437012,65.60383605957031
2,410691,-11.69784164428711,-3.1636576652526855,-9.04898738861084,-47.61961364746094
2,410694,0.7889735698699951,-7.962698936462402,-31.572572708129883,-47.941749572753906
2,410695,1.4612724781036377,-0.20777466893196106,-10.303869247436523,23.492061614990234
2,410698,-5.8723225593566895,15.72242546081543,19.668628692626953,37.9310188293457
2,410699,9.0662841796875,-7.010092735290527,6.217644691467285,-19.167226791381836
2,410702,-5.901250839233398,-8.087390899658203,-2.644519567489624,-19.48476791381836
2,410704,1.0554708242416382,12.06662654876709,8.10267448425293,11.749794960021973
2,410876,-11.942091941833496,-7.41177225112915,5.251218795776367,4.700881004333496
2,410876,-22.52963638305664,-2.136976480484009,3.1481363773345947,10.66219711303711
2,410876,18.50242805480957,3.5058376789093018,-10.212080955505371,-3.172067165374756
2,410876,10.539068222045898,-12.741989135742188,-9.71406078338623,2.868957042694092
2,410877,-3.776746988296509,16.347253799438477,16.05945587158203,3.036008596420288
2,410877,4.474557876586914,7.383880615234375,15.058624267578125,-17.963716506958008
2,410877,8.861211776733398,-1.4914417266845703,-18.398588180541992,-0.7504016160964966
2,410877,2.4864258766174316,1.3944902420043945,-18.902141571044922,19.30607795715332
2,410877,-15.661637306213379,-18.53081512451172,7.429487705230713,-0.42190974950790405
2,410877,1.225245475769043,12.12795352935791,7.319611072540283,-33.31611633300781
2,410878,17.2465763092041,2.296771764755249,-6.0192060470581055,2.4246554374694824
2,410878,-2.422546863555908,-25.668964385986328,-3.9826388359069824,30.17013931274414
2,410878,-15.486885070800781,13.082501411437988,3.7566585540771484,-13.679259300231934
2,410878,1.8577955961227417,13.342653274536133,-8.050127029418945,-9.434736251831055
2,410878,6.58949089050293,-7.605093002319336,3.4894139766693115,18.70412826538086
2,410879,-8.266152381896973,-8.882932662963867,9.72824764251709,-1.4616671800613403
2,410879,0.06670680642127991,-9.563644409179688,-1.6863311529159546,-20.11198616027832
2,410879,-1.2017579078674316,7.192234992980957,-0.0672278180718422,-21.032392501831055
2,410879,-4.562209606170654,-2.616565465927124,-7.345524311065674,9.380855560302734
2,410879,-5.011894226074219,2.237530469894409,-4.129330635070801,29.763919830322266
2,410879,6.112622261047363,25.529399871826172,10.519303321838379,-3.6296534538269043
2,410880,15.219465255737305,-3.5587923526763916,12.913185119628906,3.60370135307312
2,410880,4.763647079467773,0.055941808968782425,-7.794687747955322,19.70955467224121
2,410880,-2.292473316192627,15.165735244750977,-3.0730373859405518,-16.422117233276367
2,410880,-10.158535957336426,-16.330015182495117,5.266046047210693,-21.062265396118164
2,410880,3.1577951908111572,2.7900094985961914,-6.915863037109375,-1.7165775299072266
2,410880,12.59931755065918,-0.49499237537384033,-4.532734394073486,1.3040302991867065
2,410881,-5.886194705963135,-32.64552307128906,7.459082126617432,0.2008616030216217
2,410881,-10.765044212341309,9.530815124511719,8.492029190063477,14.42387580871582
2,410881,-1.4517866373062134,15.642943382263184,-6.077695846557617,8.036467552185059
2,410881,7.776733875274658,-13.104706764221191,-12.807778358459473,-27.70270538330078
2,410881,-8.485494613647461,-4.484441757202148,-5.701605319976807,-3.637491464614868
2,410882,-10.560873985290527,-5.877408981323242,-0.08828780800104141,21.4194393157959
2,410882,18.83224105834961,-3.7620694637298584,-1.3691203594207764,-5.307244777679443
2,410882,6.38502836227417,18.486328125,2.4598422050476074,-8.992074966430664
2,410882,-9.816640853881836,6.399118900299072,5.718512535095215,6.3626909255981445
2,410882,-15.491368293762207,-12.11760139465332,0.20081225037574768,8.298572540283203
2,410882,-13.507792472839355,11.26589298248291,-0.7039214968681335,5.25983190536499
2,410883,14.640778541564941,7.640111923217773,6.536781311035156,-2.7365236282348633
2,410883,26.548879623413086,-12.253331184387207,-3.85980224609375,3.7317094802856445
2,410883,2.3324315547943115,3.0910532474517822,3.566480875015259,16.7188777923584
2,410883,-15.59805679321289,17.908626556396484,10.169570922851562,-10.022934913635254
2,410883,-1.1612751483917236,-3.752401351928711,-17.870473861694336,-15.525287628173828
2,410883,5.521728038787842,-29.524574279785156,-9.820979118347168,11.24513053894043
2,410884,6.173951148986816,9.498868942260742,21.28319549560547,4.0553879737854
2,410884,0.6208747029304504,26.38018226623535,19.313390731811523,-6.922295570373535
2,410884,-1.6308183670043945,-8.396768569946289,-1.8985422849655151,3.9210073947906494
2,410884,-6.573566913604736,4.923173904418945,-7.141088962554932,13.869229316711426
2,410884,-18.153207778930664,-7.719631671905518,9.49665355682373,-9.36347484588623
2,410884,16.367778778076172,-25.90766143798828,-8.773715019226074,-18.521726608276367
2,410885,19.318639755249023,23.54616928100586,-13.675183296203613,1.9740188121795654
2,410885,-12.031688690185547,17.842247009277344,27.483314514160156,-1.3974353075027466
2,410885,-2.0468764305114746,-27.182151794433594,-2.4330735206604004,12.035404205322266
2,410885,-8.658194541931152,1.0096409320831299,-22.09998321533203,17.45023536682129
2,410885,-8.290117263793945,23.555683135986328,15.715482711791992,-6.085338592529297
2,410885,2.5870158672332764,-14.174161911010742,-5.532526016235352,-6.9875383377075195
2,410886,8.363533020019531,-20.88443946838379,-16.05927276611328,-10.742799758911133
2,410886,8.458980560302734,1.730830192565918,22.25822639465332,-2.6811976432800293
2,410886,-0.24013285338878632,-0.13784290850162506,-1.1487175226211548,8.753446578979492
2,410886,10.636412620544434,19.689910888671875,-36.15847396850586,-27.786373138427734
2,410886,-15.751955032348633,3.7660694122314453,-11.828346252441406,-20.313005447387695
2,410886,-29.76580238342285,-27.029619216918945,3.377321243286133,15.907720565795898
2,410887,11.703511238098145,-0.22128404676914215,20.879045486450195,7.337993621826172
2,410887,24.397119522094727,6.126235008239746,15.177544593811035,6.815268516540527
2,410887,-4.8382182121276855,4.029242515563965,-12.332844734191895,-1.0369031429290771
2,410887,-7.933662414550781,7.560401916503906,-0.024448970332741737,-13.030611991882324
2,410887,1.446520447731018,-6.627124309539795,-0.542386531829834,8.41860580444336
2,410887,-0.07862455397844315,-5.9352545738220215,1.6340603828430176,17.985464096069336
2,410888,-1.0442062616348267,26.45922088623047,8.6612548828125,-16.790006637573242
2,410888,3.208608865737915,-1.6126235723495483,-6.689125061035156,8.320301055908203
2,410888,-11.678360939025879,-29.112770080566406,5.020137786865234,36.761470794677734
2,410888,-2.619255542755127,18.88829231262207,16.241287231445312,-15.263175010681152
2,410888,32.424251556396484,3.680558681488037,-6.7293267250061035,-15.421231269836426
2,410888,-6.29777717590332,-28.3580379486084,-16.907459259033203,7.542140960693359
2,410889,-15.590216636657715,2.6282315254211426,-6.3207902908325195,-4.213131427764893
2,410889,18.685527801513672,17.390708923339844,3.582538366317749,-9.537816047668457
2,410889,-1.081048846244812,-3.50506591796875,-8.664811134338379,-11.60102653503418
2,410889,-27.23978042602539,-20.093585968017578,-21.2391414642334,11.10469913482666
2,410889,-10.022848129272461,9.428431510925293,11.751545906066895,22.738039016723633
2,410889,16.131574630737305,26.68587875366211,18.96143913269043,-22.687211990356445
2,410890,2.1845834255218506,-11.749922752380371,-5.118401050567627,-26.469785690307617
2,410890,-11.295126914978027,-17.82540512084961,7.986033916473389,9.631393432617188
2,410890,12.24915599822998,1.7410659790039062,-1.7082819938659668,15.190128326416016
2,410890,2.8840525150299072,10.176712036132812,-12.922330856323242,10.26616096496582
2,410890,-7.26984977722168,2.5939838886260986,15.852351188659668,-3.414808511734009
2,410891,10.894729614257812,-3.0152130126953125,9.579462051391602,-3.663841962814331
2,410892,-5.011166572570801,17.602109909057617,-3.1024060249328613,12.584776878356934
2,410892,0.9724580645561218,7.789523601531982,14.165897369384766,-1.1598128080368042
2,410892,10.350041389465332,-16.13216781616211,-0.6015726327896118,-15.070107460021973
2,410892,-11.81113338470459,-17.624439239501953,-22.897916793823242,1.3019757270812988
2,410893,6.41801118850708,2.568512201309204,-1.3135058879852295,14.348922729492188
2,410893,4.7483062744140625,15.968297004699707,9.981993675231934,2.9980809688568115
2,410893,-16.97683334350586,1.4598839282989502,-8.647367477416992,-2.1830546855926514
2,410893,-1.7706103324890137,-8.428339004516602,2.186971426010132,-14.06098461151123
2,410894,5.788095951080322,7.212635040283203,1.3995513916015625,-5.858074188232422
2,410896,19.838834762573242,10.941010475158691,6.442287445068359,9.577299118041992
2,410898,0.7818281650543213,-9.413881301879883,25.75986671447754,3.3704280853271484
2,410900,-31.619338989257812,-16.142227172851562,-29.90967559814453,3.8458094596862793
2,410902,7.377058506011963,6.836255073547363,-22.841075897216797,-0.3376338481903076
2,410904,19.592018127441406,12.22729778289795,12.304036140441895,-3.9158833026885986
2,410906,-7.592446327209473,-11.285305976867676,-1.9077000617980957,11.63992691040039
2,410908,9.273970603942871,12.862740516662598,13.160207748413086,25.08485221862793
2,410910,-2.9810094833374023,-3.9592607021331787,4.8707380294799805,-25.145545959472656
2,410912,-30.987722396850586,-23.92113494873047,3.9109911918640137,-40.85226058959961
2,410914,6.633429050445557,9.846407890319824,-6.8792195320129395,0.6351654529571533
2,410916,35.35310363769531,13.84713363647461,-7.454733371734619,33.36357116699219
2,410918,6.228114128112793,-0.4024273753166199,7.955888748168945,12.44216537475586
2,410920,-27.57259178161621,-5.5262064933776855,-4.288948059082031,-18.40740394592285
2,410922,-1.4429243803024292,15.17324161529541,-8.10654354095459,-17.474098205566406
2,410924,15.376797676086426,-9.292309761047363,-8.265058517456055,-10.771402359008789
2,410926,-21.972896575927734,-14.914684295654297,10.492910385131836,22.819135665893555
2,410928,-5.195781230926514,10.31794261932373,15.653303146362305,48.7840576171875
2,410930,18.171592712402344,2.2497365474700928,2.0142245292663574,-15.258042335510254
2,410932,-3.2293641567230225,-4.75120735168457,-23.59560203552246,-74.1520767211914
2,410935,-12.196828842163086,-20.913578033447266,-12.620843887329102,13.4885835647583
2,410936,9.823615074157715,8.415861129760742,17.63706398010254,63.10824203491211
2,410939,2.026315450668335,16.207672119140625,-9.02689266204834,-16.87449073791504
2,410940,-14.620172500610352,-9.766196250915527,25.237468719482422,-23.204761505126953
2,410943,14.329209327697754,20.852888107299805,30.260366439819336,17.972530364990234
2,410944,3.147209882736206,-4.759471416473389,-49.71857833862305,-26.81315040588379
3,412171,-12.87411880493164,-30.969074249267578,-11.848953247070312,-7.105856418609619
3,412172,17.77235984802246,22.03558349609375,47.32103729248047,33.59065246582031
3,412173,18.605703353881836,29.05600357055664,8.177939414978027,-6.334002494812012
3,412176,-20.714710235595703,1.2628180980682373,-42.74116134643555,-17.22225570678711
3,412177,-27.891019821166992,-25.0413818359375,-26.513437271118164,29.53042221069336
3,412180,-0.27072781324386597,-20.83745765686035,6.142081260681152,29.952022552490234
3,412181,23.940210342407227,25.246301651000977,53.4348030090332,-27.147470474243164
3,412184,17.710641860961914,15.704079627990723,20.550899505615234,-40.25932312011719
3,412185,-12.796944618225098,-31.50595474243164,-83.91613006591797,-20.071456909179688
3,412198,-12.001041412353516,-24.384260177612305,5.339517116546631,47.49677658081055
3,412199,1.6064196825027466,18.19951057434082,50.54650115966797,54.35750961303711
3,412199,9.85096263885498,24.679746627807617,-13.117507934570312,-41.97380065917969
3,412199,8.868029594421387,-11.461079597473145,-6.337443828582764,-35.31377410888672
3,412199,-13.128680229187012,-12.842092514038086,0.3489243686199188,25.220375061035156
3,412199,-8.58646297454834,14.941795349121094,3.20517897605896,8.991782188415527
3,412200,1.2617464065551758,11.891535758972168,-9.929346084594727,-24.026643753051758
3,412202,2.1237266063690186,-20.390483856201172,-3.4228241443634033,-22.971731185913086
3,412204,11.493990898132324,-20.20460319519043,15.330360412597656,6.065401554107666
3,412206,3.8161940574645996,18.627971649169922,-11.332408905029297,28.15395164489746
3,412208,-19.10626792907715,-14.832511901855469,-4.8523077964782715,14.267033576965332
3,412210,-10.408041954040527,-26.862489700317383,9.548808097839355,-32.3836669921875
3,412212,25.185165405273438,56.50270462036133,18.13283348083496,-16.394649505615234
3,412214,-0.44928523898124695,37.058223724365234,17.908428192138672,32.251708984375
3,412217,-29.766141891479492,-44.76059341430664,-46.325042724609375,-12.059160232543945
3,412218,17.746841430664062,-21.910375595092773,2.5326454639434814,0.4135958254337311
3,412221,24.86872673034668,22.672679901123047,26.642498016357422,55.628318786621094
3,412222,-24.57731819152832,7.473553657531738,-28.815519332885742,-12.38280200958252
3,412247,-19.458656311035156,-6.1766157150268555,7.18959903717041,-42.20253372192383
3,412247,7.896087646484375,-2.933774709701538,8.231886863708496,4.966291904449463
3,412247,7.924021244049072,-13.683245658874512,-13.35135555267334,-11.037857055664062
3,412247,2.523939371109009,-5.660759449005127,-2.248466968536377,-2.8824527263641357
3,412247,10.184255599975586,20.810575485229492,13.953683853149414,30.637832641601562
3,412247,10.852350234985352,13.164484024047852,1.2409309148788452,2.5403308868408203
3,412248,-3.9029645919799805,-12.509056091308594,-9.834495544433594,-1.2018637657165527
3,412248,-10.952550888061523,0.2946096956729889,10.76867389678955,10.671049118041992
3,412248,-0.7643231749534607,7.987626552581787,-1.243698000907898,-21.262226104736328
3,412248,6.872827053070068,-21.107254028320312,-9.916927337646484,-17.412626266479492
3,412248,-17.113901138305664,-3.333831787109375,16.533641815185547,27.62841033935547
3,412248,-2.6712706089019775,27.620988845825195,19.880016326904297,8.189887046813965
3,412250,32.06154251098633,-9.083889961242676,-9.892571449279785,-34.186492919921875
3,412250,-0.20334114134311676,-6.852626800537109,-26.124374389648438,-4.132145404815674
3,412251,-30.75836181640625,6.026398181915283,5.010438442230225,29.406885147094727
3,412254,-20.95330047607422,-8.741778373718262,23.82684898376465,1.0321427583694458
3,412255,20.836246490478516,-0.621344268321991,-13.83940601348877,-18.706857681274414
3,412258,22.42701530456543,-12.705936431884766,-14.469413757324219,-11.291152000427246
3,412259,-11.634554862976074,13.803688049316406,5.913173198699951,9.958187103271484
3,412262,5.289229393005371,18.87771987915039,-25.67462158203125,6.910626411437988
3,412263,-1.3704286813735962,-22.84876251220703,-3.5780961513519287,-19.7983455657959
3,412266,-17.415950775146484,-3.1218152046203613,44.44245147705078,33.04948806762695
3,412267,10.941047668457031,17.875534057617188,7.553834438323975,44.39743423461914
3,412270,13.937948226928711,2.7800636291503906,-18.7508544921875,-49.15001678466797
3,412271,-2.211724042892456,0.4453635513782501,-6.577378749847412,-60.01087951660156
3,412274,1.7348490953445435,8.470833778381348,4.620120525360107,10.197786331176758
3,412311,-3.8381378650665283,-12.219460487365723,11.16627025604248,46.330596923828125
3,412312,-2.4383091926574707,-29.90988540649414,-2.3624918460845947,13.3927640914917
3,412312,-4.026942253112793,2.7919788360595703,-12.532746315002441,-25.21436309814453
3,412312,-10.152592658996582,22.119182586669922,-0.6473913788795471,3.384929895401001
3,412312,11.346055030822754,1.708465576171875,13.104424476623535,3.1780567169189453
3,412312,16.30097007751465,-0.9482569694519043,-2.858427047729492,4.553795337677002
3,412312,-17.82115364074707,4.5343780517578125,-7.614209175109863,27.65574836730957
3,412313,-22.865373611450195,-0.7556422352790833,6.321901321411133,-16.207324981689453
3,412313,19.515426635742188,-2.3628196716308594,-9.994514465332031,-26.37125015258789
3,412313,7.056686878204346,-8.209724426269531,-10.909116744995117,3.615856647491455
3,412313,-12.784777641296387,3.098271608352661,21.922975540161133,18.456310272216797
3,412313,15.475329399108887,12.530136108398438,14.812429428100586,-2.2094316482543945
3,412313,9.099297523498535,-0.3635762631893158,-11.477147102355957,-23.05188751220703
3,412314,-9.90941047668457,-10.623432159423828,0.6594648361206055,10.32178783416748
3,412314,-2.101945400238037,7.938321113586426,13.313766479492188,0.9068434238433838
3,412314,16.821252822875977,21.0333251953125,-11.314606666564941,-4.108626365661621
3,412314,-4.646354675292969,-20.850271224975586,-20.335390090942383,21.066511154174805
3,412314,-25.027040481567383,-13.796772003173828,5.5097455978393555,-4.68146276473999
3,412314,4.786534309387207,22.653797149658203,-4.212050914764404,-13.795580863952637
3,412316,-3.364396572113037,-16.257680892944336,-22.378948211669922,4.364804267883301
3,412316,-15.541638374328613,-18.91764259338379,1.1148834228515625,-8.043231964111328
3,412317,9.114612579345703,9.186646461486816,-7.279260635375977,-7.7480316162109375
3,412320,2.8041188716888428,11.283615112304688,1.3342164754867554,7.370189666748047
3,412321,-4.621776580810547,11.806687355041504,44.89752197265625,-9.19912338256836
3,412324,15.209410667419434,-19.467769622802734,-4.600710868835449,24.19571876525879
3,412325,16.69704246520996,-2.2266910076141357,-29.46170425415039,18.348642349243164
3,412328,-11.159969329833984,8.487496376037598,25.042343139648438,-32.54385757446289
3,412329,-5.425412178039551,-2.430565357208252,37.90177536010742,12.700079917907715
3,412332,8.699682235717773,-5.188035011291504,-13.53382682800293,-10.110624313354492
3,412333,0.4813497066497803,-0.5409128069877625,-34.44178771972656,-23.315677642822266
3,412336,1.978269338607788,25.181015014648438,-6.040201663970947,30.08823585510254
3,412337,-10.828471183776855,-22.664756774902344,6.799335479736328,-2.0964879989624023
3,412340,13.969884872436523,-4.934328079223633,21.147497177124023,8.867680549621582
3,412341,11.704702377319336,34.54145050048828,2.6899917125701904,25.25520133972168
3,412392,-32.56337356567383,-24.113529205322266,2.636884927749634,-38.81330871582031
3,412392,-1.237112045288086,-18.370243072509766,26.455747604370117,-38.60314178466797
3,412392,33.854732513427734,21.132047653198242,-2.8497583866119385,12.300867080688477
3,412392,-0.10456688702106476,9.520437240600586,-27.291597366333008,22.191654205322266
3,412393,-30.145252227783203,-3.300123929977417,-2.346846103668213,28.70924186706543
3,412393,-1.1742035150527954,1.2141460180282593,19.14241600036621,2.477726936340332
3,412393,15.190337181091309,-4.606091499328613,-9.039368629455566,-11.20387077331543
3,412393,-3.2908995151519775,-9.854130744934082,-9.30152702331543,0.9147394299507141
3,412393,-20.17936897277832,-1.4031682014465332,1.522592306137085,-10.919243812561035
3,412393,-0.5434274077415466,6.857787609100342,-24.03856658935547,4.006100654602051
3,412394,20.61792755126953,-1.779328465461731,-28.98382568359375,9.942205429077148
3,412394,-7.925633430480957,-6.563324928283691,-14.888815879821777,-5.403304576873779
3,412394,-11.250933647155762,16.011377334594727,7.377856731414795,-11.00095272064209
3,412394,6.759035587310791,4.565338611602783,20.076385498046875,2.9041035175323486
3,412394,6.0795440673828125,-11.129292488098145,1.0247485637664795,2.4684808254241943
3,412394,-2.8076565265655518,-20.2055606842041,-7.003119945526123,0.25963202118873596
3,412395,-1.2968952655792236,-3.7528064250946045,16.955387115478516,-1.0273007154464722
3,412395,14.705625534057617,24.53986358642578,17.617570877075195,-21.351966857910156
3,412395,5.017090320587158,-4.124621391296387,-13.777579307556152,0.6003217697143555
3,412395,-21.6563777923584,3.6129868030548096,-4.098015308380127,21.6625919342041
3,412395,-11.375466346740723,7.513674259185791,14.814632415771484,-7.9913530349731445
3,412395,11.148983001708984,-29.292028427124023,-7.918599605560303,-4.474093914031982
3,412396,1.7804534435272217,8.160848617553711,0.10786131024360657,13.11854076385498
3,412396,7.063652992248535,28.014148712158203,4.123592376708984,9.285115242004395
3,412396,2.2728323936462402,-22.85152816772461,-6.950852870941162,6.881163120269775
3,412397,-9.5897216796875,-11.924802780151367,2.688894033432007,-24.414602279663086
3,412397,2.042975664138794,6.754245281219482,3.0631511211395264,-12.945846557617188
3,412398,-2.4454405307769775,2.817140817642212,0.5471592545509338,16.645305633544922
3,412400,7.68113374710083,20.46120834350586,8.817899703979492,-4.796077728271484
3,412402,2.0600483417510986,3.638951539993286,3.5251827239990234,0.8885459899902344
3,412404,-4.063424587249756,-7.543216705322266,-12.792803764343262,16.307125091552734
3,412406,5.093855857849121,-5.62014102935791,-2.3065176010131836,-9.051548957824707
3,412408,-6.307675838470459,-8.992728233337402,11.248344421386719,-30.770933151245117
3,412410,-3.8303306102752686,-10.4036226272583,6.46893310546875,13.546270370483398
3,412412,15.423160552978516,6.807455539703369,4.868717193603516,35.45222473144531
3,412414,7.790273666381836,24.450397491455078,2.1416800022125244,-13.063125610351562
3,412416,-18.415143966674805,-7.349819183349609,-13.106091499328613,1.5538649559020996
3,412418,1.0440528392791748,-9.825011253356934,-6.934720039367676,13.26767349243164
3,412421,-5.094751834869385,7.537010669708252,-0.8503233790397644,-16.269174575805664
3,412422,-13.1144380569458,-5.231928825378418,-13.650809288024902,-7.777413368225098
3,412425,32.05160903930664,5.234543800354004,26.598098754882812,-12.47311782836914
3,412426,3.0245347023010254,7.234607219696045,4.349220275878906,0.587689220905304
3,412488,-40.30216979980469,-27.35260772705078,-47.2083625793457,19.613697052001953
3,412488,-1.570173740386963,-8.968635559082031,19.715044021606445,-1.3641661405563354
3,412488,11.65902042388916,25.942981719970703,24.13469123840332,-15.918648719787598
3,412488,3.7795886993408203,16.32840347290039,-8.358098030090332,-12.027935981750488
3,412489,5.472309112548828,-17.615076065063477,0.3958951234817505,14.383591651916504
3,412489,4.769278526306152,-12.59770393371582,-1.0820560455322266,13.053661346435547
3,412489,3.8244357109069824,6.1688551902771,6.620151519775391,-17.9971923828125
3,412489,-11.197905540466309,-6.954769611358643,4.8336052894592285,-9.229050636291504
3,412489,5.235763072967529,13.974920272827148,-10.79473876953125,14.2504243850708
3,412489,9.684633255004883,4.171006202697754,6.321812629699707,5.292695999145508
3,412490,1.9925131797790527,-20.404489517211914,0.5665441155433655,-4.336746692657471
3,412490,12.999892234802246,9.21618938446045,-34.957969665527344,-10.313468933105469
3,412490,-19.701860427856445,18.373802185058594,14.910205841064453,4.443387031555176
3,412490,-19.561264038085938,-9.19762134552002,24.755849838256836,26.79706573486328
3,412490,8.34696102142334,-8.790861129760742,-16.680545806884766,-22.4853515625
3,412490,6.979011058807373,-2.299506902694702,2.204251766204834,-19.88481903076172
3,412491,0.29022616147994995,-12.262742042541504,9.469882011413574,39.15669250488281
3,412491,-8.956836700439453,12.6689453125,-1.265796184539795,12.725259780883789
3,412491,13.383180618286133,18.415414810180664,-0.32459068298339844,-13.837919235229492
3,412491,1.850048542022705,-11.560564041137695,6.017329692840576,-2.739833354949951
3,412491,-18.366357803344727,-8.361393928527832,-8.963177680969238,-10.549233436584473
3,412492,2.847114086151123,1.0093886852264404,-19.41726303100586,5.398899555206299
3,412492,5.36823844909668,-4.436097145080566,10.79111385345459,27.700927734375
3,412492,3.026686429977417,6.098708152770996,7.106132507324219,-5.2636027336120605
3,412492,8.214820861816406,14.77778434753418,-10.361350059509277,-35.43600845336914
3,412492,12.371491432189941,12.610769271850586,0.9702271223068237,2.058332920074463
3,412492,-2.852519989013672,-0.19677874445915222,-0.3449174463748932,40.545082092285156
3,412493,-18.594430923461914,-16.476062774658203,-5.742287635803223,-4.09041690826416
3,412493,1.3897541761398315,3.1295125484466553,6.226461410522461,-23.83172607421875
3,412493,8.951401710510254,9.554508209228516,5.768975734710693,17.620471954345703
3,412493,3.3178060054779053,1.1566699743270874,0.4622257351875305,4.463475704193115
3,412494,1.3974992036819458,-1.2225885391235352,9.39025592803955,-21.03659439086914
3,412495,-10.387271881103516,-4.3388261795043945,-11.961865425109863,-13.747209548950195
3,412495,-3.626530647277832,-8.287707328796387,-16.559329986572266,6.337981224060059
3,412496,-0.32187360525131226,-13.638434410095215,14.652337074279785,2.532048225402832
3,412497,-13.919768333435059,13.076578140258789,14.967547416687012,-18.355880737304688
3,412500,18.632905960083008,11.365477561950684,-15.82042121887207,-0.22102034091949463
3,412501,18.263568878173828,-17.826005935668945,-9.46031665802002,2.958364248275757
3,412504,-36.09109878540039,-19.6190128326416,11.632798194885254,6.32246208190918
3,412505,-1.6923593282699585,3.0499274730682373,-6.884043216705322,5.8522114753723145
3,412508,20.860549926757812,8.009174346923828,-1.3685643672943115,-11.085843086242676
3,412509,-20.236572265625,-12.675078392028809,10.123421669006348,1.5218054056167603
3,412512,3.2609870433807373,12.21202564239502,-0.8868429064750671,-12.2423734664917
3,412514,44.84896469116211,33.58686065673828,30.39778709411621,27.012666702270508
3,412516,-5.667201519012451,-9.900996208190918,1.3999429941177368,43.75363540649414
3,412518,-42.80854415893555,-25.91724395751953,-60.030784606933594,-41.26226043701172
3,412520,23.548534393310547,24.768539428710938,51.16457748413086,-7.452702045440674
3,412522,16.108171463012695,1.4031331539154053,36.43942642211914,43.360313415527344
3,412524,-30.112131118774414,-35.66690444946289,-84.44335174560547,-29.645851135253906
3,412526,5.526178359985352,34.62842559814453,-1.5975720882415771,-39.86347961425781
3,412600,-4.00697660446167,24.478761672973633,43.169189453125,15.81202220916748
3,412601,-5.11064338684082,-23.081649780273438,3.797579288482666,12.232145309448242
3,412601,18.048749923706055,-11.35303783416748,-23.664127349853516,-1.0283710956573486
3,412601,-9.439855575561523,3.8584659099578857,-13.746447563171387,-1.0862231254577637
3,412601,-10.926182746887207,2.015310287475586,21.89368438720703,-6.408952713012695
3,412601,8.057062149047852,-14.934181213378906,1.0076098442077637,-8.490965843200684
3,412601,7.889412879943848,-3.0210859775543213,-11.087082862854004,8.065825462341309
3,412602,-2.9654479026794434,4.344994068145752,6.118488788604736,24.721450805664062
3,412602,-6.33494234085083,7.961809158325195,-0.6286628246307373,2.3064358234405518
3,412602,-3.0901782512664795,-8.06084156036377,-14.729470252990723,-10.711369514465332
3,412602,3.534614324569702,6.475446701049805,14.100491523742676,2.0367395877838135
3,412602,6.763825416564941,21.682981491088867,2.587150812149048,-7.482421398162842
3,412602,-1.3089324235916138,-18.13144874572754,-17.610626220703125,-1.754460096359253
3,412603,-5.581882953643799,-19.286623001098633,16.306425094604492,4.8018083572387695
3,412603,7.8422393798828125,-0.6430112719535828,-7.380508899688721,-9.527095794677734
3,412603,-3.7185561656951904,5.531007289886475,-10.916434288024902,16.4616641998291
3,412603,-17.2146053314209,9.955065727233887,22.392194747924805,5.159834861755371
3,412603,3.452463150024414,-7.0671844482421875,1.9150491952896118,-19.16199493408203
3,412603,14.83682632446289,3.4408798217773438,-5.4408369064331055,-5.928378105163574
3,412604,8.992746353149414,21.051748275756836,17.272111892700195,15.081153869628906
3,412604,-6.543359756469727,-7.070756912231445,-0.5838581323623657,11.595911026000977
3,412604,7.801173210144043,-8.257713317871094,-17.64286994934082,-20.289897918701172
3,412604,5.726775169372559,2.5785319805145264,2.01049542427063,-0.6606396436691284
3,412604,-12.081562995910645,8.5499849319458,8.79263973236084,-7.194454193115234
3,412604,2.8738179206848145,2.54883074760437,-14.153153419494629,4.889527320861816
3,412605,0.4281597435474396,-9.861597061157227,-12.638157844543457,22.268938064575195
3,412605,-11.915379524230957,-5.326636791229248,18.110675811767578,-16.950422286987305
3,412605,5.627289295196533,-12.359973907470703,5.077706813812256,-15.166580200195312
3,412605,1.3744796514511108,8.810099601745605,-9.441479682922363,17.071258544921875
3,412605,-19.544580459594727,17.445880889892578,-1.0198540687561035,13.298633575439453
3,412606,12.381406784057617,-23.149526596069336,4.851473331451416,-29.22188377380371
3,412606,7.335176467895508,-20.03345489501953,-4.346084117889404,4.187231540679932
3,412606,-16.405508041381836,16.20175552368164,-10.562829971313477,28.54168128967285
3,412606,2.3511712551116943,11.726057052612305,8.687357902526855,-11.045799255371094
3,412606,9.148940086364746,-2.2600698471069336,-1.1970674991607666,-8.784148216247559
3,412606,-5.069563865661621,-16.41674041748047,-8.35604190826416,3.4063150882720947
3,412607,-3.1534743309020996,-7.5908989906311035,13.184835433959961,-1.940955400466919
3,412608,21.627012252807617,28.103614807128906,21.812786102294922,-13.272250175476074
3,412608,13.16869831085205,10.300436973571777,11.39248275756836,6.202984809875488
3,412608,-2.601804733276367,2.8943889141082764,-7.316232681274414,10.679862022399902
3,412608,-4.066955089569092,14.146994590759277,1.759060263633728,-10.391195297241211
3,412610,-11.505080223083496,-23.22913932800293,5.0052080154418945,17.528018951416016
3,412612,-20.368568420410156,-16.087020874023438,-18.800949096679688,-0.7279425859451294
3,412614,-5.473766326904297,11.015024185180664,-17.046669006347656,-40.62263870239258
3,412616,14.945270538330078,4.30803108215332,-9.298858642578125,12.838276863098145
3,412618,14.451005935668945,20.337291717529297,6.6951584815979,28.882186889648438
3,412620,-6.353940486907959,-10.643842697143555,6.011746406555176,-9.846540451049805
3,412622,-16.207626342773438,-32.477149963378906,-28.523534774780273,-0.358720600605011
3,412624,13.811135292053223,24.369186401367188,-15.724638938903809,12.015786170959473
3,412626,2.2727584838867188,24.55002212524414,43.83522415161133,-7.942214488983154
3,412628,-18.760766983032227,-33.59161376953125,17.017690658569336,-13.062621116638184
3,412630,7.368929862976074,-26.077363967895508,-33.936744689941406,8.765774726867676
3,412632,11.121078491210938,12.547124862670898,32.92334747314453,12.419503211975098
3,412634,-7.2394490242004395,11.697341918945312,15.598666191101074,-0.7255361080169678
3,412636,23.481966018676758,6.3558454513549805,-36.5383186340332,-0.3000449538230896
3,412638,8.230215072631836,-5.937895774841309,-7.729138374328613,-6.712940216064453
3,412641,-38.15089416503906,15.662361145019531,12.418883323669434,-22.147531509399414
3,412642,7.705383777618408,14.18251895904541,18.176654815673828,-15.791523933410645
3,412729,20.734066009521484,-32.622520446777344,-1.5630847215652466,10.456682205200195
3,412729,-20.594179153442383,-15.703095436096191,-4.062668323516846,33.20154571533203
3,412729,-9.702658653259277,15.315312385559082,-13.171833038330078,-4.994502067565918
3,412729,4.307944297790527,6.96878719329834,-9.209267616271973,-7.9944376945495605
3,412729,5.784975051879883,10.1962308883667,18.682954788208008,2.5760912895202637
3,412729,18.619932174682617,9.513947486877441,6.711146831512451,-14.810412406921387
3,412730,-13.45511245727539,-24.47205924987793,6.399417400360107,18.248106002807617
3,412730,-8.582279205322266,2.4286580085754395,20.32979393005371,13.860588073730469
3,412730,12.705759048461914,21.040874481201172,-16.25351905822754,-17.580886840820312
3,412730,-10.911354064941406,-33.436729431152344,-24.347728729248047,-12.821162223815918
3,412730,-6.230571746826172,-18.068517684936523,9.325738906860352,14.093338966369629
3,412730,-3.9851155281066895,27.719554901123047,-9.063475608825684,10.432411193847656
3,412731,11.923059463500977,5.724987030029297,-23.176359176635742,-14.961484909057617
3,412731,12.693673133850098,1.502124309539795,7.707080364227295,-6.555347442626953
3,412731,-15.747366905212402,3.4832513332366943,9.956121444702148,10.369889259338379
3,412731,-7.788674831390381,-0.8620352149009705,-8.043684959411621,6.103031158447266
3,412731,-4.449996471405029,5.323655128479004,1.6245179176330566,8.297551155090332
3,412731,13.561641693115234,-2.686263084411621,21.65007972717285,7.416669845581055
3,412732,15.587759017944336,-3.0467355251312256,7.901696681976318,-21.89838981628418
3,412732,-13.204004287719727,-9.949076652526855,-17.533447265625,-14.61968994140625
3,412732,11.048005104064941,10.346631050109863,-6.648696422576904,4.303469657897949
3,412732,7.043335437774658,12.250401496887207,12.10230541229248,-11.393350601196289
3,412732,-10.11019229888916,-16.83898162841797,-0.26482853293418884,22.419099807739258
3,412732,2.1732468605041504,-9.800488471984863,-7.71732234954834,30.571884155273438
3,412733,-2.2281317710876465,18.6436824798584,5.996960639953613,-36.30905532836914
3,412733,4.828668117523193,9.164690017700195,-6.240805149078369,-14.89047908782959
3,412733,-6.311892509460449,-18.508892059326172,-4.310477256774902,36.7696647644043
3,412733,-6.00266170501709,-12.561644554138184,4.134087562561035,-12.55141830444336
3,412733,12.759610176086426,9.018786430358887,-2.569812774658203,-11.042499542236328
3,412734,-15.967365264892578,21.744686126708984,3.455012321472168,32.845645904541016
3,412734,-10.049202919006348,-5.6478495597839355,2.2897205352783203,-9.636858940124512
3,412734,25.067787170410156,-19.90575408935547,-9.9150390625,-9.427135467529297
3,412734,-22.35751724243164,4.884498119354248,-3.1363584995269775,11.690890312194824
3,412734,-17.707944869995117,13.6157808303833,11.50932788848877,-16.93158721923828
3,412734,38.640018463134766,4.651429653167725,-4.197478771209717,1.1572329998016357
3,412735,11.645928382873535,-7.1533379554748535,-0.9690374732017517,11.030217170715332
3,412735,-21.20912742614746,-18.178552627563477,13.816683769226074,-3.699012279510498
3,412735,-19.107969284057617,-4.860787868499756,5.950096607208252,-3.713407039642334
3,412735,9.445767402648926,9.414406776428223,-9.979976654052734,-12.796858787536621
3,412735,12.700467109680176,15.029873847961426,-13.553199768066406,-11.736702919006348
3,412735,-3.268608331680298,3.8385841846466064,-3.2838001251220703,4.341884136199951
3,412736,10.406052589416504,-11.131102561950684,9.790987968444824,27.222965240478516
3,412736,-0.5742923021316528,-3.0831899642944336,14.108643531799316,-1.0990761518478394
3,412737,-11.969399452209473,-1.299880862236023,-5.0141825675964355,-31.6046085357666
3,412737,-0.08958607167005539,10.28368091583252,-14.8209228515625,11.19839096069336
3,412737,0.04544633999466896,11.843657493591309,3.0522472858428955,0.8069331049919128
3,412737,2.5532875061035156,-12.24296760559082,3.3722333908081055,-22.088825225830078
3,412739,-0.5241110324859619,-6.638437747955322,-0.2504253387451172,24.187503814697266
3,412740,-4.22039270401001,-5.1780219078063965,11.758947372436523,-13.877259254455566
3,412741,12.387604713439941,-3.7596850395202637,-2.2621021270751953,-17.62566375732422
3,412744,11.58940315246582,28.682559967041016,-15.27239990234375,48.98780059814453
3,412745,-6.926167964935303,-7.0301361083984375,0.24048997461795807,11.003728866577148
3,412748,-12.717711448669434,-45.12841033935547,12.805427551269531,-35.107242584228516
3,412749,-12.309789657592773,-2.3919458389282227,1.7690672874450684,-8.268634796142578
3,412752,10.171602249145508,25.332538604736328,16.420534133911133,44.16346740722656
3,412753,21.259389877319336,27.899290084838867,14.8470458984375,28.298593521118164
3,412756,-8.840288162231445,-0.6735516786575317,-36.42973327636719,-48.551151275634766
3,412757,-29.193424224853516,-40.67081832885742,-19.133529663085938,-45.816200256347656
3,412760,-1.4717532396316528,11.592558860778809,22.150283813476562,30.163822174072266
3,412761,24.74534797668457,34.41121292114258,1.988785743713379,32.62795639038086
3,412764,-2.1856155395507812,-17.747098922729492,-12.555306434631348,2.696892023086548
3,412765,-19.084335327148438,-30.943605422973633,-29.439411163330078,4.726775646209717
3,412768,17.37967300415039,43.992271423339844,72.67728424072266,-4.296472549438477
3,412770,27.848464965820312,28.25033950805664,79.26909637451172,-18.5401554107666
3,412772,-22.15076446533203,-74.9607925415039,-140.04661560058594,-21.184030532836914
3,412870,-26.112407684326172,1.9670809507369995,-14.646425247192383,-14.567742347717285
3,412870,-0.1854405701160431,26.32881736755371,123.55670928955078,-5.625060081481934
3,412870,9.53792667388916,-19.31036376953125,-36.81290817260742,15.771604537963867
3,412870,15.017131805419922,11.400217056274414,-38.90813064575195,32.13595962524414
3,412870,-12.136358261108398,-7.188007831573486,32.27859115600586,6.588370323181152
3,412870,-11.028430938720703,-9.936196327209473,6.7438507080078125,-37.872886657714844
3,412871,20.240055084228516,19.356842041015625,-42.68243408203125,-11.81442928314209
3,412871,8.251236915588379,12.014026641845703,-27.807865142822266,33.504764556884766
3,412871,-19.120628356933594,-7.836084365844727,5.018362045288086,2.45308780670166
3,412871,-9.574511528015137,-3.594377040863037,3.250380277633667,-29.857004165649414
3,412871,23.57030487060547,2.249279737472534,7.704195976257324,6.648626804351807
3,412871,22.522624969482422,1.989526391029358,-7.760631561279297,43.032928466796875
3,412872,-1.0347189903259277,27.561351776123047,-10.650588989257812,6.295131206512451
3,412872,-11.600748062133789,1.156127691268921,-0.3269365131855011,-26.4018611907959
3,412872,-15.957725524902344,-37.511959075927734,-5.681581497192383,-7.792377948760986
3,412872,9.012165069580078,13.350869178771973,9.545960426330566,-12.170181274414062
3,412872,16.926523208618164,18.089508056640625,8.923068046569824,-13.682005882263184
3,412872,-13.494053840637207,-26.261192321777344,-21.531057357788086,20.652780532836914
3,412873,-13.954676628112793,-6.731827735900879,1.7217960357666016,18.03114128112793
3,412873,6.327037811279297,28.235036849975586,23.41650390625,-12.55681324005127
3,412873,22.702211380004883,4.958229064941406,-2.094907522201538,-3.9573490619659424
3,412873,3.728902816772461,-19.568153381347656,6.984555721282959,18.776044845581055
3,412873,-30.393558502197266,-4.450151443481445,6.12604284286499,-2.8036136627197266
3,412873,-2.6421420574188232,-1.3563942909240723,-8.704131126403809,15.060589790344238
3,412874,8.958672523498535,20.573789596557617,15.064868927001953,29.063217163085938
3,412874,-26.6169490814209,8.892891883850098,12.308048248291016,-32.921722412109375
3,412874,1.6110843420028687,-23.79959487915039,-23.26900863647461,-26.929533004760742
3,412874,28.54308319091797,12.460699081420898,-4.2538981437683105,18.1910457611084
3,412874,6.533600330352783,2.1970748901367188,22.53768539428711,12.371280670166016
3,412875,2.9707467555999756,-24.800029754638672,-7.670831680297852,-6.108494758605957
3,412875,-11.431849479675293,14.142599105834961,-14.920515060424805,-5.799527645111084
3,412875,-15.28266716003418,11.784027099609375,-2.0269811153411865,-13.033185958862305
3,412875,0.4200601577758789,-16.483888626098633,-9.814844131469727,5.815943717956543
3,412875,5.42885684967041,-12.988492012023926,-1.67107355594635,9.99022102355957
3,412875,-11.49274730682373,-13.266809463500977,10.154437065124512,-34.445884704589844
3,412876,-1.6962416172027588,7.334905624389648,-4.312075138092041,-14.595504760742188
3,412876,14.804571151733398,26.40215301513672,-10.044585227966309,13.155379295349121
3,412876,-20.147724151611328,-12.290892601013184,16.033742904663086,19.22893524169922
3,412876,5.07939338684082,-11.683650016784668,7.983863353729248,29.89406967163086
3,412876,28.664905548095703,19.084104537963867,-7.559139251708984,-19.996356964111328
3,412876,-14.441244125366211,-18.62470245361328,-2.2602288722991943,-44.236480712890625
3,412877,-11.254508972167969,-21.244701385498047,-8.704972267150879,29.136219024658203
3,412877,15.682021141052246,28.166732788085938,18.976669311523438,40.64678192138672
3,412877,15.339065551757812,25.31102180480957,21.270185470581055,-38.73027038574219
3,412877,-2.6219661235809326,-6.499651908874512,-12.340005874633789,-38.3922004699707
3,412877,-6.7807440757751465,-14.737933158874512,-23.97395896911621,50.58930206298828
3,412877,-2.9802863597869873,6.794344902038574,-8.227893829345703,9.609477043151855
3,412878,-6.291883945465088,5.383030891418457,18.718883514404297,-60.79505920410156
3,412878,-3.8379218578338623,-33.62693786621094,11.17307186126709,26.430395126342773
3,412879,-14.679037094116211,-0.7687678933143616,-8.254657745361328,34.8272819519043
3,412879,7.957047939300537,44.378360748291016,-9.785430908203125,-27.314620971679688
3,412879,13.53066349029541,-6.742945671081543,9.146810531616211,-14.055340766906738
3,412880,-0.686252772808075,-17.0444393157959,11.191271781921387,19.20505142211914
3,412881,-0.925784170627594,-8.13343334197998,11.36526107788086,6.9038238525390625
3,412882,-19.192819595336914,2.4722018241882324,16.95891571044922,0.28211650252342224
3,412883,30.72983169555664,40.143943786621094,-20.714492797851562,12.493560791015625
3,412886,15.306516647338867,-16.714366912841797,-35.15778350830078,-41.9874153137207
3,412887,-39.25798416137695,-26.23335075378418,31.019906997680664,-2.588117837905884
3,412890,12.694798469543457,32.01068115234375,64.64096069335938,41.401710510253906
3,412891,9.732646942138672,-17.218311309814453,-1.8192775249481201,-29.744293212890625
3,412894,-12.935239791870117,-21.015504837036133,-60.5755615234375,3.4239275455474854
3,412895,13.109447479248047,45.57678985595703,-27.86054039001465,39.5709342956543
3,412898,7.442773818969727,3.8797013759613037,17.001171112060547,-26.019739151000977
3,412992,-27.104040145874023,-46.379886627197266,-10.75450325012207,-28.257226943969727
3,412992,-13.102066993713379,-23.373313903808594,-15.887943267822266,24.42792320251465
3,412992,10.787869453430176,6.798426628112793,20.057987213134766,30.861083984375
3,412993,-1.3077428340911865,23.979578018188477,17.877084732055664,-10.745737075805664
3,412993,16.26774787902832,17.677326202392578,-10.811704635620117,-17.439115524291992
3,412993,8.737417221069336,2.0874712467193604,-22.09046745300293,9.616023063659668
3,412993,-13.70083236694336,-9.484365463256836,-0.5835720896720886,0.15747332572937012
3,412993,1.6754573583602905,2.0676167011260986,19.037626266479492,7.456707000732422
3,412993,7.732450485229492,6.789327621459961,3.6690523624420166,10.426250457763672
3,412994,-4.122452735900879,-9.562336921691895,0.8946051597595215,-16.00327491760254
3,412994,3.883939504623413,0.12110842764377594,15.671663284301758,2.17775559425354
3,412994,13.783402442932129,6.019669055938721,-3.003474712371826,26.745437622070312
3,412994,5.314761638641357,1.979487657546997,-18.670597076416016,-0.8663763403892517
3,412994,-1.3037747144699097,1.4442659616470337,-1.5091129541397095,-10.053969383239746
3,412994,-11.14220905303955,3.845195770263672,6.582679748535156,0.36342892050743103
3,412995,-7.063663005828857,1.8663947582244873,-9.730921745300293,-15.961841583251953
3,412995,6.287663459777832,3.868605136871338,-2.5725221633911133,1.1471375226974487
3,412995,-7.203339099884033,14.60219955444336,7.1897101402282715,1.1756696701049805
3,412995,-4.284210681915283,-0.6093663573265076,-9.8237943649292,-20.982040405273438
3,412995,17.489871978759766,-2.4196083545684814,11.221583366394043,-13.9474515914917
3,412995,-3.440539598464966,-18.430828094482422,20.382091522216797,-3.0329902172088623
3,412996,-27.036230087280273,-6.77097225189209,-16.881351470947266,3.844752073287964
3,412996,4.288472652435303,32.01054382324219,-8.832708358764648,-22.33672523498535
3,412996,16.807111740112305,-29.498659133911133,4.166177749633789,4.438712120056152
3,412996,-11.997892379760742,-36.22743225097656,8.511713981628418,36.536651611328125
3,412996,-14.29709529876709,11.912857055664062,8.212903022766113,-25.06434440612793
3,412997,-2.8787989616394043,-9.160646438598633,-17.677974700927734,-23.08101463317871
3,412997,9.005276679992676,4.643835544586182,-3.84652042388916,21.270978927612305
3,412997,9.200614929199219,13.800168991088867,14.371371269226074,11.284576416015625
3,412997,2.1905407905578613,-10.926895141601562,-14.05483341217041,12.958822250366211
3,412997,-16.545549392700195,12.614680290222168,-1.661329746246338,-2.4195032119750977
3,412997,-16.66973304748535,-1.6110103130340576,25.213523864746094,0.453023225069046
3,412997,25.1671142578125,-18.68520736694336,-19.48469352722168,9.857796669006348
3,412998,7.785070419311523,16.449493408203125,-23.280725479125977,-15.28145694732666
3,412998,-20.184083938598633,11.895954132080078,6.892857074737549,2.695099115371704
3,412998,-5.928760051727295,-17.55801010131836,1.8957633972167969,15.75767993927002
3,412998,-2.787533760070801,-9.326937675476074,0.7418609261512756,5.161978244781494
3,412998,13.222039222717285,15.720154762268066,2.0815107822418213,-5.350773811340332
3,412999,-3.7208757400512695,-17.490053176879883,-1.5942202806472778,-7.894496440887451
3,412999,-21.165653228759766,-7.402144432067871,-10.77946662902832,8.388129234313965
3,412999,-0.4037083387374878,22.09404754638672,4.134719371795654,4.743301868438721
3,412999,5.864564895629883,-11.28779125213623,15.32949447631836,-14.156912803649902
3,412999,28.499509811401367,12.560975074768066,-2.1475532054901123,10.700542449951172
3,412999,8.36054801940918,19.547592163085938,-1.5917638540267944,12.695792198181152
3,413000,-20.882925033569336,-15.90520191192627,14.01849365234375,-3.1636428833007812
3,413000,11.383390426635742,-9.670096397399902,11.500325202941895,4.162787437438965
3,413000,20.801185607910156,9.72569751739502,-5.879570484161377,-19.587677001953125
3,413001,17.198259353637695,8.802918434143066,-3.223017930984497,0.9191962480545044
3,413001,-4.778679847717285,7.878005504608154,1.5172648429870605,10.439164161682129
3,413002,-21.4072322845459,7.138217926025391,-11.326947212219238,-17.01768684387207
3,413002,3.269207000732422,-32.7352294921875,-6.132430553436279,-5.805819511413574
3,413002,14.893594741821289,7.390732765197754,15.315153121948242,5.254766941070557
3,413003,14.266579627990723,57.94638442993164,18.139925003051758,13.353357315063477
3,413006,3.3320693969726562,-20.75473976135254,5.2626142501831055,6.523118019104004
3,413007,-7.382646083831787,-27.828096389770508,-14.866087913513184,-23.657678604125977
3,413010,-23.028982162475586,6.900832653045654,-14.242591857910156,-33.11103820800781
3,413011,-3.4523580074310303,9.160307884216309,39.25053024291992,26.9193172454834
3,413014,26.128067016601562,19.58153533935547,-0.4739166796207428,38.28879928588867
3,413015,-20.18025016784668,-15.323854446411133,-60.416446685791016,-13.737518310546875
3,413018,-27.530996322631836,-36.561378479003906,-4.702098369598389,-31.008861541748047
3,413019,-5.534721374511719,-14.371758460998535,9.411783218383789,-29.059959411621094
3,413022,16.109315872192383,39.34459686279297,30.41059112548828,32.6808967590332
3,413023,53.39186096191406,37.92515182495117,20.95386505126953,15.229301452636719
3,413026,-15.938821792602539,-11.61574935913086,-40.330711364746094,-15.850627899169922
3,413027,-77.43419647216797,-55.22541809082031,-7.302248954772949,43.231719970703125
3,413030,-15.177404403686523,-53.606101989746094,8.597142219543457,70.11937713623047
3,413031,31.490070343017578,12.568592071533203,-14.06578540802002,-90.16059112548828
3,413034,26.749732971191406,56.575321197509766,17.42259979248047,-110.13773345947266
3,413035,21.13319206237793,35.73073196411133,31.396512985229492,148.53298950195312
3,413038,-6.924023151397705,-29.687082290649414,-11.331609725952148,31.01833152770996
3,413039,-28.932693481445312,-17.888288497924805,-31.058107376098633,-95.63932800292969
3,413146,10.155085563659668,12.954170227050781,-9.671209335327148,13.032206535339355
3,413146,23.04301643371582,-13.724452018737793,6.374927520751953,-11.941617965698242
3,413146,-18.341068267822266,-2.6439321041107178,12.573829650878906,-6.283718585968018
3,413146,1.8588429689407349,40.52733612060547,-11.299662590026855,4.9462571144104
3,413146,25.04995346069336,24.424833297729492,-1.8992905616760254,-15.355786323547363
3,413146,-11.524827003479004,-32.528507232666016,25.81319236755371,14.67448616027832
3,413146,-22.105375289916992,-23.912630081176758,-11.338831901550293,12.970139503479004
3,413147,2.4073994159698486,14.985424041748047,-8.745635032653809,-3.3026187419891357
3,413147,5.548083305358887,14.569830894470215,15.17625904083252,16.50023651123047
3,413147,0.07785125076770782,-3.500335454940796,11.4632568359375,6.205549240112305
3,413147,1.141052007675171,-15.9458589553833,7.291197776794434,-9.652429580688477
3,413147,-11.212067604064941,2.0865228176116943,-3.8108878135681152,-0.8283509612083435
3,413148,-6.329258918762207,16.73465347290039,-6.872681617736816,2.0673680305480957
3,413148,7.920907020568848,-20.599523544311523,3.350132703781128,-1.3396302461624146
3,413148,4.1294074058532715,-19.065587997436523,-2.2994518280029297,5.847305774688721
3,413148,-9.474264144897461,18.9086971282959,-16.444704055786133,8.608295440673828
3,413148,-1.9576303958892822,4.584301948547363,11.015902519226074,-3.866285562515259
3,413148,18.503509521484375,-2.0223567485809326,14.458829879760742,-3.1802213191986084
3,413149,-4.200408458709717,5.084161758422852,-22.372573852539062,16.674474716186523
3,413149,-8.104756355285645,-10.961808204650879,-5.4795732498168945,14.011282920837402
3,413149,12.210444450378418,7.982064723968506,16.15796661376953,-15.217336654663086
3,413149,-4.759202480316162,13.475085258483887,1.0348438024520874,-17.887147903442383
3,413149,4.7844319343566895,-18.151737213134766,-9.387649536132812,-7.042093753814697
3,413149,-5.296539783477783,-12.81395435333252,-2.4441568851470947,-2.2924985885620117
3,413150,-13.697131156921387,-9.527897834777832,2.29693603515625,-3.7661616802215576
3,413150,18.65269660949707,14.468406677246094,-11.960107803344727,-8.772933006286621
3,413150,-9.135608673095703,5.796350002288818,-3.279088020324707,-7.053808689117432
3,413150,-18.167945861816406,-41.42973709106445,2.3845746517181396,16.095239639282227
3,413150,14.933903694152832,-2.5444607734680176,-2.048717975616455,13.562002182006836
3,413151,17.971742630004883,20.731060028076172,12.842032432556152,-27.095430374145508
3,413151,-14.336959838867188,0.23894637823104858,-1.0072284936904907,-1.586209774017334
3,413151,-11.36557674407959,0.28185024857521057,-3.1942172050476074,33.54523468017578
3,413151,28.267696380615234,22.97540855407715,5.344080448150635,4.9395575523376465
3,413151,2.0708556175231934,12.929513931274414,-14.156246185302734,-15.570025444030762
3,413151,-12.575284004211426,-5.275857925415039,10.911249160766602,-5.1560163497924805
3,413152,22.376440048217773,14.183235168457031,9.71876049041748,-3.51470685005188
3,413152,11.428800582885742,3.5987300872802734,-14.596837043762207,-7.073192119598389
3,413152,-11.069519996643066,-5.597728252410889,5.362573623657227,2.7797553539276123
3,413152,-8.00094985961914,1.5006523132324219,-8.725143432617188,6.916625022888184
3,413152,-31.91497039794922,-13.92599105834961,-1.4697190523147583,0.9177302122116089
3,413152,-1.3570151329040527,-6.18084192276001,16.989765167236328,-6.800204277038574
3,413153,32.53388977050781,11.093765258789062,-8.485424995422363,-4.69108772277832
3,413153,-23.599374771118164,-13.67033863067627,-4.44227933883667,7.436744689941406
3,413153,-9.34682846069336,-5.494711875915527,-7.374815464019775,-4.206045150756836
3,413153,17.880910873413086,15.626241683959961,-12.006377220153809,12.421770095825195
3,413153,-10.304830551147461,-5.653501510620117,22.224058151245117,20.234272003173828
3,413153,9.727094650268555,-8.097143173217773,18.836986541748047,-20.09117889404297
3,413154,16.14901351928711,9.083681106567383,-19.535043716430664,1.880963683128357
3,413154,-15.0496826171875,4.970094203948975,-1.7163541316986084,9.48454475402832
3,413154,-12.096939086914062,1.5017162561416626,12.994736671447754,5.154695510864258
3,413154,9.320478439331055,6.947955131530762,-13.518533706665039,1.982265591621399
3,413154,16.345897674560547,-2.2984299659729004,13.432433128356934,-15.82712459564209
3,413154,7.396489143371582,-2.7632229328155518,12.998672485351562,15.99431324005127
3,413156,-11.638219833374023,0.28849920630455017,-16.55872917175293,7.538315296173096
3,413156,-19.28694725036621,-3.2392687797546387,4.782357692718506,-10.256684303283691
3,413156,-0.9032473564147949,-1.579370379447937,-6.0789947509765625,-12.21389102935791
3,413156,14.780550003051758,-0.4845014810562134,-15.767461776733398,-25.52177619934082
3,413156,-14.275882720947266,1.2829482555389404,8.342240333557129,9.46401596069336
3,413158,-7.167344093322754,-8.602336883544922,14.761526107788086,31.287601470947266
3,413160,28.618499755859375,5.517343044281006,0.47469156980514526,-21.34589958190918
3,413162,3.518899917602539,13.702645301818848,-17.871370315551758,-48.5202522277832
3,413164,-5.354761123657227,-11.677067756652832,12.155144691467285,22.830596923828125
3,413166,-8.016785621643066,-21.46452522277832,-10.155760765075684,43.7082405090332
3,413168,-31.138776779174805,-8.939773559570312,-9.249865531921387,-8.956565856933594
3,413170,3.5200531482696533,16.103790283203125,56.32273483276367,-14.913961410522461
3,413173,48.83792495727539,4.56464958190918,-9.762500762939453,-15.011265754699707
3,413174,24.34481430053711,22.96874237060547,-30.186098098754883,-1.2588539123535156
3,413177,-33.11603927612305,16.206859588623047,-0.9880985021591187,52.17454528808594
3,413178,-34.05068588256836,-29.532562255859375,-18.86408042907715,44.34691619873047
3,413181,13.10947036743164,-0.9493824243545532,11.259727478027344,-65.47462463378906
3,413182,10.644893646240234,-7.267484188079834,13.297016143798828,-51.55398178100586
3,413183,9.169317245483398,0.7971915006637573,-10.654742240905762,42.63032150268555
3,413186,7.444599151611328,-3.275810718536377,-6.500608921051025,-6.165562152862549
3,413187,-27.380788803100586,-11.064623832702637,3.3246545791625977,-20.693620681762695
3,413190,-28.313138961791992,18.35236358642578,4.630918025970459,2.6439754962921143
3,413191,-0.24711716175079346,-27.632160186767578,18.166011810302734,1.167911410331726
3,413194,57.52484130859375,35.73184585571289,20.05608367919922,71.77210235595703
3,413195,38.851837158203125,75.14582824707031,-14.094823837280273,6.895059585571289
3,413313,-70.83869171142578,-65.68971252441406,-30.35063934326172,-80.81332397460938
3,413313,-45.232330322265625,-72.41433715820312,7.6484761238098145,8.3621826171875
3,413313,55.44150924682617,16.16181755065918,23.836872100830078,22.935773849487305
3,413313,17.711618423461914,29.45183753967285,-3.085015296936035,13.530552864074707
3,413314,-21.495849609375,24.30091094970703,-6.656974792480469,9.537126541137695
3,413314,16.19685173034668,-5.9692792892456055,-15.291645050048828,-24.676179885864258
3,413314,1.687689185142517,-11.848381996154785,-0.6678603887557983,1.604114294052124
3,413314,-11.01340389251709,10.76502799987793,8.98054027557373,-2.601787805557251
3,413314,8.016727447509766,-16.82282257080078,-11.856324195861816,-5.244967937469482
3,413314,-8.833266258239746,-16.384531021118164,-6.06293249130249,9.001022338867188
3,413315,-3.148650884628296,10.414265632629395,12.6461820602417,-11.604387283325195
3,413315,8.46382999420166,8.895523071289062,20.63009262084961,-7.398949146270752
3,413315,-8.737663269042969,11.1878080368042,-10.252266883850098,4.694859504699707
3,413315,-11.896838188171387,-6.772681713104248,-21.87952995300293,14.124844551086426
3,413315,7.6491379737854,1.0368988513946533,-8.507840156555176,14.101181983947754
3,413315,1.915349006652832,19.817794799804688,-0.9289422035217285,-7.353875637054443
3,413316,-24.45231819152832,-16.424474716186523,13.431816101074219,-2.2192721366882324
3,413316,7.467440128326416,-9.043877601623535,5.078761577606201,-14.73250961303711
3,413316,27.10546112060547,5.29049015045166,-7.0657453536987305,-17.929073333740234
3,413316,6.397691249847412,-8.217756271362305,-4.259992599487305,11.110320091247559
3,413316,-8.901167869567871,2.8983964920043945,10.94934368133545,8.461941719055176
3,413316,-11.149103164672852,-1.6586600542068481,20.169296264648438,-0.6854338049888611
3,413317,12.840086936950684,16.495569229125977,3.9391701221466064,-15.638647079467773
3,413317,8.182591438293457,9.549565315246582,-22.31446075439453,-1.8470619916915894
3,413317,-12.09177017211914,-14.11534309387207,-14.325600624084473,12.298149108886719
3,413317,8.380484580993652,0.8068233728408813,12.955099105834961,-12.172699928283691
3,413317,3.7565019130706787,-8.351448059082031,1.585892677307129,-0.9301744699478149
3,413318,-13.76694393157959,5.765723705291748,-4.369556903839111,10.066664695739746
3,413318,4.640578746795654,20.328231811523438,-0.5865915417671204,-6.911550998687744
3,413318,2.3305575847625732,-28.57126808166504,7.153112411499023,6.3669586181640625
3,413318,-14.868581771850586,-24.745338439941406,16.1058292388916,23.743276596069336
3,413318,-1.946227788925171,34.81156539916992,-10.23967170715332,0.9880866408348083
3,413318,10.70544719696045,13.594694137573242,-17.674325942993164,-22.09857749938965
3,413319,-7.510037899017334,-31.018592834472656,7.582901477813721,4.646023750305176
3,413319,-5.781517505645752,-2.744053602218628,6.769056797027588,18.959325790405273
3,413319,15.254033088684082,18.425750732421875,-7.114023208618164,-12.89983081817627
3,413319,7.92356014251709,-5.603804588317871,5.614408493041992,-2.412443161010742
3,413319,-13.886125564575195,2.5045645236968994,10.104124069213867,20.403457641601562
3,413319,-10.901037216186523,3.7073469161987305,-13.176309585571289,-7.85009241104126
3,413320,6.525633811950684,0.31121471524238586,-16.16307258605957,-13.185657501220703
3,413320,12.425226211547852,5.028606414794922,12.7511625289917,1.8902300596237183
3,413320,-2.744619369506836,-20.147777557373047,-3.3415768146514893,0.46847495436668396
3,413320,-18.83739471435547,-6.756778717041016,-11.676420211791992,21.724660873413086
3,413320,10.390819549560547,14.728625297546387,20.11465072631836,-1.0907742977142334
3,413320,15.691168785095215,4.057979583740234,-4.642263889312744,-33.40822982788086
3,413321,-9.915339469909668,-5.314943313598633,-6.069409370422363,5.010946273803711
3,413321,-17.96116828918457,-14.471689224243164,25.61992073059082,41.40902328491211
3,413321,-7.45557975769043,12.034503936767578,1.3206722736358643,9.495015144348145
3,413321,21.657821655273438,19.983720779418945,-21.80990982055664,-31.125730514526367
3,413321,-1.2136549949645996,-38.8114128112793,-5.836897373199463,-7.507140636444092
3,413321,-13.154183387756348,-5.735858917236328,13.74549674987793,9.675332069396973
3,413322,23.877853393554688,40.61981201171875,7.810417652130127,8.525527954101562
3,413322,8.60053825378418,-6.713085651397705,-6.7153239250183105,1.1433786153793335
3,413322,-17.34098243713379,-9.387131690979004,2.850393295288086,-15.275925636291504
3,413322,11.11606216430664,21.176685333251953,6.112777233123779,-18.225244522094727
3,413322,17.974897384643555,2.0564980506896973,-6.409868240356445,9.848167419433594
3,413322,-17.55879783630371,-20.045059204101562,2.72748064994812,10.603734970092773
3,413323,-11.723359107971191,6.393720626831055,-3.2527244091033936,-29.101102828979492
3,413324,22.22740364074707,18.497682571411133,-24.815385818481445,-23.493257522583008
3,413324,10.434986114501953,7.527383804321289,4.992087364196777,-4.218505382537842
3,413324,-12.362397193908691,-23.06133460998535,25.36709213256836,18.57732391357422
3,413324,-6.330111980438232,-25.352344512939453,-10.572846412658691,13.154135704040527
3,413325,-3.485779285430908,18.547313690185547,-20.650432586669922,9.013111114501953
3,413325,-6.682294845581055,-1.8685989379882812,19.732051849365234,22.520463943481445
3,413326,18.58971405029297,27.095335006713867,37.18209457397461,4.86557674407959
3,413327,13.82514476776123,29.326250076293945,0.8119056820869446,0.4669702649116516
3,413330,-71.14093780517578,-87.21479797363281,-36.3572883605957,-46.456459045410156
3,413331,-38.90694046020508,-31.188644409179688,-5.305541038513184,-32.590023040771484
3,413334,57.00319290161133,53.88972473144531,18.15926742553711,55.27766418457031
3,413335,10.0569429397583,16.622028350830078,-24.416725158691406,1.1993842124938965
3,413338,10.953452110290527,-0.5924715399742126,-3.522658109664917,-34.351680755615234
3,413340,30.43117904663086,5.517825126647949,24.468891143798828,47.69282531738281
3,413342,-35.57142639160156,1.946422815322876,-11.68122386932373,22.951568603515625
3,413344,-33.42082214355469,-21.311246871948242,-18.272668838500977,-51.59006118774414
3,413346,20.921606063842773,11.089259147644043,1.326319932937622,-0.3207331895828247
3,413348,51.15141677856445,29.063631057739258,21.402984619140625,15.52016830444336
3,413350,2.60280704498291,-38.570457458496094,13.408299446105957,-9.589265823364258
3,413352,-56.463199615478516,-34.69925308227539,-9.972172737121582,19.555383682250977
3,413354,10.551034927368164,58.345882415771484,7.217780113220215,28.64109992980957
3,413356,42.897789001464844,26.70087242126465,-0.684511661529541,1.9997005462646484
3,413358,-40.209938049316406,-56.68892288208008,-23.713176727294922,-49.92428207397461
3,413360,-31.739709854125977,-6.789461612701416,4.495960712432861,-3.861557960510254
3,413362,34.59336853027344,17.554628372192383,-6.184974193572998,23.017864227294922
3,413364,37.07741928100586,8.042317390441895,-1.2114050388336182,-12.99460506439209
3,413366,-14.987630844116211,7.470165252685547,13.332965850830078,20.71076011657715
3,413494,-23.773862838745117,-8.541216850280762,-0.9902588725090027,-12.726006507873535
3,413495,16.305574417114258,6.767146110534668,6.8353705406188965,-25.600500106811523
3,413495,12.295614242553711,-4.800487518310547,-9.986037254333496,29.843231201171875
3,413495,-8.222516059875488,-15.095316886901855,0.11442474275827408,5.106008052825928
3,413495,-14.283629417419434,21.9539794921875,17.843778610229492,-21.07651710510254
3,413495,14.264909744262695,15.283658981323242,2.828205108642578,-10.675680160522461
3,413495,2.9739489555358887,-48.61111831665039,-16.17445945739746,-9.88139820098877
3,413496,-43.80767822265625,-20.720483779907227,0.0870654284954071,6.678971767425537
3,413496,-15.023513793945312,39.783939361572266,11.208100318908691,17.980684280395508
3,413496,41.18983459472656,17.484676361083984,-21.97987937927246,-8.661835670471191
3,413496,26.820112228393555,-16.38979721069336,-15.800044059753418,-9.427386283874512
3,413496,-25.576990127563477,-18.076871871948242,5.229612827301025,10.288752555847168
3,413497,-19.67470359802246,6.037632465362549,7.034042835235596,9.045480728149414
3,413497,5.4627556800842285,8.757808685302734,8.756529808044434,8.630897521972656
3,413497,-2.3524093627929688,-9.725632667541504,0.027428217232227325,-5.2284979820251465
3,413497,14.816314697265625,5.034921169281006,4.395020961761475,-2.1678719520568848
3,413497,13.722173690795898,10.051356315612793,-2.5854098796844482,9.592860221862793
3,413497,-24.484821319580078,1.0751498937606812,3.142411470413208,-2.1952261924743652
3,413498,2.8935344219207764,10.894984245300293,11.938997268676758,-7.584355354309082
3,413498,15.666596412658691,-0.3089872896671295,-1.9949088096618652,11.0911865234375
3,413498,-11.409624099731445,-13.706445693969727,-4.0100202560424805,12.667655944824219
3,413498,-7.019026756286621,-8.409981727600098,-15.663180351257324,-8.846917152404785
3,413498,-2.425858736038208,8.130640983581543,6.89201021194458,7.514195442199707
3,413498,24.254867553710938,8.47293758392334,16.310800552368164,-7.106390476226807
3,413499,9.134309768676758,1.4047203063964844,-7.683895587921143,-32.69218826293945
3,413499,-22.26398468017578,8.639766693115234,0.6259199976921082,4.16171407699585
3,413499,1.9828287363052368,-7.506229877471924,11.099233627319336,23.756370544433594
3,413499,0.5926740169525146,-14.210515975952148,1.3561241626739502,1.6786772012710571
3,413499,5.470883369445801,11.882801055908203,-10.712698936462402,-18.353971481323242
3,413499,4.679070472717285,-5.060634613037109,-14.593290328979492,-13.922357559204102
3,413500,-18.942943572998047,-32.57999801635742,2.5044424533843994,6.205806255340576
3,413500,10.270709037780762,21.108827590942383,11.298552513122559,5.227706432342529
3,413500,17.22936248779297,25.64649772644043,-18.082923889160156,8.795921325683594
3,413500,-13.070455551147461,-27.545059204101562,-13.930649757385254,17.1817684173584
3,413500,-4.196718215942383,-3.338665246963501,20.51297950744629,-8.434146881103516
3,413501,-1.604773759841919,8.983696937561035,11.080610275268555,-12.332941055297852
3,413501,-19.296846389770508,-9.738744735717773,-10.799498558044434,-15.645174026489258
3,413501,6.062615394592285,6.300267696380615,-6.417018890380859,-19.289758682250977
3,413501,19.459434509277344,18.25086784362793,5.612174034118652,9.64841365814209
3,413501,-21.299901962280273,-18.412273406982422,5.339538097381592,10.96430778503418
3,413501,-13.302079200744629,-18.390592575073242,-0.5553098320960999,8.061078071594238
3,413502,20.12968635559082,36.443267822265625,3.8390026092529297,-1.8597073554992676
3,413502,9.778780937194824,19.600133895874023,0.4204334318637848,-3.4401798248291016
3,413502,-2.8280673027038574,-39.91104507446289,-10.781158447265625,28.919384002685547
3,413502,-0.48238590359687805,-9.9066162109375,-2.5959279537200928,7.201454162597656
3,413502,1.3315290212631226,35.5568962097168,15.459078788757324,-8.685017585754395
3,413502,5.860555171966553,-21.773670196533203,-1.4652042388916016,-3.0385899543762207
3,413503,-12.518817901611328,-31.892810821533203,-13.886009216308594,16.398670196533203
3,413503,-20.322988510131836,23.615821838378906,11.982484817504883,35.48305892944336
3,413503,23.113868713378906,22.19595718383789,7.225022315979004,-28.97936248779297
3,413503,26.64694595336914,-8.602831840515137,-15.865083694458008,-25.568418502807617
3,413503,-22.00617790222168,-24.22296905517578,-20.378732681274414,7.7622551918029785
3,413503,-19.44548225402832,0.19630861282348633,-2.9359381198883057,-9.356426239013672
3,413504,18.159257888793945,28.95793342590332,11.283159255981445,-5.784420013427734
3,413504,-2.493908643722534,-10.511005401611328,2.495712995529175,-4.538204669952393
3,413504,-7.902443885803223,-18.1317081451416,7.776289463043213,10.303401947021484
3,413504,14.2163724899292,23.978296279907227,-2.4587676525115967,0.7106893658638
3,413504,12.515453338623047,-0.6020127534866333,-19.392719268798828,-17.407758712768555
3,413504,3.339931011199951,-15.64343547821045,9.622711181640625,-6.5617523193359375
3,413505,-17.812969207763672,19.913511276245117,31.389583587646484,12.408075332641602
3,413505,7.3253679275512695,33.41585922241211,9.415895462036133,20.751375198364258
3,413505,30.160730361938477,3.195474147796631,2.9823741912841797,-5.011119842529297
3,413505,-6.744053840637207,-20.03958511352539,7.806549072265625,-17.99452781677246
3,413505,-12.352152824401855,27.26252555847168,-1.701401948928833,-8.317376136779785
3,413507,38.979286193847656,63.27296447753906,12.492435455322266,20.506019592285156
3,413507,21.27793312072754,-18.4272518157959,20.984119415283203,24.231279373168945
3,413507,-42.42787551879883,-58.849754333496094,-13.80083179473877,-29.776222229003906
3,413507,-37.4394645690918,-8.701858520507812,-27.096834182739258,-7.177783012390137
3,413507,-3.8166120052337646,-13.17618465423584,-7.551621913909912,30.788301467895508
3,413507,22.23738670349121,-15.58028793334961,-3.257892608642578,-26.986412048339844
3,413509,-37.91117477416992,-22.84120750427246,-13.301045417785645,-32.379581451416016
3,413510,-80.9134521484375,-49.96569061279297,-28.19642448425293,-22.382307052612305
3,413511,-1.3166171312332153,-3.852452516555786,11.697949409484863,24.1590518951416
3,413514,61.63716125488281,52.6899299621582,6.573680877685547,84.55786895751953
3,413515,42.446990966796875,21.941871643066406,-25.495838165283203,-53.26712417602539
3,413518,-31.823904037475586,-43.721927642822266,15.674018859863281,-67.12992858886719
3,413519,-22.52473258972168,-2.1761579513549805,5.091458797454834,64.2353515625
3,413522,41.378475189208984,55.9256477355957,-8.573408126831055,26.396549224853516
3,413523,32.58869552612305,17.294679641723633,12.082645416259766,5.836859226226807
3,413526,5.017171382904053,-9.636397361755371,14.093833923339844,-1.0138863325119019
3,413527,-4.476394176483154,-20.65387725830078,-0.1282045990228653,-32.86880111694336
3,413530,3.825237989425659,1.1265954971313477,1.5634328126907349,17.158275604248047
3,413531,-11.086956977844238,25.1713924407959,2.6661064624786377,8.163753509521484
3,413534,-8.778813362121582,10.705798149108887,4.900003433227539,-8.796853065490723
3,413535,13.151963233947754,33.76557922363281,14.220602035522461,10.473282814025879
3,413538,-37.79497528076172,-46.14371871948242,-33.84479522705078,-42.191341400146484
3,413539,-2.594193458557129,-68.80440521240234,-4.407732009887695,-6.08146858215332
3,413542,51.81494140625,63.2369499206543,36.28849411010742,56.58351516723633
3,413543,-28.90510368347168,23.040647506713867,-22.053993225097656,-26.227432250976562
3,413546,-12.254141807556152,-46.250667572021484,-38.5782470703125,-0.3513142168521881
3,413548,42.89761734008789,24.507339477539062,31.852617263793945,27.5213680267334
3,413550,-19.25153160095215,2.98252272605896,48.89716339111328,-78.04356384277344
3,413689,-25.850887298583984,-56.086143493652344,-41.13355255126953,26.265504837036133
3,413689,10.816486358642578,19.836145401000977,-11.831944465637207,103.56161499023438
3,413689,-10.980607032775879,26.770231246948242,23.081613540649414,-48.992835998535156
3,413689,-4.336774826049805,-26.753463745117188,-2.7501251697540283,-58.04011535644531
3,413690,0.5952136516571045,-9.996541976928711,8.918960571289062,29.015884399414062
3,413690,1.1095726490020752,20.24091148376465,-17.51270294189453,-1.3442319631576538
3,413690,18.387025833129883,23.093542098999023,-14.838812828063965,-12.668346405029297
3,413690,2.777707099914551,-2.131371259689331,20.718517303466797,22.13723373413086
3,413690,-8.704606056213379,6.642813682556152,3.1744062900543213,-7.312754154205322
3,413690,-10.39138412475586,-3.45944881439209,-16.959915161132812,-6.677128314971924
3,413691,1.7399262189865112,-12.581951141357422,1.0339845418930054,19.233049392700195
3,413691,14.151140213012695,5.35225248336792,-11.702733039855957,-15.385676383972168
3,413691,6.675817012786865,-18.874486923217773,-0.6143225431442261,-10.110404968261719
3,413691,9.728034019470215,8.51628303527832,14.647172927856445,18.71168327331543
3,413691,2.390049695968628,18.81838035583496,-10.485374450683594,-9.922690391540527
3,413691,-23.757844924926758,-7.5311408042907715,11.253645896911621,-13.487353324890137
3,413692,2.1994190216064453,14.994063377380371,14.611495018005371,9.676772117614746
3,413692,11.999809265136719,-8.348118782043457,-10.535032272338867,13.794692993164062
3,413692,-8.026328086853027,-10.631619453430176,12.257234573364258,2.2588930130004883
3,413692,7.930728912353516,11.81571102142334,-5.158219814300537,-17.49445915222168
3,413692,-4.488664150238037,-11.740522384643555,-21.455703735351562,-2.146498918533325
3,413692,-10.212212562561035,1.8560220003128052,13.731090545654297,9.663434028625488
3,413693,0.4942391514778137,9.138510704040527,6.18412971496582,-7.543295860290527
3,413693,-10.739631652832031,-17.36394500732422,-0.5943428874015808,-6.149247169494629
3,413693,-5.019942760467529,-2.9554858207702637,2.399315118789673,2.6210131645202637
3,413693,2.104877471923828,1.8759806156158447,-3.274418354034424,5.170896053314209
3,413693,5.1911540031433105,-6.198258876800537,-1.6979424953460693,9.419746398925781
3,413694,9.95470905303955,17.508075714111328,-12.436332702636719,3.8731820583343506
3,413694,-3.8711678981781006,17.202638626098633,3.1332297325134277,-11.962380409240723
3,413694,2.449798107147217,-11.704354286193848,4.821308135986328,-1.8252695798873901
3,413694,10.339447021484375,-20.28019905090332,-8.130648612976074,20.31546974182129
3,413694,6.171113967895508,-0.06885939836502075,10.67346477508545,-5.771569728851318
3,413694,-6.539562225341797,13.44543170928955,1.3793033361434937,-9.929142951965332
3,413695,-22.68829345703125,-11.19992446899414,-3.482067346572876,11.271595001220703
3,413695,11.903403282165527,-7.225693702697754,-5.495598316192627,-9.38940143585205
3,413695,19.731552124023438,26.00917625427246,-13.674214363098145,-18.08952522277832
3,413695,-21.01157569885254,-5.286512851715088,0.33402594923973083,8.344208717346191
3,413695,-12.459698677062988,-25.824216842651367,11.945612907409668,21.148853302001953
3,413695,22.40192413330078,9.731972694396973,8.857528686523438,-4.17106819152832
3,413696,18.7027645111084,6.377856731414795,-6.941938877105713,-17.43765640258789
3,413696,-14.750409126281738,-0.7469241619110107,1.3074005842208862,10.901338577270508
3,413696,-15.254353523254395,7.5207672119140625,6.69590950012207,18.635663986206055
3,413696,11.521199226379395,-4.578018665313721,5.51184606552124,-8.564027786254883
3,413696,-6.197828769683838,3.799912214279175,-0.6002584099769592,-2.1048381328582764
3,413696,-9.179306030273438,14.449402809143066,-9.317120552062988,1.135970115661621
3,413697,18.08053207397461,-10.246307373046875,1.8874717950820923,-14.04561710357666
3,413697,2.3954155445098877,-3.192427635192871,3.507978677749634,3.2725348472595215
3,413697,-6.633471965789795,24.257888793945312,-4.746647357940674,6.753720760345459
3,413697,-0.8011618256568909,-10.565269470214844,-17.679012298583984,-25.471393585205078
3,413697,5.341470718383789,-20.57500648498535,10.164134979248047,-8.639591217041016
3,413697,3.2726571559906006,4.322635173797607,21.030595779418945,34.9010009765625
3,413698,-14.099111557006836,-2.697821855545044,-14.57104206085205,-11.135040283203125
3,413698,2.8763720989227295,1.9901410341262817,-5.175380706787109,-31.582069396972656
3,413698,-3.5195324420928955,-11.09071159362793,-3.4772863388061523,20.71392822265625
3,413698,-21.27212142944336,-19.5219783782959,-6.262277603149414,17.948711395263672
3,413698,11.126116752624512,24.17068099975586,14.874582290649414,-17.892248153686523
3,413698,9.442306518554688,5.57546329498291,-9.284478187561035,-9.782493591308594
3,413699,-20.092315673828125,-42.18345260620117,-2.581040859222412,12.712409019470215
3,413699,7.596372604370117,16.999719619750977,27.16444206237793,6.748582363128662
3,413699,22.298492431640625,40.657466888427734,-6.626755714416504,12.597821235656738
3,413699,-3.177931308746338,-8.599660873413086,-7.800929069519043,8.002002716064453
3,413699,5.201677322387695,1.0974786281585693,19.526647567749023,-15.007183074951172
3,413699,8.348892211914062,1.8958954811096191,4.3098464012146,1.4633270502090454
3,413700,-13.303081512451172,-12.04081916809082,-15.317140579223633,10.789970397949219
3,413700,-1.6931997537612915,5.8719868659973145,5.05996561050415,2.461740493774414
3,413700,11.632534980773926,2.8712351322174072,7.121892929077148,4.203549385070801
3,413700,-14.506216049194336,9.551856994628906,-16.113079071044922,3.488982677459717
3,413700,-16.138355255126953,6.288698673248291,1.996495008468628,-3.4656176567077637
3,413700,24.186363220214844,-17.765949249267578,5.737828731536865,-11.972067832946777
3,413702,5.628082275390625,-18.632307052612305,-20.456192016601562,-2.9906930923461914
3,413702,-34.21590042114258,-4.110829830169678,-3.7635602951049805,-7.422885417938232
3,413702,6.331165313720703,19.43292999267578,-1.1468604803085327,-3.281944990158081
3,413702,16.783838272094727,6.918153285980225,-15.052471160888672,9.453033447265625
3,413702,-11.494762420654297,6.035583972930908,21.35202407836914,-3.739680290222168
3,413703,11.878652572631836,0.6182268857955933,9.910465240478516,-9.536826133728027
3,413703,15.524893760681152,-20.61359977722168,-16.4517822265625,7.493438243865967
3,413704,-15.328804016113281,-3.559600353240967,6.711522579193115,24.773265838623047
3,413705,-11.022804260253906,15.092884063720703,4.771822929382324,-17.828062057495117
3,413708,-7.13620138168335,-16.761367797851562,-6.967103481292725,-37.51778793334961
3,413709,-2.530477523803711,-47.62908172607422,14.28548812866211,2.1015889644622803
3,413712,45.72657012939453,47.58435821533203,26.051162719726562,63.42226791381836
3,413713,21.39394187927246,63.39533615112305,6.7595367431640625,8.505001068115234
3,413716,-69.1963119506836,-42.837711334228516,-46.06331253051758,-96.85084533691406
3,413717,-24.194040298461914,-31.649913787841797,-35.63129425048828,-1.6840434074401855
3,413720,59.183223724365234,9.933669090270996,49.15252685546875,60.905033111572266
3,413721,12.111294746398926,20.908533096313477,11.361308097839355,42.65189743041992
3,413724,-24.927888870239258,-4.379846572875977,-25.651941299438477,-4.143913745880127
3,413725,-10.714658737182617,-21.626873016357422,8.951193809509277,-53.292720794677734
3,413728,13.29004955291748,14.276971817016602,12.613546371459961,10.740015983581543
3,413729,10.233360290527344,-0.17609918117523193,11.683364868164062,18.850500106811523
3,413732,-19.842300415039062,-1.5120292901992798,-10.210082054138184,-27.34876251220703
3,413733,3.108386278152466,21.332727432250977,-16.468767166137695,1.889171838760376
3,413736,7.41054630279541,5.0878376960754395,7.695348739624023,6.90899658203125
3,413738,-2.6331753730773926,-17.00653839111328,-0.2620014250278473,1.7436411380767822
3,413740,-2.5087826251983643,-16.55116081237793,-21.025224685668945,0.3872038722038269
3,413742,-20.174720764160156,-0.34694841504096985,1.8064028024673462,-9.734177589416504
3,413744,8.423930168151855,25.433507919311523,6.650677680969238,15.302594184875488
3,413746,24.718097686767578,3.858721971511841,-22.548025131225586,-2.9607813358306885
3,413748,4.100622177124023,-29.74663734436035,13.559884071350098,3.022596836090088
3,413897,-13.779163360595703,9.720220565795898,36.59286117553711,-15.014509201049805
3,413897,-18.641475677490234,12.280441284179688,-17.878246307373047,-19.890718460083008
3,413897,12.50387191772461,-2.5101256370544434,-19.089323043823242,38.682273864746094
3,413898,8.592354774475098,3.0740671157836914,17.03434944152832,-4.842857360839844
3,413898,-8.787796974182129,-10.250659942626953,10.600286483764648,-29.76277732849121
3,413898,4.02631139755249,1.273411512374878,4.324088096618652,17.909116744995117
3,413898,-0.02269156649708748,9.72694206237793,9.937379837036133,10.520330429077148
3,413898,-7.223496437072754,3.4716849327087402,-3.164576768875122,-11.783312797546387
3,413899,7.266676425933838,-2.344775676727295,-13.204081535339355,-7.505434036254883
3,413899,3.1703107357025146,-19.295682907104492,-11.532236099243164,3.9113142490386963
3,413899,-17.778451919555664,-14.313939094543457,-15.496634483337402,20.979183197021484
3,413899,4.422465801239014,14.349374771118164,3.221613883972168,8.118852615356445
3,413899,17.67668914794922,14.598018646240234,11.567066192626953,-3.460876703262329
3,413899,-4.641633033752441,-27.21734619140625,-8.100006103515625,-2.7094759941101074
3,413900,-3.6108829975128174,2.004331111907959,-0.03941402584314346,-11.19451904296875
3,413900,6.914113998413086,39.5379524230957,10.79006290435791,0.4765412509441376
3,413900,3.8068153858184814,-11.730448722839355,8.437723159790039,8.359273910522461
3,413900,-6.039394378662109,-23.700002670288086,-8.1061372756958,9.701019287109375
3,413900,0.8794103264808655,16.579748153686523,-3.939343214035034,-1.4375226497650146
3,413900,-5.797153949737549,30.654062271118164,11.92697811126709,-10.83303165435791
3,413901,-18.07555389404297,-15.513590812683105,-6.885396957397461,-8.447739601135254
3,413901,-0.1995377391576767,-36.215179443359375,-2.7199509143829346,1.1489055156707764
3,413901,14.613862991333008,-1.0521628856658936,3.279742956161499,21.084976196289062
3,413901,2.85263991355896,24.246234893798828,-1.6862554550170898,1.5436285734176636
3,413901,-15.035536766052246,5.148625373840332,7.092321872711182,-23.2954158782959
3,413901,11.74960708618164,-25.82083511352539,4.413928985595703,-12.136795043945312
3,413902,14.484841346740723,-9.843133926391602,-7.281060218811035,-6.757315158843994
3,413902,-12.052578926086426,13.074369430541992,-19.187631607055664,-7.463369846343994
3,413902,-7.487716197967529,19.8798770904541,-0.23569346964359283,9.42761516571045
3,413902,-2.8372726440429688,12.773680686950684,20.170103073120117,28.55699348449707
3,413902,11.45086669921875,0.5046636462211609,-3.0120744705200195,18.661407470703125
3,413902,19.6777400970459,0.6796784996986389,-16.181623458862305,-8.465060234069824
3,413903,-5.921305179595947,-6.758427143096924,2.918480634689331,-13.623600006103516
3,413903,-12.151529312133789,-23.615997314453125,0.20472168922424316,-3.3934762477874756
3,413903,7.464812278747559,-5.178128242492676,-1.2223087549209595,8.809197425842285
3,413903,-6.467177391052246,19.01268768310547,11.500343322753906,1.4357330799102783
3,413903,-2.5149900913238525,-8.204068183898926,7.536178112030029,-10.287581443786621
3,413904,12.527566909790039,-0.13458529114723206,10.795801162719727,-7.898802280426025
3,413904,-12.701122283935547,6.470738887786865,-13.887396812438965,-4.370439529418945
3,413904,-2.314032554626465,-13.232967376708984,-12.328658103942871,8.75063705444336
3,413904,10.442334175109863,19.221025466918945,15.606553077697754,-3.3990859985351562
3,413904,-4.098008155822754,13.936443328857422,0.47994256019592285,-25.57568359375
3,413904,1.4123846292495728,-26.702733993530273,1.0225110054016113,6.593595027923584
3,413905,-3.513960361480713,-11.849996566772461,-7.565410614013672,13.474287033081055
3,413905,-2.8216443061828613,20.197040557861328,-5.309375762939453,-8.348098754882812
3,413905,14.34249210357666,8.805990219116211,8.515483856201172,7.565606594085693
3,413905,-1.4219187498092651,-14.042842864990234,-2.4700098037719727,9.934094429016113
3,413905,-23.9617977142334,-16.81558609008789,0.7185530662536621,-6.381794452667236
3,413905,5.421609401702881,-0.7091354727745056,-2.7379558086395264,-18.707019805908203
3,413906,12.936619758605957,9.490921974182129,-0.11554756760597229,-4.367440223693848
3,413906,-16.58679962158203,-3.0539093017578125,10.475332260131836,13.797959327697754
3,413906,-2.7624588012695312,-1.957401156425476,-2.227445602416992,13.154154777526855
3,413906,6.736104965209961,11.536989212036133,-5.401317119598389,14.346688270568848
3,413906,-1.925059199333191,3.9485135078430176,8.632563591003418,-9.291072845458984
3,413906,7.759032249450684,-2.8422765731811523,-0.8134310245513916,-25.10451316833496
3,413907,7.372448921203613,1.0798535346984863,1.182737946510315,25.961301803588867
3,413907,0.4320732355117798,10.7094087600708,22.31668472290039,19.707448959350586
3,413907,-2.2991902828216553,5.46850061416626,-9.671159744262695,-32.08860778808594
3,413907,-9.287459373474121,-13.343844413757324,-37.389320373535156,-0.24601972103118896
3,413907,2.97727370262146,2.113694429397583,8.647663116455078,26.094919204711914
3,413907,1.0298062562942505,7.794723033905029,25.600231170654297,1.3159334659576416
3,413908,-1.6212202310562134,-7.557704448699951,-9.310636520385742,-14.775643348693848
3,413908,0.7372708320617676,-16.672096252441406,-13.511590957641602,7.737008571624756
3,413908,-5.308505058288574,8.343405723571777,-6.367556571960449,-1.6446219682693481
3,413908,18.550079345703125,15.117873191833496,-0.43194708228111267,-35.39524459838867
3,413908,-6.902985572814941,-19.76640510559082,8.936270713806152,1.6714341640472412
3,413908,-27.52535057067871,-1.7118885517120361,-0.3105759620666504,22.430574417114258
3,413909,14.354753494262695,14.83051586151123,-11.756150245666504,8.217907905578613
3,413909,23.543615341186523,3.1765809059143066,6.07763671875,9.635465621948242
3,413909,1.36673104763031,-11.193338394165039,11.376914978027344,-19.376304626464844
3,413909,-15.126249313354492,-13.845830917358398,-8.253332138061523,-16.984037399291992
3,413909,0.9546297788619995,7.538384914398193,8.525681495666504,13.085199356079102
3,413909,2.6350936889648438,16.86290740966797,8.399068832397461,-1.7248860597610474
3,413910,-12.790989875793457,-0.4807964861392975,-14.331764221191406,-0.06788463890552521
3,413911,9.2399320602417,-16.734949111938477,2.323503017425537,19.164196014404297
3,413911,20.537195205688477,2.9656057357788086,16.29318618774414,-5.339541435241699
3,413911,-14.545677185058594,3.442260265350342,-2.735140323638916,-4.686738014221191
3,413911,-20.21875762939453,-1.2246408462524414,-12.969286918640137,10.874171257019043
3,413912,11.907458305358887,7.179933547973633,-7.091065883636475,-15.09512710571289
3,413912,1.8452022075653076,-8.296485900878906,1.1412277221679688,1.5097370147705078
3,413912,-3.045801877975464,10.331669807434082,2.8453545570373535,3.8225579261779785
3,413913,5.084028720855713,21.174776077270508,-15.475172996520996,-14.193442344665527
3,413913,-8.069377899169922,-21.284587860107422,-12.323914527893066,16.543760299682617
3,413916,-5.932818412780762,-15.695706367492676,1.8944307565689087,5.643529415130615
3,413917,6.0494303703308105,24.342649459838867,7.466333389282227,-13.183073997497559
3,413920,-1.895076870918274,10.187334060668945,11.934289932250977,22.717056274414062
3,413921,-10.084991455078125,-19.883678436279297,-17.30244255065918,6.962975025177002
3,413924,14.508885383605957,-14.071117401123047,-7.980752468109131,-31.230390548706055
3,413925,10.775318145751953,4.487587928771973,36.63302993774414,0.31493374705314636
3,413928,-9.735737800598145,5.5930070877075195,6.663051605224609,-7.167642116546631
3,413929,-0.8447900414466858,-4.694624423980713,13.27929401397705,-11.601930618286133
3,413932,3.5295326709747314,-2.300187110900879,37.468318939208984,54.59868621826172
3,413933,14.44432258605957,21.449106216430664,-22.268583297729492,32.97121810913086
3,413936,-5.083662509918213,1.9575779438018799,-38.962547302246094,-60.28719711303711
3,413937,-10.559027671813965,-22.770601272583008,-12.118856430053711,-59.70893478393555
3,413940,-2.991509437561035,0.28639107942581177,-3.0172173976898193,33.96556091308594
3,413941,2.021336793899536,6.078982830047607,7.412539005279541,44.23190689086914
3,413944,20.76372528076172,3.2240989208221436,3.6726303100585938,-8.900350570678711
3,413945,-19.06877899169922,8.85995101928711,-1.5573668479919434,-2.9476747512817383
3,413948,-15.757553100585938,-3.637476921081543,6.774247646331787,-31.276744842529297
3,413949,10.145437240600586,-30.764467239379883,-11.711045265197754,-41.837013244628906
3,413952,13.42137336730957,4.66770076751709,-15.439136505126953,53.6481819152832
3,413954,11.510211944580078,26.99968910217285,10.917445182800293,61.413387298583984
3,413956,-27.68154525756836,-8.158713340759277,20.971967697143555,-45.547454833984375
3,413958,-11.532120704650879,1.1923964023590088,7.227145671844482,-45.007022857666016
3,414117,12.190661430358887,0.9591102004051208,-33.6280632019043,29.463382720947266
3,414117,-5.442972660064697,-6.109951496124268,-1.132562279701233,37.877437591552734
3,414117,6.9496002197265625,6.179146766662598,36.16474914550781,4.179272651672363
3,414117,1.8565778732299805,9.899412155151367,-6.751046180725098,-10.424138069152832
3,414117,1.7539728879928589,10.85939884185791,-16.58810043334961,-14.311637878417969
3,414118,8.089897155761719,-9.456865310668945,4.060738563537598,-2.3366987705230713
3,414118,-8.843143463134766,-16.581846237182617,18.525558471679688,11.18012523651123
3,414118,13.930631637573242,-2.9145772457122803,7.598658084869385,-13.752373695373535
3,414118,12.688868522644043,1.4715393781661987,-13.03589916229248,-6.606730937957764
3,414118,-26.240215301513672,-0.5127166509628296,10.356735229492188,4.92495059967041
3,414118,-1.3934519290924072,9.868206024169922,14.073360443115234,-10.013526916503906
3,414119,22.63683319091797,-1.6464029550552368,-23.101558685302734,-0.5431262850761414
3,414119,-16.621217727661133,-8.591374397277832,-10.207300186157227,1.2782131433486938
3,414119,-9.851791381835938,-5.879200458526611,5.010900974273682,-10.588762283325195
3,414119,25.730215072631836,-6.216913223266602,-7.416436195373535,9.48604679107666
3,414119,8.754711151123047,24.217422485351562,-17.948671340942383,17.020700454711914
3,414119,-19.5950870513916,6.453372001647949,3.792525053024292,-5.4468841552734375
3,414120,-6.860569000244141,-10.035359382629395,31.758129119873047,-9.687493324279785
3,414120,4.469372272491455,-13.440040588378906,-8.42538070678711,8.403346061706543
3,414120,-8.056259155273438,-0.8636704087257385,-11.910979270935059,7.569894790649414
3,414120,2.428449869155884,15.550664901733398,11.88550090789795,-24.33153533935547
3,414120,-0.6413171291351318,-11.467436790466309,-0.03308016061782837,2.863110303878784
3,414120,-0.5819952487945557,-5.720898628234863,-2.547757387161255,22.995798110961914
3,414121,-7.775882720947266,5.190835475921631,-6.6898603439331055,-8.702215194702148
3,414121,-19.15321922302246,-5.485505104064941,-4.048018455505371,-12.034384727478027
3,414121,22.55685043334961,-9.080060005187988,13.54727554321289,1.5788263082504272
3,414121,10.461984634399414,10.12590503692627,-5.585279941558838,6.239938259124756
3,414121,-28.749969482421875,20.888992309570312,-17.566875457763672,-9.142623901367188
3,414122,7.6896443367004395,19.413793563842773,14.479944229125977,-6.432819366455078
3,414122,26.189016342163086,-3.9008431434631348,0.5409799218177795,10.498541831970215
3,414122,-3.245755434036255,-35.56382751464844,-2.1383376121520996,5.034099102020264
3,414122,0.02292679063975811,13.555602073669434,21.5623836517334,5.860550880432129
3,414122,7.564107894897461,23.840036392211914,-3.1252641677856445,-0.7153171896934509
3,414122,-5.743074893951416,-29.725500106811523,-21.28116226196289,-21.34000587463379
3,414123,-13.88161849975586,-3.520348310470581,-4.310332775115967,8.528993606567383
3,414123,-9.574326515197754,9.201606750488281,10.69933795928955,23.388561248779297
3,414123,15.20875072479248,-9.470532417297363,4.234212875366211,0.47498518228530884
3,414123,11.938004493713379,2.4374756813049316,-8.38703727722168,6.129213809967041
3,414123,-18.102191925048828,-1.5293238162994385,-15.981587409973145,-9.72191047668457
3,414123,-9.299447059631348,-1.8980811834335327,3.8013203144073486,-11.23067569732666
3,414124,4.0427703857421875,4.507206916809082,15.644475936889648,19.144550323486328
3,414124,8.99532699584961,3.6938345432281494,-6.6345930099487305,-12.214678764343262
3,414124,5.837980270385742,-13.976208686828613,5.453935623168945,-30.782846450805664
3,414124,-6.7054877281188965,0.9551689624786377,8.939201354980469,-0.4504142999649048
3,414124,20.40101432800293,43.95566177368164,-23.23524284362793,14.1320161819458
3,414124,2.5779306888580322,-16.112621307373047,4.998212814331055,10.028663635253906
3,414125,-32.911651611328125,-42.347049713134766,19.42415428161621,-13.615756034851074
3,414125,0.06413750350475311,16.866525650024414,-17.76999282836914,3.0149290561676025
3,414125,24.536205291748047,13.118560791015625,3.5773611068725586,16.153682708740234
3,414125,5.4665679931640625,-0.24768078327178955,11.60647201538086,-25.973787307739258
3,414125,-22.93162727355957,4.66011905670166,-5.868335247039795,-0.2536667287349701
3,414125,-10.53911018371582,-9.728605270385742,8.770598411560059,28.775850296020508
3,414126,13.525775909423828,-16.411792755126953,10.179353713989258,0.362812876701355
3,414126,5.974714279174805,15.230713844299316,7.572883129119873,-7.527182102203369
3,414126,-8.474960327148438,18.327533721923828,-14.583654403686523,-1.199723482131958
3,414126,-7.1256103515625,-20.676382064819336,-13.618064880371094,23.785104751586914
3,414126,6.165093421936035,-12.884612083435059,11.417811393737793,-17.445913314819336
3,414126,12.55735969543457,16.11995506286621,2.6723523139953613,-30.885499954223633
3,414127,4.075024127960205,1.8692766427993774,4.020424842834473,24.142305374145508
3,414127,-11.109918594360352,-18.459087371826172,-0.03891918063163757,8.780976295471191
3,414127,-1.6053032875061035,-0.8347063064575195,-6.4812140464782715,6.781047344207764
3,414127,9.448114395141602,30.586666107177734,2.603498697280884,-2.9824273586273193
3,414127,-7.359042167663574,11.692920684814453,-1.8881585597991943,-19.253963470458984
3,414127,-1.3758032321929932,-14.471395492553711,-4.5543012619018555,8.253072738647461
3,414128,10.6322660446167,-3.0266144275665283,9.694886207580566,17.282358169555664
3,414128,-8.640599250793457,7.611189365386963,8.87930679321289,-10.999366760253906
3,414128,-10.0195951461792,6.02655029296875,-11.37848949432373,-11.762568473815918
3,414128,14.734078407287598,-11.453521728515625,-9.928528785705566,13.176362037658691
3,414128,14.645469665527344,-0.8438115119934082,9.37631893157959,-16.963024139404297
3,414128,-8.511606216430664,-11.534499168395996,-5.795961380004883,-8.09926986694336
3,414129,-4.3194169998168945,-15.621562004089355,-4.825798034667969,28.135908126831055
3,414129,-0.26871782541275024,27.980199813842773,10.768350601196289,0.8154332637786865
3,414129,-15.214343070983887,-5.605679988861084,-14.838746070861816,-7.230325222015381
3,414129,8.835569381713867,-12.265365600585938,-6.3734612464904785,10.709842681884766
3,414129,12.056936264038086,13.70663070678711,-0.37403604388237,-16.28779411315918
3,414130,-16.88327980041504,-8.9091157913208,-27.29619789123535,-27.01686668395996
3,414130,-10.965852737426758,1.092647671699524,10.163091659545898,10.91091537475586
3,414130,15.476351737976074,-4.799684047698975,21.592653274536133,26.8032283782959
3,414130,5.447014331817627,0.276773601770401,-20.99830436706543,6.866062164306641
3,414131,-15.162423133850098,19.962005615234375,-8.908282279968262,-18.626928329467773
3,414131,10.04789924621582,0.14002583920955658,18.427419662475586,-2.874995470046997
3,414132,13.545788764953613,-3.374354124069214,17.647186279296875,8.45881175994873
3,414132,0.8149639964103699,-14.496991157531738,-4.969890117645264,9.927146911621094
3,414132,-16.3264217376709,-8.4466552734375,-11.84610652923584,7.016221046447754
3,414132,-4.496531009674072,20.569372177124023,0.8523175716400146,-23.74081802368164
3,414132,24.365856170654297,-1.9107725620269775,2.6852595806121826,-11.589661598205566
3,414132,-8.917314529418945,-10.45053768157959,3.73915696144104,-4.763758182525635
3,414134,-17.353374481201172,4.269165992736816,3.1760616302490234,1.6397165060043335
3,414136,11.437202453613281,17.210891723632812,-7.7123308181762695,20.69281768798828
3,414138,-4.689332962036133,11.961540222167969,3.4171440601348877,6.089069843292236
3,414140,-16.188068389892578,-12.336341857910156,10.673375129699707,4.1812944412231445
3,414142,16.671161651611328,-5.554687023162842,2.871088981628418,-10.021993637084961
3,414144,2.894559383392334,-3.2622909545898438,-2.0216846466064453,-18.111093521118164
3,414146,-16.529521942138672,-7.854912757873535,-15.30698013305664,14.830231666564941
3,414148,14.239923477172852,9.436226844787598,24.837427139282227,0.30968937277793884
3,414150,16.719987869262695,14.651493072509766,47.77997970581055,-16.884845733642578
3,414152,-13.386425971984863,-24.7139835357666,-25.70054054260254,22.575172424316406
3,414154,-10.59208869934082,-12.542832374572754,-40.96818542480469,14.109113693237305
3,414156,3.5336198806762695,19.453969955444336,10.763757705688477,1.3260188102722168
3,414158,3.3916115760803223,-0.6268298029899597,-6.610030651092529,-3.130565881729126
3,414160,2.5220117568969727,-6.618621349334717,-15.541343688964844,-46.03350067138672
3,414162,-9.51559066772461,-11.449492454528809,22.200559616088867,10.385583877563477
3,414164,5.512679100036621,14.466547966003418,-7.577175617218018,43.487342834472656
3,414166,2.8389527797698975,11.198580741882324,-23.358535766601562,-28.73461151123047
3,414169,-2.331291675567627,-31.053606033325195,22.277177810668945,-43.34600830078125
3,414170,8.611011505126953,-0.11119146645069122,12.171550750732422,-0.0463368259370327
3,414173,1.818380355834961,31.043874740600586,-11.530780792236328,83.90122985839844
3,414174,3.2366983890533447,5.643426418304443,8.069374084472656,44.98759078979492
3,414177,-1.2328027486801147,-16.522769927978516,25.820606231689453,-70.27362060546875
3,414178,-0.11351840943098068,-5.363280773162842,2.4077916145324707,-53.18998718261719
3,414181,-0.8031665682792664,17.653833389282227,-12.527676582336426,1.2800729274749756
3,414182,-4.472814559936523,8.298510551452637,-26.0791015625,36.64670181274414
3,414350,-13.364173889160156,-22.573402404785156,-12.620010375976562,9.091513633728027
3,414351,-15.25027084350586,-5.71445369720459,32.62504959106445,-24.16742515563965
3,414351,13.199498176574707,12.892695426940918,6.049495697021484,20.720340728759766
3,414351,14.30264663696289,4.663426399230957,-16.236034393310547,10.665539741516113
3,414351,-1.9011826515197754,-2.7242980003356934,-6.6890034675598145,-19.13065528869629
3,414351,-9.110808372497559,-14.851775169372559,-2.2430291175842285,0.23018653690814972
3,414351,-4.272833347320557,-3.015439510345459,-1.5315786600112915,3.586167812347412
3,414352,15.14556884765625,0.4140646159648895,-4.127588272094727,1.3740097284317017
3,414352,8.490218162536621,3.4164321422576904,12.9895601272583,1.708099365234375
3,414352,-14.271623611450195,23.960216522216797,12.626710891723633,4.93704080581665
3,414352,-6.461081504821777,6.743332862854004,-20.095823287963867,-0.7123978137969971
3,414352,13.656987190246582,-30.244800567626953,-27.064441680908203,3.7542977333068848
3,414352,0.9346247315406799,-15.506298065185547,11.197305679321289,22.30615997314453
3,414353,-4.052783489227295,20.490808486938477,24.35761833190918,-6.692134380340576
3,414353,-3.597999095916748,10.79346752166748,-8.443401336669922,-22.61317253112793
3,414353,-6.897614002227783,-8.043766021728516,-11.140359878540039,2.0717451572418213
3,414353,4.956016540527344,-4.112537860870361,14.566580772399902,0.6895750761032104
3,414353,9.86975383758545,11.696558952331543,4.598719120025635,-11.279302597045898
3,414353,5.278938293457031,-12.91096019744873,-4.6296067237854,-10.629356384277344
3,414354,-14.153532028198242,-17.492206573486328,13.903321266174316,16.32856559753418
3,414354,1.0848881006240845,24.4937744140625,-3.759229898452759,9.646206855773926
3,414354,19.184099197387695,17.792970657348633,-10.379241943359375,-31.138620376586914
3,414354,0.3757610023021698,4.279536247253418,10.104593276977539,-14.771318435668945
3,414354,-13.663960456848145,-19.51889991760254,1.4264929294586182,22.325498580932617
3,414354,-22.3618221282959,-8.00364875793457,-1.5284076929092407,5.464895248413086
3,414355,3.1259000301361084,30.380157470703125,10.089997291564941,-14.26758098602295
3,414355,15.277650833129883,-9.469637870788574,-6.035287857055664,-2.1250438690185547
3,414355,-4.581112861633301,-35.38405990600586,-23.22439193725586,13.206060409545898
3,414355,-1.2254602909088135,-6.187122344970703,11.203391075134277,15.61093521118164
3,414355,10.947468757629395,27.565284729003906,19.577449798583984,-16.163694381713867
3,414356,7.43112850189209,3.610649585723877,-12.558786392211914,-1.972247838973999
3,414356,-14.876612663269043,-27.491592407226562,-17.844404220581055,36.01902389526367
3,414356,-15.726112365722656,12.259164810180664,-5.757333278656006,12.279086112976074
3,414356,12.2462797164917,20.388010025024414,7.476165771484375,-12.276805877685547
3,414356,7.7937397956848145,-8.966552734375,3.3330092430114746,-7.777113914489746
3,414356,-15.151382446289062,-14.455772399902344,-14.934715270996094,3.708509922027588
3,414357,4.056728363037109,-4.059556484222412,-3.4817168712615967,-4.348342418670654
3,414357,7.625375270843506,-1.3104122877120972,13.94899845123291,-2.5642905235290527
3,414357,-19.819793701171875,4.277242183685303,11.226348876953125,9.83170223236084
3,414357,-2.955092668533325,27.506624221801758,15.088269233703613,-13.615220069885254
3,414357,28.418895721435547,15.420291900634766,-2.258737087249756,-4.178547382354736
3,414357,16.563276290893555,-17.802194595336914,-6.6298112869262695,-13.213297843933105
3,414358,-20.92829704284668,-12.902558326721191,3.9318220615386963,-12.199788093566895
3,414358,-3.7932612895965576,0.9067202210426331,-6.074787616729736,18.512075424194336
3,414358,24.81759262084961,-3.984147548675537,-1.0427122116088867,-21.635318756103516
3,414358,0.9636223316192627,-2.813314914703369,10.033805847167969,-2.118363618850708
3,414358,-15.353708267211914,15.45092487335205,6.475423336029053,39.39092254638672
3,414358,-5.927932262420654,-1.018685221672058,-24.16623306274414,8.908252716064453
3,414359,2.980680227279663,-24.577951431274414,-10.460396766662598,8.692673683166504
3,414359,-6.376966953277588,-1.7418967485427856,17.831193923950195,10.203699111938477
3,414359,3.368967056274414,10.860198974609375,1.1466782093048096,-26.723047256469727
3,414359,6.219021797180176,0.8110632300376892,1.7403130531311035,11.260869979858398
3,414359,-3.868726968765259,10.946375846862793,1.1849745512008667,27.86607551574707
3,414359,6.4165544509887695,1.266332983970642,-8.611234664916992,-35.80405807495117
3,414360,-15.704567909240723,-11.881707191467285,-9.91252613067627,-9.751628875732422
3,414360,-11.254171371459961,5.2627363204956055,2.033400535583496,10.1639404296875
3,414360,12.075431823730469,-5.994747638702393,3.461089611053467,-35.6577262878418
3,414360,-0.2006213366985321,6.317189693450928,-2.0831892490386963,-14.487373352050781
3,414360,2.0609021186828613,8.576925277709961,3.8514814376831055,10.601469993591309
3,414360,1.983629822731018,-5.019678592681885,4.764077186584473,-13.679889678955078
3,414361,9.326601028442383,2.348419189453125,-2.0932705402374268,5.028351306915283
3,414361,1.8978970050811768,-3.646563768386841,-5.059229373931885,15.754138946533203
3,414361,-22.935457229614258,0.32344457507133484,7.24452543258667,3.607041358947754
3,414361,0.3248479664325714,-0.29016900062561035,9.696900367736816,11.977940559387207
3,414361,24.298358917236328,9.393732070922852,6.632228851318359,-5.101077079772949
3,414361,8.745664596557617,6.498204708099365,-12.834122657775879,0.6288435459136963
3,414362,-13.91253662109375,-24.651273727416992,-13.035283088684082,19.217647552490234
3,414362,-12.451467514038086,-19.53240966796875,13.186108589172363,-2.5015902519226074
3,414362,-11.026304244995117,17.427518844604492,7.240279197692871,-7.400797367095947
3,414362,11.794651985168457,16.187414169311523,-4.500217914581299,6.93565034866333
3,414362,26.01017189025879,-15.398099899291992,-8.259897232055664,0.30992424488067627
3,414362,-16.271533966064453,-5.15442419052124,-10.401324272155762,-4.372325897216797
3,414363,-12.587567329406738,9.128689765930176,-7.8689799308776855,2.00899600982666
3,414363,5.1193718910217285,0.26833081245422363,0.9383404850959778,-6.123986721038818
3,414363,-9.297226905822754,-4.808926582336426,7.482222080230713,-5.4106879234313965
3,414363,6.482226371765137,10.209916114807129,20.791061401367188,7.502264976501465
3,414363,19.661739349365234,20.19588851928711,15.683860778808594,-10.275958061218262
3,414363,-3.235697031021118,-5.918355941772461,-17.087434768676758,-1.9611839056015015
3,414364,-22.676170349121094,-4.2703375816345215,-13.466383934020996,21.47532081604004
3,414364,-1.2234855890274048,-11.9591646194458,-3.51125168800354,-0.15282432734966278
3,414364,14.460334777832031,-26.14800262451172,-4.318215370178223,-1.206307291984558
3,414364,-5.683128833770752,19.436660766601562,22.193819046020508,-2.742896318435669
3,414364,10.130073547363281,21.984560012817383,5.278707981109619,-19.384523391723633
3,414364,5.74663782119751,-29.456247329711914,-22.298095703125,1.6825323104858398
3,414366,-21.592676162719727,-15.416457176208496,8.598068237304688,-5.320055961608887
3,414366,-1.2972469329833984,34.783267974853516,16.306167602539062,-13.70261001586914
3,414366,13.3162260055542,8.275774002075195,-6.7466888427734375,-6.842010021209717
3,414366,10.574580192565918,-27.760427474975586,-15.02158260345459,-18.61288833618164
3,414366,5.5961408615112305,17.68950653076172,-1.1298972368240356,23.312007904052734
3,414367,-16.791427612304688,22.6165828704834,17.969417572021484,25.685373306274414
3,414367,-17.902021408081055,-13.635204315185547,8.103195190429688,-4.962177753448486
3,414367,18.008020401000977,-9.010969161987305,-4.802775859832764,-4.9861741065979
3,414368,-5.446676254272461,-14.785981178283691,-10.900644302368164,-18.252391815185547
3,414370,-14.356143951416016,-0.7725935578346252,-4.088160037994385,26.607723236083984
3,414372,26.27189064025879,20.192487716674805,3.15915846824646,48.25419616699219
3,414374,5.791378498077393,-2.812533140182495,-22.732206344604492,-28.76150894165039
3,414376,-7.50858211517334,-15.293754577636719,-4.81541109085083,-16.632347106933594
3,414378,7.538152694702148,11.654919624328613,39.75349044799805,37.84395217895508
3,414380,-4.364100456237793,8.357043266296387,-10.106663703918457,17.66631317138672
3,414382,-7.282076358795166,-7.648478031158447,-38.008323669433594,-24.10813331604004
3,414384,0.3104188144207001,21.662248611450195,24.341087341308594,-24.182645797729492
3,414386,-6.247366428375244,-11.698969841003418,10.2489652633667,11.031984329223633
3,414388,5.456663131713867,-35.66550827026367,-4.266186237335205,-33.76242446899414
3,414390,4.2297539710998535,4.291874408721924,18.8746395111084,-25.381378173828125
3,414392,-17.581329345703125,11.462308883666992,-9.518383026123047,52.031009674072266
3,414394,-10.034022331237793,9.722208976745605,-12.186012268066406,55.44409942626953
3,414396,23.509857177734375,-12.200688362121582,-0.5999239087104797,-80.05825805664062
3,414398,12.709593772888184,3.838944673538208,-5.29360818862915,-98.7492904663086
3,414400,-16.836767196655273,38.596309661865234,27.648027420043945,176.13986206054688
3,414402,9.845773696899414,-2.2234549522399902,4.614997386932373,83.04367065429688
3,414404,-0.5585150122642517,-28.891189575195312,-37.346038818359375,-208.09913635253906
3,414406,-15.03796672821045,-10.357824325561523,11.196273803710938,-31.14432716369629
3,414408,9.73478889465332,13.927539825439453,13.110899925231934,98.58503723144531
3,414410,2.8091769218444824,-3.2137510776519775,-2.2663838863372803,12.800895690917969
3,414412,-17.678911209106445,-9.23263168334961,1.3274363279342651,-5.831964015960693
3,414414,-0.9500935077667236,21.828916549682617,-21.898351669311523,10.459150314331055
3,414416,19.511024475097656,4.089480876922607,-0.5865894556045532,-20.560976028442383
3,414418,3.5966076850891113,-18.862764358520508,23.15462875366211,-99.38917541503906
3,414595,3.6684250831604004,-7.154843807220459,13.279600143432617,47.53401565551758
3,414596,-5.027759552001953,4.14349889755249,9.228811264038086,131.60682678222656
3,414596,-2.6234514713287354,-9.7946195602417,-9.786148071289062,-47.455101013183594
3,414596,11.790302276611328,8.598410606384277,-17.092918395996094,-30.265501022338867
3,414596,-18.82728385925293,22.701112747192383,-11.706913948059082,50.52713394165039
3,414596,-9.14848804473877,-3.05593204498291,-2.917515993118286,7.838207721710205
3,414596,21.603303909301758,-7.628145694732666,11.499704360961914,-17.108062744140625
3,414597,1.8297195434570312,-11.03637409210205,-11.195816040039062,-27.66359519958496
3,414597,-13.58167839050293,-6.805912017822266,-9.417228698730469,6.439399719238281
3,414597,-16.284488677978516,0.1055196151137352,11.868430137634277,7.6659650802612305
3,414597,-2.7975962162017822,-4.00748348236084,6.060932159423828,-47.610557556152344
3,414597,22.310518264770508,15.136177062988281,-4.357876777648926,-33.24320983886719
3,414597,16.064573287963867,17.571218490600586,-7.834866523742676,26.067781448364258
3,414598,-16.822683334350586,-1.7760599851608276,9.881753921508789,15.501325607299805
3,414598,-23.355749130249023,-9.420734405517578,5.335248947143555,-27.001060485839844
3,414598,21.80762481689453,3.8590590953826904,-1.7836540937423706,-0.44297006726264954
3,414598,14.615580558776855,1.678168773651123,-8.996390342712402,17.194793701171875
3,414598,-28.18048667907715,-13.298669815063477,4.919400215148926,3.1943306922912598
3,414598,2.9000813961029053,-6.126676559448242,27.232372283935547,13.724689483642578
3,414599,26.36686897277832,-3.429396390914917,-23.792552947998047,3.881561756134033
3,414599,-14.659479141235352,-5.800698280334473,-28.574825286865234,-12.053451538085938
3,414599,-18.5025634765625,-14.379968643188477,14.876500129699707,-7.297337532043457
3,414599,10.079595565795898,4.8942155838012695,0.6347892880439758,4.918539047241211
3,414599,0.24956096708774567,20.478370666503906,1.8631795644760132,14.148131370544434
3,414599,0.454956978559494,7.787837028503418,7.7085161209106445,-15.822636604309082
3,414600,14.418473243713379,-12.071293830871582,-8.496037483215332,-4.91593599319458
3,414600,-2.710683822631836,-1.3056937456130981,9.089305877685547,15.908663749694824
3,414600,-22.188539505004883,9.51903247833252,-3.1054463386535645,-18.221967697143555
3,414600,-4.81954288482666,-10.190274238586426,0.700499951839447,1.140372395515442
3,414600,8.836007118225098,13.807320594787598,27.420368194580078,-4.905450344085693
3,414601,12.670716285705566,16.033966064453125,-12.496095657348633,-27.807958602905273
3,414601,10.452898979187012,-21.50147819519043,-14.160438537597656,2.377814531326294
3,414601,-12.117406845092773,-9.973563194274902,13.238940238952637,-16.34343910217285
3,414601,2.4822065830230713,30.621021270751953,2.6841368675231934,0.8662528991699219
3,414601,12.881139755249023,10.263986587524414,6.104917049407959,44.05221176147461
3,414601,3.709209680557251,-21.657569885253906,8.778820991516113,-22.169557571411133
3,414602,10.259140014648438,6.473245143890381,-11.502718925476074,-34.12881851196289
3,414602,5.934971332550049,11.021744728088379,-11.612756729125977,47.228179931640625
3,414602,2.8508107662200928,-8.527575492858887,10.787291526794434,42.034149169921875
3,414602,-8.720315933227539,1.91410231590271,4.4500298500061035,16.40533447265625
3,414602,-20.40752601623535,-0.7779631018638611,-4.583816051483154,25.314456939697266
3,414602,-4.3939032554626465,-17.35041046142578,-3.0598771572113037,-0.9044274687767029
3,414603,11.3692045211792,-5.667239189147949,-7.613532066345215,3.3869199752807617
3,414603,-4.5936760902404785,5.983109951019287,-6.610647201538086,11.450074195861816
3,414603,-16.94680404663086,1.7363743782043457,-5.336850643157959,-11.46615982055664
3,414603,3.159538507461548,-1.708203673362732,2.924454689025879,8.76727294921875
3,414603,-3.235018014907837,-9.95356273651123,2.3982346057891846,-11.870707511901855
3,414603,-12.660283088684082,6.483010292053223,2.0179812908172607,-22.219566345214844
3,414604,8.414056777954102,18.277305603027344,0.5158668756484985,8.09609603881836
3,414604,-2.415087938308716,-16.32468605041504,-5.889762878417969,-27.461498260498047
3,414604,-2.4529528617858887,-18.776559829711914,16.121145248413086,-4.488036632537842
3,414604,20.84450340270996,16.42108917236328,4.69409704208374,34.03958511352539
3,414604,4.67682409286499,8.121006965637207,-7.881608486175537,32.01560592651367
3,414604,-23.547128677368164,-3.5386171340942383,10.687830924987793,25.302997589111328
3,414605,-9.68134880065918,-4.928135395050049,-3.7459704875946045,2.470613479614258
3,414605,26.053897857666016,-9.360590934753418,-9.187344551086426,3.739553928375244
3,414605,16.06768226623535,15.021367073059082,6.66660213470459,-28.568931579589844
3,414605,-19.756052017211914,6.682004928588867,-3.8993780612945557,-36.036537170410156
3,414605,-18.21451759338379,-19.36385154724121,-18.84779167175293,-24.388225555419922
3,414605,8.302572250366211,-7.108640193939209,-7.3554253578186035,-55.23295974731445
3,414606,10.206940650939941,6.543652534484863,-12.84190845489502,-22.554298400878906
3,414606,-1.2789007425308228,1.4269789457321167,-3.9222021102905273,25.643404006958008
3,414606,-1.1258808374404907,-2.0804929733276367,20.032814025878906,-17.542280197143555
3,414606,7.521219253540039,3.8803718090057373,-4.6315460205078125,-40.16742706298828
3,414606,-1.9954367876052856,3.8115296363830566,-11.096555709838867,17.369054794311523
3,414606,6.772240161895752,-9.994237899780273,16.52029800415039,23.166366577148438
3,414607,36.46827697753906,3.8353071212768555,25.52520751953125,-9.679849624633789
3,414607,-16.50442886352539,4.6545515060424805,-1.9373847246170044,17.869029998779297
3,414607,-59.09624099731445,2.627614736557007,0.21976126730442047,38.171714782714844
3,414607,9.444709777832031,16.139202117919922,23.501819610595703,15.404255867004395
3,414607,50.32097625732422,-21.037418365478516,-0.31328484416007996,10.90768051147461
3,414607,-12.611491203308105,3.239931344985962,3.4026546478271484,-6.3333892822265625
3,414608,-23.928207397460938,32.12477111816406,20.229326248168945,-7.984357833862305
3,414608,17.234464645385742,-11.544661521911621,5.523942470550537,13.339268684387207
3,414608,-10.92293643951416,-19.0985107421875,-24.78980255126953,-25.751941680908203
3,414608,-13.007505416870117,13.226850509643555,-37.398189544677734,-24.882251739501953
3,414608,37.82670593261719,18.115365982055664,-9.465619087219238,18.031723022460938
3,414608,2.1276204586029053,-14.971753120422363,11.942877769470215,21.068269729614258
3,414609,-41.44243240356445,-7.5253753662109375,4.891786575317383,13.697347640991211
3,414609,14.2413911819458,3.733685255050659,-11.0497407913208,2.088869094848633
3,414609,8.666794776916504,-14.365169525146484,-7.839857578277588,-9.345185279846191
3,414609,-5.978973865509033,4.280808448791504,4.437488079071045,-18.15948486328125
3,414609,-0.5136376619338989,10.952645301818848,-6.119603157043457,0.029251009225845337
3,414609,-16.226572036743164,-8.297497749328613,-4.960113525390625,9.159061431884766
3,414610,18.761959075927734,-5.558087348937988,15.804485321044922,-4.103573799133301
3,414610,-4.236263275146484,3.133737802505493,17.68689727783203,-5.589970111846924
3,414610,-24.154130935668945,11.455988883972168,-3.405637741088867,-10.946879386901855
3,414610,18.433027267456055,-13.946755409240723,-7.241669178009033,-12.553716659545898
3,414610,2.5869524478912354,-30.663835525512695,1.0705448389053345,17.41990852355957
3,414612,7.788661956787109,32.673683166503906,-11.85441780090332,-52.382354736328125
3,414612,9.99468994140625,32.667823791503906,-14.305160522460938,-59.149532318115234
3,414612,-32.2468147277832,-28.26947021484375,2.6975886821746826,86.09514617919922
3,414612,20.181976318359375,-2.464547634124756,4.606184005737305,34.52825927734375
3,414612,-2.4127514362335205,24.1783447265625,8.595436096191406,-34.16880416870117
3,414612,-23.722822189331055,-16.15909194946289,17.56537437438965,21.65912628173828
3,414613,42.06253433227539,-11.843457221984863,0.7476478815078735,27.88538932800293
3,414613,1.697847604751587,27.408584594726562,-2.0605387687683105,-13.716666221618652
3,414614,-4.953965187072754,-16.487878799438477,-6.943654537200928,13.04096508026123
3,414615,3.5219759941101074,-29.14202880859375,-22.934354782104492,59.07818603515625
3,414618,-32.622188568115234,26.306875228881836,-0.16365626454353333,8.282649040222168
3,414619,1.545230746269226,9.754701614379883,26.198017120361328,-24.16469955444336
3,414622,22.645938873291016,-41.59153747558594,-17.467744827270508,-19.512771606445312
3,414624,-15.11635971069336,7.382491588592529,-8.892899513244629,3.5359585285186768
3,414626,15.331480979919434,51.488380432128906,45.24445343017578,5.9697065353393555
3,414628,26.81009292602539,-19.655059814453125,0.674804151058197,-48.044498443603516
3,414630,-21.180389404296875,-22.286212921142578,-5.7449798583984375,-43.26524353027344
3,414632,-31.74343490600586,20.430063247680664,-1.2512441873550415,61.48467254638672
3,414634,0.42747950553894043,-0.9368497729301453,-32.290687561035156,63.6658821105957
3,414636,15.146642684936523,-7.909421920776367,-19.351226806640625,-65.9529037475586
3,414638,-2.438915252685547,-18.69285011291504,15.1445951461792,-77.75787353515625
3,414640,10.214261054992676,-2.760401964187622,43.52030563354492,3.536224603652954
3,414642,11.657567977905273,40.32719421386719,-11.649613380432129,58.72864532470703
3,414644,-13.099586486816406,1.436065435409546,-44.517913818359375,38.156864166259766
3,414646,-12.399664878845215,-41.556800842285156,45.71500778198242,-8.981380462646484
3,414648,3.1423561573028564,-25.92194938659668,2.6442630290985107,-32.87501525878906
3,414650,0.23502811789512634,26.12714385986328,-36.176025390625,-35.467105865478516
3,414652,16.61642074584961,45.66083908081055,69.0850830078125,26.3293399810791
3,414654,-11.459953308105469,-12.404535293579102,-23.83368682861328,25.181196212768555
3,414656,-18.103811264038086,-15.19055461883545,-65.29705810546875,-5.297852039337158
3,414658,21.95499610900879,10.149410247802734,46.21369934082031,12.646140098571777
3,414660,-4.58230447769165,-2.2619128227233887,10.514461517333984,0.31434211134910583
3,414662,-11.889142036437988,-4.4861297607421875,-26.071395874023438,1.6484990119934082
3,414664,4.253133773803711,-1.3816535472869873,-2.5967633724212646,-4.543275356292725
3,414850,10.287222862243652,5.492030620574951,7.37545919418335,-50.8820915222168
3,414850,11.843217849731445,-5.646686553955078,5.720273017883301,-26.523408889770508
3,414851,-6.980445861816406,-8.593374252319336,-12.97741413116455,33.08076095581055
3,414851,-11.55794906616211,1.8321549892425537,-0.6067162752151489,16.19287109375
3,414851,-3.8113903999328613,3.529404401779175,27.330583572387695,-21.019153594970703
3,414851,-3.2989695072174072,8.594442367553711,15.652681350708008,23.008512496948242
3,414851,13.95411491394043,2.0174858570098877,-19.45888328552246,43.37242889404297
3,414851,7.372692584991455,-3.5707669258117676,-19.34213638305664,-31.39043426513672
3,414852,1.7074168920516968,-1.3768292665481567,10.505892753601074,-21.487104415893555
3,414852,-8.196170806884766,3.030374050140381,2.8453423976898193,48.96247482299805
3,414852,-33.402626037597656,6.718984127044678,-18.20136833190918,17.51914405822754
3,414852,9.609740257263184,0.34017959237098694,-9.966564178466797,-58.40747833251953
3,414852,35.09891891479492,-11.71053695678711,1.7721145153045654,-14.088115692138672
3,414853,1.4661346673965454,-6.043411731719971,9.318643569946289,49.82292556762695
3,414853,-19.103281021118164,0.2677985429763794,16.36794090270996,-3.631997585296631
3,414853,-11.485273361206055,1.8153303861618042,7.663590431213379,-9.367450714111328
3,414853,12.288798332214355,23.803030014038086,5.1285929679870605,3.2394800186157227
3,414853,13.840781211853027,-2.442633628845215,-2.1632649898529053,-12.145121574401855
3,414853,10.2542142868042,-27.489233016967773,-16.781986236572266,4.535306930541992
3,414853,0.9470450282096863,18.379615783691406,-12.402628898620605,0.9288256764411926
3,414854,-25.753108978271484,-4.886459827423096,-1.7026290893554688,2.6516716480255127
3,414854,-10.638616561889648,-15.965662956237793,16.770336151123047,7.435170650482178
3,414854,21.231576919555664,30.149948120117188,3.5572521686553955,-2.8922784328460693
3,414854,-0.4236396551132202,-8.553349494934082,-33.15459442138672,-3.3052499294281006
3,414854,-22.15861701965332,-17.492233276367188,6.266592502593994,-4.7792534828186035
3,414855,4.9728312492370605,0.9940993189811707,39.436859130859375,-10.115948677062988
3,414855,15.89014720916748,-6.067679405212402,-8.474542617797852,-10.201201438903809
3,414855,1.3649998903274536,12.143896102905273,-17.764638900756836,-13.264263153076172
3,414855,-16.007266998291016,3.034064531326294,10.369040489196777,-10.759949684143066
3,414855,-6.753757476806641,-8.077601432800293,2.491300344467163,18.808868408203125
3,414855,7.943020343780518,-13.517084121704102,-17.273536682128906,27.148439407348633
3,414856,-8.565556526184082,-12.43838882446289,-3.6869990825653076,-20.134061813354492
3,414856,3.988464832305908,25.13385009765625,16.913442611694336,-15.662726402282715
3,414856,17.26517105102539,19.641010284423828,3.6942367553710938,21.44750213623047
3,414856,-1.3291698694229126,-7.4353485107421875,-13.330707550048828,24.010038375854492
3,414856,-9.53429889678955,3.4656765460968018,6.767254829406738,-5.479030609130859
3,414856,10.89912223815918,0.6594141721725464,13.738821983337402,-23.234086990356445
3,414857,17.10084342956543,1.8464539051055908,-5.440474987030029,18.31058120727539
3,414857,-7.66109037399292,-0.6261357069015503,-1.8370909690856934,10.571013450622559
3,414857,-6.036016464233398,-0.49894800782203674,12.448189735412598,-9.231832504272461
3,414857,-13.718854904174805,0.4792705178260803,-2.5669569969177246,9.530144691467285
3,414857,-17.91257667541504,-16.6953125,-17.037649154663086,-1.7131233215332031
3,414857,23.751731872558594,18.69086265563965,-1.0047574043273926,-12.622492790222168
3,414858,10.100903511047363,8.435184478759766,7.740046501159668,-14.005385398864746
3,414858,-19.308610916137695,-37.90891647338867,17.05356788635254,0.7918996214866638
3,414858,14.612156867980957,-0.41622796654701233,-4.891870021820068,18.832155227661133
3,414858,13.055906295776367,36.33443069458008,-32.137203216552734,-7.658692359924316
3,414858,-19.528345108032227,-11.025505065917969,5.768787384033203,9.700494766235352
3,414858,-6.83981990814209,-45.21201705932617,22.288143157958984,18.792308807373047
3,414859,4.0961222648620605,7.435644626617432,-15.167680740356445,-20.769168853759766
3,414859,4.36619234085083,27.564931869506836,-9.202903747558594,7.56331729888916
3,414859,5.061758518218994,8.447403907775879,7.5552778244018555,21.821229934692383
3,414859,-7.118699073791504,-6.710310459136963,-14.077077865600586,-13.427842140197754
3,414859,-7.19614315032959,-8.108656883239746,4.625019073486328,-11.984971046447754
3,414859,-5.406855583190918,-3.892665147781372,25.61631202697754,17.45004653930664
3,414860,1.2292791604995728,-9.951277732849121,-5.26708984375,6.6138482093811035
3,414860,10.078556060791016,8.219338417053223,-34.16364669799805,0.9286024570465088
3,414860,-14.941150665283203,7.44852876663208,-13.893637657165527,17.95231819152832
3,414860,-8.523582458496094,2.598499298095703,13.870589256286621,13.674381256103516
3,414860,25.38160514831543,-8.519286155700684,8.714550971984863,-1.9487175941467285
3,414860,-2.507742166519165,-1.3636550903320312,17.41893768310547,-41.35614776611328
3,414861,-5.515138149261475,16.174379348754883,0.44150182604789734,-45.50037384033203
3,414861,20.922719955444336,-0.9187231063842773,-27.064327239990234,2.869992256164551
3,414861,-12.983247756958008,8.04354476928711,2.8722620010375977,-11.953146934509277
3,414861,-0.7254077196121216,-6.3760857582092285,24.800186157226562,-45.35533142089844
3,414861,23.064014434814453,6.437904357910156,5.384101390838623,6.036356449127197
3,414861,-14.470460891723633,26.59999656677246,13.63413143157959,7.514972686767578
3,414862,-3.751905679702759,1.2503708600997925,28.099143981933594,-37.204349517822266
3,414862,15.529789924621582,-7.473049640655518,3.8623175621032715,0.003374839201569557
3,414862,2.4682698249816895,-15.340255737304688,-0.49709072709083557,44.52838897705078
3,414862,-1.0139272212982178,19.078737258911133,15.726140975952148,31.822298049926758
3,414862,12.51563549041748,14.994623184204102,7.7845354080200195,3.0769858360290527
3,414862,7.193631649017334,-27.278867721557617,-5.552292346954346,2.365492820739746
3,414863,-24.493446350097656,-9.8063383102417,-2.2115159034729004,38.30049133300781
3,414863,-11.301148414611816,17.488271713256836,-24.302949905395508,13.985067367553711
3,414863,16.615413665771484,-15.697761535644531,-34.34281539916992,-27.456518173217773
3,414863,-12.186685562133789,-35.25008773803711,5.631168842315674,6.271763801574707
3,414863,-17.647907257080078,15.89599609375,-2.1784517765045166,-2.9449527263641357
3,414864,10.138283729553223,5.341146945953369,-28.286954879760742,-11.382964134216309
3,414864,0.5861160159111023,-6.074788570404053,-11.975408554077148,5.69442081451416
3,414864,-19.660507202148438,-1.3945826292037964,-7.905242443084717,-1.718055248260498
3,414864,-12.718616485595703,-19.837743759155273,-5.1404266357421875,0.09317538887262344
3,414864,6.078493118286133,0.6083354949951172,-4.288459300994873,0.11200238764286041
3,414864,-7.837717056274414,-6.987486362457275,3.295419454574585,14.889878273010254
3,414864,-2.707209587097168,5.49462366104126,9.063451766967773,0.1324479877948761
3,414865,9.386893272399902,24.445783615112305,4.248002052307129,-22.352739334106445
3,414865,8.4766263961792,-13.467329025268555,10.340024948120117,17.24063491821289
3,414865,16.006221771240234,-7.54599142074585,0.4959251582622528,11.707385063171387
3,414865,2.4616503715515137,4.022589206695557,3.6487038135528564,-32.29011917114258
3,414865,-15.880363464355469,-4.771716594696045,1.472497820854187,-8.494549751281738
3,414865,-5.60485315322876,6.048595428466797,-19.817829132080078,4.423467636108398
3,414866,21.176841735839844,11.894149780273438,1.9110016822814941,-4.778113842010498
3,414866,9.386115074157715,19.55875015258789,30.54935073852539,14.876309394836426
3,414867,0.03800629451870918,10.660499572753906,44.83448028564453,6.9402174949646
3,414867,-1.3671512603759766,1.0380855798721313,27.923738479614258,4.232198715209961
3,414867,2.7115843296051025,-3.792865037918091,-25.998647689819336,-1.391856074333191
3,414868,3.168609857559204,-11.938313484191895,-10.18112850189209,-19.802528381347656
3,414868,-7.898292541503906,1.0290600061416626,28.22024917602539,15.969825744628906
3,414868,11.837148666381836,10.53646469116211,-6.315951824188232,5.013751029968262
3,414868,0.9778038859367371,4.8522138595581055,-33.39362716674805,-22.385929107666016
3,414868,-13.17024040222168,-15.35802936553955,-0.7936757802963257,17.626277923583984
3,414870,-5.332924842834473,-23.09184455871582,-20.41592788696289,6.257641315460205
3,414870,-13.159201622009277,-3.019604444503784,-45.79191207885742,-13.483504295349121
3,414872,8.941862106323242,35.22216796875,19.268882751464844,48.63862991333008
3,414874,7.403632640838623,19.548498153686523,0.2505808472633362,9.244041442871094
3,414876,-24.54146957397461,-50.83289337158203,-38.69794845581055,-84.68998718261719
3,414878,1.2863315343856812,-18.06267738342285,20.17789077758789,-17.694242477416992
3,414880,23.96903419494629,32.77242660522461,29.443729400634766,44.08302307128906
3,414882,-0.5408810377120972,17.569873809814453,8.462634086608887,20.57802963256836
3,414884,-13.423089027404785,1.1371840238571167,1.5489168167114258,-17.150150299072266
3,414886,-2.879830837249756,-31.52520179748535,0.14349648356437683,-17.752859115600586
3,414888,5.862467288970947,-5.232272624969482,24.696699142456055,-24.427207946777344
3,414890,0.5792743563652039,11.10353946685791,22.910539627075195,-16.406696319580078
3,414892,2.834015130996704,-12.435260772705078,-37.78614044189453,94.36328125
3,414894,3.076552629470825,6.465554237365723,-24.53956413269043,61.73814010620117
3,414897,0.765758752822876,21.052927017211914,40.41377258300781,-86.92593383789062
3,414898,1.2830971479415894,13.666141510009766,-17.26349639892578,-62.56822967529297
3,414901,-3.6230382919311523,-22.05217742919922,-26.8883113861084,16.758039474487305
3,414902,10.739622116088867,5.459619522094727,18.95769500732422,27.3626651763916
3,414905,-3.257936477661133,9.337849617004395,-8.431386947631836,57.687713623046875
3,414906,-21.06035804748535,-33.63826370239258,-6.628721714019775,29.534648895263672
3,414909,11.591632843017578,10.56354808807373,19.217058181762695,-86.60298156738281
3,414910,30.347755432128906,16.866769790649414,19.431936264038086,-75.04684448242188
3,414911,-4.231825828552246,-20.801679611206055,-11.497998237609863,43.149391174316406
3,414914,-34.799198150634766,-14.016301155090332,-15.17138671875,24.102018356323242
3,414915,-7.424020290374756,25.929224014282227,11.40459156036377,-28.290264129638672
3,414918,22.771787643432617,18.809242248535156,-10.258434295654297,43.118289947509766
3,414919,2.4739017486572266,-23.42502212524414,-16.821475982666016,41.76559829711914
3,415114,-18.055994033813477,-2.019798755645752,17.906883239746094,-66.8411636352539
3,415114,0.34760722517967224,23.220287322998047,13.441057205200195,-39.09901428222656
3,415114,10.336142539978027,9.183382034301758,-11.322776794433594,46.77336120605469
3,415114,-15.90992546081543,-23.04021453857422,-0.3475857079029083,31.879310607910156
3,415114,-1.9709769487380981,-5.487463474273682,19.800617218017578,-3.842202663421631
3,415115,27.16656494140625,21.568546295166016,-4.804698944091797,-13.746111869812012
3,415115,15.030266761779785,-5.807845115661621,-13.769818305969238,0.6318438053131104
3,415115,-9.961980819702148,-0.6929789185523987,1.3134279251098633,2.8009743690490723
3,415115,-9.968953132629395,-5.031979084014893,-3.1705005168914795,10.228970527648926
3,415115,2.4313981533050537,-19.749908447265625,12.69360065460205,25.578907012939453
3,415115,-11.455944061279297,7.379316806793213,10.23028564453125,11.978290557861328
3,415116,8.62989330291748,10.102781295776367,-9.643365859985352,-13.02871322631836
3,415116,12.45975399017334,-14.390220642089844,-9.651324272155762,-10.863974571228027
3,415116,-13.932783126831055,-0.9088871479034424,-13.395055770874023,20.937774658203125
3,415116,-3.1094229221343994,5.168506145477295,7.837150573730469,-10.074009895324707
3,415116,-3.0914294719696045,-13.787321090698242,14.132128715515137,-23.958053588867188
3,415116,1.1890974044799805,12.569494247436523,-21.870473861694336,-4.216691970825195
3,415117,-3.310722589492798,-0.5276502966880798,-8.482501029968262,-14.566043853759766
3,415117,-8.020522117614746,-26.912635803222656,24.629484176635742,3.1269888877868652
3,415117,17.415912628173828,16.17900848388672,10.87859058380127,13.76782512664795
3,415117,2.7060704231262207,22.073062896728516,-7.577233791351318,-7.069943428039551
3,415117,-6.270784854888916,0.2142334133386612,-8.16933536529541,-34.25282669067383
3,415118,-5.021430492401123,3.6575276851654053,0.633175253868103,-3.0539536476135254
3,415118,-4.302734851837158,3.721092939376831,2.7744157314300537,14.663972854614258
3,415118,25.272924423217773,-1.1938356161117554,-2.6799702644348145,-13.634281158447266
3,415118,4.76915979385376,0.0018965210765600204,-4.412402629852295,2.3526830673217773
3,415118,-15.284621238708496,-0.6803041100502014,-6.233556747436523,6.80254602432251
3,415118,-0.9902776479721069,-10.515325546264648,6.378391265869141,19.42429542541504
3,415119,-26.32900047302246,-1.1224470138549805,13.553108215332031,16.53791046142578
3,415119,-9.592103004455566,-7.1862263679504395,-5.362941741943359,-13.065102577209473
3,415119,42.074012756347656,-8.165534019470215,-7.754303455352783,12.666548728942871
3,415119,0.12323904037475586,35.62751388549805,11.455689430236816,12.749082565307617
3,415119,-16.039581298828125,7.912790298461914,7.236416816711426,7.249453544616699
3,415119,15.286431312561035,-34.336605072021484,-3.384106397628784,1.854060411453247
3,415120,-16.72128677368164,-8.130958557128906,-2.4868826866149902,-26.66316795349121
3,415120,1.6431607007980347,22.093524932861328,-13.233794212341309,-9.845882415771484
3,415120,26.652095794677734,13.404303550720215,-13.27493953704834,-0.010876387357711792
3,415120,-22.13446807861328,-28.56700897216797,0.19093476235866547,6.025269508361816
3,415120,-14.91797161102295,-13.150854110717773,2.1971726417541504,12.568366050720215
3,415120,19.2972354888916,25.043170928955078,10.276854515075684,-26.955503463745117
3,415121,-2.3343100547790527,7.824510097503662,-3.750603199005127,-29.446901321411133
3,415121,-15.218375205993652,-16.418176651000977,-17.274951934814453,12.650203704833984
3,415121,6.062018394470215,-3.278165817260742,7.753969192504883,28.20611572265625
3,415121,21.929698944091797,8.958057403564453,14.234295845031738,5.372660160064697
3,415121,-3.500535488128662,-14.033353805541992,10.032059669494629,-18.250701904296875
3,415121,-14.246973037719727,0.006428546272218227,10.69286060333252,0.49467048048973083
3,415122,19.10379409790039,25.165685653686523,-0.6824185252189636,4.556197166442871
3,415122,-4.784517765045166,-4.109925746917725,2.5001814365386963,10.809406280517578
3,415122,-26.578075408935547,-2.1715474128723145,4.447451114654541,13.506946563720703
3,415122,18.922754287719727,17.538057327270508,-15.011833190917969,-18.0719051361084
3,415122,4.315385341644287,-21.22516632080078,-4.400817394256592,6.964052677154541
3,415122,-19.803516387939453,-8.060513496398926,3.563220500946045,10.869376182556152
3,415123,14.143221855163574,27.485361099243164,-13.229366302490234,-22.245399475097656
3,415123,5.649616718292236,-15.473775863647461,7.485781192779541,5.246191024780273
3,415123,0.5210806131362915,1.254564881324768,11.925742149353027,2.874338150024414
3,415123,3.7480475902557373,26.36705780029297,-20.3026065826416,-16.37479019165039
3,415123,-7.344253063201904,-19.872880935668945,-4.67016077041626,0.5452664494514465
3,415123,1.9250346422195435,-29.822294235229492,21.87922477722168,1.7975608110427856
3,415124,-8.984724044799805,-1.8056315183639526,-0.3539614975452423,11.090072631835938
3,415124,-4.396233558654785,14.92434024810791,-12.165130615234375,-3.3899290561676025
3,415124,18.55889129638672,2.2653300762176514,12.740202903747559,-8.628782272338867
3,415124,-3.6763389110565186,-14.463078498840332,6.20651388168335,-3.8846805095672607
3,415124,-19.831483840942383,9.339375495910645,-18.428380966186523,-8.370489120483398
3,415124,-0.1639736294746399,15.02076244354248,2.598115921020508,10.61629867553711
3,415125,12.349193572998047,-11.932905197143555,11.741070747375488,14.950835227966309
3,415125,-12.699731826782227,-19.081029891967773,-14.798134803771973,8.328749656677246
3,415125,-8.834207534790039,-0.3144201636314392,-6.543792247772217,-24.149234771728516
3,415125,16.081756591796875,26.116334915161133,17.612712860107422,3.3516619205474854
3,415125,-8.331089973449707,-2.2230350971221924,-4.976861000061035,24.607664108276367
3,415125,9.648085594177246,-18.433820724487305,-11.689010620117188,-20.224933624267578
3,415126,10.458269119262695,16.201183319091797,23.175729751586914,3.476865291595459
3,415126,-18.198719024658203,4.435863971710205,1.490147590637207,17.443613052368164
3,415126,17.37251091003418,-2.8379292488098145,-27.590017318725586,-22.35312843322754
3,415126,16.036165237426758,1.4586917161941528,2.5616161823272705,-13.42799186706543
3,415126,-24.01872444152832,-22.02649688720703,4.977774143218994,16.949462890625
3,415127,-11.526355743408203,-0.9380679726600647,3.005720376968384,21.468477249145508
3,415127,17.21031379699707,21.727523803710938,10.90111255645752,0.04162606596946716
3,415127,10.54762077331543,4.309140205383301,-12.562694549560547,-19.430383682250977
3,415127,-16.40367889404297,-14.542561531066895,-3.076411247253418,-1.2404265403747559
3,415127,-2.92632794380188,4.614712238311768,0.8186701536178589,-1.619993805885315
3,415127,10.541172981262207,17.672208786010742,-9.669886589050293,5.305401802062988
3,415128,-15.241147994995117,-19.355972290039062,9.504423141479492,13.292033195495605
3,415128,6.825559616088867,-6.459907054901123,12.289029121398926,-14.735223770141602
3,415128,-1.6416492462158203,12.250435829162598,-2.8772549629211426,3.559049606323242
3,415128,-15.862974166870117,-16.69930648803711,-11.786422729492188,27.267810821533203
3,415128,15.696234703063965,10.995427131652832,-3.058314561843872,-5.511812210083008
3,415128,-0.9202663898468018,29.693635940551758,16.346250534057617,-11.768671989440918
3,415129,17.967134475708008,-4.407308101654053,13.281647682189941,0.9024679660797119
3,415129,14.116668701171875,0.8335312604904175,-2.014740467071533,-16.209489822387695
3,415129,-29.625450134277344,-10.709619522094727,-12.496978759765625,-6.968594551086426
3,415129,-2.8903048038482666,-10.350741386413574,-6.80305814743042,5.794901371002197
3,415129,17.034934997558594,26.47313117980957,9.514313697814941,-2.325662851333618
3,415129,8.018624305725098,5.953717231750488,4.789514541625977,-7.132711887359619
3,415130,3.2127535343170166,-16.0797119140625,3.432068347930908,4.005990982055664
3,415130,-6.310779571533203,-12.326581954956055,-6.525407314300537,11.521124839782715
3,415130,-2.7555625438690186,-4.742161273956299,-6.261878967285156,-10.991449356079102
3,415130,-14.0220365524292,8.135271072387695,3.9817211627960205,-7.459991931915283
3,415131,-3.214000940322876,3.3347926139831543,-2.802204132080078,18.173213958740234
3,415132,32.320655822753906,-14.238322257995605,-5.28761625289917,18.743711471557617
3,415132,-8.46546459197998,-1.516974687576294,-8.167149543762207,-13.861172676086426
3,415132,-23.264684677124023,15.101081848144531,-8.54867172241211,-23.402551651000977
3,415132,-0.08051447570323944,1.9820079803466797,3.441262722015381,23.39099884033203
3,415132,-11.48246955871582,-14.207622528076172,19.416324615478516,12.556291580200195
3,415132,10.277649879455566,2.0499796867370605,2.8505568504333496,-25.977848052978516
3,415133,17.51555824279785,4.664882659912109,-13.832275390625,8.248613357543945
3,415133,-22.85100555419922,-8.44926929473877,2.101231098175049,21.539989471435547
3,415134,-15.42504596710205,18.09526252746582,19.122072219848633,17.4809513092041
3,415135,28.942689895629883,8.394258499145508,0.4334498345851898,21.60542106628418
3,415138,11.486132621765137,-32.45220947265625,-25.46242904663086,-44.59574890136719
3,415139,-26.983583450317383,-21.94873046875,-17.7668399810791,-50.09894943237305
3,415142,-4.903404235839844,20.55244255065918,8.476768493652344,30.59855079650879
3,415143,13.794940948486328,15.252542495727539,10.385714530944824,10.765933990478516
3,415146,14.517773628234863,-13.6915283203125,1.6452974081039429,-35.970340728759766
3,415147,-0.0982007160782814,-6.260977745056152,38.69070053100586,-0.09257973730564117
3,415150,-17.802824020385742,11.232316017150879,13.232281684875488,10.563426971435547
3,415151,7.397383213043213,23.430347442626953,-36.84208679199219,-8.261613845825195
3,415154,7.934149742126465,1.8654422760009766,-24.213035583496094,23.59596824645996
3,415155,-11.25979232788086,-25.50337028503418,0.08470586687326431,16.66002655029297
3,415158,5.542255878448486,-1.413101315498352,32.09152603149414,-21.037582397460938
3,415159,2.8100719451904297,17.947824478149414,-5.574129104614258,2.3711936473846436
3,415162,-9.840690612792969,9.864895820617676,-22.478031158447266,28.754802703857422
3,415164,18.090688705444336,-4.50560188293457,15.55831527709961,31.100744247436523
3,415166,-10.46735954284668,-29.777503967285156,-11.801408767700195,-52.10198974609375
3,415168,-20.706865310668945,-23.304384231567383,8.16082763671875,-60.67551803588867
3,415170,11.667820930480957,27.786540985107422,4.341606616973877,57.433990478515625
3,415172,1.800571084022522,14.4739408493042,-38.82338333129883,31.544403076171875
3,415174,8.16551399230957,-8.306722640991211,42.287017822265625,-42.64762496948242
3,415176,4.262348651885986,6.473020076751709,12.178285598754883,-29.74100685119629
4,415178,-12.673404693603516,-5.3565497398376465,-55.16041564941406,0.9649196863174438
4,415180,-1.838843822479248,3.962472677230835,42.233734130859375,46.70743179321289
4,415182,16.710988998413086,10.996651649475098,24.092573165893555,98.44891357421875
4,415184,13.488873481750488,7.541009902954102,-36.94384002685547,-52.145015716552734
4,415187,-7.130863189697266,-20.424060821533203,-1.0142642259597778,-124.45886993408203
4,415442,-30.271936416625977,-9.877171516418457,-3.270294427871704,47.58573913574219
4,415443,4.504775524139404,31.926448822021484,-5.501755237579346,57.921234130859375
4,415446,26.277921676635742,-0.8850109577178955,43.99881362915039,-26.941909790039062
4,415448,-29.055124282836914,-27.4728946685791,40.79672622680664,-22.269691467285156
4,415450,-4.275457382202148,-2.578922986984253,-52.07180404663086,22.8719539642334
4,416911,29.055763244628906,-0.0380600169301033,-46.70940017700195,-1.494644284248352
4,416912,-8.68043327331543,-14.687017440795898,20.265859603881836,-33.20656967163086
4,416912,0.673260509967804,15.442827224731445,13.611021041870117,0.049222901463508606
4,416912,5.463475227355957,23.631752014160156,1.4910547733306885,16.249507904052734
4,416912,-12.00157642364502,-14.547663688659668,-5.505824089050293,1.9169694185256958
4,416912,-6.606761455535889,-18.91289520263672,-12.440488815307617,7.83626127243042
4,416912,8.370447158813477,15.48421859741211,-7.863965034484863,12.929540634155273
4,416914,2.838593006134033,5.178064823150635,-8.245437622070312,-8.757023811340332
4,416917,-9.714838027954102,-11.323060035705566,3.551079034805298,8.68669605255127
4,416918,12.874710083007812,14.270410537719727,13.707955360412598,-7.865533351898193
4,416919,5.010879993438721,13.773538589477539,15.39577865600586,-38.90129470825195
4,416922,-19.829036712646484,-12.54941463470459,13.25579833984375,42.4930419921875
4,416923,-4.904866695404053,-15.877118110656738,7.493192672729492,44.61777114868164
4,416926,5.501201629638672,-5.577207088470459,9.515170097351074,-62.61967086791992
4,416927,20.53754234313965,6.700089931488037,-3.186622381210327,-17.424259185791016
4,416930,-6.1673173904418945,23.749326705932617,-30.948795318603516,60.73515319824219
4,416931,-23.241024017333984,2.4330458641052246,-26.57719612121582,-19.616125106811523
4,416934,32.88945007324219,1.4373376369476318,16.115100860595703,-40.529563903808594
4,416935,2.225080728530884,-7.326720714569092,3.0421299934387207,21.85854148864746
4,416961,-40.80806350708008,-29.957517623901367,-10.770339965820312,5.2411980628967285
4,416961,9.132835388183594,9.106908798217773,18.397512435913086,-17.388629913330078
4,416962,18.494441986083984,0.1944141387939453,6.547011852264404,-3.0148935317993164
4,416962,-10.88882827758789,-4.603853702545166,-11.693359375,20.870445251464844
4,416962,-5.120194435119629,20.043415069580078,2.5805869102478027,4.410998344421387
4,416962,13.069169998168945,-3.1967275142669678,7.8899664878845215,-5.7885236740112305
4,416962,13.271466255187988,-20.96826171875,-15.566389083862305,9.657295227050781
4,416962,-8.30385684967041,1.651746153831482,-7.597265720367432,-2.0204267501831055
4,416963,-10.456993103027344,29.831541061401367,12.91574478149414,-8.684805870056152
4,416963,-4.280306816101074,-6.8599748611450195,6.43183708190918,-13.024453163146973
4,416963,-4.366495609283447,-30.571712493896484,3.9756078720092773,0.19903399050235748
4,416963,7.984602451324463,16.56898307800293,-3.5174343585968018,0.3759608268737793
4,416963,0.10934429615736008,7.433283805847168,-6.0879621505737305,-2.8443267345428467
4,416965,6.186032772064209,-4.897393226623535,15.207839012145996,26.586000442504883
4,416966,17.63121223449707,28.1688289642334,26.769697189331055,16.372665405273438
4,416967,-20.75124740600586,-17.772825241088867,-19.06534767150879,-6.801600933074951
4,416970,-18.324552536010742,-31.80159568786621,-39.5356330871582,-27.593603134155273
4,416971,21.49574851989746,12.58397102355957,6.5256428718566895,5.853972911834717
4,416974,8.76273250579834,38.688419342041016,30.95247459411621,43.0826530456543
4,416975,-15.908227920532227,16.294315338134766,4.155413627624512,-12.150276184082031
4,416978,3.228306531906128,-39.225345611572266,-16.86223602294922,-9.317927360534668
4,416979,17.293426513671875,-8.190399169921875,-5.759946823120117,-12.378796577453613
4,416982,-17.12595558166504,8.174884796142578,-9.625138282775879,-41.79328155517578
4,416983,-0.3589594066143036,0.6747086048126221,5.070333957672119,18.921756744384766
4,416986,28.898191452026367,-7.178983211517334,13.953289985656738,32.21208572387695
4,416987,-20.350177764892578,-19.61134147644043,-2.896632432937622,-25.144542694091797
4,416990,-14.57252025604248,36.296875,-12.390318870544434,-8.606550216674805
4,417029,11.493289947509766,-3.5462300777435303,-6.679752349853516,22.969993591308594
4,417029,-12.246546745300293,-44.719337463378906,10.772256851196289,-2.712082624435425
4,417029,-1.6968677043914795,18.92542266845703,2.4443655014038086,-1.0595158338546753
4,417029,9.898286819458008,5.136704444885254,-6.158619403839111,5.455845832824707
4,417029,4.645802021026611,6.1173858642578125,-0.1345617026090622,-20.715200424194336
4,417029,-7.401828765869141,10.343354225158691,-3.5146782398223877,4.298951625823975
4,417030,-6.925947666168213,-10.715814590454102,5.114035129547119,26.66178321838379
4,417030,0.8779572248458862,13.360430717468262,14.960162162780762,-11.011216163635254
4,417030,-12.4957857131958,2.5080912113189697,-1.9662703275680542,-15.407990455627441
4,417030,13.688291549682617,-9.661081314086914,-8.10273265838623,7.292171478271484
4,417030,18.966047286987305,-9.694611549377441,-9.20312213897705,4.210596561431885
4,417030,-20.12885093688965,6.520052433013916,10.671087265014648,0.5448122024536133
4,417031,12.184182167053223,14.702325820922852,20.99249267578125,-0.30856770277023315
4,417031,25.10944366455078,-15.195921897888184,-14.00576400756836,-5.2815680503845215
4,417031,-18.969064712524414,2.1148934364318848,-8.492566108703613,5.467514991760254
4,417031,-11.00538444519043,12.036205291748047,4.897709846496582,10.855595588684082
4,417031,-0.2955187261104584,-10.552002906799316,-2.683335542678833,9.328173637390137
4,417031,3.627516269683838,9.284067153930664,-5.152987003326416,-7.337089538574219
4,417032,16.41950225830078,10.122786521911621,-13.673615455627441,-16.805917739868164
4,417033,-20.976119995117188,-24.19870376586914,1.4922032356262207,-14.745423316955566
4,417033,-7.978038787841797,-1.0213578939437866,24.56687355041504,-16.422332763671875
4,417034,44.19111251831055,25.751535415649414,28.452783584594727,15.632264137268066
4,417036,-2.079599380493164,-1.0444567203521729,-2.958482503890991,8.965827941894531
4,417039,-43.496524810791016,-19.836223602294922,-31.516948699951172,12.567811965942383
4,417040,-10.547966003417969,3.2745327949523926,-4.985866546630859,29.90268325805664
4,417043,25.407018661499023,5.728654384613037,-5.055911540985107,-48.275394439697266
4,417044,6.375577449798584,-34.65681457519531,-3.6438381671905518,-36.12897872924805
4,417047,-16.479198455810547,4.009862899780273,18.687864303588867,41.725341796875
4,417048,-2.973909378051758,30.421480178833008,7.849847316741943,27.81146240234375
4,417051,0.6463573575019836,-8.591890335083008,-28.809354782104492,1.5786597728729248
4,417052,7.394033432006836,-6.420687198638916,-12.634734153747559,-0.6367425918579102
4,417053,10.113691329956055,5.158636569976807,48.458595275878906,-15.047027587890625
4,417056,-1.102459192276001,-2.5604605674743652,-18.53308868408203,-40.23280334472656
4,417057,-8.743643760681152,-7.596183776855469,-46.273197174072266,4.053432464599609
4,417060,1.5110949277877808,18.260709762573242,29.724103927612305,67.26751708984375
4,417061,15.238041877746582,21.1936092376709,18.090497970581055,7.563973903656006
4,417114,-11.135794639587402,-12.898903846740723,-3.2404136657714844,-46.47311782836914
4,417114,-11.468083381652832,-25.33355140686035,4.331358909606934,7.074286460876465
4,417115,15.875273704528809,-3.4759750366210938,-7.082479000091553,1.3294060230255127
4,417115,-8.451952934265137,21.917997360229492,-4.143820285797119,3.017559289932251
4,417115,-9.664290428161621,5.129669189453125,-0.33843541145324707,0.23024816811084747
4,417115,6.398003101348877,-21.993301391601562,-4.766543388366699,-27.060409545898438
4,417115,-7.5244293212890625,-5.143807888031006,12.399369239807129,7.243879795074463
4,417115,6.4330034255981445,12.783479690551758,5.638556957244873,5.292457580566406
4,417116,1.9280284643173218,-10.971065521240234,-8.646222114562988,-4.2285871505737305
4,417116,-11.531728744506836,-0.141070157289505,9.374154090881348,-2.1467161178588867
4,417116,29.719993591308594,22.317947387695312,11.314287185668945,-3.3084795475006104
4,417116,5.959051609039307,7.036747932434082,-6.532505035400391,1.5598112344741821
4,417116,-25.92141342163086,-5.178369522094727,-12.140403747558594,9.131636619567871
4,417117,14.46841812133789,-11.234702110290527,1.8998751640319824,16.117706298828125
4,417117,6.317461013793945,-0.016809526830911636,4.789009094238281,2.0053818225860596
4,417117,-15.963541030883789,2.67250394821167,9.454261779785156,-8.077546119689941
4,417117,8.679550170898438,-1.0773836374282837,-12.458871841430664,2.0389816761016846
4,417117,-1.2408853769302368,-3.4869587421417236,-28.61429214477539,-1.5558041334152222
4,417117,-17.445022583007812,7.234851837158203,12.210680961608887,-17.40101432800293
4,417117,17.398151397705078,10.720108985900879,-0.044277578592300415,-4.322239875793457
4,417118,11.30296802520752,-5.584506034851074,-7.7905192375183105,13.587090492248535
4,417118,-13.8985013961792,-9.126688003540039,23.189760208129883,6.165771484375
4,417118,-8.179481506347656,-14.384099006652832,-5.017031192779541,-13.890860557556152
4,417118,-2.5965688228607178,7.447957992553711,-19.36833953857422,8.228528022766113
4,417118,0.3437429666519165,3.4337148666381836,0.46301257610321045,26.53053092956543
4,417119,1.1066820621490479,-6.278131008148193,3.6494314670562744,-6.745189189910889
4,417120,-2.908130645751953,11.118905067443848,12.562056541442871,-8.309733390808105
4,417120,-7.255527973175049,-15.687113761901855,4.565321922302246,-5.5812225341796875
4,417120,6.591994762420654,-8.166731834411621,-5.288794040679932,-10.75419807434082
4,417122,11.445279121398926,21.73130989074707,14.652210235595703,0.39325347542762756
4,417124,-15.062398910522461,-6.844735622406006,16.510330200195312,1.8990542888641357
4,417126,-1.4163650274276733,-16.83942985534668,-3.7913711071014404,-7.440377235412598
4,417128,10.543566703796387,5.419585704803467,-8.941634178161621,1.2022063732147217
4,417130,-5.95339298248291,13.04635238647461,-7.089267730712891,-2.8195502758026123
4,417132,18.9001522064209,12.94067096710205,-3.3287343978881836,5.717651844024658
4,417134,6.913107395172119,7.639789581298828,2.3289363384246826,12.21759033203125
4,417136,-20.78609275817871,-1.627760410308838,1.7829854488372803,-5.545639991760254
4,417138,16.014236450195312,-7.7230706214904785,-10.105679512023926,11.91130542755127
4,417140,9.85157299041748,-14.57977294921875,-3.2669243812561035,2.144728422164917
4,417142,-23.678483963012695,-2.1261696815490723,-8.272961616516113,-7.407446384429932
4,417144,-10.718252182006836,22.100208282470703,-10.900960922241211,-8.137795448303223
4,417146,0.9209191203117371,-11.979527473449707,30.589738845825195,-23.891544342041016
4,417149,18.313783645629883,4.896949291229248,13.841604232788086,18.191295623779297
4,417212,10.206233024597168,14.4063720703125,-29.097341537475586,51.012176513671875
4,417212,-16.200424194335938,-36.91535568237305,-5.41931676864624,-20.022268295288086
4,417212,-6.604939937591553,13.559026718139648,12.970059394836426,-50.137882232666016
4,417212,-7.629546642303467,25.679964065551758,-3.8291733264923096,13.88883113861084
4,417212,-6.373653888702393,-22.594627380371094,5.092057704925537,24.972326278686523
4,417213,32.29289245605469,-11.732990264892578,7.317022323608398,-14.449874877929688
4,417213,7.542413711547852,12.426721572875977,-12.168502807617188,-2.577256917953491
4,417213,-34.289974212646484,-0.1585831195116043,-8.330740928649902,24.1424503326416
4,417213,1.3835824728012085,-7.389791488647461,2.9551937580108643,-12.126649856567383
4,417213,21.075695037841797,17.096385955810547,7.827017784118652,-29.541025161743164
4,417213,3.2317206859588623,-3.291835069656372,0.2607971131801605,6.715944766998291
4,417214,-7.310225963592529,-15.257256507873535,5.8149213790893555,12.232403755187988
4,417214,-10.178131103515625,18.49786376953125,18.620214462280273,-10.09510612487793
4,417214,-5.715479850769043,5.504317760467529,-3.5449092388153076,-8.948626518249512
4,417214,9.761103630065918,-11.995344161987305,-7.225203990936279,-2.798739194869995
4,417214,12.87244987487793,5.671197891235352,5.2170562744140625,-1.3038661479949951
4,417215,-1.4107601642608643,-1.9393768310546875,-2.3769402503967285,12.84784984588623
4,417215,-8.742661476135254,1.5453968048095703,-5.4686198234558105,15.011272430419922
4,417215,1.9420406818389893,5.824504852294922,-6.368355751037598,-4.316807746887207
4,417215,-4.78336238861084,-24.00775718688965,-8.43121337890625,6.996230602264404
4,417215,-12.504907608032227,6.034014701843262,-0.11403786391019821,11.521450996398926
4,417215,13.78050708770752,9.568997383117676,12.1796875,-14.324517250061035
4,417216,8.979050636291504,-31.633840560913086,5.50853967666626,15.582369804382324
4,417216,1.390321135520935,11.480953216552734,-13.822651863098145,1.7231404781341553
4,417216,1.3950552940368652,24.852170944213867,-16.707183837890625,-20.72190284729004
4,417216,-9.619991302490234,-23.94158172607422,-2.074488878250122,8.526029586791992
4,417216,-1.4025262594223022,-16.60576629638672,3.4239399433135986,-0.7014406323432922
4,417216,-10.192866325378418,22.003341674804688,2.2439286708831787,5.045653343200684
4,417217,0.9243841767311096,14.236459732055664,-2.592393398284912,-1.584591269493103
4,417217,10.988936424255371,-21.660247802734375,-9.511879920959473,-6.947507381439209
4,417217,-14.828740119934082,9.272241592407227,14.724608421325684,3.3855724334716797
4,417217,-0.09713815152645111,34.604339599609375,22.268388748168945,-6.728296756744385
4,417218,20.093135833740234,-9.705764770507812,12.930342674255371,17.409231185913086
4,417219,0.07788943499326706,-21.417936325073242,21.608671188354492,20.494834899902344
4,417219,1.3223297595977783,-10.587347984313965,-19.207717895507812,-25.74698257446289
4,417220,6.763571262359619,11.453997611999512,-41.32775115966797,-11.539645195007324
4,417221,-5.387542724609375,15.920848846435547,20.136682510375977,7.14900016784668
4,417224,-3.4719297885894775,-1.6126821041107178,31.249296188354492,-13.492107391357422
4,417225,-5.8351149559021,-12.50328254699707,-5.513629913330078,-8.257784843444824
4,417228,-1.7492411136627197,-10.464780807495117,-20.256221771240234,8.39320182800293
4,417229,0.2981727421283722,4.717499256134033,-17.56041145324707,10.18427848815918
4,417232,-9.21713924407959,2.6607983112335205,-1.6551302671432495,-7.011613845825195
4,417233,2.417491912841797,-2.264160394668579,-10.586515426635742,0.7833060622215271
4,417236,8.566316604614258,0.5741597414016724,16.355998992919922,-2.0739293098449707
4,417237,-3.2505404949188232,8.052355766296387,13.327534675598145,-18.54254913330078
4,417240,-4.117071628570557,-5.786360740661621,-40.30962371826172,-2.994138240814209
4,417241,1.9830511808395386,-13.266253471374512,-2.565528154373169,9.08558177947998
4,417244,-10.986942291259766,1.338660717010498,35.7222785949707,46.165828704833984
4,417245,10.0723295211792,9.663829803466797,7.9557342529296875,30.11557388305664
4,417248,32.1007194519043,3.5536179542541504,-6.6870222091674805,-60.998435974121094
4,417249,-3.425668239593506,24.646883010864258,21.507936477661133,-29.96131134033203
4,417326,-13.124509811401367,1.0914266109466553,0.5989131927490234,34.78783416748047
4,417326,-11.650120735168457,-46.93124771118164,-31.65278434753418,4.073389530181885
4,417326,-2.4711203575134277,9.720259666442871,16.727115631103516,-23.33836555480957
4,417326,8.131048202514648,18.364858627319336,9.594956398010254,8.039046287536621
4,417326,-2.4753308296203613,-2.7825777530670166,-6.1888227462768555,26.12312889099121
4,417327,7.407349109649658,3.0976128578186035,25.460214614868164,-5.871848106384277
4,417327,-1.8220202922821045,-6.120330333709717,-18.376766204833984,-12.581151008605957
4,417327,-5.694003582000732,2.8255672454833984,-30.13027000427246,-1.958314299583435
4,417327,0.4713827967643738,-3.6978042125701904,1.2880914211273193,0.020020831376314163
4,417327,-8.303235054016113,9.360713958740234,-0.6330679655075073,-7.10810661315918
4,417327,5.621690273284912,1.0634057521820068,12.577054023742676,-1.8113406896591187
4,417328,10.449361801147461,-29.874727249145508,-3.1196491718292236,8.449697494506836
4,417328,-10.315837860107422,11.85306167602539,-9.936680793762207,3.3759210109710693
4,417328,-13.258136749267578,33.067195892333984,8.053698539733887,17.210607528686523
4,417328,17.212133407592773,-13.491998672485352,1.6684682369232178,15.225198745727539
4,417328,8.825055122375488,-14.124073028564453,-4.518254280090332,-37.38100814819336
4,417328,-11.188997268676758,9.182001113891602,-12.8900146484375,-18.244060516357422
4,417329,4.2966156005859375,-11.70291805267334,2.3334503173828125,34.67601776123047
4,417329,-0.78846275806427,-1.5085941553115845,11.748096466064453,1.0703175067901611
4,417329,-5.569210529327393,14.30657958984375,-4.883232593536377,-20.189573287963867
4,417329,-2.061678171157837,-5.8130974769592285,-8.613070487976074,-6.338526725769043
4,417329,-13.204854011535645,-8.144761085510254,-4.262828826904297,8.094847679138184
4,417330,-3.5708491802215576,-10.756326675415039,3.3536627292633057,12.947291374206543
4,417330,4.8282790184021,4.563721656799316,15.933396339416504,-3.2403388023376465
4,417330,14.008214950561523,25.5031795501709,13.525774955749512,-10.211181640625
4,417330,4.294670104980469,-5.131223201751709,-11.010675430297852,-0.2312702089548111
4,417330,-11.215374946594238,-9.446280479431152,-2.6890625953674316,4.809953212738037
4,417330,15.381303787231445,24.520105361938477,7.41194486618042,-2.6739561557769775
4,417331,-2.964252233505249,-13.772974014282227,-0.367806077003479,2.4471113681793213
4,417331,-20.8665714263916,-28.187326431274414,-4.8047966957092285,14.858884811401367
4,417331,18.294109344482422,15.214117050170898,-7.852499961853027,-16.87816619873047
4,417331,17.37586784362793,2.690551996231079,4.247612476348877,-10.752944946289062
4,417331,-12.359305381774902,-9.88564395904541,2.306689500808716,19.67523765563965
4,417331,-8.3009614944458,0.7935998439788818,3.93354868888855,-7.510887145996094
4,417332,-1.3434748649597168,19.157365798950195,8.447733879089355,-7.085526466369629
4,417332,11.20116901397705,6.542282581329346,-2.7184627056121826,3.27136492729187
4,417332,4.697772979736328,-16.703388214111328,-0.10380829125642776,3.3829967975616455
4,417332,-24.583179473876953,10.526830673217773,4.083080768585205,-1.2151007652282715
4,417333,-3.121150255203247,-2.793368339538574,5.917126178741455,5.7275800704956055
4,417334,15.80936336517334,-6.551874160766602,2.752455234527588,13.127518653869629
4,417334,-11.16853141784668,0.29179784655570984,-21.11248016357422,-14.23566722869873
4,417334,11.91787052154541,-9.94983959197998,-13.227727890014648,4.23121452331543
4,417337,14.792885780334473,13.937118530273438,0.8087631464004517,23.097097396850586
4,417338,-31.430652618408203,-4.104971885681152,-29.44782829284668,-1.937417984008789
4,417339,9.527606964111328,5.107387542724609,10.238834381103516,5.3898091316223145
4,417342,15.310419082641602,11.324711799621582,54.70103073120117,-23.32586097717285
4,417343,-14.415166854858398,-35.401126861572266,-6.547707557678223,-52.91164779663086
4,417346,13.705972671508789,-18.451005935668945,-22.020360946655273,6.638649940490723
4,417347,-8.604122161865234,21.536439895629883,10.943182945251465,61.110530853271484
4,417350,-4.370290279388428,31.87608528137207,-5.657530784606934,8.805313110351562
4,417351,17.161903381347656,5.939594745635986,-8.875021934509277,-58.4077033996582
4,417354,-11.336469650268555,-24.087833404541016,11.956894874572754,14.881308555603027
4,417355,-5.256481647491455,-16.725412368774414,0.07374231517314911,25.249462127685547
4,417358,8.390983581542969,14.846660614013672,-17.545324325561523,-13.433427810668945
4,417359,-0.6338075995445251,26.037809371948242,-7.544918537139893,3.4916012287139893
4,417362,0.9525652527809143,-7.728488922119141,30.807682037353516,-28.327415466308594
4,417364,-8.294645309448242,-21.97901725769043,19.524934768676758,-3.8328652381896973
4,417366,-15.428199768066406,2.231285810470581,-22.18168830871582,38.632362365722656
4,417368,1.6077971458435059,12.032145500183105,-23.158369064331055,14.763285636901855
4,417456,26.67365074157715,-4.387263774871826,-2.8125007152557373,-9.095525741577148
4,417456,40.11506652832031,-4.654059410095215,31.225866317749023,-12.128957748413086
4,417456,-15.636155128479004,-5.110189914703369,8.43761157989502,-20.18345832824707
4,417456,-38.827796936035156,-6.246763229370117,-16.456554412841797,1.2766380310058594
4,417457,5.3975019454956055,-2.637120485305786,-0.9359647035598755,28.018142700195312
4,417457,4.237314224243164,28.294513702392578,8.016755104064941,9.208269119262695
4,417457,-6.166651248931885,14.78410816192627,-6.352281093597412,-16.001087188720703
4,417457,-0.5670138001441956,-35.208030700683594,-19.780458450317383,-11.681056022644043
4,417457,-12.316089630126953,0.24314679205417633,-3.1343607902526855,12.31909465789795
4,417457,2.366525888442993,22.08993148803711,15.867880821228027,14.417404174804688
4,417458,16.294662475585938,6.891102313995361,12.928443908691406,-13.70359992980957
4,417458,-4.394151210784912,-9.033356666564941,-12.479634284973145,-30.9976806640625
4,417458,-11.605350494384766,-3.933483362197876,-4.736442565917969,5.237395763397217
4,417458,-9.060934066772461,1.6281882524490356,4.70107889175415,29.179506301879883
4,417458,-3.3128771781921387,-10.383663177490234,-0.05361844226717949,-8.163246154785156
4,417458,16.175825119018555,1.7845041751861572,14.531686782836914,-9.378767013549805
4,417459,16.07393455505371,3.123563051223755,3.286670684814453,5.544110298156738
4,417459,0.1327226161956787,-10.157273292541504,-29.91606903076172,-3.724466562271118
4,417459,-3.2480416297912598,-12.027249336242676,-18.629255294799805,8.930015563964844
4,417459,-17.015905380249023,-1.4531757831573486,16.417802810668945,-0.0733780711889267
4,417459,0.29064667224884033,16.104049682617188,22.1557674407959,-11.142708778381348
4,417459,20.4620418548584,12.563104629516602,0.5602179765701294,-2.859830856323242
4,417460,-4.345887660980225,-2.3168349266052246,-12.917902946472168,-1.754368782043457
4,417460,-8.661190032958984,-8.489202499389648,4.313205718994141,1.7540827989578247
4,417460,-0.5233902335166931,-11.39073657989502,3.5026228427886963,12.687090873718262
4,417460,0.0742972195148468,1.8060836791992188,-8.003562927246094,-1.493910312652588
4,417460,13.388214111328125,16.20572280883789,12.484366416931152,-12.127103805541992
4,417460,1.7119094133377075,7.06531286239624,0.8913547396659851,10.99128246307373
4,417461,-19.948745727539062,-20.150611877441406,-13.925920486450195,18.999923706054688
4,417461,7.187521934509277,2.6364455223083496,11.141181945800781,-4.034747123718262
4,417461,17.063289642333984,13.33803939819336,-4.093313694000244,-25.331096649169922
4,417461,-14.282992362976074,-33.848724365234375,4.077463626861572,-0.8793274164199829
4,417461,-11.135180473327637,4.7644362449646,18.144372940063477,-0.7550787329673767
4,417462,4.094686985015869,29.724313735961914,-18.508817672729492,-9.007668495178223
4,417462,2.883988857269287,-8.161884307861328,-15.483688354492188,11.106459617614746
4,417462,-11.112809181213379,-0.09043565392494202,13.576969146728516,9.92956829071045
4,417462,-0.8611187934875488,1.2419809103012085,7.7720513343811035,-1.7377139329910278
4,417462,25.88629913330078,-12.859116554260254,-16.928808212280273,0.253296434879303
4,417462,-2.9420928955078125,-2.1024088859558105,2.7086873054504395,0.13345542550086975
4,417463,-14.684769630432129,17.3186092376709,25.896629333496094,9.831327438354492
4,417463,12.449618339538574,6.80975866317749,7.066162586212158,27.96713638305664
4,417463,-2.0619919300079346,-5.84983491897583,-6.970695972442627,-10.223101615905762
4,417463,-2.9544286727905273,14.64686393737793,-7.839372158050537,-29.25737953186035
4,417463,5.9596123695373535,-3.566838264465332,-5.099603176116943,2.9841134548187256
4,417464,-21.95197296142578,-44.5225715637207,2.1209988594055176,10.16899299621582
4,417465,11.55485725402832,2.309515953063965,-5.481156349182129,-4.897675514221191
4,417465,24.712583541870117,47.41424560546875,-4.913121700286865,2.925816297531128
4,417465,-17.761127471923828,10.177650451660156,3.2052738666534424,1.3312749862670898
4,417466,-14.957133293151855,-32.004451751708984,-2.104036569595337,-6.311954021453857
4,417468,5.739760398864746,-6.844042778015137,-7.099447727203369,-10.324679374694824
4,417470,-0.1039542704820633,1.0864195823669434,-30.039058685302734,-7.8690571784973145
4,417472,19.159866333007812,7.5557475090026855,19.189252853393555,22.45319366455078
4,417474,22.232954025268555,33.61900329589844,35.18522262573242,-1.9051480293273926
4,417476,-43.50764465332031,-17.004776000976562,-25.25704002380371,-20.541038513183594
4,417478,-5.531824588775635,-18.92600440979004,0.022168612107634544,2.865607500076294
4,417480,30.21550178527832,3.2198052406311035,-1.011982798576355,19.15638542175293
4,417482,-5.085821151733398,-16.064918518066406,5.632347106933594,26.04778289794922
4,417484,-11.608930587768555,5.023734092712402,31.869287490844727,3.004221200942993
4,417486,-8.317853927612305,19.266826629638672,-1.5162149667739868,-52.34254455566406
4,417488,9.092537879943848,-8.72772216796875,-25.68067741394043,-36.12533950805664
4,417490,3.2485432624816895,-6.0906572341918945,-14.629961967468262,64.1056900024414
4,417492,-12.275236129760742,-3.8794150352478027,8.840349197387695,56.05535125732422
4,417494,8.333440780639648,7.2035112380981445,6.691930770874023,-54.42218780517578
4,417496,4.876950740814209,20.133079528808594,-1.1649233102798462,-52.52997970581055
4,417498,-21.599658966064453,-7.282702922821045,-10.19609260559082,48.09553527832031
4,417500,2.4736721515655518,-10.646787643432617,-20.47615623474121,9.613259315490723
4,417600,19.419212341308594,5.4415435791015625,4.758284091949463,-29.095632553100586
4,417600,6.406968116760254,11.312379837036133,29.633817672729492,26.982873916625977
4,417600,2.8274850845336914,1.287450909614563,-0.10416274517774582,-8.339889526367188
4,417600,-3.677434206008911,-5.370654106140137,-19.770977020263672,-27.584531784057617
4,417600,-15.79593563079834,-6.532402038574219,5.883354187011719,14.242183685302734
4,417600,-2.604977607727051,-17.88140296936035,4.761218547821045,15.72977066040039
4,417601,3.7290992736816406,-4.403674602508545,-1.796687126159668,-12.920220375061035
4,417601,8.204776763916016,14.157170295715332,10.077312469482422,-9.438884735107422
4,417601,11.73694896697998,-5.691612243652344,8.360544204711914,16.933536529541016
4,417601,-4.282822132110596,-2.7475247383117676,8.213863372802734,-10.093610763549805
4,417601,-11.430283546447754,6.692763328552246,-2.7353715896606445,-10.162075996398926
4,417601,-9.726576805114746,-13.022862434387207,-15.963408470153809,8.19653606414795
4,417602,8.828367233276367,1.0868773460388184,-6.366028785705566,-9.062031745910645
4,417602,0.07114947587251663,17.031734466552734,10.57227897644043,0.5972999930381775
4,417602,-1.1629425287246704,3.886105537414551,3.6819756031036377,-6.737916469573975
4,417602,17.88697624206543,2.6418237686157227,-12.796826362609863,7.661323547363281
4,417602,-20.15411376953125,-5.671393394470215,-2.701117753982544,29.427539825439453
4,417603,-7.03919792175293,3.673112392425537,17.840755462646484,-21.91922950744629
4,417603,32.42057418823242,4.8846821784973145,9.214219093322754,-14.391230583190918
4,417603,-4.889602184295654,-11.627291679382324,-8.729826927185059,24.268604278564453
4,417603,-24.943384170532227,-5.418066024780273,-5.879812717437744,-3.372642993927002
4,417603,-10.243938446044922,6.509020805358887,-11.696196556091309,-12.567453384399414
4,417603,5.956060409545898,-9.598681449890137,-6.825493335723877,-1.7836265563964844
4,417604,8.313578605651855,-21.40951919555664,5.346904277801514,-1.031929850578308
4,417604,0.4075329303741455,18.236291885375977,14.129704475402832,5.834620952606201
4,417604,-1.8828190565109253,24.1461181640625,11.47480583190918,13.095133781433105
4,417604,2.971238851547241,2.0422985553741455,-10.652321815490723,-7.720969200134277
4,417604,-1.2040042877197266,-30.77708625793457,-14.433382034301758,-6.415643692016602
4,417604,-12.240554809570312,-11.052770614624023,6.754064083099365,13.658971786499023
4,417605,6.607454776763916,28.071956634521484,8.834244728088379,-8.268095970153809
4,417605,29.185213088989258,4.795714378356934,-18.52198028564453,0.3177921175956726
4,417605,-1.2191756963729858,10.082963943481445,7.145920276641846,11.286231994628906
4,417605,-25.891000747680664,-7.507297992706299,23.151697158813477,0.4116989076137543
4,417605,8.57654857635498,-3.1389377117156982,-15.398098945617676,11.817282676696777
4,417605,15.56903076171875,16.68636703491211,-13.76266860961914,4.324329853057861
4,417606,-20.656402587890625,-31.07960319519043,4.452080249786377,-19.21522331237793
4,417606,-8.359954833984375,-24.114397048950195,-5.005294322967529,-4.041792869567871
4,417606,17.707311630249023,20.937030792236328,-1.577893853187561,26.02922248840332
4,417606,-1.7361836433410645,29.771883010864258,7.41145658493042,-2.79001784324646
4,417606,-9.953520774841309,-15.838768005371094,-13.69157886505127,-9.145291328430176
4,417606,-5.600705146789551,-27.738462448120117,-3.8460676670074463,18.448789596557617
4,417607,0.33655399084091187,29.12765121459961,20.713712692260742,-18.338768005371094
4,417607,7.002196788787842,10.537243843078613,2.3160784244537354,-15.096373558044434
4,417607,-5.289144992828369,-33.76763153076172,-11.29596996307373,14.397483825683594
4,417607,-11.001776695251465,0.5165738463401794,5.761579513549805,-5.0273356437683105
4,417607,21.077707290649414,48.522369384765625,13.21181869506836,7.387693405151367
4,417607,11.625104904174805,3.2891151905059814,-13.297860145568848,0.407053679227829
4,417608,-22.72711944580078,-30.348844528198242,-9.153695106506348,-18.69382667541504
4,417608,5.988589286804199,6.698404788970947,11.192673683166504,13.664972305297852
4,417608,18.47670555114746,19.288949966430664,4.148569107055664,0.8462292551994324
4,417609,-13.054946899414062,-18.053903579711914,-6.913531303405762,6.586862564086914
4,417609,-18.341510772705078,-26.39850425720215,-8.990821838378906,31.698001861572266
4,417610,11.166373252868652,39.43428421020508,5.009826183319092,-30.295005798339844
4,417610,20.184009552001953,3.7978596687316895,-6.76728630065918,-22.372594833374023
4,417610,9.506282806396484,-39.49705505371094,-2.6217925548553467,18.514732360839844
4,417611,10.704692840576172,2.5076823234558105,19.1862850189209,-13.133832931518555
4,417614,4.482665538787842,1.1273351907730103,0.0652453675866127,-33.75947189331055
4,417615,-21.9356632232666,12.510719299316406,8.744889259338379,-29.137731552124023
4,417618,-19.579912185668945,6.201253890991211,-10.019675254821777,27.446197509765625
4,417619,-17.542268753051758,-29.464834213256836,-29.604921340942383,27.20711898803711
4,417622,0.4979303181171417,-6.2294816970825195,36.755794525146484,-41.42375946044922
4,417623,40.02218246459961,34.025638580322266,25.62114906311035,8.048418045043945
4,417626,13.667167663574219,6.360968589782715,-9.138958930969238,39.22792053222656
4,417627,-22.069774627685547,-8.5443115234375,3.919832468032837,-8.381392478942871
4,417630,-16.61890983581543,13.410087585449219,-36.248538970947266,-8.65257740020752
4,417631,-12.491315841674805,-29.98532485961914,-14.946311950683594,-1.2850412130355835
4,417634,-13.441266059875488,-14.034581184387207,23.99993324279785,26.50758934020996
4,417635,7.873700141906738,20.715158462524414,-14.890125274658203,34.147953033447266
4,417638,36.235931396484375,24.98687171936035,24.734058380126953,-6.047970294952393
4,417640,3.9514710903167725,10.592524528503418,3.7267816066741943,-5.403715133666992
4,417642,-20.91668701171875,-47.86354064941406,-37.98055648803711,-19.702848434448242
4,417644,17.569360733032227,-5.562475681304932,30.51685333251953,-33.70029067993164
4,417646,-17.209123611450195,14.28299331665039,19.881778717041016,2.9518938064575195
4,417648,-28.188005447387695,-4.121016502380371,-32.82448196411133,8.130823135375977
4,417758,34.00941467285156,27.957054138183594,-24.988483428955078,45.14057922363281
4,417758,14.327880859375,21.36310386657715,37.730567932128906,31.8395938873291
4,417758,-7.920182228088379,-18.324609756469727,18.705835342407227,-46.95586395263672
4,417758,15.235748291015625,-34.52313232421875,-32.576045989990234,-8.806621551513672
4,417758,-12.314045906066895,-0.5034850835800171,0.5603898763656616,6.730291366577148
4,417759,-8.918336868286133,28.701967239379883,13.60280990600586,-14.90670108795166
4,417759,21.296476364135742,10.607954025268555,-3.1629600524902344,2.994081735610962
4,417759,-13.705591201782227,-13.260064125061035,-8.891283988952637,-13.883962631225586
4,417759,-18.42108154296875,-14.331161499023438,-12.690643310546875,-4.486325740814209
4,417759,9.632976531982422,8.915514945983887,-2.3298213481903076,-3.543090581893921
4,417759,0.9231554269790649,-2.3889453411102295,13.071878433227539,-7.118414878845215
4,417760,-10.683589935302734,-24.69495391845703,17.057981491088867,19.872516632080078
4,417760,-5.314664363861084,17.7177791595459,-0.874637246131897,-29.46399688720703
4,417760,9.64193344116211,7.824574947357178,-39.05244445800781,-16.868967056274414
4,417760,-3.7665321826934814,-28.36634063720703,-12.589326858520508,37.67567825317383
4,417760,-15.222108840942383,13.378177642822266,22.814273834228516,1.778367519378662
4,417760,18.772977828979492,27.968854904174805,-2.492257833480835,-0.4593425691127777
4,417761,0.07489931583404541,-19.946508407592773,-2.288914203643799,9.257566452026367
4,417761,-13.482552528381348,-8.899269104003906,12.866267204284668,15.938719749450684
4,417761,16.48832893371582,26.64855194091797,15.220784187316895,13.393624305725098
4,417761,3.487246036529541,-5.851317405700684,13.846900939941406,-0.8370776772499084
4,417761,-2.924669027328491,-7.400540351867676,14.143881797790527,5.990700721740723
4,417761,13.334540367126465,6.919414520263672,5.157464981079102,-25.220609664916992
4,417762,0.4547790586948395,-14.019838333129883,-9.771819114685059,-16.180681228637695
4,417762,-17.311920166015625,7.486429691314697,-6.885255813598633,15.858065605163574
4,417762,-2.5158615112304688,16.54583168029785,-6.273784160614014,8.895949363708496
4,417762,9.488761901855469,-12.914138793945312,-1.0614639520645142,-0.8659069538116455
4,417762,0.6580029129981995,-8.202327728271484,2.0747768878936768,-12.931159019470215
4,417763,-6.630707740783691,-0.743941605091095,-4.649717330932617,5.018895626068115
4,417763,8.875531196594238,3.6404340267181396,-14.022920608520508,-5.306524276733398
4,417763,14.51665210723877,8.387348175048828,-10.523491859436035,-33.45425033569336
4,417763,-18.510787963867188,-15.98151683807373,12.088937759399414,10.284138679504395
4,417763,-9.930586814880371,2.920758008956909,-2.9011614322662354,26.046472549438477
4,417763,24.71573257446289,26.255352020263672,-3.630483865737915,-15.740456581115723
4,417764,13.016261100769043,-23.699316024780273,19.296571731567383,-0.25718849897384644
4,417764,-5.017469882965088,-17.802284240722656,-2.7787129878997803,10.767560005187988
4,417764,-12.90929889678955,23.71532440185547,-10.151939392089844,6.077611446380615
4,417764,2.8763294219970703,-0.5450857877731323,-1.1688563823699951,5.496654510498047
4,417764,16.35386848449707,0.510200023651123,7.151034832000732,-9.88914680480957
4,417764,-29.076875686645508,-3.5287609100341797,7.951501846313477,10.977490425109863
4,417765,-15.047317504882812,-9.149569511413574,-17.678743362426758,-3.375012159347534
4,417765,24.77035140991211,12.256221771240234,-6.23789644241333,-12.116756439208984
4,417765,-16.33922576904297,3.5782017707824707,22.74872589111328,16.100265502929688
4,417765,-10.263446807861328,-7.1120476722717285,6.948486804962158,-8.630621910095215
4,417765,14.486204147338867,-8.554421424865723,-11.574585914611816,-1.5735716819763184
4,417765,-1.9162843227386475,8.870457649230957,-1.6137584447860718,14.242984771728516
4,417766,-13.68474006652832,2.538912773132324,11.134666442871094,-12.347115516662598
4,417766,3.3650050163269043,-5.4700026512146,-4.188302993774414,-5.666092872619629
4,417766,21.172510147094727,10.132442474365234,-13.095122337341309,-10.288350105285645
4,417766,-22.3135986328125,10.174304962158203,-9.87918758392334,-0.33551254868507385
4,417766,-21.875986099243164,-1.6746000051498413,-6.5337042808532715,10.52496337890625
4,417766,39.464317321777344,-19.963558197021484,10.621162414550781,5.532535076141357
4,417767,6.875291347503662,1.2090240716934204,4.169483184814453,9.540913581848145
4,417767,-20.07115364074707,17.561153411865234,-10.219106674194336,-18.940462112426758
4,417767,6.582022190093994,-14.051493644714355,-17.519441604614258,4.114096164703369
4,417768,-56.44772720336914,-19.698884963989258,-5.741407871246338,10.951104164123535
4,417768,-35.342552185058594,2.116539239883423,18.09060287475586,-16.339696884155273
4,417769,50.951499938964844,0.07965705543756485,3.33606219291687,-0.6717150211334229
4,417769,32.57056427001953,-5.312448024749756,-12.485837936401367,-2.902127981185913
4,417769,-2.995979070663452,1.0882922410964966,9.291254997253418,13.079278945922852
4,417770,14.95577621459961,0.5569266080856323,19.642696380615234,8.35019588470459
4,417772,45.10564422607422,25.797061920166016,3.866677761077881,-15.931194305419922
4,417774,-9.33458423614502,20.3437442779541,-7.04328727722168,2.2105627059936523
4,417776,-13.577549934387207,-17.55484962463379,0.7446433901786804,0.7775457501411438
4,417778,15.679474830627441,6.449947357177734,18.14834213256836,9.710269927978516
4,417780,-1.258379578590393,21.911888122558594,2.690638542175293,6.079756259918213
4,417782,15.147263526916504,-18.418439865112305,-13.407084465026855,-11.342836380004883
4,417784,-7.546016693115234,-23.489521026611328,-13.196473121643066,-7.190709114074707
4,417786,-44.293373107910156,11.396719932556152,23.91343879699707,3.7419233322143555
4,417788,-13.87806510925293,13.911480903625488,34.34727096557617,54.26020431518555
4,417790,10.381232261657715,-24.63542938232422,-49.62821960449219,-34.19165802001953
4,417792,-12.388227462768555,-6.7198333740234375,-26.99555206298828,-75.31798553466797
4,417794,2.5302977561950684,18.307241439819336,21.51943588256836,44.65492248535156
4,417796,15.728692054748535,-17.1011962890625,-3.378068685531616,11.413440704345703
4,417799,-4.214686393737793,14.103507995605469,-8.467971801757812,1.4724977016448975
4,417800,-10.017630577087402,14.09194278717041,-2.807455539703369,13.84658432006836
4,417803,-6.435894966125488,-34.15270233154297,23.200050354003906,-46.606849670410156
4,417804,27.15659523010254,7.076054573059082,12.260997772216797,0.6288118362426758
4,417807,24.145252227783203,24.991958618164062,-5.763113498687744,61.838356018066406
4,417808,-24.761146545410156,-12.74649715423584,-22.450481414794922,-6.598690509796143
4,417929,-13.731583595275879,16.190654754638672,-11.177294731140137,-50.687660217285156
4,417930,6.720905303955078,14.166648864746094,28.40030860900879,25.008460998535156
4,417930,-13.522510528564453,-36.59016799926758,14.493200302124023,22.60247802734375
4,417930,-8.384445190429688,-6.473014831542969,-14.148741722106934,-8.15060806274414
4,417930,16.869529724121094,22.2470703125,-10.472217559814453,3.836519241333008
4,417930,16.77278709411621,-7.138627052307129,3.083674907684326,-6.209446907043457
4,417930,-3.7150118350982666,-5.142962455749512,-15.990402221679688,1.8328170776367188
4,417931,-5.494198799133301,17.434188842773438,-5.253244400024414,-4.705753803253174
4,417931,-6.9538373947143555,-13.391195297241211,26.036304473876953,-24.321529388427734
4,417931,-4.1507673263549805,-11.633734703063965,-3.7651665210723877,-4.538232326507568
4,417931,3.7886574268341064,8.123043060302734,-18.55413818359375,30.174203872680664
4,417931,-8.559144020080566,-8.47281265258789,21.851533889770508,6.120447635650635
4,417932,6.349191188812256,5.492135524749756,8.806528091430664,-21.14990997314453
4,417932,7.242292404174805,-13.937975883483887,-12.368511199951172,10.53630542755127
4,417932,-24.832618713378906,-11.613718032836914,17.81508445739746,-4.171474933624268
4,417932,11.385470390319824,34.995155334472656,-0.3413211703300476,-23.93145751953125
4,417932,28.190717697143555,3.366715669631958,-18.857019424438477,19.1291446685791
4,417932,-20.70394515991211,-7.724208354949951,11.985770225524902,19.496286392211914
4,417933,-1.7408015727996826,3.3147659301757812,-2.8728299140930176,-16.30342674255371
4,417933,13.671334266662598,-11.639347076416016,-25.89299201965332,-23.047319412231445
4,417933,-16.223033905029297,-9.319751739501953,2.249534845352173,11.927102088928223
4,417933,-3.0514862537384033,4.803915977478027,17.347000122070312,28.174766540527344
4,417933,9.456890106201172,23.75170135498047,-1.6593445539474487,-10.401505470275879
4,417933,5.143921852111816,-1.2569221258163452,-5.345937252044678,-28.973392486572266
4,417934,2.9008491039276123,-9.547670364379883,10.82181453704834,10.87926959991455
4,417934,-1.9670318365097046,9.19987678527832,-3.9641764163970947,25.929845809936523
4,417934,3.0008957386016846,-12.253252029418945,-5.764139652252197,-2.730391502380371
4,417934,10.303723335266113,4.514052867889404,17.02580451965332,-1.541042685508728
4,417934,-1.7879866361618042,20.735015869140625,-13.586820602416992,1.3974134922027588
4,417934,-20.38671875,-34.9781379699707,-22.77354621887207,-1.1054718494415283
4,417935,-7.417812347412109,-18.29378890991211,17.232816696166992,-1.3138219118118286
4,417935,-3.1671066284179688,27.707786560058594,6.091784954071045,-9.542445182800293
4,417935,7.406991958618164,0.4890233278274536,-15.54706859588623,-0.7177304029464722
4,417935,9.424522399902344,-6.208578586578369,-3.9620611667633057,12.420979499816895
4,417935,-9.625365257263184,-2.6118216514587402,14.166263580322266,-6.5662617683410645
4,417935,5.614555358886719,-1.558949589729309,8.551010131835938,-9.11707878112793
4,417936,14.008915901184082,6.887931823730469,-11.943045616149902,7.91664981842041
4,417936,6.783357620239258,3.950523614883423,2.2084712982177734,-5.353663921356201
4,417936,-7.835221767425537,11.788742065429688,14.537692070007324,-13.70960807800293
4,417936,-10.585387229919434,11.689172744750977,5.004615306854248,19.5828800201416
4,417936,13.267054557800293,-6.251394748687744,-1.3417924642562866,20.22871971130371
4,417937,12.860273361206055,-15.4110107421875,2.3323588371276855,-25.986055374145508
4,417937,1.6110076904296875,-15.35916805267334,5.009751796722412,-1.6168056726455688
4,417937,-12.378240585327148,6.931762218475342,-13.157024383544922,13.645439147949219
4,417937,-18.391159057617188,14.2016019821167,-4.720528602600098,15.2301607131958
4,417937,-0.04783456400036812,-1.0592148303985596,9.40904426574707,7.292138576507568
4,417937,12.140142440795898,14.015846252441406,1.0746632814407349,-33.444541931152344
4,417938,12.556914329528809,-0.9268736243247986,6.124250888824463,5.055856704711914
4,417938,-16.455087661743164,-19.95838165283203,-3.6896512508392334,1.3292667865753174
4,417938,-3.186140298843384,4.4745283126831055,-11.650156021118164,-18.225812911987305
4,417938,12.948214530944824,-3.448807954788208,5.370948791503906,18.015945434570312
4,417938,-25.851198196411133,-6.432412624359131,13.402612686157227,-13.821380615234375
4,417938,-4.8459343910217285,1.1747536659240723,-14.926321029663086,-10.385417938232422
4,417939,2.8813865184783936,-10.120560646057129,-20.254846572875977,28.09381866455078
4,417939,-9.276538848876953,12.365130424499512,8.495950698852539,-10.850302696228027
4,417939,10.713756561279297,17.018659591674805,-2.2517881393432617,-16.852256774902344
4,417939,-0.5570918917655945,-8.098664283752441,-0.5581396222114563,10.477987289428711
4,417939,6.859432697296143,-8.487716674804688,5.100147247314453,12.94724178314209
4,417939,7.260427951812744,-8.20504093170166,-13.2313871383667,3.70160174369812
4,417940,-12.812264442443848,-4.31195068359375,-0.9646137952804565,2.439509391784668
4,417940,-6.079015254974365,7.6104631423950195,9.716904640197754,-3.6464216709136963
4,417941,-2.738215208053589,-3.1526975631713867,24.738483428955078,-28.734397888183594
4,417941,-5.350223541259766,-10.60003662109375,29.173900604248047,-3.0113046169281006
4,417941,10.186903953552246,16.957645416259766,-6.412827491760254,29.715789794921875
4,417941,33.204833984375,15.418965339660645,-7.980427265167236,2.8306984901428223
4,417942,6.918996810913086,-19.20225715637207,12.818951606750488,-11.14968204498291
4,417943,-37.551090240478516,-1.417676329612732,36.93414306640625,6.371770858764648
4,417944,-16.750619888305664,4.551824569702148,-30.366943359375,-22.74092674255371
4,417946,25.07619285583496,0.6651787161827087,-108.67957305908203,5.981686115264893
4,417948,36.233882904052734,23.08303451538086,-37.462669372558594,38.945228576660156
4,417950,6.878106117248535,15.23631477355957,13.63077163696289,-12.808121681213379
4,417952,-29.076675415039062,-7.658885955810547,17.082006454467773,0.5035735964775085
4,417954,-5.766297340393066,-7.645192623138428,22.91309356689453,-2.9541122913360596
4,417956,4.367506980895996,-4.694929599761963,9.732820510864258,-16.23537826538086
4,417958,13.811135292053223,-11.30884838104248,-0.9258923530578613,22.937183380126953
4,417960,-11.45654010772705,-3.039433240890503,-10.831833839416504,0.2591899633407593
4,417962,-33.60835266113281,-20.732362747192383,15.850509643554688,-55.27572250366211
4,417964,24.214324951171875,-2.8769545555114746,67.9339828491211,7.835066318511963
4,417966,-40.30156707763672,4.853593826293945,11.225969314575195,44.99563217163086
4,417968,8.776200294494629,17.5598087310791,-20.3337459564209,-7.018020153045654
4,417970,68.41334533691406,26.181747436523438,25.464834213256836,-9.938411712646484
4,417972,-42.17483139038086,-32.84027862548828,-12.192346572875977,-24.300703048706055
4,417974,4.8407301902771,-0.2103106677532196,-22.717201232910156,-2.493680953979492
4,417976,12.39747428894043,15.052486419677734,-23.880090713500977,53.78667068481445
4,417978,-22.585521697998047,-11.279574394226074,-24.187519073486328,83.49151611328125
4,417980,13.858031272888184,5.117390155792236,7.496063709259033,-37.28411102294922
4,417982,7.995369911193848,8.480694770812988,6.08301305770874,-120.43112182617188
4,418114,11.06794548034668,21.784509658813477,11.697826385498047,30.541534423828125
4,418114,-2.916595220565796,-6.2076592445373535,-1.4257762432098389,37.24491500854492
4,418114,-21.44931983947754,-40.522212982177734,-15.36263370513916,-27.605520248413086
4,418114,-4.46537971496582,2.800673484802246,9.366778373718262,18.816617965698242
4,418115,2.7845096588134766,20.701637268066406,17.928592681884766,-2.0540823936462402
4,418115,10.239401817321777,0.7283238172531128,-6.28336763381958,-23.632591247558594
4,418115,7.235467910766602,-1.0753391981124878,-17.293567657470703,-3.137497663497925
4,418115,-21.343975067138672,-2.6516036987304688,1.652336597442627,15.602981567382812
4,418115,-14.613839149475098,-7.631797790527344,10.075265884399414,10.16706657409668
4,418115,13.937896728515625,-6.284724235534668,-0.9074521064758301,-19.445871353149414
4,418116,-3.30008864402771,-8.932111740112305,3.9774277210235596,16.027299880981445
4,418116,-16.89592933654785,-2.4386682510375977,-0.9502100348472595,23.012094497680664
4,418116,10.939346313476562,3.724546194076538,-6.119396209716797,-19.64632797241211
4,418116,3.939483165740967,1.1319926977157593,7.539008617401123,15.17412281036377
4,418116,-15.931403160095215,10.154187202453613,8.114045143127441,14.172442436218262
4,418117,-1.8402312994003296,10.260899543762207,2.3139843940734863,-35.41997146606445
4,418117,12.826716423034668,-0.10378091782331467,-17.659692764282227,-15.064337730407715
4,418117,22.168004989624023,-16.38908576965332,-8.97419548034668,-4.1791205406188965
4,418117,0.3022010624408722,4.305612564086914,20.26611328125,1.6072279214859009
4,418117,-20.16145133972168,7.514942169189453,-4.3321356773376465,13.739029884338379
4,418117,4.299276828765869,-19.723146438598633,-20.5195369720459,-6.803410053253174
4,418118,6.835946083068848,14.525542259216309,18.472293853759766,4.304836273193359
4,418118,4.833855152130127,28.749778747558594,5.873417377471924,7.172668933868408
4,418118,12.527887344360352,-10.81169605255127,-8.520272254943848,4.5678510665893555
4,418118,-10.091938018798828,-24.950347900390625,14.075846672058105,12.13674259185791
4,418118,-2.6418824195861816,13.137088775634766,-1.2119144201278687,-23.92745590209961
4,418118,6.655829429626465,24.024044036865234,5.833675384521484,-14.345574378967285
4,418119,6.623785018920898,-14.543885231018066,-1.2782127857208252,18.662168502807617
4,418119,7.513291835784912,3.419955015182495,-16.957927703857422,8.888400077819824
4,418119,-12.384449005126953,19.91975975036621,1.39616060256958,7.415565490722656
4,418119,10.174792289733887,-12.506617546081543,7.4283342361450195,-6.8877129554748535
4,418119,16.869712829589844,-26.155366897583008,0.7973524928092957,-15.662343978881836
4,418119,-21.708431243896484,-13.864461898803711,-6.63646936416626,6.154266834259033
4,418120,-16.943572998046875,12.93033504486084,9.562688827514648,14.303886413574219
4,418120,6.201958179473877,21.65851402282715,4.7544474601745605,-5.674727916717529
4,418120,-4.351471424102783,-20.553495407104492,-20.73000717163086,-12.521760940551758
4,418120,6.519162654876709,-23.84366226196289,-0.25866249203681946,10.059614181518555
4,418120,9.381938934326172,24.744556427001953,14.652932167053223,5.403977870941162
4,418120,-3.5794687271118164,9.381741523742676,-2.494417905807495,-14.891120910644531
4,418121,-5.376585006713867,-0.7113657593727112,-6.621083736419678,6.5836968421936035
4,418121,-19.4046573638916,2.7564616203308105,-4.370471000671387,9.793107032775879
4,418121,10.247183799743652,-4.544536590576172,9.124760627746582,-22.3518123626709
4,418121,20.968122482299805,-6.059852600097656,2.6289658546447754,3.669731616973877
4,418121,-12.176942825317383,-6.884191036224365,-6.5487518310546875,15.337770462036133
4,418121,-4.764766216278076,3.9129693508148193,14.527546882629395,-16.074520111083984
4,418122,-6.559235095977783,-11.216842651367188,-6.2506537437438965,0.8115359544754028
4,418122,-9.87645149230957,17.603893280029297,-10.911565780639648,-3.8158206939697266
4,418122,24.0719051361084,21.501766204833984,13.658671379089355,-2.471421957015991
4,418122,8.045647621154785,-15.327792167663574,2.3962810039520264,26.29346466064453
4,418122,-26.998106002807617,-14.855514526367188,-7.391080379486084,-22.054651260375977
4,418122,-3.8165292739868164,-12.483298301696777,-5.655453205108643,-18.83491325378418
4,418123,4.432366371154785,12.610651969909668,-1.7664040327072144,46.720645904541016
4,418123,10.771512985229492,17.029132843017578,11.041533470153809,3.823289155960083
4,418123,21.634836196899414,-2.544471263885498,-7.0370612144470215,-22.905179977416992
4,418123,-19.3313045501709,-18.008243560791016,-17.62570571899414,-2.4528706073760986
4,418123,-24.753801345825195,-5.55312442779541,13.616941452026367,-1.859489917755127
4,418123,15.272194862365723,18.04215431213379,-3.9212217330932617,9.114457130432129
4,418124,-2.143594741821289,-7.461769104003906,-8.956711769104004,-5.772340774536133
4,418124,-11.216900825500488,-15.043356895446777,7.338298320770264,9.367060661315918
4,418124,10.67085075378418,19.712739944458008,-1.3238264322280884,18.392436981201172
4,418124,-5.379726409912109,20.65016746520996,24.45331573486328,-20.072101593017578
4,418124,5.731480121612549,-10.632295608520508,4.514380931854248,-22.318950653076172
4,418125,-0.12504354119300842,-17.47043800354004,-23.697664260864258,16.628385543823242
4,418125,-15.766812324523926,12.603053092956543,13.633872985839844,18.105663299560547
4,418125,21.24661636352539,10.009880065917969,9.75754451751709,-19.525836944580078
4,418125,15.075172424316406,-11.314339637756348,-16.87726402282715,-28.489437103271484
4,418126,-30.847183227539062,-5.234139442443848,-13.04548168182373,23.962848663330078
4,418126,-8.774300575256348,-8.885019302368164,1.2357475757598877,35.40738296508789
4,418127,30.024198532104492,5.871373653411865,12.298770904541016,-29.09347915649414
4,418127,-3.1349148750305176,9.965069770812988,-3.7182633876800537,-6.652470111846924
4,418127,-7.447339057922363,-7.779233932495117,-9.513293266296387,12.113194465637207
4,418127,24.885473251342773,14.115060806274414,-2.617861747741699,-15.036493301391602
4,418128,11.699748039245605,10.648179054260254,-1.5655291080474854,9.75423526763916
4,418130,-18.482229232788086,-15.464985847473145,4.81583833694458,19.91154670715332
4,418132,7.784595966339111,15.50312614440918,0.8008348941802979,7.020461082458496
4,418134,7.579906940460205,15.17379379272461,14.637582778930664,2.639380693435669
4,418136,-22.944408416748047,-25.38526153564453,-1.1011734008789062,-20.015281677246094
4,418138,12.428339004516602,-20.55735206604004,-19.68145751953125,-11.00084400177002
4,418140,-0.5866569876670837,7.3090033531188965,2.788480520248413,18.641956329345703
4,418142,-11.826658248901367,13.091811180114746,9.846288681030273,-23.196388244628906
4,418144,3.9046645164489746,-23.776567459106445,12.858697891235352,-22.827478408813477
4,418146,-22.392492294311523,-29.335224151611328,1.7957843542099,19.308313369750977
4,418148,6.9460835456848145,32.3199348449707,-0.1861630082130432,9.647871971130371
4,418150,29.858871459960938,29.88003921508789,-2.1043684482574463,4.763433456420898
4,418153,-22.28107452392578,-15.930693626403809,-12.055798530578613,5.455451965332031
4,418154,-6.388715744018555,-0.7699007987976074,5.579325199127197,-7.835981845855713
4,418157,17.786846160888672,-3.1907174587249756,8.107305526733398,-27.800457000732422
4,418158,-56.41350555419922,-16.038827896118164,-28.956966400146484,-11.765362739562988
4,418161,0.48717808723449707,2.9183712005615234,-7.246474742889404,56.40244674682617
4,418162,72.26145935058594,17.940935134887695,38.328670501708984,38.06875228881836
4,418165,-17.03954315185547,-7.835868835449219,-1.078499436378479,-52.151939392089844
4,418166,-4.953537464141846,0.49931126832962036,1.1661220788955688,-32.64697265625
4,418167,25.413057327270508,37.249759674072266,11.981900215148926,5.834096431732178
4,418170,-14.77584171295166,-18.824533462524414,-24.35593032836914,15.071584701538086
4,418171,-25.253055572509766,-36.97779083251953,-11.169955253601074,26.107458114624023
4,418314,-14.329472541809082,3.5088515281677246,-2.084953546524048,-7.070913314819336
4,418314,27.950536727905273,21.66863250732422,3.085195779800415,-7.645975112915039
4,418314,17.790739059448242,24.52730941772461,15.493035316467285,-2.6263864040374756
4,418314,-12.068157196044922,-15.793532371520996,-9.260705947875977,-13.234296798706055
4,418315,-11.022784233093262,-0.2527049481868744,-8.172106742858887,4.770484924316406
4,418315,-0.3224030137062073,13.338967323303223,13.191389083862305,14.337949752807617
4,418315,7.435149669647217,-26.021499633789062,-15.251914978027344,4.536742210388184
4,418315,-16.835439682006836,-5.093917369842529,-2.4576375484466553,-13.334060668945312
4,418315,-1.6018670797348022,10.129984855651855,30.09369468688965,-20.0819091796875
4,418315,28.020145416259766,-8.54663372039795,-4.805164337158203,-0.16254708170890808
4,418316,-11.0061616897583,-12.168388366699219,-9.967377662658691,21.73204803466797
4,418316,-24.003877639770508,-1.6425658464431763,9.385571479797363,4.557554721832275
4,418316,24.088529586791992,13.430562019348145,4.010397911071777,-11.27077865600586
4,418316,26.04916763305664,13.031452178955078,-12.661741256713867,3.156424045562744
4,418316,-16.833955764770508,2.349679470062256,-13.761637687683105,6.514354705810547
4,418317,-24.058687210083008,-11.61931324005127,7.941195964813232,18.650487899780273
4,418317,1.7863436937332153,-11.06992244720459,3.0410830974578857,4.847999572753906
4,418317,5.216637134552002,23.853782653808594,-18.204315185546875,-34.99296569824219
4,418317,-10.074846267700195,-6.725769996643066,-16.079425811767578,5.743220329284668
4,418317,3.295325994491577,-25.70905303955078,17.410484313964844,18.35938262939453
4,418317,20.175012588500977,16.71229362487793,14.69067096710205,-25.874427795410156
4,418318,0.2690662741661072,-2.419213056564331,-8.04617691040039,-1.6810599565505981
4,418318,-24.955760955810547,0.6891953349113464,3.891474962234497,10.911669731140137
4,418318,-3.7944486141204834,21.562273025512695,-1.651745080947876,-1.6052110195159912
4,418318,24.715665817260742,-8.705591201782227,1.0556169748306274,-0.14379650354385376
4,418318,4.081265926361084,-21.1529598236084,7.5162835121154785,-10.13768196105957
4,418318,-17.525903701782227,2.5086143016815186,-1.8415471315383911,11.833930969238281
4,418319,-9.68681812286377,-1.068873405456543,7.086886882781982,19.3623046875
4,418319,7.921065807342529,2.1329944133758545,6.873891353607178,-16.756919860839844
4,418319,16.219736099243164,9.716451644897461,-11.474863052368164,-2.096151113510132
4,418319,-4.654775619506836,-2.660217523574829,5.7266764640808105,7.36731481552124
4,418319,-1.5568859577178955,17.800939559936523,12.435503959655762,-2.3658254146575928
4,418319,11.828652381896973,0.42412158846855164,-6.580229759216309,-0.3840159475803375
4,418320,-12.985029220581055,-23.809602737426758,9.90529727935791,-8.67815113067627
4,418320,-0.07507737725973129,7.841063976287842,-5.585560321807861,-6.224825859069824
4,418320,14.427162170410156,7.720698356628418,-16.863231658935547,-0.22932898998260498
4,418320,-6.524553298950195,-13.302694320678711,11.98500919342041,21.168983459472656
4,418320,-14.898164749145508,10.169271469116211,-5.33035945892334,-0.9143692851066589
4,418320,-5.489288330078125,2.4856786727905273,-12.528653144836426,-33.5157470703125
4,418321,12.695810317993164,-13.851858139038086,10.844608306884766,0.7980335354804993
4,418321,6.529063701629639,10.904962539672852,11.795766830444336,19.681869506835938
4,418321,4.08595085144043,-1.3849198818206787,7.9990081787109375,3.402627468109131
4,418321,4.457210540771484,-23.609296798706055,-15.640838623046875,-0.3922191262245178
4,418321,-15.746894836425781,18.67279815673828,-18.622299194335938,-15.821821212768555
4,418321,-1.9599168300628662,28.752464294433594,14.851248741149902,-3.5137720108032227
4,418322,19.23032569885254,-26.27150535583496,3.7095859050750732,29.876079559326172
4,418322,-1.8758481740951538,-19.408126831054688,-24.10614013671875,20.52583885192871
4,418322,-28.36863899230957,8.929817199707031,2.8708667755126953,-1.516144037246704
4,418322,1.26018226146698,23.85979652404785,16.696269989013672,-36.46821212768555
4,418322,21.2476749420166,-5.7976460456848145,-5.522055625915527,-8.887063980102539
4,418322,-11.652873039245605,-30.638412475585938,-9.189667701721191,26.660850524902344
4,418323,-18.412572860717773,24.20355987548828,-2.206350088119507,-16.767908096313477
4,418323,5.004303932189941,18.730262756347656,0.8702142834663391,-11.291218757629395
4,418323,18.97227668762207,-21.52328872680664,-6.90819787979126,13.178871154785156
4,418323,-11.059202194213867,-5.166025161743164,17.525144577026367,9.77995491027832
4,418323,-3.9953863620758057,-2.282719135284424,18.972970962524414,-5.757900714874268
4,418324,17.681428909301758,-12.085580825805664,-20.55698585510254,-17.541786193847656
4,418324,-12.638737678527832,16.485403060913086,-5.21446418762207,14.502908706665039
4,418324,-0.24343855679035187,22.250709533691406,31.84333610534668,28.661380767822266
4,418324,30.408143997192383,-6.177383899688721,14.691309928894043,9.5114107131958
4,418324,9.347366333007812,-1.584943175315857,-18.126028060913086,-22.31867218017578
4,418324,-18.310630798339844,-10.214466094970703,-9.516912460327148,-27.250810623168945
4,418325,-16.318002700805664,-6.828657627105713,-5.656679153442383,10.867338180541992
4,418325,-6.901587963104248,4.132612228393555,5.788984298706055,21.60098648071289
4,418325,-0.1564163863658905,-1.457029104232788,0.960654079914093,-25.25953483581543
4,418325,12.94637393951416,22.11857795715332,-17.8720645904541,-18.13109588623047
4,418325,18.142208099365234,6.4386067390441895,4.345917224884033,10.283910751342773
4,418325,-25.077983856201172,-22.911197662353516,2.711671829223633,-6.6977667808532715
4,418326,-13.529693603515625,-13.522723197937012,0.8451870679855347,-3.0789740085601807
4,418326,33.26578140258789,3.6386380195617676,-2.092758893966675,10.46345329284668
4,418326,-11.97374439239502,16.434621810913086,-2.67582368850708,18.862796783447266
4,418327,-19.89773178100586,1.3337377309799194,13.295164108276367,7.153465270996094
4,418327,15.315813064575195,-4.407714366912842,-11.108680725097656,15.345741271972656
4,418328,-2.1521387100219727,-0.6226552128791809,-8.145574569702148,3.536675453186035
4,418328,-3.627835273742676,-15.945805549621582,1.261683464050293,-11.658251762390137
4,418328,1.6034170389175415,3.9917542934417725,-9.610882759094238,7.5258564949035645
4,418328,4.315089225769043,19.117328643798828,16.955657958984375,1.265901803970337
4,418328,11.549603462219238,5.647427558898926,3.378037452697754,-6.58535623550415
4,418330,5.224597454071045,-1.1881134510040283,-8.232661247253418,-2.8736207485198975
4,418332,-16.638935089111328,-19.580759048461914,-1.8755275011062622,-21.80496597290039
4,418334,-20.743928909301758,5.968517780303955,-19.141864776611328,-18.612844467163086
4,418336,30.7152042388916,16.64176368713379,10.656109809875488,26.972043991088867
4,418338,18.47585105895996,-19.361255645751953,19.49473762512207,21.7025089263916
4,418340,-31.00908660888672,-1.5541977882385254,-13.474644660949707,-40.81171417236328
4,418342,-10.490962028503418,-13.498154640197754,-2.566596746444702,-25.119556427001953
4,418344,22.819433212280273,-12.115283966064453,25.21766471862793,30.74101448059082
4,418346,-1.3140251636505127,28.424623489379883,18.017227172851562,3.014111042022705
4,418348,-22.263916015625,11.378766059875488,-19.473224639892578,3.3316147327423096
4,418350,0.8201590776443481,-11.091109275817871,-27.9971866607666,2.8944549560546875
4,418352,18.04624366760254,-7.330911636352539,-5.164933204650879,-17.72139549255371
4,418354,8.638318061828613,24.331533432006836,31.02766990661621,24.81346893310547
4,418356,-14.972908020019531,15.290584564208984,22.501720428466797,5.973672389984131
4,418358,1.5335159301757812,-36.71868133544922,-36.42628479003906,-19.11677360534668
4,418360,3.7106807231903076,-12.471311569213867,-4.997669696807861,3.223139762878418
4,418362,-14.424423217773438,22.571775436401367,27.860300064086914,-11.663920402526855
4,418364,5.962698936462402,2.461580753326416,4.955704212188721,40.57484817504883
4,418366,11.35701847076416,-13.155444145202637,-18.490524291992188,24.672107696533203
4,418368,-10.907212257385254,-5.514161109924316,-14.322822570800781,-65.15369415283203
4,418370,-33.008522033691406,3.434140920639038,-0.6886808276176453,-13.216456413269043
4,418372,8.516705513000488,2.3206849098205566,-0.8354640007019043,16.80228042602539
4,418374,56.33464431762695,15.016305923461914,16.001468658447266,14.20035171508789
4,418526,-5.763678073883057,-9.483848571777344,21.2783260345459,14.379593849182129
4,418526,-34.72130584716797,-24.931570053100586,16.717998504638672,-30.238916397094727
4,418527,16.23377227783203,22.4592227935791,-23.777021408081055,2.2722129821777344
4,418527,32.48671340942383,29.753297805786133,-27.401243209838867,14.078919410705566
4,418527,4.6413092613220215,-12.992349624633789,7.6484694480896,-23.823223114013672
4,418527,-28.563282012939453,-9.811149597167969,3.9620916843414307,5.5290632247924805
4,418527,-9.890707015991211,2.265369176864624,-0.11890726536512375,16.202865600585938
4,418528,10.360699653625488,-13.845489501953125,-10.587187767028809,-11.531394958496094
4,418528,-0.20714132487773895,-9.155136108398438,-14.892435073852539,-15.775264739990234
4,418528,-12.98650074005127,-15.724830627441406,-0.8854572772979736,12.279562950134277
4,418528,-20.47268295288086,21.15500259399414,0.26658710837364197,29.719785690307617
4,418528,3.5507349967956543,25.618375778198242,-11.620678901672363,-13.490304946899414
4,418528,7.374608039855957,-18.762832641601562,10.028085708618164,-22.464290618896484
4,418529,0.47324877977371216,-3.1342360973358154,20.248088836669922,17.690643310546875
4,418529,3.3993473052978516,5.550884246826172,-2.0536789894104004,18.99547004699707
4,418529,-2.349670648574829,-3.6688826084136963,4.752102375030518,1.8069807291030884
4,418529,7.161564350128174,0.4703187942504883,9.631325721740723,-10.639461517333984
4,418529,5.896761894226074,8.824457168579102,8.61819076538086,-7.332005500793457
4,418529,-1.0360130071640015,-1.7452268600463867,-2.937216281890869,21.927738189697266
4,418530,-10.079136848449707,-5.079893589019775,-6.383533000946045,15.935577392578125
4,418530,-9.400196075439453,13.283320426940918,-1.6322922706604004,-27.81793975830078
4,418530,13.174795150756836,5.2695159912109375,-1.546983003616333,-16.100994110107422
4,418530,12.252900123596191,-12.933544158935547,19.149141311645508,12.695210456848145
4,418530,-5.013035297393799,-11.988536834716797,5.870039939880371,8.008481979370117
4,418530,-1.9321640729904175,0.6500635147094727,-28.365707397460938,-8.661484718322754
4,418531,0.04623209312558174,19.34523582458496,-18.838390350341797,-10.93310546875
4,418531,-14.952817916870117,3.4440507888793945,16.805591583251953,23.857858657836914
4,418531,-0.7449554800987244,-16.88880157470703,15.845272064208984,-2.9197428226470947
4,418531,23.972444534301758,-14.328389167785645,-16.660688400268555,-21.954252243041992
4,418531,4.0271501541137695,7.229593753814697,-12.89548397064209,11.341038703918457
4,418531,-18.001192092895508,5.844203472137451,13.434077262878418,-3.6548397541046143
4,418532,3.1319804191589355,-2.2080328464508057,11.800501823425293,-17.17683982849121
4,418532,-5.320569038391113,13.35147762298584,-3.1892974376678467,-6.439733505249023
4,418532,-1.2713927030563354,1.9697325229644775,-6.607280731201172,14.06269645690918
4,418532,27.611099243164062,3.1829020977020264,-2.1673812866210938,6.878921985626221
4,418532,-12.056885719299316,-17.76970100402832,-2.4084184169769287,-4.5697021484375
4,418532,-24.943729400634766,-10.642393112182617,-3.5037782192230225,-1.8942692279815674
4,418533,3.945256471633911,21.34604263305664,1.07068932056427,-4.088198184967041
4,418533,8.975420951843262,-9.317407608032227,2.857255697250366,0.046267878264188766
4,418533,-0.7387073040008545,-6.236370086669922,4.04316520690918,8.270407676696777
4,418533,-4.538581848144531,23.04655647277832,3.3449573516845703,4.458135604858398
4,418533,18.356294631958008,17.728666305541992,-7.274835109710693,-26.29755401611328
4,418534,9.551384925842285,-35.652347564697266,-1.225119948387146,1.782408356666565
4,418534,-21.886415481567383,-23.75224494934082,13.790229797363281,20.42714500427246
4,418534,5.484220027923584,35.35917663574219,2.121032953262329,-22.33335304260254
4,418534,19.21161460876465,2.065385341644287,-13.706168174743652,19.801944732666016
4,418534,-12.890149116516113,-14.942188262939453,0.7035446166992188,29.959142684936523
4,418534,-16.9471378326416,-6.213250637054443,10.015936851501465,-18.393352508544922
4,418535,8.928108215332031,1.5962401628494263,-13.208054542541504,-1.9215880632400513
4,418535,11.8319091796875,9.932137489318848,-5.436622619628906,12.373821258544922
4,418535,-15.973462104797363,0.957346498966217,7.771466255187988,7.8731513023376465
4,418535,-1.59196937084198,-0.48560553789138794,-3.495434522628784,-19.374250411987305
4,418535,7.306188583374023,-6.726171016693115,-1.5831624269485474,-7.350220203399658
4,418535,-19.121822357177734,4.734044551849365,-0.5022152662277222,26.0281982421875
4,418536,8.854623794555664,0.9524061679840088,15.354805946350098,-20.26366424560547
4,418536,22.744539260864258,-1.7838386297225952,15.684662818908691,-21.145111083984375
4,418536,-7.626648902893066,18.6811466217041,-14.190473556518555,5.134698390960693
4,418536,-10.669910430908203,0.08586107939481735,-1.1029493808746338,-15.07223892211914
4,418536,2.592194080352783,-5.339101314544678,-4.890639305114746,16.459911346435547
4,418536,-2.267446756362915,15.015131950378418,-17.449739456176758,17.34790802001953
4,418537,3.9807682037353516,-5.278354644775391,7.33943510055542,-23.305919647216797
4,418537,19.213403701782227,-37.43315124511719,9.217890739440918,-14.683442115783691
4,418537,-16.630605697631836,0.9459196329116821,-2.799823522567749,31.296728134155273
4,418537,-19.907697677612305,28.098613739013672,-8.112005233764648,32.30522918701172
4,418537,12.843409538269043,-14.349740982055664,11.0698881149292,-22.944692611694336
4,418537,6.868871212005615,-0.009228112176060677,10.324650764465332,-20.15422821044922
4,418538,-1.62176513671875,18.6041202545166,-13.797370910644531,3.115020751953125
4,418538,4.082241535186768,-19.743671417236328,8.21413803100586,16.57955551147461
4,418538,8.507140159606934,-18.12021255493164,19.155750274658203,11.219398498535156
4,418538,-2.2938976287841797,17.45379066467285,-14.039178848266602,-31.084056854248047
4,418538,-11.366554260253906,-1.2438443899154663,-2.7047224044799805,-5.535756587982178
4,418538,-4.554509162902832,-13.8655424118042,7.3403239250183105,34.06652069091797
4,418539,5.585782527923584,17.4580078125,-16.631196975708008,-13.223628044128418
4,418539,13.296889305114746,10.124119758605957,-4.684275150299072,-15.97409439086914
4,418539,-7.091705322265625,4.586075782775879,5.19139289855957,11.515582084655762
4,418539,-18.450740814208984,-6.200677394866943,-2.28865909576416,-5.282604694366455
4,418540,-5.784073352813721,-19.910152435302734,-11.465405464172363,-12.326821327209473
4,418540,-3.3179402351379395,1.0349308252334595,-15.749456405639648,8.047734260559082
4,418541,2.7574143409729004,-13.08385944366455,17.472190856933594,23.149211883544922
4,418541,2.3162145614624023,12.568449020385742,30.82234764099121,-4.41801118850708
4,418541,9.831595420837402,31.16596031188965,-5.356619358062744,-3.4959778785705566
4,418541,15.977032661437988,-21.153934478759766,-18.230722427368164,1.698979377746582
4,418541,-7.6402587890625,-12.353282928466797,7.975885391235352,-21.09086799621582
4,418543,-23.46512222290039,4.556937217712402,9.279984474182129,5.280900001525879
4,418544,15.510270118713379,-0.5060656666755676,-5.9013543128967285,10.270496368408203
4,418545,28.003942489624023,12.356708526611328,2.153240203857422,-16.077146530151367
4,418548,-20.825336456298828,10.752365112304688,1.8505477905273438,17.20150375366211
4,418549,-14.839638710021973,8.339041709899902,-10.551512718200684,27.44377899169922
4,418552,15.726993560791016,4.752915382385254,-10.475844383239746,-21.47368812561035
4,418553,13.677694320678711,-16.213659286499023,10.417086601257324,-24.08325958251953
4,418556,1.2066470384597778,-10.904123306274414,-14.576152801513672,20.844173431396484
4,418557,-11.855847358703613,-1.3127202987670898,-18.44145965576172,2.1253137588500977
4,418560,-15.779282569885254,2.401654005050659,41.31025695800781,-16.873292922973633
4,418561,-6.006879806518555,3.0197925567626953,15.235827445983887,22.20749282836914
4,418564,9.2560453414917,-20.90773582458496,-16.34136199951172,-8.232638359069824
4,418565,1.613845944404602,-7.258033752441406,0.19280855357646942,-29.3127498626709
4,418568,13.068639755249023,28.317771911621094,-16.390823364257812,44.98350524902344
4,418569,1.7621392011642456,8.128173828125,-1.3544529676437378,18.814205169677734
4,418572,-14.253461837768555,-12.726640701293945,16.479909896850586,-67.53386688232422
4,418573,1.6088192462921143,5.763550281524658,4.249746322631836,1.0975747108459473
4,418576,-10.816510200500488,1.9109944105148315,-3.230161190032959,33.959964752197266
4,418577,4.8484063148498535,5.017964839935303,-9.62682056427002,-7.490900993347168
4,418580,12.04684829711914,-9.740161895751953,-19.037525177001953,23.920351028442383
4,418582,-5.945295333862305,-18.611772537231445,-5.27979850769043,6.537477970123291
4,418584,-1.122491478919983,24.483211517333984,34.31853103637695,-41.6436882019043
4,418586,9.836648941040039,-8.639830589294434,4.044956207275391,-24.45363998413086
4,418588,-3.5473148822784424,-16.95608901977539,-15.7537202835083,18.489938735961914
4,418590,-10.407195091247559,26.07891273498535,14.340154647827148,25.322996139526367
4,418754,14.049317359924316,-12.853985786437988,-14.5960054397583,10.858558654785156
4,418754,-1.5774544477462769,-4.403910160064697,-11.278676986694336,-2.671457290649414
4,418754,-15.090712547302246,16.704639434814453,15.412422180175781,-18.68744659423828
4,418754,4.384697914123535,-2.8171424865722656,-13.63619327545166,-7.025353908538818
4,418754,2.531137704849243,-5.464923858642578,-5.3314433097839355,15.310463905334473
4,418755,-1.5380433797836304,-13.392632484436035,8.55859375,-4.011959075927734
4,418755,3.8397107124328613,-0.8594182133674622,-0.753911554813385,-17.32066535949707
4,418755,-0.2420908510684967,33.55347442626953,21.032960891723633,-3.443480968475342
4,418755,-0.0808662697672844,7.297624588012695,16.92272186279297,-18.348011016845703
4,418755,19.333660125732422,-20.32465934753418,-10.507919311523438,-17.01624298095703
4,418756,-2.904191732406616,5.374141216278076,-10.554640769958496,9.608938217163086
4,418756,-32.039100646972656,-15.742627143859863,8.788045883178711,19.622400283813477
4,418756,7.300232887268066,0.1719474047422409,14.334372520446777,24.350156784057617
4,418756,23.550247192382812,20.539453506469727,-5.042323112487793,13.232780456542969
4,418756,-2.5059242248535156,-4.5875444412231445,-7.841175556182861,-16.847620010375977
4,418756,-7.549226760864258,-7.889370918273926,-18.83540916442871,7.912933826446533
4,418757,-8.730101585388184,6.105708599090576,-11.562357902526855,48.60630416870117
4,418757,-8.341110229492188,11.274601936340332,9.862271308898926,-1.8701187372207642
4,418757,11.506325721740723,-27.149145126342773,-10.712884902954102,-35.94114303588867
4,418757,20.099103927612305,-10.996602058410645,4.7558441162109375,18.09400177001953
4,418757,-10.472819328308105,35.02206039428711,19.78704071044922,17.16240692138672
4,418757,-10.56351375579834,4.684443950653076,-2.5015158653259277,-23.076282501220703
4,418758,19.965824127197266,-26.18617820739746,-13.328969955444336,-19.04943084716797
4,418758,3.2148802280426025,-10.679438591003418,4.679001331329346,-7.201773643493652
4,418758,-18.192806243896484,18.534345626831055,15.195841789245605,5.588481903076172
4,418758,1.4904738664627075,19.69519805908203,-8.312000274658203,-11.66033935546875
4,418758,12.60181999206543,-10.519210815429688,-2.8002967834472656,-15.689187049865723
4,418758,-9.1373872756958,-19.02845573425293,-0.053859859704971313,13.356775283813477
4,418759,-12.043686866760254,1.024991512298584,-15.945842742919922,7.706974983215332
4,418759,-5.2801666259765625,-5.27817964553833,-4.540216445922852,-12.51667594909668
4,418759,-14.450234413146973,-6.267326831817627,13.350616455078125,-5.573159217834473
4,418759,2.150371551513672,8.812552452087402,8.882644653320312,8.108955383300781
4,418759,22.27498435974121,1.7133564949035645,-5.013213634490967,-5.2582573890686035
4,418759,-10.861879348754883,-6.336253643035889,5.960157871246338,1.291394829750061
4,418760,-8.498290061950684,-0.8804323673248291,4.15999698638916,-6.335773944854736
4,418760,18.113628387451172,9.006516456604004,-17.583892822265625,-16.24635887145996
4,418760,-11.803254127502441,-1.1197733879089355,3.876321315765381,11.163830757141113
4,418760,-0.3904239535331726,5.646678447723389,9.34920883178711,16.857528686523438
4,418760,22.77739906311035,13.888567924499512,-3.067852258682251,27.904191970825195
4,418760,0.8718489408493042,-8.58648681640625,14.351097106933594,-11.560042381286621
4,418761,-13.501518249511719,-19.51239013671875,-15.379829406738281,-13.148877143859863
4,418761,-4.012240409851074,-8.866249084472656,-12.01785659790039,33.9140510559082
4,418761,14.317485809326172,1.6190128326416016,32.176109313964844,-12.63899040222168
4,418761,-2.1130292415618896,26.768156051635742,-0.9152815341949463,-21.288938522338867
4,418761,-9.607049942016602,20.603132247924805,-19.711341857910156,23.340017318725586
4,418762,10.541760444641113,-26.64407730102539,-10.956182479858398,6.545538902282715
4,418762,-9.699822425842285,-25.682039260864258,-2.653006076812744,-12.657259941101074
4,418762,-11.126398086547852,10.451127052307129,12.761838912963867,4.5712504386901855
4,418762,13.245509147644043,25.721820831298828,4.918490886688232,-25.777212142944336
4,418762,-1.0747411251068115,-1.7563517093658447,3.268630027770996,-14.56100082397461
4,418762,-6.992945671081543,-15.540820121765137,-7.38823127746582,36.406578063964844
4,418762,11.319526672363281,10.473291397094727,-6.724071502685547,-1.1348907947540283
4,418763,7.222438335418701,6.1220622062683105,7.202090263366699,-26.606779098510742
4,418763,-2.5344901084899902,-12.670963287353516,0.7846754193305969,5.799365520477295
4,418763,4.578323841094971,8.701090812683105,-0.14835019409656525,21.306819915771484
4,418763,-9.12707233428955,20.61427116394043,4.264929294586182,-5.53788423538208
4,418763,-3.080909490585327,-22.774375915527344,0.820442259311676,-13.715426445007324
4,418763,12.08222484588623,-28.394638061523438,1.5762981176376343,13.767820358276367
4,418764,-2.6325998306274414,14.675912857055664,8.916576385498047,22.31077003479004
4,418764,-0.6633413434028625,13.193734169006348,0.5694441795349121,-0.8849518299102783
4,418764,-5.843947887420654,9.61809253692627,-8.683853149414062,-25.091283798217773
4,418764,-14.410187721252441,-12.637277603149414,2.0878710746765137,-18.510414123535156
4,418764,10.284873008728027,-14.61401653289795,8.213744163513184,10.067575454711914
4,418765,16.135635375976562,20.48063850402832,-5.9932756423950195,22.384538650512695
4,418765,-9.820837020874023,-2.3877553939819336,-14.315035820007324,-0.2567775845527649
4,418765,-13.087032318115234,-5.407646656036377,-0.01044521015137434,-7.4113030433654785
4,418765,-2.5017452239990234,12.533234596252441,0.1013144701719284,-1.2209545373916626
4,418765,13.500402450561523,4.053468227386475,-4.040557861328125,-5.455556392669678
4,418765,7.664304256439209,-15.20795726776123,4.1816325187683105,-9.511401176452637
4,418766,-22.476608276367188,-7.584601879119873,-8.864204406738281,-5.837564468383789
4,418766,5.907528400421143,10.523388862609863,-5.689724445343018,9.549654960632324
4,418766,20.944103240966797,-3.579023599624634,2.786170721054077,6.803348064422607
4,418766,-22.59967041015625,7.020383834838867,6.042129039764404,-8.236083984375
4,418766,-3.1704564094543457,15.958830833435059,9.710854530334473,-8.278107643127441
4,418766,26.866857528686523,0.8914324045181274,-8.224746704101562,-5.213315010070801
4,418767,-18.296289443969727,-18.713205337524414,-4.831015110015869,-1.7009025812149048
4,418767,-20.22786521911621,-8.219916343688965,12.184565544128418,10.40230655670166
4,418767,30.743587493896484,20.670778274536133,8.523451805114746,6.8697686195373535
4,418767,24.23453140258789,6.950262069702148,2.8797340393066406,2.8479089736938477
4,418767,-26.13212013244629,-9.181790351867676,-5.9614763259887695,-0.211888387799263
4,418767,-9.95417594909668,-13.26206111907959,-11.858091354370117,-7.073974132537842
4,418768,26.488672256469727,-0.613299548625946,9.114463806152344,0.686355710029602
4,418769,-12.543289184570312,5.738478660583496,3.554659366607666,-2.1670119762420654
4,418769,-22.70865821838379,-25.484926223754883,-10.84695053100586,16.960248947143555
4,418769,3.258490562438965,-15.254773139953613,5.365574359893799,24.211544036865234
4,418769,11.330166816711426,40.59850311279297,7.450676918029785,-21.321191787719727
4,418770,7.12614107131958,30.96240234375,-4.831517696380615,-21.564483642578125
4,418770,-6.268930912017822,-38.104618072509766,-12.627881050109863,21.11467933654785
4,418770,-7.00791072845459,-24.95175552368164,-4.559263229370117,11.026557922363281
4,418771,-3.0397448539733887,16.350454330444336,-4.76865816116333,-13.809980392456055
4,418773,10.836175918579102,-9.892066955566406,10.303019523620605,-10.795465469360352
4,418774,-5.727526664733887,6.704119682312012,16.65434455871582,-18.769041061401367
4,418777,-19.74361228942871,23.869571685791016,-25.407602310180664,7.545401573181152
4,418778,5.942563056945801,-8.064687728881836,0.18513984978199005,23.283035278320312
4,418779,20.67987060546875,-10.317811965942383,22.328754425048828,-5.635159492492676
4,418782,5.498116970062256,-3.187138795852661,-11.132919311523438,-2.921400547027588
4,418783,-16.300708770751953,-10.193381309509277,10.585949897766113,-3.3189380168914795
4,418786,-9.488696098327637,-1.1975284814834595,11.551276206970215,-10.284476280212402
4,418787,5.31263542175293,15.4196138381958,-32.46034240722656,12.403512001037598
4,418790,24.294574737548828,18.352819442749023,11.38779067993164,17.435684204101562
4,418791,-9.507518768310547,8.810492515563965,35.14650344848633,-11.647066116333008
4,418794,-9.009867668151855,-12.04053020477295,-41.17716979980469,-19.038732528686523
4,418795,30.799821853637695,-11.631529808044434,-12.115641593933105,8.098896026611328
4,418798,-17.933961868286133,6.0237507820129395,21.21013832092285,18.990371704101562
4,418799,-23.915544509887695,7.348541736602783,-3.7539448738098145,-9.45296573638916
4,418802,13.076371192932129,-11.041751861572266,11.670372009277344,-12.365216255187988
4,418803,3.45188307762146,5.172802925109863,-5.880701541900635,3.296532392501831
4,418806,2.702481746673584,29.34857940673828,-7.271189212799072,17.434709548950195
4,418807,14.3908109664917,-1.4958282709121704,19.650726318359375,6.400217056274414
4,418810,-4.416351795196533,-20.257652282714844,-4.228141784667969,-45.00373840332031
4,418811,-10.843489646911621,-10.72086238861084,-18.9534854888916,-18.151193618774414
4,418814,-3.165013313293457,-5.366861343383789,6.009337425231934,45.49233627319336
4,418815,-10.763032913208008,-6.905174255371094,11.79735279083252,24.462068557739258
4,418818,9.161979675292969,13.955219268798828,0.06846094131469727,-15.508843421936035
4,418990,5.857247829437256,-11.44152545928955,-12.539311408996582,8.548935890197754
4,418990,-15.830084800720215,-20.009037017822266,6.9266276359558105,4.758608818054199
4,418990,0.8749871850013733,45.78863525390625,4.385777473449707,-32.503013610839844
4,418990,6.553101062774658,10.335466384887695,-14.377157211303711,-9.540265083312988
4,418990,-2.5356829166412354,-35.443241119384766,5.695068836212158,16.093130111694336
4,418990,1.546779990196228,-2.131981134414673,-2.7785208225250244,1.282389521598816
4,418991,1.4672828912734985,17.32464599609375,-6.919686794281006,-1.4510548114776611
4,418991,17.14750862121582,3.30244517326355,20.69568634033203,-7.1761274337768555
4,418991,11.606635093688965,1.082647681236267,8.680150985717773,-14.894378662109375
4,418991,-22.46727180480957,1.5170338153839111,-12.50625991821289,13.966567993164062
4,418991,8.1218900680542,-14.089441299438477,-11.551566123962402,9.201415061950684
4,418992,19.87900161743164,3.784217119216919,-9.329251289367676,-8.875244140625
4,418992,-21.931671142578125,5.2403154373168945,14.911718368530273,19.07957649230957
4,418992,-18.12750244140625,-9.597911834716797,11.979032516479492,2.2587783336639404
4,418992,3.3110475540161133,-13.741011619567871,-14.406089782714844,-14.013274192810059
4,418992,-1.074480414390564,5.088820934295654,0.7789677381515503,23.42079734802246
4,418992,3.996136426925659,16.772510528564453,6.109483242034912,0.48419514298439026
4,418993,10.699615478515625,-12.858622550964355,-6.407896041870117,-14.455577850341797
4,418993,7.129566192626953,11.950459480285645,-4.2596025466918945,1.0018433332443237
4,418993,1.8034651279449463,8.863306045532227,-6.007002830505371,-18.831205368041992
4,418993,-17.97557830810547,-25.52423667907715,-7.203588008880615,-9.403231620788574
4,418993,-11.852628707885742,0.7371588349342346,5.1019287109375,10.989157676696777
4,418993,13.132634162902832,10.379634857177734,15.58368968963623,8.719121932983398
4,418994,4.400830268859863,-7.888959884643555,-3.7270257472991943,-3.2244508266448975
4,418994,-13.967521667480469,1.9094959497451782,-6.009774208068848,4.931106090545654
4,418994,-16.72932243347168,9.322035789489746,8.862737655639648,17.83240509033203
4,418994,-2.2818353176116943,-4.987627029418945,-1.992640495300293,-17.015756607055664
4,418994,12.169469833374023,1.074245810508728,8.714482307434082,4.098482131958008
4,418994,16.558753967285156,12.837804794311523,20.8094482421875,30.56698226928711
4,418995,14.118030548095703,9.037837982177734,-3.8410465717315674,-25.081491470336914
4,418995,-4.392714500427246,-13.74277400970459,-13.807415962219238,-12.66777515411377
4,418995,-6.679285049438477,-7.2071614265441895,-8.219618797302246,12.0263090133667
4,418995,7.572644233703613,1.4179774522781372,1.7289021015167236,-4.022480487823486
4,418995,6.8168158531188965,-3.7157087326049805,9.535780906677246,-4.806215286254883
4,418996,4.806319713592529,16.850025177001953,5.184095859527588,-2.5637848377227783
4,418996,0.9075562953948975,-2.5018391609191895,3.399729013442993,-2.933145046234131
4,418996,0.2249169945716858,-11.77364444732666,-21.19220542907715,3.093019485473633
4,418996,-9.563990592956543,8.162203788757324,-22.39888572692871,10.469426155090332
4,418996,-19.448244094848633,0.9925068616867065,9.033283233642578,-5.622344493865967
4,418996,5.589148044586182,-5.176756381988525,9.424883842468262,1.302073359489441
4,418997,4.689581394195557,-17.11075210571289,-4.222620010375977,1.0198760032653809
4,418997,-14.560323715209961,-7.088222503662109,-17.4074649810791,-10.388627052307129
4,418997,-9.478583335876465,26.533584594726562,0.12615031003952026,0.6421907544136047
4,418997,20.751020431518555,15.919398307800293,20.418352127075195,-8.586787223815918
4,418997,17.938459396362305,-29.185579299926758,-20.743633270263672,-12.784394264221191
4,418997,-19.8936824798584,-13.178400993347168,-7.509867191314697,16.1312198638916
4,418998,-19.847579956054688,6.287461280822754,25.622249603271484,27.25069808959961
4,418998,5.670528888702393,-10.610984802246094,8.635616302490234,-3.678170680999756
4,418998,21.15532112121582,9.106754302978516,12.189401626586914,-12.330118179321289
4,418998,-18.32362937927246,8.6030855178833,-3.8471932411193848,9.750246047973633
4,418998,-12.627630233764648,-6.514713764190674,3.5831663608551025,-0.29616430401802063
4,418998,24.301183700561523,17.69542121887207,18.605915069580078,-12.606315612792969
4,418999,7.808590888977051,11.002223014831543,-14.817614555358887,5.733077049255371
4,418999,5.7598185539245605,-26.653337478637695,-13.728879928588867,13.093873023986816
4,418999,-11.188387870788574,-4.390252590179443,16.939823150634766,3.549964666366577
4,418999,-20.76920509338379,18.698055267333984,11.247105598449707,-22.751920700073242
4,418999,16.551942825317383,10.515791893005371,4.128826141357422,-29.995676040649414
4,418999,19.927581787109375,-2.524064064025879,-0.5949376225471497,18.298648834228516
4,419000,-3.5868163108825684,-3.3144516944885254,-18.2324161529541,5.96809720993042
4,419000,-12.497711181640625,-2.262349843978882,4.97263765335083,-22.5913143157959
4,419000,-1.7632887363433838,-6.132871627807617,19.282655715942383,31.98289680480957
4,419000,8.692400932312012,14.449641227722168,-8.938497543334961,13.906782150268555
4,419000,-9.560526847839355,-9.591795921325684,-21.387344360351562,-19.645368576049805
4,419000,-3.410247564315796,-24.945484161376953,-12.256946563720703,-11.270851135253906
4,419001,7.7254958152771,11.592726707458496,-9.100068092346191,0.3396521210670471
4,419001,4.547231197357178,2.142551898956299,-12.708305358886719,28.18150520324707
4,419001,-3.4829909801483154,-4.045010566711426,-5.2427473068237305,-12.922703742980957
4,419001,-14.400797843933105,1.3612158298492432,-4.020898342132568,0.9519451260566711
4,419001,-10.009079933166504,-10.496201515197754,-14.08924388885498,33.40483856201172
4,419001,9.013969421386719,2.84635329246521,0.0010704146698117256,-22.069944381713867
4,419002,31.791460037231445,6.704176902770996,7.467770099639893,-23.090059280395508
4,419002,3.709442615509033,7.754012107849121,-8.294047355651855,-11.875007629394531
4,419002,-25.684114456176758,3.8662445545196533,-4.032196044921875,0.2874172329902649
4,419002,-13.725207328796387,-11.027804374694824,9.88162612915039,29.589927673339844
4,419002,1.1168214082717896,-2.554194450378418,25.213172912597656,-7.2649617195129395
4,419002,14.701943397521973,21.59066390991211,11.439118385314941,-19.686737060546875
4,419003,16.67506980895996,1.4494493007659912,1.107448935508728,7.769117832183838
4,419003,-19.07894515991211,-16.558635711669922,24.111108779907227,2.89566969871521
4,419003,-17.439245223999023,8.843607902526855,8.948359489440918,3.075894832611084
4,419003,28.037294387817383,19.731889724731445,-2.166278839111328,13.038195610046387
4,419003,8.185851097106934,2.477187156677246,12.346094131469727,-4.211251258850098
4,419003,-11.620491981506348,-23.617435455322266,1.397221565246582,-7.899423599243164
4,419004,-7.620627403259277,1.0813127756118774,-3.8846123218536377,1.8783202171325684
4,419004,3.327270269393921,9.609180450439453,1.2413703203201294,-15.203051567077637
4,419004,15.232739448547363,-9.036308288574219,-10.046611785888672,12.913640975952148
4,419004,0.16473253071308136,4.612256050109863,-9.815337181091309,24.82960319519043
4,419005,-18.432220458984375,-1.5090069770812988,-34.34394836425781,-22.841833114624023
4,419006,-19.364702224731445,-6.201639175415039,-32.522850036621094,-17.36459732055664
4,419006,17.649991989135742,-6.363460063934326,30.023754119873047,13.988213539123535
4,419006,8.186765670776367,-3.9005157947540283,21.02931785583496,22.09117889404297
4,419006,-22.040142059326172,4.454201698303223,-25.29030418395996,-2.3179473876953125
4,419006,10.77060317993164,-2.8385093212127686,-1.9853553771972656,-11.942938804626465
4,419006,14.271726608276367,20.59846305847168,27.108619689941406,21.939048767089844
4,419007,-2.83086895942688,17.592649459838867,-0.2773653566837311,5.9515485763549805
4,419008,0.36154767870903015,-36.63444137573242,-21.347688674926758,-3.469139575958252
4,419009,8.259321212768555,5.874039649963379,-3.9174771308898926,-11.633065223693848
4,419012,10.425488471984863,25.249588012695312,16.242197036743164,-33.010677337646484
4,419013,-11.555747032165527,-26.114707946777344,7.8539652824401855,29.19869041442871
4,419016,-2.19173264503479,11.103363990783691,15.37540340423584,0.3096451759338379
4,419017,-15.793937683105469,-2.659029245376587,-23.594348907470703,-32.55641174316406
4,419020,-12.565346717834473,-17.3353214263916,-12.935999870300293,30.612123489379883
4,419021,22.448781967163086,18.061542510986328,58.443817138671875,-15.166126251220703
4,419024,0.7771401405334473,-16.58052635192871,-6.410846710205078,-23.388824462890625
4,419025,-6.680043697357178,-21.797082901000977,-11.953054428100586,26.192306518554688
4,419028,-4.8824238777160645,5.607391357421875,-15.14520263671875,20.135478973388672
4,419029,-9.621700286865234,16.140348434448242,-42.035667419433594,-5.705018997192383
4,419032,-3.7963621616363525,31.000131607055664,32.929386138916016,-26.100584030151367
4,419033,21.62191390991211,-10.304598808288574,13.773968696594238,12.942209243774414
4,419036,9.399085998535156,-40.35020446777344,-20.0238037109375,32.244834899902344
4,419037,-18.336149215698242,33.08012390136719,-3.1640584468841553,14.010163307189941
4,419040,5.304567813873291,25.639606475830078,-1.0373233556747437,-33.41324234008789
4,419041,11.849432945251465,-45.28113555908203,17.28838539123535,-48.31315612792969
4,419044,-8.837204933166504,2.1276957988739014,11.52299976348877,-17.809383392333984
4,419045,-4.07012939453125,23.767181396484375,1.1267470121383667,0.36094188690185547
4,419048,-4.329311847686768,-10.55918025970459,-19.541881561279297,74.99198913574219
4,419049,-5.302443504333496,3.8856327533721924,3.3416011333465576,61.83787155151367
4,419052,28.288761138916016,11.840386390686035,36.505638122558594,-30.511350631713867
4,419053,9.514152526855469,5.196090221405029,-7.792995452880859,-39.063934326171875
4,419056,-17.768259048461914,-5.735747814178467,-21.985475540161133,-30.250391006469727
4,419057,-1.9303882122039795,-18.5458984375,-14.67575454711914,-9.093901634216309
4,419240,-16.36127281188965,-11.12989616394043,-6.464635848999023,25.757850646972656
4,419240,1.1537470817565918,12.928401947021484,7.029080390930176,20.30013084411621
4,419240,38.6506462097168,16.285415649414062,6.185273170471191,6.299780368804932
4,419240,-4.034929275512695,-5.613848686218262,-2.281045436859131,-7.233084201812744
4,419241,-40.29072952270508,-11.920623779296875,3.4074203968048096,-19.567848205566406
4,419241,5.696866989135742,-3.0706896781921387,13.196950912475586,-17.31943130493164
4,419241,29.630447387695312,4.583353042602539,-1.5758260488510132,-0.45349806547164917
4,419241,-19.124853134155273,-9.656460762023926,-5.176429748535156,-5.210418224334717
4,419241,-9.341550827026367,-5.294108867645264,4.12244987487793,-3.150691032409668
4,419242,7.996482849121094,13.753144264221191,-3.930579662322998,18.52345085144043
4,419242,-1.151206135749817,9.851937294006348,-11.192109107971191,5.893703937530518
4,419242,16.683210372924805,-8.335199356079102,5.136423110961914,3.4405674934387207
4,419242,-21.890380859375,-12.704240798950195,1.949746012687683,-4.611539840698242
4,419242,-5.5972371101379395,15.662976264953613,-5.326286315917969,-18.598848342895508
4,419242,31.543855667114258,-0.2611860930919647,-10.140750885009766,1.5241155624389648
4,419243,-18.666248321533203,-19.54390525817871,-6.856953144073486,23.855220794677734
4,419243,-20.145708084106445,8.589197158813477,26.121118545532227,8.082998275756836
4,419243,9.94465160369873,17.999923706054688,14.137511253356934,-12.688977241516113
4,419243,15.151716232299805,-10.347580909729004,-22.7200984954834,-4.726020812988281
4,419243,10.751832962036133,-4.201976299285889,-8.929299354553223,6.242180347442627
4,419243,-5.859329700469971,12.963807106018066,1.3531785011291504,9.409331321716309
4,419244,-12.048090934753418,-10.476398468017578,1.9066710472106934,5.616615295410156
4,419244,-5.023469924926758,-3.3322224617004395,8.904890060424805,6.8455634117126465
4,419244,11.846678733825684,11.841959953308105,-4.025326728820801,-6.000962734222412
4,419244,1.71001136302948,0.3626430630683899,-10.482529640197754,-11.149368286132812
4,419244,-18.976213455200195,-0.3617241382598877,3.194333076477051,5.106375694274902
4,419244,4.331093788146973,3.448745012283325,14.069624900817871,-15.9116792678833
4,419245,8.831171035766602,-13.56793212890625,1.9581499099731445,-26.27980613708496
4,419245,-9.978364944458008,-0.6649568676948547,3.2893781661987305,14.98196029663086
4,419245,11.572797775268555,15.279511451721191,-4.049457550048828,20.534334182739258
4,419245,3.2052035331726074,-19.512081146240234,-14.763631820678711,-3.429373025894165
4,419245,-22.49931526184082,-10.364964485168457,10.837471008300781,11.550551414489746
4,419246,11.725138664245605,38.94419479370117,12.371323585510254,21.444734573364258
4,419246,11.238003730773926,0.7617262005805969,-6.12369441986084,-11.021055221557617
4,419246,-21.833738327026367,-34.447811126708984,2.289328098297119,-7.859102725982666
4,419246,9.840396881103516,19.316299438476562,5.593253135681152,15.629233360290527
4,419246,25.62446403503418,9.316192626953125,-10.46524429321289,-13.217114448547363
4,419246,-15.078447341918945,-20.78661346435547,-6.737997055053711,-6.54928731918335
4,419246,-15.265012741088867,3.2701797485351562,1.4867546558380127,1.4433481693267822
4,419247,3.010850191116333,14.843790054321289,-3.9537429809570312,-5.6165995597839355
4,419247,7.488697052001953,8.188957214355469,-2.5232954025268555,-7.602176666259766
4,419247,12.061468124389648,-13.999177932739258,-4.3127851486206055,-39.92032241821289
4,419247,-0.7820954918861389,10.374436378479004,-0.4489203989505768,20.489856719970703
4,419247,2.877830982208252,18.192874908447266,9.016956329345703,43.818878173828125
4,419247,12.054256439208984,-23.106229782104492,5.673844337463379,-34.06718826293945
4,419248,2.1256327629089355,-3.190004587173462,10.831756591796875,-13.778218269348145
4,419248,-5.7161970138549805,-7.488264083862305,-6.508730411529541,30.05048942565918
4,419248,-17.694456100463867,-12.887622833251953,-10.42596435546875,-1.5245944261550903
4,419248,-5.457873344421387,14.533329963684082,6.239002227783203,-0.39870524406433105
4,419248,-2.724250555038452,-11.364119529724121,-3.714401960372925,21.087188720703125
4,419249,-9.361054420471191,-14.286335945129395,-1.319260597229004,-11.597331047058105
4,419249,8.69740104675293,5.644447326660156,-6.698479652404785,-34.248653411865234
4,419249,-16.31393814086914,0.6152728199958801,-7.096172332763672,3.151843786239624
4,419249,-3.904627799987793,0.12810306251049042,8.78149127960205,7.2310709953308105
4,419249,25.542604446411133,1.77684485912323,5.601511001586914,-9.497458457946777
4,419249,-4.433165073394775,9.42502498626709,6.661231994628906,6.93595027923584
4,419250,-7.1996049880981445,13.048490524291992,8.399477005004883,-1.5810959339141846
4,419250,-3.771470546722412,-7.606436729431152,-3.7973082065582275,10.800094604492188
4,419250,11.258871078491211,-8.118171691894531,4.245521545410156,24.540864944458008
4,419250,21.424583435058594,12.838314056396484,9.027445793151855,7.234533309936523
4,419250,-6.2911696434021,7.082491397857666,7.11102819442749,-14.896268844604492
4,419250,-2.7601284980773926,-0.5691746473312378,-5.9516215324401855,-1.389865756034851
4,419251,-9.283271789550781,14.371417045593262,-12.092303276062012,36.19208908081055
4,419251,-13.270330429077148,1.6256953477859497,5.139159679412842,5.924203395843506
4,419251,21.29524040222168,-25.41375732421875,-13.825882911682129,-25.489097595214844
4,419251,9.312487602233887,3.389394998550415,-4.912167072296143,-4.880461692810059
4,419251,-13.669818878173828,24.602933883666992,17.394567489624023,-20.47066879272461
4,419251,1.9067057371139526,-3.9321091175079346,-0.14761841297149658,-10.113110542297363
4,419252,15.175785064697266,-4.448401927947998,-1.6380696296691895,21.969390869140625
4,419252,6.233065605163574,3.027052640914917,-5.046992301940918,-16.036903381347656
4,419252,-9.65031623840332,-16.354583740234375,-13.988518714904785,-20.433603286743164
4,419252,-11.703730583190918,-18.087018966674805,-8.197713851928711,16.875370025634766
4,419252,-19.85948944091797,9.755716323852539,3.2422196865081787,5.567166805267334
4,419252,9.915488243103027,12.344863891601562,7.212974548339844,-14.197977066040039
4,419253,17.651065826416016,-21.780061721801758,-12.737388610839844,-12.983969688415527
4,419253,-25.989309310913086,-24.250802993774414,-10.28941535949707,4.198211193084717
4,419253,-12.211067199707031,6.835076332092285,19.403976440429688,29.01548957824707
4,419253,11.853224754333496,7.154613494873047,4.502235412597656,-2.421776533126831
4,419253,10.26345157623291,4.83629035949707,-16.44305419921875,-24.8863582611084
4,419253,-8.805861473083496,15.89017105102539,-1.7741743326187134,-11.601261138916016
4,419254,-7.7290544509887695,-19.06446075439453,-1.5344250202178955,19.342199325561523
4,419254,8.574238777160645,-6.534499168395996,0.5301835536956787,37.54726028442383
4,419254,-4.347840309143066,25.097017288208008,14.654449462890625,-18.37484359741211
4,419254,8.527290344238281,-12.833091735839844,-4.027653694152832,-22.39362144470215
4,419254,13.894085884094238,4.398879528045654,-20.634544372558594,13.257037162780762
4,419254,-10.953350067138672,9.529488563537598,13.48181438446045,4.41207218170166
4,419255,-11.1238431930542,-9.868934631347656,21.01020622253418,-2.594756603240967
4,419255,20.497360229492188,20.787086486816406,-3.9267783164978027,-6.920112133026123
4,419255,22.374170303344727,9.912530899047852,1.1913836002349854,2.0426619052886963
4,419255,-9.134324073791504,-8.074702262878418,2.695028305053711,10.786635398864746
4,419255,-0.03384437412023544,-2.4030745029449463,11.819588661193848,5.535247325897217
4,419257,-14.730818748474121,-13.859570503234863,19.347389221191406,7.401569366455078
4,419257,-13.541387557983398,-1.4050068855285645,-7.325047492980957,-25.149097442626953
4,419257,21.556535720825195,22.889053344726562,-16.511503219604492,-9.793252944946289
4,419257,-11.966209411621094,-6.953742027282715,-7.55269718170166,41.67436218261719
4,419257,-9.459495544433594,-22.90333366394043,-6.409073829650879,-19.671125411987305
4,419257,6.7139105796813965,14.667375564575195,-9.501747131347656,-19.053375244140625
4,419258,-23.716121673583984,14.761333465576172,-7.3257317543029785,32.09174346923828
4,419258,7.666285514831543,-19.315364837646484,2.9133188724517822,-13.992911338806152
4,419259,18.95890235900879,-20.431917190551758,-10.221900939941406,-12.075420379638672
4,419260,11.220585823059082,15.173211097717285,55.501033782958984,49.432106018066406
4,419262,26.39049530029297,32.167362213134766,62.105709075927734,27.448928833007812
4,419265,-31.210067749023438,-17.54429817199707,-75.38216400146484,-74.62545776367188
4,419266,-41.8476448059082,-29.47677230834961,-34.83163070678711,-138.43325805664062
4,419269,13.954424858093262,16.585050582885742,34.785789489746094,37.388641357421875
4,419270,19.495922088623047,-1.0098443031311035,-8.634870529174805,163.37132263183594
4,419273,24.246536254882812,-8.510905265808105,-9.456463813781738,2.8575313091278076
4,419274,14.422111511230469,33.31356430053711,35.44529342651367,1.2030433416366577
4,419277,-27.199626922607422,-4.137563228607178,2.3878273963928223,-11.75759506225586
4,419278,-18.142698287963867,-33.12449264526367,-71.59379577636719,-60.83603286743164
4,419281,-2.8435752391815186,16.22005844116211,-9.404051780700684,15.73786449432373
4,419282,-6.684683799743652,4.6471710205078125,36.98942565917969,5.519466876983643
4,419283,18.691556930541992,-6.369329929351807,20.950288772583008,-12.910991668701172
4,419286,22.519161224365234,29.050607681274414,6.625936985015869,5.416459083557129
4,419287,-13.861115455627441,-14.903167724609375,-8.262356758117676,23.535907745361328
4,419290,7.369698524475098,-4.506494522094727,25.14885711669922,-5.829386234283447
4,419291,11.815325736999512,16.327354431152344,8.860455513000488,-14.525945663452148
4,419294,-52.09407043457031,-33.72381591796875,-58.78581237792969,-56.39066696166992
4,419295,-20.64853858947754,1.0867321491241455,-46.727657318115234,-51.15229034423828
4,419298,38.84074020385742,14.834890365600586,33.49516677856445,71.54605102539062
4,419299,15.561165809631348,2.8198699951171875,34.83846664428711,35.68901824951172
4,419302,-34.66765594482422,-20.74802589416504,-20.5462646484375,25.086706161499023
4,419303,13.257034301757812,-18.06413459777832,16.716325759887695,27.40637969970703
4,419306,26.179052352905273,12.542025566101074,-13.05299186706543,57.078678131103516
4,419308,-48.02938461303711,-12.066231727600098,-66.28126525878906,-9.871466636657715
4,419496,1.2790625095367432,-0.3273569643497467,26.400943756103516,-164.94970703125
4,419496,35.323543548583984,35.76054382324219,48.619384765625,52.939693450927734
4,419496,-1.9774558544158936,10.248993873596191,0.22159697115421295,73.3933334350586
4,419496,-14.531296730041504,-23.3474178314209,5.675225257873535,-69.11044311523438
4,419496,5.174682140350342,-4.957112789154053,10.706835746765137,-12.733515739440918
4,419497,16.653656005859375,13.507006645202637,1.165508508682251,11.710525512695312
4,419497,-5.655450344085693,19.615327835083008,-10.42708969116211,7.315862655639648
4,419497,10.322945594787598,6.837165355682373,-5.2883710861206055,-27.99030303955078
4,419497,6.5804219245910645,-6.996609687805176,17.321979522705078,-12.552125930786133
4,419497,-17.98723602294922,-17.972469329833984,24.914716720581055,24.428564071655273
4,419498,2.8041439056396484,0.7244571447372437,-4.258843421936035,0.13109563291072845
4,419498,19.333269119262695,28.678728103637695,-15.241524696350098,-17.983537673950195
4,419498,5.2983479499816895,-9.940884590148926,-3.904017448425293,7.556880950927734
4,419498,-20.806638717651367,-25.58672332763672,5.00113582611084,25.93190574645996
4,419498,-7.749277591705322,12.593317031860352,0.008679045364260674,-7.448780536651611
4,419498,19.00727081298828,18.232933044433594,-14.9518404006958,-15.243870735168457
4,419499,-6.298236846923828,-19.897443771362305,6.866322994232178,15.26996898651123
4,419499,-16.774398803710938,-2.060520887374878,-1.9596153497695923,-8.850214958190918
4,419499,18.840240478515625,35.09345245361328,-15.821878433227539,-9.090170860290527
4,419499,13.860028266906738,-14.136683464050293,11.59870433807373,20.191740036010742
4,419499,-12.084558486938477,-33.52156448364258,9.944839477539062,5.23889684677124
4,419499,-10.556299209594727,0.3124903738498688,-2.1018221378326416,6.623169898986816
4,419500,2.1119136810302734,9.09337329864502,-0.8296514749526978,-5.094962120056152
4,419500,3.363490581512451,10.935556411743164,-15.825079917907715,-11.68400764465332
4,419500,-12.393497467041016,-13.119976997375488,-2.3309147357940674,-6.125404357910156
4,419500,-6.7854180335998535,-12.623204231262207,5.906822204589844,14.350353240966797
4,419500,-7.402373790740967,2.4356236457824707,-19.6742000579834,48.71830749511719
4,419501,1.4612072706222534,-3.9028382301330566,-3.0803709030151367,-18.503456115722656
4,419501,23.47441864013672,12.897916793823242,-1.3686935901641846,-42.14012145996094
4,419501,2.6885440349578857,-3.501831293106079,-9.382631301879883,23.69106101989746
4,419501,-22.36361312866211,-18.690053939819336,6.890241622924805,22.32123374938965
4,419501,-23.713563919067383,7.005218029022217,7.102339267730713,-11.725353240966797
4,419501,2.92911696434021,9.862814903259277,-7.37575626373291,-11.737585067749023
4,419502,23.329185485839844,0.072898730635643,0.7454885244369507,-11.268068313598633
4,419502,-1.362221360206604,1.2015490531921387,13.381231307983398,-6.599095344543457
4,419502,-6.774174213409424,-3.8462274074554443,-11.253107070922852,11.294732093811035
4,419502,1.4335546493530273,1.378981590270996,-2.3526289463043213,-14.143542289733887
4,419502,-7.613805294036865,2.612118721008301,24.825820922851562,2.8646793365478516
4,419502,4.143131256103516,-13.578388214111328,10.22008228302002,26.602876663208008
4,419503,11.011481285095215,11.6984224319458,-4.806502819061279,-23.555057525634766
4,419503,1.3166083097457886,23.747310638427734,-1.5885330438613892,-11.351911544799805
4,419503,2.829645872116089,-18.730424880981445,-6.765239238739014,17.258106231689453
4,419503,-7.396178245544434,-12.291565895080566,5.947229385375977,10.053858757019043
4,419503,-0.5378199815750122,15.859562873840332,16.143569946289062,-3.2226362228393555
4,419503,37.507957458496094,0.7071770429611206,-13.113468170166016,-4.654899597167969
4,419504,-1.2136558294296265,-0.03953009098768234,-16.752132415771484,2.06744122505188
4,419504,-35.29384231567383,8.408029556274414,8.589090347290039,-19.098350524902344
4,419504,-0.162204772233963,-2.2938435077667236,9.639439582824707,1.9704173803329468
4,419504,0.3600994050502777,3.904917001724243,-10.609456062316895,15.625776290893555
4,419504,2.3894877433776855,7.699475288391113,-8.453654289245605,-11.041865348815918
4,419504,23.60262680053711,1.7778855562210083,19.17507553100586,-8.654496192932129
4,419505,-2.7713003158569336,-18.53174591064453,0.5250433683395386,22.115968704223633
4,419505,-15.540000915527344,-10.40710735321045,-9.092585563659668,21.08024024963379
4,419505,2.144648313522339,20.60582733154297,20.17593765258789,1.1266087293624878
4,419505,-8.055732727050781,-6.667646408081055,-0.8798208832740784,5.344985008239746
4,419505,-1.162803292274475,-3.7997329235076904,-5.277897834777832,-11.958429336547852
4,419505,12.418972969055176,12.414322853088379,-2.431401491165161,-12.132159233093262
4,419506,18.362707138061523,-12.553266525268555,-23.741464614868164,6.546553611755371
4,419506,-4.480291843414307,3.9352357387542725,3.1250240802764893,-18.755754470825195
4,419506,-25.736433029174805,7.020898342132568,11.232666015625,-18.214801788330078
4,419506,-2.5778379440307617,-29.5295352935791,-11.765908241271973,30.369522094726562
4,419506,-0.41476956009864807,-3.9092156887054443,8.598716735839844,2.6313247680664062
4,419506,7.9766058921813965,39.20957565307617,5.8680853843688965,-34.32910919189453
4,419507,10.617740631103516,14.135973930358887,-11.866666793823242,-0.6668646931648254
4,419507,-9.806142807006836,-28.461551666259766,-1.233384370803833,7.471768856048584
4,419507,-4.603958606719971,-28.931175231933594,-0.2254382073879242,-5.753927230834961
4,419507,3.0668013095855713,11.426860809326172,-1.8143513202667236,-8.534218788146973
4,419507,1.5418734550476074,24.26426124572754,0.2439987063407898,3.9136667251586914
4,419507,0.6671401858329773,-6.415934085845947,-5.417572021484375,17.70482635498047
4,419508,-0.5066450834274292,-4.170698642730713,-5.11580753326416,15.32609748840332
4,419508,5.864563465118408,12.582619667053223,5.048946857452393,-4.804669380187988
4,419508,0.5883089303970337,-8.669809341430664,3.682868480682373,-4.469663619995117
4,419508,-13.63177490234375,-16.501846313476562,2.3323469161987305,7.675426006317139
4,419508,-2.118741989135742,2.1850531101226807,0.48488739132881165,-26.313688278198242
4,419508,13.55983829498291,-7.746896266937256,1.7081401348114014,-6.788771629333496
4,419509,0.6087663769721985,4.518815994262695,2.4179527759552,47.62164306640625
4,419509,-24.009159088134766,10.067221641540527,-2.541311740875244,12.571825981140137
4,419509,1.0854527950286865,-2.314560651779175,3.8092916011810303,-22.55586051940918
4,419509,28.238862991333008,-0.8173874020576477,23.865577697753906,5.548642158508301
4,419509,-3.640434980392456,-11.432512283325195,-2.3907477855682373,6.023003578186035
4,419510,-14.54419994354248,1.2996035814285278,-24.96970558166504,0.6107169389724731
4,419510,17.118825912475586,21.760387420654297,11.292468070983887,8.022566795349121
4,419510,17.267353057861328,19.897918701171875,13.603255271911621,-15.992034912109375
4,419510,-14.95077133178711,-6.781345367431641,-15.344880104064941,-7.6966142654418945
4,419510,-5.136448383331299,-11.242820739746094,-14.868692398071289,16.29377555847168
4,419510,12.244552612304688,4.738335609436035,16.062374114990234,-4.403623104095459
4,419511,-3.4802439212799072,6.151169300079346,9.820734977722168,-15.854852676391602
4,419511,-12.151247024536133,8.07751178741455,-10.021156311035156,-4.13774299621582
4,419511,-8.120465278625488,-22.010622024536133,-4.991872787475586,7.288785457611084
4,419511,3.831392765045166,-25.231510162353516,0.2854478359222412,12.497966766357422
4,419511,9.701461791992188,6.14924430847168,-1.4207954406738281,-14.089156150817871
4,419511,-10.28623104095459,-3.5198960304260254,-9.9813871383667,-0.3321174383163452
4,419512,-9.346480369567871,3.832939624786377,0.6054417490959167,18.30634880065918
4,419512,10.698514938354492,15.627618789672852,9.559783935546875,-2.236692190170288
4,419513,-11.031295776367188,-0.3265681266784668,-24.2619571685791,-19.331472396850586
4,419513,-1.0227001905441284,0.08334819227457047,-30.902828216552734,-32.95600891113281
4,419513,24.67746925354004,-2.243225574493408,21.703086853027344,-14.232634544372559
4,419514,-3.1959688663482666,-12.87215805053711,27.40008544921875,0.05045480653643608
4,419514,-2.3296236991882324,10.196331024169922,13.163814544677734,9.234997749328613
4,419514,4.034867763519287,25.764524459838867,10.146373748779297,16.94076919555664
4,419514,-11.923783302307129,17.719741821289062,5.470873832702637,-5.460020542144775
4,419514,15.04620361328125,-15.567663192749023,15.981980323791504,-5.009028434753418
4,419515,2.7546892166137695,-33.68907165527344,10.538862228393555,17.56095314025879
4,419516,-27.986373901367188,3.555832624435425,-23.961416244506836,6.224930286407471
4,419518,16.18567657470703,9.22646427154541,-31.611053466796875,-2.6445441246032715
4,419520,12.664250373840332,10.745287895202637,34.73028564453125,26.838048934936523
4,419522,-18.025394439697266,0.7281585931777954,20.570985794067383,34.071598052978516
4,419524,-0.10043705999851227,-30.743383407592773,-41.19050598144531,-32.836456298828125
4,419526,-10.742916107177734,-15.440653800964355,-13.973374366760254,-1.8053969144821167
4,419528,-4.306258201599121,34.69053649902344,-0.7464367747306824,43.06895446777344
4,419530,34.988792419433594,38.868141174316406,-8.576519012451172,-61.309120178222656
4,419532,2.1625847816467285,-34.757633209228516,-2.007293462753296,-42.274322509765625
4,419534,-26.655925750732422,-13.818533897399902,4.607973575592041,46.946189880371094
4,419536,-4.406928062438965,20.473283767700195,-11.601875305175781,-4.662353992462158
4,419538,13.14074420928955,-21.59183692932129,8.695987701416016,-30.347089767456055
4,419540,2.950324535369873,-3.730848789215088,29.54564666748047,24.477800369262695
4,419542,-11.723937034606934,7.115015506744385,-3.6990344524383545,1.2014548778533936
4,419544,10.988452911376953,6.009195804595947,20.83603858947754,46.7146110534668
4,419547,-10.194360733032227,2.0216565132141113,-13.147321701049805,24.386493682861328
4,419548,-17.811452865600586,-7.646196365356445,-63.53594970703125,-92.12904357910156
4,419551,13.454779624938965,6.090233325958252,13.454089164733887,-10.774104118347168
4,419552,-6.53165864944458,-25.18755340576172,33.9100227355957,14.877381324768066
4,419555,5.122202396392822,14.666879653930664,19.00396156311035,29.4382266998291
4,419556,34.98462677001953,48.47275161743164,-2.9200849533081055,63.64577102661133
4,419557,8.5330228805542,-21.717384338378906,-35.781410217285156,-43.63499069213867
4,419746,-9.819429397583008,-15.875604629516602,28.407270431518555,-61.17331314086914
4,419746,-13.363629341125488,-5.8615217208862305,4.676158905029297,14.059800148010254
4,419747,-19.217798233032227,-0.2229100912809372,-40.13367462158203,20.013742446899414
4,419747,-0.8142275214195251,6.217452049255371,18.732318878173828,10.758002281188965
4,419747,12.861428260803223,-12.341724395751953,19.28555679321289,-4.512501239776611
4,419747,7.062717914581299,16.614547729492188,-11.681410789489746,-8.922263145446777
4,419747,-7.200584888458252,-4.789397716522217,-4.496166706085205,-1.8437004089355469
4,419748,-19.424293518066406,-28.770275115966797,1.8707205057144165,-0.4652808606624603
4,419748,-4.101459503173828,23.515552520751953,5.15373420715332,12.727764129638672
4,419748,18.645036697387695,7.045618534088135,15.95948600769043,-2.134021759033203
4,419748,17.49124526977539,-6.783670425415039,-4.913394927978516,1.1210354566574097
4,419748,-9.650263786315918,27.481733322143555,-11.946563720703125,3.7131717205047607
4,419748,-20.135921478271484,-17.306983947753906,9.527450561523438,-10.160840034484863
4,419749,15.51126766204834,-12.119500160217285,-0.23328058421611786,-2.4603686332702637
4,419749,16.62059211730957,24.4769229888916,-25.004364013671875,-2.0365731716156006
4,419749,-15.280534744262695,-23.76470947265625,2.670442581176758,13.772150039672852
4,419749,-1.8555692434310913,-13.719613075256348,17.33624839782715,16.475034713745117
4,419749,3.178699016571045,19.419565200805664,-11.813405990600586,-15.25100040435791
4,419749,-5.47962760925293,-7.614157676696777,0.7326239347457886,-4.517157554626465
4,419750,7.575407028198242,-1.5287532806396484,13.194734573364258,15.723740577697754
4,419750,10.181143760681152,16.740489959716797,1.9713398218154907,-5.667993545532227
4,419750,-3.638345718383789,-7.341381549835205,-18.994443893432617,-12.343143463134766
4,419750,-25.425371170043945,-14.476014137268066,-9.46584415435791,-7.570809841156006
4,419750,1.332751989364624,17.937049865722656,21.00739097595215,4.49330997467041
4,419750,20.93317413330078,6.533189296722412,5.638225555419922,18.025806427001953
4,419751,-11.022741317749023,-9.777103424072266,-7.8794169425964355,-11.66171646118164
4,419751,-4.24188232421875,11.648872375488281,-5.597764015197754,-24.01406478881836
4,419751,-5.523968696594238,-17.580307006835938,2.5045487880706787,10.171446800231934
4,419751,-3.7372560501098633,-6.423084735870361,2.3907501697540283,5.37081241607666
4,419751,5.464376926422119,24.45320701599121,-14.40969467163086,1.552634835243225
4,419751,1.2427829504013062,-18.871925354003906,6.537596225738525,8.590655326843262
4,419752,21.406944274902344,4.908421516418457,24.097618103027344,-13.205805778503418
4,419752,4.1074628829956055,19.25652503967285,1.5478897094726562,5.163012981414795
4,419752,-9.53449821472168,-19.271556854248047,-18.945165634155273,4.85750150680542
4,419752,11.461653709411621,-10.572365760803223,-9.656512260437012,-21.79554557800293
4,419752,-0.07842232286930084,5.40159797668457,11.024102210998535,-12.435689926147461
4,419752,-17.723169326782227,-1.9578149318695068,1.708135724067688,8.349203109741211
4,419753,-4.4237751960754395,-16.669382095336914,-7.77469539642334,8.791197776794434
4,419753,5.461235523223877,0.7245025038719177,1.05288827419281,5.951261043548584
4,419753,-13.125809669494629,25.57430076599121,-11.706267356872559,-4.6609673500061035
4,419753,-8.247201919555664,7.801390171051025,-6.035396099090576,-9.921546936035156
4,419753,14.006915092468262,-10.24625301361084,14.343376159667969,13.611678123474121
4,419754,11.541791915893555,6.542476177215576,-0.4537762403488159,0.9077126979827881
4,419754,4.261931896209717,5.16970682144165,3.1990296840667725,-2.9742650985717773
4,419754,-8.928887367248535,-10.915648460388184,4.018569469451904,11.02772331237793
4,419754,-9.2235746383667,-1.8646202087402344,-1.6722337007522583,-12.365022659301758
4,419754,2.7387635707855225,-2.658278703689575,14.659762382507324,0.541687548160553
4,419754,-0.06729362905025482,-4.819540023803711,0.3592337667942047,25.27150535583496
4,419755,-4.109400749206543,23.15762710571289,-10.757662773132324,-17.844383239746094
4,419755,3.898646593093872,-14.202807426452637,-2.679905652999878,-16.355512619018555
4,419755,14.043472290039062,-18.953664779663086,2.7649664878845215,19.68197250366211
4,419755,-3.427945375442505,34.826786041259766,11.663108825683594,12.948267936706543
4,419755,0.8511657118797302,3.1705543994903564,-1.2083678245544434,-1.8215495347976685
4,419755,13.791289329528809,-7.93882942199707,-9.622746467590332,-9.226460456848145
4,419756,-24.55333137512207,3.068106174468994,16.620849609375,10.447672843933105
4,419756,5.588414192199707,-0.7043318748474121,7.4490742683410645,4.226118087768555
4,419756,25.16427993774414,7.94572639465332,-13.465628623962402,6.395981788635254
4,419756,-16.739917755126953,-6.041659355163574,1.1955045461654663,4.985896587371826
4,419756,6.97562313079834,-19.666301727294922,1.0746926069259644,-16.220762252807617
4,419756,-5.3472113609313965,-6.490327835083008,1.7418104410171509,2.058391571044922
4,419757,-10.370107650756836,17.802879333496094,2.263371229171753,-1.5645430088043213
4,419757,20.217864990234375,5.144036293029785,-6.37129545211792,-1.1290615797042847
4,419757,-8.501243591308594,-16.942184448242188,-11.282238960266113,1.2778950929641724
4,419757,-16.13539695739746,-10.165410995483398,17.29197883605957,7.950283050537109
4,419757,-2.8035728931427,14.473608016967773,13.655755996704102,4.821291923522949
4,419757,8.854734420776367,25.368314743041992,-32.865875244140625,-6.601842403411865
4,419758,10.936622619628906,-8.08005142211914,-11.807511329650879,10.537575721740723
4,419758,0.16154620051383972,-27.758338928222656,0.4354909062385559,-9.646500587463379
4,419758,-15.097198486328125,3.9306640625,-19.913057327270508,-3.5530176162719727
4,419758,-28.125404357910156,7.843401908874512,-1.6305752992630005,1.3356013298034668
4,419758,14.161109924316406,-20.702085494995117,4.132453918457031,-29.794370651245117
4,419758,20.761661529541016,-5.3043975830078125,-22.07328224182129,-3.841667652130127
4,419759,-20.638681411743164,5.021138668060303,-0.8094207048416138,11.801674842834473
4,419759,-0.4688798189163208,3.252004623413086,38.626766204833984,-26.97933006286621
4,419759,12.841130256652832,2.3921892642974854,9.813535690307617,-8.742391586303711
4,419759,-1.2087185382843018,0.7568085193634033,-13.563352584838867,19.853130340576172
4,419759,7.101947784423828,13.576852798461914,12.123611450195312,-16.15790367126465
4,419759,7.8637166023254395,11.14704704284668,26.060575485229492,-11.605484008789062
4,419760,-1.1918480396270752,-3.0380730628967285,16.030773162841797,26.954471588134766
4,419760,-16.766061782836914,-5.519707202911377,5.30475378036499,22.009403228759766
4,419760,2.711817979812622,10.421022415161133,-2.7732858657836914,-11.222251892089844
4,419760,24.34195899963379,5.210126876831055,-8.6531400680542,6.060003280639648
4,419760,-11.737214088439941,-16.91952896118164,-4.949441432952881,11.299732208251953
4,419760,-6.253568172454834,-3.072939395904541,-6.46404504776001,-4.74039888381958
4,419761,11.573905944824219,11.907808303833008,-14.909780502319336,1.083956003189087
4,419761,-23.24605941772461,-10.54763412475586,-7.868160724639893,-16.537336349487305
4,419761,-2.9393999576568604,-0.013943543657660484,2.7792155742645264,6.133357524871826
4,419761,29.873336791992188,7.99898099899292,-5.760675430297852,15.35204029083252
4,419761,-6.24577522277832,-23.9373779296875,-8.879531860351562,-2.9838788509368896
4,419761,-9.027669906616211,11.085110664367676,10.409772872924805,8.587990760803223
4,419762,-3.3238303661346436,35.20415496826172,13.16156005859375,8.931915283203125
4,419762,-14.391408920288086,-22.60282325744629,-2.860450029373169,4.257028102874756
4,419762,7.783702373504639,-34.6726188659668,-3.965005397796631,10.946549415588379
4,419762,15.313003540039062,14.859984397888184,-12.290935516357422,-12.424691200256348
4,419763,1.6193594932556152,5.046142101287842,-3.3912155628204346,-51.30201721191406
4,419764,-20.704599380493164,-27.477033615112305,16.569406509399414,-8.833878517150879
4,419764,-6.490025043487549,11.372269630432129,0.05513462424278259,37.724212646484375
4,419764,19.0662784576416,33.85542678833008,-7.92364501953125,2.127164125442505
4,419764,-5.293177127838135,5.145127296447754,2.341639757156372,-10.937837600708008
4,419764,-7.435327053070068,-16.806873321533203,11.880511283874512,-9.542905807495117
4,419764,17.204532623291016,-11.245489120483398,-1.5079078674316406,-18.36223030090332
4,419765,4.845271587371826,13.45365047454834,-12.358497619628906,7.135529518127441
4,419765,-11.631719589233398,18.143856048583984,13.633406639099121,8.381393432617188
4,419766,14.375167846679688,10.103585243225098,10.174026489257812,-6.675590515136719
4,419767,22.655399322509766,3.1991631984710693,-9.20887279510498,37.31327438354492
4,419770,-21.92123794555664,-20.82857894897461,-29.060962677001953,35.322723388671875
4,419771,-18.452730178833008,-14.102992057800293,-25.53978157043457,-15.425877571105957
4,419774,18.270977020263672,14.93838119506836,13.522506713867188,-16.629467010498047
4,419775,5.150254726409912,-3.3158020973205566,50.3359260559082,-5.745081424713135
4,419778,-13.078843116760254,-12.389159202575684,-2.042417287826538,4.628438472747803
4,419780,-10.244569778442383,3.40342378616333,-59.9963493347168,-6.857711315155029
4,419782,-2.603583335876465,-6.1784210205078125,42.83511734008789,-27.813919067382812
4,419784,-8.35862922668457,-9.611159324645996,33.94447326660156,-23.276567459106445
4,419786,-0.8307915925979614,0.6512894630432129,-43.49578094482422,24.519092559814453
4,419788,15.240811347961426,9.229378700256348,29.611726760864258,60.55116653442383
4,419790,10.389897346496582,15.920095443725586,8.676833152770996,2.978069543838501
4,419792,-7.69728946685791,-1.2312809228897095,-49.41810989379883,-20.94772720336914
4,419794,-8.841565132141113,-20.977031707763672,20.684354782104492,-17.864351272583008
4,419796,5.558133125305176,-4.321096420288086,-4.205572128295898,-44.04157257080078
4,419798,5.3490424156188965,18.319068908691406,-17.95457649230957,-5.919948101043701
4,419800,8.069254875183105,9.430024147033691,43.15981674194336,11.799561500549316
4,419802,10.8267183303833,-15.371705055236816,-11.030539512634277,37.637779235839844
4,419804,-10.510689735412598,-15.534971237182617,-9.548340797424316,104.0050048828125
4,419806,-13.78212833404541,19.797704696655273,20.040470123291016,-47.924720764160156
4,419808,7.922573566436768,20.661388397216797,-16.149200439453125,-159.22955322265625
4,419810,-5.153810501098633,-5.175391674041748,-22.428218841552734,35.84257507324219
4,419812,1.7947065830230713,-7.3337507247924805,14.49011516571045,76.01885986328125
4,419815,13.115217208862305,-3.0671513080596924,18.291736602783203,-37.73277282714844
