Aktueller Finger,timestamp_ms,sensor_0,sensor_1,sensor_2,sensor_3
0,346567,-60.67559051513672,68.6932144165039,70.78438568115234,-20.645198822021484
0,346570,-43.62403869628906,89.7449951171875,86.92963409423828,1.9321653842926025
0,346571,70.67060089111328,-87.01958465576172,-77.71257019042969,16.114717483520508
0,346574,68.28636932373047,-118.06439208984375,-134.72434997558594,7.004526138305664
0,346575,19.3586368560791,-12.799555778503418,-18.66980743408203,9.24858570098877
0,346578,-12.442493438720703,45.37302017211914,45.88349533081055,-7.825606822967529
0,346579,-42.20811080932617,34.392494201660156,10.342216491699219,-23.527936935424805
0,346582,-57.71167755126953,12.821240425109863,37.76081466674805,-3.631044626235962
0,346592,-67.9310531616211,70.94644165039062,141.2723388671875,10.12368392944336
0,346592,-13.746044158935547,41.5616569519043,63.9619026184082,22.929622650146484
0,346593,74.33316040039062,-71.34549713134766,-140.60476684570312,12.46959114074707
0,346593,66.35409545898438,-64.40934753417969,-117.38510131835938,-17.672258377075195
0,346593,17.25247573852539,-32.25938415527344,-2.525482177734375,-5.291685104370117
0,346594,8.49598217010498,-2.448686361312866,8.120716094970703,7.712652683258057
0,346596,-0.4528987407684326,34.27042770385742,15.709332466125488,-14.04444694519043
0,346597,-33.81472396850586,6.185420513153076,4.078137397766113,-20.053142547607422
0,346600,-4.3366265296936035,-1.4216159582138062,9.633028030395508,12.420053482055664
0,346601,13.361547470092773,6.224309921264648,17.443246841430664,23.042760848999023
0,346604,-41.865718841552734,33.4729118347168,21.044857025146484,-8.816075325012207
0,346605,-12.391584396362305,5.8478617668151855,30.262720108032227,-6.436301231384277
0,346608,-0.9637413620948792,-17.726964950561523,14.401934623718262,9.878899574279785
0,346609,-18.239608764648438,37.677188873291016,0.4711107313632965,0.14088836312294006
0,346612,32.97856140136719,-31.617700576782227,-46.18804168701172,-12.233336448669434
0,346613,15.005938529968262,-41.853214263916016,-34.75995635986328,-3.4757442474365234
0,346616,15.18301010131836,22.396799087524414,-4.909165859222412,11.376218795776367
0,346639,22.54267120361328,6.429869651794434,-2.271589517593384,4.390926361083984
0,346639,-34.726287841796875,-3.262096881866455,27.371078491210938,5.0092315673828125
0,346639,0.23037564754486084,-14.67526626586914,5.423609733581543,-8.059741973876953
0,346640,35.09214401245117,-20.601295471191406,-58.92462158203125,-14.175834655761719
0,346640,6.320340633392334,-19.379789352416992,-58.80964660644531,17.61923599243164
0,346640,17.40810203552246,-16.63506317138672,5.429344177246094,1.7032195329666138
0,346640,22.224824905395508,-14.123024940490723,5.148667335510254,-17.212779998779297
0,346640,-19.759029388427734,-1.8469371795654297,2.1582071781158447,13.3279390335083
0,346641,-45.71628189086914,39.95172882080078,57.88459777832031,14.65188217163086
0,346641,-42.53750991821289,64.961181640625,77.34628295898438,-7.325037479400635
0,346641,-13.908842086791992,43.8949089050293,55.81892776489258,-29.60728645324707
0,346641,2.3796534538269043,2.952509880065918,5.864866256713867,-5.984508037567139
0,346642,-18.09300422668457,-25.141468048095703,-7.777804374694824,26.027671813964844
0,346644,-22.152931213378906,20.556840896606445,10.160767555236816,-1.4232784509658813
0,346645,-0.0042375363409519196,25.429489135742188,-3.0707478523254395,-23.40131378173828
0,346648,0.15545552968978882,-5.230661869049072,20.44870376586914,-9.750825881958008
0,346649,7.326845169067383,11.225915908813477,4.624579906463623,19.824636459350586
0,346652,32.96003723144531,-54.969757080078125,-74.1047592163086,15.99993896484375
0,346653,18.484920501708984,-49.65411376953125,-44.378719329833984,11.968708992004395
0,346656,34.61026382446289,-2.7911856174468994,-23.57060432434082,5.11396598815918
0,346657,25.949970245361328,-14.969696998596191,-23.15179443359375,-31.585681915283203
0,346660,-21.069561004638672,20.986398696899414,5.756011962890625,11.114145278930664
0,346661,13.096360206604004,-27.714187622070312,-10.777109146118164,34.88620376586914
0,346664,-9.32031536102295,-4.635582447052002,39.85791778564453,-49.90176010131836
0,346665,-43.505210876464844,70.34748077392578,22.0792236328125,-35.19550323486328
0,346703,67.42632293701172,-84.1258316040039,-93.4538803100586,58.09269332885742
0,346703,72.31981658935547,-76.80780029296875,-62.754173278808594,36.36460876464844
0,346703,-61.08437728881836,89.69844818115234,73.72147369384766,-30.411325454711914
0,346703,-52.359107971191406,52.3600959777832,67.16588592529297,-18.28925132751465
0,346703,-25.120777130126953,9.766526222229004,23.640913009643555,2.8133301734924316
0,346703,-47.92469024658203,26.626853942871094,57.46650695800781,1.8625903129577637
0,346704,-11.876145362854004,16.40550994873047,12.030316352844238,6.375191688537598
0,346704,26.074594497680664,-7.172553062438965,-24.8867130279541,-2.6650259494781494
0,346704,36.03585433959961,-22.05974006652832,-29.325458526611328,-7.307251930236816
0,346704,10.680688858032227,-38.1147575378418,-30.766155242919922,9.95112419128418
0,346704,-3.7691612243652344,-16.9884090423584,-0.5302185416221619,14.054386138916016
0,346704,9.981061935424805,20.647294998168945,-6.844339370727539,-26.436243057250977
0,346705,7.710747241973877,15.723670959472656,7.412557125091553,-13.418644905090332
0,346705,-26.1103572845459,2.8724780082702637,32.84812545776367,22.932140350341797
0,346705,-31.382118225097656,-0.9430916905403137,9.299308776855469,-8.808209419250488
0,346705,1.5149307250976562,2.809957981109619,11.024431228637695,-5.534405708312988
0,346705,4.282650947570801,4.449417591094971,8.120660781860352,9.014870643615723
0,346705,14.855360984802246,8.180328369140625,-34.21868896484375,-8.349919319152832
0,346707,-0.3057507276535034,14.620414733886719,1.3811736106872559,1.1207778453826904
0,346707,-31.66238784790039,-0.2026272714138031,31.187082290649414,2.873406171798706
0,346708,18.745389938354492,-32.16688537597656,-42.33753967285156,5.437388896942139
0,346710,18.365514755249023,-15.071640968322754,-19.204416275024414,-0.02752811089158058
0,346711,-9.973634719848633,6.356269359588623,25.265216827392578,-11.627806663513184
0,346714,55.764644622802734,-23.419681549072266,-68.35823059082031,-1.7568567991256714
0,346715,30.631385803222656,-33.262054443359375,-36.48713302612305,6.036055564880371
0,346718,-5.703420162200928,-14.733543395996094,13.313511848449707,4.771420955657959
0,346719,23.125810623168945,-9.646822929382324,-42.376197814941406,14.597749710083008
0,346722,-10.603169441223145,21.068614959716797,26.86754035949707,22.61270523071289
0,346723,-13.76097297668457,34.44412612915039,28.273944854736328,-17.163105010986328
0,346726,-44.91212463378906,34.13760757446289,49.98093795776367,-13.531822204589844
0,346727,-57.86005783081055,27.057559967041016,94.51599884033203,1.8516550064086914
0,346730,-2.3727118968963623,12.274383544921875,-11.42016887664795,-21.22631072998047
0,346731,7.639923095703125,0.2721703052520752,-19.48752212524414,20.42540740966797
0,346734,49.01183319091797,-62.188133239746094,-57.23988342285156,20.175460815429688
0,346783,56.051422119140625,-18.158735275268555,-64.89520263671875,-31.942861557006836
0,346783,-28.091285705566406,56.24076461791992,64.68425750732422,-0.35369786620140076
0,346783,-38.37711715698242,14.073070526123047,50.64814758300781,19.415302276611328
0,346783,7.618035793304443,-20.750062942504883,-39.642635345458984,-22.612049102783203
0,346784,22.623287200927734,-42.05248260498047,-55.96642303466797,-12.609979629516602
0,346784,30.944063186645508,-43.59553909301758,-34.23177719116211,27.525854110717773
0,346784,-5.534237861633301,8.975110054016113,-1.1120762825012207,9.751429557800293
0,346784,-34.115325927734375,17.386728286743164,30.29320526123047,-5.681203365325928
0,346784,-7.5530219078063965,9.341367721557617,35.65230178833008,4.709496021270752
0,346785,-22.789567947387695,31.087160110473633,22.41707992553711,-22.570711135864258
0,346785,-41.405643463134766,22.14861488342285,25.16975212097168,-20.496063232421875
0,346785,-8.243244171142578,10.771533012390137,25.062850952148438,31.960094451904297
0,346785,-2.03310489654541,13.540858268737793,12.570667266845703,9.494601249694824
0,346785,13.781217575073242,-11.762580871582031,-8.333807945251465,-14.959733963012695
0,346785,42.02242660522461,-20.879243850708008,-37.780189514160156,-5.111257553100586
0,346786,11.038861274719238,-15.807597160339355,-27.573482513427734,-1.668963074684143
0,346786,0.20288234949111938,-15.002395629882812,-0.9562051892280579,26.066740036010742
0,346786,16.163972854614258,5.811297416687012,-5.973092079162598,0.030609365552663803
0,346786,-9.668296813964844,-1.0074329376220703,4.622745513916016,-18.72840118408203
0,346786,-26.11109733581543,16.932275772094727,34.007789611816406,8.023303985595703
0,346786,-8.304269790649414,29.43111801147461,40.04595947265625,13.176414489746094
0,346787,2.022430896759033,0.8045194149017334,15.519868850708008,0.8228216171264648
0,346787,6.877195835113525,-5.004563808441162,-15.84979248046875,-18.480756759643555
0,346787,3.2760512828826904,-6.408956527709961,-20.648805618286133,-3.614450693130493
0,346787,3.426393508911133,-25.793848037719727,-29.02271842956543,16.78458595275879
0,346788,14.12468147277832,-27.936872482299805,-35.29341506958008,13.69681167602539
0,346789,2.5623486042022705,13.013697624206543,-19.376346588134766,-3.462080240249634
0,346790,-6.179426670074463,30.379932403564453,30.135334014892578,-30.442642211914062
0,346791,17.47671890258789,-24.400970458984375,4.981051921844482,-20.149063110351562
0,346794,27.389236450195312,-42.21620559692383,-91.21063995361328,-32.75630569458008
0,346795,4.996282577514648,14.9922513961792,-45.05813980102539,-23.690704345703125
0,346798,21.113290786743164,-2.0219337940216064,21.998388290405273,66.95227813720703
0,346799,13.431816101074219,-51.696983337402344,-10.659064292907715,50.36561965942383
0,346802,-29.39830780029297,0.9419780969619751,25.119384765625,-19.025251388549805
0,346803,-25.121604919433594,59.7425537109375,73.81796264648438,-26.9993896484375
0,346806,-55.069149017333984,64.41034698486328,71.16522216796875,-2.3983240127563477
0,346807,-29.00489616394043,30.836584091186523,46.31159973144531,20.88268280029297
0,346810,31.9007568359375,5.324156761169434,-7.208132266998291,-5.324641704559326
0,346811,-0.034395672380924225,-22.8974666595459,-17.354434967041016,4.157054424285889
0,346814,12.909350395202637,-70.10877227783203,-62.83232879638672,15.859421730041504
0,346815,35.00251388549805,-10.722725868225098,-41.3668212890625,-2.1729235649108887
0,346877,-3.741896629333496,1.0560564994812012,8.908075332641602,-1.2535332441329956
0,346877,-15.410027503967285,-24.100263595581055,-11.175361633300781,-17.083995819091797
0,346878,-1.0949985980987549,34.2094612121582,12.893585205078125,-8.850272178649902
0,346878,23.152320861816406,4.62675666809082,-17.82652473449707,12.77158260345459
0,346878,43.84718322753906,-37.178619384765625,-40.65446853637695,-5.927151203155518
0,346878,23.121328353881836,-13.898369789123535,0.3468828797340393,-13.780326843261719
0,346878,-28.665369033813477,12.187765121459961,17.97063636779785,1.854802131652832
0,346879,-42.660526275634766,37.56409454345703,24.08732795715332,6.183454513549805
0,346879,-17.94563865661621,44.03923416137695,30.07426643371582,-14.393771171569824
0,346879,-22.902687072753906,21.817384719848633,9.42365837097168,-12.958474159240723
0,346879,-27.17729949951172,-7.6546735763549805,45.08659744262695,30.52078628540039
0,346879,13.874231338500977,14.12934398651123,48.91645812988281,-2.479163408279419
0,346879,31.151124954223633,12.638060569763184,-41.794952392578125,-23.13800621032715
0,346879,2.590384006500244,-54.077701568603516,-54.096797943115234,21.95697021484375
0,346880,6.749731540679932,-29.51000213623047,-33.503700256347656,-6.795003414154053
0,346880,21.60904884338379,6.748144149780273,-6.218153476715088,-7.516209602355957
0,346880,5.576543807983398,-7.553221225738525,31.650527954101562,41.47565841674805
0,346880,-8.04769515991211,9.004905700683594,18.263526916503906,8.78575325012207
0,346880,-19.79707145690918,1.1057374477386475,-0.0562485009431839,-13.790925025939941
0,346881,-21.975563049316406,22.9080867767334,16.084732055664062,9.16395378112793
0,346881,-2.338674306869507,31.406850814819336,22.297077178955078,3.4373111724853516
0,346881,1.233019232749939,-18.810287475585938,-0.7124722003936768,-12.622445106506348
0,346881,-7.7754693031311035,-16.689298629760742,-20.135042190551758,-11.673565864562988
0,346881,9.188878059387207,-11.857348442077637,-13.200303077697754,9.393808364868164
0,346881,18.642000198364258,-31.366901397705078,-20.270225524902344,-11.71243953704834
0,346882,-1.7662023305892944,-13.566337585449219,-14.76445484161377,6.351507186889648
0,346882,-8.01093578338623,11.337907791137695,11.595251083374023,33.20341110229492
0,346882,-4.914005756378174,10.429673194885254,6.389501571655273,-14.406179428100586
0,346882,2.0036470890045166,-10.796651840209961,-5.003489971160889,-18.88426971435547
0,346882,-1.3441379070281982,2.6092679500579834,6.359315872192383,-6.665623188018799
0,346882,-13.265585899353027,28.4370174407959,26.420473098754883,6.699656963348389
0,346884,-24.30636215209961,22.905277252197266,41.32990646362305,13.336860656738281
0,346884,-20.79973602294922,27.852928161621094,34.79117202758789,-17.34930419921875
0,346884,30.910667419433594,-5.448051452636719,-40.3068733215332,-16.8113956451416
0,346886,8.984025001525879,-6.777967929840088,-37.504390716552734,-6.884594440460205
0,346887,-55.576148986816406,36.51655197143555,44.09377670288086,2.184821605682373
0,346890,-5.144402027130127,10.816092491149902,47.22663879394531,11.097932815551758
0,346891,71.3173828125,-24.755346298217773,-19.696651458740234,16.499061584472656
0,346894,33.47850799560547,-60.51376724243164,-101.0242919921875,-5.822005271911621
0,346895,-18.148836135864258,-26.458093643188477,-57.310848236083984,-77.68276977539062
0,346898,50.83279800415039,3.4864516258239746,9.50417423248291,27.273862838745117
0,346899,49.972190856933594,-46.21553421020508,-20.475305557250977,110.59871673583984
0,346902,-40.40170669555664,-13.632430076599121,-14.72419548034668,-39.38974380493164
0,346903,-21.865520477294922,29.420480728149414,24.800662994384766,-49.39405059814453
0,346906,-31.915586471557617,64.82532501220703,74.84211730957031,24.459552764892578
0,346907,-47.47908020019531,51.203731536865234,71.6395263671875,-4.435301780700684
0,346910,5.15967321395874,-12.61507511138916,11.752388954162598,5.599563121795654
0,346911,2.8404860496520996,-25.918128967285156,-47.888084411621094,8.03650951385498
0,346914,35.094322204589844,-27.56616973876953,-76.806884765625,-9.773322105407715
0,346915,45.160423278808594,-3.860265016555786,-2.289482355117798,4.329631805419922
0,346989,-93.45036315917969,62.76720428466797,135.26821899414062,-8.92844295501709
0,346989,-109.12584686279297,56.28537368774414,93.4022216796875,7.990514755249023
0,346989,66.5989761352539,-50.82643127441406,-100.9775161743164,0.582513153553009
0,346989,88.745361328125,-47.920780181884766,-77.2735595703125,-17.990549087524414
0,346989,13.946305274963379,-22.835599899291992,-9.194863319396973,12.135464668273926
0,346990,13.346055030822754,-22.27396011352539,-35.1831169128418,6.53290319442749
0,346990,10.656046867370605,12.775282859802246,4.7499799728393555,7.136969566345215
0,346990,-8.536406517028809,-0.1500149369239807,12.425314903259277,-7.499914646148682
0,346990,-13.567301750183105,17.10150146484375,-13.142294883728027,-15.484569549560547
0,346990,-11.88042163848877,18.451171875,22.920061111450195,27.59859275817871
0,346991,-12.780637741088867,-9.086044311523438,32.58197021484375,11.685320854187012
0,346991,-0.8593087196350098,9.73291015625,-20.22916030883789,-29.257898330688477
0,346991,18.066686630249023,-2.744688034057617,-41.82792663574219,-20.010351181030273
0,346991,18.075075149536133,-49.16446304321289,-10.4099702835083,16.129140853881836
0,346991,5.395717620849609,-21.386276245117188,2.937772750854492,20.212608337402344
0,346991,0.7713223695755005,27.884904861450195,-15.02744197845459,-6.933592796325684
0,346992,0.3341315686702728,14.017731666564941,14.533258438110352,-15.457592010498047
0,346992,-5.053854942321777,-1.385559320449829,16.30840301513672,-8.227800369262695
0,346992,-10.873116493225098,16.700687408447266,13.801285743713379,17.227685928344727
0,346992,0.6396992802619934,24.698862075805664,35.010948181152344,12.756989479064941
0,346992,-11.354581832885742,-15.846115112304688,-16.597822189331055,-6.0984272956848145
0,346992,-16.744909286499023,-20.97117042541504,-11.150618553161621,2.68184494972229
0,346993,21.076366424560547,13.332826614379883,2.94439697265625,-8.997456550598145
0,346993,24.71584701538086,-4.034334659576416,-44.77801513671875,-12.061986923217773
0,346993,-8.688506126403809,-6.586922645568848,-19.235387802124023,21.34000015258789
0,346993,-7.2433648109436035,13.671470642089844,8.822710990905762,-11.676223754882812
0,346993,0.1825384795665741,-34.24362564086914,-0.9422362446784973,-22.860090255737305
0,346993,-17.623533248901367,-32.74235916137695,12.928542137145996,19.431493759155273
0,346994,5.310966968536377,28.59166145324707,0.46207526326179504,-17.104719161987305
0,346994,15.208320617675781,10.722719192504883,-1.7321876287460327,3.9749915599823
0,346994,-22.875965118408203,9.0472412109375,25.578393936157227,29.62470245361328
0,346994,-7.4364142417907715,24.910764694213867,-5.145021915435791,-37.86443328857422
0,346994,14.905082702636719,-19.470783233642578,-8.718843460083008,-7.0610880851745605
0,346994,-9.92652702331543,-28.52178192138672,12.976016998291016,32.980079650878906
0,346995,-7.669262409210205,2.8899271488189697,-1.5228203535079956,0.8102741241455078
0,346995,14.752974510192871,5.616358757019043,18.386669158935547,-3.712104320526123
0,346995,1.920648455619812,20.073925018310547,18.867918014526367,2.210247039794922
0,346996,7.463463306427002,13.325180053710938,-13.04254150390625,30.027023315429688
0,346996,23.376575469970703,-17.7913761138916,2.7866787910461426,21.792390823364258
0,346997,-8.17265510559082,17.7860050201416,14.58553409576416,-41.73551940917969
0,346998,-5.2679057121276855,34.82991409301758,23.8712158203125,-14.695646286010742
0,346999,10.97913932800293,-19.872615814208984,-16.378707885742188,35.956077575683594
0,347002,-7.3357648849487305,-47.92457962036133,-47.403709411621094,3.931483507156372
0,347003,-41.170928955078125,6.483057975769043,49.97333908081055,-22.449546813964844
0,347006,-36.5072021484375,124.76752471923828,111.90418243408203,-33.45318603515625
0,347007,-22.577880859375,38.96579360961914,30.895334243774414,3.6902084350585938
0,347010,-13.747241973876953,-97.96475982666016,-65.86958312988281,33.42265701293945
0,347011,30.0267276763916,18.460071563720703,-56.7503547668457,-12.838541030883789
0,347014,43.571685791015625,-34.47824478149414,-64.84027862548828,-6.429818630218506
0,347015,36.4161376953125,-111.86471557617188,-55.25685501098633,8.028067588806152
0,347018,11.995384216308594,9.958122253417969,6.095848083496094,-1.496264934539795
0,347019,14.737189292907715,15.530887603759766,-0.46334049105644226,15.502018928527832
0,347022,-1.1376019716262817,-22.41059112548828,-42.494117736816406,-45.66837692260742
0,347023,-42.695594787597656,31.87539291381836,20.2869815826416,-55.30189514160156
0,347026,-30.616287231445312,134.75863647460938,172.5269317626953,97.89588165283203
0,347027,-10.895438194274902,24.34769058227539,38.97113800048828,61.710044860839844
0,347030,15.703272819519043,-115.23599243164062,-121.05769348144531,-76.72164916992188
0,347031,28.453636169433594,3.85599684715271,19.064905166625977,-8.689471244812012
0,347118,41.06795883178711,-35.1829833984375,-62.9351806640625,8.918220520019531
0,347118,23.84612464904785,-59.59553527832031,-103.10517883300781,-25.188318252563477
0,347118,-39.73551559448242,79.20537567138672,94.95465087890625,5.0312395095825195
0,347118,-26.729223251342773,20.5262393951416,58.92619705200195,12.012784004211426
0,347119,10.82808780670166,-15.88809871673584,-23.619335174560547,-4.007122993469238
0,347119,16.676746368408203,-1.9484889507293701,-50.51966857910156,-7.325836658477783
0,347119,25.96117401123047,-64.1213607788086,-54.19083023071289,15.815115928649902
0,347119,13.134117126464844,-26.054763793945312,8.191610336303711,6.140392303466797
0,347119,-15.256625175476074,54.22871017456055,27.618621826171875,-4.630646228790283
0,347119,-35.52153778076172,32.68956756591797,22.18128204345703,-2.2645184993743896
0,347120,-37.2940673828125,11.121522903442383,53.481502532958984,0.144410640001297
0,347120,-29.989124298095703,48.277748107910156,49.08449172973633,4.889504432678223
0,347120,-7.55853796005249,37.666988372802734,13.473220825195312,-2.619144916534424
0,347120,5.043909072875977,-17.843860626220703,0.601860761642456,4.422689437866211
0,347120,16.56937599182129,-30.815065383911133,-13.484102249145508,-2.4800384044647217
0,347121,46.48342514038086,-28.779945373535156,-28.73972511291504,6.0477752685546875
0,347121,18.62616539001465,-24.902822494506836,-19.73586654663086,23.45749855041504
0,347121,-2.4270458221435547,-4.669495105743408,-6.668300628662109,-12.307555198669434
0,347121,5.106813907623291,12.359846115112305,3.816972255706787,-8.485122680664062
0,347121,-19.031383514404297,20.59737205505371,44.48936462402344,11.11526107788086
0,347121,-24.810827255249023,5.289793968200684,23.37115478515625,-18.348905563354492
0,347122,-1.2354758977890015,6.21115255355835,11.699874877929688,-17.311227798461914
0,347122,5.155319690704346,20.680919647216797,19.030244827270508,17.300132751464844
0,347122,-26.88718032836914,-4.34053897857666,-22.684720993041992,36.353614807128906
0,347122,-10.564847946166992,-17.247102737426758,-28.456472396850586,-9.909591674804688
0,347122,28.041292190551758,-3.495920419692993,-31.075576782226562,-49.02370071411133
0,347122,29.419227600097656,-17.138721466064453,-30.481412887573242,12.964410781860352
0,347123,13.599120140075684,-3.579123020172119,-7.459047794342041,17.353679656982422
0,347123,-33.34610366821289,10.879786491394043,3.1815319061279297,-19.671375274658203
0,347123,-29.80500030517578,0.18899884819984436,12.409317970275879,20.646961212158203
0,347123,7.048458576202393,15.298661231994629,24.155811309814453,5.609035968780518
0,347123,4.813215732574463,17.39585304260254,15.89060115814209,-28.646202087402344
0,347123,-2.2195723056793213,-12.718687057495117,14.305535316467285,9.979756355285645
0,347124,-16.74454116821289,-4.774451732635498,-0.8357916474342346,22.5290584564209
0,347124,9.034310340881348,24.177528381347656,-30.694488525390625,-28.775981903076172
0,347124,23.376325607299805,-12.43264102935791,-11.931619644165039,-2.4298489093780518
0,347124,-2.5064713954925537,-24.334213256835938,8.409929275512695,29.431987762451172
0,347124,29.03053092956543,-14.013708114624023,-17.628868103027344,-19.945140838623047
0,347124,2.1345410346984863,5.9362664222717285,-1.4418379068374634,-5.937391757965088
0,347125,-40.40800094604492,19.562463760375977,33.708839416503906,-0.6556236147880554
0,347125,2.2278473377227783,-19.970951080322266,-1.6957989931106567,-3.516453504562378
0,347125,1.61399507522583,-1.707821249961853,11.065242767333984,15.904597282409668
0,347125,-9.865155220031738,19.943180084228516,30.538055419921875,0.490487277507782
0,347126,-18.37317657470703,26.814062118530273,0.5782386660575867,-10.149422645568848
0,347126,-20.948701858520508,-0.22936062514781952,-16.19338607788086,-5.0351715087890625
0,347127,27.606645584106445,-54.519447326660156,-35.141117095947266,-2.858844757080078
0,347127,20.528827667236328,6.305999755859375,-1.7889984846115112,-12.62671947479248
0,347128,-13.72506046295166,31.09221076965332,48.284393310546875,11.14234447479248
0,347129,-6.005224704742432,-20.49551773071289,7.550739765167236,26.69753074645996
0,347132,35.91278076171875,10.596403121948242,-63.8642463684082,-14.667365074157715
0,347133,50.49631881713867,-7.199285984039307,-55.59535598754883,2.886538505554199
0,347136,42.02774429321289,-78.77326965332031,-51.963768005371094,35.41090393066406
0,347137,29.291269302368164,-22.174217224121094,-17.23094940185547,-9.506494522094727
0,347140,-44.4499397277832,5.828220844268799,7.184231281280518,19.960702896118164
0,347141,-19.206649780273438,21.272415161132812,14.46214771270752,6.807003021240234
0,347144,3.3732495307922363,84.3515853881836,111.97682189941406,-87.28569030761719
0,347146,-76.19984436035156,52.65102767944336,67.66951751708984,-31.581806182861328
0,347147,-51.7457160949707,-24.33563995361328,-17.070283889770508,43.11962127685547
0,347233,21.245086669921875,-64.24422454833984,-41.231502532958984,21.752174377441406
0,347233,28.35347557067871,10.131282806396484,-38.229129791259766,-20.27297019958496
0,347233,0.5659216046333313,47.047489166259766,37.22377395629883,-12.28194522857666
0,347233,0.6815069913864136,-15.589157104492188,20.98040771484375,16.754899978637695
0,347233,-4.0885419845581055,-21.07185935974121,-5.8124213218688965,12.288236618041992
0,347234,-12.458879470825195,16.655595779418945,25.45546531677246,13.778802871704102
0,347234,25.821002960205078,12.254895210266113,-17.218660354614258,3.3498876094818115
0,347234,42.14834213256836,-42.09638214111328,-63.826908111572266,-9.3217191696167
0,347234,11.62669849395752,-50.2604866027832,-11.33327579498291,5.1260809898376465
0,347234,-6.6108856201171875,6.253366470336914,-7.178763389587402,6.080276012420654
0,347234,-9.345149040222168,24.568111419677734,-27.85291862487793,10.179605484008789
0,347235,-13.841904640197754,3.133516550064087,42.82002258300781,8.404275894165039
0,347235,-22.811208724975586,23.320077896118164,33.67378616333008,-25.37830924987793
0,347235,-15.659042358398438,16.698497772216797,-11.692041397094727,-21.28680992126465
0,347235,22.70476722717285,-12.28572940826416,9.719461441040039,-1.2292667627334595
0,347235,22.54434585571289,-3.65849232673645,0.43740522861480713,6.9912800788879395
0,347235,-15.850667953491211,-4.7167205810546875,-12.203909873962402,14.985265731811523
0,347236,12.986295700073242,-3.3631577491760254,-13.993650436401367,1.5639357566833496
0,347236,30.093406677246094,-6.751326560974121,-23.165451049804688,2.788156032562256
0,347236,-10.793456077575684,-4.801575183868408,-6.785143852233887,-0.8456586003303528
0,347236,-4.069807052612305,-10.663421630859375,21.636432647705078,-1.270148754119873
0,347236,-18.00181770324707,1.7741190195083618,24.260066986083984,15.663370132446289
0,347236,-24.76871109008789,39.78365707397461,5.381443977355957,-15.64401912689209
0,347237,0.10230473428964615,14.03070068359375,2.9624087810516357,-35.51047897338867
0,347237,-4.628687381744385,-5.5904130935668945,3.1307432651519775,6.809988975524902
0,347237,1.925122618675232,-21.958749771118164,-6.168060302734375,11.438441276550293
0,347237,10.872978210449219,-4.849930763244629,4.44533634185791,1.0042767524719238
0,347237,-3.226655960083008,18.18517303466797,0.514866054058075,17.416662216186523
0,347237,-17.00571632385254,-24.534269332885742,-5.7131500244140625,-4.3078718185424805
0,347238,31.508317947387695,18.710960388183594,3.4752132892608643,-19.86907196044922
0,347238,24.768098831176758,22.6920166015625,-6.490383148193359,3.538949966430664
0,347238,-34.48854064941406,-32.15285873413086,-1.3863022327423096,12.260725021362305
0,347238,-7.032980918884277,-16.13746452331543,8.210381507873535,2.535045623779297
0,347238,5.818660259246826,25.967655181884766,9.994020462036133,-0.8988117575645447
0,347239,-3.7441599369049072,19.536977767944336,-4.725434303283691,-20.688446044921875
0,347239,-9.100459098815918,-24.736618041992188,-14.414080619812012,0.8414410352706909
0,347239,-3.7817142009735107,-1.1345152854919434,-0.8813161849975586,35.948974609375
0,347239,6.885897636413574,2.115096092224121,-0.7810814380645752,-12.99015998840332
0,347239,8.033721923828125,-3.8221683502197266,1.8570137023925781,-9.420042037963867
0,347239,19.666475296020508,-3.349167585372925,-11.457460403442383,26.631990432739258
0,347240,-14.324456214904785,-19.85427474975586,-17.293684005737305,-13.261035919189453
0,347240,-16.4257869720459,9.21981430053711,11.283380508422852,-12.97449016571045
0,347241,9.196022987365723,21.476409912109375,39.09105682373047,17.115339279174805
0,347241,-2.5610859394073486,-2.3747353553771973,13.799765586853027,4.400857925415039
0,347241,-2.8302059173583984,3.3338377475738525,-29.133825302124023,-31.600217819213867
0,347242,0.3385310471057892,14.871275901794434,-2.4052226543426514,-14.040482521057129
0,347242,14.15062427520752,1.5311670303344727,25.520246505737305,34.78754806518555
0,347243,-23.585405349731445,12.115918159484863,18.67057228088379,-6.39128303527832
0,347246,-84.83018493652344,38.03733825683594,50.585960388183594,-21.399261474609375
0,347247,-14.261658668518066,32.3380126953125,69.10440063476562,10.66084098815918
0,347250,66.8159408569336,14.62188720703125,-11.577592849731445,-1.809262752532959
0,347251,15.850371360778809,-43.9625358581543,-90.01699829101562,9.070033073425293
0,347254,1.2681326866149902,-118.35646057128906,-91.80715942382812,36.58164978027344
0,347255,51.622779846191406,-11.430108070373535,-14.16187572479248,0.304656445980072
0,347258,30.38092041015625,35.8212890625,-6.6645612716674805,-51.61453628540039
0,347259,13.007413864135742,-48.49547576904297,-41.68165969848633,3.784864664077759
0,347262,-2.773491859436035,-2.780264139175415,9.0492525100708,36.62877655029297
0,347263,-24.302507400512695,46.5533561706543,36.641597747802734,-16.289255142211914
0,347266,-40.5632438659668,66.0421371459961,84.606689453125,-19.19367027282715
0,347267,-58.525291442871094,-4.759253978729248,46.989261627197266,-2.6782188415527344
0,347270,7.069392204284668,-39.127540588378906,-41.039939880371094,-1.2569408416748047
0,347271,43.3403434753418,28.1273193359375,-33.83915328979492,-9.820369720458984
0,347274,42.47367858886719,-10.420809745788574,-29.335725784301758,-0.7338569164276123
0,347275,22.85460090637207,-26.94976234436035,11.534152030944824,19.1766357421875
0,347278,-37.05611038208008,-16.59068489074707,7.762101173400879,20.310060501098633
0,347375,-29.02005958557129,20.536968231201172,7.159783840179443,11.622714042663574
0,347375,6.342569828033447,44.711097717285156,28.586862564086914,-8.232028007507324
0,347375,33.48233413696289,-43.276729583740234,-56.35683822631836,-5.489063262939453
0,347375,40.61239242553711,-59.29950714111328,-57.06496810913086,-13.015236854553223
0,347375,11.733602523803711,-9.523009300231934,-13.917150497436523,-4.607940196990967
0,347376,-19.12650489807129,23.249055862426758,9.979097366333008,19.867416381835938
0,347376,-32.09885787963867,28.629671096801758,49.09625244140625,-5.745833396911621
0,347376,-24.334680557250977,18.710466384887695,45.08871841430664,-14.488924980163574
0,347376,-27.332778930664062,19.441434860229492,14.570005416870117,-0.599998414516449
0,347376,-7.61876106262207,13.195918083190918,11.688098907470703,-2.2256457805633545
0,347376,13.681900978088379,-13.340836524963379,13.329113006591797,-4.948393821716309
0,347377,2.2239956855773926,-17.693994522094727,-31.747787475585938,22.076332092285156
0,347377,27.544124603271484,3.510683536529541,-34.11871337890625,18.95183563232422
0,347377,10.057525634765625,-19.881803512573242,-9.910983085632324,-22.844804763793945
0,347377,-6.222774982452393,-30.073076248168945,-22.08415412902832,-18.268898010253906
0,347377,11.112980842590332,10.070207595825195,-8.799477577209473,8.896927833557129
0,347378,-15.00439453125,41.120849609375,42.651123046875,18.861242294311523
0,347378,-11.198551177978516,26.982131958007812,22.347126007080078,-15.942025184631348
0,347378,-13.624284744262695,1.7210164070129395,-12.304508209228516,-6.891218662261963
0,347378,-14.499818801879883,-12.347696304321289,23.197145462036133,15.303020477294922
0,347378,12.365910530090332,-9.167747497558594,14.875528335571289,-9.431209564208984
0,347378,14.017144203186035,-7.6146159172058105,-29.98004913330078,2.569594621658325
0,347379,0.10065250098705292,-9.820646286010742,-15.778135299682617,1.6166654825210571
0,347379,5.235678672790527,-5.293169021606445,15.104632377624512,-4.008951187133789
0,347379,10.990945816040039,1.555537462234497,-9.032002449035645,5.7744011878967285
0,347379,6.713620185852051,18.19361114501953,-17.20353889465332,-4.837889671325684
0,347379,4.97794246673584,-9.675447463989258,7.915665149688721,-12.045616149902344
0,347379,-13.710442543029785,-19.186891555786133,0.8249741196632385,12.122835159301758
0,347380,-26.95552635192871,24.529146194458008,24.67420196533203,17.35102081298828
0,347380,-7.833428382873535,22.541044235229492,24.630653381347656,-23.434118270874023
0,347380,16.539939880371094,1.8475909233093262,-24.879667282104492,-22.996980667114258
0,347380,6.3077497482299805,-18.743587493896484,-13.813009262084961,24.103099822998047
0,347380,-0.8589673042297363,-38.15552520751953,2.0329675674438477,21.027925491333008
0,347381,1.6796153783798218,4.292883396148682,-18.103944778442383,-7.551416397094727
0,347381,0.2047291100025177,17.108369827270508,-5.285091876983643,5.065419673919678
0,347381,8.488707542419434,1.0909935235977173,14.539214134216309,0.528649091720581
0,347381,-13.217120170593262,24.475496292114258,9.205619812011719,-16.140119552612305
0,347381,-18.918764114379883,0.8924477100372314,15.278762817382812,-4.440291881561279
0,347381,10.026982307434082,-9.948113441467285,4.332127094268799,9.287168502807617
0,347382,5.621002674102783,3.3459067344665527,-11.666852951049805,12.815285682678223
0,347382,-14.884714126586914,3.2678818702697754,4.8183393478393555,3.0097057819366455
0,347382,0.1407204270362854,19.55992317199707,6.821020603179932,-12.445076942443848
0,347382,18.775611877441406,-18.844730377197266,-14.742015838623047,-8.127041816711426
0,347382,5.142905235290527,-34.49662399291992,-10.36485481262207,10.936100006103516
0,347382,0.8770709037780762,24.801708221435547,14.59017562866211,-0.02592799812555313
0,347383,-0.07314207404851913,23.783388137817383,18.43443489074707,-4.244902610778809
0,347383,-15.276081085205078,-4.646575450897217,3.0380332469940186,-2.6970677375793457
0,347383,0.7804140448570251,-2.1319265365600586,-8.62551498413086,-11.3289794921875
0,347384,-15.929582595825195,-0.856088399887085,14.98713493347168,17.35900115966797
0,347384,-30.469078063964844,19.122425079345703,29.01751708984375,14.234779357910156
0,347384,25.80207633972168,13.72618579864502,-17.72890281677246,-23.72149085998535
0,347385,22.58472442626953,-21.244951248168945,-17.110538482666016,-14.017032623291016
0,347385,-6.0718584060668945,-16.759601593017578,16.94611930847168,10.223429679870605
0,347386,-30.618358612060547,5.027644157409668,9.514162063598633,8.887801170349121
0,347387,-39.19917678833008,26.8718318939209,6.243260860443115,-10.051565170288086
0,347390,14.421584129333496,-2.9118854999542236,10.370963096618652,-5.224377155303955
0,347392,62.74568176269531,-51.95942306518555,-46.411556243896484,18.574508666992188
0,347393,44.05997085571289,-32.97169494628906,-88.87950134277344,-5.937061309814453
0,347396,16.112323760986328,-47.39547348022461,-29.508922576904297,-4.734031677246094
0,347397,26.625789642333984,-9.259739875793457,-2.303410053253174,13.1968355178833
0,347400,11.724451065063477,52.05192184448242,-15.838753700256348,-10.903361320495605
0,347401,-16.473581314086914,1.919113278388977,25.810523986816406,-4.007325172424316
0,347404,-59.62894821166992,16.3861141204834,67.6220932006836,6.008752822875977
0,347405,-50.385135650634766,42.07695007324219,34.74690246582031,6.362268447875977
0,347408,-15.634403228759766,45.565181732177734,55.23198318481445,3.4203953742980957
0,347409,-18.504432678222656,33.05852127075195,43.01273727416992,-2.963555335998535
0,347412,33.94646072387695,-52.26862716674805,-89.35413360595703,1.1169365644454956
0,347413,61.90165710449219,-60.30376434326172,-56.03446960449219,1.14812433719635
0,347416,21.8691349029541,-10.290861129760742,7.988767623901367,4.839776515960693
0,347417,-18.791425704956055,9.17940616607666,-27.273990631103516,-10.093448638916016
0,347420,-11.318259239196777,-9.29797649383545,-8.79621696472168,-20.36394691467285
0,347421,9.026569366455078,-0.846324622631073,12.482173919677734,15.245915412902832
0,347424,-33.35271072387695,40.4710693359375,53.997676849365234,16.481595993041992
0,347532,-27.97294807434082,14.655125617980957,43.68067932128906,-10.519134521484375
0,347532,21.830795288085938,-22.76936912536621,-42.22830581665039,6.06112813949585
0,347533,25.817262649536133,-29.0421142578125,-37.74494552612305,1.0349787473678589
0,347533,-0.5509995222091675,4.437860012054443,7.193422794342041,-23.97447395324707
0,347533,-35.292022705078125,33.476470947265625,27.946809768676758,-3.484154224395752
0,347533,-30.888713836669922,19.666595458984375,58.63214874267578,18.971527099609375
0,347533,-6.396974086761475,23.329322814941406,23.048053741455078,0.24095991253852844
0,347533,3.5444743633270264,-1.5434508323669434,-29.899003982543945,0.7002526521682739
0,347534,40.0108528137207,-20.504253387451172,-26.64551544189453,-1.6451963186264038
0,347534,58.334327697753906,-23.510549545288086,-38.554229736328125,-13.263538360595703
0,347534,19.23611068725586,-35.14423370361328,-45.595863342285156,11.08581256866455
0,347534,-8.34392261505127,-11.314346313476562,-6.2608513832092285,8.89810562133789
0,347534,4.671553134918213,9.875666618347168,8.57114315032959,-0.15410350263118744
0,347534,3.405345916748047,-1.962254524230957,-4.679394245147705,-0.06569056212902069
0,347535,-38.87923049926758,1.0366063117980957,23.162017822265625,1.197161078453064
0,347535,-40.668338775634766,21.00404167175293,53.29585266113281,8.869223594665527
0,347535,-6.931707382202148,4.694268703460693,23.86772918701172,-14.968954086303711
0,347535,11.476749420166016,-10.363569259643555,-46.59987258911133,-13.058561325073242
0,347535,9.096526145935059,-5.755072593688965,-24.142858505249023,15.992321014404297
0,347535,-0.13146620988845825,-0.7333875298500061,1.3639135360717773,-3.456636905670166
0,347536,20.81184196472168,-11.314876556396484,-25.879547119140625,-8.248025894165039
0,347536,24.489906311035156,-7.665915012359619,6.107737064361572,16.396038055419922
0,347536,-5.698504447937012,15.148470878601074,4.4692888259887695,4.929102420806885
0,347536,-10.157576560974121,11.868334770202637,4.567802429199219,-7.6707658767700195
0,347536,-14.583043098449707,11.305970191955566,22.74110984802246,-4.680911064147949
0,347536,-4.212579250335693,10.776531219482422,18.947341918945312,-5.810694694519043
0,347537,-1.9621003866195679,-0.5892098546028137,4.943073749542236,-0.7453948259353638
0,347537,-10.51296615600586,16.02390480041504,-3.900740385055542,-1.8102415800094604
0,347537,18.126399993896484,0.24263447523117065,-8.201640129089355,-0.37633076310157776
0,347537,-8.73515510559082,-18.0692081451416,-21.24274253845215,11.566855430603027
0,347537,-3.616222858428955,-8.209845542907715,-5.257928371429443,2.8100993633270264
0,347537,28.05015754699707,-13.121698379516602,13.896763801574707,-2.8863024711608887
0,347538,-9.0990571975708,1.6780718564987183,8.882448196411133,-10.79255485534668
0,347538,-19.18650245666504,-6.980588436126709,-12.096026420593262,-3.408414363861084
0,347538,-17.83426284790039,15.234871864318848,15.50160026550293,14.620848655700684
0,347538,-1.433913230895996,27.596681594848633,15.909059524536133,-1.8575736284255981
0,347538,10.099895477294922,-38.955833435058594,-19.849567413330078,-2.6715710163116455
0,347539,-14.083200454711914,-16.525419235229492,15.332043647766113,3.1543452739715576
0,347539,16.165706634521484,33.98054885864258,5.756366729736328,-10.302593231201172
0,347539,25.852384567260742,-13.88598346710205,-44.68781661987305,3.515402317047119
0,347539,-24.200693130493164,-36.20017623901367,-27.57061767578125,22.438735961914062
0,347539,-3.566648244857788,10.801600456237793,7.052371025085449,-24.842493057250977
0,347539,33.822601318359375,34.04513168334961,-2.3334641456604004,-31.848602294921875
0,347540,0.5291295051574707,-13.523699760437012,26.508726119995117,24.276506423950195
0,347540,-22.797531127929688,-10.443385124206543,34.40845489501953,4.759607315063477
0,347540,-16.967193603515625,46.10215377807617,-15.297636985778809,-18.038190841674805
0,347540,-8.39584732055664,1.3966227769851685,17.15890884399414,9.409550666809082
0,347540,7.154979228973389,-16.515167236328125,9.68024730682373,28.022050857543945
0,347540,10.936258316040039,19.767831802368164,-17.582040786743164,1.0746850967407227
0,347541,1.2284122705459595,-1.8685029745101929,27.887056350708008,-11.69971752166748
0,347541,2.100375175476074,-15.168302536010742,25.91050148010254,10.483020782470703
0,347541,4.1092143058776855,10.472412109375,-25.131488800048828,-12.549806594848633
0,347541,-2.8542635440826416,5.803038120269775,-41.52808380126953,-2.103010654449463
0,347541,-6.191506385803223,-9.610687255859375,0.1993774026632309,17.094446182250977
0,347543,-8.382574081420898,16.658626556396484,25.977113723754883,-8.42979621887207
0,347543,5.661678314208984,-5.9256591796875,12.535210609436035,1.404784917831421
0,347543,12.70516300201416,-15.542055130004883,8.536206245422363,-1.3270525932312012
0,347543,1.157586932182312,14.988421440124512,-10.709778785705566,-9.698404312133789
0,347543,-27.138648986816406,-5.5575175285339355,3.510054349899292,18.296833038330078
0,347545,-19.122058868408203,24.75584602355957,32.95969009399414,-21.906518936157227
0,347546,-25.33696174621582,40.84159851074219,35.73583221435547,-30.050485610961914
0,347547,-25.32101058959961,-36.133426666259766,28.411739349365234,33.136985778808594
0,347550,35.75361633300781,-12.954926490783691,-42.48103713989258,18.789661407470703
0,347551,25.746862411499023,-3.963069200515747,-59.806846618652344,-9.295435905456543
0,347554,40.8926887512207,-65.62615966796875,-45.57787322998047,5.4191813468933105
0,347555,54.525299072265625,-35.17245101928711,-61.30616760253906,-0.014151683077216148
0,347558,12.243117332458496,-1.4646974802017212,-26.255661010742188,-14.306885719299316
0,347559,4.242903709411621,16.391950607299805,2.6693763732910156,5.268318176269531
0,347562,-28.202381134033203,15.753103256225586,20.748889923095703,0.3366011083126068
0,347563,-40.68928146362305,2.801002025604248,41.674076080322266,0.621787965297699
0,347566,-38.042503356933594,61.229225158691406,79.62898254394531,8.25924301147461
0,347567,-19.6824951171875,62.88166427612305,65.78264617919922,-3.792405128479004
0,347570,7.975082874298096,-43.15959167480469,-38.73224639892578,-9.337160110473633
0,347571,4.230615615844727,-56.20547103881836,-48.60689926147461,-14.834362983703613
0,347574,52.139381408691406,-6.092008113861084,-30.829174041748047,13.334918975830078
0,347575,21.06653594970703,-9.753891944885254,-34.06622314453125,11.49051284790039
0,347578,-23.227754592895508,8.145383834838867,8.403217315673828,-3.7045397758483887
0,347579,22.542314529418945,10.554676055908203,-2.3808889389038086,16.114192962646484
0,347582,-11.069645881652832,-17.858884811401367,9.381441116333008,-17.259361267089844
0,347583,-32.445404052734375,9.600109100341797,33.511314392089844,-28.21682357788086
0,347705,-18.18461036682129,39.862396240234375,27.493139266967773,20.16585922241211
0,347705,4.122569561004639,14.10476016998291,-2.3325767517089844,7.031763076782227
0,347705,26.32090950012207,-30.27083969116211,-41.75740432739258,-18.6282901763916
0,347705,-34.15132522583008,-10.819109916687012,16.55206298828125,-2.6120030879974365
0,347706,-44.10115051269531,39.57667922973633,60.60283279418945,8.618310928344727
0,347706,-8.171609878540039,38.7953987121582,52.09282302856445,17.252399444580078
0,347706,-6.222412586212158,-9.511056900024414,6.435098648071289,-7.228870391845703
0,347706,10.551502227783203,-13.813494682312012,-35.83766555786133,-18.551942825317383
0,347706,32.123104095458984,-8.334803581237793,-20.708271026611328,18.18198013305664
0,347706,41.30940628051758,-31.823673248291016,-46.563045501708984,8.68642520904541
0,347707,37.41043472290039,-44.82267761230469,-66.5450210571289,-4.872823238372803
0,347707,17.16316032409668,-32.84489059448242,-10.57912826538086,13.29369831085205
0,347707,-13.080002784729004,39.51553726196289,8.505463600158691,-5.181495666503906
0,347707,-30.0234432220459,33.09816360473633,11.053849220275879,-18.64391326904297
0,347707,-21.602237701416016,-3.6224935054779053,52.958866119384766,6.278885841369629
0,347708,0.6422019600868225,26.64158058166504,21.9168758392334,2.4009971618652344
0,347708,-2.6586403846740723,15.363021850585938,3.1862635612487793,-8.674545288085938
0,347708,-14.348352432250977,-11.4829683303833,2.671949863433838,10.10608959197998
0,347708,10.458922386169434,-24.309118270874023,-32.540592193603516,-3.4984986782073975
0,347708,29.39824676513672,-21.071836471557617,-16.856836318969727,-11.923492431640625
0,347708,25.0872745513916,-16.000713348388672,-4.377932548522949,22.222192764282227
0,347709,2.364147901535034,0.9129558801651001,-11.213324546813965,4.2662129402160645
0,347709,-20.122882843017578,29.050233840942383,-4.49972677230835,-8.869878768920898
0,347709,-8.118805885314941,-10.950438499450684,7.608072280883789,19.123899459838867
0,347709,-0.9876706600189209,-6.507706165313721,34.51528549194336,-6.028351783752441
0,347709,-6.531574726104736,37.64278030395508,11.733917236328125,-23.27130889892578
0,347709,-9.789716720581055,-2.399559736251831,-17.890348434448242,9.012479782104492
0,347710,-6.834251403808594,-15.93069076538086,6.03606653213501,12.53579330444336
0,347710,3.4891114234924316,3.9636127948760986,-6.475930690765381,-19.369735717773438
0,347710,6.250798225402832,-19.307815551757812,-24.378568649291992,-8.487089157104492
0,347710,10.00035572052002,-22.033384323120117,-17.83720588684082,23.87398910522461
0,347710,3.3519322872161865,-7.668725967407227,3.4207963943481445,-1.594787836074829
0,347710,15.627734184265137,21.791807174682617,14.933171272277832,-9.636312484741211
0,347711,8.627118110656738,23.929122924804688,-1.6510342359542847,4.0018310546875
0,347711,-29.050251007080078,-18.67157554626465,4.5581865310668945,-5.196839809417725
0,347711,-7.541338920593262,13.109842300415039,21.127656936645508,2.784926652908325
0,347711,1.5328210592269897,27.13783836364746,7.929225921630859,-13.91651725769043
0,347711,-7.6180291175842285,-27.69034767150879,-14.264627456665039,-10.040495872497559
0,347711,8.140850067138672,-31.256088256835938,-10.93794059753418,36.652793884277344
0,347712,2.6685056686401367,15.928922653198242,-16.513324737548828,-1.7467846870422363
0,347712,-8.55512809753418,15.940119743347168,-17.966869354248047,-30.99087905883789
0,347712,10.680351257324219,-11.46493911743164,0.476637065410614,23.49869728088379
0,347712,24.017147064208984,5.833271026611328,15.426213264465332,14.266144752502441
0,347712,7.269516944885254,5.08691930770874,19.4765625,-10.249341011047363
0,347712,-5.718188762664795,-18.03337860107422,-10.80406665802002,-1.1212042570114136
0,347713,-20.673503875732422,-16.86530113220215,-2.6757652759552,-9.480918884277344
0,347713,-1.6067019701004028,2.464015007019043,21.501253128051758,-4.415501117706299
0,347713,9.522187232971191,22.954936981201172,-6.639761447906494,12.912759780883789
0,347713,-19.613475799560547,16.761831283569336,1.4881744384765625,3.6899068355560303
0,347713,12.622323989868164,0.6129646897315979,17.411104202270508,-16.86498260498047
0,347713,28.632986068725586,-7.230472564697266,-8.715261459350586,-2.008901834487915
0,347714,-15.238358497619629,-9.04719352722168,-19.037691116333008,9.619274139404297
0,347714,-12.823310852050781,8.69635009765625,-3.849534511566162,-16.06855583190918
0,347714,9.028704643249512,5.469690322875977,2.218287229537964,-8.65760326385498
0,347714,-12.137432098388672,-2.352083921432495,5.513582706451416,25.887920379638672
0,347714,-21.717697143554688,10.812209129333496,4.572442054748535,-1.1102347373962402
0,347714,-2.575721025466919,-13.83841609954834,-22.235492706298828,-20.824909210205078
0,347715,-6.455300331115723,-21.40976333618164,-5.154036045074463,16.346529006958008
0,347715,18.986541748046875,14.23204231262207,23.221406936645508,23.827260971069336
0,347715,42.170982360839844,8.324248313903809,1.7862275838851929,-9.794888496398926
0,347715,-6.659729957580566,-27.12006187438965,-5.251820087432861,-26.70907211303711
0,347716,-10.718170166015625,-12.491239547729492,-12.560314178466797,5.995594024658203
0,347717,0.632552444934845,1.3052978515625,-8.566431999206543,29.718259811401367
0,347717,-16.083343505859375,2.240478515625,18.13834571838379,-16.404333114624023
0,347717,14.386063575744629,36.67521667480469,8.72580623626709,-11.36081600189209
0,347717,13.934629440307617,-0.36447328329086304,8.013047218322754,12.63753604888916
0,347718,-17.439376831054688,-27.39389419555664,6.416858196258545,-8.813505172729492
0,347720,-3.840524911880493,28.98050880432129,-20.774944305419922,10.178548812866211
0,347721,-7.186684608459473,15.93838119506836,6.008252143859863,4.079024791717529
0,347724,-53.54817199707031,2.229815721511841,69.60795593261719,-0.5588465929031372
0,347725,-53.54144287109375,50.91347122192383,42.341957092285156,-10.7512788772583
0,347728,-3.1338977813720703,32.09758758544922,4.425792217254639,-20.877050399780273
0,347729,14.361827850341797,-13.37556266784668,22.302043914794922,20.765045166015625
0,347732,46.112823486328125,-33.6528205871582,-42.59297180175781,13.686735153198242
0,347733,61.324607849121094,-64.93196868896484,-87.95208740234375,-16.823041915893555
0,347736,26.39980697631836,-45.01404571533203,-52.154388427734375,-3.565507411956787
0,347737,9.115530967712402,-8.044520378112793,-9.822270393371582,-0.2685985863208771
0,347740,-3.915355920791626,13.17951774597168,13.258729934692383,2.630270004272461
0,347741,13.469127655029297,30.325389862060547,-8.141477584838867,17.317964553833008
0,347744,-42.47016525268555,16.060543060302734,24.063709259033203,2.660564661026001
0,347745,-76.80815124511719,30.512100219726562,51.550621032714844,-10.201629638671875
0,347748,-24.575531005859375,15.624167442321777,24.043109893798828,-25.44702911376953
0,347749,18.88114356994629,-15.084609031677246,29.657209396362305,-1.1621627807617188
0,347752,71.14373779296875,-22.400623321533203,-40.85862350463867,48.06890869140625
0,347753,16.011470794677734,-22.448225021362305,-81.00809478759766,-4.6184983253479
0,347756,-13.005583763122559,-30.519929885864258,-17.955677032470703,-59.69930648803711
0,347757,22.930917739868164,-0.6032623052597046,29.871877670288086,20.63139533996582
0,347889,-80.3027572631836,121.08235168457031,147.93667602539062,55.623321533203125
0,347889,-70.51934814453125,62.32550811767578,88.1650161743164,-23.920011520385742
0,347890,102.33533477783203,-103.769775390625,-133.41574096679688,-26.083660125732422
0,347890,61.33413314819336,-72.49474334716797,-92.1191635131836,12.257359504699707
0,347890,-25.617568969726562,1.624094009399414,0.5355935096740723,-3.551537036895752
0,347890,1.651216983795166,24.394948959350586,14.267370223999023,-2.2943785190582275
0,347890,-13.039180755615234,28.248985290527344,31.278579711914062,0.7278921604156494
0,347891,-36.02553176879883,3.452897548675537,6.281065940856934,9.84237289428711
0,347891,-13.477458000183105,16.431896209716797,14.566716194152832,15.81804084777832
0,347891,18.79018783569336,6.365589618682861,12.978771209716797,-18.562227249145508
0,347891,13.696242332458496,-14.452432632446289,-21.33838653564453,-9.997135162353516
0,347891,7.6048173904418945,-13.42830753326416,-47.44561767578125,9.600153923034668
0,347891,22.659814834594727,-35.42605209350586,-25.768657684326172,7.004025936126709
0,347892,22.11557388305664,-32.94643783569336,-1.4838957786560059,-7.484616279602051
0,347892,12.395296096801758,4.958929061889648,-22.749820709228516,-11.730963706970215
0,347892,-18.127809524536133,20.595632553100586,1.5387718677520752,8.003817558288574
0,347892,-41.11092758178711,2.9280238151550293,23.063051223754883,1.1581437587738037
0,347892,-19.003742218017578,22.836191177368164,33.07586669921875,-0.2333831489086151
0,347892,10.706214904785156,21.40274429321289,21.54190444946289,-4.760485649108887
0,347893,19.869234085083008,-11.506202697753906,-13.717734336853027,-11.550683975219727
0,347893,5.766299247741699,-10.658496856689453,-1.7171952724456787,-0.9436859488487244
0,347893,3.0379278659820557,-28.136301040649414,-19.39019203186035,10.219575881958008
0,347893,4.346571445465088,-13.467866897583008,-17.79813575744629,17.728527069091797
0,347893,9.941837310791016,17.787700653076172,14.400195121765137,-2.6799166202545166
0,347893,16.264665603637695,4.3515095710754395,-0.12755340337753296,-15.071574211120605
0,347894,-23.84140396118164,3.8469507694244385,-5.917332649230957,5.3023786544799805
0,347894,-25.137798309326172,26.240419387817383,19.97672462463379,19.992956161499023
0,347894,14.067578315734863,19.011905670166016,22.708900451660156,-0.16190636157989502
0,347894,-15.184722900390625,-26.78519058227539,1.509644865989685,-19.778568267822266
0,347894,-21.892440795898438,-4.422161102294922,-7.220237731933594,-10.086546897888184
0,347894,6.910454750061035,6.050514221191406,-6.930308818817139,18.219112396240234
0,347895,4.144623279571533,-33.53525924682617,-15.737161636352539,15.435107231140137
0,347895,28.59168815612793,16.61813735961914,-10.208989143371582,-13.504867553710938
0,347895,32.122833251953125,16.285381317138672,-7.4806342124938965,-2.572493314743042
0,347895,-14.688394546508789,-23.645906448364258,-18.514686584472656,-6.829626560211182
0,347895,-18.545671463012695,-10.022929191589355,4.2400288581848145,-10.536164283752441
0,347895,-6.982062339782715,6.404483318328857,30.523414611816406,22.391931533813477
0,347896,-26.58572769165039,18.160850524902344,28.64472770690918,12.384108543395996
0,347896,1.7505404949188232,9.404070854187012,6.069401264190674,-11.40007495880127
0,347896,26.31109619140625,10.32603931427002,-3.4639477729797363,5.7907328605651855
0,347896,-7.56887149810791,-4.417488098144531,1.3381208181381226,-1.8195923566818237
0,347896,1.839469313621521,-7.577902793884277,3.1024649143218994,-32.025604248046875
0,347896,10.35242748260498,4.503718852996826,-5.597709655761719,0.9455834627151489
0,347897,-7.552119731903076,-1.446942687034607,-24.440662384033203,20.298540115356445
0,347897,-0.21362744271755219,0.0059906672686338425,-15.459030151367188,-10.160648345947266
0,347897,2.004779577255249,-9.332062721252441,21.65285873413086,6.806291580200195
0,347897,-8.1532621383667,-0.39531728625297546,26.158573150634766,7.586240768432617
0,347897,-13.034379959106445,15.33947467803955,-15.184083938598633,-19.548011779785156
0,347897,1.6817686557769775,-0.699619472026825,-12.778180122375488,7.57094669342041
0,347898,10.155182838439941,14.503514289855957,3.5747010707855225,12.381569862365723
0,347898,4.044370651245117,-9.41122055053711,-15.388382911682129,-16.468725204467773
0,347898,-3.610917568206787,-33.44865036010742,11.31435489654541,9.858438491821289
0,347898,-0.49345508217811584,15.707443237304688,29.59075355529785,20.15999984741211
0,347898,13.401867866516113,9.188803672790527,-2.205794334411621,-25.25286865234375
0,347898,-4.735788822174072,6.115060806274414,-27.48036003112793,-16.372058868408203
0,347899,-18.614408493041992,1.4679423570632935,-2.754434823989868,21.94443702697754
0,347899,18.93146514892578,-17.360774993896484,21.717788696289062,3.241948127746582
0,347899,11.834986686706543,8.576416015625,-7.4525933265686035,-9.889299392700195
0,347899,-26.842973709106445,7.6261115074157715,3.0821752548217773,-0.20990164577960968
0,347899,7.361423969268799,-11.09318733215332,4.087801933288574,5.237820625305176
0,347900,4.372445583343506,-5.358222007751465,-19.370567321777344,7.7995100021362305
0,347900,-10.415117263793945,0.730501651763916,1.3333414793014526,-16.1640567779541
0,347900,22.26572608947754,-0.8503610491752625,7.233615875244141,-15.724527359008789
0,347900,-11.410357475280762,5.490714073181152,-8.911705017089844,20.039241790771484
0,347900,-26.340253829956055,6.745144367218018,3.0002601146698,20.52033805847168
0,347900,28.92769432067871,7.362365245819092,24.00102996826172,-3.4305272102355957
0,347902,-1.9539655447006226,1.6558030843734741,19.193357467651367,-15.794432640075684
0,347902,-46.512752532958984,-8.429059982299805,-0.058397743850946426,-5.926535129547119
0,347902,10.65436840057373,3.888248920440674,-5.66226863861084,7.70932149887085
0,347902,9.87293815612793,18.489269256591797,7.659217834472656,0.616845428943634
0,347902,-17.464229583740234,-5.361093521118164,2.8637561798095703,-4.578471660614014
0,347902,0.31822469830513,-10.215961456298828,-8.517688751220703,-2.7708492279052734
0,347904,-6.958859443664551,36.59502410888672,13.238914489746094,4.435445308685303
0,347905,-26.327123641967773,31.93965721130371,43.460609436035156,5.602743625640869
0,347908,-11.132137298583984,-3.097235918045044,35.37159729003906,-3.7726657390594482
0,347909,14.056200981140137,-18.485660552978516,-43.34297561645508,-6.117329120635986
0,347912,39.39318084716797,-51.58493423461914,-79.64888000488281,8.082717895507812
0,347913,62.439083099365234,-64.21332550048828,-22.086820602416992,16.9954776763916
0,347916,43.7310905456543,-15.381577491760254,-45.289730072021484,1.690861701965332
0,347917,2.369326591491699,28.331504821777344,-31.44049835205078,-8.552745819091797
0,347920,-18.641042709350586,9.231912612915039,37.9769172668457,-10.798186302185059
0,347921,-4.9299726486206055,3.017158031463623,-0.7108449935913086,-1.3500137329101562
0,347924,-44.992881774902344,41.501686096191406,32.76869583129883,-6.801662921905518
0,347925,-58.51238250732422,38.57664108276367,92.76944732666016,2.564178943634033
0,347928,-5.2458977699279785,8.427724838256836,27.042816162109375,15.866864204406738
0,347929,9.175755500793457,-21.62700653076172,-35.42246627807617,-12.694725036621094
0,347932,36.71979904174805,-25.424707412719727,-45.31131362915039,1.2115682363510132
0,347933,45.506629943847656,-11.777862548828125,-40.70330810546875,28.76289176940918
0,347936,-9.996877670288086,-35.86518478393555,-40.528839111328125,-30.344396591186523
0,347937,-14.359749794006348,-1.711692452430725,-0.9362863898277283,-52.235347747802734
0,347940,6.701148986816406,7.807628631591797,33.86354446411133,48.547218322753906
0,347941,6.706872463226318,-28.11773109436035,-2.492206573486328,48.835784912109375
0,347944,-22.2390193939209,48.750694274902344,32.50461196899414,-45.96562576293945
0,347945,-57.148223876953125,55.65620040893555,71.07810974121094,-24.10442352294922
0,348087,1.6405171155929565,-20.06427574157715,11.934586524963379,25.301252365112305
0,348087,27.243560791015625,-4.413680076599121,-28.66677474975586,-4.951831340789795
0,348087,-25.59360694885254,11.569838523864746,-7.102293491363525,-1.6742419004440308
0,348087,-23.95401954650879,29.093585968017578,46.66978073120117,22.476903915405273
0,348087,0.622159481048584,27.493637084960938,28.214588165283203,-10.078216552734375
0,348088,-2.994732141494751,-19.28380012512207,-16.315921783447266,-26.76803970336914
0,348088,1.7811459302902222,-16.279945373535156,-10.04679012298584,15.560758590698242
0,348088,22.048921585083008,-14.636104583740234,-39.8740234375,32.612369537353516
0,348088,43.84228515625,-50.209049224853516,-59.76567077636719,-5.272350311279297
0,348088,45.016605377197266,-34.57487106323242,-46.82941818237305,-19.32477569580078
0,348089,13.733419418334961,4.431234359741211,-9.714009284973145,4.9291510581970215
0,348089,-14.4046630859375,-4.750600337982178,28.10327911376953,-6.454660892486572
0,348089,-16.588369369506836,8.41875171661377,1.1066782474517822,-23.469453811645508
0,348089,-11.6965913772583,22.44028663635254,-5.482707977294922,4.460501670837402
0,348089,-11.844457626342773,12.038959503173828,33.74262237548828,23.899925231933594
0,348089,-9.801957130432129,21.377639770507812,36.41788864135742,3.7357258796691895
0,348090,8.094151496887207,6.098968505859375,-12.682257652282715,-13.642711639404297
0,348090,30.375511169433594,-13.850736618041992,-27.309619903564453,13.132705688476562
0,348090,6.311132431030273,-20.84913444519043,-4.186755657196045,5.2230401039123535
0,348090,-9.78843879699707,-23.2177734375,-18.668384552001953,-11.589775085449219
0,348090,23.125905990600586,5.092430591583252,-21.338285446166992,15.161111831665039
0,348090,10.744902610778809,12.045584678649902,17.566017150878906,0.4739461839199066
0,348091,-29.75078773498535,9.602248191833496,20.791624069213867,-22.648746490478516
0,348091,-34.71327209472656,17.851810455322266,20.079185485839844,5.910706043243408
0,348091,-8.10226058959961,5.379961013793945,34.933937072753906,9.66463565826416
0,348091,6.857915878295898,11.358586311340332,2.1021790504455566,-5.714179039001465
0,348091,-0.7723965644836426,-11.201213836669922,-13.325799942016602,2.089656352996826
0,348091,13.670954704284668,-31.33112907409668,-12.660826683044434,-7.187884330749512
0,348092,26.751943588256836,-0.7719919085502625,-15.904450416564941,-6.40051794052124
0,348092,-2.437747001647949,-1.9949216842651367,-12.146286010742188,14.506360054016113
0,348092,-19.501365661621094,-1.9576225280761719,-17.06548309326172,8.413414001464844
0,348092,6.060606956481934,-3.6349985599517822,-0.6415470838546753,-17.485681533813477
0,348092,5.55126953125,-9.868033409118652,10.458853721618652,3.913339376449585
0,348093,-10.584609031677246,24.011186599731445,7.672414302825928,24.441686630249023
0,348093,1.0850887298583984,24.176761627197266,12.878841400146484,-17.793285369873047
0,348093,-13.786005973815918,-23.746692657470703,5.5139994621276855,-23.69203758239746
0,348093,-25.102577209472656,-18.15849494934082,-19.020105361938477,14.582887649536133
0,348093,17.371030807495117,24.286907196044922,1.8270413875579834,8.395085334777832
0,348093,26.855548858642578,-2.537850856781006,-0.14788804948329926,-20.487186431884766
0,348094,-7.746323108673096,-15.42907428741455,-26.092782974243164,-12.803852081298828
0,348094,-5.4415435791015625,10.067886352539062,9.757718086242676,15.609400749206543
0,348094,17.245697021484375,-10.182934761047363,13.185798645019531,12.236034393310547
0,348094,-2.3452866077423096,8.759197235107422,2.142810106277466,-12.053909301757812
0,348094,-16.590932846069336,29.689552307128906,17.11406707763672,-8.483940124511719
0,348094,8.369827270507812,-7.3779191970825195,-5.172610759735107,-4.162874698638916
0,348095,4.915443420410156,-25.300535202026367,-24.20259666442871,17.323951721191406
0,348095,-20.474103927612305,-15.03089714050293,14.221035957336426,22.39230728149414
0,348095,1.5350980758666992,15.163009643554688,13.294062614440918,-25.279743194580078
0,348095,23.83222007751465,-7.133535861968994,-16.438386917114258,-5.035111904144287
0,348095,-5.052067756652832,-14.36263656616211,-5.6611480712890625,23.490299224853516
0,348095,-10.82130241394043,18.424205780029297,-6.275750160217285,-13.272083282470703
0,348096,5.100597858428955,-1.1006219387054443,9.518749237060547,-0.4961520731449127
0,348096,7.858735084533691,10.157844543457031,11.414562225341797,13.543139457702637
0,348096,-4.420403003692627,15.32561206817627,7.315288066864014,-5.3805766105651855
0,348096,-16.400012969970703,-10.195425033569336,20.467248916625977,1.3738313913345337
0,348096,6.299051761627197,-6.3771209716796875,-9.975972175598145,11.131213188171387
0,348096,3.573408842086792,14.222968101501465,-14.096624374389648,6.017820835113525
0,348097,-2.1084299087524414,12.822548866271973,21.421424865722656,-18.14151382446289
0,348097,20.79758644104004,-6.816737174987793,-1.5362234115600586,-10.33903980255127
0,348097,-7.987844944000244,-20.394880294799805,-31.152690887451172,17.845186233520508
0,348097,-32.3886833190918,-5.9610276222229,-0.5797784328460693,-1.158714771270752
0,348097,16.289283752441406,18.87685203552246,6.154223442077637,-22.30497932434082
0,348097,25.532934188842773,8.079381942749023,3.804725408554077,5.169683933258057
0,348098,-22.552621841430664,-1.9767082929611206,8.789884567260742,24.916540145874023
0,348098,-12.415539741516113,-8.793937683105469,-3.6832563877105713,0.954076886177063
0,348098,7.8282294273376465,3.013272523880005,-14.787745475769043,-27.99587631225586
0,348098,0.4705581068992615,3.115575075149536,-0.44966620206832886,-9.70276927947998
0,348098,8.212564468383789,-9.345356941223145,31.960224151611328,24.0063533782959
0,348098,-1.9437015056610107,21.3928165435791,4.426519393920898,-0.6533759236335754
0,348099,-7.114279747009277,-7.8104448318481445,-24.001461029052734,-23.419435501098633
0,348099,-0.0598813034594059,-26.12932777404785,-3.8838021755218506,8.56774616241455
0,348100,4.859317302703857,22.724842071533203,20.922082901000977,37.83805465698242
0,348100,6.0049729347229,18.242555618286133,13.0267333984375,3.5847373008728027
0,348100,-8.651400566101074,-9.085039138793945,-23.759336471557617,-43.58083724975586
0,348101,-4.1121320724487305,-10.713981628417969,1.15415620803833,-9.308082580566406
0,348101,5.698750972747803,-2.56459903717041,9.379684448242188,23.080097198486328
0,348101,-10.048741340637207,1.9749208688735962,-20.12331771850586,-10.707718849182129
0,348102,-25.773359298706055,32.59228515625,44.85989761352539,-9.470136642456055
0,348104,-24.715232849121094,12.830873489379883,57.456180572509766,14.508169174194336
0,348105,-36.932743072509766,-7.0104217529296875,3.018970251083374,-4.546536922454834
0,348108,-14.099516868591309,39.25552749633789,37.378536224365234,12.710453033447266
0,348109,28.662086486816406,1.8094557523727417,2.374089241027832,7.804088115692139
0,348112,44.664608001708984,-67.77326202392578,-89.79094696044922,-27.07861328125
0,348113,56.1156005859375,-66.71726989746094,-86.10740661621094,8.266340255737305
0,348116,34.95018768310547,-24.289283752441406,-51.35768127441406,5.8113908767700195
0,348117,4.521814823150635,20.406877517700195,-3.282198905944824,-6.150633335113525
0,348120,-5.482203960418701,13.346148490905762,20.943702697753906,11.096272468566895
0,348121,10.085066795349121,-0.12842337787151337,6.729374408721924,-7.273524761199951
0,348124,-53.02484130859375,31.914928436279297,40.80655288696289,13.279330253601074
0,348125,-79.31137084960938,40.50331115722656,65.35444641113281,24.934219360351562
0,348128,28.93857192993164,25.460752487182617,40.62533950805664,-27.802793502807617
0,348129,28.050382614135742,-13.475537300109863,-21.599895477294922,-33.4456787109375
0,348132,-2.921617269515991,-39.70478057861328,-70.89785766601562,3.2983767986297607
0,348133,34.6137809753418,-9.111820220947266,-19.617721557617188,18.550796508789062
0,348136,19.440237045288086,-17.69390869140625,17.28936004638672,17.242374420166016
0,348137,-13.451739311218262,-9.143630981445312,-4.915595054626465,1.831875205039978
0,348140,-3.4743411540985107,16.24112319946289,-20.984817504882812,-20.57851219177246
0,348141,21.40411376953125,-6.666533946990967,-2.887676954269409,0.6134231090545654
0,348144,-29.93391227722168,12.311903953552246,29.15930938720703,-15.748504638671875
0,348145,-80.95003509521484,33.04634475708008,49.22926712036133,-20.655685424804688
0,348148,10.541722297668457,11.47537612915039,40.54860305786133,65.08567810058594
0,348299,148.0557861328125,-81.32821655273438,-166.86643981933594,17.772340774536133
0,348299,55.98626708984375,-74.96198272705078,-136.14996337890625,-51.950923919677734
0,348299,-142.00721740722656,81.57593536376953,195.35049438476562,9.0997896194458
0,348299,-57.670169830322266,82.86544036865234,105.80667114257812,5.380441188812256
0,348300,32.082740783691406,-19.961360931396484,-58.182186126708984,-16.569929122924805
0,348300,-6.410497188568115,-29.28114891052246,-0.02453773468732834,20.410322189331055
0,348300,25.470935821533203,18.117216110229492,-19.385526657104492,-0.6944047212600708
0,348300,39.084266662597656,-26.531831741333008,-46.59412384033203,-14.0736665725708
0,348300,25.923694610595703,-46.61300277709961,-6.982554912567139,19.69955062866211
0,348300,-10.203096389770508,36.153106689453125,27.288982391357422,0.6823867559432983
0,348301,-40.174503326416016,32.09638214111328,14.478809356689453,-27.0013427734375
0,348301,-21.031339645385742,2.923063278198242,11.840742111206055,1.4622071981430054
0,348301,-28.20404052734375,15.659661293029785,50.155521392822266,29.452856063842773
0,348301,-22.885601043701172,19.213964462280273,37.823387145996094,-10.112576484680176
0,348301,18.125429153442383,7.267312049865723,-19.710315704345703,-18.339262008666992
0,348301,10.827422142028809,-11.308189392089844,-25.523527145385742,16.13627052307129
0,348302,8.720999717712402,-24.23572540283203,-6.008925914764404,7.1443586349487305
0,348302,25.8455867767334,-35.13957595825195,-31.7510986328125,-10.230997085571289
0,348302,-4.607774257659912,-12.91448974609375,-34.93632507324219,-6.781567096710205
0,348302,-20.422861099243164,32.079261779785156,6.226301193237305,0.07756004482507706
0,348302,4.276961326599121,6.321247577667236,12.119094848632812,-7.254151344299316
0,348302,-1.1017643213272095,-18.94749641418457,32.8587532043457,4.48480224609375
0,348303,-29.777650833129883,33.4100456237793,26.427682876586914,10.06822681427002
0,348303,-21.753902435302734,29.286365509033203,-6.2775726318359375,-7.950565814971924
0,348303,27.32726287841797,-17.801204681396484,12.7433500289917,-8.169981956481934
0,348303,33.36050796508789,-17.343067169189453,-5.84307861328125,12.525838851928711
0,348303,-2.624232769012451,3.774256706237793,-19.70240592956543,9.046058654785156
0,348304,10.76216983795166,4.515391826629639,-6.672820091247559,-1.0127768516540527
0,348304,30.16426658630371,-2.8159828186035156,-22.894001007080078,-2.7226390838623047
0,348304,-0.4175979197025299,-19.293842315673828,-14.116719245910645,0.6181167364120483
0,348304,-21.76673126220703,-20.122554779052734,17.4138240814209,10.340337753295898
0,348304,-11.629302024841309,18.86070442199707,31.022451400756836,-3.7121641635894775
0,348304,-26.203418731689453,29.63349723815918,35.520633697509766,-10.084670066833496
0,348305,-11.570260047912598,11.563936233520508,8.404821395874023,3.6677181720733643
0,348305,27.211917877197266,-9.180686950683594,-30.86756134033203,2.454807758331299
0,348305,-1.6753135919570923,-13.302115440368652,-21.308828353881836,-5.2345991134643555
0,348305,-15.046225547790527,-1.3774244785308838,-14.222808837890625,4.732877731323242
0,348305,5.048469543457031,-1.5109319686889648,6.859450340270996,-7.161584854125977
0,348305,10.58278751373291,-19.416563034057617,10.572858810424805,-17.218502044677734
0,348306,12.122896194458008,-3.898622512817383,-14.825116157531738,6.253063201904297
0,348306,10.269545555114746,18.744375228881836,-9.148662567138672,11.526544570922852
0,348306,9.916383743286133,-5.210704803466797,-6.360854148864746,-7.412885665893555
0,348306,-17.694772720336914,2.1910502910614014,-6.840291976928711,-8.241697311401367
0,348306,-32.90274429321289,-2.9392411708831787,7.127889156341553,8.74591064453125
0,348306,14.021087646484375,-14.981520652770996,10.534531593322754,10.650701522827148
0,348307,20.023435592651367,3.960890769958496,10.296483993530273,3.2911324501037598
0,348307,-10.274080276489258,8.691229820251465,6.700571060180664,-5.459316253662109
0,348307,2.2263436317443848,0.6975551247596741,-31.61577796936035,-11.269332885742188
0,348307,2.7690794467926025,-16.354963302612305,-9.936973571777344,14.302494049072266
0,348307,4.095272541046143,10.613751411437988,14.198695182800293,0.613165557384491
0,348307,-5.474925994873047,12.042267799377441,-10.14769172668457,-19.87313461303711
0,348308,-25.046226501464844,-9.151514053344727,19.847318649291992,18.107192993164062
0,348308,12.995696067810059,8.468038558959961,22.11568260192871,-1.7004700899124146
0,348308,16.513954162597656,-2.640571355819702,-14.94201374053955,-23.095436096191406
0,348308,-7.750463008880615,-5.363227844238281,-10.16745376586914,10.545727729797363
0,348308,3.184431791305542,17.511478424072266,-1.1826181411743164,21.672327041625977
0,348308,4.833478927612305,1.022560477256775,1.0455282926559448,-11.168111801147461
0,348309,18.190208435058594,-37.897945404052734,-1.8293006420135498,-8.449766159057617
0,348309,6.839685440063477,-18.06951904296875,-18.08060646057129,20.74387550354004
0,348309,-19.128856658935547,14.865257263183594,6.835796356201172,-7.284421443939209
0,348309,3.400665283203125,6.288584232330322,11.774521827697754,-5.846654415130615
0,348309,8.585322380065918,15.747578620910645,-9.098441123962402,17.733301162719727
0,348309,5.509725093841553,19.50312614440918,-0.02926456741988659,-5.87808895111084
0,348310,0.5564171671867371,-6.970240592956543,13.540964126586914,-10.113297462463379
0,348310,-12.96633243560791,-12.663928031921387,-3.3860106468200684,15.257367134094238
0,348310,-3.4556572437286377,-13.951773643493652,-19.239194869995117,-9.96467113494873
0,348310,-3.0573649406433105,5.119933128356934,1.8194698095321655,-28.85112762451172
0,348310,6.94711971282959,0.9407337307929993,-8.9882230758667,13.257288932800293
0,348310,-1.8020615577697754,-16.642318725585938,-0.5170606374740601,26.400266647338867
0,348311,-12.720664024353027,10.313885688781738,19.267501831054688,-13.07385540008545
0,348311,8.595139503479004,-14.06290340423584,-15.454816818237305,-21.47150421142578
0,348311,-0.3878363370895386,6.620416164398193,-4.790797233581543,16.9992618560791
0,348311,-9.066838264465332,29.22372055053711,28.571256637573242,-5.664998531341553
0,348311,2.4651477336883545,-26.54956817626953,-11.561227798461914,-8.689127922058105
0,348311,4.74506950378418,-23.657634735107422,-18.32296371459961,27.107114791870117
0,348312,1.1291848421096802,24.862581253051758,10.464025497436523,-9.50439453125
0,348313,20.701316833496094,9.571295738220215,-25.252656936645508,-14.046494483947754
0,348313,11.466840744018555,-17.89649772644043,-20.856176376342773,13.775699615478516
0,348313,-19.56266975402832,18.567644119262695,40.67521286010742,8.117533683776855
0,348313,10.907822608947754,4.164505481719971,9.890416145324707,2.7612571716308594
0,348314,15.070730209350586,-12.038684844970703,-18.01294708251953,-22.169002532958984
0,348314,-16.38883399963379,-12.051556587219238,3.307394504547119,-14.790939331054688
0,348314,-21.374984741210938,-11.571693420410156,9.624159812927246,28.245019912719727
0,348315,23.588882446289062,11.709274291992188,3.131422281265259,26.15436553955078
0,348318,41.9739875793457,-8.039497375488281,-28.072237014770508,-20.277456283569336
0,348319,-15.649190902709961,0.7532152533531189,-2.5581912994384766,-47.3643798828125
0,348322,-67.2724609375,41.20883560180664,43.704044342041016,18.850196838378906
0,348323,-50.12093734741211,52.76537322998047,67.97479248046875,36.66268539428711
0,348326,-25.842920303344727,26.7742919921875,65.9916763305664,-17.41200828552246
0,348327,-23.635644912719727,-9.373208045959473,-13.647006034851074,-20.2081241607666
0,348330,50.92295455932617,-33.95473098754883,-69.19398498535156,-0.0446653887629509
0,348331,64.43265533447266,-32.08068084716797,-37.2100944519043,16.82685089111328
0,348334,23.247663497924805,-31.034841537475586,-46.606727600097656,15.229418754577637
0,348335,22.499574661254883,-35.69761657714844,-52.73996353149414,8.626974105834961
0,348338,5.42949914932251,7.051907539367676,20.686777114868164,-1.5387780666351318
0,348339,-10.852156639099121,28.218631744384766,33.10438919067383,-23.70265769958496
0,348342,-37.411956787109375,16.547815322875977,11.384947776794434,-16.91253089904785
0,348343,-37.46427536010742,7.529723644256592,25.172697067260742,18.241971969604492
0,348346,-6.399449348449707,38.39569091796875,62.519325256347656,16.470767974853516
0,348348,1.185436487197876,29.18667984008789,38.749568939208984,-7.331797122955322
0,348349,3.6328036785125732,-48.16056442260742,-69.7549819946289,-17.91278839111328
0,348352,27.441299438476562,-32.19936752319336,-65.0023193359375,-0.23771220445632935
0,348353,30.69615364074707,-5.350025653839111,13.636983871459961,22.833166122436523
0,348356,1.5933659076690674,-11.48001766204834,3.484448194503784,-5.461772918701172
0,348357,2.439741373062134,9.631081581115723,-37.36079788208008,-21.953937530517578
0,348360,2.5875532627105713,-12.674517631530762,-18.90081024169922,8.009462356567383
0,348361,11.613044738769531,-26.434795379638672,28.056922912597656,23.668838500976562
0,348364,-14.885625839233398,40.69893264770508,58.43595504760742,-5.968753814697266
1,348527,-79.76042938232422,63.51484298706055,53.826969146728516,-21.07162094116211
1,348527,-12.855530738830566,-0.18920686841011047,-4.127462863922119,6.574699878692627
1,348527,43.9310302734375,-22.395191192626953,-44.73227310180664,15.583396911621094
1,348527,-23.524667739868164,19.90500259399414,12.607723236083984,-4.145251274108887
1,348527,-31.75990104675293,30.805299758911133,55.500343322753906,-18.183664321899414
1,348527,7.448001861572266,1.3007218837738037,22.231592178344727,-11.351078987121582
1,348528,-6.730164527893066,-18.384546279907227,-15.658843994140625,8.847434043884277
1,348528,-14.635889053344727,-19.456022262573242,-17.18508529663086,13.229411125183105
1,348528,39.89994430541992,-23.21695899963379,-21.483285903930664,5.229485988616943
1,348528,78.63928985595703,-28.11375617980957,-75.10132598876953,-2.363417148590088
1,348528,33.35228729248047,-29.195886611938477,-65.1431884765625,-11.580412864685059
1,348529,-12.128711700439453,-35.54853439331055,1.0333316326141357,7.225814342498779
1,348529,-7.366540431976318,16.18134307861328,12.423887252807617,4.245558261871338
1,348529,-14.697354316711426,39.51333236694336,27.62703514099121,-3.361367702484131
1,348529,-23.64448356628418,-0.09274273365736008,49.74952697753906,11.737820625305176
1,348529,-11.70120620727539,14.824386596679688,19.995685577392578,-7.667208671569824
1,348529,-19.061912536621094,19.960369110107422,-8.936639785766602,-11.924856185913086
1,348530,-11.971851348876953,-11.330731391906738,-4.970231056213379,19.864213943481445
1,348530,39.2386589050293,-3.992759943008423,-2.8280551433563232,8.775572776794434
1,348530,51.983184814453125,-3.21665096282959,-25.941316604614258,-9.701065063476562
1,348530,-1.2695531845092773,-31.291810989379883,-31.0422420501709,8.358694076538086
1,348530,-28.93405532836914,-8.237533569335938,-4.937789440155029,-4.7736406326293945
1,348530,7.415916442871094,27.543643951416016,0.10087855160236359,-13.876338958740234
1,348531,6.2558112144470215,14.868184089660645,13.560522079467773,-0.09816757589578629
1,348531,-47.72248458862305,3.8694281578063965,41.11371994018555,9.405970573425293
1,348531,-21.621204376220703,3.598086357116699,1.8749055862426758,2.6780624389648438
1,348531,33.153526306152344,5.180935382843018,-7.077670097351074,-6.616412162780762
1,348531,9.887771606445312,11.20383358001709,29.296384811401367,-10.878328323364258
1,348531,-7.139124870300293,-24.856861114501953,-15.173748016357422,-12.47095775604248
1,348532,16.83745765686035,-18.645923614501953,-37.58708953857422,4.947847843170166
1,348532,18.340837478637695,6.690011024475098,-11.128767013549805,4.785478115081787
1,348532,-2.7400097846984863,-31.18943977355957,-5.266167640686035,5.779484748840332
1,348532,-17.881072998046875,-6.435726642608643,6.604947090148926,8.032654762268066
1,348532,-14.932413101196289,38.484962463378906,5.291066646575928,-9.526225090026855
1,348532,7.548742294311523,3.848236083984375,9.636138916015625,-9.159964561462402
1,348533,-12.988139152526855,-6.936091899871826,5.672495365142822,2.8883631229400635
1,348533,-28.72347640991211,11.292202949523926,-7.562891483306885,0.16533465683460236
1,348533,18.910478591918945,-3.28248929977417,10.672887802124023,20.57655906677246
1,348533,25.732730865478516,-10.032417297363281,-7.634313583374023,16.144283294677734
1,348788,-10.51455020904541,21.560335159301758,8.649638175964355,-37.23657989501953
1,348789,-36.31140899658203,62.48426818847656,62.82453155517578,-10.22904109954834
1,348792,-36.21433639526367,11.020711898803711,43.68938064575195,23.628358840942383
1,348793,28.18809700012207,-55.63968276977539,-22.151029586791992,2.317331075668335
1,348796,83.13574981689453,-50.24003982543945,-87.8877944946289,0.8896423578262329
1,348797,35.692665100097656,-12.079657554626465,-29.243595123291016,-9.033966064453125
1,350319,-18.69615936279297,-1.2501329183578491,12.537527084350586,6.764853000640869
1,350319,-33.459373474121094,-13.612460136413574,-42.166133880615234,3.988837957382202
1,350319,-29.143138885498047,10.521400451660156,18.242124557495117,-12.857645988464355
1,350319,-0.35360187292099,21.84192657470703,33.4105224609375,32.17580032348633
1,350320,18.782012939453125,21.77964973449707,-25.223770141601562,9.646993637084961
1,350320,21.292991638183594,-20.302806854248047,-3.622596025466919,-44.77625274658203
1,350320,-2.2993412017822266,-11.816363334655762,12.664714813232422,-13.378582000732422
1,350320,-24.19137191772461,38.87937545776367,11.0739107131958,23.14280128479004
1,350320,-13.032391548156738,11.625322341918945,24.615127563476562,-6.322122097015381
1,350321,-7.3953471183776855,20.714214324951172,37.35282516479492,-3.1070637702941895
1,350321,-26.325733184814453,23.748512268066406,37.320091247558594,13.200798988342285
1,350321,-12.71811294555664,-13.742605209350586,-28.4991512298584,25.35536003112793
1,350321,22.37179946899414,-4.680545806884766,-27.546785354614258,-7.910656452178955
1,350321,8.499052047729492,-4.537387847900391,35.58528518676758,-72.11646270751953
1,350321,0.8996596336364746,-30.639873504638672,-19.077171325683594,29.694551467895508
1,350322,7.573208808898926,-0.26860958337783813,-31.705642700195312,58.23102569580078
1,350322,19.469070434570312,12.054985046386719,5.540492534637451,-34.929283142089844
1,350322,17.421627044677734,5.470661163330078,11.905024528503418,-20.991472244262695
1,350322,-40.807090759277344,-0.44431689381599426,17.71180534362793,19.17019271850586
1,350322,-25.625381469726562,-0.4672952890396118,19.028047561645508,5.864189147949219
1,350322,24.657379150390625,35.237571716308594,12.2021484375,-21.595138549804688
1,350323,3.800906181335449,-15.874246597290039,-1.7241644859313965,-5.035723686218262
1,350323,-5.802039623260498,-27.463550567626953,0.01901017129421234,23.434328079223633
1,350323,11.420713424682617,26.65715789794922,-38.24199676513672,-0.6168118715286255
1,350323,8.301767349243164,-10.319635391235352,-31.50275421142578,-19.451828002929688
1,350323,-1.990884780883789,-51.87567138671875,9.659947395324707,7.761972427368164
1,350323,0.6655974984169006,-11.742114067077637,-17.279388427734375,17.097225189208984
1,350324,11.212215423583984,14.166678428649902,-19.651330947875977,-8.738319396972656
1,350324,6.4341864585876465,-8.83882999420166,5.099984645843506,-15.530946731567383
1,350324,-29.87834930419922,8.19339656829834,16.02426528930664,4.382871150970459
1,350324,-28.231266021728516,11.338875770568848,10.250954627990723,15.803462982177734
1,350324,2.1394453048706055,0.1540692150592804,19.737247467041016,-4.495153903961182
1,350325,12.833971977233887,13.32206916809082,3.0167396068573,-28.580081939697266
1,350325,4.501830101013184,-16.099544525146484,-28.663785934448242,1.6834161281585693
1,350326,3.99631929397583,-13.154053688049316,1.0012940168380737,32.12674331665039
1,350326,14.403806686401367,10.226836204528809,-11.055379867553711,8.259940147399902
1,350326,-0.6780542135238647,-10.139421463012695,-9.983528137207031,-3.8693695068359375
1,350328,4.596080780029297,-9.15234088897705,-3.9674413204193115,6.227781772613525
1,350329,15.189753532409668,-12.463947296142578,-4.853212833404541,9.007715225219727
1,350332,45.089263916015625,-29.21269989013672,-34.891605377197266,1.6088052988052368
1,350333,53.32404327392578,-17.543062210083008,-90.66912078857422,-12.343650817871094
1,350336,-28.465660095214844,12.125370025634766,18.651735305786133,-14.098438262939453
1,350337,-30.173139572143555,9.635140419006348,54.32306671142578,-3.2880020141601562
1,350340,-2.74747633934021,29.945106506347656,21.557010650634766,3.547212839126587
1,350341,-55.400447845458984,67.21495819091797,72.23639678955078,-10.473679542541504
1,350344,-62.10468673706055,39.86811447143555,83.52449798583984,6.62474250793457
1,350345,-23.115007400512695,-3.472306728363037,38.93696212768555,13.919366836547852
1,350348,27.759117126464844,-52.74219512939453,-63.67676544189453,-18.104347229003906
1,350419,109.78199005126953,-63.24984359741211,-136.98963928222656,-5.6297197341918945
1,350419,30.827728271484375,26.3837947845459,-42.919918060302734,7.055597305297852
1,350419,-107.55767822265625,62.799102783203125,102.4251480102539,5.064868450164795
1,350419,-9.307461738586426,-13.877286911010742,51.749454498291016,0.8584884405136108
1,350419,57.90279006958008,-21.6418399810791,-38.87275314331055,-6.425201416015625
1,350419,0.5280232429504395,-11.030174255371094,-35.91200637817383,6.379773139953613
1,350420,-11.611750602722168,-42.74062728881836,-6.315301418304443,12.541577339172363
1,350420,14.730510711669922,14.763472557067871,21.537452697753906,5.824051380157471
1,350420,12.554210662841797,45.197025299072266,10.658336639404297,-5.534306049346924
1,350420,-28.627418518066406,11.219337463378906,6.471834659576416,-15.548583984375
1,350420,-27.326446533203125,25.245988845825195,30.06962013244629,-14.196813583374023
1,350420,-12.441071510314941,13.423905372619629,19.638582229614258,7.799018859863281
1,350421,-23.36290168762207,-10.16589641571045,9.714269638061523,10.963878631591797
1,350421,-3.33616042137146,-7.312614440917969,26.073957443237305,-11.313708305358887
1,350421,35.61979675292969,-19.082191467285156,-20.007665634155273,2.511425256729126
1,350421,27.023639678955078,-21.482465744018555,-53.1856689453125,19.33203887939453
1,350421,-8.806775093078613,-9.777168273925781,-2.7378809452056885,3.600477457046509
1,350421,1.4905961751937866,8.521435737609863,1.2074041366577148,-6.4389543533325195
1,350422,15.345666885375977,-0.432090699672699,-27.27532386779785,-3.7973062992095947
1,350422,-15.224034309387207,-10.006916999816895,9.70229721069336,-0.19878582656383514
1,350422,-26.456939697265625,20.890628814697266,43.68886184692383,-7.891443729400635
1,350422,-22.24776840209961,22.965511322021484,26.495447158813477,-3.316770315170288
1,350422,10.855209350585938,5.439759254455566,2.34904146194458,-0.1566736102104187
1,350422,27.854825973510742,-9.022176742553711,-12.223719596862793,-12.683371543884277
1,350423,-10.83304214477539,-10.040987014770508,-15.716571807861328,19.83024024963379
1,350423,-3.5615878105163574,-6.654073238372803,-17.69379425048828,14.98876667022705
1,350423,26.247709274291992,-15.95603084564209,-16.987823486328125,-13.703746795654297
1,350423,8.43160629272461,7.83629035949707,-17.089340209960938,-12.52478313446045
1,350423,-5.418081283569336,0.32327958941459656,-26.83255958557129,-12.79745101928711
1,350424,-5.822603702545166,-28.23061180114746,20.51952362060547,16.97280502319336
1,350424,-16.301795959472656,5.266302585601807,41.64784240722656,8.197355270385742
1,350424,-1.3433183431625366,5.9765448570251465,-5.888674259185791,-4.516696453094482
1,350424,0.999645471572876,0.33535319566726685,1.7884187698364258,18.80581283569336
1,350424,-14.582701683044434,26.97612953186035,17.85763168334961,-1.227123498916626
1,350424,20.296802520751953,0.13439443707466125,-6.6017303466796875,-14.255361557006836
1,350426,23.450695037841797,-39.251129150390625,-31.687606811523438,-10.448296546936035
1,350426,-23.27510643005371,-16.063270568847656,-32.121707916259766,-21.829072952270508
1,350426,-14.50964641571045,26.399173736572266,-2.9498610496520996,8.660290718078613
1,350426,21.33109474182129,-3.7488837242126465,9.243462562561035,24.109535217285156
1,350428,24.62331199645996,-33.56978988647461,2.0021233558654785,-5.635324001312256
1,350429,35.89350891113281,22.611021041870117,4.6876301765441895,5.3091888427734375
1,350432,30.25676155090332,-1.520330786705017,-31.810400009155273,29.62271499633789
1,350433,8.829378128051758,-54.61077880859375,-72.0995101928711,-10.804027557373047
1,350436,3.8628435134887695,42.84827423095703,-9.219751358032227,-21.549135208129883
1,350437,-34.80549240112305,17.82317543029785,56.7345085144043,5.336503982543945
1,350440,-45.104400634765625,-15.393199920654297,63.4936408996582,-16.194965362548828
1,350441,-36.465030670166016,65.59939575195312,47.14005661010742,-16.66613006591797
1,350444,-38.1422233581543,46.449676513671875,30.65241050720215,13.39806842803955
1,350445,-0.41367316246032715,18.51459503173828,40.492279052734375,12.55785083770752
1,350448,9.409358978271484,-38.448265075683594,-22.210918426513672,9.18856430053711
1,350449,7.744685649871826,-38.27911376953125,-53.63279342651367,6.10202169418335
1,350452,41.88846969604492,-57.382225036621094,-70.06346130371094,-14.244123458862305
1,350453,24.061241149902344,-68.63801574707031,-54.01329040527344,0.7955862283706665
1,350456,18.055965423583984,76.41913604736328,64.05510711669922,28.358116149902344
1,350457,20.95436668395996,38.84374237060547,20.96672248840332,11.809647560119629
1,350460,-48.48899841308594,-24.377668380737305,10.252992630004883,-33.08436584472656
1,350543,-66.75800323486328,98.15027618408203,93.8653793334961,-22.86843490600586
1,350543,14.077887535095215,44.99776840209961,-9.478381156921387,17.900779724121094
1,350543,43.83262634277344,-88.26287078857422,-95.16946411132812,-4.74492073059082
1,350543,-17.922853469848633,-20.53894805908203,15.989044189453125,-18.719743728637695
1,350543,-30.07826805114746,45.33716583251953,55.871665954589844,-13.90601921081543
1,350543,-25.453001022338867,-0.6904705166816711,2.7002599239349365,0.9549791812896729
1,350544,-28.086774826049805,-8.716873168945312,34.36717224121094,26.605947494506836
1,350544,6.16426944732666,15.861396789550781,18.422700881958008,-2.0146713256835938
1,350544,23.109569549560547,-14.943438529968262,-47.15700149536133,0.20968851447105408
1,350544,30.488203048706055,-59.73579025268555,-52.91537094116211,2.937354564666748
1,350544,48.02583694458008,-60.68779754638672,-44.95412063598633,-17.495981216430664
1,350544,18.70195770263672,-4.858119487762451,-33.15838623046875,18.069414138793945
1,350545,-16.805721282958984,36.46169662475586,-0.32258206605911255,14.500579833984375
1,350545,-7.431394100189209,8.028559684753418,38.67277908325195,-4.2527313232421875
1,350545,-6.294471740722656,2.9156079292297363,35.20738220214844,0.7043872475624084
1,350545,-5.878167629241943,34.671653747558594,-1.8069862127304077,-27.01371955871582
1,350545,-1.7507632970809937,16.109302520751953,16.0449161529541,-1.7283310890197754
1,350545,-7.584868907928467,-4.440883159637451,21.72022819519043,27.2320499420166
1,350546,-12.070408821105957,-8.339944839477539,-19.451688766479492,5.5373616218566895
1,350546,9.373139381408691,-30.461265563964844,-19.440099716186523,12.629429817199707
1,350546,44.34342575073242,-9.99004077911377,-15.405850410461426,-4.587728500366211
1,350546,12.081317901611328,24.771881103515625,-17.48089027404785,-27.443208694458008
1,350546,-13.72589111328125,-23.461803436279297,-6.854905128479004,12.920251846313477
1,350547,7.76117467880249,-31.819181442260742,5.437378883361816,21.74925422668457
1,350547,-14.574594497680664,47.482547760009766,28.379972457885742,-4.696777820587158
1,350547,-25.980417251586914,35.958351135253906,9.582869529724121,-11.77444076538086
1,350547,-17.024578094482422,-11.085555076599121,-20.25172996520996,-21.21063804626465
1,350547,1.3063836097717285,0.13344308733940125,8.745199203491211,4.986378192901611
1,350547,26.907258987426758,-3.870267391204834,22.079551696777344,24.218162536621094
1,350548,18.230484008789062,-2.6581761837005615,-20.905960083007812,2.771698236465454
1,350548,-4.207866191864014,4.344799518585205,-36.573699951171875,-11.71667194366455
1,350548,2.2486379146575928,-16.837493896484375,-0.360738605260849,-3.3566348552703857
1,350548,3.262059211730957,-2.8529093265533447,5.597323894500732,-2.168782949447632
1,350548,-20.37293243408203,-10.938688278198242,-1.4691848754882812,-7.583440780639648
1,350548,-10.099692344665527,-5.718430995941162,13.045811653137207,2.2274978160858154
1,350549,3.4065847396850586,42.19758987426758,7.751951217651367,-3.859783172607422
1,350549,-3.529723882675171,9.271988868713379,-0.35007089376449585,-1.4344326257705688
1,350549,-6.181820869445801,-29.45149803161621,-0.725475013256073,-3.544029712677002
1,350549,11.878230094909668,-20.755796432495117,-10.353104591369629,-0.7525266408920288
1,350549,16.87286376953125,-2.210003614425659,-29.60900115966797,15.492427825927734
1,350549,7.6183762550354,-9.596277236938477,-4.837427616119385,19.23546028137207
1,350551,19.15758514404297,-23.727493286132812,21.81637191772461,26.690290451049805
1,350551,12.66759204864502,-0.26025596261024475,3.75032639503479,-2.2466747760772705
1,350551,-5.7215447425842285,29.559391021728516,-4.341413497924805,-20.062896728515625
1,350551,-12.94968032836914,20.753868103027344,4.335184097290039,8.979756355285645
1,350552,-9.170028686523438,-0.07974625378847122,27.329322814941406,2.130859136581421
1,350553,26.991945266723633,-25.695436477661133,-15.058077812194824,-14.813209533691406
1,350556,16.58677864074707,-6.12802267074585,-50.99047088623047,-1.4716508388519287
1,350557,-23.813302993774414,53.06029510498047,25.50922203063965,-11.868460655212402
1,350560,-57.611080169677734,36.47024917602539,66.86931610107422,-35.00138473510742
1,350561,-66.39964294433594,-11.018866539001465,43.08279037475586,-22.236047744750977
1,350564,-32.02604293823242,-32.112083435058594,43.349769592285156,16.7987117767334
1,350565,-23.36854362487793,21.046092987060547,32.60780715942383,6.310075283050537
1,350568,46.772125244140625,92.12881469726562,-45.64987564086914,-8.511174201965332
1,350569,82.07051086425781,0.3264507055282593,-82.74634552001953,28.323253631591797
1,350572,40.80705261230469,-152.43177795410156,-61.181190490722656,4.310135841369629
1,350573,32.307090759277344,-86.6484603881836,-17.34351921081543,-18.830089569091797
1,350576,-23.787084579467773,14.07594108581543,20.502704620361328,13.24748706817627
1,350577,-43.679901123046875,25.7958927154541,-13.581808090209961,10.150650024414062
1,350580,-5.83355712890625,63.96381759643555,22.456205368041992,13.155576705932617
1,350581,0.2561800181865692,10.39563274383545,51.031898498535156,38.947059631347656
1,350584,2.677574396133423,6.760482311248779,50.935691833496094,14.170624732971191
1,350585,-21.14238929748535,48.69394302368164,40.28363037109375,-24.980854034423828
1,350681,45.62114715576172,-42.15904235839844,-131.8096466064453,-48.690799713134766
1,350681,61.040035247802734,-24.826091766357422,-80.66697692871094,-41.13814926147461
1,350681,-95.4804916381836,41.77503204345703,127.76850128173828,26.62102699279785
1,350681,-65.46349334716797,12.20132064819336,57.81983947753906,30.80268096923828
1,350681,37.800140380859375,28.811222076416016,-7.552434921264648,-15.535038948059082
1,350681,20.579425811767578,11.780903816223145,-14.171377182006836,-11.008569717407227
1,350682,17.483386993408203,-30.211706161499023,-40.19099426269531,6.399492263793945
1,350682,17.897266387939453,-5.104564189910889,-8.42151927947998,6.371786594390869
1,350682,-13.841139793395996,8.657682418823242,-23.15401840209961,-2.627934217453003
1,350682,-15.823230743408203,-8.429673194885254,-13.8295259475708,2.6432018280029297
1,350682,9.678135871887207,-11.277517318725586,24.011228561401367,10.169768333435059
1,350682,-22.791929244995117,12.1917142868042,20.86575698852539,-8.206809043884277
1,350683,-42.29966354370117,6.187375545501709,38.280967712402344,1.1407592296600342
1,350683,4.902382850646973,-8.101099967956543,22.70885467529297,10.74160099029541
1,350683,18.859405517578125,2.2479922771453857,-25.34009552001953,-27.33650779724121
1,350683,13.75792121887207,-20.526086807250977,-36.061275482177734,-18.996004104614258
1,350683,24.662195205688477,-46.423484802246094,-35.391265869140625,24.769668579101562
1,350683,0.1558811515569687,-18.7008113861084,-8.322815895080566,12.886385917663574
1,350684,-2.820835828781128,8.24512767791748,21.702266693115234,-25.97153663635254
1,350684,19.609880447387695,-15.79214096069336,-3.2848727703094482,-12.932772636413574
1,350684,3.324781656265259,-9.605263710021973,-7.621138572692871,24.67174530029297
1,350684,-19.550949096679688,30.152509689331055,30.213037490844727,7.554659843444824
1,350684,-15.216245651245117,12.13841724395752,14.59478759765625,-10.061762809753418
1,350684,-3.6591267585754395,-2.8705050945281982,-17.242816925048828,10.878922462463379
1,350685,0.0671524703502655,22.53166389465332,13.188860893249512,10.015870094299316
1,350685,-2.3841657638549805,6.1348114013671875,9.321760177612305,-3.6808836460113525
1,350685,15.867132186889648,-21.00356101989746,-32.02571487426758,7.206334114074707
1,350685,25.002235412597656,-9.961137771606445,-21.902204513549805,7.679039001464844
1,350685,2.0253024101257324,-18.211441040039062,0.7056148052215576,-12.659743309020996
1,350686,0.506088137626648,-7.890814781188965,-2.256631374359131,0.04823184013366699
1,350686,-8.326117515563965,27.272531509399414,15.891881942749023,12.422059059143066
1,350686,-16.66109275817871,11.552096366882324,41.194461822509766,5.152710914611816
1,350686,-4.2615580558776855,13.64614200592041,-6.821094036102295,-0.7067394852638245
1,350686,11.455421447753906,20.94502830505371,-27.71525764465332,-3.1947011947631836
1,350686,4.943260192871094,-16.804357528686523,18.129907608032227,-5.538380146026611
1,350687,1.9264925718307495,-7.839996814727783,19.844995498657227,-8.303494453430176
1,350687,16.107912063598633,8.334744453430176,-31.112411499023438,3.6880414485931396
1,350687,-3.3035566806793213,-22.968961715698242,-39.83989715576172,-10.789746284484863
1,350687,-10.464812278747559,-30.338003158569336,-19.23748779296875,-21.619918823242188
1,350687,-0.9070449471473694,-10.724102973937988,-7.913468360900879,9.909398078918457
1,350687,-1.6935694217681885,25.172260284423828,23.002702713012695,17.588497161865234
1,350688,-9.087851524353027,31.285205841064453,9.988082885742188,-9.658023834228516
1,350688,-7.875172138214111,3.816627025604248,-7.6572418212890625,-8.474655151367188
1,350688,10.731998443603516,-0.23641052842140198,30.881698608398438,24.30490493774414
1,350688,4.43312931060791,11.586483001708984,19.8170108795166,8.970973014831543
1,350688,-6.125226020812988,-10.379745483398438,-13.187163352966309,-28.501806259155273
1,350688,3.8109800815582275,-29.239770889282227,-19.098426818847656,-3.3883190155029297
1,350690,14.033096313476562,-4.785147190093994,-47.67091751098633,24.46410369873047
1,350690,14.641502380371094,-2.187649726867676,-3.051349401473999,4.704595565795898
1,350690,3.1615257263183594,3.0485076904296875,41.396026611328125,-9.361817359924316
1,350690,-4.185187816619873,13.926051139831543,-0.2818131744861603,-12.369954109191895
1,350690,-16.65179443359375,-6.3709716796875,1.2417479753494263,4.892116546630859
1,350692,16.23288917541504,-19.1821231842041,-10.730748176574707,27.452857971191406
1,350693,45.02619934082031,6.68674373626709,-40.37961959838867,-7.694364547729492
1,350696,0.11554013192653656,11.51278305053711,10.62813949584961,-46.34891891479492
1,350697,-23.19977569580078,37.506961822509766,33.28883361816406,1.0610313415527344
1,350700,-59.3518180847168,82.88631439208984,33.51493453979492,11.870654106140137
1,350701,-58.5781364440918,-7.047966480255127,58.14293670654297,-36.798831939697266
1,350704,-3.9792349338531494,-67.60257720947266,45.94925308227539,19.91891860961914
1,350705,4.2476806640625,18.36240005493164,40.96820068359375,47.80360412597656
1,350708,24.05646514892578,-3.451066732406616,-44.246360778808594,31.220144271850586
1,350709,46.97014236450195,-70.62344360351562,-118.81043243408203,35.62424087524414
1,350712,35.93997573852539,-17.141077041625977,-55.420440673828125,-46.033329010009766
1,350713,-11.177014350891113,81.80413055419922,21.569866180419922,-58.65365219116211
1,350716,-22.157184600830078,-14.86649227142334,29.879972457885742,5.220227241516113
1,350717,10.461602210998535,-178.38417053222656,-37.9322624206543,1.3067495822906494
1,350720,-24.243595123291016,43.2069091796875,39.16273498535156,9.112726211547852
1,350721,-23.681989669799805,168.67420959472656,88.6645278930664,28.40765380859375
1,350724,-2.0608503818511963,18.464712142944336,-8.081616401672363,-8.530508995056152
1,350725,-24.42110824584961,10.66802978515625,0.015862295404076576,-57.61411666870117
1,350728,25.862682342529297,-19.147096633911133,-25.212251663208008,-4.459578990936279
1,350834,96.8736572265625,-115.20162200927734,-129.54412841796875,60.288734436035156
1,350834,26.668004989624023,-29.10757827758789,-35.99808883666992,-1.8433640003204346
1,350834,-82.04071044921875,90.1595230102539,127.9456787109375,-11.275961875915527
1,350835,-31.579465866088867,27.392526626586914,29.571544647216797,20.59075927734375
1,350835,24.451265335083008,-34.639652252197266,-52.753570556640625,-3.288571357727051
1,350835,33.11577224731445,-23.987178802490234,-30.088041305541992,-8.740448951721191
1,350835,21.2045955657959,-33.39011764526367,-42.35682678222656,-10.435311317443848
1,350835,-16.320096969604492,-1.3549033403396606,1.8788154125213623,-2.868562698364258
1,350835,4.370738506317139,35.814598083496094,35.72529602050781,0.006052274256944656
1,350836,-5.181617736816406,0.9300186634063721,25.95995330810547,-18.181072235107422
1,350836,-48.69380187988281,0.5072425007820129,13.912330627441406,-21.055015563964844
1,350836,-42.512176513671875,32.845516204833984,50.08552169799805,12.810195922851562
1,350836,-8.69874095916748,15.9248685836792,43.656761169433594,28.497173309326172
1,350836,14.811582565307617,-18.876113891601562,-34.88207244873047,3.2762975692749023
1,350837,27.509815216064453,-3.5147488117218018,-12.296566009521484,-0.6972082257270813
1,350837,33.19087219238281,-11.522469520568848,-3.505877733230591,11.338170051574707
1,350837,14.019640922546387,-22.82901382446289,-39.7558708190918,-0.6597009301185608
1,350837,-3.4180967807769775,1.1306601762771606,-4.867508411407471,-2.572864055633545
1,350837,-11.441513061523438,11.304205894470215,13.925299644470215,-6.361395359039307
1,350837,-24.606447219848633,19.9224853515625,2.8965680599212646,-13.567264556884766
1,350838,-25.778270721435547,3.9463090896606445,24.14631462097168,-2.3115241527557373
1,350838,-17.966251373291016,9.004959106445312,41.694580078125,5.831411361694336
1,350838,-3.0783305168151855,13.012062072753906,1.4981412887573242,11.351964950561523
1,350838,19.155345916748047,2.3220858573913574,-24.163679122924805,0.7875910401344299
1,350838,14.050623893737793,-0.11595593392848969,-24.87279510498047,13.617879867553711
1,350838,4.139191627502441,-22.33144187927246,-18.442108154296875,3.9705939292907715
1,350839,24.674938201904297,-2.0244739055633545,0.7332649827003479,-18.632503509521484
1,350839,11.854473114013672,39.330806732177734,0.13018111884593964,11.298539161682129
1,350839,-8.57338809967041,21.809328079223633,-3.0402448177337646,-0.26180946826934814
1,350839,-2.9614174365997314,-16.415843963623047,18.35567283630371,-19.160478591918945
1,350839,-25.471351623535156,-10.443078994750977,31.334426879882812,-3.7125027179718018
1,350839,-19.837549209594727,22.32938575744629,10.053813934326172,-0.2094726264476776
1,350840,12.51090145111084,14.871129989624023,-2.9279284477233887,3.088055372238159
1,350840,-9.485282897949219,-17.7979793548584,-4.202157974243164,-3.6311495304107666
1,350840,-5.853558540344238,-7.942619800567627,3.070983409881592,-2.663280487060547
1,350840,24.380830764770508,3.982581377029419,-2.599912405014038,-1.517248511314392
1,350840,12.316905975341797,-30.50308609008789,-18.726877212524414,6.079848766326904
1,350840,-1.6519546508789062,-41.022727966308594,-18.640932083129883,8.65954303741455
1,350841,5.893588066101074,-5.6143317222595215,-8.534916877746582,-8.332367897033691
1,350841,4.4129791259765625,13.478809356689453,3.1781370639801025,2.8175547122955322
1,350841,-9.973400115966797,-4.1746368408203125,20.072673797607422,0.08900018036365509
1,350841,1.4367696046829224,-1.3548030853271484,8.116436958312988,-25.37525177001953
1,350841,1.7957112789154053,-2.1855649948120117,-19.209766387939453,6.785736083984375
1,350841,-16.17970085144043,-4.377047538757324,7.2791948318481445,36.98033142089844
1,350842,-2.2341082096099854,44.324989318847656,0.5570464134216309,-12.901472091674805
1,350842,5.727382183074951,8.683304786682129,-17.459339141845703,-8.473809242248535
1,350842,3.0385234355926514,-51.349727630615234,-3.2414443492889404,19.379526138305664
1,350842,-2.941462516784668,-24.759510040283203,-11.559629440307617,5.115143775939941
1,350842,-9.76568603515625,-1.14853036403656,0.7412272095680237,15.081357955932617
1,350842,13.413131713867188,20.389484405517578,12.009435653686523,-11.03764820098877
1,350843,-7.180508613586426,2.906733512878418,4.88335657119751,-29.82561492919922
1,350843,-21.437917709350586,-50.94159698486328,1.849732518196106,8.666020393371582
1,350843,4.796616077423096,-3.4737682342529297,0.22138026356697083,6.82406759262085
1,350844,15.245884895324707,4.543520927429199,2.6078662872314453,6.7214674949646
1,350844,15.478458404541016,-23.69307518005371,-4.179459095001221,25.264484405517578
1,350845,-2.177722930908203,31.297182083129883,-9.53870964050293,-17.825668334960938
1,350845,-4.129166126251221,17.265005111694336,5.168356418609619,-25.19389533996582
1,350845,-1.6628330945968628,13.808094024658203,12.92803955078125,-6.165286064147949
1,350846,18.212650299072266,-10.467751502990723,-34.63228988647461,15.944622993469238
1,350848,65.56600189208984,-12.882277488708496,-26.215492248535156,78.67522430419922
1,350849,57.2226676940918,61.97838592529297,9.795462608337402,34.400753021240234
1,350852,6.0566816329956055,-28.664358139038086,-88.9554214477539,-86.29803466796875
1,350853,0.4338255822658539,-60.70331954956055,-48.34305191040039,-37.005760192871094
1,350856,-51.16731643676758,92.9324722290039,68.5096664428711,-3.711829900741577
1,350857,-63.542381286621094,62.469627380371094,18.499515533447266,-63.481224060058594
1,350860,29.537702560424805,-15.311830520629883,59.23041915893555,43.11435317993164
1,350861,-17.308921813964844,47.945159912109375,96.92282104492188,58.58004379272461
1,350864,-116.24935913085938,-7.5330681800842285,48.91706085205078,-46.74382400512695
1,350865,-66.0051498413086,-85.69721984863281,15.06861686706543,-53.331443786621094
1,350868,31.609209060668945,28.848255157470703,-74.2208480834961,-7.59635591506958
1,350869,36.86211013793945,126.49707794189453,-74.29521942138672,10.684235572814941
1,350872,69.69034576416016,-170.45375061035156,1.0210546255111694,5.89516544342041
1,350873,100.87162780761719,-239.78782653808594,-8.245997428894043,30.410682678222656
1,350876,-11.570514678955078,106.85478210449219,-10.114087104797363,63.58245086669922
1,350877,-87.55941772460938,35.21940231323242,-44.635169982910156,68.02793884277344
1,350880,43.023643493652344,-4.107665061950684,2.8137032985687256,51.335533142089844
1,350881,83.17121124267578,92.7865982055664,128.7913818359375,46.34800338745117
1,350884,-127.50862884521484,-22.350128173828125,38.3652229309082,-122.95443725585938
1,350885,-98.88616943359375,20.270042419433594,-45.80937957763672,-152.92967224121094
1,351004,17.10704231262207,57.5616455078125,-49.041656494140625,0.32781368494033813
1,351004,-21.87822914123535,-23.69906997680664,-18.682537078857422,10.730165481567383
1,351004,24.229263305664062,18.954530715942383,79.0169448852539,41.801963806152344
1,351004,23.307159423828125,48.692440032958984,41.36884689331055,5.570969104766846
1,351005,-15.487360954284668,-33.633583068847656,-38.6365852355957,-20.686445236206055
1,351005,21.630773544311523,-42.006752014160156,-25.582008361816406,6.014965057373047
1,351005,61.22462844848633,11.617040634155273,-31.66792106628418,-9.655356407165527
1,351005,58.09648132324219,-26.580148696899414,-52.79798126220703,8.633679389953613
1,351005,21.64763641357422,-51.252376556396484,-26.104393005371094,26.699094772338867
1,351005,-6.519775390625,13.839448928833008,37.955623626708984,23.61553382873535
1,351006,-15.704524993896484,15.099119186401367,55.7487678527832,21.177335739135742
1,351006,-23.261220932006836,0.1966448724269867,16.93682289123535,1.333847165107727
1,351006,-26.897693634033203,26.553871154785156,10.306556701660156,-22.52046775817871
1,351006,-19.863115310668945,23.08144760131836,24.838436126708984,-7.638153076171875
1,351006,-19.06871223449707,6.2441606521606445,7.668161869049072,-27.89590835571289
1,351006,-24.878822326660156,-3.4299890995025635,-17.26827621459961,-13.75052547454834
1,351007,15.27392864227295,-11.067391395568848,-21.792449951171875,11.430951118469238
1,351007,53.79618453979492,-40.57582473754883,-42.20633316040039,-11.408919334411621
1,351007,10.901972770690918,-42.42097854614258,-25.306324005126953,8.982004165649414
1,351007,-11.934739112854004,1.519095540046692,-3.259159564971924,21.28822898864746
1,351007,16.65960693359375,16.2844295501709,-15.381202697753906,16.520448684692383
1,351007,3.583386182785034,34.54978942871094,29.077144622802734,13.916495323181152
1,351008,-28.866443634033203,44.229766845703125,43.440731048583984,0.4962501525878906
1,351008,-8.725603103637695,11.126436233520508,-14.963290214538574,-10.173063278198242
1,351008,4.379420757293701,-1.0403772592544556,-31.050579071044922,-21.075817108154297
1,351008,-19.245407104492188,-27.92337417602539,-16.06278419494629,-18.267351150512695
1,351008,10.743223190307617,-5.013335227966309,-17.45152473449707,-3.0713000297546387
1,351009,40.98883819580078,37.43482208251953,-19.25368309020996,4.568269729614258
1,351009,7.318447113037109,3.8661460876464844,-10.287689208984375,7.509612083435059
1,351009,-15.861520767211914,10.44967269897461,1.5903608798980713,11.827470779418945
1,351009,-3.201101541519165,9.457362174987793,11.22795295715332,1.0804857015609741
1,351009,0.02743135392665863,-9.9945707321167,19.200820922851562,4.393389701843262
1,351009,-9.185523986816406,6.874073028564453,12.423108100891113,29.306533813476562
1,351010,-9.897051811218262,4.013369560241699,28.86313819885254,0.7261000871658325
1,351010,-2.2623815536499023,-19.264293670654297,33.532081604003906,-23.95602035522461
1,351010,13.858023643493652,-19.76166343688965,-12.127753257751465,-15.59776496887207
1,351010,15.026848793029785,-23.739076614379883,-31.256174087524414,-13.997692108154297
1,351010,-13.25190258026123,-31.472700119018555,-12.300981521606445,10.484503746032715
1,351010,-5.505680084228516,-15.8350830078125,3.653545379638672,1.4289416074752808
1,351011,27.875085830688477,-23.66033935546875,20.972640991210938,-4.232276439666748
1,351011,-7.345584392547607,-23.28794288635254,19.971424102783203,26.93682861328125
1,351011,-22.10895538330078,12.765616416931152,3.2598936557769775,10.014620780944824
1,351011,7.35324239730835,3.5274057388305664,5.702028274536133,-16.690513610839844
1,351011,-8.486679077148438,-16.17872428894043,-1.3134979009628296,2.3400094509124756
1,351011,-18.376842498779297,15.467314720153809,-15.306785583496094,-8.541487693786621
1,351012,-3.064636468887329,16.164928436279297,7.268072128295898,-7.914729118347168
1,351012,13.87353801727295,-10.519972801208496,16.890758514404297,24.257089614868164
1,351012,8.658928871154785,7.102267265319824,-32.579505920410156,-5.871678829193115
1,351012,-0.4011281728744507,10.627063751220703,-27.292936325073242,-14.996119499206543
1,351012,5.164365291595459,-8.991439819335938,31.69989776611328,0.8774350881576538
1,351012,2.3060145378112793,5.817946910858154,7.770445823669434,5.800208568572998
1,351013,-18.232879638671875,21.603500366210938,-10.971442222595215,6.962602615356445
1,351013,-3.9951162338256836,2.6050472259521484,17.269712448120117,-0.9159588813781738
1,351013,19.96756935119629,-12.811471939086914,-11.704521179199219,-6.189460754394531
1,351013,-11.930006980895996,16.992258071899414,-18.872528076171875,-14.644165992736816
1,351013,-13.743752479553223,7.33163595199585,14.435282707214355,7.567612171173096
1,351013,7.228989124298096,-4.663305282592773,1.2406984567642212,20.62332534790039
1,351014,17.736886978149414,18.359304428100586,-13.942484855651855,5.936068534851074
1,351014,18.345674514770508,8.699019432067871,6.671907901763916,1.1132609844207764
1,351015,-3.419013500213623,5.389761924743652,11.413507461547852,3.909614086151123
1,351015,-14.618078231811523,-7.0131330490112305,-22.36972427368164,2.5500035285949707
1,351015,-4.912603855133057,-18.392887115478516,-29.5955810546875,-14.293970108032227
1,351015,-0.6952743530273438,15.072456359863281,33.03379821777344,9.625486373901367
1,351016,-2.1722524166107178,52.9252815246582,37.387264251708984,16.59243392944336
1,351016,-7.780612468719482,3.3340771198272705,-33.286407470703125,-32.49251937866211
1,351017,-21.597150802612305,-19.262767791748047,5.326807022094727,-18.0457763671875
1,351020,-25.74833869934082,73.89630889892578,69.94779205322266,8.182982444763184
1,351021,-12.346153259277344,46.31948471069336,39.911930084228516,-15.598824501037598
1,351024,-47.35246658325195,-28.486644744873047,29.105031967163086,-31.81972312927246
1,351025,-61.9581184387207,22.540021896362305,1.341662883758545,-14.99834156036377
1,351028,94.13152313232422,-30.814064025878906,-99.87863159179688,22.741710662841797
1,351029,122.40998840332031,-151.22653198242188,-68.63146209716797,5.693249702453613
1,351032,23.430866241455078,-57.72797775268555,13.237730979919434,3.177135467529297
1,351033,21.80853843688965,61.59452819824219,-41.26277160644531,35.21137619018555
1,351036,-12.264023780822754,-1.7437400817871094,-28.602144241333008,15.544418334960938
1,351037,-28.743820190429688,-54.28822326660156,32.94865798950195,11.130948066711426
1,351040,-49.140621185302734,-10.532905578613281,46.675933837890625,-9.638520240783691
1,351041,-45.77483367919922,175.15866088867188,56.17304992675781,-35.61408996582031
1,351044,-4.506624221801758,59.70635223388672,14.119285583496094,-21.51763343811035
1,351045,-14.046279907226562,-247.41122436523438,-15.734938621520996,15.342238426208496
1,351048,21.051666259765625,-16.96257972717285,2.605715274810791,21.403297424316406
1,351049,51.00210189819336,127.85865783691406,-47.57837677001953,-23.49004364013672
1,351052,40.664608001708984,-58.038978576660156,-71.72177124023438,30.01516342163086
1,351053,12.076634407043457,-53.470638275146484,1.5107576847076416,67.32386016845703
1,351056,-14.872797012329102,56.885894775390625,21.23940658569336,-7.3061203956604
1,351057,10.007498741149902,54.588932037353516,29.644773483276367,-8.615738868713379
1,351187,-67.53736114501953,20.117958068847656,94.70413970947266,-20.111881256103516
1,351187,-63.80427551269531,-25.558202743530273,18.973234176635742,-41.87661361694336
1,351187,96.21035766601562,-50.44443130493164,-101.15900421142578,17.420989990234375
1,351187,44.781150817871094,19.80469512939453,-34.694313049316406,11.858119010925293
1,351187,-55.05026626586914,42.36788558959961,45.56242752075195,-15.743385314941406
1,351187,-40.390296936035156,25.416704177856445,69.90654754638672,0.6970757246017456
1,351188,-17.66489028930664,38.873802185058594,35.33946228027344,-24.15530776977539
1,351188,-20.95635414123535,13.875797271728516,-16.28561782836914,-27.056472778320312
1,351188,-12.533029556274414,-33.830726623535156,-25.48719024658203,10.35635757446289
1,351188,31.330825805664062,-19.165536880493164,-54.7001953125,-5.583840370178223
1,351188,51.095481872558594,-9.568562507629395,-56.21213150024414,-8.123272895812988
1,351189,46.27569580078125,-38.85337448120117,-20.80304718017578,39.139644622802734
1,351189,13.910269737243652,-29.448305130004883,-8.31161117553711,31.756797790527344
1,351189,-13.431991577148438,4.439035892486572,-16.1995906829834,-20.931211471557617
1,351189,-26.70888900756836,7.168178081512451,24.767122268676758,6.629788875579834
1,351189,-25.766443252563477,23.6894588470459,66.21710205078125,15.833261489868164
1,351189,2.941889762878418,40.432640075683594,21.3680362701416,-33.260257720947266
1,351190,-3.545314311981201,-12.857361793518066,-5.395308494567871,-11.43373966217041
1,351190,-10.922595977783203,-45.735740661621094,-4.157558441162109,15.689406394958496
1,351190,37.83146667480469,-14.186436653137207,-34.357330322265625,-1.5181910991668701
1,351190,19.901613235473633,-13.150352478027344,-26.49215316772461,-7.449629306793213
1,351190,-14.071878433227539,13.82176685333252,2.3479857444763184,7.117313385009766
1,351190,21.785062789916992,80.74825286865234,-1.0206037759780884,-12.071106910705566
1,351191,3.9683327674865723,88.16827392578125,-8.628462791442871,-11.160120964050293
1,351191,-36.62797164916992,67.05697631835938,4.526984691619873,23.385026931762695
1,351191,-19.7864990234375,38.43032455444336,35.41802215576172,-8.246512413024902
1,351191,-1.5507570505142212,-15.359077453613281,17.487796783447266,-50.23847961425781
1,351191,-11.610100746154785,-38.21038818359375,-28.500017166137695,-11.971491813659668
1,351191,-6.2386016845703125,-16.98316192626953,-3.609661340713501,22.074970245361328
1,351192,6.244719982147217,-49.73741149902344,19.377391815185547,5.397318363189697
1,351192,10.568948745727539,-73.57195281982422,-13.263944625854492,5.366198539733887
1,351192,22.782283782958984,-47.61268997192383,-7.45350456237793,4.902007102966309
1,351192,11.842327117919922,-68.72419738769531,20.98394012451172,18.422739028930664
1,351192,-6.25097131729126,-59.0840950012207,2.747710943222046,20.178909301757812
1,351192,-23.470998764038086,-33.85590362548828,-9.359262466430664,-4.589444637298584
1,351193,-27.32917594909668,-47.04914093017578,23.73444175720215,10.730228424072266
1,351193,-8.067214965820312,7.9142231941223145,35.73248291015625,2.6352107524871826
1,351193,-3.9420628547668457,46.99696350097656,6.165607929229736,-23.957914352416992
1,351193,10.710101127624512,-7.16199254989624,-6.24080228805542,-10.553994178771973
1,351193,16.127565383911133,-11.50691032409668,-6.31657600402832,2.9289746284484863
1,351193,10.784954071044922,12.457449913024902,-29.68670654296875,6.284210681915283
1,351194,2.9629950523376465,1.2886823415756226,-15.017065048217773,20.993284225463867
1,351194,1.345001220703125,4.478730201721191,11.780067443847656,31.923830032348633
1,351194,10.719830513000488,30.5064754486084,-1.6158573627471924,-2.5540919303894043
1,351194,-2.9746479988098145,51.8441162109375,-13.915323257446289,-40.20753479003906
1,351194,-5.560832500457764,49.89327621459961,0.6347138285636902,-7.703688621520996
1,351194,2.722738742828369,58.940391540527344,21.03619956970215,12.555428504943848
1,351195,-15.574541091918945,30.17818832397461,-7.055880546569824,2.3194339275360107
1,351195,-23.985706329345703,-8.424239158630371,1.5853723287582397,3.932250738143921
1,351195,23.790048599243164,10.79958438873291,-6.390413761138916,-6.899571418762207
1,351195,23.401397705078125,-7.485825538635254,-36.772315979003906,-10.575838088989258
1,351195,-10.93326473236084,-36.07124710083008,20.57776641845703,12.740119934082031
1,351196,29.193817138671875,-10.419002532958984,6.161800384521484,13.125840187072754
1,351196,6.231982231140137,-0.24478882551193237,-26.258737564086914,-8.994099617004395
1,351196,-38.73829650878906,-18.394933700561523,22.03676414489746,12.904006004333496
1,351196,21.26721954345703,-35.427337646484375,20.821043014526367,10.588305473327637
1,351196,25.146934509277344,-31.137210845947266,-1.5425841808319092,4.193295478820801
1,351196,-9.918353080749512,10.594768524169922,13.563612937927246,9.791565895080566
1,351196,2.201781988143921,6.142561435699463,17.72292709350586,-9.998519897460938
1,351197,-10.696342468261719,-23.060279846191406,-18.33716583251953,8.494227409362793
1,351197,-18.682214736938477,8.408427238464355,-4.396937847137451,6.9610276222229
1,351197,7.2513933181762695,31.128053665161133,13.673023223876953,-16.709409713745117
1,351197,1.398944616317749,-9.798696517944336,-27.61518096923828,-1.6261909008026123
1,351197,-14.782848358154297,-35.46897506713867,-14.488019943237305,-2.2190701961517334
1,351199,-44.036476135253906,-21.624074935913086,7.991606712341309,-39.00252914428711
1,351199,-34.46518325805664,13.850156784057617,2.821075916290283,-33.41853713989258
1,351199,34.441165924072266,66.08795166015625,9.281883239746094,34.150108337402344
1,351199,30.742889404296875,49.380130767822266,15.3956880569458,33.12812042236328
1,351199,-6.222283840179443,14.863917350769043,9.780424118041992,-27.895809173583984
1,351199,-13.01657485961914,-5.961975574493408,-9.252706527709961,-13.170245170593262
1,351201,9.308269500732422,37.547603607177734,-0.38050052523612976,43.738555908203125
1,351202,20.627931594848633,108.34418487548828,74.70559692382812,66.12162017822266
1,351203,15.022845268249512,48.51726531982422,65.75418853759766,19.089679718017578
1,351206,-24.115888595581055,29.25682830810547,-45.61856460571289,-96.59964752197266
1,351207,-48.464046478271484,-7.881127834320068,-59.61048126220703,-122.87788391113281
1,351210,19.02524757385254,-93.33663177490234,-53.41150665283203,-37.39482116699219
1,351211,47.128173828125,-61.81243133544922,-74.86341094970703,24.953298568725586
1,351214,-6.353865623474121,-75.5569839477539,-39.74754333496094,40.16928482055664
1,351215,-0.915346622467041,-49.47514724731445,39.41704559326172,27.783357620239258
1,351218,26.258581161499023,25.062789916992188,47.66613006591797,15.662491798400879
1,351219,-32.96271896362305,-4.51297664642334,-12.896845817565918,1.2180719375610352
1,351222,-69.43939971923828,-3.1751604080200195,39.27696228027344,8.054901123046875
1,351223,6.235883712768555,24.688112258911133,85.98763275146484,12.436108589172363
1,351226,60.215904235839844,-0.7371262311935425,-5.93991231918335,13.544642448425293
1,351227,24.537137985229492,-17.559711456298828,-45.91038513183594,33.81591033935547
1,351230,16.93042755126953,-54.214847564697266,-43.27590560913086,24.66260528564453
1,351231,28.0428524017334,-57.45807647705078,-62.81937026977539,14.82503890991211
1,351234,14.9201021194458,24.621990203857422,-9.971622467041016,-7.241718292236328
1,351235,-9.860970497131348,-12.947076797485352,39.95820236206055,-2.2167067527770996
1,351238,-28.774782180786133,10.211541175842285,47.14214324951172,-28.268714904785156
1,351239,-38.562713623046875,99.09659576416016,-0.7498041987419128,-78.54081726074219
1,351242,-41.26869583129883,45.13765335083008,20.836809158325195,-16.281436920166016
1,351244,-35.076908111572266,8.545384407043457,54.482383728027344,23.77167320251465
1,351383,7.312806606292725,-23.51155662536621,-35.0802001953125,22.772518157958984
1,351384,45.88794708251953,-9.744531631469727,-11.229497909545898,10.142534255981445
1,351384,-4.235290050506592,34.306697845458984,53.485816955566406,-3.762746572494507
1,351384,-37.98456573486328,18.03790855407715,20.832889556884766,17.56722640991211
1,351384,-14.461398124694824,13.481620788574219,-1.8319711685180664,3.300352096557617
1,351384,12.236559867858887,5.910008430480957,-19.96689224243164,-22.123476028442383
1,351384,37.772274017333984,-23.557125091552734,-51.06562423706055,-16.12229347229004
1,351385,28.493099212646484,-44.593502044677734,-42.410614013671875,-5.027790069580078
1,351385,7.252050399780273,-45.7695426940918,-38.85158920288086,14.935415267944336
1,351385,27.689990997314453,-29.64897346496582,-35.00244140625,14.285178184509277
1,351385,24.282962799072266,1.5090007781982422,12.01677131652832,-0.1728537380695343
1,351385,-13.954056739807129,4.2801737785339355,30.384666442871094,10.457320213317871
1,351386,-29.41840171813965,4.841210842132568,22.066402435302734,14.54699993133545
1,351386,-24.93218231201172,33.87466049194336,34.3078727722168,0.6739692091941833
1,351386,4.775173187255859,19.035228729248047,25.785676956176758,-11.167621612548828
1,351386,14.430891036987305,-4.53146505355835,-7.345648765563965,-7.803381443023682
1,351386,4.969911575317383,-3.601348876953125,-25.068140029907227,0.7322835326194763
1,351386,3.8648788928985596,-23.423526763916016,-23.205848693847656,-1.1745511293411255
1,351387,17.186023712158203,-18.155595779418945,-4.400693893432617,-11.157358169555664
1,351387,15.227843284606934,-3.1616551876068115,-15.343509674072266,-5.5035200119018555
1,351387,-1.8489727973937988,-1.14472496509552,-6.552874565124512,15.35694408416748
1,351387,-6.152999401092529,14.847748756408691,31.298765182495117,26.962993621826172
1,351387,-41.11573791503906,11.568500518798828,16.166818618774414,-0.7884538173675537
1,351387,-15.349655151367188,20.47279167175293,5.125738620758057,-21.06049919128418
1,351388,21.735973358154297,34.602020263671875,13.108416557312012,-5.486647129058838
1,351388,-14.873113632202148,-12.682622909545898,-4.237405300140381,-6.5166730880737305
1,351388,-2.5450403690338135,-49.31251525878906,-17.165355682373047,-12.087339401245117
1,351388,10.13537883758545,-6.507906913757324,-20.20530891418457,-0.2171107977628708
1,351388,1.0227749347686768,13.047821998596191,-36.7468147277832,-2.6657536029815674
1,351388,10.681195259094238,-15.962484359741211,-19.53402328491211,-7.799619674682617
1,351389,-1.2130699157714844,-21.49266242980957,10.715564727783203,4.916335105895996
1,351389,2.1537837982177734,18.2785701751709,25.762510299682617,-0.39174139499664307
1,351389,2.0576555728912354,13.166501998901367,18.887134552001953,10.339556694030762
1,351389,-16.199840545654297,-5.982268810272217,3.147047281265259,16.00349998474121
1,351389,2.961747407913208,33.138519287109375,5.3856658935546875,-13.6943941116333
1,351389,13.216135025024414,1.94254732131958,-6.517477512359619,-12.460738182067871
1,351390,-10.717977523803711,-27.489696502685547,6.908299922943115,8.226922035217285
1,351390,2.4467709064483643,14.365798950195312,14.551656723022461,17.793729782104492
1,351390,3.3214259147644043,0.02275770716369152,-27.457006454467773,-1.0978858470916748
1,351390,-6.9431376457214355,-35.855384826660156,-14.975062370300293,1.3319404125213623
1,351390,18.26508903503418,9.432618141174316,36.35664367675781,16.239086151123047
1,351391,5.556163311004639,38.916412353515625,3.62308406829834,-9.280064582824707
1,351391,-20.328384399414062,8.853486061096191,-12.059514045715332,-8.010977745056152
1,351391,2.272193193435669,-14.629673957824707,-6.822162628173828,-4.399042129516602
1,351391,12.37830924987793,-17.867238998413086,-16.609127044677734,-6.575599670410156
1,351391,-6.961411476135254,16.59128189086914,10.360316276550293,12.921086311340332
1,351391,1.9705532789230347,0.45820388197898865,7.431946277618408,0.8136397004127502
1,351392,7.701437473297119,-33.022064208984375,2.3400697708129883,-10.996733665466309
1,351392,-5.022355556488037,6.516685485839844,6.182837963104248,-9.815979957580566
1,351392,-4.93919563293457,1.677385687828064,-17.5869140625,-4.208963394165039
1,351392,0.19362983107566833,-22.311111450195312,-16.60374641418457,22.44405174255371
1,351392,-7.181938648223877,14.7945556640625,15.261711120605469,2.7060608863830566
1,351392,-10.933259963989258,34.02104949951172,25.95984649658203,-18.337026596069336
1,351393,2.012918710708618,-4.80157995223999,6.255463123321533,-6.814061641693115
1,351393,-15.85556411743164,-33.12002182006836,-15.070223808288574,1.7207907438278198
1,351393,-21.464340209960938,15.556073188781738,-4.297776222229004,25.015344619750977
1,351393,9.027746200561523,27.558917999267578,-1.5028082132339478,-4.6794257164001465
1,351393,11.363022804260254,-22.33386993408203,-4.778613567352295,-31.44816017150879
1,351393,-4.638679504394531,-11.57055377960205,-30.014955520629883,7.406741142272949
1,351394,0.25579938292503357,1.9615970849990845,-25.60564422607422,10.512068748474121
1,351394,21.85955047607422,-1.6815001964569092,33.19432830810547,-1.7438095808029175
1,351394,10.495539665222168,19.140966415405273,8.244803428649902,8.424562454223633
1,351394,8.417875289916992,7.792320728302002,-10.44077205657959,-3.041534900665283
1,351394,9.25967025756836,-14.992304801940918,21.890085220336914,7.75553035736084
1,351394,-15.232891082763672,10.700386047363281,8.705046653747559,31.120943069458008
1,351395,10.344536781311035,31.8082332611084,13.619483947753906,-8.889225959777832
1,351395,41.57965850830078,10.334535598754883,16.979665756225586,-21.0832576751709
1,351395,-4.9376606941223145,-17.69554901123047,-20.33194351196289,19.378190994262695
1,351395,-35.39988327026367,-5.4976277351379395,1.9253606796264648,9.782366752624512
1,351395,17.544879913330078,5.844817161560059,20.972042083740234,-24.33043098449707
1,351397,15.61958122253418,-1.3976634740829468,12.362018585205078,-18.131141662597656
1,351397,-48.43461990356445,15.209587097167969,30.007659912109375,5.483408451080322
1,351397,-20.252033233642578,-14.837050437927246,-2.6810481548309326,-3.956768751144409
1,351397,9.633346557617188,-24.425893783569336,-16.541528701782227,-5.256877899169922
1,351397,-10.898734092712402,11.520581245422363,-4.58220911026001,6.43855619430542
1,351397,4.252021789550781,-3.90112042427063,-13.107149124145508,6.186343193054199
1,351399,-20.684349060058594,12.199586868286133,26.248981475830078,-4.323841094970703
1,351400,-66.96861267089844,34.99077606201172,54.06110763549805,-12.470416069030762
1,351401,-35.09481430053711,12.337379455566406,2.785458564758301,20.539005279541016
1,351404,17.80235481262207,5.7280144691467285,10.860651016235352,-2.6859099864959717
1,351405,26.72211265563965,-5.33215856552124,24.59307098388672,-36.450889587402344
1,351408,55.58492660522461,-55.22817611694336,-104.74104309082031,16.86254119873047
1,351409,64.75239562988281,-64.27332305908203,-108.4360122680664,40.07802963256836
1,351412,16.104215621948242,-16.206270217895508,-28.897851943969727,-7.22142219543457
1,351414,-12.385082244873047,-4.294775485992432,-18.681930541992188,-18.98799705505371
1,351415,10.067875862121582,17.691938400268555,7.564605712890625,7.72513484954834
1,351418,26.469829559326172,42.63624572753906,51.8987922668457,-9.030956268310547
1,351419,-10.756416320800781,16.51255989074707,59.71704864501953,7.424630165100098
1,351422,-77.74588012695312,1.5825518369674683,30.671173095703125,5.5887675285339355
1,351423,-56.256248474121094,10.744612693786621,39.65279769897461,-13.659651756286621
1,351426,35.62232971191406,25.701093673706055,-12.926790237426758,14.158424377441406
1,351427,21.107633590698242,-0.015885204076766968,-65.13198852539062,5.640619277954102
1,351430,14.852344512939453,-60.97071075439453,-29.05323028564453,-5.230142593383789
1,351431,24.092914581298828,-13.208939552307129,17.862497329711914,1.7644798755645752
1,351434,-5.838943004608154,14.57652759552002,-7.225067615509033,-14.519148826599121
1,351435,15.64424991607666,-22.656723022460938,-28.78986930847168,-19.059162139892578
1,351438,1.994074821472168,9.687362670898438,-4.393857955932617,11.572142601013184
1,351439,-26.69654655456543,31.79737091064453,25.38579559326172,-4.9119343757629395
1,351442,-15.6845064163208,42.7524299621582,77.23242950439453,2.7709693908691406
1,351591,51.834197998046875,-47.4472541809082,-64.94017791748047,35.97343063354492
1,351591,57.152278900146484,-71.2990951538086,-118.84044647216797,-11.283313751220703
1,351591,-55.60108947753906,57.51872253417969,72.8576889038086,-12.690037727355957
1,351591,-55.6177978515625,38.022586822509766,69.38353729248047,20.783777236938477
1,351591,-12.607353210449219,-3.430847406387329,24.281993865966797,-20.550479888916016
1,351592,-9.972825050354004,18.917531967163086,37.233863830566406,-13.93591594696045
1,351592,14.919754028320312,-10.101714134216309,-12.217050552368164,25.89933204650879
1,351592,23.364301681518555,-21.76187515258789,-55.10426330566406,-5.617027282714844
1,351592,14.688647270202637,-17.509132385253906,-46.41282272338867,-30.810956954956055
1,351592,9.803184509277344,-41.72098159790039,-5.420835018157959,4.439567565917969
1,351592,-14.587965965270996,-4.665398597717285,14.616865158081055,35.92140579223633
1,351593,-9.17100715637207,42.50895690917969,33.06962966918945,-12.565384864807129
1,351593,1.4753944873809814,16.219802856445312,8.356719017028809,-24.05622673034668
1,351593,-20.7977237701416,9.360078811645508,9.405730247497559,22.920801162719727
1,351593,-15.093335151672363,29.1163330078125,46.52391815185547,5.092805862426758
1,351593,-5.274200916290283,2.1172072887420654,-3.228172779083252,-13.99728775024414
1,351594,4.545700550079346,-33.162654876708984,-41.11581039428711,-2.0971763134002686
1,351594,12.299066543579102,-10.601905822753906,-3.2813234329223633,15.056352615356445
1,351594,18.703092575073242,-4.253828525543213,-3.387054920196533,20.9548397064209
1,351594,27.564315795898438,-6.63100004196167,-42.90419387817383,-1.7945761680603027
1,351594,21.20191764831543,14.588767051696777,-19.40760612487793,-12.366859436035156
1,351594,-15.736479759216309,-6.663324356079102,22.972103118896484,-4.5067901611328125
1,351595,-27.81938362121582,-10.238906860351562,19.88752555847168,0.9405355453491211
1,351595,8.834846496582031,14.212361335754395,15.878484725952148,-0.7771119475364685
1,351595,0.16923822462558746,6.951735019683838,0.9659342169761658,3.149444580078125
1,351595,-27.42650604248047,6.468140125274658,-4.756351947784424,-1.4436101913452148
1,351595,-2.8987724781036377,4.750555992126465,10.435208320617676,-14.42499828338623
1,351595,7.051941394805908,-23.057035446166992,-16.261329650878906,-16.62740135192871
1,351596,-8.400036811828613,-16.727825164794922,-32.82432556152344,-8.595067977905273
1,351596,0.8597275614738464,3.224874258041382,9.990026473999023,25.160139083862305
1,351596,23.62726593017578,-1.922078013420105,13.791449546813965,25.244184494018555
1,351596,8.038155555725098,24.437042236328125,-21.744504928588867,-33.31295394897461
1,351596,-17.38507080078125,7.586044788360596,18.124374389648438,-18.89028549194336
1,351597,1.1097127199172974,-14.22787857055664,39.02854919433594,36.267086029052734
1,351597,-10.662538528442383,18.707365036010742,-0.2757674753665924,12.349710464477539
1,351597,-14.200628280639648,20.243986129760742,13.573729515075684,-9.299009323120117
1,351597,24.363372802734375,0.37636393308639526,-1.2181580066680908,-0.8275436758995056
1,351597,8.589385986328125,-24.949615478515625,-36.04613494873047,0.6505865454673767
1,351597,-8.663187026977539,-13.307076454162598,-10.136258125305176,-2.4445080757141113
1,351598,-6.712234973907471,6.528399467468262,-5.765373706817627,-0.08420094102621078
1,351598,-14.27568531036377,-10.387704849243164,6.609377861022949,18.20781707763672
1,351598,11.588020324707031,-0.8032088875770569,24.29558753967285,-9.018119812011719
1,351598,3.330361843109131,10.396354675292969,-9.223484992980957,-20.34572410583496
1,351598,-24.444820404052734,23.442272186279297,6.8596038818359375,7.179161071777344
1,351598,1.8387690782546997,7.9039812088012695,20.795230865478516,-8.59226131439209
1,351599,-1.6197947263717651,-34.00585174560547,2.8844428062438965,1.400231122970581
1,351599,8.690818786621094,10.442337989807129,4.568368434906006,3.831277370452881
1,351599,19.435874938964844,17.821043014526367,-16.79820442199707,-25.544204711914062
1,351599,-27.987810134887695,-10.269024848937988,-14.189629554748535,4.200907230377197
1,351599,-5.32046365737915,-11.924057006835938,-6.145245552062988,33.89537048339844
1,351599,35.259033203125,-26.29763412475586,0.14681239426136017,0.4510210156440735
1,351600,7.092747688293457,24.391048431396484,18.955162048339844,-2.7350118160247803
1,351600,-11.487639427185059,23.848312377929688,0.7809327840805054,9.721770286560059
1,351600,-2.380021572113037,-21.867847442626953,-17.268611907958984,-5.441503524780273
1,351600,-10.685420989990234,5.022843360900879,8.474095344543457,4.312013149261475
1,351600,-1.782456636428833,14.814348220825195,20.386005401611328,-9.023240089416504
1,351600,23.73893165588379,-11.916923522949219,-9.685113906860352,-14.658429145812988
1,351601,0.4362194538116455,-13.990360260009766,-5.77193021774292,8.941661834716797
1,351601,-32.26455307006836,29.160120010375977,20.358905792236328,-5.078244686126709
1,351601,-2.1038291454315186,11.995563507080078,1.431220293045044,-11.005182266235352
1,351601,17.521907806396484,-23.64257049560547,-16.660709381103516,6.091094017028809
1,351601,-9.129240989685059,-7.483535289764404,-16.449003219604492,-5.704111099243164
1,351601,0.8829289078712463,8.85593318939209,2.0733144283294678,-21.51080894470215
1,351602,12.94125747680664,-10.942248344421387,11.025195121765137,-4.525949954986572
1,351602,-9.028667449951172,-15.57554817199707,-24.961671829223633,16.408823013305664
1,351602,-12.329678535461426,12.869546890258789,7.399246692657471,25.654937744140625
1,351602,8.933012008666992,9.91857624053955,15.124568939208984,0.9822146892547607
1,351602,9.021076202392578,-7.076996803283691,-25.751251220703125,-9.501498222351074
1,351602,-0.22126348316669464,-19.0051212310791,8.663968086242676,18.066078186035156
1,351603,7.317218780517578,13.3139066696167,9.071874618530273,0.5586777925491333
1,351603,6.313692092895508,3.6963717937469482,-16.876251220703125,-8.758380889892578
1,351603,-10.816742897033691,-7.442115783691406,-0.35842272639274597,-1.8118622303009033
1,351603,5.177587509155273,18.218286514282227,25.90443229675293,-13.51461410522461
1,351603,18.603879928588867,10.589369773864746,5.600404262542725,9.072818756103516
1,351605,-21.041746139526367,-4.985534191131592,-5.896140098571777,42.893550872802734
1,351605,-10.718733787536621,-6.602768898010254,28.31643295288086,3.1714489459991455
1,351605,17.47346305847168,-0.6903296709060669,3.5729472637176514,-21.792377471923828
1,351605,-0.6646321415901184,-20.4747257232666,-41.95832443237305,7.898860931396484
1,351605,0.250179260969162,-0.7952346205711365,-11.908732414245605,-13.956043243408203
1,351605,17.526905059814453,16.930988311767578,10.511137962341309,-26.106786727905273
1,351606,6.154207229614258,-15.117986679077148,-20.300312042236328,9.636868476867676
1,351607,3.707705020904541,-22.4914608001709,-17.074073791503906,14.204132080078125
1,351607,3.776365041732788,-4.7786359786987305,-6.278209686279297,-12.173358917236328
1,351610,19.47026824951172,-28.84635353088379,-39.759368896484375,-2.5588808059692383
1,351611,46.752296447753906,-38.05875015258789,-68.38287353515625,7.404955863952637
1,351614,0.3079659342765808,9.431109428405762,-11.389389991760254,-12.854143142700195
1,351615,-19.651254653930664,5.471426963806152,40.38900375366211,-5.175140857696533
1,351618,-15.08923625946045,31.37158966064453,34.637794494628906,7.636943340301514
1,351619,-48.92097854614258,56.118831634521484,70.4215087890625,1.2032456398010254
1,351622,-69.1454849243164,57.89381408691406,103.19995880126953,-7.321087837219238
1,351623,-25.54129409790039,42.148075103759766,44.00670623779297,4.033690929412842
1,351626,16.16989517211914,-30.727272033691406,-46.75960922241211,18.49403190612793
1,351627,13.05847454071045,-28.024749755859375,-56.866973876953125,0.5190704464912415
1,351630,37.140098571777344,-48.78908157348633,-30.054533004760742,-7.681914806365967
1,351631,28.437538146972656,-59.614864349365234,-26.42375946044922,-10.837592124938965
1,351634,2.038815975189209,21.160808563232422,-4.394530773162842,14.398268699645996
1,351635,8.323721885681152,30.87431526184082,-10.217276573181152,-4.740319728851318
1,351638,-2.2655017375946045,-3.32344126701355,2.610783338546753,-27.473787307739258
1,351639,-21.875865936279297,13.79874038696289,69.7867431640625,24.53541374206543
1,351642,-47.199710845947266,30.70010757446289,19.669279098510742,7.836355686187744
1,351643,-28.9548397064209,13.118022918701172,-42.31271743774414,-9.80617618560791
1,351646,62.81511306762695,-11.193724632263184,-8.03351879119873,9.87707805633545
1,351647,49.19029235839844,-25.704883575439453,24.553823471069336,5.746999263763428
1,351650,-40.137882232666016,-27.934511184692383,-19.426393508911133,-12.523039817810059
1,351651,-15.942951202392578,-11.169256210327148,-58.14264678955078,-23.13685417175293
1,351654,40.533607482910156,27.41466522216797,21.011207580566406,11.147248268127441
1,351813,27.220165252685547,22.609487533569336,36.75613784790039,33.29013442993164
1,351813,-9.692955017089844,-34.01240539550781,-35.2888298034668,-2.0526282787323
1,351813,9.279589653015137,-30.006166458129883,-47.9053840637207,-20.71044158935547
1,351813,23.018409729003906,-7.164499759674072,-21.662662506103516,-6.578335762023926
1,351814,1.507973074913025,-28.43601417541504,-1.8757368326187134,0.29977506399154663
1,351814,-13.284470558166504,15.102544784545898,34.262603759765625,4.987315654754639
1,351814,-34.767879486083984,52.51611328125,21.791271209716797,4.5881524085998535
1,351814,-26.212108612060547,25.123315811157227,24.52846908569336,-2.6700828075408936
1,351814,-20.87299919128418,38.17551803588867,51.280059814453125,-12.574174880981445
1,351814,-31.776676177978516,4.34925651550293,12.609797477722168,3.812779188156128
1,351815,-0.39113104343414307,-37.29087829589844,-8.304985046386719,17.110599517822266
1,351815,20.354188919067383,-10.87348747253418,-11.197203636169434,0.3131055533885956
1,351815,18.92164421081543,-8.508142471313477,-0.2643236517906189,-1.9783557653427124
1,351815,40.07792282104492,-7.619758129119873,-31.0410099029541,-1.8815268278121948
1,351815,16.81071662902832,-8.248796463012695,-49.96358108520508,-8.42592716217041
1,351816,-26.634550094604492,-9.1902494430542,26.489473342895508,5.695524215698242
1,351816,-12.854106903076172,17.4858341217041,45.843196868896484,10.430425643920898
1,351816,-3.7791264057159424,27.52147102355957,3.849799156188965,-13.359170913696289
1,351816,-20.80609703063965,19.536699295043945,15.437355995178223,-1.0505658388137817
1,351816,-14.298962593078613,-6.21222448348999,9.340089797973633,17.306976318359375
1,351816,7.284311771392822,-22.201663970947266,-18.573781967163086,-5.293011665344238
1,351817,15.426615715026855,-3.9735870361328125,-16.64387321472168,-21.13983154296875
1,351817,16.248018264770508,-3.529949188232422,-6.633800029754639,5.861606121063232
1,351817,14.853519439697266,-9.998856544494629,-15.624075889587402,4.552258014678955
1,351817,9.31859016418457,-3.162980079650879,-12.92301082611084,-6.540604114532471
1,351817,-15.21705150604248,0.24430879950523376,15.855539321899414,13.876273155212402
1,351817,-15.533025741577148,9.729680061340332,15.108977317810059,-18.401649475097656
1,351818,4.520515441894531,19.262893676757812,8.928069114685059,-3.565535306930542
1,351818,-7.671781063079834,14.132885932922363,14.20853328704834,31.64643669128418
1,351818,-24.503408432006836,14.336004257202148,9.59607219696045,-12.479903221130371
1,351818,-6.0990447998046875,-6.931267738342285,-3.0058443546295166,-14.43275260925293
1,351818,16.505123138427734,-34.1458854675293,-7.660770893096924,10.901342391967773
1,351818,1.3284298181533813,0.4569685161113739,-2.9932894706726074,4.031334400177002
1,351819,2.7435810565948486,12.849729537963867,-10.436613082885742,-6.399484634399414
1,351819,11.854484558105469,-0.356657475233078,-19.730154037475586,1.3372516632080078
1,351819,9.575063705444336,5.265310287475586,7.933244228363037,10.901472091674805
1,351819,-1.7564815282821655,-25.190959930419922,12.197647094726562,-0.8580413460731506
1,351819,-19.746116638183594,6.3162665367126465,8.041523933410645,-7.796530723571777
1,351819,-0.2083386480808258,42.44878387451172,15.887555122375488,-5.091422080993652
1,351820,9.251008033752441,-22.5728702545166,-16.490482330322266,-2.9685981273651123
1,351820,-2.8193917274475098,-26.596521377563477,-16.04621696472168,-6.893915176391602
1,351820,-4.225278854370117,11.386361122131348,-0.42826348543167114,15.326754570007324
1,351820,4.223330974578857,1.3778481483459473,-7.914093494415283,1.3380215167999268
1,351820,9.5936861038208,-4.1622443199157715,0.20980298519134521,-32.828651428222656
1,351820,-5.318714141845703,-8.389790534973145,3.880608081817627,7.255158424377441
1,351821,-16.602006912231445,3.321000814437866,1.4988104104995728,36.867191314697266
1,351821,-6.432502269744873,8.033453941345215,7.408725261688232,2.4843637943267822
1,351821,6.460962772369385,-13.631207466125488,2.204618453979492,-21.68130111694336
1,351821,-1.4845764636993408,22.443429946899414,8.065427780151367,3.5076329708099365
1,351821,6.4765625,26.495498657226562,5.010865688323975,3.3971853256225586
1,351821,10.530305862426758,-28.76645278930664,-5.3905439376831055,-9.161507606506348
1,351822,-3.826589345932007,-2.527482509613037,7.961548805236816,1.9329478740692139
1,351822,-5.012234687805176,21.122446060180664,-8.516437530517578,7.090668201446533
1,351822,5.255926132202148,-11.119829177856445,-18.77712059020996,-6.914949893951416
1,351822,-0.12362833321094513,-20.851825714111328,-2.4039266109466553,1.1028753519058228
1,351822,1.1920117139816284,-14.337936401367188,7.531744003295898,3.33274507522583
1,351822,10.278584480285645,-1.2363643646240234,4.1390581130981445,-11.079880714416504
1,351823,-10.949792861938477,22.287704467773438,1.654773235321045,17.43329429626465
1,351823,4.936927318572998,11.335370063781738,7.797832489013672,3.730438232421875
1,351823,13.882285118103027,-14.240604400634766,-3.8898794651031494,-6.900157451629639
1,351823,-2.379965305328369,-0.09090571105480194,-3.823749303817749,14.967965126037598
1,351823,-1.6738240718841553,17.438920974731445,21.447853088378906,-13.303523063659668
1,351823,0.3225533366203308,-13.079161643981934,-10.957415580749512,-8.91846752166748
1,351824,-3.626753568649292,-23.24334716796875,-19.40175437927246,20.618148803710938
1,351824,-5.703192234039307,27.170684814453125,31.71479606628418,-15.018831253051758
1,351824,14.511994361877441,4.45346212387085,-26.428319931030273,-11.704309463500977
1,351824,-6.845520496368408,-29.09345817565918,-33.926612854003906,23.22997283935547
1,351824,-25.19795799255371,-0.2651650309562683,31.180944442749023,-14.934802055358887
1,351824,15.570979118347168,1.3544431924819946,-13.322165489196777,-20.582124710083008
1,351825,9.791152000427246,10.456937789916992,-14.119544982910156,20.091861724853516
1,351825,-22.343904495239258,10.265106201171875,19.81219482421875,15.64035415649414
1,351825,15.350905418395996,-14.297778129577637,-21.113052368164062,-6.174354076385498
1,351825,33.41261672973633,-8.222967147827148,-9.920994758605957,-10.17992115020752
1,351825,-2.741586923599243,14.060808181762695,14.12283706665039,-1.3815624713897705
1,351826,0.728844165802002,16.102697372436523,-12.033729553222656,4.647027492523193
1,351826,5.9867424964904785,-11.256959915161133,-6.107384204864502,-2.5644824504852295
1,351826,-11.252410888671875,-13.832700729370117,4.7154951095581055,6.738571643829346
1,351826,-7.170352458953857,11.511313438415527,14.692537307739258,-8.605659484863281
1,351826,-9.328377723693848,-2.3855996131896973,15.723674774169922,-5.530734062194824
1,351826,-6.08132791519165,-20.85503387451172,-0.9227285981178284,9.614195823669434
1,351828,17.258190155029297,-9.44454574584961,-15.110360145568848,-8.003392219543457
1,351828,0.6513964533805847,2.2616100311279297,-18.592021942138672,-2.178626537322998
1,351828,-15.539363861083984,-9.416495323181152,-0.05801531299948692,6.831481456756592
1,351828,6.367697238922119,-16.2702693939209,18.298912048339844,19.496171951293945
1,351828,7.640385627746582,4.980587959289551,12.240375518798828,-3.927217483520508
1,351828,-10.88574504852295,30.860088348388672,-0.2140125334262848,-13.714048385620117
1,351829,-3.211156129837036,14.530908584594727,-8.637409210205078,6.2535858154296875
1,351830,37.78782272338867,-10.401410102844238,-13.869552612304688,3.7716562747955322
1,351831,33.363826751708984,-23.413820266723633,-44.11728286743164,-8.484868049621582
1,351834,2.4747745990753174,-25.97283935546875,-31.494155883789062,11.396833419799805
1,351835,-10.149894714355469,35.76857376098633,45.03446578979492,23.009883880615234
1,351838,-44.301185607910156,35.64298629760742,34.84926223754883,-18.27451515197754
1,351839,-55.002864837646484,-13.94239616394043,31.21957015991211,-16.987768173217773
1,351842,-39.70759582519531,41.1850471496582,87.52793884277344,-5.931193828582764
1,351843,-19.473142623901367,68.91612243652344,40.42779541015625,-15.76291275024414
1,351846,27.71773338317871,-36.5172233581543,-33.62419891357422,1.6083364486694336
1,351847,32.51646041870117,-55.91273880004883,-38.35804748535156,13.671028137207031
1,351850,34.31182098388672,-9.76469612121582,-80.60810852050781,12.631743431091309
1,351851,39.426021575927734,-34.93071365356445,-71.61914825439453,2.573730945587158
1,351854,-4.796926975250244,-28.094411849975586,25.097267150878906,-0.16913752257823944
1,351855,4.773580074310303,24.962997436523438,46.49190902709961,9.885872840881348
1,351858,-7.8571858406066895,51.89548110961914,13.57858657836914,-14.2078275680542
1,351859,-53.383628845214844,-2.149355411529541,5.540963649749756,-4.363978385925293
1,351862,-41.04894256591797,0.019984254613518715,41.9545783996582,5.653078079223633
1,351863,0.8479435443878174,47.67577362060547,50.358455657958984,3.0525174140930176
1,351866,55.005592346191406,-17.527204513549805,-50.45480728149414,6.95916748046875
1,351867,27.72467803955078,-60.103023529052734,-67.95635986328125,-25.534835815429688
1,351870,-16.42917251586914,-24.112014770507812,-17.4871768951416,-0.17786560952663422
1,351872,25.46588706970215,5.8217973709106445,-25.190155029296875,7.018306255340576
1,351873,6.259188652038574,7.305994033813477,20.71405029296875,-29.292016983032227
1,351876,-23.791744232177734,-9.506174087524414,41.69322204589844,9.502645492553711
1,351877,14.127866744995117,-18.96187400817871,-25.70624542236328,19.356748580932617
1,351880,-7.889005661010742,57.30302810668945,1.5278595685958862,4.375354766845703
1,352049,-21.292011260986328,35.2342643737793,31.700820922851562,13.196553230285645
1,352049,31.209266662597656,-88.56912994384766,-53.161006927490234,-14.94580078125
1,352049,11.326648712158203,-4.781178951263428,-11.8225736618042,5.598508834838867
1,352050,-41.74724578857422,63.72057342529297,54.485801696777344,22.01404571533203
1,352050,-39.06835174560547,10.763672828674316,45.1242790222168,-19.07192039489746
1,352050,-23.805496215820312,-0.6668912768363953,42.99392318725586,-11.791255950927734
1,352050,9.94594955444336,9.949216842651367,-11.434361457824707,10.392197608947754
1,352050,24.035917282104492,6.886087894439697,-39.838619232177734,-0.08596382290124893
1,352051,31.26845932006836,-23.035400390625,-20.29302978515625,-8.67247200012207
1,352051,43.69265365600586,-26.34010124206543,-41.671653747558594,1.6924526691436768
1,352051,16.017473220825195,-19.719783782958984,-37.05614471435547,13.282187461853027
1,352051,-7.6642303466796875,-14.815937042236328,14.231066703796387,-2.787454843521118
1,352051,-16.31357192993164,-9.381492614746094,0.9031362533569336,-9.596158981323242
1,352051,-18.868980407714844,22.30792808532715,10.189536094665527,5.961666107177734
1,352052,-8.576896667480469,60.40861511230469,57.31382369995117,0.13191336393356323
1,352052,-6.168545722961426,16.929697036743164,20.065662384033203,-7.204545497894287
1,352052,-19.0548152923584,-19.429224014282227,-9.593550682067871,0.40881073474884033
1,352052,-13.468350410461426,-14.806504249572754,14.040811538696289,7.707200527191162
1,352052,21.780418395996094,-9.739115715026855,-15.715810775756836,-0.06223199516534805
1,352052,33.46174621582031,-8.370807647705078,-47.46654510498047,-11.367463111877441
1,352053,-4.130665302276611,-1.4621440172195435,-4.433341979980469,7.937869071960449
1,352053,-2.4895029067993164,0.8654209971427917,13.710004806518555,5.9837164878845215
1,352053,15.003192901611328,-4.422285079956055,-12.942150115966797,-15.474924087524414
1,352053,-25.659194946289062,0.5657391548156738,-1.0052739381790161,-4.801329612731934
1,352053,-33.753910064697266,5.024453163146973,28.338701248168945,2.1690030097961426
1,352053,-4.095595359802246,24.13141632080078,16.42017936706543,8.877334594726562
1,352054,11.691922187805176,12.057239532470703,7.067159652709961,9.99483585357666
1,352054,5.391516208648682,-23.72098731994629,-3.8807549476623535,-9.784238815307617
1,352054,7.312012672424316,-6.691353797912598,-26.769363403320312,-7.945749759674072
1,352054,10.820740699768066,3.0780887603759766,-10.394838333129883,10.448976516723633
1,352054,-8.116798400878906,-25.28833770751953,-11.852028846740723,2.340015411376953
1,352054,15.74337387084961,-7.736266136169434,-4.648955821990967,-1.4818599224090576
1,352055,6.827602386474609,23.10959815979004,18.336233139038086,1.0288989543914795
1,352055,-25.962158203125,4.903919696807861,4.320030689239502,-7.837124824523926
1,352055,-4.14420747756958,-10.319653511047363,9.807724952697754,-1.5723779201507568
1,352055,-1.9663540124893188,30.829452514648438,2.8083462715148926,9.173542976379395
1,352055,6.898904323577881,6.124210357666016,-10.483488082885742,9.640417098999023
1,352056,-3.06972336769104,-23.85813331604004,20.790376663208008,-1.4845672845840454
1,352056,-14.090964317321777,27.38926124572754,12.68552303314209,-2.4631447792053223
1,352056,20.55253028869629,-2.8661811351776123,-14.410416603088379,-1.4274027347564697
1,352056,10.897923469543457,-18.432432174682617,-5.568899631500244,-3.520585775375366
1,352056,-3.243309736251831,4.273608207702637,-2.023512125015259,2.7587149143218994
1,352056,-1.7171790599822998,14.36125373840332,16.456127166748047,-1.7084589004516602
1,352057,2.0396392345428467,1.9800450801849365,16.686100006103516,0.5812517404556274
1,352057,17.59326171875,-21.339609146118164,-4.706329345703125,-1.1246811151504517
1,352057,-18.806507110595703,4.860419750213623,-6.001214027404785,-9.015828132629395
1,352057,-20.685544967651367,24.378684997558594,10.455514907836914,-17.185306549072266
1,352057,26.417524337768555,0.8368118405342102,9.83705997467041,-7.591482162475586
1,352057,-3.1318888664245605,-45.01899719238281,-20.477188110351562,28.904340744018555
1,352058,-29.52239227294922,2.217043161392212,-12.848245620727539,6.742634296417236
1,352058,3.5940101146698,18.54936981201172,-4.58976936340332,-34.04861831665039
1,352058,18.460540771484375,-16.805891036987305,-5.495062828063965,-1.2201786041259766
1,352058,-4.959484577178955,13.988747596740723,-0.12527553737163544,31.195781707763672
1,352058,-18.78228759765625,16.725374221801758,5.69846773147583,4.316205978393555
1,352058,1.3903324604034424,6.311917304992676,8.649249076843262,-1.8098783493041992
1,352059,12.032315254211426,-26.629114151000977,-2.1212358474731445,21.95048713684082
1,352059,-8.479113578796387,2.187772512435913,-3.2058262825012207,-24.283458709716797
1,352059,-1.5194103717803955,27.004819869995117,-12.050450325012207,-34.73731994628906
1,352059,15.652950286865234,-27.027145385742188,-13.26416015625,34.99235916137695
1,352059,-3.324427604675293,0.47649693489074707,17.61602210998535,20.18015480041504
1,352059,-0.17993886768817902,16.4931583404541,17.72184181213379,-15.987297058105469
1,352060,19.759815216064453,-15.304083824157715,-15.466608047485352,-2.8630969524383545
1,352060,-0.34746459126472473,-14.645085334777832,-0.6260979771614075,-2.015424966812134
1,352060,-23.645618438720703,6.94784688949585,0.43209198117256165,-8.841934204101562
1,352060,-10.6837797164917,25.174774169921875,20.55467987060547,1.025451421737671
1,352060,0.702589750289917,12.446670532226562,29.561864852905273,6.036319732666016
1,352060,-10.240042686462402,-13.948397636413574,-13.408288955688477,-1.7968322038650513
1,352061,-13.151357650756836,-10.815430641174316,-0.43780624866485596,0.6543387770652771
1,352061,1.0100667476654053,2.7961461544036865,-5.202946662902832,0.914156436920166
1,352061,11.364750862121582,7.777706623077393,-8.523444175720215,5.660966396331787
1,352061,13.524602890014648,-7.954034805297852,13.88150691986084,8.30788803100586
1,352061,13.19262409210205,-19.577667236328125,-4.1076884269714355,-5.358587265014648
1,352061,-8.410856246948242,16.350177764892578,-13.36482048034668,-6.7091965675354
1,352062,-2.659726858139038,30.64047622680664,5.38462495803833,-4.580499649047852
1,352062,30.903160095214844,-12.994645118713379,-3.4760353565216064,-3.0995006561279297
1,352062,-6.8592305183410645,-45.332847595214844,-16.811485290527344,12.083381652832031
1,352062,-25.252586364746094,-7.868325710296631,4.209167957305908,6.930208683013916
1,352062,22.042428970336914,31.56427764892578,-12.10396671295166,-10.276662826538086
1,352062,8.57700252532959,4.459549427032471,-32.77641296386719,-12.823442459106445
1,352063,-21.50017738342285,-19.023141860961914,28.519790649414062,6.043660640716553
1,352063,2.9936304092407227,8.576272964477539,19.047903060913086,1.9881547689437866
1,352063,17.459697723388672,5.114535331726074,-38.491458892822266,-12.604772567749023
1,352063,-2.4508962631225586,-9.583810806274414,17.731163024902344,19.724824905395508
1,352063,-16.158418655395508,16.804201126098633,26.37580108642578,-1.139177918434143
1,352064,-1.4038219451904297,-1.9674173593521118,-32.37845230102539,-27.724323272705078
1,352065,-1.6032835245132446,-33.259422302246094,-5.580756664276123,-0.5711066722869873
1,352065,-1.282371997833252,0.45813921093940735,22.890905380249023,14.823079109191895
1,352065,21.580968856811523,27.143749237060547,-0.41563671827316284,4.606624603271484
1,352065,1.475975513458252,7.0894293785095215,-10.172728538513184,-3.77067232131958
1,352065,3.0445830821990967,-7.09386682510376,-4.057831287384033,7.928101062774658
1,352066,8.282919883728027,-14.832959175109863,-0.5492551326751709,9.776894569396973
1,352066,-18.24319839477539,-9.48300838470459,7.384586811065674,0.7917358875274658
1,352066,11.417691230773926,-1.100325584411621,5.648964881896973,-16.289562225341797
1,352067,2.6481869220733643,-8.852080345153809,-22.0716552734375,-2.5002779960632324
1,352070,27.073617935180664,-31.79137420654297,-84.67977905273438,6.647350311279297
1,352071,65.13612365722656,-42.60201644897461,-50.10026550292969,9.716999053955078
1,352074,-7.682149887084961,17.984683990478516,53.176822662353516,16.47654914855957
1,352075,-47.98337936401367,34.999183654785156,17.637981414794922,-5.584435939788818
1,352078,-51.602210998535156,31.8776798248291,30.889686584472656,-11.16437816619873
1,352079,-29.08946418762207,47.15408706665039,85.91118621826172,-8.890052795410156
1,352082,-27.539548873901367,19.22597885131836,53.34153747558594,-7.561468124389648
1,352084,-41.049720764160156,24.16437339782715,26.11695671081543,4.522523880004883
1,352085,19.068950653076172,-14.254051208496094,-17.514408111572266,10.132712364196777
1,352088,58.21287536621094,-36.942779541015625,-75.14300537109375,-0.7593706250190735
1,352089,26.841367721557617,-5.721169948577881,-52.246238708496094,-6.296943664550781
1,352092,20.41686248779297,-35.33422088623047,1.243067741394043,-2.965050220489502
1,352093,18.043312072753906,-24.556650161743164,1.429738998413086,-7.137399196624756
1,352096,-12.605886459350586,23.587678909301758,-4.012113094329834,13.616034507751465
1,352097,-1.013572335243225,-2.725634813308716,-14.080991744995117,10.09825611114502
1,352100,-33.753211975097656,2.6878273487091064,48.83891296386719,-17.226577758789062
1,352101,-55.890472412109375,52.860862731933594,68.7402114868164,8.65337085723877
1,352104,10.786853790283203,30.406051635742188,-3.944550037384033,8.60342788696289
1,352105,17.6168270111084,-38.82194519042969,-26.43116569519043,-13.6149320602417
1,352108,4.7889580726623535,-49.27393341064453,-47.88524627685547,1.1137816905975342
1,352109,16.074865341186523,5.852023601531982,-31.390380859375,4.287586212158203
1,352112,28.638671875,10.908308029174805,18.262874603271484,-10.359611511230469
1,352113,33.11725997924805,2.5305063724517822,14.753236770629883,-0.8608851432800293
1,352116,-23.82102394104004,0.7698528170585632,-22.51146697998047,25.8854923248291
1,352117,-26.45876121520996,-28.931697845458984,-34.26919174194336,-3.573664426803589
1,352297,27.366300582885742,-33.5189094543457,-10.20845890045166,-29.135740280151367
1,352297,27.8919677734375,0.5316236019134521,-7.551433086395264,7.87350606918335
1,352297,11.250408172607422,22.704309463500977,-16.442947387695312,12.601581573486328
1,352297,-17.84621238708496,26.58856773376465,9.391157150268555,-2.978827953338623
1,352297,-37.095829010009766,16.150049209594727,67.56355285644531,1.9356197118759155
1,352298,-30.3775691986084,13.313616752624512,77.72481536865234,10.28425407409668
1,352298,-37.42177200317383,54.70906448364258,35.7294807434082,0.4934874176979065
1,352298,-11.932415008544922,28.570865631103516,5.481834411621094,-24.97626495361328
1,352298,8.501347541809082,-45.55957794189453,-12.754781723022461,2.384813070297241
1,352298,11.00136947631836,-36.41933822631836,-11.120542526245117,9.575074195861816
1,352298,25.90862274169922,3.7037532329559326,-27.400949478149414,-19.34339714050293
1,352299,17.248350143432617,7.185294151306152,-33.84126281738281,11.010704040527344
1,352299,10.31582260131836,-18.02871322631836,-14.251225471496582,0.48545029759407043
1,352299,-6.914581298828125,-31.00837516784668,-10.17446231842041,-22.869003295898438
1,352299,-20.22454833984375,1.9936950206756592,-1.7725049257278442,18.513263702392578
1,352299,-7.338253974914551,32.91843795776367,38.2832145690918,17.02733039855957
1,352300,-10.789868354797363,28.75484848022461,30.49925422668457,-10.813286781311035
1,352300,-6.9481682777404785,6.195632457733154,-17.014789581298828,-12.471170425415039
1,352300,10.284270286560059,-27.256465911865234,0.4842175841331482,4.807156085968018
1,352300,10.250741958618164,-9.042470932006836,-12.526113510131836,8.064035415649414
1,352300,0.3886543810367584,17.02920913696289,-33.42847442626953,-0.3226536512374878
1,352300,5.853944301605225,-17.553861618041992,-10.231926918029785,17.823692321777344
1,352301,24.48992347717285,-15.477593421936035,11.610265731811523,-0.5851278305053711
1,352301,-4.381608009338379,11.906765937805176,20.93766975402832,-8.940112113952637
1,352301,-21.13594627380371,-1.5945732593536377,-2.1524112224578857,-11.361857414245605
1,352301,-6.545575141906738,7.758637428283691,2.8089165687561035,-15.105245590209961
1,352301,-6.709168434143066,20.538789749145508,11.137508392333984,8.893695831298828
1,352301,10.115693092346191,0.5140361785888672,3.47792911529541,17.140748977661133
1,352302,4.0939555168151855,-16.824195861816406,-4.185738563537598,4.143476486206055
1,352302,6.1086201667785645,-20.124114990234375,-23.28606605529785,-11.73727798461914
1,352302,25.911563873291016,-0.31464388966560364,-4.393181324005127,11.954485893249512
1,352302,3.1801421642303467,10.234053611755371,7.012757778167725,3.503751277923584
1,352302,-2.3054559230804443,-2.2909042835235596,-7.052568435668945,-18.603477478027344
1,352302,5.95535135269165,-22.245206832885742,-15.972734451293945,8.84477424621582
1,352303,-18.999134063720703,2.4020345211029053,3.6962969303131104,26.147628784179688
1,352303,-22.047101974487305,32.54702377319336,28.335935592651367,-15.328241348266602
1,352303,-7.472221851348877,15.911672592163086,11.482769012451172,-17.348562240600586
1,352303,0.5465784668922424,-13.073129653930664,-8.91477108001709,10.727343559265137
1,352303,2.565286874771118,-16.84909439086914,-9.495996475219727,-20.103097915649414
1,352303,10.929718017578125,7.89247465133667,-4.114734649658203,-5.255229473114014
1,352304,12.913113594055176,2.6341075897216797,-22.40233612060547,12.896225929260254
1,352304,-2.307565927505493,-38.788421630859375,-3.693807601928711,-9.600637435913086
1,352304,9.685458183288574,-15.144549369812012,18.969749450683594,0.08715759962797165
1,352304,-1.1675102710723877,52.314727783203125,5.51039981842041,10.931456565856934
1,352304,-15.755708694458008,21.331214904785156,14.622089385986328,13.686468124389648
1,352305,5.471310615539551,-24.602737426757812,-11.935272216796875,-3.790257453918457
1,352305,3.3745105266571045,-15.689866065979004,-24.411216735839844,0.6202884316444397
1,352305,4.302000999450684,10.335636138916016,25.517465591430664,2.6845133304595947
1,352305,12.413780212402344,2.9328176975250244,6.640833854675293,-26.427669525146484
1,352305,-4.702314376831055,-21.445438385009766,-26.908416748046875,17.83811378479004
1,352305,-14.360204696655273,13.130455017089844,9.24799919128418,34.076934814453125
1,352305,7.884249687194824,3.8510892391204834,2.1270856857299805,-13.801076889038086
1,352306,8.188921928405762,-16.737653732299805,-20.773832321166992,-21.65628433227539
1,352306,-6.534573554992676,5.583210468292236,2.0195577144622803,-9.250676155090332
1,352306,14.628715515136719,-5.165348529815674,4.419992446899414,-1.2000025510787964
1,352306,3.7090556621551514,-3.549403190612793,-10.208247184753418,7.572717666625977
1,352306,-26.189212799072266,14.08906364440918,14.533825874328613,8.239286422729492
1,352306,-1.4995073080062866,19.685546875,14.104151725769043,8.12856674194336
1,352307,18.96803092956543,-15.058677673339844,-2.6481399536132812,-3.7019102573394775
1,352307,-7.470757484436035,-18.51897621154785,7.284613609313965,-7.793827056884766
1,352307,-7.7813897132873535,25.382678985595703,-11.312129020690918,4.992941856384277
1,352307,2.4790163040161133,-4.501926422119141,-17.279417037963867,-11.507472038269043
1,352307,4.222314357757568,-36.60773468017578,-1.185953974723816,-8.703031539916992
1,352308,-4.20438289642334,-5.877651691436768,10.898773193359375,5.026352405548096
1,352308,-11.721452713012695,10.941804885864258,-9.687039375305176,12.512800216674805
1,352308,11.319052696228027,10.000469207763672,-8.361347198486328,4.046602725982666
1,352308,9.168797492980957,-5.443363189697266,8.029153823852539,-21.393726348876953
1,352308,-19.482118606567383,-32.857139587402344,-15.250128746032715,11.03278636932373
1,352308,-11.241358757019043,22.331085205078125,17.524295806884766,5.470948696136475
1,352309,20.737751007080078,52.751705169677734,14.980262756347656,-25.788482666015625
1,352309,3.8879542350769043,-9.683222770690918,-15.16541862487793,4.678208351135254
1,352309,-8.243369102478027,-30.37521743774414,1.0850878953933716,21.8577938079834
1,352309,11.98101806640625,0.2085779905319214,5.777117729187012,12.64957332611084
1,352309,6.557476043701172,29.9317626953125,14.36628532409668,-9.93132209777832
1,352309,-7.543275356292725,9.940096855163574,-9.989092826843262,1.1669317483901978
1,352310,-1.0871742963790894,-2.6274688243865967,9.904903411865234,24.605098724365234
1,352310,10.355331420898438,23.646757125854492,21.153854370117188,-18.699527740478516
1,352310,15.569803237915039,-15.320951461791992,-19.260141372680664,-25.611858367919922
1,352310,-4.373235702514648,-25.967710494995117,1.8575760126113892,21.072002410888672
1,352310,-3.900996446609497,24.210338592529297,1.5857288837432861,19.735994338989258
1,352310,20.791471481323242,17.600671768188477,-10.893414497375488,-18.219223022460938
1,352311,-7.19816780090332,-19.193321228027344,-2.789416790008545,-11.928403854370117
1,352311,-20.870458602905273,-15.74092960357666,5.8425517082214355,11.343583106994629
1,352311,1.3177692890167236,11.65914249420166,17.360082626342773,-6.457796573638916
1,352311,-8.187362670898438,-9.580105781555176,-6.6608734130859375,-5.683394432067871
1,352311,-16.72237205505371,-10.17262077331543,-22.209508895874023,-13.725486755371094
1,352311,-6.625931262969971,3.586155414581299,-9.883658409118652,-9.249373435974121
1,352312,4.600667953491211,-30.906217575073242,-1.8589165210723877,27.20323371887207
1,352312,-2.4956777095794678,-21.150489807128906,3.5746378898620605,-12.597859382629395
1,352313,-19.3192081451416,35.65435028076172,-7.91505241394043,-21.098155975341797
1,352313,7.044108867645264,7.953573226928711,-4.75079870223999,28.31913948059082
1,352313,37.02540969848633,-25.935863494873047,17.525135040283203,3.7560863494873047
1,352314,3.929847240447998,29.64134407043457,10.395416259765625,-8.903823852539062
1,352314,-21.07788848876953,16.82404327392578,-3.1857187747955322,11.167516708374023
1,352314,12.041269302368164,-26.554515838623047,1.5558040142059326,7.062240123748779
1,352314,3.967275381088257,7.219318389892578,16.309846878051758,-2.6107873916625977
1,352314,-11.734016418457031,22.776687622070312,1.5269418954849243,-8.048908233642578
1,352314,-1.880025863647461,6.945509433746338,-14.481725692749023,-7.437905788421631
1,352316,-23.86870765686035,-37.25776290893555,-22.09615135192871,-17.269529342651367
1,352317,-11.513803482055664,-14.223203659057617,2.7812283039093018,-12.124528884887695
1,352320,-30.00832176208496,85.15333557128906,112.95062255859375,33.73588943481445
1,352321,-58.55986404418945,34.63420104980469,78.2635498046875,18.596277236938477
1,352324,3.3414595127105713,-27.94135856628418,-47.78067398071289,-9.573331832885742
1,352325,49.84451675415039,-8.972044944763184,-36.07771682739258,21.087478637695312
1,352328,57.45798873901367,-36.29704666137695,-42.653560638427734,-10.609562873840332
1,352329,36.86491775512695,-36.00208282470703,-73.65313720703125,-30.5831356048584
1,352332,12.010372161865234,-23.7017879486084,-37.46654510498047,11.674849510192871
1,352333,11.196549415588379,-6.222806930541992,9.655555725097656,18.328588485717773
1,352336,6.781980991363525,12.538881301879883,-25.105127334594727,-1.542293906211853
1,352337,3.0312399864196777,20.955699920654297,-6.54941463470459,1.3655903339385986
1,352340,-40.91912841796875,45.53769302368164,121.9592514038086,-0.7427440285682678
1,352341,-60.03668212890625,30.651830673217773,78.60282897949219,-26.882211685180664
1,352344,-19.32208251953125,-3.4758706092834473,-29.93609619140625,-0.6877787709236145
1,352345,12.517221450805664,-37.86650085449219,-49.37165832519531,2.9547030925750732
1,352348,56.71701431274414,-36.61014938354492,-53.70999526977539,-22.313949584960938
1,352349,19.524070739746094,3.782325029373169,-2.4815914630889893,37.103878021240234
1,352352,-24.696372985839844,-11.229649543762207,9.432218551635742,17.644437789916992
1,352353,25.274877548217773,-12.60185718536377,-17.041275024414062,-38.74342346191406
1,352356,18.83258628845215,21.96891975402832,20.54704475402832,22.204463958740234
1,352357,-29.17191505432129,-8.579638481140137,9.026782989501953,25.950828552246094
1,352360,-44.4954833984375,25.516260147094727,27.02198600769043,-22.17961311340332
1,352361,-14.481239318847656,43.593109130859375,43.71942901611328,-18.0515193939209
1,352364,6.083439826965332,-19.215686798095703,-38.092716217041016,-5.942174911499023
1,352365,6.082627296447754,-12.800135612487793,-39.97995376586914,12.082521438598633
1,352552,109.20440673828125,-43.08479309082031,-53.804054260253906,8.063231468200684
1,352552,51.17972946166992,-14.240169525146484,-35.379337310791016,-10.479325294494629
1,352553,-131.17909240722656,62.7872428894043,87.12977600097656,-1.0332905054092407
1,352553,-35.07079315185547,6.87545108795166,57.25117492675781,-0.7813820838928223
1,352553,51.284481048583984,-30.811573028564453,-28.077974319458008,-0.2961673438549042
1,352553,11.600432395935059,-12.747087478637695,-46.24733352661133,8.203275680541992
1,352553,23.72836685180664,-25.216394424438477,-63.11399841308594,0.8005039095878601
1,352554,5.564589500427246,-28.010120391845703,-13.058879852294922,-19.729087829589844
1,352554,-12.153225898742676,2.5737650394439697,15.09945297241211,3.080855131149292
1,352554,-16.18145179748535,22.612045288085938,22.600719451904297,26.600200653076172
1,352554,-35.0897216796875,23.743148803710938,57.59831237792969,-13.992888450622559
1,352554,-44.18505859375,0.7810470461845398,28.36459732055664,-8.960430145263672
1,352554,-28.306297302246094,13.182805061340332,33.32755661010742,10.612258911132812
1,352554,11.619251251220703,38.495662689208984,38.29541778564453,8.431574821472168
1,352555,21.869577407836914,6.635444164276123,-16.826982498168945,-6.6834516525268555
1,352555,35.65769958496094,-3.6312806606292725,-40.220916748046875,-3.6228439807891846
1,352555,42.72732925415039,-23.660114288330078,-61.5660514831543,31.025527954101562
1,352555,-2.5377047061920166,-30.79623794555664,-26.210010528564453,-17.237260818481445
1,352555,-9.93177318572998,14.86907958984375,23.821149826049805,-39.81096649169922
1,352556,-2.7656447887420654,2.2475807666778564,12.926431655883789,33.858245849609375
1,352556,-24.488117218017578,2.625798225402832,37.792388916015625,30.99822235107422
1,352556,-9.763236999511719,39.43472671508789,29.840206146240234,-31.40753173828125
1,352556,0.47335657477378845,1.575160264968872,-8.826689720153809,-19.960908889770508
1,352556,-14.896151542663574,-22.337724685668945,-0.592228889465332,13.82518482208252
1,352556,2.6013753414154053,-4.993978500366211,-1.3444205522537231,0.12741820514202118
1,352557,26.78773307800293,-2.7909183502197266,-40.26936340332031,-8.557458877563477
1,352557,22.98433494567871,-14.63503646850586,-20.939453125,10.644956588745117
1,352557,13.147666931152344,-4.329739093780518,38.212188720703125,-7.5448150634765625
1,352557,-3.5543301105499268,16.084047317504883,-2.988041639328003,-1.2552125453948975
1,352557,-25.01878547668457,-0.8757820725440979,-7.110570430755615,15.073846817016602
1,352557,-13.43331241607666,-2.5019798278808594,26.659870147705078,-12.56009292602539
1,352558,0.49368083477020264,9.689364433288574,0.6048606038093567,9.978281021118164
1,352558,-20.001422882080078,25.637710571289062,7.1491379737854,25.245948791503906
1,352558,-4.353514671325684,21.654104232788086,9.269871711730957,-21.17228126525879
1,352558,5.9669270515441895,-29.714275360107422,-12.991777420043945,-34.445980072021484
1,352558,0.3826862573623657,-36.765464782714844,-15.505499839782715,29.273590087890625
1,352558,17.233985900878906,5.303250312805176,-9.53585433959961,39.2852668762207
1,352559,1.9403631687164307,-0.02439762093126774,2.170985698699951,-18.791227340698242
1,352559,-1.9199167490005493,-7.064152717590332,-2.4285919666290283,-28.846708297729492
1,352559,7.006205081939697,-1.171697735786438,-15.887056350708008,-10.331308364868164
1,352559,-14.329731941223145,-0.18323127925395966,2.539062976837158,9.58375072479248
1,352559,-12.957712173461914,28.75458335876465,27.522602081298828,16.04721450805664
1,352560,8.237195014953613,24.609731674194336,16.85382843017578,-0.6237708926200867
1,352560,-2.5630502700805664,-2.334092378616333,5.11732816696167,-13.127338409423828
1,352560,0.012469260022044182,-17.66796112060547,4.429317474365234,7.3575029373168945
1,352560,10.480265617370605,-3.143651008605957,-19.85333824157715,5.092195510864258
1,352560,1.6369225978851318,6.229576587677002,-27.218603134155273,-25.461135864257812
1,352560,6.240476608276367,-11.175470352172852,6.095027446746826,6.919255256652832
1,352561,4.879064083099365,-8.265674591064453,7.151741027832031,10.127620697021484
1,352561,-8.559903144836426,0.3555862605571747,-16.865198135375977,-12.238181114196777
1,352561,-0.2716720700263977,13.493231773376465,4.382465362548828,10.465347290039062
1,352561,-10.428045272827148,-9.6897554397583,23.727418899536133,11.462443351745605
1,352561,-6.332543849945068,-9.738921165466309,-0.06659796088933945,-9.612343788146973
1,352561,22.49744415283203,25.52299690246582,-11.906681060791016,-19.04277992248535
1,352562,-6.257540702819824,-27.067148208618164,-7.546538352966309,9.806610107421875
1,352562,-15.983236312866211,-49.992610931396484,-22.84772300720215,19.030601501464844
1,352562,15.922903060913086,23.2269229888916,6.574462413787842,3.4792168140411377
1,352562,12.297811508178711,45.15919494628906,19.625606536865234,-19.961143493652344
1,352562,-0.8467766046524048,-4.301053047180176,-12.442590713500977,-7.214300155639648
1,352562,-10.098462104797363,-9.685190200805664,-0.8573712706565857,31.15513038635254
1,352563,-7.653111934661865,20.434459686279297,-0.3898274898529053,-10.251227378845215
1,352563,10.933318138122559,-21.939632415771484,-5.231151580810547,-19.58282470703125
1,352563,-4.925654888153076,-19.902738571166992,6.895984172821045,21.99371337890625
1,352563,-10.270588874816895,45.25014114379883,12.717026710510254,2.4199631214141846
1,352563,2.7208752632141113,6.337259292602539,6.262618064880371,-30.91517448425293
1,352563,11.05479621887207,-36.700923919677734,-10.31604290008545,4.854817867279053
1,352564,15.494057655334473,-3.212836742401123,-10.711905479431152,20.084491729736328
1,352564,0.6482635736465454,9.673615455627441,1.9201961755752563,-19.373945236206055
1,352564,-14.950075149536133,-9.5326509475708,-2.8972713947296143,-6.238755702972412
1,352564,-12.831791877746582,-26.11381721496582,-8.531782150268555,10.380385398864746
1,352564,17.480121612548828,4.679306983947754,6.503121852874756,-3.3882408142089844
1,352564,14.979414939880371,33.88408660888672,14.5372314453125,0.423855185508728
1,352565,2.9129960536956787,-2.994865894317627,-6.146304130554199,15.235189437866211
1,352565,1.502847671508789,-17.085250854492188,-7.415472507476807,2.735445022583008
1,352565,-9.331690788269043,0.4362405240535736,12.704538345336914,3.0921781063079834
1,352565,8.779818534851074,14.708189964294434,6.2628583908081055,6.526156902313232
1,352565,7.210018634796143,-6.593386650085449,-14.580802917480469,-18.128000259399414
1,352565,-18.231407165527344,-12.365861892700195,-15.91646957397461,4.943985939025879
1,352566,-7.753670692443848,11.623037338256836,2.3292322158813477,8.517248153686523
1,352566,10.808204650878906,-8.256498336791992,6.243708610534668,-13.377636909484863
1,352566,-5.94149923324585,-0.04366571456193924,0.6237462162971497,-4.277493953704834
1,352566,-5.525053977966309,17.642786026000977,-10.918315887451172,-8.461828231811523
1,352566,-1.8702105283737183,-2.8315720558166504,12.411248207092285,21.50955581665039
1,352566,-2.0991158485412598,-16.283479690551758,11.492464065551758,13.171382904052734
1,352567,10.782869338989258,-8.585830688476562,-11.477245330810547,-32.564308166503906
1,352567,7.46384334564209,12.142580032348633,6.361592769622803,-3.934420585632324
1,352567,-0.9145709276199341,-3.040656089782715,-27.227031707763672,12.160429000854492
1,352567,-4.738409042358398,-25.475706100463867,-11.353595733642578,11.527935981750488
1,352567,12.830609321594238,4.186275005340576,29.24498176574707,16.436166763305664
1,352567,4.104711532592773,35.038169860839844,-18.253747940063477,-5.7067551612854
1,352568,-8.982236862182617,16.00089454650879,-4.784299373626709,-23.071456909179688
1,352568,-4.7507476806640625,-24.80642318725586,23.46385383605957,10.479896545410156
1,352568,-6.685328483581543,-10.84314250946045,-17.420520782470703,6.308290481567383
1,352569,9.082018852233887,5.913166046142578,-5.96852445602417,-24.12458610534668
1,352569,2.6659646034240723,-0.6875561475753784,18.730113983154297,5.992405414581299
1,352570,3.123133897781372,-0.587810754776001,-10.687292098999023,12.574572563171387
1,352570,10.00489616394043,-0.9375813007354736,-6.647046089172363,4.9457478523254395
1,352570,-15.18783187866211,18.33438491821289,9.412650108337402,-12.613316535949707
1,352570,-2.857020378112793,-11.939016342163086,-2.809512138366699,-24.08209228515625
1,352570,6.400238037109375,-16.28548812866211,5.986264705657959,20.057905197143555
1,352570,-6.864796161651611,31.228246688842773,7.240915775299072,22.659849166870117
1,352571,8.49108600616455,-10.196345329284668,-12.264276504516602,-24.626953125
1,352572,6.716960430145264,-24.784263610839844,-6.671622276306152,-10.109482765197754
1,352573,0.9818559885025024,29.12038230895996,0.5684819221496582,19.349746704101562
1,352576,3.3371946811676025,15.703248977661133,4.00154447555542,2.96774959564209
1,352577,-34.34797286987305,-7.854791164398193,37.76236343383789,-1.421905755996704
1,352580,-66.37994384765625,54.64727783203125,67.95134735107422,-0.3559848368167877
1,352581,-34.933815002441406,52.696380615234375,54.93638610839844,-2.3226723670959473
1,352584,12.66317081451416,-26.7271728515625,14.747858047485352,3.066790819168091
1,352585,27.475357055664062,-34.66944122314453,-45.8472785949707,-4.551595687866211
1,352588,49.906211853027344,-58.29265213012695,-95.714599609375,4.244043350219727
1,352589,46.98250961303711,-47.98004150390625,-53.57500457763672,9.112792015075684
1,352592,20.754236221313477,8.593087196350098,-5.870813846588135,-10.135269165039062
1,352593,14.225975036621094,-7.23942756652832,-16.93992805480957,-13.173060417175293
1,352596,-36.37605667114258,0.6005356311798096,1.2954366207122803,8.158907890319824
1,352597,-20.996435165405273,38.835201263427734,29.722646713256836,13.807093620300293
1,352600,-19.73052215576172,40.7631950378418,57.51880645751953,-23.561885833740234
1,352601,-53.03499984741211,11.444087982177734,55.14629364013672,3.4826645851135254
1,352604,19.6358699798584,-11.735355377197266,3.610888719558716,16.680795669555664
1,352605,19.742578506469727,-15.245758056640625,-36.85540771484375,-17.96087074279785
1,352608,17.993139266967773,-30.47869300842285,-83.10346984863281,20.954126358032227
1,352609,41.22901916503906,-5.340590476989746,-26.019325256347656,5.413144588470459
1,352612,6.508105278015137,15.492101669311523,48.1324462890625,-30.828474044799805
1,352613,-5.69493293762207,-28.58755111694336,-8.389825820922852,3.232910394668579
1,352616,-21.399616241455078,-8.80530834197998,-16.480993270874023,12.482730865478516
1,352618,-12.935586929321289,52.58660888671875,25.48546028137207,16.892602920532227
1,352619,-4.063944339752197,15.010223388671875,26.12401008605957,8.35180950164795
1,352622,-40.30323791503906,-2.472578763961792,22.502239227294922,-41.800472259521484
2,352623,-22.44688606262207,21.237516403198242,29.103483200073242,-16.707820892333984
2,352878,131.865966796875,-97.93782806396484,-124.25228881835938,31.826948165893555
2,352879,77.12208557128906,-54.4550895690918,-123.77072143554688,16.406003952026367
2,352882,-189.31423950195312,167.3789825439453,200.70480346679688,-3.8959808349609375
2,352883,-107.7887954711914,79.80480194091797,179.3255615234375,-17.8409366607666
2,354764,76.35565185546875,-52.52334976196289,-35.700706481933594,8.139126777648926
2,354764,40.002227783203125,-14.278504371643066,-43.050437927246094,12.472013473510742
2,354764,27.096708297729492,-45.048946380615234,-76.05723571777344,-29.635366439819336
2,354766,39.80998992919922,-87.4210433959961,-91.58375549316406,0.014870301820337772
2,354767,34.4819450378418,-35.345420837402344,-54.356319427490234,31.39812660217285
2,354770,30.189966201782227,25.62104034423828,-30.359342575073242,-9.003866195678711
2,354771,-12.757721900939941,11.786563873291016,22.148090362548828,-12.538341522216797
2,354774,-57.34788513183594,20.45526123046875,53.718624114990234,10.271109580993652
2,354775,-56.770843505859375,51.02630615234375,78.07664489746094,-0.7823331952095032
2,354778,-50.22056579589844,52.4659538269043,107.36990356445312,-14.882493019104004
2,354779,-32.9605712890625,15.033026695251465,28.307289123535156,-9.577322959899902
2,354782,42.717002868652344,-15.4028902053833,-58.94064712524414,27.61709976196289
2,354783,53.60660934448242,-34.327938079833984,-65.42286682128906,5.011105537414551
2,354786,48.74116516113281,-61.158203125,-83.27608489990234,-19.116458892822266
2,354805,21.526927947998047,0.6853886842727661,4.315887928009033,12.763227462768555
2,354805,-47.284881591796875,37.23395538330078,67.1428451538086,-10.710515022277832
2,354805,-12.386220932006836,0.1411045640707016,-1.2069064378738403,-6.549681186676025
2,354806,15.748079299926758,-25.492673873901367,5.269879341125488,17.287242889404297
2,354806,-10.007014274597168,-10.481257438659668,-8.394347190856934,-0.8688482046127319
2,354806,-6.473306655883789,7.123487949371338,-44.911163330078125,5.175566673278809
2,354806,26.673898696899414,-1.1786025762557983,-15.3080415725708,-6.263416767120361
2,354806,19.573060989379883,4.1179633140563965,-4.05609130859375,-6.751381874084473
2,354807,-7.554559707641602,7.831287860870361,12.19810676574707,3.8446147441864014
2,354807,-2.1297526359558105,8.009621620178223,17.68877601623535,-5.510179042816162
2,354808,6.572907447814941,-13.429279327392578,-14.53503704071045,0.4755730628967285
2,354809,19.432004928588867,-11.535558700561523,10.278426170349121,15.544280052185059
2,354812,-2.604945421218872,11.391185760498047,15.695756912231445,12.968802452087402
2,354813,-36.36988067626953,6.811623573303223,-5.528492450714111,-26.172636032104492
2,354816,-49.32509231567383,49.517887115478516,54.7915153503418,-22.548686981201172
2,354817,-57.678165435791016,43.19135284423828,52.22239303588867,8.56198501586914
2,354820,1.145411729812622,-3.2601537704467773,20.307207107543945,7.345931053161621
2,354821,34.399234771728516,-17.936229705810547,5.255752086639404,3.2958428859710693
2,354824,34.01498794555664,-61.00259780883789,-73.4662094116211,4.925618648529053
2,354825,51.76973342895508,-31.300519943237305,-73.04016876220703,-8.785243034362793
2,354828,8.70211410522461,-2.103541135787964,-34.339073181152344,-13.798323631286621
2,354829,-17.14215850830078,-19.64600372314453,-7.134439945220947,28.28481101989746
2,354832,5.0507683753967285,22.655282974243164,36.935367584228516,28.524608612060547
2,354864,-48.48887252807617,80.39554595947266,91.03118133544922,-38.14689636230469
2,354864,-47.361751556396484,11.720852851867676,58.590721130371094,-13.021753311157227
2,354865,75.86229705810547,-83.70272827148438,-113.1660385131836,35.824485778808594
2,354865,42.550960540771484,-14.769830703735352,-77.57550048828125,-9.004084587097168
2,354865,-26.59837532043457,16.666339874267578,34.05465316772461,-3.128324031829834
2,354865,-7.0046539306640625,7.858344554901123,19.47929573059082,19.57183074951172
2,354865,-11.565775871276855,28.64360237121582,46.41638946533203,-22.324443817138672
2,354865,-22.412321090698242,6.5633721351623535,33.28456115722656,-23.13590431213379
2,354866,-24.439973831176758,-0.4683411717414856,-18.174711227416992,14.783564567565918
2,354866,15.131388664245605,0.5583177208900452,-2.7635080814361572,23.069629669189453
2,354866,36.07585525512695,-16.964632034301758,-4.46484899520874,-2.6127817630767822
2,354866,25.457387924194336,-26.599458694458008,-53.49079895019531,-21.35105323791504
2,354866,14.382110595703125,-12.024134635925293,-34.720924377441406,-11.238283157348633
2,354867,-9.312179565429688,-11.684027671813965,2.9347262382507324,11.378023147583008
2,354867,-8.481797218322754,7.929314613342285,14.466365814208984,12.511466979980469
2,354867,-3.2367730140686035,1.920610785484314,10.149396896362305,3.7363121509552
2,354868,-0.46643221378326416,-7.706520080566406,-18.263935089111328,-3.319295644760132
2,354868,-0.9225718975067139,43.5179557800293,5.819248676300049,-25.37827491760254
2,354870,-29.15701675415039,22.09726905822754,31.451759338378906,-13.48001766204834
2,354871,-9.637639045715332,-28.428844451904297,-4.305228233337402,20.623701095581055
2,354874,25.28325653076172,-15.885441780090332,-21.66011619567871,9.899351119995117
2,354875,-1.8384002447128296,33.69673538208008,30.98482894897461,1.9281229972839355
2,354878,-53.36045455932617,71.03119659423828,90.127197265625,6.499320983886719
2,354879,-44.20149230957031,7.502170085906982,43.18339920043945,-15.937409400939941
2,354882,10.684165000915527,-59.782562255859375,-36.211299896240234,1.1707295179367065
2,354883,27.59407615661621,-2.749980926513672,-47.16981887817383,24.449506759643555
2,354886,47.90346145629883,-6.504110813140869,-47.949806213378906,-13.512056350708008
2,354887,34.27369689941406,-53.97713088989258,-23.3461856842041,-18.062658309936523
2,354890,-10.275609970092773,1.1864594221115112,0.5335446000099182,-0.09528068453073502
2,354891,1.944863200187683,11.300887107849121,-8.495650291442871,3.7807271480560303
2,354894,13.253705978393555,-15.66753101348877,6.491550445556641,18.692108154296875
2,354939,-62.7446174621582,51.20171356201172,84.27466583251953,-10.122499465942383
2,354939,-45.92386245727539,54.39013671875,56.484127044677734,-4.024870872497559
2,354940,60.17836380004883,-61.05055618286133,-91.25321197509766,16.277862548828125
2,354940,16.96343421936035,-11.159894943237305,-40.20122528076172,-12.70866870880127
2,354940,-32.53864669799805,45.34134292602539,41.81465530395508,-0.019908137619495392
2,354940,-27.79383087158203,-5.223230838775635,30.69000816345215,21.292173385620117
2,354940,-15.080195426940918,0.5866565704345703,41.16432571411133,-6.014815807342529
2,354940,11.934647560119629,15.763526916503906,10.189981460571289,-20.679121017456055
2,354941,29.786420822143555,-1.7240828275680542,-37.96501541137695,2.6257669925689697
2,354941,29.16634178161621,-37.0303840637207,-51.10996627807617,5.894247055053711
2,354941,-2.7471208572387695,-34.83366775512695,-31.23581314086914,-9.876723289489746
2,354941,17.7447452545166,-21.090333938598633,-26.65315818786621,-9.334714889526367
2,354941,42.756317138671875,-2.4259121417999268,-28.25369644165039,9.05803394317627
2,354941,0.892981767654419,7.357835292816162,-7.522994518280029,-2.2061333656311035
2,354942,-23.278942108154297,7.8780903816223145,30.616214752197266,-17.662776947021484
2,354942,-30.124584197998047,20.52083969116211,45.91183853149414,21.075727462768555
2,354942,-26.69379425048828,29.485687255859375,19.17514419555664,28.017799377441406
2,354942,-5.039663791656494,12.280046463012695,8.564635276794434,-6.805484294891357
2,354942,1.647180199623108,-4.883386135101318,-2.1386301517486572,-15.041923522949219
2,354942,18.317535400390625,-19.471025466918945,-16.38848114013672,8.815526962280273
2,354943,18.433124542236328,-26.286338806152344,-11.209477424621582,9.968409538269043
2,354943,4.78169584274292,-11.671173095703125,-15.915257453918457,-12.73796272277832
2,354943,11.468091011047363,-17.469181060791016,-19.47388458251953,-2.783435583114624
2,354944,17.936906814575195,8.343729019165039,-3.8720269203186035,6.7796311378479
2,354944,1.8772450685501099,25.579204559326172,20.907176971435547,1.6511324644088745
2,354946,-15.968733787536621,-13.889442443847656,-12.235011100769043,-3.4715967178344727
2,354947,2.697965383529663,-39.34696578979492,-43.168216705322266,7.3655781745910645
2,354950,8.185880661010742,-13.55689811706543,-7.121971607208252,-10.640997886657715
2,354951,2.9546475410461426,32.32746505737305,13.451871871948242,-14.512701988220215
2,354954,-5.183267593383789,33.90443801879883,20.950700759887695,29.261558532714844
2,354955,-29.472118377685547,15.838495254516602,37.79261016845703,0.5592222809791565
2,354958,-58.01426696777344,25.746753692626953,75.80057525634766,-40.684295654296875
2,354959,-34.4216194152832,20.143951416015625,44.095619201660156,2.9477527141571045
2,354962,43.57013702392578,-8.38252067565918,-46.75865173339844,29.86726951599121
2,354963,11.248640060424805,-11.848919868469238,-16.1490421295166,-6.298583507537842
2,354966,-0.08399520069360733,-26.054346084594727,-22.27701759338379,-13.842903137207031
2,354967,53.92565155029297,-26.922924041748047,-67.06490325927734,16.020145416259766
2,354970,2.3314061164855957,-3.0021281242370605,2.060323715209961,-3.3771731853485107
2,354971,-14.354338645935059,-2.1010520458221436,12.831045150756836,-22.22600555419922
2,355029,4.293482303619385,8.98266887664795,-3.3772459030151367,12.389787673950195
2,355030,15.847746849060059,0.35481759905815125,-3.1674487590789795,3.288869619369507
2,355030,38.29795837402344,-17.569175720214844,-46.72056579589844,-9.773877143859863
2,355030,-13.264506340026855,-16.563640594482422,-21.249034881591797,4.835731029510498
2,355030,-29.320659637451172,8.025786399841309,34.86122512817383,8.521968841552734
2,355030,-0.6052767634391785,45.69663619995117,40.976619720458984,8.44219970703125
2,355030,-25.265155792236328,10.328758239746094,35.31870651245117,-5.340920448303223
2,355031,-38.2396125793457,-25.32549476623535,33.524696350097656,-12.77566909790039
2,355031,-11.557404518127441,29.980817794799805,31.158489227294922,6.976325035095215
2,355031,8.192317008972168,38.02769470214844,-13.464910507202148,11.539648056030273
2,355031,13.171608924865723,-27.529428482055664,-38.87632751464844,-7.940340042114258
2,355031,19.856386184692383,-26.353395462036133,-14.571965217590332,-7.378820896148682
2,355031,17.3286190032959,-22.284439086914062,-29.469715118408203,15.342120170593262
2,355032,6.116278171539307,-42.7806510925293,-22.972259521484375,13.305734634399414
2,355032,-3.763044834136963,17.87191390991211,13.713228225708008,-18.195634841918945
2,355032,-6.9314117431640625,53.639461517333984,31.219823837280273,-14.768804550170898
2,355032,-11.784357070922852,9.469060897827148,35.13789749145508,5.812972068786621
2,355032,-8.049346923828125,-4.647773265838623,-6.796714782714844,3.692711591720581
2,355032,-9.049172401428223,-8.536103248596191,-2.4666097164154053,10.921846389770508
2,355033,-20.091075897216797,5.8243794441223145,24.844465255737305,5.858189582824707
2,355033,11.000947952270508,33.016597747802734,-13.904547691345215,-20.123929977416992
2,355033,33.87773132324219,-25.752086639404297,-35.177833557128906,2.288146734237671
2,355033,6.208312034606934,-33.854434967041016,-20.395687103271484,14.22376823425293
2,355033,-14.31338882446289,18.99459457397461,13.203758239746094,-12.130607604980469
2,355034,5.147272109985352,-8.544195175170898,8.018234252929688,-15.443281173706055
2,355034,6.035877227783203,-7.911228656768799,-10.683072090148926,10.386889457702637
2,355034,-23.15928840637207,23.11545181274414,14.77768325805664,16.306421279907227
2,355034,-16.25177001953125,8.3248291015625,15.798927307128906,-12.687919616699219
2,355034,13.3334379196167,6.962465286254883,22.58116340637207,-6.922034740447998
2,355036,-21.550479888916016,19.68202018737793,28.378826141357422,6.645810127258301
2,355036,-34.60226821899414,-10.995613098144531,-19.83990478515625,4.500214576721191
2,355036,29.229276657104492,-17.80731201171875,-20.960073471069336,-0.7129725813865662
2,355037,18.20248794555664,19.40413475036621,38.098880767822266,-5.120265483856201
2,355040,-19.661691665649414,61.048500061035156,61.9739990234375,-0.6720421314239502
2,355041,-26.148887634277344,18.734960556030273,-3.19755220413208,-6.143503665924072
2,355044,5.987691879272461,-106.27520751953125,-125.48020935058594,5.2755656242370605
2,355045,74.14852905273438,-71.97057342529297,-84.94522094726562,4.336584568023682
2,355048,69.48605346679688,13.464115142822266,31.926179885864258,0.8669817447662354
2,355049,-3.597170114517212,-8.309935569763184,-0.25294169783592224,15.541729927062988
2,355052,-19.51372718811035,11.590717315673828,-35.68489074707031,-13.807775497436523
2,355053,12.365378379821777,26.76228141784668,8.134465217590332,0.9823132753372192
2,355056,-38.64849853515625,22.047224044799805,60.763145446777344,-0.3199993371963501
2,355057,-75.99931335449219,28.736309051513672,58.29446792602539,-20.983291625976562
2,355060,-16.63682746887207,-2.076441526412964,25.154386520385742,23.2116756439209
2,355061,14.434141159057617,0.09088649600744247,7.177980899810791,9.929411888122559
2,355064,30.509029388427734,-11.421180725097656,-47.02833938598633,-8.46080493927002
2,355065,34.28200149536133,-37.11119842529297,-63.61495590209961,-17.222684860229492
2,355136,-30.451461791992188,34.7257080078125,32.33013916015625,-14.665215492248535
2,355137,-34.296775817871094,67.73225402832031,72.82460021972656,25.678363800048828
2,355137,13.338561058044434,-26.47797393798828,9.231941223144531,2.779036521911621
2,355137,26.323646545410156,-41.390560150146484,-37.540348052978516,-28.335147857666016
2,355137,17.281509399414062,6.92816686630249,-46.41106414794922,7.334982872009277
2,355137,10.553454399108887,-36.81790542602539,-27.44712257385254,8.711597442626953
2,355137,11.773930549621582,-34.33338928222656,-2.2991139888763428,-12.44665241241455
2,355138,-15.861259460449219,33.19853973388672,23.394174575805664,20.09233856201172
2,355138,-20.180286407470703,21.020828247070312,26.41647720336914,16.553194046020508
2,355138,-10.708542823791504,9.020038604736328,23.136489868164062,-27.974809646606445
2,355138,-14.832002639770508,25.24081802368164,29.99408721923828,-1.7779358625411987
2,355138,-8.994535446166992,4.178805828094482,4.369854927062988,28.8845272064209
2,355138,11.212395668029785,-13.107977867126465,-17.423446655273438,-2.320056438446045
2,355139,7.515568733215332,-21.220979690551758,-19.49656867980957,-11.872047424316406
2,355139,4.017632007598877,-33.01077651977539,-19.858863830566406,13.596773147583008
2,355139,31.388309478759766,-20.95657730102539,-38.893192291259766,3.182582139968872
2,355139,8.11561107635498,16.03797721862793,-19.891883850097656,-16.244808197021484
2,355139,-2.0072274208068848,14.33475399017334,23.75701141357422,5.15787410736084
2,355139,-0.4389246702194214,1.5630985498428345,13.796380043029785,11.717768669128418
2,355140,-24.261484146118164,37.175472259521484,20.217708587646484,-18.53848648071289
2,355140,-18.122482299804688,27.422996520996094,13.46690559387207,-8.245101928710938
2,355140,-13.888379096984863,-34.19114303588867,-1.3159695863723755,23.375669479370117
2,355140,5.7065558433532715,-17.816946029663086,5.93001127243042,-9.274216651916504
2,355140,27.42194366455078,27.285755157470703,-11.160658836364746,-9.792229652404785
2,355141,20.489831924438477,-8.793903350830078,-23.7615966796875,19.090085983276367
2,355141,-1.2191165685653687,-17.909282684326172,-23.999181747436523,-11.065313339233398
2,355141,-1.9888566732406616,-0.2709033787250519,4.335353851318359,-17.775440216064453
2,355141,5.435784816741943,-27.208040237426758,24.65369415283203,14.436322212219238
2,355141,-14.623461723327637,6.747028350830078,16.395183563232422,12.253647804260254
2,355141,-6.681192398071289,28.371366500854492,11.742239952087402,-12.772594451904297
2,355142,-2.3968522548675537,-1.7981221675872803,-4.224299430847168,-7.443241596221924
2,355142,-10.285150527954102,2.5716989040374756,-19.299951553344727,13.3463773727417
2,355142,3.085948944091797,-12.367976188659668,5.322347640991211,1.6243175268173218
2,355142,21.352014541625977,-11.234199523925781,5.606665134429932,-6.569756031036377
2,355142,18.073366165161133,16.113649368286133,-24.593860626220703,-9.551764488220215
2,355144,-0.7822179794311523,-32.031402587890625,-32.398223876953125,-2.3227720260620117
2,355144,-5.800454616546631,-35.400150299072266,-15.242778778076172,26.026811599731445
2,355144,-7.438751220703125,47.09497833251953,18.54666519165039,3.1058504581451416
2,355144,3.684451103210449,28.238460540771484,13.796335220336914,-17.076093673706055
2,355145,13.83033561706543,-32.51841735839844,-27.986759185791016,-14.78133487701416
2,355148,30.828733444213867,-47.62834167480469,-69.888427734375,-2.16156005859375
2,355149,21.494997024536133,-11.815712928771973,-9.238304138183594,17.87543296813965
2,355152,-19.54897689819336,28.828691482543945,50.536476135253906,-4.016410827636719
2,355153,-12.486949920654297,17.222524642944336,10.822090148925781,-8.159202575683594
2,355156,-46.832550048828125,45.42774963378906,76.25372314453125,12.569418907165527
2,355157,-75.50680541992188,53.640357971191406,103.34587097167969,7.641697406768799
2,355160,-21.677757263183594,31.73920249938965,22.467336654663086,-7.41761589050293
2,355161,26.49821662902832,-4.192687511444092,-22.819381713867188,-0.0722673162817955
2,355164,58.43862533569336,-69.17916107177734,-78.38651275634766,3.7009665966033936
2,355165,34.49599075317383,-33.18984603881836,-48.66912078857422,-2.8096518516540527
2,355168,-4.889254570007324,-35.34382247924805,-25.733964920043945,7.38030481338501
2,355170,-7.715798377990723,-2.8100290298461914,-13.492582321166992,-0.6494163274765015
2,355171,14.582955360412598,74.4150161743164,50.05634689331055,-8.00986099243164
2,355174,10.310859680175781,-43.37109375,10.729788780212402,4.369287014007568
2,355175,-39.6094856262207,-37.37912368774414,-31.987092971801758,-15.369637489318848
2,355258,-62.20137405395508,75.78522491455078,44.55573272705078,-3.6061573028564453
2,355258,4.017276763916016,41.78076171875,59.87405776977539,22.33978843688965
2,355258,51.43781661987305,-25.771501541137695,-34.12763977050781,-0.8904836773872375
2,355258,-10.10485553741455,-21.360990524291992,-25.253475189208984,-23.77072525024414
2,355258,-42.18478775024414,32.0126838684082,45.428062438964844,11.3875093460083
2,355258,-24.55416488647461,27.4509220123291,51.08368682861328,22.75649070739746
2,355259,11.096928596496582,4.332223415374756,-8.471307754516602,-32.4403076171875
2,355259,20.366212844848633,-8.53987979888916,-31.52268409729004,1.5439006090164185
2,355259,16.854047775268555,-50.03861618041992,-25.79869842529297,33.15639114379883
2,355259,32.28558349609375,-36.27024841308594,-50.84757995605469,-20.569551467895508
2,355259,28.410137176513672,10.26663875579834,-26.779312133789062,-25.795711517333984
2,355260,26.365188598632812,-11.098579406738281,-2.152080774307251,20.2084903717041
2,355260,-18.706384658813477,4.723383903503418,-5.397466659545898,6.619400978088379
2,355260,-25.60804557800293,26.00193977355957,21.145151138305664,-24.37192153930664
2,355260,13.96959114074707,-7.362765789031982,40.65990447998047,11.751988410949707
2,355260,-25.454879760742188,3.7230522632598877,20.120227813720703,19.300411224365234
2,355260,-30.78426742553711,17.184783935546875,8.930826187133789,-9.009577751159668
2,355261,18.791011810302734,7.432505130767822,-7.447338104248047,-10.987442970275879
2,355261,15.528877258300781,-8.57656192779541,-41.667964935302734,6.650238990783691
2,355261,4.05019474029541,-28.534093856811523,-16.909082412719727,19.358600616455078
2,355261,11.793889999389648,-27.18920135498047,-3.7924485206604004,3.150759696960449
2,355261,7.794256210327148,5.0499491691589355,-8.477317810058594,-10.078049659729004
2,355262,7.8014631271362305,10.580687522888184,3.3142342567443848,-10.774452209472656
2,355262,4.442214012145996,-9.422301292419434,-14.17715072631836,3.043041467666626
2,355262,-20.877696990966797,16.343700408935547,12.834824562072754,4.666220664978027
2,355262,-26.34233283996582,10.087356567382812,31.209115982055664,-14.788054466247559
2,355262,-11.467647552490234,-8.890665054321289,-1.9561727046966553,-2.6337687969207764
2,355262,3.667086124420166,20.56231689453125,-5.530831336975098,14.887568473815918
2,355263,22.695531845092773,8.728734970092773,-6.7969136238098145,1.619710087776184
2,355263,1.7087352275848389,-32.791259765625,-10.63801383972168,-2.083435535430908
2,355263,-7.0637946128845215,-21.897607803344727,3.0300166606903076,-2.364577293395996
2,355263,13.974589347839355,18.205947875976562,-5.339240550994873,4.737161159515381
2,355263,3.472562313079834,25.272525787353516,-3.1645843982696533,1.4718163013458252
2,355263,-3.663034200668335,-9.202153205871582,2.694861888885498,-14.362710952758789
2,355264,-9.279098510742188,-18.224214553833008,-4.995083332061768,18.91469383239746
2,355264,-8.262394905090332,14.326440811157227,17.079700469970703,11.849313735961914
2,355264,-8.601901054382324,11.63122272491455,19.170259475708008,-28.78655433654785
2,355264,9.895767211914062,-28.124664306640625,-10.589088439941406,-15.217732429504395
2,355264,33.03913497924805,-5.886452674865723,-28.441373825073242,2.0506598949432373
2,355264,4.620096683502197,29.27276039123535,-19.004552841186523,2.413175582885742
2,355265,-8.468634605407715,-29.743083953857422,23.71216583251953,26.359134674072266
2,355266,14.840537071228027,-27.682355880737305,3.7346436977386475,22.815954208374023
2,355266,18.344514846801758,20.47275733947754,-35.48123550415039,-15.998586654663086
2,355266,-21.497650146484375,12.901287078857422,24.221710205078125,-8.892596244812012
2,355266,-26.988557815551758,21.159765243530273,47.568546295166016,7.259406089782715
2,355268,30.027156829833984,-28.630611419677734,-29.46993064880371,0.5128365159034729
2,355269,15.873906135559082,-44.209861755371094,-45.09253692626953,3.282329797744751
2,355272,-34.585636138916016,-3.35182785987854,-13.853287696838379,-9.291085243225098
2,355273,-10.655556678771973,16.62110137939453,8.739211082458496,-13.253214836120605
2,355276,-9.143632888793945,93.19307708740234,103.80973815917969,17.230318069458008
2,355277,-52.097137451171875,65.17792510986328,90.07616424560547,4.318279266357422
2,355280,-46.56248474121094,-23.034557342529297,-3.475123882293701,-35.66352844238281
2,355281,21.63569450378418,-0.8048080205917358,-13.125494956970215,8.84220027923584
2,355284,61.598968505859375,-11.544073104858398,-71.47640228271484,4.551870822906494
2,355285,25.43905258178711,-61.753074645996094,-91.75550842285156,-33.33799362182617
2,355288,-3.107584238052368,-67.13800811767578,-67.1475830078125,19.836565017700195
2,355289,-2.16524076461792,-19.8476619720459,20.95859718322754,12.245718955993652
2,355292,34.57122802734375,30.18993377685547,109.14236450195312,26.622713088989258
2,355293,25.71527099609375,21.592514038085938,-11.829727172851562,23.834274291992188
2,355296,-55.91107177734375,36.43239974975586,-19.55843162536621,-45.266666412353516
2,355297,-49.781734466552734,40.628910064697266,73.77275085449219,-9.429627418518066
2,355300,-14.173666000366211,-11.19242000579834,8.477514266967773,2.2191872596740723
2,355301,3.9120569229125977,-16.50944709777832,-42.087982177734375,-14.142531394958496
2,355397,37.143638610839844,1.0709494352340698,13.683009147644043,40.3167724609375
2,355397,9.440185546875,22.017189025878906,40.27145004272461,9.08304214477539
2,355397,-37.776634216308594,37.0615348815918,14.599520683288574,-38.69844436645508
2,355397,-27.254518508911133,9.284737586975098,10.404211044311523,1.1019606590270996
2,355398,14.784133911132812,-4.958402633666992,-28.698549270629883,4.63057279586792
2,355398,35.83638000488281,-37.3610725402832,-50.536067962646484,-0.45385414361953735
2,355398,18.080150604248047,-48.82557678222656,-29.46951675415039,21.051889419555664
2,355398,20.247541427612305,-24.66438102722168,-34.02457046508789,-7.536534786224365
2,355398,12.783394813537598,-35.5350341796875,-29.563629150390625,-21.769649505615234
2,355398,-21.416793823242188,-4.958859443664551,-10.220792770385742,21.85443878173828
2,355399,-13.446343421936035,29.831958770751953,20.596765518188477,4.363317012786865
2,355399,-0.5707995295524597,29.439851760864258,42.993167877197266,-27.25374984741211
2,355399,-7.552466869354248,22.733440399169922,43.541500091552734,-2.827258348464966
2,355399,-14.831138610839844,16.557477951049805,8.247961044311523,3.9036850929260254
2,355399,-13.899977684020996,6.822383880615234,-19.258018493652344,8.233721733093262
2,355399,-1.588291049003601,-22.60298728942871,7.747074604034424,17.21152687072754
2,355400,25.44666290283203,-11.952872276306152,-11.571467399597168,-8.171890258789062
2,355400,28.584815979003906,-10.285454750061035,-39.39567565917969,-20.948564529418945
2,355400,-10.618741989135742,-9.88680362701416,2.907897710800171,9.653030395507812
2,355400,-13.425777435302734,19.413352966308594,33.88951110839844,23.07524299621582
2,355400,18.945966720581055,4.527775764465332,26.865657806396484,-6.573368549346924
2,355400,17.232891082763672,0.67961186170578,-0.2236442118883133,-1.8618013858795166
2,355401,-14.651285171508789,16.24475860595703,-9.502930641174316,18.9383544921875
2,355401,-8.989496231079102,4.8365936279296875,24.245746612548828,0.7403903007507324
2,355401,22.742109298706055,10.403731346130371,11.575037956237793,-14.719039916992188
2,355401,18.22298240661621,3.598780632019043,-51.52790832519531,-29.196781158447266
2,355401,14.743195533752441,-27.624658584594727,-42.711265563964844,-4.680209636688232
2,355402,6.287624835968018,-15.69613265991211,8.836737632751465,38.06028747558594
2,355402,-0.7900785803794861,-2.6529459953308105,0.5927817225456238,11.066019058227539
2,355402,-5.789682865142822,-13.622905731201172,-14.039795875549316,-17.31541633605957
2,355402,-42.85127639770508,1.7297015190124512,-6.072863578796387,-4.041750431060791
2,355402,-16.925739288330078,31.613813400268555,20.979816436767578,-0.5839568972587585
2,355402,14.90805435180664,10.026405334472656,38.062950134277344,-6.268372535705566
2,355403,-10.420574188232422,-31.017187118530273,-10.207921028137207,-0.20818546414375305
2,355403,-11.511550903320312,-16.673349380493164,-27.87506675720215,4.987699031829834
2,355403,-8.999353408813477,2.1759660243988037,11.837797164916992,6.951847553253174
2,355403,4.254829406738281,7.430755615234375,12.454532623291016,-0.22171425819396973
2,355403,12.401947975158691,3.567436456680298,-11.065247535705566,-21.041078567504883
2,355403,6.24822998046875,-26.73832893371582,-27.700048446655273,-5.269479751586914
2,355404,-2.6607182025909424,6.724109649658203,-2.2127645015716553,16.663137435913086
2,355404,-16.784395217895508,20.810562133789062,31.96774673461914,-6.734272480010986
2,355404,13.32833194732666,-19.531030654907227,-5.394739627838135,-8.846906661987305
2,355404,14.589165687561035,12.404479026794434,-5.7321929931640625,9.482653617858887
2,355404,-32.23960876464844,11.490906715393066,6.732247829437256,5.2712626457214355
2,355404,-8.845993995666504,-29.108198165893555,-15.624351501464844,5.1149115562438965
2,355405,31.03129768371582,-7.139125823974609,9.880724906921387,7.879906177520752
2,355405,9.963998794555664,30.03037452697754,29.913480758666992,0.9678840637207031
2,355405,5.687208652496338,15.98923110961914,11.965954780578613,-1.342763900756836
2,355406,0.4996882677078247,-59.288822174072266,-51.36617660522461,-13.480437278747559
2,355406,-14.045701026916504,-52.484317779541016,-33.282649993896484,-10.443652153015137
2,355407,2.6203038692474365,58.21977233886719,34.485111236572266,9.521900177001953
2,355407,3.181765079498291,45.6828498840332,8.300865173339844,6.594261169433594
2,355408,-34.791046142578125,-50.47895431518555,-16.491554260253906,-1.9101563692092896
2,355409,-14.894721984863281,-24.23692512512207,-44.026405334472656,-0.04945097118616104
2,355412,110.49853515625,53.29882049560547,13.942008018493652,25.24666404724121
2,355413,23.73444366455078,42.107215881347656,72.597900390625,12.420489311218262
2,355416,-149.9165496826172,28.993684768676758,56.871864318847656,-31.902759552001953
2,355417,-46.52585983276367,55.32648468017578,55.28190231323242,-25.096384048461914
2,355420,33.30500411987305,30.249248504638672,11.41073989868164,8.791373252868652
2,355421,12.193769454956055,-23.391828536987305,-11.670650482177734,24.365840911865234
2,355424,45.171844482421875,-72.7125244140625,-90.3299331665039,-13.388782501220703
2,355425,42.41865539550781,-37.103450775146484,-83.6232681274414,-11.505121231079102
2,355428,28.879796981811523,-6.505940914154053,0.538429856300354,18.476173400878906
2,355429,-7.9450788497924805,-24.371089935302734,-2.595914125442505,-18.95611572265625
2,355432,-41.98652267456055,11.540181159973145,33.0174446105957,-21.045499801635742
2,355434,-14.259353637695312,-11.651018142700195,5.151515960693359,33.56481170654297
2,355435,-13.75887393951416,4.512313365936279,-21.789966583251953,11.379087448120117
2,355438,-7.523566246032715,39.237667083740234,44.23394775390625,-40.237640380859375
2,355439,-6.367585182189941,21.1431827545166,57.70408630371094,-3.2564477920532227
2,355442,-16.112966537475586,6.620794296264648,-6.201276779174805,28.00640869140625
2,355443,16.872112274169922,-17.1021671295166,-22.180648803710938,16.416563034057617
2,355549,84.95672607421875,-60.462459564208984,-56.974708557128906,-13.309957504272461
2,355550,42.67292022705078,-26.468530654907227,-31.819583892822266,-11.763547897338867
2,355550,-67.15519714355469,80.42687225341797,76.57998657226562,12.586902618408203
2,355550,-34.30790328979492,-2.9803926944732666,-10.199426651000977,4.9950971603393555
2,355550,28.4465274810791,-55.43360900878906,-66.07191467285156,3.4041013717651367
2,355550,29.253286361694336,3.7835559844970703,-1.5181282758712769,-8.38365364074707
2,355550,9.345757484436035,-13.253241539001465,-24.71005630493164,-12.189294815063477
2,355551,-0.6235014200210571,-10.278520584106445,-34.6768798828125,16.336803436279297
2,355551,-18.380294799804688,15.194206237792969,31.588695526123047,14.30024528503418
2,355551,-22.880126953125,27.033802032470703,64.27912902832031,-5.768764019012451
2,355551,-16.047456741333008,40.604881286621094,46.19047546386719,9.02084732055664
2,355551,-31.179075241088867,28.117130279541016,38.694610595703125,-12.794280052185059
2,355551,-12.841392517089844,-10.86268138885498,-0.8484563827514648,-37.24980163574219
2,355552,-7.133429050445557,-10.13359260559082,-34.05611801147461,9.729781150817871
2,355552,3.7962098121643066,3.99326229095459,-1.8576033115386963,19.275636672973633
2,355552,45.753807067871094,-28.663240432739258,-16.55907440185547,-5.915651321411133
2,355552,19.019500732421875,-34.63019943237305,-31.00181007385254,9.840466499328613
2,355552,-10.6067476272583,15.525518417358398,-9.483739852905273,6.779929161071777
2,355553,-8.834747314453125,3.3486838340759277,5.545712471008301,-9.989583015441895
2,355553,-15.0875244140625,-2.3643810749053955,39.440208435058594,-0.8491883277893066
2,355553,-9.629733085632324,31.367996215820312,23.759235382080078,4.261714935302734
2,355553,-14.278733253479004,14.903074264526367,7.399446964263916,0.8670056462287903
2,355553,-2.7511725425720215,-3.499126672744751,9.701255798339844,-2.622781991958618
2,355553,5.812726974487305,-1.3010308742523193,-14.018818855285645,10.746147155761719
2,355554,1.6327996253967285,2.450845718383789,-8.853440284729004,4.878341197967529
2,355554,16.128440856933594,-26.364627838134766,-19.580081939697266,-28.6419620513916
2,355554,7.638265609741211,-19.89251708984375,-32.448123931884766,-8.086276054382324
2,355554,-7.809932708740234,25.165904998779297,1.1377218961715698,10.924842834472656
2,355554,12.590368270874023,-4.819088459014893,10.378829956054688,-9.270672798156738
2,355554,7.620571613311768,-2.6392180919647217,-0.11517685651779175,-5.037472724914551
2,355555,-28.740493774414062,32.386348724365234,-3.6992008686065674,6.3639750480651855
2,355555,-8.396204948425293,-7.241698265075684,19.250925064086914,6.2495927810668945
2,355555,24.49128532409668,-4.71438455581665,31.031248092651367,12.421988487243652
2,355555,13.56641674041748,12.344986915588379,-14.036213874816895,10.749295234680176
2,355555,3.8891236782073975,-13.824995994567871,-20.04672622680664,-1.9441635608673096
2,355555,12.78393840789795,-12.237415313720703,5.455451011657715,-3.9461889266967773
2,355556,17.26363754272461,3.796940326690674,-18.14690399169922,-17.742769241333008
2,355556,-2.3938024044036865,-19.425397872924805,-9.764098167419434,15.961121559143066
2,355556,-16.5300350189209,-11.444424629211426,25.645944595336914,34.77511215209961
2,355556,-18.9473876953125,13.987098693847656,3.3087611198425293,-34.13920211791992
2,355556,-22.570953369140625,5.298952579498291,-1.4799213409423828,-21.055896759033203
2,355557,-2.0061800479888916,10.113225936889648,18.08336639404297,16.45207977294922
2,355557,0.5992844104766846,4.461305618286133,16.29412841796875,-15.17684268951416
2,355557,-2.7126402854919434,11.984639167785645,-6.473148822784424,-6.713344573974609
2,355557,0.3549218773841858,-10.631099700927734,-21.561479568481445,13.037335395812988
2,355557,-5.051476001739502,-4.614274024963379,-0.6275034546852112,-4.5392327308654785
2,355557,25.138282775878906,5.5471296310424805,-9.704452514648438,-8.444015502929688
2,355558,5.774716854095459,-26.049179077148438,-2.307823419570923,4.8031392097473145
2,355558,-15.794096946716309,12.131292343139648,22.33273696899414,-1.825920581817627
2,355558,11.086417198181152,11.290929794311523,-9.162734031677246,-4.52728271484375
2,355558,-3.1262781620025635,-6.242694854736328,-13.490335464477539,13.265417098999023
2,355558,-18.642929077148438,9.815363883972168,13.86056137084961,6.670398235321045
2,355558,-6.600235939025879,17.986156463623047,-5.441530704498291,-18.183618545532227
2,355560,-74.30549621582031,-18.932973861694336,-19.860780715942383,-28.898244857788086
2,355560,-90.76148223876953,-75.13849639892578,-2.6264541149139404,12.735318183898926
2,355560,52.38307189941406,8.9464693069458,2.2548372745513916,44.364501953125
2,355560,56.21329879760742,69.90007019042969,12.307415008544922,-5.880002975463867
2,355560,-5.142313003540039,-23.839601516723633,11.359562873840332,-23.80085563659668
2,355562,85.57174682617188,-16.739816665649414,7.614386558532715,36.76143264770508
2,355563,113.47994995117188,45.98140335083008,-14.898033142089844,52.088050842285156
2,355566,72.41773223876953,-46.641868591308594,-77.15077209472656,-10.571122169494629
2,355567,69.55835723876953,-90.81195831298828,-65.32194519042969,-37.14093780517578
2,355570,-67.45416259765625,-12.585448265075684,15.2070894241333,-7.584327697753906
2,355571,-79.64344024658203,32.9954833984375,53.400856018066406,10.549464225769043
2,355574,11.217765808105469,74.08491516113281,23.92460060119629,-14.25207233428955
2,355575,-65.5630874633789,65.4766616821289,40.30256652832031,-23.670040130615234
2,355578,-36.66147232055664,62.159149169921875,86.05397033691406,-14.207148551940918
2,355579,-3.6880054473876953,71.7440414428711,27.94213104248047,-30.22511100769043
2,355582,-65.64545440673828,-120.1877212524414,-78.23138427734375,20.778606414794922
2,355583,-17.782590866088867,-159.9237518310547,-63.17548751831055,71.51383209228516
2,355586,-36.26637649536133,-16.767608642578125,0.8241207003593445,14.214300155639648
2,355587,33.97418212890625,16.99463653564453,-7.002370357513428,-3.771256446838379
2,355590,147.79147338867188,73.7325668334961,26.788944244384766,-4.016912460327148
2,355591,-20.407812118530273,23.42476463317871,-4.341222763061523,-82.35798645019531
2,355594,-15.742207527160645,2.607949733734131,-13.109471321105957,-37.07048797607422
2,355595,25.70722007751465,65.73250579833984,18.523645401000977,76.31321716308594
2,355598,-115.1051025390625,-7.6606364250183105,19.26264762878418,24.41570281982422
2,355599,-62.703125,-60.66194534301758,66.74662017822266,-26.309160232543945
2,355718,57.16968536376953,10.70220947265625,12.267959594726562,-32.5097770690918
2,355718,14.105730056762695,68.3014144897461,-34.88888168334961,-36.32503128051758
2,355718,-34.11064910888672,23.472070693969727,19.9603271484375,20.745819091796875
2,355718,-10.894414901733398,5.425193786621094,42.135292053222656,25.565162658691406
2,355719,16.800655364990234,-2.681889057159424,-26.41698455810547,-4.190761089324951
2,355719,30.688077926635742,-43.68461990356445,-47.9051513671875,11.544004440307617
2,355719,32.069557189941406,-63.92171859741211,-20.131330490112305,41.522117614746094
2,355719,26.19703483581543,-49.40711212158203,-39.43471908569336,11.63160514831543
2,355719,10.676496505737305,1.6605544090270996,-16.026607513427734,-15.299120903015137
2,355720,24.346920013427734,2.3504951000213623,-17.75313377380371,-0.28932371735572815
2,355720,3.349888324737549,-7.961825847625732,-18.92156219482422,-10.569067001342773
2,355720,-26.626134872436523,38.352020263671875,31.14229393005371,0.20457486808300018
2,355720,-14.535324096679688,49.783390045166016,26.143146514892578,2.078115940093994
2,355720,-21.855010986328125,-5.211758136749268,19.400835037231445,-13.411355972290039
2,355720,2.3328096866607666,-6.212521553039551,3.2382309436798096,1.435837984085083
2,355721,37.505950927734375,8.180449485778809,-11.534826278686523,9.89699649810791
2,355721,12.52308177947998,-21.100505828857422,4.019999980926514,12.05521011352539
2,355721,18.858558654785156,-19.817440032958984,-23.76435089111328,3.869290351867676
2,355721,26.13108253479004,-0.4129806160926819,-40.669776916503906,-3.1722183227539062
2,355721,-17.26235008239746,5.940263748168945,-15.066740036010742,5.623999118804932
2,355721,-21.2086124420166,12.990894317626953,17.558866500854492,-4.806136131286621
2,355722,-12.404755592346191,9.78865909576416,29.338191986083984,-8.639508247375488
2,355722,-36.00801467895508,8.53667163848877,29.146066665649414,-5.493533134460449
2,355722,-21.420019149780273,11.10512638092041,16.855976104736328,-19.458372116088867
2,355722,13.190685272216797,-0.4243727922439575,0.22584855556488037,0.5694900155067444
2,355722,12.517667770385742,-18.22842025756836,16.991390228271484,14.460152626037598
2,355722,-3.151984214782715,-51.12223434448242,-1.307483434677124,-0.6593201160430908
2,355723,-12.271171569824219,-18.87424659729004,-32.63162612915039,7.598611831665039
2,355723,19.550209045410156,14.808443069458008,-9.233464241027832,-13.460548400878906
2,355723,-1.1465213298797607,-35.7417106628418,-4.296749114990234,-18.10759162902832
2,355723,-37.80492401123047,-4.640568733215332,3.0295703411102295,22.35000228881836
2,355723,-9.495176315307617,55.81198501586914,17.225387573242188,2.3948967456817627
2,355723,-3.9761431217193604,-3.186163902282715,-16.324604034423828,-15.880054473876953
2,355724,-16.90999412536621,-26.29952049255371,-14.961146354675293,5.961892604827881
2,355724,-4.051515579223633,4.68934965133667,1.6551920175552368,-7.596067905426025
2,355724,19.322341918945312,-14.199366569519043,1.3449994325637817,1.8614087104797363
2,355724,20.39867401123047,3.067168712615967,-6.481511116027832,17.204301834106445
2,355724,22.854591369628906,8.408344268798828,-20.618539810180664,12.476957321166992
2,355724,19.90343475341797,-14.553865432739258,19.643329620361328,6.837278842926025
2,355725,21.719667434692383,28.38083267211914,14.877525329589844,-13.156089782714844
2,355725,28.858041763305664,33.381744384765625,-21.56258201599121,-2.1626384258270264
2,355725,12.929764747619629,0.06232114136219025,14.394169807434082,11.10608196258545
2,355725,-7.7939534187316895,-3.108823537826538,15.137689590454102,3.861980676651001
2,355725,-9.6930513381958,8.493778228759766,-6.334946632385254,5.4292473793029785
2,355725,1.4090718030929565,16.831113815307617,17.33263397216797,5.661843776702881
2,355726,-9.687530517578125,-20.417484283447266,12.756218910217285,-5.187572956085205
2,355726,-18.35233497619629,-18.68781089782715,-13.445982933044434,-14.185667037963867
2,355726,1.4823988676071167,10.779605865478516,-19.285614013671875,-19.246492385864258
2,355726,12.976414680480957,7.179239273071289,-9.71097183227539,5.302683353424072
2,355726,-6.273222923278809,8.557092666625977,-1.6029937267303467,13.964472770690918
2,355726,-8.870234489440918,-26.5083065032959,1.38186514377594,-14.655702590942383
2,355727,-7.669461727142334,-15.574073791503906,5.030246257781982,-31.44562530517578
2,355727,-25.88100242614746,31.53583526611328,-1.6341664791107178,-0.7694253921508789
2,355727,-19.60296630859375,10.957526206970215,3.8484067916870117,26.205867767333984
2,355727,3.8911352157592773,0.02537834830582142,-0.7465230226516724,-24.58515739440918
2,355727,8.76529312133789,13.145009994506836,-1.1267027854919434,-5.722944259643555
2,355727,4.1799139976501465,2.9273829460144043,12.549651145935059,51.527015686035156
2,355728,-1.500791072845459,-15.201935768127441,7.020415782928467,-0.3623797297477722
2,355728,-11.628671646118164,-16.842628479003906,-2.245968818664551,-24.65891456604004
2,355729,-5.100060939788818,5.04400634765625,3.091336250305176,-6.061575412750244
2,355729,5.208910942077637,11.06908130645752,0.3361835777759552,-8.03092098236084
2,355729,-7.248553276062012,-8.181462287902832,-14.181591033935547,7.444134712219238
2,355730,-13.981247901916504,-7.71338415145874,7.0916972160339355,6.6742353439331055
2,355730,3.2493724822998047,8.855278968811035,18.718490600585938,13.936363220214844
2,355730,6.774173736572266,18.446388244628906,-0.4216318726539612,2.4650158882141113
2,355731,10.483847618103027,16.910545349121094,-15.436676025390625,-24.292421340942383
2,355734,-14.439903259277344,33.00249481201172,24.944660186767578,-19.22691535949707
2,355735,-34.47825622558594,6.397126197814941,58.542015075683594,-10.241904258728027
2,355738,20.271926879882812,55.372249603271484,82.04393005371094,8.468273162841797
2,355739,27.691675186157227,75.72319793701172,34.216983795166016,9.294476509094238
2,355742,-92.05892181396484,-174.51895141601562,-137.11285400390625,24.41204261779785
2,355743,-97.88005828857422,-174.85150146484375,-104.63346862792969,22.585105895996094
2,355746,190.36959838867188,89.59532165527344,9.379834175109863,12.955903053283691
2,355747,204.79974365234375,87.17742919921875,-0.06352227926254272,-5.271542072296143
2,355750,-69.761474609375,-61.03324890136719,-40.159332275390625,-62.55055236816406
2,355751,-80.45308685302734,-68.0773696899414,-28.486061096191406,4.076242446899414
2,355754,-8.83864688873291,60.603092193603516,67.44270324707031,53.4427375793457
2,355755,12.3304443359375,72.99710845947266,61.926719665527344,20.50741958618164
2,355758,-54.252967834472656,-59.20642852783203,17.715023040771484,2.4375815391540527
2,355759,-30.686006546020508,-5.334079742431641,11.175041198730469,-31.629823684692383
2,355762,56.76557922363281,64.06827545166016,-23.164785385131836,-7.6667280197143555
2,355763,-2.527195692062378,5.493539810180664,-10.37539291381836,0.797430157661438
2,355766,0.44408196210861206,-23.510164260864258,-50.21204376220703,-34.75728225708008
2,355767,-5.2267069816589355,-56.811553955078125,-84.43001556396484,-23.950658798217773
2,355770,-10.955556869506836,17.662975311279297,56.78525924682617,17.454458236694336
2,355771,17.98674201965332,7.866437911987305,76.22462463378906,37.6513786315918
2,355900,-86.91339111328125,22.270992279052734,70.97484588623047,29.25431251525879
2,355900,-78.13704681396484,67.70413208007812,58.193546295166016,-8.96471118927002
2,355900,97.22835540771484,-73.63162231445312,-116.849609375,-16.05340003967285
2,355900,82.13409423828125,-27.86468505859375,-61.35487365722656,6.397485733032227
2,355900,-6.996953010559082,64.51203918457031,51.87481689453125,-14.492420196533203
2,355901,-38.32808303833008,7.543363571166992,32.03237533569336,-5.115583419799805
2,355901,-22.735132217407227,-11.700271606445312,26.326509475708008,27.079347610473633
2,355901,4.167123794555664,13.097555160522461,19.8795223236084,10.25418758392334
2,355901,-18.6527156829834,18.15721893310547,-4.032498836517334,-24.19603157043457
2,355901,11.657692909240723,-44.9261360168457,-60.801517486572266,-8.242202758789062
2,355901,42.8597526550293,-66.5927963256836,-73.26527404785156,11.634979248046875
2,355902,37.644046783447266,-6.233070373535156,-45.92921447753906,-18.442407608032227
2,355902,14.35329818725586,4.717177391052246,-26.729965209960938,-15.093581199645996
2,355902,-6.600908279418945,-0.8630353212356567,16.668710708618164,11.707576751708984
2,355902,-2.483201503753662,14.24402141571045,40.72689437866211,14.356840133666992
2,355902,-17.112157821655273,17.793027877807617,33.83339309692383,-12.454568862915039
2,355903,-33.1425895690918,23.852937698364258,40.033138275146484,-12.009153366088867
2,355903,-15.950377464294434,5.188414096832275,6.42922830581665,18.11768913269043
2,355903,16.117116928100586,-9.729748725891113,-2.9711034297943115,0.528551459312439
2,355903,7.093148708343506,-2.945826292037964,4.140897750854492,8.493917465209961
2,355903,6.981706619262695,-7.972748756408691,-43.10731506347656,5.132724761962891
2,355903,29.145341873168945,-13.045936584472656,-37.325340270996094,-12.471333503723145
2,355904,3.581118106842041,-17.367856979370117,2.998666763305664,0.8087047934532166
2,355904,1.8990131616592407,-4.867103099822998,-14.713765144348145,-9.508716583251953
2,355904,17.241491317749023,-0.7252304553985596,2.210017442703247,11.392507553100586
2,355904,-12.849873542785645,3.985590934753418,46.26567077636719,18.162567138671875
2,355904,-25.519250869750977,35.017887115478516,15.800506591796875,-11.220702171325684
2,355904,-9.813019752502441,17.47455596923828,-8.176852226257324,-14.956815719604492
2,355905,-10.350526809692383,-20.7762451171875,-0.3744565546512604,-8.488702774047852
2,355905,-0.770405113697052,-7.504209041595459,2.785520315170288,13.174971580505371
2,355905,9.540809631347656,5.877164840698242,-6.973671913146973,21.62824821472168
2,355905,1.290941596031189,-2.425098419189453,-12.619742393493652,-16.436342239379883
2,355905,0.07895894348621368,-3.086142063140869,-4.472001075744629,-11.544724464416504
2,355905,6.645900249481201,-2.5809903144836426,-3.638042449951172,2.9819178581237793
2,355906,-7.194032192230225,-1.801771879196167,17.75945472717285,-3.6050758361816406
2,355906,-21.93260955810547,5.205935001373291,14.94299030303955,25.227758407592773
2,355906,-0.8738064169883728,29.43294334411621,3.9048454761505127,5.566832065582275
2,355906,9.737347602844238,5.568497180938721,18.948915481567383,-22.119417190551758
2,355906,2.3017630577087402,-46.45661163330078,-8.649761199951172,3.299302816390991
2,355906,13.152016639709473,-3.911224365234375,-21.76521873474121,-5.565268039703369
2,355907,2.8851916790008545,18.628278732299805,-11.030280113220215,-16.585407257080078
2,355907,-5.802114009857178,-21.973649978637695,-17.369352340698242,7.355256080627441
2,355907,14.504685401916504,4.412246227264404,-6.6099419593811035,13.2196626663208
2,355907,10.458066940307617,22.755451202392578,6.4407758712768555,19.913393020629883
2,355907,-13.08594799041748,-4.818799018859863,25.611974716186523,-15.82867431640625
2,355907,-22.572324752807617,0.5116147994995117,26.576480865478516,-23.088397979736328
2,355908,6.131437301635742,22.496158599853516,-6.373715400695801,34.61124801635742
2,355908,10.473706245422363,3.714646816253662,1.2465198040008545,-7.9774017333984375
2,355908,-8.6447172164917,-18.001420974731445,3.165870189666748,-17.271150588989258
2,355908,-4.721381187438965,16.52516746520996,-10.970855712890625,22.679962158203125
2,355908,3.101044178009033,-3.4335174560546875,4.3212151527404785,-18.51076889038086
2,355908,5.771197319030762,-38.995059967041016,-14.436403274536133,-0.5779606699943542
2,355909,-13.218847274780273,0.12475816160440445,-21.577898025512695,21.48737335205078
2,355909,5.9795122146606445,24.300743103027344,7.173003196716309,-22.980329513549805
2,355909,13.922102928161621,3.132596492767334,13.806626319885254,-11.03087043762207
2,355909,-18.520511627197266,-12.188386917114258,-6.406707763671875,11.458084106445312
2,355909,-8.545498847961426,7.973346710205078,0.9059540629386902,5.438418865203857
2,355909,-5.7143707275390625,-1.4140429496765137,18.857919692993164,10.16659927368164
2,355910,8.103201866149902,2.822366714477539,-6.288412094116211,-3.898127317428589
2,355910,15.066937446594238,15.436071395874023,-7.1866374015808105,-3.192174196243286
2,355910,-22.235759735107422,-21.216466903686523,16.303834915161133,3.7870893478393555
2,355910,-18.414993286132812,-14.062541007995605,-6.54923152923584,-2.668095827102661
2,355910,15.408584594726562,25.961931228637695,-18.26366424560547,-0.5526906847953796
2,355910,21.453657150268555,16.19822120666504,22.396076202392578,-1.5000731945037842
2,355912,6.509801387786865,-30.87392807006836,20.2856502532959,3.157154083251953
2,355912,-1.8051337003707886,-3.944286823272705,-4.328813552856445,7.406101226806641
2,355912,-1.5071148872375488,37.029239654541016,-18.684682846069336,-5.748388290405273
2,355912,-10.785577774047852,-18.23890495300293,-25.365205764770508,-6.366621971130371
2,355912,-20.938819885253906,-24.572660446166992,24.93107032775879,10.704938888549805
2,355913,9.326041221618652,30.93374252319336,28.797292709350586,-2.656444549560547
2,355914,10.043559074401855,17.625991821289062,-9.462265968322754,-6.713470458984375
2,355915,-34.704280853271484,3.564725160598755,37.162315368652344,-2.6087896823883057
2,355918,-30.020858764648438,52.85835266113281,75.5198745727539,-29.995738983154297
2,355919,-16.364362716674805,22.212648391723633,8.424044609069824,-5.77235746383667
2,355922,10.234689712524414,-73.12275695800781,-68.7458724975586,43.2550163269043
2,355923,10.981293678283691,-66.6218490600586,-63.90359878540039,3.2700836658477783
2,355926,55.31431579589844,8.929773330688477,-36.5340690612793,11.928033828735352
2,355927,104.9701919555664,-5.083648681640625,-45.704368591308594,14.073838233947754
2,355930,-13.266802787780762,-44.78439712524414,-18.249670028686523,-46.773555755615234
2,355931,-28.539440155029297,25.963031768798828,35.02996826171875,-1.0686924457550049
2,355934,-13.941431045532227,50.61753845214844,21.110794067382812,10.353442192077637
2,355935,-49.387367248535156,-1.6097996234893799,28.424760818481445,4.958106994628906
2,355938,-34.33988571166992,17.565458297729492,73.6657485961914,15.21596622467041
2,355939,-15.045882225036621,59.71853256225586,42.96791458129883,-26.14628028869629
2,355942,44.61036682128906,-26.22836685180664,-60.352386474609375,-28.573034286499023
2,355943,19.64959716796875,-70.35346221923828,-74.03321838378906,18.53278350830078
2,355946,16.669832229614258,-20.18052864074707,-26.75564193725586,18.854110717773438
2,355947,23.766605377197266,-21.983150482177734,-21.35041618347168,-20.021114349365234
2,355950,-19.04566192626953,36.406654357910156,31.196134567260742,13.74139404296875
2,355951,10.801258087158203,39.828102111816406,19.245084762573242,15.579825401306152
2,355954,-13.886579513549805,-32.05144119262695,2.1744801998138428,-15.257863998413086
2,355955,-42.227149963378906,-14.925899505615234,21.07931137084961,15.119730949401855
2,356095,12.826171875,-4.410202980041504,-33.02186584472656,27.54830551147461
2,356096,31.950389862060547,4.224400520324707,-25.753610610961914,-9.911471366882324
2,356096,0.23697367310523987,35.97590255737305,22.586429595947266,-35.8582878112793
2,356096,-39.99982833862305,17.35028648376465,48.186893463134766,-7.011979103088379
2,356096,-46.24646759033203,9.539082527160645,61.895172119140625,25.96367073059082
2,356096,-35.088134765625,32.66356658935547,39.41353988647461,0.9756419062614441
2,356096,2.2786104679107666,16.13861656188965,-9.962432861328125,-15.912487983703613
2,356097,33.1953125,-38.42861557006836,-47.6838493347168,-4.782553195953369
2,356097,32.21260070800781,-23.499204635620117,-29.953022003173828,-12.708431243896484
2,356097,43.675315856933594,-6.386565208435059,-34.15567398071289,-2.497783899307251
2,356097,18.921981811523438,-37.513912200927734,-51.02565002441406,17.177322387695312
2,356097,-0.31597796082496643,0.21658870577812195,15.785154342651367,11.050337791442871
2,356098,-6.019253253936768,31.666170120239258,50.00796127319336,-10.108072280883789
2,356098,-9.26350212097168,9.789118766784668,-0.4307883083820343,-5.0828094482421875
2,356098,-12.879400253295898,1.5072251558303833,20.146984100341797,13.634111404418945
2,356098,-35.864295959472656,5.404171466827393,30.442224502563477,10.237665176391602
2,356098,-4.904378414154053,-3.024911403656006,-16.130537033081055,-2.293236255645752
2,356098,24.3697452545166,-8.05562686920166,4.732181549072266,-19.25886344909668
2,356099,-2.01230788230896,-16.959949493408203,-9.847148895263672,8.060600280761719
2,356099,9.487427711486816,-19.56568717956543,-39.502838134765625,30.253854751586914
2,356099,28.187416076660156,8.160979270935059,-15.91605281829834,-22.965349197387695
2,356099,-3.9169082641601562,25.497711181640625,4.5668768882751465,-21.136154174804688
2,356099,-14.875679969787598,-3.560448169708252,29.200027465820312,21.42662239074707
2,356099,-4.9139275550842285,-6.229269027709961,5.553761005401611,-8.319412231445312
2,356100,-21.05735969543457,10.017071723937988,-22.340185165405273,-15.73905086517334
2,356100,-5.096930503845215,-7.630963325500488,15.787446022033691,14.013022422790527
2,356100,10.827343940734863,-1.9163459539413452,14.554620742797852,4.083919525146484
2,356100,-21.783689498901367,-3.451209545135498,-33.102935791015625,-11.29775333404541
2,356100,9.126006126403809,9.455695152282715,-18.173023223876953,13.781819343566895
2,356100,46.41343307495117,-6.590891361236572,11.694689750671387,16.07830047607422
2,356101,5.39865779876709,-28.833505630493164,-9.467452049255371,-12.397842407226562
2,356101,-19.260459899902344,10.87228012084961,-19.544910430908203,5.496053695678711
2,356101,7.220432281494141,-15.845429420471191,-1.58082115650177,-0.8624515533447266
2,356101,8.685625076293945,4.719212055206299,9.301017761230469,-10.036718368530273
2,356101,-12.788373947143555,33.98048400878906,10.544231414794922,16.896459579467773
2,356101,-16.779767990112305,-7.766923427581787,22.530303955078125,1.034639596939087
2,356102,-5.272058010101318,7.6874237060546875,5.565123081207275,-34.98910903930664
2,356102,19.592924118041992,2.5131046772003174,-11.906745910644531,-12.294177055358887
2,356102,15.873475074768066,-11.488412857055664,-5.417382717132568,38.78368377685547
2,356102,-12.599940299987793,-16.193269729614258,-3.3513832092285156,20.571521759033203
2,356102,0.449895441532135,-6.073000907897949,-3.417670488357544,-24.794254302978516
2,356103,11.621583938598633,9.916817665100098,-8.434261322021484,-16.091062545776367
2,356103,-13.621530532836914,-15.5679292678833,9.09220027923584,16.292394638061523
2,356103,1.0328657627105713,29.91857147216797,23.112607955932617,-2.3810946941375732
2,356103,-2.5332071781158447,25.420820236206055,-8.205628395080566,-5.184072971343994
2,356103,-15.393950462341309,-41.520721435546875,-22.254831314086914,17.323692321777344
2,356103,8.715681076049805,-3.425976514816284,13.568222045898438,-15.439757347106934
2,356104,8.490907669067383,16.998565673828125,5.5891523361206055,-20.863536834716797
2,356104,-3.4983572959899902,-4.470044136047363,-24.666919708251953,9.177068710327148
2,356104,-4.363799095153809,-12.263344764709473,2.292098045349121,4.028899669647217
2,356104,15.803351402282715,1.2250282764434814,11.178210258483887,-2.512704610824585
2,356104,15.229680061340332,0.4111770689487457,-6.155022621154785,-1.5083457231521606
2,356104,-3.8088552951812744,-22.056472778320312,-6.456352233886719,-7.876138210296631
2,356105,-12.058317184448242,9.390679359436035,6.599225997924805,15.757583618164062
2,356105,-17.852590560913086,29.620779037475586,23.416934967041016,10.689526557922363
2,356105,10.083386421203613,-4.094797134399414,5.369318962097168,-17.723316192626953
2,356105,10.94000244140625,3.2531189918518066,7.138823509216309,7.7516188621521
2,356105,-20.703903198242188,16.518674850463867,0.7316409349441528,5.302403926849365
2,356105,0.36808210611343384,-24.807220458984375,-34.31562042236328,-16.572378158569336
2,356106,10.114486694335938,-9.897785186767578,-2.023818016052246,7.4097065925598145
2,356106,-16.258548736572266,16.193506240844727,19.54619789123535,12.841151237487793
2,356106,6.24107551574707,-19.490663528442383,-28.299468994140625,0.7282971739768982
2,356106,2.159404993057251,-2.1427905559539795,-10.698787689208984,6.761931419372559
2,356106,-10.539041519165039,26.876684188842773,28.794897079467773,-13.076485633850098
2,356106,25.77092742919922,-1.0796023607254028,5.602909088134766,-4.375519752502441
2,356107,1.6368250846862793,-12.855191230773926,-6.813518047332764,18.154460906982422
2,356107,-11.563937187194824,11.032036781311035,1.4834179878234863,-12.293094635009766
2,356107,13.681307792663574,21.225540161132812,10.950052261352539,-16.243268966674805
2,356107,-4.5654191970825195,-26.733108520507812,-13.091773986816406,16.38730812072754
2,356107,-14.612237930297852,-22.888044357299805,-7.134620189666748,23.80173110961914
2,356109,26.060470581054688,26.2646484375,13.880973815917969,-10.03139591217041
2,356109,16.82774543762207,-1.9209668636322021,-13.940550804138184,-25.258073806762695
2,356109,-40.51264572143555,2.770097494125366,-2.879462242126465,-10.617776870727539
2,356109,-20.31133270263672,15.494047164916992,21.481525421142578,9.441742897033691
2,356109,20.435874938964844,-9.431939125061035,12.509403228759766,16.266796112060547
2,356109,13.16020679473877,-2.7522084712982178,-6.1217498779296875,-18.92116928100586
2,356111,0.9605408310890198,-28.30255699157715,-48.03092575073242,-3.1643545627593994
2,356112,-5.844290256500244,20.804338455200195,-1.2956122159957886,31.378904342651367
2,356113,-31.36811065673828,43.93820571899414,69.34027862548828,-0.3194524049758911
2,356116,-50.49488830566406,6.17482852935791,62.50288009643555,-17.13198471069336
2,356117,-40.05545425415039,48.401668548583984,61.75874710083008,-7.033841133117676
2,356120,-2.0170681476593018,7.753658771514893,24.83101463317871,14.34756088256836
2,356121,42.781681060791016,-39.77239990234375,-38.85039520263672,16.394580841064453
2,356124,81.80914306640625,-45.82440948486328,-129.99072265625,-29.814315795898438
2,356125,36.292293548583984,-30.198423385620117,-68.00262451171875,-16.93430519104004
2,356128,-31.7050724029541,-34.50272750854492,5.484038829803467,26.203798294067383
2,356129,10.481210708618164,-38.21681594848633,-39.539222717285156,6.892010688781738
2,356132,28.181896209716797,37.665672302246094,29.31359100341797,-6.099887847900391
2,356133,-17.974390029907227,39.221275329589844,45.06580352783203,-3.7319939136505127
2,356136,-53.54146957397461,29.07187843322754,46.65287780761719,4.438363552093506
2,356137,-46.19788360595703,23.799514770507812,39.84687042236328,3.350555419921875
2,356140,12.382317543029785,-3.452685594558716,-15.137396812438965,-16.550127029418945
2,356141,44.734130859375,1.4525269269943237,-10.525212287902832,2.5492963790893555
2,356144,32.53358840942383,-40.82997131347656,-65.91050720214844,5.661646366119385
2,356145,-7.473639011383057,-44.984317779541016,-23.352270126342773,4.640941619873047
2,356148,-6.815919876098633,23.72142791748047,30.360395431518555,11.729531288146973
2,356149,30.25234031677246,15.672210693359375,-17.68924331665039,-16.53518295288086
2,356152,-12.820587158203125,-30.34803581237793,-4.309138774871826,-9.144087791442871
2,356153,-28.438047409057617,-7.471072673797607,-6.337084770202637,1.6465586423873901
2,356303,-31.145427703857422,70.36815643310547,93.6336441040039,0.37196972966194153
2,356303,-1.472960114479065,29.75061798095703,31.754573822021484,2.7553460597991943
2,356303,48.150997161865234,-78.02454376220703,-121.40043640136719,6.15536642074585
2,356303,-6.392638683319092,-2.015407085418701,11.340362548828125,6.603264808654785
2,356303,-34.321170806884766,41.8117790222168,64.24567413330078,-17.252193450927734
2,356304,-26.06720733642578,6.976116180419922,8.48701286315918,-14.762832641601562
2,356304,-5.215399265289307,16.008474349975586,31.14504051208496,18.37481117248535
2,356304,14.328356742858887,-10.107927322387695,17.17085075378418,21.478906631469727
2,356304,20.044282913208008,7.441483020782471,-38.70307159423828,-1.1243613958358765
2,356304,33.95635223388672,-6.079623222351074,-45.19878387451172,-20.854774475097656
2,356304,29.096797943115234,-73.47688293457031,-41.684242248535156,-9.097894668579102
2,356305,4.292381763458252,-28.28591537475586,-50.382686614990234,21.980998992919922
2,356305,-0.9035742878913879,40.390869140625,-2.762193202972412,3.540116310119629
2,356305,1.4450130462646484,8.169405937194824,46.29143142700195,-7.561134338378906
2,356305,-31.127452850341797,-6.1106767654418945,43.069278717041016,14.34426212310791
2,356305,-30.478086471557617,30.624706268310547,39.09659957885742,-17.593605041503906
2,356306,-5.683305740356445,7.273700714111328,8.90463638305664,-19.14319610595703
2,356306,-2.0002801418304443,-10.143577575683594,-28.577064514160156,27.38738441467285
2,356306,12.449657440185547,-0.8409202098846436,-18.243635177612305,13.466431617736816
2,356306,26.54684066772461,-8.409555435180664,-2.800506353378296,-24.56940269470215
2,356306,17.967456817626953,-8.479830741882324,-39.33741760253906,-23.17599105834961
2,356306,-14.877723693847656,-28.050485610961914,-42.89751434326172,28.744565963745117
2,356307,-3.6938183307647705,4.030675411224365,20.639795303344727,15.835572242736816
2,356307,25.986623764038086,37.34062957763672,23.888376235961914,-22.820541381835938
2,356307,-14.579861640930176,-3.7345755100250244,-1.9002140760421753,16.282426834106445
2,356307,-36.3106689453125,1.9500625133514404,13.5610990524292,3.093907356262207
2,356307,-8.498193740844727,22.885345458984375,38.15285873413086,-28.047388076782227
2,356307,5.418471813201904,-8.193842887878418,15.725568771362305,6.726112365722656
2,356308,0.6097297668457031,-11.756125450134277,-24.234638214111328,24.202672958374023
2,356308,-10.725905418395996,-6.373479843139648,-1.091041922569275,3.1103835105895996
2,356308,19.665328979492188,-4.056728363037109,14.337875366210938,-13.669227600097656
2,356308,38.86751174926758,19.00367546081543,-13.943683624267578,1.3374559879302979
2,356308,-14.172064781188965,-2.9269635677337646,-17.949134826660156,-5.273353099822998
2,356308,-23.983360290527344,-22.471935272216797,10.543054580688477,-11.114147186279297
2,356309,16.91631507873535,0.43251073360443115,14.691293716430664,7.8671956062316895
2,356309,-1.7530314922332764,19.24271011352539,-4.392811298370361,7.078800201416016
2,356309,-36.884342193603516,15.599318504333496,25.69921875,7.96724796295166
2,356309,-2.0425870418548584,14.554908752441406,24.189123153686523,-17.228668212890625
2,356309,32.881404876708984,7.852530002593994,-35.07316970825195,-10.956600189208984
2,356309,11.870593070983887,-20.908185958862305,-27.50265884399414,19.10284996032715
2,356310,-10.35131549835205,-16.62702751159668,8.148148536682129,10.176469802856445
2,356310,-7.221961498260498,5.337750434875488,0.6841538548469543,-6.712613582611084
2,356310,14.6511812210083,11.354047775268555,-9.081390380859375,-18.583904266357422
2,356310,7.238247394561768,-6.628557205200195,-9.242939949035645,1.2445839643478394
2,356310,-11.981807708740234,-20.05044174194336,2.2418172359466553,23.13104820251465
2,356311,-13.88104248046875,12.964676856994629,20.933359146118164,2.1914045810699463
2,356311,-13.470255851745605,13.124626159667969,13.897522926330566,-13.64887809753418
2,356311,14.836237907409668,-7.019851207733154,-6.025402545928955,-6.381639003753662
2,356311,10.13810920715332,10.430885314941406,-17.585498809814453,-12.102739334106445
2,356311,-13.610126495361328,-23.487010955810547,-19.015810012817383,10.20018196105957
2,356311,5.224526882171631,-23.110870361328125,16.54718017578125,16.14932632446289
2,356311,6.755587577819824,20.52501106262207,28.40155601501465,-8.444169998168945
2,356312,-2.400125741958618,-5.151566028594971,-7.599789142608643,-4.994626045227051
2,356312,-8.095919609069824,-8.405360221862793,-15.584175109863281,1.406510829925537
2,356312,-11.9320707321167,12.530425071716309,-3.8631720542907715,-4.886377334594727
2,356312,0.9241960048675537,7.195346355438232,10.905219078063965,-16.9255428314209
2,356312,-17.883745193481445,-1.7192225456237793,14.704568862915039,14.923784255981445
2,356312,-7.565944671630859,-6.300769329071045,-16.43838882446289,28.13998794555664
2,356313,25.35920524597168,-2.5570108890533447,-12.417363166809082,-11.8193359375
2,356313,13.115056991577148,9.743709564208984,21.14330291748047,-17.98423194885254
2,356313,6.064774036407471,4.521395206451416,6.548977851867676,12.255532264709473
2,356313,-17.465396881103516,8.250182151794434,-1.1022279262542725,20.15412139892578
2,356313,-11.818215370178223,2.2267208099365234,4.799468040466309,-7.894748687744141
2,356314,18.546112060546875,-6.525538921356201,-6.480877876281738,-18.09332275390625
2,356314,-12.467445373535156,10.459304809570312,-17.06546974182129,-1.7533725500106812
2,356314,-15.173922538757324,-9.876198768615723,22.91387367248535,22.13570213317871
2,356314,16.928573608398438,11.4628267288208,34.640811920166016,10.371866226196289
2,356314,5.321838855743408,37.5699462890625,-16.844247817993164,-9.251349449157715
2,356314,-5.661355495452881,-22.405441284179688,-9.289974212646484,-19.170499801635742
2,356315,7.593104362487793,-33.807289123535156,-8.678520202636719,-18.176856994628906
2,356315,3.451319694519043,21.290332794189453,-17.997379302978516,15.498432159423828
2,356315,-21.095752716064453,-1.7766680717468262,11.266129493713379,3.1163418292999268
2,356315,0.5029126405715942,-33.1197509765625,4.153899669647217,-8.928268432617188
2,356315,20.01544189453125,15.504785537719727,-4.1353325843811035,16.750938415527344
2,356317,-27.925491333007812,42.14617919921875,32.75655746459961,-11.303224563598633
2,356317,-19.992834091186523,10.012317657470703,15.130816459655762,-15.69510269165039
2,356317,31.653520584106445,-20.46702766418457,-13.435745239257812,29.392919540405273
2,356317,-0.2645343840122223,-2.939868211746216,2.6517176628112793,-7.1424174308776855
2,356317,-22.00533103942871,-3.0999908447265625,-24.209623336791992,-23.52645492553711
2,356317,16.568927764892578,-21.29561424255371,-20.148391723632812,18.749916076660156
2,356318,9.600003242492676,-0.9673945307731628,24.656280517578125,3.3281397819519043
2,356319,-8.633076667785645,3.5202393531799316,2.9629006385803223,-15.961091041564941
2,356319,11.178669929504395,-17.86949920654297,-37.65647888183594,14.451664924621582
2,356322,14.761302947998047,-12.746140480041504,-19.8505802154541,19.354944229125977
2,356323,35.268096923828125,4.777965545654297,2.8047566413879395,-17.827306747436523
2,356326,57.393402099609375,-28.85144805908203,-48.474769592285156,3.112529754638672
2,356327,21.08609390258789,-48.49204635620117,-74.42314910888672,17.09975242614746
2,356330,-11.348867416381836,-10.485258102416992,2.7373311519622803,-12.074316024780273
2,356331,-27.70375633239746,17.343402862548828,42.61989974975586,-8.78406810760498
2,356334,-53.35776138305664,42.48086929321289,48.16696548461914,3.1030497550964355
2,356335,-39.92450714111328,64.59369659423828,60.11837387084961,0.9952433705329895
2,356338,-26.599842071533203,54.93351745605469,56.43088912963867,-6.48776388168335
2,356339,-18.54401397705078,-3.1623756885528564,44.28849411010742,4.47886323928833
2,356342,23.427440643310547,-43.81379318237305,-22.88692855834961,-12.565314292907715
2,356343,21.854190826416016,-10.811930656433105,-57.154571533203125,-17.257469177246094
2,356346,31.81653594970703,-36.2693977355957,-60.60625076293945,23.544612884521484
2,356347,36.21852493286133,-43.1594352722168,-44.422855377197266,15.119956016540527
2,356350,-12.279122352600098,40.70076370239258,32.206905364990234,5.7882232666015625
2,356351,-8.875680923461914,15.270106315612793,8.386612892150879,-0.9115123152732849
2,356354,-15.82583236694336,-10.229498863220215,12.535136222839355,-17.04450798034668
2,356355,-26.38558578491211,31.856565475463867,72.1766357421875,7.716829776763916
2,356358,-23.571565628051758,21.311832427978516,17.131704330444336,9.416120529174805
2,356359,-19.813444137573242,4.1163649559021,-9.885653495788574,-17.12542152404785
2,356362,28.378326416015625,-21.306903839111328,-25.92618751525879,3.4349825382232666
2,356363,24.803855895996094,-30.70136833190918,-39.9835319519043,-1.2655959129333496
2,356366,12.915021896362305,-0.3539535701274872,-19.497543334960938,-7.845574378967285
2,356525,-20.92470359802246,7.172886371612549,31.677349090576172,26.48672103881836
2,356525,-36.61549377441406,23.580652236938477,65.11607360839844,-10.652159690856934
2,356525,16.296825408935547,0.6040575504302979,-26.284433364868164,-16.59568977355957
2,356526,37.30806350708008,-38.19202423095703,-74.66814422607422,9.95565414428711
2,356526,54.44601058959961,-14.973150253295898,-34.038604736328125,-6.922817707061768
2,356526,25.734745025634766,-15.444490432739258,-14.526959419250488,0.937191367149353
2,356526,-7.84302282333374,-24.18858528137207,-9.209656715393066,17.458759307861328
2,356526,-11.892719268798828,14.459117889404297,9.6593017578125,-2.404287099838257
2,356526,-46.66813659667969,42.478641510009766,48.78923034667969,-14.629692077636719
2,356527,-29.337234497070312,29.19770050048828,61.1488151550293,7.036749839782715
2,356527,10.714828491210938,18.91586685180664,16.01993179321289,-1.2752306461334229
2,356527,-13.994834899902344,4.226062297821045,-9.766257286071777,-15.109909057617188
2,356527,-10.037474632263184,-11.085468292236328,-9.343645095825195,4.191433906555176
2,356527,29.950828552246094,-7.367049217224121,-22.88473892211914,13.021140098571777
2,356527,19.3200740814209,-23.050369262695312,-27.539167404174805,-6.194418907165527
2,356528,-13.785770416259766,-21.439008712768555,-20.579118728637695,-14.424304962158203
2,356528,3.9523162841796875,7.693822383880615,12.410004615783691,5.1730852127075195
2,356528,16.92784881591797,3.1507859230041504,20.304248809814453,9.86361026763916
2,356528,-26.008197784423828,1.4677547216415405,-3.383681297302246,-4.1838226318359375
2,356528,-36.55980682373047,15.73757266998291,8.51633071899414,9.966289520263672
2,356528,1.5892713069915771,11.972359657287598,26.428298950195312,-3.3466007709503174
2,356529,11.018011093139648,-0.16423092782497406,2.1368937492370605,-22.801008224487305
2,356529,-2.280313730239868,-12.285987854003906,-6.751416206359863,0.22871428728103638
2,356529,6.423738479614258,-10.704190254211426,-7.246155738830566,3.162349224090576
2,356529,14.082212448120117,-1.1753637790679932,-33.05301284790039,17.538904190063477
2,356529,5.387104034423828,-13.900728225708008,-12.649145126342773,13.858566284179688
2,356530,6.4789934158325195,-7.966804504394531,-12.367802619934082,-14.945815086364746
2,356530,2.615464448928833,15.990211486816406,-11.911934852600098,14.093085289001465
2,356530,-19.576171875,0.42394426465034485,58.042640686035156,13.830679893493652
2,356530,-4.3637847900390625,16.522920608520508,50.14625549316406,-13.426252365112305
2,356530,14.934664726257324,40.0284538269043,-21.480976104736328,7.671046733856201
2,356530,0.6086620688438416,-19.187530517578125,-25.999269485473633,-3.999751091003418
2,356531,-17.44978141784668,-22.073305130004883,8.006383895874023,-4.259894847869873
2,356531,3.8392374515533447,20.628929138183594,17.10062026977539,14.592333793640137
2,356531,24.053476333618164,-6.344461917877197,-16.12588882446289,-18.098690032958984
2,356531,1.2060554027557373,-23.517154693603516,-18.40663719177246,-19.066829681396484
2,356531,-3.321218490600586,-7.182068824768066,11.632147789001465,7.792613506317139
2,356531,-5.587044715881348,12.143412590026855,-9.269478797912598,-0.2782996594905853
2,356532,-22.944961547851562,21.119062423706055,7.940316677093506,3.202617883682251
2,356532,-10.232152938842773,0.39027485251426697,32.943199157714844,-8.17628002166748
2,356532,20.654752731323242,-7.228806972503662,-12.111932754516602,-27.030841827392578
2,356532,-11.88394546508789,-14.447504997253418,-22.9986515045166,15.416831970214844
2,356532,-13.907988548278809,-23.362117767333984,6.677802562713623,20.641313552856445
2,356532,20.78890609741211,10.698493957519531,13.203892707824707,-6.057344913482666
2,356533,5.701050281524658,24.1234130859375,-3.0578384399414062,-2.2931716442108154
2,356533,4.3371124267578125,11.338200569152832,-11.177148818969727,15.967022895812988
2,356533,0.02389293909072876,-9.200410842895508,-6.105788707733154,13.177507400512695
2,356533,-14.766886711120605,-10.146799087524414,-4.59774112701416,-18.199665069580078
2,356533,-12.77142333984375,22.801475524902344,11.368997573852539,-17.564250946044922
2,356533,6.844768047332764,1.437031626701355,33.03803253173828,6.083666801452637
2,356534,7.3681721687316895,-0.3267386555671692,-2.69197154045105,7.210009574890137
2,356534,-7.0156121253967285,20.729137420654297,-12.890176773071289,-2.310426950454712
2,356534,-0.23164045810699463,-15.9893798828125,9.81747055053711,18.475017547607422
2,356534,6.559174537658691,-16.95313262939453,-4.400071620941162,-3.8171565532684326
2,356534,6.952467918395996,-14.004098892211914,-12.997756004333496,-26.099933624267578
2,356534,-0.5116081237792969,5.212592124938965,5.223788738250732,22.008481979370117
2,356535,-11.6987943649292,24.98348045349121,18.0958309173584,14.841257095336914
2,356535,-1.6465868949890137,-36.04555130004883,-18.619949340820312,-32.26291275024414
2,356535,16.84825897216797,-1.6338461637496948,-25.583730697631836,-12.757166862487793
2,356535,-8.902093887329102,26.929500579833984,11.802618026733398,30.77690887451172
2,356535,-14.658506393432617,-21.362136840820312,14.867634773254395,7.567712783813477
2,356535,23.623966217041016,22.147441864013672,-6.161866664886475,-28.82200813293457
2,356536,-9.754734992980957,-7.310326099395752,1.471230149269104,12.554906845092773
2,356536,-29.796993255615234,-14.319451332092285,9.789497375488281,10.800500869750977
2,356536,17.489578247070312,39.71457290649414,-6.02119779586792,-21.923612594604492
2,356536,13.709614753723145,-18.016817092895508,-12.496505737304688,9.021965026855469
2,356536,-8.670197486877441,-15.3508882522583,2.812129020690918,11.240960121154785
2,356536,-5.411334037780762,16.608997344970703,23.512453079223633,10.1162748336792
2,356537,10.972253799438477,2.8206355571746826,1.4983829259872437,4.938819885253906
2,356537,12.632278442382812,3.6817450523376465,-17.14280128479004,-17.510828018188477
2,356537,-16.631799697875977,-12.474207878112793,7.621521949768066,-5.211687088012695
2,356537,-4.781904220581055,-0.8049687147140503,1.1897283792495728,-7.620085716247559
2,356537,14.325180053710938,2.154846429824829,-19.247648239135742,0.5930857062339783
2,356537,-5.083394527435303,-33.736751556396484,0.9000771641731262,25.90640640258789
2,356538,-0.6207018494606018,6.153345584869385,-0.37278687953948975,-4.945411205291748
2,356538,12.301048278808594,34.8151741027832,-23.081382751464844,-18.62678337097168
2,356538,2.345654249191284,-14.868983268737793,-4.249824047088623,-0.995122492313385
2,356538,-7.068058967590332,-21.42721176147461,10.628103256225586,-3.789400815963745
2,356538,10.330375671386719,9.294524192810059,11.808683395385742,0.1068347916007042
2,356539,12.156150817871094,23.757110595703125,5.345843315124512,-2.8276257514953613
2,356540,-10.048900604248047,5.614741325378418,2.344829559326172,-8.268436431884766
2,356540,4.953739643096924,-15.267218589782715,16.947134017944336,3.634962558746338
2,356540,11.666699409484863,6.121232986450195,-8.685290336608887,19.437515258789062
2,356540,-10.822818756103516,-8.600811004638672,-11.835209846496582,8.59528923034668
2,356541,6.036545276641846,-19.860877990722656,6.964724063873291,-21.53837776184082
2,356541,10.042193412780762,11.126839637756348,-10.751648902893066,-8.999088287353516
2,356541,-20.442249298095703,14.318841934204102,-3.5302717685699463,18.44442367553711
2,356542,-5.404293060302734,-15.594168663024902,-3.099461078643799,15.06017017364502
2,356543,16.22104263305664,-65.7586441040039,-57.21985626220703,0.49459198117256165
2,356546,51.55447769165039,-40.705169677734375,-64.16588592529297,-14.515107154846191
2,356547,31.152149200439453,18.51272964477539,0.05542103946208954,7.063360214233398
2,356550,-26.252412796020508,26.591930389404297,11.840538024902344,16.574886322021484
2,356552,-14.96845531463623,10.912832260131836,6.956634521484375,-16.52161407470703
2,356553,-32.32265090942383,9.103740692138672,47.042842864990234,-7.413973808288574
2,356556,-56.88417053222656,56.88268280029297,86.97057342529297,10.094420433044434
2,356557,-44.83070755004883,63.014469146728516,55.8267822265625,7.595174312591553
2,356560,-23.640962600708008,-7.312928676605225,4.338491439819336,1.5721724033355713
2,356561,31.706275939941406,-29.47833824157715,45.91976547241211,-27.36245346069336
2,356564,65.32408905029297,-15.380234718322754,-61.493595123291016,-27.418582916259766
2,356565,25.335220336914062,-0.5867857336997986,-122.62334442138672,2.745587110519409
2,356568,-3.2620553970336914,-17.6112117767334,14.946768760681152,27.803302764892578
2,356569,4.217076301574707,-46.612693786621094,-12.742409706115723,14.074551582336426
2,356572,4.335011005401611,18.557910919189453,-20.49079132080078,-19.208133697509766
2,356573,-15.035568237304688,27.891847610473633,39.089385986328125,0.38061684370040894
2,356576,-38.20988082885742,11.438385963439941,58.44015884399414,10.366338729858398
2,356577,-21.80878257751465,36.9991340637207,54.92727279663086,-24.310781478881836
2,356580,6.086402893066406,-15.519966125488281,-23.161352157592773,1.6293882131576538
2,356581,15.078275680541992,-43.547847747802734,-50.83745193481445,42.791866302490234
2,356584,17.18558692932129,24.838520050048828,7.081765651702881,-2.1586036682128906
2,356585,22.226795196533203,25.190258026123047,19.566669464111328,-24.531267166137695
2,356751,40.87104797363281,-80.59735107421875,-94.9396743774414,-11.470280647277832
2,356751,-12.420492172241211,-42.881935119628906,-46.70302963256836,0.6048315763473511
2,356752,-38.98174285888672,60.997703552246094,71.86048889160156,24.118236541748047
2,356752,19.745033264160156,-6.193023681640625,-29.59099578857422,-1.0153752565383911
2,356752,26.398456573486328,-50.3392333984375,-29.73849868774414,-8.71933650970459
2,356752,7.216247081756592,5.24697208404541,17.597875595092773,8.86135482788086
2,356752,-1.2962380647659302,7.5915632247924805,-20.01776123046875,-14.314311027526855
2,356752,-25.297082901000977,0.746900737285614,17.763330459594727,-4.2015700340271
2,356753,-37.18543243408203,45.50006103515625,66.04907989501953,31.908451080322266
2,356753,-27.391223907470703,55.59775924682617,64.26485443115234,1.2345914840698242
2,356753,-24.563657760620117,13.919917106628418,29.540685653686523,-23.196409225463867
2,356753,-12.709442138671875,-6.127510070800781,7.314349174499512,14.078666687011719
2,356753,15.742093086242676,-7.183727741241455,-2.3033108711242676,-1.2211732864379883
2,356753,34.973514556884766,3.303480863571167,-27.58744239807129,-10.964007377624512
2,356754,26.089740753173828,-3.443270206451416,-32.370384216308594,14.597232818603516
2,356754,14.725313186645508,-19.10969352722168,-15.04276180267334,-12.582101821899414
2,356754,5.966400623321533,-14.765381813049316,-10.140417098999023,-12.461538314819336
2,356754,-14.805675506591797,-10.917508125305176,-13.895606994628906,15.49531078338623
2,356754,-29.9898681640625,6.135440826416016,27.50800323486328,-1.2565839290618896
2,356755,-4.283001899719238,33.67509460449219,44.038700103759766,-15.06571102142334
2,356755,-0.22735796868801117,20.010780334472656,1.0403469800949097,0.601934552192688
2,356755,-19.672107696533203,-2.3056888580322266,7.544353008270264,7.354781150817871
2,356755,10.96447467803955,-6.808773517608643,4.159483432769775,-11.649105072021484
2,356755,16.021821975708008,-14.476506233215332,-33.67776870727539,-16.98253059387207
2,356755,6.406498908996582,-21.044309616088867,-24.279510498046875,0.5105338096618652
2,356755,8.379382133483887,-11.761046409606934,1.0150644779205322,5.859148025512695
2,356756,-6.343519687652588,19.358539581298828,-14.385229110717773,7.135680198669434
2,356756,-5.353261947631836,-2.0929927825927734,-23.871932983398438,1.6908575296401978
2,356756,-14.182238578796387,-13.983757972717285,10.850885391235352,15.154441833496094
2,356756,-13.658841133117676,7.379270076751709,29.138320922851562,23.375959396362305
2,356756,0.7113844752311707,6.198609828948975,23.32093620300293,-1.2715073823928833
2,356757,3.320765972137451,0.020096847787499428,6.798896312713623,2.149263381958008
2,356757,9.182530403137207,-9.637332916259766,-9.638389587402344,1.9658441543579102
2,356757,0.8356032371520996,-12.085168838500977,-26.358562469482422,0.5204483866691589
2,356757,9.84037971496582,0.06102664768695831,-24.417024612426758,-1.0966020822525024
2,356757,28.356245040893555,15.667192459106445,-5.271010875701904,-1.6917818784713745
2,356757,10.82231330871582,-15.068947792053223,5.466625690460205,0.6607422828674316
2,356758,-3.3996164798736572,-23.084657669067383,11.022992134094238,-19.361852645874023
2,356758,-8.449313163757324,14.783841133117676,-2.6818480491638184,-5.585093975067139
2,356758,-34.040672302246094,17.935537338256836,11.411450386047363,16.26991081237793
2,356758,-4.316700458526611,20.371070861816406,27.694665908813477,1.0732501745224
2,356758,19.410350799560547,3.697726249694824,-4.527740955352783,-22.534576416015625
2,356758,-1.1845946311950684,-25.422500610351562,-19.941444396972656,-7.951047420501709
2,356759,12.394388198852539,-13.746927261352539,-1.2571974992752075,-1.1307010650634766
2,356759,-5.16623592376709,-0.5747118592262268,-5.46394681930542,5.722387790679932
2,356759,-1.8830020427703857,3.570340394973755,-11.33325481414795,16.742752075195312
2,356759,23.839065551757812,-1.5160011053085327,-4.0739874839782715,-10.741240501403809
2,356759,-10.825273513793945,0.7182750105857849,1.1144251823425293,-6.184564590454102
2,356759,-20.512550354003906,20.821571350097656,10.226561546325684,1.6460429430007935
2,356760,7.065917015075684,2.6861047744750977,17.232221603393555,-9.847396850585938
2,356760,6.472166538238525,-6.589366436004639,-10.70828914642334,15.2695951461792
2,356760,-8.987582206726074,-3.284202814102173,-24.745412826538086,19.986482620239258
2,356760,-4.294832229614258,-7.685415267944336,3.760103464126587,-21.446674346923828
2,356760,12.415419578552246,4.7034759521484375,-3.9061129093170166,-7.926612854003906
2,356760,8.721413612365723,-10.918100357055664,-10.331291198730469,21.42728042602539
2,356761,1.761659860610962,-5.869551181793213,9.617881774902344,-10.493908882141113
2,356761,9.290207862854004,8.933282852172852,5.69944429397583,-12.566242218017578
2,356761,9.613787651062012,-3.306380271911621,-14.962662696838379,11.010981559753418
2,356761,-19.51122283935547,-7.818967342376709,-0.6888090968132019,15.620528221130371
2,356761,-26.780635833740234,16.190540313720703,24.893047332763672,8.886228561401367
2,356761,11.100276947021484,14.023948669433594,5.639443874359131,-17.488237380981445
2,356762,18.45232391357422,-34.68125534057617,-6.929228782653809,-17.52454376220703
2,356762,-0.6105288863182068,-3.1890461444854736,7.895144462585449,18.530710220336914
2,356762,-14.722347259521484,37.706214904785156,-2.233043670654297,26.63894271850586
2,356762,3.3190083503723145,-12.221598625183105,5.412083625793457,-24.114755630493164
2,356762,15.644216537475586,-23.070533752441406,12.894984245300293,-30.366594314575195
2,356762,-24.705904006958008,12.607107162475586,-23.858673095703125,25.268505096435547
2,356763,-3.361119270324707,19.434221267700195,-1.2165745496749878,23.61673355102539
2,356763,34.48788833618164,-6.315210819244385,5.745248317718506,-31.778593063354492
2,356763,-8.362629890441895,-38.283477783203125,-35.84609603881836,-23.479761123657227
2,356763,-17.30454444885254,7.053197383880615,4.855508327484131,36.70423889160156
2,356763,14.626068115234375,38.15399932861328,27.816877365112305,7.320831775665283
2,356764,-0.6901291608810425,-21.864965438842773,-3.8489999771118164,-16.02664566040039
2,356764,-2.7274627685546875,-9.240701675415039,-18.07769203186035,2.7509424686431885
2,356764,13.027671813964844,24.193897247314453,-1.6568775177001953,-21.1241512298584
2,356764,-6.584774494171143,-10.225881576538086,6.164848804473877,-9.034713745117188
2,356764,-12.746999740600586,-19.380355834960938,3.1702029705047607,39.25165557861328
2,356764,6.969836711883545,6.311436176300049,3.647953987121582,12.778465270996094
2,356765,9.474855422973633,25.15401268005371,-13.809733390808105,-40.18265914916992
2,356765,-7.075517654418945,-9.031625747680664,9.44447135925293,5.247378349304199
2,356765,-9.15926456451416,-9.724658012390137,29.27862548828125,17.95705223083496
2,356765,-6.505804061889648,24.798376083374023,16.481121063232422,-20.981374740600586
2,356765,3.6009092330932617,-9.395820617675781,-13.156643867492676,5.53013801574707
2,356766,36.1358642578125,-23.50868034362793,-38.3895149230957,33.10691452026367
2,356767,6.158701419830322,-7.160694599151611,-12.314074516296387,-4.865975856781006
2,356767,-39.10849380493164,-9.61117172241211,5.362059116363525,-17.547969818115234
2,356767,-4.716794013977051,12.995516777038574,1.4578816890716553,9.465917587280273
2,356767,3.1965229511260986,11.631416320800781,4.9194655418396,-5.905146598815918
2,356767,4.205636978149414,3.826960325241089,7.3394341468811035,-21.355525970458984
2,356767,6.887502670288086,16.956212997436523,-2.4998693466186523,4.940800666809082
2,356769,-1.7989128828048706,-17.422346115112305,1.302901268005371,21.68107032775879
2,356769,15.083584785461426,-5.0636115074157715,30.024921417236328,-3.9657723903656006
2,356772,-30.118507385253906,22.343225479125977,-8.318318367004395,-8.626709938049316
2,356773,-33.656368255615234,12.65129566192627,-3.748462438583374,-2.804845094680786
2,356776,-20.616378784179688,46.97806930541992,99.79341125488281,-6.165674686431885
2,356777,-48.779911041259766,52.984352111816406,67.21244812011719,14.682551383972168
2,356780,0.8762229681015015,-13.922290802001953,-37.10207748413086,1.3702222108840942
2,356781,47.60322189331055,-60.81868362426758,-58.781166076660156,-9.719301223754883
2,356784,66.84034729003906,-47.359561920166016,-63.23527908325195,5.747956275939941
2,356785,38.000179290771484,-29.12574005126953,-44.70860290527344,-6.864164352416992
2,356788,-10.814946174621582,-11.350921630859375,-43.25895690917969,-13.3203763961792
2,356789,0.4108664393424988,-19.463972091674805,-37.38938522338867,-9.115739822387695
2,356792,4.705042362213135,-4.164522171020508,37.20024108886719,41.065086364746094
2,356793,-19.551504135131836,45.6577262878418,60.8617057800293,28.04018211364746
2,356796,-48.663997650146484,69.73258209228516,61.35054397583008,-53.617488861083984
2,356797,-20.047895431518555,36.399635314941406,40.650028228759766,-23.91362953186035
2,356800,10.186634063720703,-49.998741149902344,2.3103697299957275,51.53594207763672
2,356801,5.641827583312988,-41.05409622192383,-30.303239822387695,20.092103958129883
2,356804,60.14595031738281,2.6729161739349365,-68.63090515136719,-41.82198715209961
2,356805,21.834632873535156,2.8145134449005127,1.9823858737945557,3.790684461593628
2,356808,-40.73110580444336,-22.74504852294922,7.110426902770996,22.494958877563477
2,356809,4.944468021392822,-34.177818298339844,-54.68246078491211,-9.204605102539062
2,356812,12.701576232910156,29.773099899291992,15.55013370513916,-5.023656368255615
2,356813,-1.5298105478286743,19.377870559692383,35.605682373046875,-18.770353317260742
2,356986,0.9030467867851257,-35.485408782958984,-42.16544723510742,0.08664381504058838
2,356986,19.915773391723633,-19.59658432006836,-43.84309387207031,33.98874282836914
2,356986,8.758573532104492,1.1114387512207031,14.416975021362305,0.23058199882507324
2,356986,-27.469654083251953,38.3211555480957,39.319278717041016,-26.99329376220703
2,356986,-34.428653717041016,36.671485900878906,31.948240280151367,-16.59113121032715
2,356987,-26.41604232788086,-11.829319953918457,22.531143188476562,14.364542007446289
2,356987,-5.269941329956055,25.344024658203125,37.74446105957031,15.046989440917969
2,356987,-0.18264193832874298,19.291645050048828,6.062576770782471,-8.37633991241455
2,356987,8.970139503479004,-46.14503860473633,-54.22127914428711,-2.19387149810791
2,356987,24.182968139648438,-20.477638244628906,-19.112459182739258,-0.009059932082891464
2,356987,7.795858383178711,10.698465347290039,7.148376941680908,11.368193626403809
2,356988,4.322742462158203,13.158923149108887,-22.00735092163086,11.467900276184082
2,356988,27.800552368164062,-16.490982055664062,-23.317604064941406,-20.404354095458984
2,356988,13.523075103759766,-15.88845157623291,29.70931625366211,-10.562078475952148
2,356988,-39.15485763549805,24.813570022583008,48.629520416259766,16.830142974853516
2,356988,-35.19561004638672,24.919553756713867,16.302387237548828,6.040399074554443
2,356988,4.429904937744141,17.024751663208008,2.314518451690674,-7.233349800109863
2,356989,-1.4382379055023193,-13.350503921508789,2.05462646484375,7.566467761993408
2,356989,-0.8948495388031006,-8.81757640838623,10.76413631439209,3.2066190242767334
2,356989,25.442035675048828,-12.237598419189453,-28.093936920166016,-25.056516647338867
2,356989,24.131668090820312,-21.8667049407959,-47.19524002075195,-0.5578283071517944
2,356989,1.722730040550232,16.344335556030273,-9.05788516998291,20.174144744873047
2,356990,-7.334298133850098,-10.545104026794434,4.268472671508789,1.0001221895217896
2,356990,-2.282335042953491,-14.36227798461914,0.9912486672401428,-8.175897598266602
2,356990,-16.949573516845703,11.1583833694458,12.254392623901367,-8.626712799072266
2,356990,-32.264610290527344,12.180691719055176,13.3932466506958,0.6386113166809082
2,356990,10.92481517791748,24.867172241210938,1.9207404851913452,10.372766494750977
2,356990,29.067691802978516,-0.8307955861091614,18.509803771972656,6.325293064117432
2,356991,-7.644734859466553,-11.183764457702637,2.2006096839904785,-2.3939335346221924
2,356991,0.47252777218818665,-4.151609897613525,-27.122468948364258,-18.718318939208984
2,356991,4.119358539581299,-14.680496215820312,-2.962822914123535,-15.109797477722168
2,356991,-20.09220314025879,-6.952641487121582,12.044181823730469,20.789663314819336
2,356991,4.884697437286377,-2.0605123043060303,-6.881906509399414,2.9954869747161865
2,356991,15.287139892578125,25.440990447998047,-10.614641189575195,-7.095120429992676
2,356992,-4.213081359863281,24.484844207763672,19.311113357543945,8.529088020324707
2,356992,-7.562318325042725,-16.79446029663086,5.959614276885986,-15.518765449523926
2,356992,-20.196138381958008,-8.124856948852539,-13.71546745300293,-3.230386257171631
2,356992,1.0079193115234375,-4.7908854484558105,14.266307830810547,10.50769329071045
2,356992,14.245773315429688,-5.634065628051758,-1.35252845287323,-1.347374439239502
2,356992,-10.62186050415039,20.80167579650879,-19.251569747924805,3.4999473094940186
2,356993,1.4785778522491455,9.727887153625488,-2.27698016166687,20.76568603515625
2,356993,9.715463638305664,-29.477205276489258,-3.02557635307312,0.4832078218460083
2,356993,-11.483867645263672,-5.081530570983887,13.99601936340332,1.5013660192489624
2,356993,5.307788372039795,19.281631469726562,19.40813636779785,20.6483211517334
2,356993,22.569580078125,9.550344467163086,0.32707729935646057,-15.517463684082031
2,356993,-1.049045205116272,5.532473087310791,-1.1772310733795166,-11.65446662902832
2,356994,-16.778514862060547,-4.272960662841797,7.074004650115967,1.5817395448684692
2,356994,-13.08708667755127,21.95710563659668,28.562129974365234,-2.9327354431152344
2,356994,19.602739334106445,4.246755599975586,-5.2092509269714355,-11.539214134216309
2,356994,15.966263771057129,-39.26694869995117,-36.03602981567383,-8.030143737792969
2,356994,-12.219056129455566,-9.198040962219238,3.2467269897460938,11.677653312683105
2,356994,1.0089421272277832,8.730666160583496,6.948225975036621,-11.541144371032715
2,356995,6.964507579803467,-0.929021418094635,-5.21066427230835,-6.568562030792236
2,356995,-2.313502788543701,9.873291015625,7.531337261199951,17.997596740722656
2,356995,-14.442985534667969,-10.374444007873535,1.5910383462905884,-4.227515697479248
2,356995,-22.966833114624023,-4.339607238769531,-1.3371847867965698,-6.034079074859619
2,356995,6.117830753326416,34.804664611816406,-0.7704532146453857,5.0202155113220215
2,356995,15.001823425292969,-21.410079956054688,-12.143658638000488,10.05810546875
2,356996,-16.50104331970215,-35.191162109375,-10.533024787902832,11.552825927734375
2,356996,2.4613828659057617,17.317838668823242,5.477881908416748,-8.806124687194824
2,356996,8.253202438354492,16.08892822265625,9.016258239746094,-17.509082794189453
2,356996,-8.857643127441406,-12.278985023498535,-18.420713424682617,-3.344273090362549
2,356996,-9.563020706176758,-18.437267303466797,-7.959855079650879,17.864633560180664
2,356996,7.165375232696533,33.72520446777344,18.042787551879883,8.703018188476562
2,356997,13.437488555908203,19.898170471191406,-3.3596901893615723,-7.1283745765686035
2,356997,-2.4923689365386963,-18.89720344543457,3.061535358428955,-11.256052017211914
2,356997,11.253799438476562,-4.621727466583252,22.776235580444336,2.739792585372925
2,356997,3.732896327972412,-12.569441795349121,6.652987480163574,22.150487899780273
2,356997,-1.956286072731018,-1.0323817729949951,-11.284440040588379,-5.33713436126709
2,356997,13.84968376159668,26.011131286621094,-21.48636245727539,-19.015125274658203
2,356998,2.460164785385132,-5.2769551277160645,-11.732551574707031,-0.34896591305732727
2,356998,-10.226083755493164,-22.26779556274414,9.740498542785645,3.892441511154175
2,356998,-5.7541327476501465,4.38431453704834,25.642358779907227,-3.5472466945648193
2,356998,5.848400592803955,1.819716215133667,-3.712728500366211,-12.83139705657959
2,356998,7.393795013427734,-15.689155578613281,-33.588993072509766,3.659510850906372
2,356999,-11.951653480529785,-7.406930923461914,5.012019157409668,7.820380687713623
2,356999,-14.47736930847168,14.812864303588867,16.212051391601562,-22.071779251098633
2,356999,10.460548400878906,9.50017261505127,-11.138444900512695,5.794713497161865
2,356999,6.819165229797363,12.878837585449219,10.521343231201172,37.242393493652344
2,356999,0.3218561112880707,2.100738763809204,4.999013900756836,-1.3544895648956299
2,356999,7.788341522216797,-17.17227554321289,-34.380271911621094,-16.511173248291016
2,357000,-4.770583152770996,-19.122819900512695,-7.366290092468262,9.60827922821045
2,357000,-3.453639507293701,1.4135218858718872,14.129058837890625,9.93582820892334
2,357000,-0.3868451714515686,27.40241813659668,3.264927625656128,-0.9676423668861389
2,357000,12.822773933410645,-29.730873107910156,-2.175766944885254,-8.874907493591309
2,357000,11.868221282958984,-22.427356719970703,-4.144412994384766,-2.143625020980835
2,357002,-18.078601837158203,35.40858840942383,-21.38098907470703,-1.3367151021957397
2,357002,-11.362481117248535,-5.141350746154785,-13.257308006286621,-5.622298717498779
2,357002,1.9584933519363403,-23.260774612426758,40.0405158996582,10.815107345581055
2,357002,7.368637561798096,8.614931106567383,23.91751480102539,-5.83414363861084
2,357002,10.19270133972168,21.072683334350586,-39.28752136230469,-14.86051082611084
2,357002,7.54585075378418,-19.28689193725586,-20.042646408081055,-1.2878012657165527
2,357003,-4.244590759277344,-33.85890579223633,27.47466468811035,18.279399871826172
2,357003,0.7326505184173584,32.54075241088867,6.9558234214782715,12.529930114746094
2,357004,24.9168643951416,30.309568405151367,-21.426206588745117,-7.206459999084473
2,357005,7.743696689605713,-43.06894302368164,-51.73428726196289,-3.9429407119750977
2,357008,2.459831714630127,-32.37533187866211,-40.853302001953125,-5.016053676605225
2,357009,11.67581844329834,17.254064559936523,2.5514049530029297,2.810739755630493
2,357012,-17.768512725830078,21.060401916503906,47.22052764892578,0.6869021654129028
2,357013,-37.31704330444336,22.103425979614258,71.65569305419922,-12.989559173583984
2,357016,-48.83061981201172,65.13658905029297,84.76329040527344,10.180659294128418
2,357017,-41.19831085205078,35.784061431884766,58.59257125854492,-1.6574411392211914
2,357020,13.667884826660156,-20.302200317382812,-41.839805603027344,-31.920108795166016
2,357021,28.11090850830078,-18.190141677856445,-41.89785385131836,28.24808120727539
2,357024,38.105018615722656,-71.62464904785156,-66.9400634765625,15.881853103637695
2,357025,42.29658508300781,-27.590030670166016,-48.8600959777832,-19.74317169189453
2,357028,-17.742727279663086,27.05754280090332,35.304237365722656,23.246234893798828
2,357029,-9.989344596862793,-34.27300262451172,-15.177712440490723,-3.5559985637664795
2,357032,18.330034255981445,-6.171871662139893,-18.19676971435547,-28.989469528198242
2,357033,-15.439966201782227,58.28190994262695,47.21702194213867,8.343286514282227
2,357036,-61.51518630981445,45.712013244628906,55.56748962402344,17.810413360595703
2,357037,-27.487030029296875,-14.858134269714355,20.276412963867188,-6.306171894073486
2,357040,43.834312438964844,-24.712797164916992,-33.98826217651367,-5.538907527923584
2,357041,11.30654239654541,21.66047477722168,-24.683996200561523,1.100205421447754
2,357044,15.898051261901855,-16.920196533203125,-1.6514801979064941,0.9430756568908691
2,357045,37.00495910644531,-50.48085021972656,-29.92583465576172,12.877485275268555
2,357048,-6.463406085968018,1.1807278394699097,5.552796363830566,-6.098406791687012
2,357049,-6.637659549713135,15.697708129882812,1.485802173614502,-12.690510749816895
2,357052,-2.014012575149536,-1.4967671632766724,-23.28569984436035,4.68050479888916
2,357053,-10.45522403717041,19.395370483398438,36.980892181396484,10.578726768493652
2,357055,-9.859108924865723,29.147666931152344,2.956831455230713,-0.06692701578140259
3,357238,-23.977357864379883,4.169234752655029,-4.671985149383545,-24.163679122924805
3,357238,-15.426919937133789,1.1160928010940552,39.04079055786133,0.9422242641448975
3,357238,21.01107406616211,-1.8474551439285278,-1.4585325717926025,24.435821533203125
3,357238,-5.291901111602783,12.301472663879395,19.697954177856445,-23.99310302734375
3,357238,-48.61719512939453,35.22970962524414,45.772029876708984,-18.883201599121094
3,357239,-14.243647575378418,11.350701332092285,22.463882446289062,33.874114990234375
3,357239,12.805509567260742,-10.44104290008545,-3.4027953147888184,-8.93612289428711
3,357239,21.896041870117188,-30.028850555419922,-45.524017333984375,-25.32929229736328
3,357239,41.2766227722168,-59.09672164916992,-69.39883422851562,40.65806198120117
3,357239,36.90904998779297,-28.144567489624023,-40.400211334228516,23.553909301757812
3,357239,17.73257827758789,-3.4153294563293457,-33.29491424560547,-30.678985595703125
3,357240,-8.948552131652832,-11.47204875946045,-23.67625617980957,2.0014021396636963
3,357240,-14.006269454956055,10.029134750366211,30.42426300048828,15.95877742767334
3,357240,-9.676191329956055,25.126020431518555,40.6705207824707,-10.71074390411377
3,357240,-14.553177833557129,25.678058624267578,31.047819137573242,-0.08254374563694
3,357240,0.3277299702167511,5.116624355316162,10.911020278930664,7.197490692138672
3,357240,3.6187405586242676,3.3333590030670166,1.177600383758545,-5.554259300231934
3,357241,-11.329004287719727,15.019923210144043,-2.4886577129364014,-0.6421138048171997
3,357241,8.746692657470703,-24.704103469848633,-36.753292083740234,4.4195122718811035
3,357241,31.164644241333008,-32.71175003051758,-31.49950408935547,-18.789649963378906
3,357241,16.09217071533203,3.1776068210601807,21.701215744018555,-4.404547691345215
3,357241,-13.050683975219727,-3.640089750289917,25.44867515563965,12.676934242248535
3,357241,-22.3826847076416,-4.993266582489014,-15.59603214263916,1.0237526893615723
3,357242,-15.547989845275879,27.959148406982422,-0.9515196681022644,-3.57271671295166
3,357242,-16.252159118652344,16.02942657470703,31.869401931762695,-13.303245544433594
3,357242,4.284094333648682,3.8762576580047607,19.111003875732422,8.59126091003418
3,357242,28.006336212158203,1.8504246473312378,-11.136472702026367,12.046506881713867
3,357242,-3.5122385025024414,-16.21881675720215,-16.24245834350586,-1.1409027576446533
3,357243,-6.691581726074219,-2.6407012939453125,-3.215609073638916,-3.400242805480957
3,357243,22.620107650756836,-11.244746208190918,-16.6217098236084,2.2363240718841553
3,357243,9.967442512512207,-22.011850357055664,-25.739871978759766,12.405765533447266
3,357243,-3.191673755645752,4.703685283660889,-18.330291748046875,-17.006685256958008
3,357243,-3.4654407501220703,13.65857982635498,12.83423900604248,-22.56269645690918
3,357243,-6.805492401123047,-3.5844054222106934,36.05902862548828,22.343994140625
3,357244,-13.368656158447266,-4.315707206726074,-3.0446653366088867,24.842679977416992
3,357244,-8.065311431884766,22.560585021972656,-13.28737735748291,-26.83885383605957
3,357244,-10.75994873046875,20.95410919189453,1.8015903234481812,-27.8019962310791
3,357244,-1.417310118675232,-23.13089942932129,16.229206085205078,11.833659172058105
3,357244,15.975061416625977,-18.537275314331055,15.443901062011719,15.519023895263672
3,357244,-0.3409339189529419,13.8142728805542,-18.289857864379883,2.2542150020599365
3,357245,-3.4912960529327393,-6.060956001281738,1.8225687742233276,1.6814669370651245
3,357245,16.508663177490234,-8.335587501525879,6.216952323913574,4.983447074890137
3,357245,4.772863864898682,31.913646697998047,-3.209078073501587,9.083195686340332
3,357245,-10.710434913635254,21.56892204284668,15.124799728393555,-8.471389770507812
3,357245,-2.946991205215454,-27.797046661376953,-15.950129508972168,-15.786699295043945
3,357245,-5.434216022491455,-28.37599754333496,-20.786752700805664,9.919763565063477
3,357246,0.09263844788074493,11.526127815246582,14.731608390808105,0.29298534989356995
3,357246,3.2237861156463623,24.875951766967773,-5.461729049682617,1.5150442123413086
3,357246,6.1103949546813965,-19.228513717651367,-7.285396099090576,15.68910026550293
3,357246,10.063920021057129,-10.007308006286621,28.200834274291992,-12.766743659973145
3,357246,-0.2730957567691803,15.051231384277344,-18.256685256958008,-26.69853973388672
3,357246,-13.881887435913086,-14.327808380126953,-25.509672164916992,3.974163770675659
3,357247,-13.998093605041504,8.401923179626465,26.932697296142578,23.6781063079834
3,357247,-0.9803101420402527,0.8854098916053772,5.22023868560791,-1.3373804092407227
3,357247,-3.9044225215911865,-12.13152027130127,9.216700553894043,-2.7391560077667236
3,357247,-2.3643579483032227,35.7551383972168,18.1220703125,1.8449125289916992
3,357247,1.416927695274353,5.608726501464844,-19.658788681030273,-9.076021194458008
3,357247,9.523512840270996,-19.823060989379883,-1.3634790182113647,2.3588409423828125
3,357248,13.965736389160156,6.763746738433838,20.70063591003418,4.094170093536377
3,357248,5.4677414894104,-7.833337783813477,-5.322282314300537,2.8187901973724365
3,357248,5.895544052124023,-9.835671424865723,-20.644140243530273,3.8162224292755127
3,357248,-16.4544620513916,-1.576671838760376,-0.9399821758270264,-11.08446979522705
3,357248,-7.577901363372803,9.568761825561523,14.757219314575195,-8.33631420135498
3,357248,14.34554672241211,13.401628494262695,-1.8663820028305054,7.179027080535889
3,357249,-19.402799606323242,-6.29973030090332,6.81389045715332,-9.182336807250977
3,357249,-7.818035125732422,-11.515626907348633,21.826255798339844,3.9510016441345215
3,357249,25.714574813842773,16.191173553466797,7.099587917327881,18.30864906311035
3,357249,11.031181335449219,21.670076370239258,-17.34902000427246,-20.97559356689453
3,357249,-16.770553588867188,-32.945613861083984,-35.27121353149414,2.060016632080078
3,357249,-15.428901672363281,-26.109603881835938,-15.584784507751465,25.928647994995117
3,357250,16.63432502746582,26.195053100585938,22.45481300354004,-14.064545631408691
3,357250,11.676468849182129,27.597095489501953,-3.3751957416534424,-15.151352882385254
3,357250,-19.99413299560547,-20.42284393310547,-34.59260559082031,17.354312896728516
3,357250,-7.789600849151611,-29.427785873413086,26.414216995239258,16.532039642333984
3,357250,17.985605239868164,25.10171127319336,33.31584167480469,-15.675358772277832
3,357250,2.5776443481445312,14.1065673828125,-28.99880599975586,-15.369244575500488
3,357251,-19.9759464263916,-25.507200241088867,-5.426565170288086,17.976526260375977
3,357251,2.782194137573242,3.556467056274414,19.541881561279297,4.374719619750977
3,357251,0.098561130464077,14.086604118347168,7.853423118591309,-28.7703800201416
3,357251,-14.9078369140625,-9.0257568359375,19.079883575439453,3.246943235397339
3,357251,16.668237686157227,12.895834922790527,-3.113558530807495,15.190147399902344
3,357251,3.7411937713623047,7.733711242675781,-9.392204284667969,-18.11473274230957
3,357252,-11.772305488586426,-20.384517669677734,6.554393291473389,6.561666011810303
3,357252,6.423736095428467,2.81919264793396,-10.81209945678711,19.33054542541504
3,357252,3.421459674835205,3.4580652713775635,-8.268406867980957,-17.013145446777344
3,357252,-8.678698539733887,-8.715703964233398,7.196687698364258,0.2669350504875183
3,357252,-5.067661762237549,16.95082664489746,0.4330059885978699,24.757402420043945
3,357252,-0.4523806571960449,6.8385844230651855,3.1489672660827637,-5.98692512512207
3,357253,5.848109245300293,-25.25888442993164,2.428893566131592,-16.282291412353516
3,357253,10.360913276672363,-1.7012001276016235,-5.504390716552734,19.782772064208984
3,357253,-7.316272258758545,25.003925323486328,0.6930485963821411,8.215331077575684
3,357254,-16.919818878173828,7.814059257507324,10.226235389709473,-31.868568420410156
3,357254,-4.904269695281982,1.4857536554336548,29.43686294555664,-0.7418308854103088
3,357255,9.664700508117676,21.91187858581543,13.37628173828125,22.075000762939453
3,357255,7.876481056213379,-16.549001693725586,-18.756433486938477,-8.148452758789062
3,357255,-0.358153760433197,-30.7808895111084,-11.760601043701172,-12.739044189453125
3,357255,-9.016985893249512,27.77476692199707,6.015249729156494,4.155508041381836
3,357255,0.17299681901931763,21.32199478149414,1.9798855781555176,-3.563579797744751
3,357256,11.852188110351562,-14.69994831085205,-25.188735961914062,0.8968408703804016
3,357257,-29.239809036254883,-6.122498512268066,15.572617530822754,12.261796951293945
3,357257,-8.886064529418945,8.396321296691895,29.222251892089844,-9.457917213439941
3,357260,25.853853225708008,-11.139564514160156,-21.021089553833008,-6.998271465301514
3,357261,5.801669120788574,-26.899520874023438,-21.891407012939453,7.753941535949707
3,357264,57.096126556396484,-44.904232025146484,-58.126983642578125,4.098524570465088
3,357265,44.72365188598633,-32.46468734741211,-52.66012191772461,-3.8626599311828613
3,357268,-16.438453674316406,-5.736279010772705,-21.43446922302246,4.487893104553223
3,357269,-1.1436233520507812,-5.617302894592285,-32.8341178894043,1.4756920337677002
3,357272,-11.077705383300781,26.526676177978516,37.89048767089844,-7.777056694030762
3,357273,-48.1035270690918,40.30247497558594,98.09934997558594,10.803327560424805
3,357276,-66.89159393310547,49.346744537353516,89.93167114257812,-19.158605575561523
3,357277,-11.504190444946289,31.384735107421875,40.332035064697266,-7.277653217315674
3,357532,79.17369842529297,-55.95008850097656,-115.55547332763672,36.70052719116211
3,357533,65.5872573852539,-58.99831008911133,-109.77095031738281,4.650676727294922
3,357536,-19.045927047729492,14.846101760864258,61.5308837890625,-13.821273803710938
3,357537,-46.33108901977539,29.49066162109375,37.185298919677734,-17.138671875
3,357540,-20.368942260742188,34.5016975402832,11.047415733337402,-5.6531877517700195
3,357541,-39.354530334472656,43.716094970703125,73.04804992675781,17.3619441986084
3,357544,-37.34209442138672,19.03449821472168,57.19865417480469,-0.3247879147529602
3,357545,24.023046493530273,-12.684894561767578,-27.341259002685547,-15.166312217712402
3,360136,30.716257095336914,-43.52759552001953,-69.38323211669922,18.82973289489746
3,360136,14.243473052978516,-19.959571838378906,-5.186740398406982,18.488983154296875
3,360137,4.813849449157715,14.392109870910645,18.783161163330078,-16.77305793762207
3,360137,-22.01734161376953,24.882524490356445,-6.497326374053955,-6.864343643188477
3,360137,-0.8047403693199158,7.533102035522461,-2.0805022716522217,-1.7609199285507202
3,360137,-1.2050436735153198,-22.28196144104004,8.063436508178711,3.0873358249664307
3,360137,-10.969159126281738,-14.258573532104492,-18.362369537353516,-0.6258834004402161
3,360137,39.68269348144531,-24.054656982421875,-35.37103271484375,-1.8899916410446167
3,360138,23.241729736328125,-31.336254119873047,-32.253662109375,7.209785461425781
3,360138,-0.4705398678779602,2.8608529567718506,-27.486370086669922,-15.990609169006348
3,360138,32.81972122192383,1.1264567375183105,-2.794060230255127,-10.460317611694336
3,360138,7.313917636871338,-21.51154327392578,-4.428717613220215,16.158180236816406
3,360138,-28.381126403808594,16.752038955688477,1.8338830471038818,3.6687376499176025
3,360139,-20.00533676147461,34.52758026123047,47.977760314941406,-18.724885940551758
3,360139,-4.532477378845215,9.402294158935547,41.01286697387695,6.879284858703613
3,360139,-6.884496212005615,7.297640323638916,-0.11651656776666641,13.140242576599121
3,360139,-12.497960090637207,-12.661168098449707,-5.613762855529785,-6.490367412567139
3,360139,9.449068069458008,-10.893095016479492,-8.997758865356445,11.223304748535156
3,360139,24.542984008789062,17.523113250732422,1.8905084133148193,6.216530799865723
3,360139,29.203346252441406,-15.680303573608398,-7.600250720977783,0.7413814663887024
3,360140,-0.995259165763855,-37.145503997802734,-32.31818389892578,3.536064624786377
3,360140,-19.723590850830078,-3.7227320671081543,-10.79248046875,-25.044984817504883
3,360140,3.7037546634674072,31.707406997680664,21.70416831970215,-11.464613914489746
3,360140,-7.717411518096924,33.01893615722656,16.3059024810791,28.390918731689453
3,360140,-19.84066390991211,-7.18959379196167,2.3842031955718994,2.1523830890655518
3,360141,-16.840930938720703,-17.694177627563477,5.998438835144043,-26.82786750793457
3,360141,0.4494113028049469,16.6463565826416,11.105823516845703,6.626691818237305
3,360141,15.380282402038574,-12.056561470031738,1.7169208526611328,28.30965805053711
3,360141,13.580263137817383,-32.98353958129883,-19.975688934326172,11.447247505187988
3,360141,14.111494064331055,27.36290740966797,-25.57088851928711,-12.675149917602539
3,360141,-9.776312828063965,11.847580909729004,-13.92899227142334,-27.097597122192383
3,360142,-13.28617000579834,-15.034984588623047,13.800317764282227,-2.738048791885376
3,360142,8.14256763458252,18.248258590698242,6.453933238983154,21.036352157592773
3,360142,-5.452669143676758,-3.695302963256836,-3.171823263168335,5.446215629577637
3,360142,0.07775716483592987,-8.867105484008789,11.266779899597168,-11.178007125854492
3,360142,25.10074234008789,7.627111911773682,6.083523273468018,-3.9930522441864014
3,360142,-0.9060340523719788,-13.101805686950684,3.75549054145813,4.513674259185791
3,360143,-15.421446800231934,-1.5553292036056519,-6.533933162689209,-2.8852603435516357
3,360143,0.8079221248626709,-3.0718464851379395,-15.516911506652832,-7.274631977081299
3,360143,15.768841743469238,-19.768348693847656,-3.808584213256836,-13.387760162353516
3,360143,5.322587966918945,9.913773536682129,-2.0444295406341553,-1.9983025789260864
3,360143,-26.393369674682617,17.20635223388672,8.498814582824707,18.371280670166016
3,360143,-15.800384521484375,-6.392466068267822,19.02960777282715,-2.8330695629119873
3,360144,-1.2986575365066528,-0.7325175404548645,3.1370537281036377,-2.2228221893310547
3,360144,-8.933948516845703,15.31357479095459,16.147993087768555,15.538253784179688
3,360144,3.907015562057495,3.7314021587371826,6.733922004699707,5.014259338378906
3,360144,3.1280293464660645,9.070216178894043,-19.442930221557617,-3.358919858932495
3,360144,3.08683705329895,11.934319496154785,8.627634048461914,-12.071030616760254
3,360144,7.003243923187256,-16.24016761779785,-0.7351511120796204,6.107990741729736
3,360145,-12.076391220092773,-4.230710029602051,-7.9761061668396,12.639763832092285
3,360145,-1.8382177352905273,3.690885543823242,8.50228500366211,-9.15173053741455
3,360145,5.71182918548584,-21.921829223632812,-4.9621195793151855,3.9670073986053467
3,360145,0.08238264918327332,0.7613955736160278,6.2538251876831055,-1.024933099746704
3,360145,14.14920711517334,21.262182235717773,-7.537258625030518,-11.826825141906738
3,360146,5.787854194641113,-4.735039234161377,-18.79450225830078,12.609992980957031
3,360146,-21.187400817871094,-3.541179895401001,26.590930938720703,8.341255187988281
3,360146,5.3975677490234375,10.074104309082031,29.909208297729492,-19.726865768432617
3,360146,26.396638870239258,4.693507194519043,-20.339712142944336,-5.98369026184082
3,360146,-1.023689866065979,-23.539514541625977,-24.699003219604492,17.967275619506836
3,360146,-0.5155059099197388,-18.16073226928711,10.046466827392578,11.503778457641602
3,360147,16.724233627319336,18.53110122680664,-6.253439426422119,-9.846807479858398
3,360147,-6.8606085777282715,-6.754254341125488,-19.170255661010742,-21.28951072692871
3,360147,-16.102453231811523,-9.822735786437988,-7.2813849449157715,16.85662269592285
3,360147,22.4760684967041,33.48352813720703,11.588934898376465,12.237524032592773
3,360147,8.462761878967285,-1.5745242834091187,12.186744689941406,-22.39231300354004
3,360147,-29.30634117126465,-20.558868408203125,-0.7586777806282043,1.9910815954208374
3,360148,-15.806244850158691,6.816752910614014,0.7700082659721375,10.669550895690918
3,360148,4.176238059997559,-13.698770523071289,-24.473440170288086,-12.462355613708496
3,360148,-24.429332733154297,-1.0517576932907104,-8.756233215332031,-15.885601997375488
3,360148,-27.475421905517578,25.214637756347656,37.227317810058594,10.133934020996094
3,360148,14.51081371307373,0.7666913270950317,24.031005859375,3.59451961517334
3,360148,-8.395462036132812,-1.358944296836853,-17.46165657043457,-7.465862274169922
3,360149,-18.398880004882812,8.129735946655273,-0.4822564423084259,-1.3770946264266968
3,360149,8.012563705444336,-15.117645263671875,2.369903564453125,-11.491840362548828
3,360149,0.881420373916626,12.646516799926758,3.5512733459472656,8.344084739685059
3,360149,-0.10884979367256165,19.468338012695312,14.623845100402832,0.10306642204523087
3,360149,2.1315743923187256,-24.956132888793945,-29.069990158081055,-17.925922393798828
3,360149,-13.463448524475098,7.274740219116211,-13.240344047546387,1.90492582321167
3,360150,-6.7153849601745605,24.711380004882812,31.713054656982422,-5.914546966552734
3,360150,34.09237289428711,-21.616579055786133,4.599550247192383,-0.32163679599761963
3,360150,13.038858413696289,-15.12954044342041,-19.841630935668945,25.926956176757812
3,360150,-26.652099609375,13.956384658813477,7.077075004577637,4.156194686889648
3,360150,12.428178787231445,5.200011730194092,9.368738174438477,-11.888526916503906
3,360150,28.167821884155273,-11.504768371582031,-5.554821491241455,12.146651268005371
3,360151,-4.698556900024414,-7.177978515625,11.769669532775879,4.138913631439209
3,360151,10.211228370666504,17.83974266052246,11.129223823547363,-1.4648867845535278
3,360151,3.285416841506958,-7.387853145599365,-10.039806365966797,14.05556869506836
3,360151,-9.912644386291504,-19.68000602722168,7.655853271484375,12.882582664489746
3,360151,31.658306121826172,32.446773529052734,5.831407070159912,5.94895076751709
3,360151,8.167074203491211,9.777997016906738,-18.125261306762695,-1.3433763980865479
3,360153,-19.709535598754883,-4.9696879386901855,34.735328674316406,18.424589157104492
3,360153,-2.73185658454895,23.180171966552734,34.085975646972656,11.363106727600098
3,360153,-12.771408081054688,-14.477458953857422,-52.837581634521484,-18.939199447631836
3,360153,-10.759777069091797,-9.21858024597168,-18.10222816467285,-22.184188842773438
3,360153,12.989145278930664,10.232184410095215,19.12339973449707,-14.590088844299316
3,360154,-7.379031658172607,-23.68142318725586,-17.174001693725586,6.309300899505615
3,360154,-18.94185447692871,-8.054327964782715,-2.622655153274536,11.28415584564209
3,360154,12.541387557983398,15.763923645019531,-6.219229698181152,-17.91214370727539
3,360155,15.768495559692383,6.580796718597412,1.9307000637054443,-13.226285934448242
3,360155,4.956335544586182,9.968626022338867,17.183504104614258,30.262758255004883
3,360158,-3.502323627471924,-14.226367950439453,-31.233388900756836,-0.6039364337921143
3,360159,11.38196086883545,-45.536468505859375,-56.81156921386719,-24.11195945739746
3,360162,57.71744155883789,-45.38500213623047,-41.305843353271484,15.653010368347168
3,360163,41.730445861816406,-25.433847427368164,-13.524988174438477,0.6198707222938538
3,360166,-37.05575942993164,-5.188027858734131,0.6759586930274963,-38.92421340942383
3,360167,-30.282119750976562,18.158382415771484,16.5362606048584,-2.8077945709228516
3,360170,-17.68514633178711,46.69274139404297,55.902854919433594,54.18995666503906
3,360171,-43.41779708862305,59.423744201660156,60.25532531738281,14.71641731262207
3,360174,-40.757694244384766,37.63327407836914,46.119911193847656,-42.251888275146484
3,360175,-26.792959213256836,7.532585144042969,25.551694869995117,-21.024415969848633
3,360178,34.96852111816406,-30.079240798950195,-42.167232513427734,12.095290184020996
3,360179,32.06972885131836,-47.3771858215332,-46.13983917236328,4.970330238342285
3,360182,9.036127090454102,-18.131420135498047,-20.985937118530273,17.96897315979004
3,360183,25.62599754333496,-14.298187255859375,-44.670509338378906,30.891998291015625
3,360186,15.14877986907959,24.270219802856445,18.830591201782227,-27.02535057067871
3,360187,27.8342342376709,15.974509239196777,59.789058685302734,-21.731590270996094
3,360190,-45.152870178222656,-15.599329948425293,-3.837827682495117,-2.933622121810913
3,360192,-75.429443359375,1.9718194007873535,-24.146528244018555,-16.930055618286133
3,360193,41.290836334228516,18.409330368041992,38.919593811035156,26.049571990966797
3,360196,17.792150497436523,55.80154800415039,45.87397003173828,23.646869659423828
3,360197,-40.79938507080078,0.4755173921585083,-25.732690811157227,-18.371856689453125
3,360200,3.507174253463745,-56.275333404541016,-45.20014953613281,-24.05078125
3,360201,27.272886276245117,-11.16985034942627,1.6182920932769775,17.829877853393555
3,360204,32.42856216430664,-17.963224411010742,-9.206755638122559,32.86631393432617
3,360205,1.7271385192871094,-12.429719924926758,-38.99897003173828,-17.87346649169922
3,360208,-5.604403495788574,39.3734130859375,4.727935791015625,-29.770858764648438
3,360398,-34.13341522216797,59.482784271240234,81.1935806274414,0.7228447794914246
3,360398,-45.589176177978516,19.17593002319336,61.487300872802734,12.79515266418457
3,360399,65.46748352050781,-79.8394775390625,-97.19021606445312,24.06081771850586
3,360399,45.11637878417969,-29.77231216430664,-56.531333923339844,1.4607117176055908
3,360399,-27.268596649169922,30.506103515625,43.954872131347656,-45.6839599609375
3,360399,-17.411823272705078,0.05146501213312149,16.62567138671875,-17.393341064453125
3,360399,-20.249370574951172,24.79889678955078,22.772903442382812,37.63604736328125
3,360399,-19.921283721923828,22.1912841796875,21.02570343017578,21.491790771484375
3,360400,-17.164615631103516,-13.976093292236328,5.270786762237549,-5.416056156158447
3,360400,23.346811294555664,-25.94169807434082,-27.294469833374023,-7.983707427978516
3,360400,40.611568450927734,-23.178987503051758,-59.602943420410156,-4.731815338134766
3,360400,15.58017349243164,-40.08099365234375,-44.3910026550293,24.30105209350586
3,360400,12.951407432556152,-25.272491455078125,5.933281421661377,2.7724223136901855
3,360400,15.30257511138916,11.318745613098145,2.7425553798675537,-27.16492462158203
3,360401,-3.5160067081451416,12.539620399475098,-20.878995895385742,-2.2520713806152344
3,360401,-50.47861862182617,20.698333740234375,29.38858413696289,-7.77069616317749
3,360401,-29.094911575317383,29.377370834350586,80.0384521484375,6.491564750671387
3,360401,-0.6137935519218445,25.8662052154541,42.364994049072266,21.023054122924805
3,360401,-16.85734748840332,7.473751544952393,-27.7336368560791,-3.7499020099639893
3,360402,22.63770866394043,-28.848180770874023,-34.58434295654297,1.0286085605621338
3,360402,30.313587188720703,-17.58567237854004,-3.552844285964966,3.3455810546875
3,360402,14.823423385620117,16.11362648010254,-20.063682556152344,-14.70960521697998
3,360402,12.12769889831543,-25.495668411254883,-42.984710693359375,-0.144271582365036
3,360402,-7.914731979370117,-16.518266677856445,5.208410739898682,5.948782444000244
3,360402,-2.5202693939208984,35.4749755859375,24.31243896484375,-13.70555591583252
3,360402,-2.0279579162597656,5.944209575653076,2.123501777648926,10.068243980407715
3,360403,-16.3018741607666,-4.677874565124512,16.696788787841797,13.705343246459961
3,360403,-14.609975814819336,11.314225196838379,9.744315147399902,-17.532827377319336
3,360403,-3.593163013458252,4.884425163269043,6.669705390930176,-15.501324653625488
3,360403,5.719729423522949,-6.606741428375244,-9.712453842163086,4.659623622894287
3,360403,4.6919074058532715,-12.46262264251709,-23.645334243774414,23.308923721313477
3,360403,21.55864143371582,-3.5741145610809326,21.509103775024414,15.478373527526855
3,360404,19.915725708007812,-5.030228614807129,9.847180366516113,-15.918355941772461
3,360404,-24.10039520263672,-27.108675003051758,-20.558286666870117,-20.987459182739258
3,360404,-15.642461776733398,8.589426040649414,8.924793243408203,7.885809421539307
3,360404,4.839351654052734,48.457237243652344,16.480731964111328,8.92440414428711
3,360404,-14.73717975616455,4.1874613761901855,-2.83870005607605,-8.76502513885498
3,360405,-5.894149303436279,-24.15997886657715,-0.23045921325683594,8.921969413757324
3,360405,6.385170936584473,30.108949661254883,6.321715831756592,5.66425085067749
3,360405,-6.020399570465088,8.951321601867676,-1.7324557304382324,-15.253517150878906
3,360405,5.185932636260986,-43.29442596435547,-15.91426944732666,-6.340787410736084
3,360405,19.48870849609375,14.77031421661377,-16.664262771606445,-1.4158016443252563
3,360405,-0.8308542966842651,-0.49872779846191406,3.9794697761535645,3.8320505619049072
3,360406,-10.64898681640625,-26.61501693725586,4.389525890350342,9.681604385375977
3,360406,4.949550628662109,35.754112243652344,-2.1584231853485107,1.9367492198944092
3,360406,4.838381290435791,22.089284896850586,29.55166244506836,8.636011123657227
3,360406,-8.409040451049805,-25.498451232910156,17.341880798339844,-11.289480209350586
3,360406,-0.5744714736938477,-8.990348815917969,-21.04531478881836,-10.400556564331055
3,360406,3.9755163192749023,-6.269796371459961,-9.133606910705566,21.195056915283203
3,360407,6.924448013305664,10.584966659545898,13.410618782043457,-2.603458881378174
3,360407,-4.197269916534424,26.302013397216797,1.790042757987976,-7.439579010009766
3,360407,-12.526923179626465,-17.157241821289062,-17.54476547241211,-5.693009853363037
3,360407,11.543477058410645,-21.12099838256836,-8.014913558959961,-2.628518581390381
3,360407,-1.8137445449829102,16.359230041503906,8.535443305969238,12.749056816101074
3,360407,-4.6030683517456055,-10.022473335266113,13.953215599060059,-1.4859421253204346
3,360408,7.2488555908203125,-9.123337745666504,0.4189968705177307,-3.7682313919067383
3,360408,-9.519213676452637,31.03166961669922,5.641087532043457,3.2855653762817383
3,360408,-3.684032440185547,-12.294122695922852,9.26512622833252,2.815894365310669
3,360408,-3.950601577758789,-9.761343955993652,-10.745609283447266,-14.610350608825684
3,360408,-6.204607963562012,14.238768577575684,-4.790667533874512,2.7591161727905273
3,360408,8.25374698638916,-16.88623046875,3.0602543354034424,31.62029266357422
3,360409,0.13047261536121368,-5.202179908752441,-11.633325576782227,-23.640392303466797
3,360409,-1.4955374002456665,12.862298965454102,-11.049142837524414,-22.79655647277832
3,360409,11.512020111083984,-26.247802734375,-11.16411304473877,27.79523277282715
3,360409,-3.879732131958008,-7.1981096267700195,9.358372688293457,-2.99501895904541
3,360409,-14.983356475830078,46.19346618652344,23.336645126342773,-6.481326580047607
3,360409,6.8066935539245605,15.072376251220703,-10.218168258666992,3.5908284187316895
3,360410,12.993026733398438,-12.838218688964844,-4.629883766174316,-9.369601249694824
3,360410,-6.658987998962402,-18.924293518066406,17.13344955444336,3.084244728088379
3,360410,-13.976170539855957,-13.477124214172363,17.07793617248535,3.3839492797851562
3,360410,7.903078556060791,22.433746337890625,-2.472907781600952,-2.3900363445281982
3,360410,16.66996192932129,10.506011009216309,-1.0600252151489258,-7.313014984130859
3,360410,-11.99178409576416,-18.749622344970703,-0.9024068713188171,1.7176028490066528
3,360411,-11.275300979614258,-4.262806415557861,-23.86756134033203,20.76691246032715
3,360411,25.000343322753906,7.966986179351807,0.28318262100219727,-14.491483688354492
3,360411,8.026844024658203,7.018124103546143,10.619500160217285,-12.10662841796875
3,360411,-30.279314041137695,-4.529139995574951,7.119683265686035,24.186004638671875
3,360411,-6.875038146972656,-11.08206844329834,-4.733058929443359,-7.756994724273682
3,360411,8.119877815246582,16.113208770751953,0.2855894863605499,-13.605972290039062
3,360412,2.7718498706817627,13.107126235961914,-5.0167059898376465,-2.7128400802612305
3,360412,3.7129604816436768,-5.266204357147217,-19.788742065429688,13.117115020751953
3,360412,-21.096155166625977,7.636754989624023,28.244768142700195,19.350881576538086
3,360412,-6.649463653564453,10.290627479553223,21.598743438720703,-26.465869903564453
3,360412,18.015779495239258,-5.969513893127441,-17.37868309020996,-20.293527603149414
3,360413,-4.296489715576172,-20.049041748046875,-11.801244735717773,20.450153350830078
3,360413,-14.525581359863281,14.20982551574707,23.263427734375,2.7815558910369873
3,360413,-1.754634976387024,21.793554306030273,17.320898056030273,-7.6262431144714355
3,360413,16.176048278808594,-9.519037246704102,-29.60011863708496,5.855266571044922
3,360413,11.91214656829834,-23.988906860351562,-15.460942268371582,-6.684031009674072
3,360413,-1.5992786884307861,-21.662385940551758,1.9940985441207886,5.621382713317871
3,360413,6.917991638183594,0.28245386481285095,-5.246243953704834,20.470773696899414
3,360414,-8.571932792663574,6.603645324707031,17.600839614868164,-2.675048828125
3,360414,-7.452930450439453,-1.481088399887085,-1.9519879817962646,-12.288978576660156
3,360414,19.039283752441406,-17.49278450012207,-38.91422653198242,-9.185944557189941
3,360414,4.571850299835205,-4.900112152099609,1.6401435136795044,-1.315612554550171
3,360415,-11.694511413574219,31.42247200012207,42.43396759033203,22.517946243286133
3,360416,1.4960612058639526,23.874237060546875,0.5865658521652222,14.850790023803711
3,360416,13.1753511428833,-23.048852920532227,-21.40436553955078,-5.708044528961182
3,360416,1.2147296667099,-20.468975067138672,-4.478267669677734,-19.41180419921875
3,360416,-11.353761672973633,19.961318969726562,-0.2773914933204651,-8.351375579833984
3,360416,4.365605354309082,6.925352096557617,6.781263828277588,19.527629852294922
3,360416,2.713567018508911,-11.218850135803223,-28.678417205810547,2.246821641921997
3,360417,-2.978557825088501,-5.222967624664307,1.4241516590118408,-1.5480055809020996
3,360417,14.653703689575195,-15.908398628234863,19.667205810546875,3.626100778579712
3,360418,2.3695669174194336,-11.704544067382812,-42.012367248535156,-18.64165496826172
3,360419,-4.712244987487793,-2.1765756607055664,-15.467220306396484,-9.805529594421387
3,360422,57.5435905456543,-28.433826446533203,-22.218368530273438,20.838966369628906
3,360423,43.84821319580078,-18.4609375,-47.04335403442383,-17.396434783935547
3,360426,-29.08546257019043,3.10148549079895,-23.9237117767334,9.373552322387695
3,360427,-9.451233863830566,4.981588840484619,22.618200302124023,52.43684768676758
3,360430,-41.51249694824219,85.5888900756836,128.42306518554688,-39.442054748535156
3,360431,-76.47566223144531,28.000869750976562,50.650672912597656,-39.08858871459961
3,360434,-37.4278678894043,-22.844898223876953,11.33342170715332,-1.4765701293945312
3,360435,12.027436256408691,68.47750854492188,85.6724624633789,15.864185333251953
3,360438,36.60713195800781,-3.192335844039917,-53.42073059082031,10.284235000610352
3,360439,-22.85101318359375,-58.548648834228516,-91.91032409667969,-31.36625862121582
3,360442,-1.51422119140625,-53.55357360839844,-37.490562438964844,7.981995105743408
3,360444,78.99024963378906,-33.997215270996094,-14.502588272094727,30.038400650024414
3,360445,36.365516662597656,17.51335334777832,39.25093078613281,35.72821044921875
3,360448,-23.906068801879883,10.784219741821289,-14.797460556030273,-21.8944034576416
3,360449,-29.02882957458496,7.347789287567139,-28.273895263671875,-50.334930419921875
3,360452,1.1706855297088623,39.42670822143555,47.52553939819336,48.31629180908203
3,360453,-20.45556640625,23.500150680541992,49.585933685302734,4.361301422119141
3,360456,-36.61219787597656,-2.343369483947754,41.05305099487305,-25.632789611816406
3,360457,1.8515247106552124,6.424254417419434,4.308387279510498,28.802736282348633
3,360460,56.20372772216797,-11.162878036499023,-86.18791198730469,-10.372194290161133
3,360461,54.31556701660156,4.520954132080078,-40.990501403808594,-22.747922897338867
3,360464,-60.60062026977539,-39.29887008666992,12.478107452392578,7.381107330322266
3,360465,-6.022240161895752,-49.085784912109375,0.8726227879524231,17.25347900390625
3,360468,27.130456924438477,-1.0252494812011719,-10.101677894592285,-49.04210662841797
3,360469,-49.094852447509766,-6.106292247772217,-25.825956344604492,-33.665977478027344
3,360662,14.982257843017578,65.73841857910156,39.64226150512695,66.60536193847656
3,360662,35.40909194946289,4.091331958770752,5.588190078735352,32.91824722290039
3,360662,24.71519660949707,-74.13297271728516,-58.87344741821289,-13.160895347595215
3,360662,1.744102954864502,29.16685676574707,18.198368072509766,-14.025675773620605
3,360662,-27.87749671936035,37.53792953491211,36.96522903442383,-9.550097465515137
3,360662,-33.833534240722656,-0.5365544557571411,31.578622817993164,15.642155647277832
3,360663,-31.040180206298828,31.614212036132812,48.80105972290039,14.044207572937012
3,360663,4.242373466491699,28.012596130371094,4.190821170806885,-13.167928695678711
3,360663,20.596681594848633,-22.671342849731445,-23.131797790527344,-10.275201797485352
3,360663,23.74058723449707,-44.023475646972656,-24.668310165405273,10.124353408813477
3,360663,18.9674015045166,-2.275768518447876,-37.40753936767578,-1.761587381362915
3,360663,12.5917329788208,3.321889638900757,-36.585723876953125,-17.08553123474121
3,360664,-8.689798355102539,-42.87223815917969,-8.061469078063965,7.902254581451416
3,360664,-5.3144073486328125,-12.070277214050293,16.58722686767578,19.721691131591797
3,360664,-3.4999277591705322,41.72956085205078,30.67197608947754,-16.331520080566406
3,360664,-28.631725311279297,33.73634338378906,27.359848022460938,-15.55965805053711
3,360664,-26.578426361083984,-1.6854439973831177,17.79298973083496,0.46260955929756165
3,360665,2.0328879356384277,-15.754714965820312,9.977987289428711,10.608388900756836
3,360665,12.054557800292969,18.588546752929688,-9.929158210754395,16.209049224853516
3,360665,4.384692192077637,7.768986225128174,-13.644429206848145,-11.847471237182617
3,360665,22.896347045898438,-37.84011459350586,-33.784912109375,-0.5709648728370667
3,360665,12.771483421325684,-11.864583969116211,-29.76609230041504,8.943893432617188
3,360665,6.229954242706299,8.954863548278809,13.928672790527344,-13.709665298461914
3,360666,8.754027366638184,-7.346595764160156,23.301673889160156,-7.756900787353516
3,360666,-33.01824951171875,7.4702324867248535,6.830287456512451,-2.058206796646118
3,360666,-21.352373123168945,34.116825103759766,-7.408970832824707,2.4919726848602295
3,360666,7.852266311645508,21.729511260986328,9.026546478271484,6.505061626434326
3,360666,-12.604438781738281,-2.2749240398406982,25.55339813232422,-7.838801860809326
3,360666,12.526107788085938,-10.414464950561523,-4.6169233322143555,-2.2385201454162598
3,360667,32.84766387939453,-22.768802642822266,-17.549869537353516,4.705399513244629
3,360667,-8.129724502563477,-7.149307727813721,-10.184905052185059,-2.7421038150787354
3,360667,-0.548990786075592,-1.6198650598526,-4.619612216949463,-1.5095798969268799
3,360667,29.637250900268555,-37.383140563964844,13.411898612976074,9.239086151123047
3,360667,-11.421483993530273,7.417613983154297,2.4506213665008545,1.9513391256332397
3,360667,-36.34410095214844,34.738006591796875,-0.23172417283058167,4.440842628479004
3,360668,0.8025002479553223,-2.368643283843994,17.147905349731445,14.415034294128418
3,360668,4.410239219665527,12.948131561279297,-3.7095115184783936,-25.12627410888672
3,360668,-12.133198738098145,-8.354766845703125,0.8959718346595764,-29.516780853271484
3,360668,-13.378792762756348,-2.2937119007110596,31.259660720825195,8.842609405517578
3,360668,3.9810078144073486,22.387981414794922,-13.336159706115723,15.49968433380127
3,360668,15.469575881958008,-22.931503295898438,-41.02992630004883,-1.3200500011444092
3,360669,-10.536312103271484,-24.518217086791992,-0.9134230613708496,10.782498359680176
3,360669,-3.1669251918792725,28.19523048400879,14.19326400756836,14.961458206176758
3,360669,17.34857177734375,26.717655181884766,-0.41102689504623413,-11.04494571685791
3,360669,-7.683708667755127,-32.18184280395508,6.015669345855713,4.385763645172119
3,360669,-22.72679328918457,8.562994956970215,19.324142456054688,21.909189224243164
3,360670,-1.0461511611938477,54.69804763793945,2.7861487865448,-5.003867149353027
3,360670,7.533533573150635,-19.99064826965332,-6.115899562835693,-22.06134033203125
3,360670,6.827744007110596,-24.761314392089844,-1.1050211191177368,14.495553016662598
3,360670,7.454683303833008,16.659669876098633,-8.439865112304688,12.28422737121582
3,360670,7.978396415710449,-4.705538749694824,-26.859594345092773,-40.65126037597656
3,360670,0.057300105690956116,-4.871569633483887,-11.14574909210205,-9.772194862365723
3,360671,-13.465423583984375,-14.035148620605469,17.15231704711914,21.9805908203125
3,360671,10.703023910522461,-10.634024620056152,9.536296844482422,6.524690628051758
3,360671,14.456714630126953,10.477733612060547,4.931211948394775,-0.1822388917207718
3,360671,-13.257380485534668,0.7278704643249512,13.29254150390625,-10.096302032470703
3,360671,-18.557960510253906,6.638952255249023,17.252723693847656,-14.607542991638184
3,360671,20.036724090576172,-7.89669132232666,1.610446810722351,-2.802558660507202
3,360672,15.356985092163086,-8.721447944641113,0.05996398627758026,22.646820068359375
3,360672,-12.453457832336426,35.186363220214844,11.123006820678711,9.436612129211426
3,360672,20.904651641845703,15.334249496459961,-21.21048927307129,-4.6533002853393555
3,360672,-12.361474990844727,-29.430795669555664,-10.001263618469238,-4.237858772277832
3,360672,-42.56494903564453,3.2747204303741455,23.857805252075195,-0.3913726508617401
3,360672,10.619799613952637,9.0617036819458,-11.77328109741211,1.6149145364761353
3,360673,19.581769943237305,-12.735180854797363,-10.633930206298828,-13.871116638183594
3,360673,-11.212347984313965,-2.8768398761749268,21.98776626586914,0.021866049617528915
3,360673,2.0020601749420166,-12.465420722961426,-14.585687637329102,22.37505340576172
3,360673,19.765625,2.4488718509674072,-38.93585968017578,-13.435235023498535
3,360673,-8.50590991973877,-5.75035285949707,0.21930505335330963,-9.316393852233887
3,360673,-11.41685676574707,-18.17632484436035,15.438529968261719,9.901334762573242
3,360674,7.665334701538086,9.251900672912598,-11.637807846069336,-17.204757690429688
3,360674,-3.7200284004211426,-19.385679244995117,-6.430483341217041,12.2566499710083
3,360674,-14.159603118896484,-12.116037368774414,18.80731773376465,11.508480072021484
3,360674,4.116832256317139,20.787107467651367,-12.044363975524902,-17.14449691772461
3,360674,16.27649688720703,-18.104793548583984,-18.142959594726562,9.964921951293945
3,360674,-6.943099021911621,18.965845108032227,12.978178024291992,4.380494594573975
3,360675,-2.6200571060180664,33.3697624206543,10.02630615234375,-23.945058822631836
3,360675,-3.706515073776245,-29.420246124267578,-1.9482215642929077,15.969799041748047
3,360675,-18.947336196899414,-5.615252494812012,-20.994007110595703,25.545305252075195
3,360675,9.080970764160156,28.130308151245117,10.771916389465332,2.102987766265869
3,360675,16.055110931396484,12.243697166442871,34.33252716064453,3.61448073387146
3,360675,8.265257835388184,-18.04983901977539,-14.51476764678955,-12.221661567687988
3,360676,8.944623947143555,-10.570150375366211,-6.097876071929932,4.130336761474609
3,360676,-6.008742332458496,13.073139190673828,8.966758728027344,-1.5923548936843872
3,360676,0.6450313925743103,16.954545974731445,-3.1355292797088623,-7.418374538421631
3,360676,10.24328899383545,4.174428462982178,12.67459774017334,9.707917213439941
3,360676,-10.976351737976074,-20.633703231811523,-17.560468673706055,-10.497672080993652
3,360676,-10.884602546691895,1.374345064163208,-18.935771942138672,-1.8558729887008667
3,360677,11.768922805786133,4.966821670532227,18.80050277709961,-1.5873173475265503
3,360677,14.192150115966797,-9.504472732543945,-7.607509136199951,-16.53202247619629
3,360677,-12.261839866638184,-13.254169464111328,-23.578384399414062,0.3419733941555023
3,360677,3.612191677093506,-11.6475191116333,-7.289705753326416,9.858866691589355
3,360677,19.86448097229004,18.82513999938965,-1.9837547540664673,9.917821884155273
3,360677,-24.8887882232666,-3.3432822227478027,1.4165120124816895,-0.4515185058116913
3,360678,-11.824155807495117,-4.28471565246582,16.80427360534668,-18.797874450683594
3,360678,9.244043350219727,8.687871932983398,18.707202911376953,9.152565002441406
3,360679,30.274337768554688,-16.621164321899414,2.199418544769287,11.264185905456543
3,360679,25.0867862701416,-3.9514551162719727,5.001396179199219,-6.198404312133789
3,360679,-35.74708938598633,-0.0650067925453186,-6.5472493171691895,5.298223495483398
3,360680,-8.303694725036621,-10.674500465393066,-18.551738739013672,-6.326955318450928
3,360680,13.885100364685059,0.8534359931945801,16.249109268188477,6.154550552368164
3,360680,2.375396966934204,6.165241718292236,0.4628973603248596,-1.9285469055175781
3,360680,13.61599349975586,11.6671142578125,-19.20218276977539,-15.661362648010254
3,360680,0.0974230170249939,-17.767433166503906,-4.86257791519165,-0.09816388785839081
3,360680,-21.31804656982422,-16.355667114257812,-18.90152931213379,-3.2185587882995605
3,360682,-59.597991943359375,-10.822327613830566,-21.2862548828125,17.38423728942871
3,360683,27.704038619995117,30.349365234375,-28.042648315429688,-13.644312858581543
3,360686,87.5862045288086,17.01665496826172,-13.374320030212402,-55.90047073364258
3,360687,-35.22744369506836,-81.64820861816406,21.32033348083496,37.425209045410156
3,360690,-43.1450309753418,51.418148040771484,74.00933074951172,88.75634765625
3,360691,-42.24912643432617,56.93256759643555,30.773757934570312,-25.780567169189453
3,360694,-21.471843719482422,133.4484100341797,79.05105590820312,-36.89727020263672
3,360695,32.72828674316406,131.5157012939453,128.88186645507812,18.98249053955078
3,360698,0.5490919947624207,-290.550537109375,-141.32208251953125,-39.973209381103516
3,360699,33.83015060424805,-86.31452178955078,-119.98143005371094,-27.230213165283203
3,360702,42.485748291015625,155.3509521484375,24.70037269592285,43.42845153808594
3,360703,-21.73393440246582,-117.66360473632812,-68.76251983642578,39.91429901123047
3,360706,25.027753829956055,13.911530494689941,19.841943740844727,-2.3116703033447266
3,360707,36.348060607910156,89.98149108886719,56.35509490966797,-25.356733322143555
3,360710,-105.51052856445312,-87.65414428710938,-24.10740852355957,-18.313400268554688
3,360711,-54.95409393310547,-9.458759307861328,32.86075210571289,18.482698440551758
3,360714,48.156219482421875,88.88358306884766,37.76649475097656,-24.105531692504883
3,360715,3.1120290756225586,61.7393798828125,9.246211051940918,-24.86466407775879
3,360718,-9.770319938659668,-75.06229400634766,-25.84404754638672,55.414710998535156
3,360719,4.059247016906738,-67.6961669921875,-40.81962203979492,11.196784019470215
3,360722,33.76461410522461,9.440804481506348,-17.421247482299805,-8.40362548828125
3,360723,29.933883666992188,-18.224369049072266,-13.455570220947266,4.468386650085449
3,360726,26.45071792602539,65.5737075805664,49.71296310424805,-21.264631271362305
3,360727,-5.108689308166504,48.70516586303711,6.758776664733887,-24.1044979095459
3,360730,-12.386801719665527,-61.281856536865234,-29.255407333374023,24.70149040222168
3,360731,-43.23917007446289,-96.34379577636719,8.844965934753418,19.17098617553711
3,360926,-8.199522972106934,-19.732725143432617,-96.28330993652344,-17.496417999267578
3,360927,132.50445556640625,66.57017517089844,-70.72953033447266,25.09171485900879
3,360927,-17.492046356201172,26.628564834594727,109.30213928222656,-6.999305725097656
3,360927,-97.07378387451172,18.123889923095703,69.683837890625,-22.838581085205078
3,360927,-9.82375717163086,26.309871673583984,2.849024534225464,9.66873550415039
3,360927,-15.338172912597656,8.954876899719238,30.70878791809082,5.288296699523926
3,360927,-25.958635330200195,2.5091469287872314,8.301102638244629,-5.094699382781982
3,360928,-9.485845565795898,-11.588643074035645,-6.212223052978516,-16.757774353027344
3,360928,38.663753509521484,-7.849915027618408,-20.366416931152344,-2.6452689170837402
3,360928,41.2587890625,-16.570045471191406,-39.406471252441406,-1.4756847620010376
3,360928,-8.624218940734863,-24.74050521850586,-13.477459907531738,18.252634048461914
3,360928,-23.7081298828125,12.970715522766113,7.601546287536621,10.648796081542969
3,360928,8.222212791442871,5.666998386383057,8.973259925842285,-24.449247360229492
3,360929,-10.8473482131958,-5.63382625579834,28.649690628051758,-5.115588665008545
3,360929,-17.63007926940918,34.853736877441406,25.905231475830078,8.418119430541992
3,360929,1.7605503797531128,14.242088317871094,2.147926092147827,4.327244758605957
3,360929,-9.400480270385742,-10.798962593078613,7.338887691497803,6.151854991912842
3,360929,-0.7322978973388672,17.704410552978516,8.15881633758545,-4.141763687133789
3,360929,14.525093078613281,-12.847288131713867,-16.167266845703125,-8.740056037902832
3,360930,20.585018157958984,-26.55741310119629,-35.920989990234375,-0.5410680770874023
3,360930,6.2500152587890625,20.164915084838867,-16.22288703918457,-6.7282490730285645
3,360930,-12.028331756591797,-11.695113182067871,14.144968032836914,12.030702590942383
3,360930,-5.752511978149414,-22.374204635620117,6.832074165344238,15.675230026245117
3,360930,-5.650448799133301,24.129779815673828,1.9999825954437256,-24.946096420288086
3,360931,2.4177539348602295,13.021562576293945,8.8599271774292,4.348974227905273
3,360931,4.153891086578369,4.3784003257751465,1.6419622898101807,35.11886978149414
3,360931,-6.319794654846191,8.137606620788574,8.16877555847168,-2.878610849380493
3,360931,7.411737442016602,-14.533809661865234,13.775407791137695,-16.531383514404297
3,360931,10.75187873840332,-28.874961853027344,-16.020166397094727,-6.638676166534424
3,360931,-9.399203300476074,-19.53376007080078,-16.291194915771484,5.429971694946289
3,360932,-6.107376575469971,11.55905532836914,-12.326687812805176,1.8461881875991821
3,360932,15.353419303894043,17.2899112701416,-2.1614036560058594,0.09656624495983124
3,360932,-5.970916748046875,7.815814018249512,29.42205047607422,-6.85324239730835
3,360932,-7.472583293914795,16.303007125854492,5.018890857696533,-24.06873321533203
3,360932,-2.9675886631011963,-10.757444381713867,-10.68970775604248,17.0824031829834
3,360932,-28.134401321411133,2.2523999214172363,23.049734115600586,16.92520523071289
3,360933,8.072309494018555,12.207846641540527,7.971871852874756,-24.976911544799805
3,360933,18.11238670349121,-15.897185325622559,-46.07583999633789,2.1523749828338623
3,360933,-2.1614768505096436,1.4791786670684814,-22.41109275817871,25.757488250732422
3,360933,18.596521377563477,-5.313621997833252,23.73855209350586,-4.448023796081543
3,360933,10.898178100585938,-6.069462299346924,-3.123460054397583,-12.76452350616455
3,360933,-9.715020179748535,-17.344459533691406,-14.268298149108887,3.7679407596588135
3,360934,-6.885622501373291,-2.839935541152954,10.25721549987793,-3.8639674186706543
3,360934,2.83430552482605,14.564765930175781,-5.488346576690674,7.596110820770264
3,360934,-0.6701127886772156,-21.65884017944336,-6.673269271850586,24.49778175354004
3,360934,-17.2123966217041,-0.15558436512947083,18.572031021118164,-11.894325256347656
3,360934,3.836545467376709,21.09268569946289,-4.324513912200928,-42.94329071044922
3,360934,17.251401901245117,8.720335960388184,-20.019811630249023,12.98254108428955
3,360935,-13.496170997619629,-10.20502758026123,14.074516296386719,32.20749282836914
3,360935,-2.327413320541382,-3.053359031677246,10.929020881652832,-23.01076889038086
3,360935,30.770362854003906,8.130867958068848,-18.158353805541992,-13.809043884277344
3,360935,1.5769059658050537,-2.70837664604187,9.93203067779541,22.381105422973633
3,360935,-14.927799224853516,-3.4279985427856445,22.773059844970703,14.056477546691895
3,360936,4.664923191070557,0.9349452257156372,-20.79450225830078,-8.173460960388184
3,360936,-15.736930847167969,14.27126407623291,5.3372483253479,-5.758772373199463
3,360936,-9.401975631713867,7.150066375732422,46.04600143432617,1.5052071809768677
3,360936,21.029645919799805,-5.3549675941467285,-8.946003913879395,-2.1003150939941406
3,360936,11.708998680114746,-8.328778266906738,-41.600608825683594,-3.7213635444641113
3,360936,-2.541923999786377,-10.391756057739258,5.651634693145752,1.7666239738464355
3,360937,12.247957229614258,9.80062198638916,15.03358268737793,8.964104652404785
3,360937,4.8126983642578125,6.546363353729248,-19.269004821777344,4.517027378082275
3,360937,-33.34772491455078,-37.23929214477539,4.732223033905029,-0.800360381603241
3,360937,-7.981771469116211,5.223133563995361,6.32985258102417,-11.335543632507324
3,360937,31.182207107543945,31.944778442382812,-24.759069442749023,-9.203106880187988
3,360937,0.41395124793052673,-15.606107711791992,-6.562343597412109,-1.3511682748794556
3,360938,-22.997682571411133,7.72782564163208,10.720235824584961,-15.579218864440918
3,360938,-1.5903980731964111,-0.6018576622009277,-6.21550989151001,9.999638557434082
3,360938,7.051288604736328,-9.183526992797852,-19.55175018310547,14.732192039489746
3,360938,5.376254081726074,2.628936529159546,-9.145288467407227,-26.425640106201172
3,360938,-2.3466436862945557,-19.902788162231445,15.138362884521484,10.338772773742676
3,360938,-5.670352458953857,8.199251174926758,19.246427536010742,25.861722946166992
3,360939,7.870548248291016,16.08513641357422,-7.49357271194458,-4.395633697509766
3,360939,1.0268787145614624,-22.420764923095703,-20.395015716552734,2.3084328174591064
3,360939,2.1279709339141846,-16.163663864135742,-5.99569845199585,-3.8030152320861816
3,360939,8.737264633178711,26.449447631835938,13.87646198272705,2.825742244720459
3,360939,-5.211087703704834,10.503530502319336,9.130331993103027,9.739312171936035
3,360939,-0.038578372448682785,-33.660911560058594,2.0774996280670166,10.691802978515625
3,360940,7.783980369567871,12.9183931350708,15.082023620605469,-1.200069546699524
3,360940,12.702882766723633,17.99127960205078,-3.3293988704681396,-32.408905029296875
3,360940,-9.641199111938477,-23.654205322265625,-8.827251434326172,-3.9738895893096924
3,360940,-30.43659019470215,11.196826934814453,17.192794799804688,23.826364517211914
3,360940,18.39520835876465,18.216188430786133,-9.194231033325195,-18.977853775024414
3,360940,18.16264533996582,3.596346616744995,-8.071442604064941,-23.769420623779297
3,360941,-25.886070251464844,0.26243916153907776,24.456750869750977,20.95729637145996
3,360941,-1.4000920057296753,8.592850685119629,-13.024515151977539,2.2608113288879395
3,360941,6.017090320587158,-0.12044557183980942,-26.901756286621094,-20.017805099487305
3,360941,-17.554279327392578,-24.879196166992188,18.216432571411133,11.921760559082031
3,360941,7.2953033447265625,14.47026252746582,21.734573364257812,10.923759460449219
3,360941,22.207656860351562,16.00190544128418,-25.776485443115234,-13.059332847595215
3,360942,4.102546691894531,-14.988870620727539,-15.071744918823242,13.440319061279297
3,360942,1.3271825313568115,-6.748269557952881,24.621665954589844,25.080917358398438
3,360942,2.471318244934082,-7.900449275970459,0.05064849182963371,-10.505440711975098
3,360942,-0.2356686294078827,-7.306268692016602,-0.24730756878852844,-15.949973106384277
3,360942,1.9893664121627808,11.215768814086914,0.5189329385757446,-4.660689830780029
3,360942,2.194946527481079,-2.5448758602142334,-18.931272506713867,11.116390228271484
3,360943,-2.3979709148406982,-18.38994789123535,15.57625675201416,16.410907745361328
3,360943,-5.7245049476623535,3.863581418991089,17.399642944335938,-10.130781173706055
3,360944,-23.006168365478516,8.056851387023926,-28.59718132019043,-7.640456676483154
3,360944,-20.610462188720703,-4.662311553955078,-15.644786834716797,15.761800765991211
3,360944,-2.5113070011138916,-17.18096923828125,14.749408721923828,12.66174030303955
3,360945,-3.0359835624694824,7.440878868103027,13.729289054870605,-20.350465774536133
3,360945,7.84112548828125,20.71640396118164,-1.2636852264404297,-24.685909271240234
3,360945,17.45863914489746,-12.601839065551758,-10.907934188842773,20.273635864257812
3,360945,9.226835250854492,4.254380702972412,2.2407917976379395,10.329133033752441
3,360945,-17.54490089416504,29.097867965698242,-3.4186744689941406,-24.528377532958984
3,360945,1.4268667697906494,-14.645593643188477,-7.1234002113342285,-7.982803821563721
3,360947,22.355003356933594,-18.6466007232666,14.468832015991211,9.607351303100586
3,360948,-10.598291397094727,20.356346130371094,28.287147521972656,12.286097526550293
3,360949,-22.555004119873047,26.528514862060547,9.095536231994629,-10.58941650390625
3,360952,-44.755043029785156,61.532875061035156,46.779090881347656,3.2547364234924316
3,360953,-32.36971664428711,31.05132293701172,85.58707427978516,14.476861000061035
3,360956,-1.435129165649414,-36.76611328125,-1.5264521837234497,-21.69701385498047
3,360957,9.788046836853027,-28.82075309753418,-82.86163330078125,4.2486090660095215
3,360960,89.89783477783203,-47.68484115600586,-63.09821319580078,8.865488052368164
3,360961,68.45074462890625,-23.280475616455078,-18.762495040893555,-17.156883239746094
3,360964,-44.2542610168457,-12.918941497802734,-63.9729118347168,18.597614288330078
3,360965,8.463167190551758,-31.473655700683594,-36.31836700439453,32.38721466064453
3,360968,26.46355438232422,16.631793975830078,51.75307083129883,-28.942461013793945
3,360970,-50.09904861450195,10.138945579528809,41.56587219238281,-33.59515380859375
3,360971,-16.452239990234375,2.8174824714660645,25.285207748413086,26.681007385253906
3,360974,-14.221287727355957,60.73942565917969,30.45101547241211,3.1209378242492676
3,360975,-20.78165626525879,49.81584167480469,26.498994827270508,-23.17340087890625
3,360978,19.767980575561523,-39.01669692993164,-25.23527717590332,11.095942497253418
3,360979,0.42722877860069275,-43.20984649658203,-48.32345962524414,10.139592170715332
3,360982,20.631317138671875,-17.474689483642578,-15.995078086853027,2.4428067207336426
3,360983,34.90763854980469,-17.389984130859375,-0.24042129516601562,3.315896511077881
3,360986,-1.3366529941558838,18.742582321166992,17.099489212036133,-1.568418264389038
3,360987,23.846797943115234,21.406465530395508,-11.285313606262207,-2.0637900829315186
3,360990,-29.34539222717285,-23.686594009399414,-37.22240447998047,-14.587050437927246
3,360991,-66.26101684570312,-2.6186835765838623,44.51433181762695,-1.010545253753662
3,360994,5.781001091003418,48.54465866088867,69.73560333251953,19.144853591918945
3,360995,-11.005248069763184,27.8834228515625,-6.279842853546143,-6.763705730438232
3,360998,17.851871490478516,-19.562768936157227,-39.97889709472656,-40.45151901245117
3,360999,28.492313385009766,-44.09049606323242,-23.472646713256836,-2.2763686180114746
3,361192,-53.414363861083984,27.87987518310547,42.25296401977539,55.636844635009766
3,361193,-30.8609561920166,70.55487823486328,67.12930297851562,9.106385231018066
3,361193,25.301868438720703,-3.040630340576172,3.7755179405212402,-28.91314697265625
3,361193,16.367660522460938,-37.267852783203125,-48.965824127197266,9.298076629638672
3,361193,13.60263729095459,-27.330184936523438,-45.05329132080078,-0.3113934397697449
3,361193,40.48938751220703,-20.045856475830078,-23.00530242919922,-2.153114080429077
3,361193,31.43913459777832,-37.05960464477539,-32.324913024902344,11.386247634887695
3,361194,2.6755661964416504,-27.884714126586914,-17.441072463989258,12.778064727783203
3,361194,-20.875083923339844,32.48396682739258,27.940378189086914,9.86028003692627
3,361194,-23.054805755615234,31.921375274658203,41.107444763183594,-19.880054473876953
3,361194,-24.18604278564453,13.473730087280273,35.36751937866211,-3.4259533882141113
3,361194,-28.253381729125977,18.27277946472168,29.610580444335938,-12.679468154907227
3,361194,-0.17775553464889526,1.0413397550582886,0.9156104326248169,-22.549474716186523
3,361195,17.77985191345215,-8.961040496826172,-20.101356506347656,19.51874351501465
3,361195,20.421234130859375,-22.946819305419922,-40.06782150268555,3.662580728530884
3,361195,25.45821189880371,-15.99372673034668,-42.74289321899414,-10.471158027648926
3,361195,18.766437530517578,6.675480365753174,6.620648384094238,11.641082763671875
3,361195,-7.003652095794678,4.72749662399292,10.623082160949707,2.8282723426818848
3,361196,-13.686368942260742,-7.866685390472412,-9.99492073059082,-8.526232719421387
3,361196,-6.1779465675354,-6.660272598266602,1.983868956565857,-3.347017526626587
3,361196,-20.550119400024414,18.32848358154297,12.084671020507812,16.18267059326172
3,361196,-22.479873657226562,13.095407485961914,26.34316635131836,14.514029502868652
3,361196,9.804059028625488,-7.878410816192627,5.209097385406494,-20.767505645751953
3,361196,22.91587257385254,-6.179181098937988,-23.307090759277344,-24.677095413208008
3,361197,-0.5588955283164978,-14.734124183654785,-17.751169204711914,7.4624481201171875
3,361197,-2.2412564754486084,3.121145009994507,-5.27489709854126,19.458728790283203
3,361197,11.467421531677246,11.643057823181152,-13.188226699829102,-21.522642135620117
3,361197,7.516439914703369,-31.581371307373047,-35.59843826293945,0.06759802997112274
3,361197,0.09948088973760605,5.013216972351074,23.39180564880371,27.8043155670166
3,361197,0.8955442309379578,40.44277572631836,44.982444763183594,-15.908852577209473
3,361198,-12.715496063232422,-2.3016903400421143,5.421502113342285,0.8793917894363403
3,361198,-10.114988327026367,-7.460663795471191,25.350894927978516,14.836932182312012
3,361198,16.838945388793945,4.5946431159973145,4.998851776123047,-16.916738510131836
3,361198,-2.6478190422058105,1.3944047689437866,-21.76320457458496,1.7920197248458862
3,361198,-1.0765529870986938,3.528186321258545,-3.6775758266448975,14.166845321655273
3,361198,22.17778968811035,-6.8510918617248535,-12.491472244262695,-12.453680992126465
3,361199,0.5303143858909607,-20.537382125854492,2.1806893348693848,3.9747254848480225
3,361199,-6.278599262237549,1.1143403053283691,10.056243896484375,10.398852348327637
3,361199,8.166665077209473,12.785661697387695,-29.90392303466797,-16.7667236328125
3,361199,4.024108409881592,-7.137094020843506,-8.706701278686523,-2.8807880878448486
3,361199,-26.890453338623047,-10.360689163208008,30.42041015625,16.941747665405273
3,361200,-20.350711822509766,5.449872970581055,5.330453872680664,4.747900009155273
3,361200,20.398433685302734,7.204237937927246,-20.21328353881836,-10.14721965789795
3,361200,12.557964324951172,-6.012449741363525,0.32962989807128906,-8.2991361618042
3,361200,-11.752897262573242,1.8705297708511353,15.983579635620117,13.572301864624023
3,361200,-9.056404113769531,-2.3794727325439453,1.2199037075042725,6.95913028717041
3,361200,18.592409133911133,-3.777930498123169,1.1935126781463623,-11.372268676757812
3,361201,14.823844909667969,27.63894271850586,1.1299664974212646,-16.019847869873047
3,361201,-17.519092559814453,5.343371391296387,-3.034979820251465,6.0611891746521
3,361201,-16.519126892089844,-21.867033004760742,5.0548319816589355,28.05647087097168
3,361201,-0.5647932291030884,12.372583389282227,-2.3467164039611816,-17.480379104614258
3,361201,-2.2349157333374023,0.745276689529419,3.6167643070220947,-16.759307861328125
3,361201,-14.004914283752441,-24.498199462890625,-3.7385804653167725,14.414352416992188
3,361202,13.306501388549805,10.978339195251465,-21.594738006591797,-8.055760383605957
3,361202,11.426318168640137,8.6635160446167,-10.007593154907227,-11.06241226196289
3,361202,-8.769146919250488,-26.149242401123047,-3.7511820793151855,11.389314651489258
3,361202,21.207406997680664,-5.47442102432251,1.3470829725265503,3.6517832279205322
3,361202,-0.06351026147603989,12.454675674438477,-7.551028251647949,-0.8546543121337891
3,361202,-25.714420318603516,-17.414432525634766,4.986935615539551,2.3628592491149902
3,361203,9.298603057861328,4.773995399475098,8.899454116821289,-16.837369918823242
3,361203,11.4512939453125,23.395971298217773,-4.551981449127197,17.248586654663086
3,361203,1.1938409805297852,-21.10458755493164,25.03321075439453,24.922361373901367
3,361203,-5.815310955047607,15.814128875732422,15.497336387634277,-20.341388702392578
3,361203,-15.433675765991211,26.5350399017334,-15.209752082824707,-19.335773468017578
3,361203,1.0336108207702637,-25.727218627929688,-2.8202528953552246,9.799178123474121
3,361204,6.890108108520508,-8.959239959716797,7.229321002960205,29.89725112915039
3,361204,-5.330291748046875,3.540658712387085,-3.724030017852783,10.367704391479492
3,361204,-3.5214767456054688,14.636338233947754,11.663744926452637,-18.105924606323242
3,361204,13.262211799621582,7.38648796081543,18.260513305664062,-15.545592308044434
3,361204,4.827746868133545,5.346889495849609,-19.276918411254883,0.6632475256919861
3,361204,-17.558757781982422,13.580467224121094,-12.13029956817627,-2.1885876655578613
3,361205,6.399377346038818,-28.309812545776367,11.599503517150879,-0.47721463441848755
3,361205,18.69142723083496,-22.855756759643555,-10.696953773498535,9.44045352935791
3,361205,-26.166112899780273,26.513423919677734,6.096055030822754,3.4354004859924316
3,361205,-4.580984592437744,18.03629493713379,28.908309936523438,-14.742828369140625
3,361205,23.554048538208008,-8.920130729675293,-18.263559341430664,-11.463542938232422
3,361205,-6.277663707733154,-3.08280873298645,-20.887060165405273,8.880099296569824
3,361206,2.3927736282348633,-6.334098815917969,8.570674896240234,-2.204472780227661
3,361206,10.014452934265137,-16.607040405273438,-17.668445587158203,-12.053444862365723
3,361206,-10.942782402038574,-0.06747318059206009,-6.359719753265381,10.403581619262695
3,361206,-5.886040210723877,19.27174949645996,19.710329055786133,7.615450859069824
3,361206,-0.28299346566200256,2.682313919067383,-17.275911331176758,-15.56922721862793
3,361206,-13.74533462524414,-18.480859756469727,-17.093711853027344,-5.7281012535095215
3,361207,-4.8733367919921875,14.896224021911621,24.062673568725586,5.5384087562561035
3,361207,11.436979293823242,20.624420166015625,20.747770309448242,-0.5607035756111145
3,361207,15.243593215942383,-25.134363174438477,-9.756707191467285,0.04267709702253342
3,361207,-9.253315925598145,6.440734386444092,-4.0398969650268555,16.056787490844727
3,361207,-15.04588794708252,25.01506805419922,24.967159271240234,-1.7303446531295776
3,361207,9.342072486877441,-20.706132888793945,5.663877487182617,-20.878334045410156
3,361208,-3.103623151779175,-14.448042869567871,-0.16800816357135773,29.75560760498047
3,361208,-3.938596487045288,18.701444625854492,1.0981812477111816,20.831249237060547
3,361208,13.360578536987305,4.985493183135986,0.03370115906000137,-22.085681915283203
3,361208,4.851174831390381,-21.291948318481445,9.553266525268555,14.308893203735352
3,361208,-0.9233043193817139,2.7686660289764404,-18.337169647216797,5.8539252281188965
3,361208,-2.343106985092163,12.233016967773438,-5.752813339233398,-0.07002491503953934
3,361209,-7.413384437561035,2.600804090499878,7.466476917266846,1.7468806505203247
3,361210,-26.815977096557617,27.74974250793457,22.858779907226562,-19.918785095214844
3,361210,-6.140931606292725,5.618089199066162,31.223148345947266,-5.922456741333008
3,361210,24.82279396057129,-36.910152435302734,-44.65890121459961,-19.28415298461914
3,361210,-7.543029308319092,-7.968582630157471,-28.03294563293457,3.698107957839966
3,361211,-1.6104718446731567,22.1905574798584,41.037723541259766,16.423187255859375
3,361211,11.652239799499512,2.126537799835205,5.0556640625,-19.679658889770508
3,361211,4.352366924285889,-5.518754959106445,-29.05489158630371,-4.858345031738281
3,361211,5.823025226593018,-4.2469024658203125,-10.466751098632812,17.300519943237305
3,361211,-7.335655212402344,-20.19451141357422,1.6289962530136108,15.304224967956543
3,361213,-25.16263198852539,12.715423583984375,40.68741226196289,-12.604780197143555
3,361214,-39.68880081176758,46.525726318359375,65.24811553955078,1.5156933069229126
3,361215,6.810478210449219,-3.894484758377075,-7.648079872131348,34.274600982666016
3,361218,46.5214729309082,-37.519378662109375,-60.67597198486328,-9.019245147705078
3,361219,25.07609748840332,-40.63962936401367,-81.91682434082031,-20.773937225341797
3,361222,45.25932693481445,-53.21285629272461,-63.556026458740234,-9.029176712036133
3,361223,44.66802215576172,-9.261724472045898,2.367652177810669,-9.566043853759766
3,361226,-26.462141036987305,47.91532897949219,11.539361953735352,18.73048210144043
3,361227,-27.593456268310547,7.0556206703186035,12.257206916809082,5.833896636962891
3,361230,-11.189388275146484,1.7129789590835571,56.935665130615234,-21.749727249145508
3,361231,-42.75550842285156,56.02711868286133,59.410484313964844,18.77069854736328
3,361234,-42.43806076049805,9.322298049926758,6.103574275970459,-6.573996067047119
3,361235,-9.949559211730957,-10.553400039672852,3.8740508556365967,-27.824302673339844
3,361238,44.67318344116211,-3.212315559387207,-6.502163410186768,28.68406105041504
3,361239,25.645357131958008,-26.972074508666992,-57.08652877807617,10.874836921691895
3,361242,25.98944664001465,-8.261236190795898,-29.7657470703125,1.630068063735962
3,361243,32.34297561645508,16.948217391967773,10.72947883605957,3.419422149658203
3,361246,-45.07001495361328,-0.5046311020851135,12.71055793762207,-17.160032272338867
3,361247,-17.898836135864258,-31.2451229095459,-7.4150285720825195,-10.209613800048828
3,361250,-1.6358598470687866,13.033141136169434,23.106094360351562,11.555839538574219
3,361251,-11.15443229675293,39.6363410949707,25.476343154907227,-3.045287609100342
3,361254,-1.3722587823867798,21.84085464477539,18.17142677307129,-4.640474796295166
3,361255,-22.113906860351562,3.742795944213867,51.42613983154297,16.87465476989746
3,361258,11.068770408630371,-45.03251266479492,-68.984130859375,-14.40550708770752
3,361259,23.933839797973633,-6.10181999206543,-54.722084045410156,-4.906122207641602
3,361262,6.523845672607422,-7.23897123336792,30.996326446533203,24.582151412963867
3,361263,-2.31882381439209,-31.03668785095215,-23.352136611938477,-13.227692604064941
3,361265,-6.684215545654297,24.459714889526367,10.626046180725098,-2.2880897521972656
3,361458,-30.917469024658203,60.87459182739258,107.48450469970703,19.69437026977539
3,361459,-11.477020263671875,30.538230895996094,30.02033042907715,-19.303682327270508
3,361459,68.65357971191406,-75.0430679321289,-148.8457794189453,-5.577697277069092
3,361459,26.590930938720703,-59.65928268432617,-68.42689514160156,8.825908660888672
3,361459,-16.353227615356445,18.736637115478516,49.77079391479492,-7.412768363952637
3,361459,6.05159330368042,31.816123962402344,23.30104637145996,11.92309856414795
3,361459,-36.53123092651367,16.42314338684082,32.12067413330078,14.678241729736328
3,361460,-48.77123260498047,16.670425415039062,31.505281448364258,-10.298117637634277
3,361460,-9.404131889343262,15.324968338012695,0.04662264883518219,-7.195405960083008
3,361460,23.876813888549805,-4.547827243804932,-4.427821636199951,-20.7528018951416
3,361460,25.393110275268555,-19.032136917114258,-37.12910842895508,-25.192182540893555
3,361460,7.156336784362793,-49.12688446044922,-57.67681121826172,25.66095542907715
3,361461,25.577608108520508,-26.115999221801758,-19.20913314819336,18.592147827148438
3,361461,17.041004180908203,14.127476692199707,-2.7841830253601074,-11.822785377502441
3,361461,-4.36162805557251,-1.2344924211502075,10.184539794921875,7.335846424102783
3,361461,-8.491776466369629,-0.7436327934265137,36.19607162475586,5.189652919769287
3,361461,-25.79650115966797,36.4111328125,44.83497619628906,-12.550975799560547
3,361461,-10.478795051574707,14.575440406799316,2.4341135025024414,7.357564449310303
3,361462,-6.1860198974609375,-3.194851875305176,-5.565784454345703,11.801263809204102
3,361462,-5.01151704788208,11.872115135192871,17.444787979125977,-6.58114767074585
3,361462,16.270238876342773,-26.11920928955078,-19.647974014282227,15.602237701416016
3,361462,18.37189292907715,4.2808122634887695,-12.105113983154297,10.49494457244873
3,361462,27.85616683959961,34.169776916503906,-0.27566835284233093,-28.752103805541992
3,361462,18.35995864868164,-44.57072830200195,-33.204952239990234,-15.5668363571167
3,361463,-25.038732528686523,-24.17860984802246,-13.17519474029541,25.070924758911133
3,361463,-31.765947341918945,57.36113357543945,25.8884220123291,3.443981647491455
3,361463,-3.376657247543335,10.181099891662598,29.577327728271484,-38.15559768676758
3,361463,1.2617831230163574,-13.638257026672363,21.837800979614258,-3.3347296714782715
3,361463,-10.217022895812988,19.618499755859375,14.63061237335205,28.459142684936523
3,361463,0.7665563225746155,-1.0911903381347656,-17.736448287963867,-1.44265615940094
3,361464,7.39361572265625,-19.88835906982422,-29.149818420410156,-5.7489471435546875
3,361464,-4.560184001922607,-17.329893112182617,-1.945888638496399,17.119096755981445
3,361464,10.56110954284668,-7.893606185913086,-10.639566421508789,-10.157867431640625
3,361464,9.189720153808594,-13.217230796813965,-21.79447364807129,-11.709527015686035
3,361464,-22.849971771240234,13.78303050994873,15.535294532775879,20.55361557006836
3,361464,-3.9925167560577393,14.327031135559082,19.243066787719727,-13.633065223693848
3,361465,2.5760881900787354,-8.031272888183594,-2.313567876815796,-7.930873870849609
3,361465,-36.32151412963867,24.498655319213867,19.040281295776367,20.288585662841797
3,361465,-3.5271847248077393,-0.9975991249084473,17.987070083618164,-16.377410888671875
3,361465,37.77981185913086,-16.881637573242188,-32.748043060302734,-11.991823196411133
3,361465,13.450665473937988,3.562875509262085,-20.696325302124023,19.72355079650879
3,361466,-12.673656463623047,-0.8903230428695679,25.941104888916016,6.208045959472656
3,361466,-5.430004119873047,18.583995819091797,-1.401955008506775,-10.549927711486816
3,361466,20.107046127319336,-19.264991760253906,-17.527379989624023,1.6664881706237793
3,361466,0.3579446077346802,-28.866430282592773,12.01650333404541,8.217266082763672
3,361466,-1.7759352922439575,41.13345718383789,26.532629013061523,0.03872096538543701
3,361466,24.743322372436523,14.021064758300781,5.528926849365234,-1.277161717414856
3,361467,-11.513805389404297,-26.051233291625977,-33.50544738769531,7.945377349853516
3,361467,-19.581144332885742,-0.772164523601532,-1.7356497049331665,4.409725666046143
3,361467,12.24046516418457,17.14947509765625,34.041587829589844,2.713538646697998
3,361467,-5.285478115081787,5.7112274169921875,-10.66684627532959,0.5194562077522278
3,361467,-15.696444511413574,-16.181726455688477,-7.185319900512695,-13.533674240112305
3,361467,0.029451925307512283,-19.70992088317871,12.34667682647705,-8.850249290466309
3,361468,12.128241539001465,2.833310604095459,-15.965341567993164,5.23256254196167
3,361468,7.188260078430176,12.718548774719238,-17.6554012298584,-1.2903701066970825
3,361468,-9.620809555053711,-4.603002071380615,17.42840003967285,-7.217487812042236
3,361468,-3.972083568572998,16.41753578186035,14.566879272460938,0.41908496618270874
3,361468,-12.35069465637207,5.632397174835205,-5.828530788421631,-9.540783882141113
3,361468,-10.98757553100586,-22.884990692138672,12.321100234985352,9.71086597442627
3,361469,12.795555114746094,19.906681060791016,9.939788818359375,9.235177993774414
3,361469,-0.04399363696575165,5.359567165374756,-11.2775239944458,-28.480831146240234
3,361469,-0.39595502614974976,-22.411258697509766,-16.775955200195312,9.845694541931152
3,361469,-0.47190696001052856,17.667097091674805,8.475975036621094,35.207801818847656
3,361469,-10.785316467285156,4.16091775894165,20.68903350830078,-14.322796821594238
3,361469,10.151268005371094,-25.905550003051758,-12.024932861328125,-19.32290267944336
3,361470,12.779394149780273,5.272807598114014,-20.418107986450195,11.533602714538574
3,361470,-4.061941146850586,25.60725212097168,19.597991943359375,-0.6620112657546997
3,361470,-14.355208396911621,2.249464511871338,18.9069766998291,-3.9261727333068848
3,361470,-2.6215102672576904,1.9170855283737183,-18.954315185546875,16.80554962158203
3,361470,17.17894744873047,-13.27525806427002,-8.318258285522461,-8.879319190979004
3,361470,9.748368263244629,-41.074344635009766,-3.3529410362243652,-7.118936061859131
3,361471,-9.858166694641113,19.205541610717773,-1.1031078100204468,19.472911834716797
3,361471,-8.63210391998291,22.289730072021484,-0.39310309290885925,-18.628896713256836
3,361471,5.112915515899658,-25.218183517456055,-19.110916137695312,8.591130256652832
3,361471,-1.1195452213287354,16.235881805419922,14.97451114654541,30.966751098632812
3,361471,-6.403863430023193,18.125492095947266,21.32485580444336,-41.63215637207031
3,361471,-0.008166300132870674,-15.884956359863281,-23.84156036376953,-9.805099487304688
3,361472,-0.6290751099586487,10.127097129821777,4.622640609741211,35.79426574707031
3,361472,-1.5091352462768555,4.484860420227051,35.03490447998047,-26.95111083984375
3,361472,4.238997936248779,-16.211389541625977,-25.472949981689453,-16.580020904541016
3,361472,3.390012502670288,21.247661590576172,-18.590730667114258,35.16474914550781
3,361472,4.376343250274658,5.844571113586426,30.489852905273438,-4.887574195861816
3,361472,-2.3759818077087402,-33.7666015625,-8.759305953979492,-10.83179759979248
3,361473,-2.599172353744507,-10.8905029296875,-4.397640228271484,29.568683624267578
3,361473,19.855091094970703,30.77981185913086,1.403940200805664,-11.654282569885254
3,361473,4.49655818939209,13.692169189453125,-25.883113861083984,-23.57655906677246
3,361473,-28.68263053894043,-33.7818489074707,15.097546577453613,11.189777374267578
3,361473,-8.525992393493652,-23.923561096191406,22.189279556274414,1.9543540477752686
3,361473,38.05610656738281,12.623571395874023,-4.894378662109375,-10.44881820678711
3,361474,-2.9826841354370117,13.390555381774902,-2.87314772605896,-1.6833680868148804
3,361474,-25.055307388305664,-15.541647911071777,-8.240312576293945,1.6379289627075195
3,361474,28.098066329956055,7.6720428466796875,-9.073695182800293,-10.402518272399902
3,361474,-2.5346460342407227,31.317947387695312,10.601582527160645,15.742140769958496
3,361474,-24.83372688293457,-3.594697952270508,11.808296203613281,12.420883178710938
3,361474,11.918123245239258,-22.637386322021484,-14.566679000854492,-21.656198501586914
3,361475,7.915811538696289,0.3755570650100708,-18.133150100708008,5.725604057312012
3,361476,-11.901850700378418,-2.160597801208496,0.9561930298805237,12.514189720153809
3,361476,-9.661429405212402,-16.83061408996582,14.038159370422363,-5.306710720062256
3,361476,5.980844020843506,11.896089553833008,11.066812515258789,17.71938705444336
3,361476,15.733777046203613,12.404671669006348,-20.672264099121094,-5.628162860870361
3,361477,-11.32736587524414,-22.436182022094727,-23.052457809448242,-23.967920303344727
3,361477,-10.313640594482422,-14.914875984191895,12.192754745483398,20.0620174407959
3,361477,29.07619857788086,21.466279983520508,-1.8561939001083374,4.186583518981934
3,361477,10.939814567565918,10.152913093566895,-6.299176216125488,-25.626083374023438
3,361477,-11.920068740844727,-12.298864364624023,6.53692626953125,8.304047584533691
3,361479,21.444568634033203,-9.81966781616211,-38.1737060546875,10.761120796203613
3,361480,19.270540237426758,-30.538040161132812,-42.83604431152344,-11.019672393798828
3,361481,7.256323337554932,-20.015737533569336,-4.030667781829834,-1.4424728155136108
3,361484,13.62113094329834,17.275924682617188,10.045992851257324,0.32212117314338684
3,361485,-7.5041985511779785,13.21632194519043,2.9607980251312256,11.82925033569336
3,361488,-22.371131896972656,-9.439833641052246,7.149159908294678,1.78737211227417
4,361489,-26.667339324951172,45.66777420043945,62.74066162109375,-15.504664421081543
4,361492,-68.64640045166016,63.58986282348633,78.01536560058594,-2.003829002380371
4,361493,-52.334327697753906,-16.304170608520508,24.031700134277344,5.382319450378418
4,361496,51.068599700927734,20.813705444335938,12.507962226867676,-4.483064651489258
4,361497,29.90888786315918,-6.441880702972412,-0.31340205669403076,11.380681991577148
4,361500,8.259407043457031,-83.19037628173828,-89.01012420654297,5.612768650054932
4,361501,48.13529586791992,2.6560401916503906,-56.12557601928711,-8.319761276245117
4,361504,13.563817024230957,22.89344596862793,22.507217407226562,26.271503448486328
4,361505,-8.858126640319824,-22.85325813293457,-23.424062728881836,-12.695988655090332
4,361508,-10.72717571258545,-3.5543715953826904,5.499024868011475,-36.94191360473633
4,361509,-25.04022216796875,11.734482765197754,38.23630905151367,15.810365676879883
4,361512,-38.11833572387695,40.68152618408203,49.719852447509766,15.13925552368164
4,361513,-9.456417083740234,50.4011344909668,43.300743103027344,-10.397721290588379
4,361516,21.7403621673584,-32.80864715576172,-41.02827072143555,4.619102954864502
4,361517,2.4902942180633545,-58.452903747558594,-44.307952880859375,0.6329241991043091
4,361520,20.248857498168945,7.561557292938232,-18.315542221069336,0.610236644744873
4,361521,32.46215057373047,10.8148193359375,2.6916913986206055,0.6216462254524231
4,361524,-3.5920088291168213,-6.187902927398682,11.22995376586914,-30.68109130859375
4,361525,-10.198664665222168,4.520988941192627,-17.241809844970703,2.576591968536377
4,361528,-4.709012508392334,-20.644289016723633,-18.445598602294922,40.94654083251953
4,361529,-10.04910659790039,-16.072559356689453,7.804444789886475,-3.848837375640869
4,361531,15.115979194641113,14.836644172668457,4.50518274307251,-14.675951957702637
4,361786,-16.518381118774414,58.61072540283203,60.61994171142578,2.7644460201263428
4,361789,-37.15569305419922,21.315692901611328,41.07463836669922,-11.077987670898438
4,361790,25.55714988708496,-78.92147064208984,-89.4234848022461,12.629612922668457
4,361793,22.289331436157227,-27.598011016845703,-39.74850845336914,8.465590476989746
4,361794,4.01492977142334,23.70547866821289,26.60157012939453,-17.2822265625
4,361797,-16.389812469482422,27.63611602783203,24.44059944152832,14.869379043579102
4,361798,-9.230260848999023,11.67702865600586,18.55508804321289,7.846210479736328
4,361801,-5.414319038391113,-13.985475540161133,13.053309440612793,-28.268901824951172
4,363771,-45.61484146118164,60.24427795410156,55.086036682128906,11.990324974060059
4,363771,12.262809753417969,37.70784378051758,-1.8490326404571533,21.682405471801758
4,363771,53.573875427246094,-89.4116439819336,-85.3223648071289,-21.739200592041016
4,363772,7.086286544799805,-45.73366928100586,-19.31475257873535,-11.260997772216797
4,363772,-25.65877342224121,47.09962463378906,40.62175750732422,10.35766887664795
4,363772,-37.20463180541992,38.897735595703125,48.466312408447266,-5.166134357452393
4,363772,-26.325424194335938,23.397069931030273,33.687992095947266,-3.8441789150238037
4,363772,4.998841762542725,1.7651454210281372,5.527663230895996,-0.658744752407074
4,363772,26.337627410888672,-19.66805076599121,-15.771284103393555,-10.82378101348877
4,363773,25.770851135253906,-35.419769287109375,-49.55203628540039,14.740148544311523
4,363773,17.885568618774414,-31.74774742126465,-54.28428268432617,16.465009689331055
4,363773,36.8543701171875,-30.004608154296875,-46.360103607177734,-17.85236358642578
4,363773,30.724449157714844,-22.011390686035156,-24.941421508789062,5.644747734069824
4,363773,-27.82443618774414,10.271649360656738,25.09368896484375,29.344566345214844
4,363774,-30.7596435546875,14.694280624389648,37.303680419921875,-24.566932678222656
4,363774,-14.052638053894043,16.605871200561523,11.557086944580078,-14.158404350280762
4,363774,-24.360671997070312,22.917434692382812,23.412593841552734,31.431087493896484
4,363774,-0.7272138595581055,24.70429801940918,22.662870407104492,3.7535765171051025
4,363774,18.491615295410156,-6.395595550537109,-16.01616668701172,-11.985949516296387
4,363774,21.500621795654297,-28.249692916870117,-26.260547637939453,-13.083749771118164
4,363775,14.626856803894043,-16.642789840698242,-26.08725357055664,-15.128228187561035
4,363775,6.505599021911621,-2.4956586360931396,-27.305723190307617,1.6974601745605469
4,363776,12.146285057067871,-11.90304183959961,-15.632137298583984,14.649737358093262
4,363776,1.139001488685608,-9.298676490783691,0.5453764796257019,-13.398160934448242
4,363777,-0.44465386867523193,15.481000900268555,1.5355230569839478,1.499089241027832
4,363779,18.81536102294922,7.866816520690918,12.453900337219238,30.661895751953125
4,363782,16.249805450439453,-14.444771766662598,8.771605491638184,-1.5168570280075073
4,363783,-24.429489135742188,-20.202539443969727,-30.954261779785156,-13.752302169799805
4,363786,-40.79933547973633,22.39057159423828,20.686979293823242,1.6413341760635376
4,363787,-15.09567928314209,21.808177947998047,61.66175079345703,9.171985626220703
4,363790,-32.46411895751953,36.38889694213867,47.656532287597656,-22.43906593322754
4,363791,-31.359952926635742,56.0856819152832,49.177467346191406,-5.76454496383667
4,363794,30.64289093017578,-11.238338470458984,-7.11954927444458,23.7697811126709
4,363795,23.45449447631836,-35.66168212890625,-52.48368835449219,-13.09846019744873
4,363798,1.531741976737976,-25.450023651123047,-48.56508255004883,-2.9995551109313965
4,363799,32.47917938232422,-8.82636833190918,-2.694652557373047,14.791057586669922
4,363802,17.173418045043945,-15.210111618041992,4.016169548034668,-14.167665481567383
4,363803,-24.117050170898438,-22.64037322998047,-40.80059051513672,-20.12868309020996
4,363860,-4.894864082336426,34.24441909790039,18.865886688232422,-8.124483108520508
4,363860,17.471572875976562,2.2163288593292236,24.920228958129883,23.767337799072266
4,363860,2.2935233116149902,-46.51994705200195,-56.419219970703125,23.907106399536133
4,363860,12.037520408630371,-12.035286903381348,-14.964728355407715,-0.5147977471351624
4,363861,6.637049674987793,7.298514366149902,15.656465530395508,-2.179875612258911
4,363861,-29.387969970703125,27.04937744140625,7.228060722351074,-10.723406791687012
4,363861,-19.059070587158203,42.47845458984375,51.33283615112305,-0.7557516098022461
4,363861,-9.052505493164062,23.02602195739746,40.657962799072266,-4.893641948699951
4,363861,-31.616239547729492,-8.186088562011719,3.632204294204712,3.645733118057251
4,363861,-12.32357406616211,1.992712378501892,14.673019409179688,24.800617218017578
4,363862,31.0717830657959,21.072856903076172,14.289259910583496,-6.712987422943115
4,363862,28.305572509765625,-24.447866439819336,-41.973140716552734,-6.570400238037109
4,363862,2.931130886077881,-49.9915771484375,-49.570167541503906,-2.388033628463745
4,363862,18.926563262939453,-0.9820199012756348,-7.242288589477539,-21.033729553222656
4,363862,21.678678512573242,21.901090621948242,0.5044636726379395,9.724865913391113
4,363862,-24.357744216918945,-6.56784725189209,18.229700088500977,-4.600117206573486
4,363863,-24.982160568237305,-10.652403831481934,19.396005630493164,-15.30663776397705
4,363863,-2.0324273109436035,16.0875244140625,4.121067523956299,17.971839904785156
4,363863,-8.771928787231445,24.315351486206055,2.8372159004211426,11.847290992736816
4,363863,-11.556541442871094,1.1973061561584473,13.787565231323242,8.977277755737305
4,363863,9.716541290283203,-0.7662112712860107,1.5413681268692017,-4.585029602050781
4,363864,12.363407135009766,-2.893584966659546,-46.76958084106445,-5.392422199249268
4,363864,4.967080593109131,-23.702272415161133,-28.23505401611328,6.969820022583008
4,363864,12.399331092834473,-0.024437645450234413,29.591463088989258,-8.270817756652832
4,363864,-9.49242115020752,-0.8946311473846436,18.815673828125,1.7883021831512451
4,363864,-11.066661834716797,-18.880624771118164,-15.202939987182617,-2.7910330295562744
4,363864,5.077293395996094,14.895011901855469,-11.47868824005127,-13.579767227172852
4,363865,-3.7745137214660645,39.695255279541016,18.372955322265625,9.670856475830078
4,363866,0.7742928862571716,9.216687202453613,24.345966339111328,7.154971122741699
4,363866,-12.969762802124023,-20.08469581604004,-2.8638126850128174,-6.428560256958008
4,363866,-17.718961715698242,-5.073579788208008,-1.8678537607192993,-2.3760571479797363
4,363867,-0.730456531047821,14.851743698120117,35.44724655151367,0.4557873606681824
4,363870,-29.63467025756836,36.373409271240234,60.694210052490234,-18.128982543945312
4,363871,-9.596858978271484,29.323095321655273,23.091886520385742,5.70138692855835
4,363874,25.101388931274414,-33.942745208740234,-39.40448760986328,23.127099990844727
4,363876,3.3399505615234375,-35.69234085083008,-42.02547073364258,-17.074201583862305
4,363877,28.608938217163086,-1.798898458480835,-21.25963020324707,8.342069625854492
4,363880,51.803932189941406,-58.60460662841797,-67.12609100341797,22.79007339477539
4,363881,29.051807403564453,-31.127195358276367,-47.391597747802734,-20.759380340576172
4,363884,-12.316499710083008,39.73790740966797,19.082351684570312,-16.08942413330078
4,363885,-13.878302574157715,-12.594645500183105,-28.460336685180664,-1.4147366285324097
4,363888,-15.294352531433105,5.095231056213379,26.260906219482422,-8.059033393859863
4,363889,-19.031309127807617,43.37055206298828,90.62702941894531,10.276800155639648
4,363892,-50.2109489440918,7.4440598487854,15.47655963897705,21.7806339263916
4,363893,-47.876609802246094,19.812843322753906,11.820955276489258,7.357888698577881
4,363896,84.11656188964844,6.07648229598999,1.4151709079742432,-1.3823796510696411
4,363897,40.80265808105469,-44.571510314941406,-45.97453308105469,-3.5192296504974365
4,363966,-7.1499924659729,-28.076902389526367,-59.87202835083008,0.45781373977661133
4,363966,23.596904754638672,-0.7409917116165161,-8.249671936035156,-4.1215057373046875
4,363966,-45.86529541015625,12.358256340026855,53.667564392089844,-11.608429908752441
4,363966,-5.566039085388184,-0.9046804308891296,8.493651390075684,14.616893768310547
4,363966,40.42933654785156,-3.34424090385437,-28.388484954833984,11.497666358947754
4,363966,8.918878555297852,-8.406822204589844,-28.186019897460938,-7.432902812957764
4,363967,2.4510154724121094,-21.76420783996582,-35.69169616699219,-6.8921356201171875
4,363967,-15.939114570617676,5.567821979522705,-2.355937957763672,-18.73475456237793
4,363967,-34.41847610473633,28.57343101501465,69.52299499511719,4.850601673126221
4,363967,-29.428712844848633,45.532344818115234,60.03505325317383,0.1657835841178894
4,363967,-21.543851852416992,19.497793197631836,4.599849700927734,-25.670059204101562
4,363967,-4.077548027038574,1.2646658420562744,17.893115997314453,-4.476670265197754
4,363968,3.3046770095825195,0.4458019733428955,16.99224090576172,31.806777954101562
4,363968,-0.2256515920162201,0.6129640936851501,-10.670893669128418,13.544367790222168
4,363968,34.687767028808594,-20.430734634399414,-15.809653282165527,-14.60471248626709
4,363968,28.332748413085938,-51.258262634277344,-18.431486129760742,10.00490951538086
4,363968,-5.5567755699157715,-5.152139663696289,-31.16417121887207,4.831531047821045
4,363968,17.201210021972656,15.830946922302246,-22.07679557800293,-2.6361896991729736
4,363969,3.5658676624298096,24.40400505065918,22.54889488220215,-2.3596739768981934
4,363969,-21.174531936645508,43.53872299194336,38.16313934326172,-1.7773092985153198
4,363969,-14.541305541992188,3.108797073364258,33.23316955566406,-4.165362358093262
4,363969,-26.521095275878906,-15.981632232666016,10.587557792663574,-1.5133941173553467
4,363969,-12.153396606445312,-9.576600074768066,-15.503890037536621,6.40238094329834
4,363969,21.899654388427734,10.403032302856445,-12.531744956970215,-2.981133460998535
4,363970,34.590240478515625,9.604571342468262,-25.38799476623535,1.540948510169983
4,363970,13.75663948059082,-35.74991226196289,-14.15528678894043,-11.894065856933594
4,363970,-14.560309410095215,-19.72570037841797,-19.611032485961914,-1.986212968826294
4,363970,-3.831474781036377,-7.798679828643799,-27.884382247924805,14.680619239807129
4,363970,0.10951662063598633,-9.716083526611328,15.130485534667969,-1.0864510536193848
4,363971,-19.759538650512695,23.854721069335938,24.556833267211914,11.475390434265137
4,363971,-18.473154067993164,5.031740188598633,2.1453356742858887,4.424432754516602
4,363971,-4.332489490509033,-12.514604568481445,-5.794984817504883,-15.759132385253906
4,363971,8.662556648254395,-9.106961250305176,2.31683087348938,13.392480850219727
4,363971,15.041912078857422,6.56389856338501,-6.393657207489014,19.8861083984375
4,363973,1.389772891998291,7.571247577667236,-6.169241905212402,-26.69118881225586
4,363973,0.5937277674674988,-22.110261917114258,-11.338500022888184,-24.807100296020508
4,363973,14.540915489196777,-0.41978004574775696,5.124474048614502,7.372417449951172
4,363974,14.70073413848877,30.014501571655273,20.88684844970703,6.1393632888793945
4,363975,29.32572364807129,-9.668304443359375,-35.355716705322266,11.190298080444336
4,363978,29.99700927734375,-62.181358337402344,-57.602439880371094,-10.505230903625488
4,363979,-6.245643615722656,-28.881608963012695,-20.03429412841797,-16.779958724975586
4,363982,7.945991516113281,30.47447395324707,13.618246078491211,18.49471664428711
4,363983,-8.085622787475586,34.060821533203125,9.173474311828613,-2.9477109909057617
4,363986,-38.979759216308594,3.9449684619903564,31.25027084350586,-9.63683032989502
4,363987,-9.414835929870605,22.566879272460938,63.43751907348633,18.842266082763672
4,363990,-59.451904296875,42.79397201538086,53.67423629760742,7.490886211395264
4,363991,-41.909751892089844,5.376218318939209,24.156034469604492,-13.185537338256836
4,363994,52.19902420043945,7.853042125701904,-28.82491111755371,-6.256152629852295
4,363996,16.115642547607422,-5.787842273712158,-29.044654846191406,12.719533920288086
4,363997,-7.912552356719971,-69.36341857910156,-24.796611785888672,4.9691572189331055
4,364000,46.691505432128906,-23.524078369140625,-37.931541442871094,0.6889357566833496
4,364001,18.28746795654297,34.16951370239258,7.157402992248535,-14.952717781066895
4,364004,-21.692773818969727,-1.3454195261001587,-8.456073760986328,-18.035934448242188
4,364005,5.973238945007324,-15.224961280822754,-23.705636978149414,32.666751861572266
4,364085,7.825336456298828,-5.8925957679748535,2.532299757003784,7.7668023109436035
4,364086,1.7700642347335815,-12.494267463684082,-22.157560348510742,-42.33283996582031
4,364086,8.101897239685059,-1.178247094154358,-4.096114635467529,-4.2992262840271
4,364086,-2.8071672916412354,12.314003944396973,14.67064380645752,28.817014694213867
4,364086,-38.1374626159668,20.505081176757812,34.86623764038086,5.404473781585693
4,364086,-33.25724411010742,31.27699089050293,65.49796295166016,1.7085113525390625
4,364086,-6.385223388671875,12.46280574798584,31.500932693481445,-6.01684045791626
4,364087,-17.27693748474121,15.883954048156738,-2.303591012954712,-13.226040840148926
4,364087,-10.865357398986816,12.93705940246582,5.887796401977539,16.263763427734375
4,364087,18.271543502807617,-22.43117332458496,6.134899139404297,8.855676651000977
4,364087,36.44776916503906,-21.49295425415039,-35.51370620727539,-9.489648818969727
4,364087,29.24787712097168,-5.152872562408447,-41.643333435058594,-6.877805233001709
4,364087,-7.87687349319458,-1.9117530584335327,0.26417630910873413,10.371837615966797
4,364088,-10.478416442871094,9.116920471191406,9.626885414123535,3.991086959838867
4,364088,10.263501167297363,-0.03908994793891907,-6.331320762634277,-11.020401000976562
4,364088,-7.07574462890625,-6.156161785125732,-3.1903789043426514,0.595770001411438
4,364088,-20.583980560302734,14.153868675231934,14.416051864624023,7.520587921142578
4,364088,-21.130399703979492,-6.92038106918335,35.82990264892578,4.798344135284424
4,364089,-3.5821096897125244,-7.913176536560059,18.86314582824707,-11.389566421508789
4,364089,30.15235137939453,17.182388305664062,-33.1962890625,-9.6206636428833
4,364089,21.11027717590332,-1.2701586484909058,-26.571075439453125,18.171369552612305
4,364089,-23.766332626342773,-24.934911727905273,3.4282028675079346,12.294782638549805
4,364089,-8.3446683883667,-7.4170403480529785,-3.374213933944702,-17.873897552490234
4,364089,20.35335350036621,4.846249103546143,-18.333078384399414,-21.791616439819336
4,364090,-14.857099533081055,-0.5195132493972778,-10.518065452575684,-8.74842643737793
4,364090,-19.961811065673828,6.266934871673584,38.38877487182617,16.670995712280273
4,364090,16.18596076965332,17.21090316772461,25.944087982177734,12.335881233215332
4,364090,10.821054458618164,27.240556716918945,-26.73964500427246,-17.402570724487305
4,364090,-18.758127212524414,-21.543264389038086,2.7417032718658447,9.778582572937012
4,364090,10.043089866638184,-25.018936157226562,10.570019721984863,12.50170612335205
4,364091,26.903942108154297,21.935823440551758,-31.303354263305664,-12.751351356506348
4,364091,6.167734622955322,-26.154094696044922,-6.114356517791748,6.475676536560059
4,364091,-8.108708381652832,-29.65471649169922,9.395700454711914,-7.179215431213379
4,364091,-23.579723358154297,23.46235466003418,-1.0048954486846924,-7.965130805969238
4,364091,10.427743911743164,6.674208641052246,13.756413459777832,14.830582618713379
4,364091,5.765960693359375,3.941046714782715,-10.689268112182617,-9.80146598815918
4,364092,-27.44835090637207,2.954741954803467,5.120794773101807,3.0721797943115234
4,364092,4.90462589263916,-1.8035168647766113,19.916128158569336,18.217477798461914
4,364092,19.08933448791504,7.601128101348877,-22.6444034576416,-21.095565795898438
4,364092,-0.5211119055747986,-10.86803913116455,-16.394943237304688,-12.905742645263672
4,364093,-0.707450270652771,-6.657625198364258,3.99627947807312,11.376498222351074
4,364094,13.399770736694336,6.443854331970215,-0.9531983733177185,4.48543643951416
4,364094,-7.957783222198486,-10.886778831481934,-3.3649983406066895,15.388401985168457
4,364094,-3.582029342651367,-2.912179946899414,-4.25927734375,6.526724338531494
4,364095,30.568790435791016,12.993117332458496,-12.979084968566895,-18.96216583251953
4,364098,22.541868209838867,-32.53539276123047,-54.18143844604492,2.2474231719970703
4,364099,31.358224868774414,-50.48896789550781,-32.58250045776367,23.99880027770996
4,364102,26.55059051513672,-1.2510288953781128,29.203474044799805,-5.82499361038208
4,364103,-31.60943031311035,19.300935745239258,-4.475526809692383,-36.32465744018555
4,364106,-66.22142791748047,34.44951629638672,-13.819018363952637,-9.902776718139648
4,364107,-13.393144607543945,37.53621292114258,70.22034454345703,33.04478454589844
4,364110,-13.378138542175293,28.755491256713867,121.72405242919922,5.998567581176758
4,364111,-62.788143157958984,19.16713523864746,23.629350662231445,-25.84166145324707
4,364114,18.488237380981445,-7.285940647125244,-53.04621887207031,22.60388946533203
4,364115,37.02326965332031,-18.603097915649414,-13.079004287719727,6.797091960906982
4,364118,9.732961654663086,-40.30147933959961,-53.19422912597656,-39.255001068115234
4,364119,35.884315490722656,-29.29399299621582,-34.657859802246094,11.052752494812012
4,364122,-4.931761741638184,25.859493255615234,32.99006271362305,28.29747772216797
4,364123,9.509331703186035,19.335298538208008,-30.25234031677246,-2.0307798385620117
4,364126,26.97934341430664,-30.643308639526367,-15.401144027709961,-1.5979231595993042
4,364127,-47.2117919921875,1.93061101436615,44.46805953979492,-1.8423316478729248
4,364219,-6.373816013336182,16.43406105041504,-12.942816734313965,-5.251161575317383
4,364219,62.2834587097168,-30.877832412719727,-53.34516906738281,-12.344548225402832
4,364219,-4.185111999511719,1.5619906187057495,17.632396697998047,-3.0829849243164062
4,364220,-30.889217376708984,33.12266540527344,41.9351921081543,18.449039459228516
4,364220,-21.807960510253906,11.345996856689453,16.797800064086914,-4.132903575897217
4,364220,-30.681610107421875,15.906550407409668,27.492006301879883,-19.682939529418945
4,364220,-11.292876243591309,7.773556709289551,24.735595703125,-2.988387107849121
4,364220,7.198360919952393,-4.055736541748047,8.093284606933594,7.469000339508057
4,364221,12.84028148651123,-2.058352470397949,-19.94585609436035,5.051937103271484
4,364221,22.93222999572754,-21.682214736938477,-41.812679290771484,9.419781684875488
4,364221,19.164966583251953,-20.267133712768555,-37.62618637084961,-0.8986252546310425
4,364221,-5.951583385467529,-2.2285585403442383,-6.981677055358887,-8.015954971313477
4,364221,-20.93355369567871,-11.720111846923828,9.495641708374023,14.367718696594238
4,364221,-9.696700096130371,10.594902038574219,10.914368629455566,8.03091812133789
4,364222,2.5257155895233154,30.545848846435547,19.89746856689453,-15.850931167602539
4,364222,-13.525811195373535,-1.494074821472168,16.883617401123047,-8.608261108398438
4,364222,-1.3229670524597168,-12.44827938079834,10.344230651855469,14.893813133239746
4,364222,16.158533096313477,7.400559425354004,12.787060737609863,12.59657096862793
4,364222,17.949344635009766,14.859919548034668,-27.807546615600586,-22.35093879699707
4,364222,15.55863094329834,-22.35833168029785,-34.5037956237793,-16.507715225219727
4,364223,2.3946805000305176,-35.20890426635742,10.911481857299805,31.588449478149414
4,364223,-3.8555121421813965,16.88193702697754,4.431919574737549,-2.625664710998535
4,364223,-5.536499500274658,26.849376678466797,-14.580090522766113,-22.057178497314453
4,364223,-10.450813293457031,-11.251724243164062,-1.456437110900879,10.807595252990723
4,364223,-14.359771728515625,-5.208871364593506,26.166393280029297,16.333860397338867
4,364223,-11.394365310668945,13.584653854370117,23.16759490966797,1.8897138833999634
4,364224,-11.932374954223633,17.610464096069336,-21.700761795043945,-25.901018142700195
4,364224,5.082020282745361,-2.4471006393432617,-15.63691520690918,12.750181198120117
4,364224,5.0726728439331055,-1.3715178966522217,26.222028732299805,3.050133228302002
4,364224,2.434823751449585,-2.4800961017608643,-11.624970436096191,-28.327245712280273
4,364224,2.161432981491089,-41.70386505126953,-16.63831901550293,14.111018180847168
4,364225,-1.7390241622924805,14.870150566101074,17.70926856994629,4.697375774383545
4,364225,26.968225479125977,39.82311248779297,6.52039909362793,0.8141860365867615
4,364225,12.508143424987793,-15.175699234008789,-0.21248014271259308,6.775541305541992
4,364225,-18.88837242126465,6.7229743003845215,10.179516792297363,-14.090495109558105
4,364225,-4.372161865234375,18.019861221313477,12.999434471130371,4.526755332946777
4,364225,-0.035831332206726074,-14.263321876525879,-8.545166969299316,10.450554847717285
4,364226,-2.3114616870880127,-23.11789894104004,-7.716170310974121,-6.831518173217773
4,364226,12.936509132385254,-1.5564833879470825,4.296059608459473,7.481451511383057
4,364226,7.816981315612793,9.341205596923828,-0.7672840356826782,0.07211118936538696
4,364226,-7.857287883758545,-4.995617866516113,-22.172304153442383,-11.212092399597168
4,364226,-16.42574691772461,-10.393573760986328,-13.043338775634766,1.1555607318878174
4,364226,-26.34499168395996,-9.759286880493164,30.14536476135254,1.8399485349655151
4,364227,-12.399015426635742,13.566217422485352,1.7208549976348877,6.757561206817627
4,364227,-3.915011405944824,14.695002555847168,-26.199846267700195,-13.3147554397583
4,364227,-15.847153663635254,-7.050689220428467,20.61896324157715,-3.6504454612731934
4,364228,17.604459762573242,28.586828231811523,50.97857666015625,18.256200790405273
4,364228,36.58226013183594,33.132102966308594,14.686172485351562,0.5569003820419312
4,364229,-26.466197967529297,-22.148548126220703,-25.14897346496582,9.548145294189453
4,364229,-18.17181968688965,-10.598929405212402,6.660085678100586,-7.443786144256592
4,364230,35.5384635925293,35.096500396728516,24.994979858398438,-7.391610145568848
4,364231,-7.7187676429748535,2.10151743888855,11.912737846374512,16.25369644165039
4,364234,-13.267746925354004,-56.024566650390625,-29.322816848754883,-16.617813110351562
4,364235,51.067161560058594,-13.61041259765625,-54.7806510925293,-6.541839599609375
4,364238,46.77580642700195,4.686123371124268,-10.196436882019043,26.086471557617188
4,364239,27.20218849182129,-79.1335678100586,-52.43244552612305,-4.62373161315918
4,364242,19.43914222717285,-32.949562072753906,-107.5074691772461,-30.936607360839844
4,364243,-76.96126556396484,37.318336486816406,-3.447331190109253,-16.503036499023438
4,364246,-59.8008918762207,26.996763229370117,111.89012908935547,14.067045211791992
4,364247,39.26871109008789,36.68233108520508,58.401519775390625,24.490116119384766
4,364250,-44.601505279541016,39.00095748901367,42.84232711791992,19.463790893554688
4,364251,-27.401472091674805,48.0645866394043,49.562530517578125,-6.338079929351807
4,364254,52.86479568481445,-39.55644607543945,-56.75463104248047,-53.39448928833008
4,364255,7.728797435760498,-60.31924819946289,-48.941226959228516,-3.5017154216766357
4,364258,21.299583435058594,46.66414260864258,6.156996726989746,39.71818161010742
4,364259,21.87699317932129,-15.763175964355469,-7.1192946434021,2.584429979324341
4,364262,6.9569807052612305,-67.66033935546875,-19.923870086669922,14.596678733825684
4,364263,-9.812180519104004,25.03141975402832,-2.8478827476501465,-0.3597503900527954
4,364266,-6.433994293212891,66.31524658203125,43.20095443725586,-22.24772834777832
4,364370,-16.49220848083496,0.7952296137809753,29.99039649963379,-2.382932186126709
4,364370,-52.21332931518555,-56.258880615234375,-55.68852996826172,-8.213133811950684
4,364370,23.93194007873535,8.48781967163086,-39.23674392700195,-3.6657087802886963
4,364370,11.0418062210083,11.05236530303955,33.2764778137207,-8.357718467712402
4,364370,-69.546630859375,-19.173646926879883,34.506370544433594,-6.744765758514404
4,364370,-39.811126708984375,27.817420959472656,38.61988830566406,12.898119926452637
4,364371,-8.510476112365723,18.634029388427734,19.861167907714844,-9.684653282165527
4,364371,-24.1275691986084,-3.0732533931732178,-5.683570384979248,-7.4170708656311035
4,364371,10.103921890258789,0.2413312792778015,-0.5072683691978455,26.059375762939453
4,364371,62.857051849365234,-3.735062837600708,-10.001395225524902,18.397140502929688
4,364371,43.23263168334961,-21.130752563476562,-23.291582107543945,-4.562872886657715
4,364371,48.47682571411133,-24.58993148803711,-33.105125427246094,6.005371570587158
4,364372,44.6653938293457,12.427779197692871,-12.11544132232666,22.23781967163086
4,364372,-8.044290542602539,23.75967788696289,25.619165420532227,-2.7639365196228027
4,364372,-4.977304935455322,11.244861602783203,10.190040588378906,-1.91448974609375
4,364372,-3.2901060581207275,25.01552963256836,15.659074783325195,15.903318405151367
4,364372,-16.58054542541504,25.393468856811523,19.800426483154297,-24.14849090576172
4,364372,-0.2153734564781189,-28.901803970336914,-23.65833282470703,-31.781410217285156
4,364373,13.459466934204102,-32.03721618652344,-24.475257873535156,20.14530372619629
4,364373,1.6901358366012573,11.947357177734375,-16.970417022705078,9.5369234085083
4,364373,-31.8596134185791,-27.88570213317871,-28.378284454345703,-17.86882781982422
4,364373,-0.22564855217933655,-33.95126724243164,-21.799198150634766,-1.2066000699996948
4,364373,24.467594146728516,21.721818923950195,1.2894073724746704,-17.27582550048828
4,364374,-16.8198299407959,13.416481971740723,2.6681039333343506,14.362252235412598
4,364374,-6.066661357879639,-1.980376958847046,12.917998313903809,28.44814682006836
4,364374,4.929346084594727,11.984110832214355,30.209196090698242,-26.4893856048584
4,364374,-10.570039749145508,13.933368682861328,4.550056457519531,3.5887858867645264
4,364374,1.5398292541503906,-5.818793296813965,-7.069671630859375,9.404858589172363
4,364374,-5.303137302398682,-12.707450866699219,5.006045341491699,-22.093809127807617
4,364375,-3.0992941856384277,5.808403491973877,0.4820767641067505,4.572402477264404
4,364375,25.670852661132812,-24.060373306274414,-16.354976654052734,0.713904082775116
4,364375,-6.747912406921387,-35.236637115478516,-17.243080139160156,-19.084144592285156
4,364375,-32.90338134765625,0.885270893573761,14.588680267333984,11.391855239868164
4,364375,-4.102232933044434,15.339699745178223,29.169511795043945,17.739986419677734
4,364375,-3.2152578830718994,27.715137481689453,-10.25871467590332,2.0049402713775635
4,364376,-15.335832595825195,0.8638948798179626,-12.79787540435791,9.137968063354492
4,364376,-0.4850342273712158,-10.801740646362305,33.26182174682617,-5.187433242797852
4,364376,16.54170799255371,20.7165584564209,15.083434104919434,-5.00882625579834
4,364376,11.586613655090332,-5.822350025177002,-21.255023956298828,7.058062553405762
4,364376,6.012921333312988,-17.554302215576172,-4.016985893249512,4.62519645690918
4,364376,17.455068588256836,20.439363479614258,-1.9660576581954956,3.2633109092712402
4,364377,21.3062686920166,-5.055595874786377,-13.085707664489746,-10.957803726196289
4,364377,-1.850737452507019,-18.09787368774414,-5.499364376068115,-5.021822452545166
4,364377,-22.198001861572266,20.3201961517334,-1.7954657077789307,4.480087757110596
4,364377,-1.2269381284713745,0.5955064296722412,7.074440002441406,-5.639553546905518
4,364377,10.166218757629395,-9.694950103759766,13.482325553894043,-7.8399481773376465
4,364377,-3.9918816089630127,9.40239143371582,5.685390472412109,2.491575002670288
4,364378,4.117927074432373,9.623294830322266,-8.600518226623535,2.422096014022827
4,364378,-12.511092185974121,-3.383319139480591,-20.558273315429688,3.079807996749878
4,364378,-21.809730529785156,-17.563566207885742,-5.725955009460449,8.726120948791504
4,364378,18.016653060913086,2.0391743183135986,13.59800910949707,-18.988704681396484
4,364378,23.66140365600586,9.670662879943848,0.47384196519851685,-0.2777091860771179
4,364380,6.139011859893799,-9.084969520568848,-26.17344856262207,19.781604766845703
4,364380,16.827739715576172,-16.228857040405273,-14.551518440246582,-9.699719429016113
4,364380,-13.090505599975586,-5.297386169433594,20.155109405517578,7.515547752380371
4,364380,-17.726655960083008,34.32719802856445,24.051795959472656,13.325353622436523
4,364380,17.3457088470459,24.137615203857422,14.428659439086914,-11.79017162322998
4,364382,-24.996492385864258,-6.1554484367370605,6.801769733428955,-23.722524642944336
4,364383,-41.356990814208984,-20.419300079345703,-27.760847091674805,-24.66122055053711
4,364386,10.219343185424805,-21.09884262084961,-8.347379684448242,20.2137508392334
4,364387,1.1248869895935059,44.190303802490234,66.19898223876953,34.31548309326172
4,364390,-71.127197265625,58.234317779541016,57.84906005859375,-26.137500762939453
4,364391,-52.91376876831055,18.71451187133789,21.51250457763672,-18.070026397705078
4,364394,45.04536056518555,-27.31553077697754,-18.965436935424805,20.84174919128418
4,364395,66.14741516113281,-47.917579650878906,-59.56223678588867,4.692883014678955
4,364398,20.11638832092285,-41.321388244628906,-77.17341613769531,2.058375120162964
4,364399,45.31171417236328,-13.047384262084961,-35.43867492675781,1.1775695085525513
4,364402,53.663795471191406,5.787132263183594,23.740798950195312,11.507523536682129
4,364403,-10.165159225463867,-38.301612854003906,-9.58391284942627,-2.4474236965179443
4,364406,-80.87471008300781,-12.720081329345703,-30.63692283630371,-36.74528503417969
4,364407,-58.435020446777344,49.88021469116211,43.096858978271484,3.436894655227661
4,364410,25.43226432800293,49.138145446777344,101.43431854248047,31.90945816040039
4,364411,12.528311729431152,45.93125915527344,34.69747543334961,19.985700607299805
4,364414,26.75051498413086,3.509636402130127,-18.34385108947754,-10.541058540344238
4,364415,-42.48799514770508,-71.16996002197266,-52.576866149902344,-35.320335388183594
4,364418,-26.807144165039062,-41.14818572998047,-68.53695678710938,2.055105447769165
4,364532,38.37929916381836,73.33917999267578,100.33212280273438,16.33232307434082
4,364532,-48.87861633300781,74.54556274414062,126.09528350830078,-1.051950454711914
4,364532,20.064970016479492,-32.84625244140625,-68.07453155517578,-3.0715548992156982
4,364532,59.982139587402344,-40.93727111816406,-81.75442504882812,-8.395368576049805
4,364533,6.252456188201904,-26.896440505981445,-34.212154388427734,6.804428577423096
4,364533,0.41555944085121155,-28.796781539916992,-21.738107681274414,17.41615867614746
4,364533,2.618680715560913,-14.141195297241211,1.5372329950332642,6.626701831817627
4,364533,9.431259155273438,6.424558639526367,-2.812586545944214,-6.320551872253418
4,364533,4.280036449432373,36.24115753173828,18.269805908203125,-16.894397735595703
4,364533,-18.308237075805664,-4.906790733337402,8.254091262817383,-4.247010707855225
4,364534,-28.34258460998535,-12.60941219329834,1.1459444761276245,13.056129455566406
4,364534,6.589188098907471,20.846582412719727,14.795963287353516,2.364570379257202
4,364534,16.8948917388916,2.0831096172332764,-6.753613471984863,-1.4554189443588257
4,364534,-3.035708427429199,-13.171003341674805,-10.084759712219238,-0.09403088688850403
4,364534,18.227548599243164,-15.172708511352539,-14.360358238220215,-7.074476718902588
4,364535,12.631441116333008,-11.424240112304688,-19.62176513671875,-1.571943759918213
4,364535,-16.100744247436523,0.8372008204460144,-4.746779918670654,-12.18083667755127
4,364535,10.626904487609863,10.880109786987305,7.68688440322876,-11.21737289428711
4,364535,-14.460410118103027,9.391658782958984,14.993715286254883,6.081415176391602
4,364535,-51.66770935058594,-9.580680847167969,-3.489405393600464,8.607231140136719
4,364535,9.397162437438965,-0.9902253150939941,1.8693568706512451,6.154555320739746
4,364536,28.17664909362793,3.2767159938812256,20.58204460144043,8.865931510925293
4,364536,-18.488880157470703,8.239914894104004,12.854741096496582,-3.2883899211883545
4,364536,12.538290023803711,3.738070011138916,-12.656091690063477,-17.387840270996094
4,364536,41.222171783447266,-24.955190658569336,-37.90953826904297,14.103707313537598
4,364536,-13.51457405090332,1.388260006904602,-10.718794822692871,17.148035049438477
4,364536,-24.432369232177734,12.693338394165039,9.88031005859375,-3.389353036880493
4,364537,2.6451733112335205,-6.133486747741699,-11.668917655944824,-2.3964574337005615
4,364537,10.46157455444336,14.553699493408203,5.053525447845459,-11.83092212677002
4,364537,22.488771438598633,27.019960403442383,34.65510177612305,2.9871747493743896
4,364537,-3.037539482116699,-10.837421417236328,15.179486274719238,4.494225025177002
4,364537,-19.732349395751953,-26.166946411132812,-7.665093421936035,-5.401299476623535
4,364537,2.8417255878448486,25.772180557250977,8.110550880432129,8.182218551635742
4,364538,2.403182029724121,14.579593658447266,7.290993690490723,4.898662567138672
4,364538,-3.559192657470703,-31.557218551635742,-11.375370979309082,-4.108004093170166
4,364538,8.344874382019043,0.6912592649459839,-3.9168014526367188,-1.223004698753357
4,364538,3.0314292907714844,18.982667922973633,8.009459495544434,11.176066398620605
4,364538,-0.056316159665584564,-9.066856384277344,1.336553692817688,-17.339059829711914
4,364538,9.839463233947754,-19.661306381225586,-7.639337062835693,-7.92564058303833
4,364539,-15.367219924926758,2.932314157485962,2.5623323917388916,20.82593536376953
4,364539,-5.713224411010742,9.25324535369873,6.728003025054932,-26.679994583129883
4,364539,13.838262557983398,-6.27604341506958,-13.221918106079102,-3.191821813583374
4,364539,-24.434791564941406,5.9132537841796875,-12.539836883544922,29.15123748779297
4,364539,-25.886295318603516,0.45243343710899353,20.55996322631836,-5.576054573059082
4,364539,21.617515563964844,-8.2249116897583,1.3863738775253296,-12.602027893066406
4,364540,21.843547821044922,-4.730759620666504,-25.172077178955078,-0.1836864948272705
4,364540,-28.12449073791504,-22.908681869506836,-0.7182624340057373,4.981008052825928
4,364540,-10.173595428466797,3.161015272140503,-4.466422080993652,-4.632139205932617
4,364540,25.04836654663086,21.83664894104004,-5.076542854309082,2.1397595405578613
4,364540,-11.490288734436035,-3.8754842281341553,8.965604782104492,15.136418342590332
4,364540,-25.32134437561035,6.2564377784729,18.40467071533203,-18.30195426940918
4,364541,1.5006487369537354,7.693052291870117,0.18322990834712982,-14.67514705657959
4,364541,6.65922737121582,-17.112497329711914,-17.087717056274414,28.414554595947266
4,364541,1.4368644952774048,16.097389221191406,5.963124752044678,1.668532371520996
4,364541,3.585770845413208,29.742671966552734,-12.252381324768066,-12.11987590789795
4,364541,6.312432765960693,-10.290722846984863,-2.8463222980499268,3.9273440837860107
4,364541,13.187064170837402,-19.276357650756836,33.222537994384766,7.2411580085754395
4,364543,36.214942932128906,-6.756993293762207,-7.036675453186035,10.157930374145508
4,364543,15.789947509765625,-4.580203056335449,-19.417072296142578,-15.270153045654297
4,364543,-43.35929489135742,-10.357610702514648,27.11862564086914,-25.104516983032227
4,364543,-26.651519775390625,9.257158279418945,-10.247664451599121,-1.972111701965332
4,364544,-2.0138473510742188,17.21141815185547,-22.517160415649414,27.54831314086914
4,364544,4.425292015075684,0.2604226768016815,20.19506072998047,15.68616008758545
4,364545,36.665748596191406,16.091812133789062,5.957981109619141,-22.51166534423828
4,364548,-22.693347930908203,49.045013427734375,57.58879089355469,-6.567620754241943
4,364549,-64.04696655273438,39.77068328857422,85.46532440185547,9.350815773010254
4,364552,-24.56454086303711,-24.112680435180664,24.509353637695312,6.855909824371338
4,364553,17.819955825805664,-17.10677146911621,-28.267778396606445,10.240643501281738
4,364556,10.26970386505127,-39.30031967163086,-103.62700653076172,-15.735052108764648
4,364557,20.18440055847168,-71.19532775878906,-74.42088317871094,3.460653305053711
4,364560,117.97554779052734,19.60590362548828,-13.2520170211792,-3.649953842163086
4,364561,38.51654052734375,37.731178283691406,24.860136032104492,-23.876178741455078
4,364564,-63.300941467285156,-32.25680160522461,19.468000411987305,34.52766036987305
4,364565,-34.875606536865234,-56.88258743286133,-84.6661148071289,4.233240127563477
4,364568,-40.25089645385742,34.65608215332031,31.223731994628906,-45.10747528076172
4,364569,-8.62052059173584,70.66929626464844,123.1268081665039,1.9536688327789307
4,364572,-5.9962921142578125,24.528905868530273,21.44577980041504,46.416664123535156
4,364573,-35.50704574584961,4.1360602378845215,-8.035387992858887,7.613549709320068
4,364576,43.58348083496094,-46.96604537963867,-69.77096557617188,-34.46149826049805
4,364577,47.545806884765625,-50.12894058227539,-68.2878189086914,-11.818696975708008
4,364580,1.5247236490249634,2.908812999725342,27.999544143676758,27.61223602294922
4,364581,11.32451343536377,18.719074249267578,9.4964017868042,26.992431640625
4,364584,-24.355819702148438,-7.732287883758545,-10.313697814941406,-18.09834098815918
4,364585,16.324378967285156,-17.754499435424805,14.55451488494873,-32.51785659790039
4,364712,-61.029170989990234,63.39278793334961,56.39357376098633,0.2906004786491394
4,364712,-102.26060485839844,41.28085708618164,23.67279624938965,10.423932075500488
4,364712,120.27696990966797,-64.07867431640625,-66.44901275634766,-14.249210357666016
4,364712,69.44278717041016,-8.480459213256836,-4.171655654907227,7.738486289978027
4,364712,-68.87428283691406,48.63397979736328,57.35422134399414,27.349727630615234
4,364713,-20.017547607421875,26.657228469848633,35.62451171875,-5.139627933502197
4,364713,-5.645530700683594,4.744235992431641,34.09282684326172,-13.347715377807617
4,364713,-5.158347129821777,11.996956825256348,17.202882766723633,5.079111099243164
4,364713,16.51046371459961,-5.651467800140381,-27.281536102294922,5.176671028137207
4,364713,43.462223052978516,-55.17019271850586,-44.567935943603516,7.330776214599609
4,364713,29.39354133605957,-24.342248916625977,-53.876190185546875,-3.2022721767425537
4,364714,16.682537078857422,8.11312484741211,-45.64930725097656,-19.767436981201172
4,364714,10.199662208557129,-38.88410568237305,-14.427221298217773,8.985017776489258
4,364714,-24.278461456298828,-32.22891616821289,-0.776099443435669,6.282317161560059
4,364714,-36.876216888427734,32.2918586730957,10.502973556518555,-23.401275634765625
4,364714,-24.300338745117188,28.0205078125,24.95856475830078,-0.024210210889577866
4,364715,-8.789321899414062,-4.602577209472656,20.4111270904541,12.484044075012207
4,364715,-11.362092971801758,6.3748979568481445,4.608319282531738,-0.9884399771690369
4,364715,0.050977110862731934,3.9008700847625732,1.4124947786331177,-1.3816351890563965
4,364715,40.22981643676758,-27.674327850341797,-13.617416381835938,0.1481274962425232
4,364715,31.08336067199707,-16.38102912902832,-40.33042526245117,0.7717750072479248
4,364715,-7.248124122619629,13.462573051452637,-20.03911018371582,10.080655097961426
4,364716,7.055210113525391,-5.0668230056762695,9.373950958251953,19.52728843688965
4,364716,20.35474395751953,7.287628650665283,13.625066757202148,-10.76603889465332
4,364716,-11.416842460632324,32.116214752197266,4.617417812347412,-20.344867706298828
4,364716,-27.302732467651367,7.2421088218688965,5.409521579742432,-5.719213008880615
4,364716,-8.81844425201416,12.698747634887695,42.678287506103516,12.265748023986816
4,364716,17.031757354736328,8.720392227172852,14.001673698425293,27.8714599609375
4,364717,12.754067420959473,-5.282013893127441,-24.250802993774414,-22.998403549194336
4,364717,-9.361373901367188,-11.225944519042969,-8.345222473144531,-22.27459144592285
4,364717,3.957202434539795,-24.594329833984375,-11.788675308227539,17.9188175201416
4,364717,16.336843490600586,-5.172053337097168,-12.212392807006836,7.975053787231445
4,364717,-7.781169891357422,-2.610257387161255,2.6918721199035645,1.3365224599838257
4,364717,-11.582184791564941,-2.1927947998046875,13.329267501831055,2.8216094970703125
4,364718,-12.635658264160156,25.368221282958984,7.919528007507324,-4.440548419952393
4,364718,-20.137407302856445,22.167123794555664,7.538844108581543,2.258885145187378
4,364718,-10.202685356140137,5.863898754119873,18.517364501953125,11.146671295166016
4,364718,8.403791427612305,-9.847040176391602,-5.264138698577881,-13.8523530960083
4,364718,14.283039093017578,-19.03710174560547,-4.785068511962891,-14.820263862609863
4,364718,-1.4310836791992188,-14.332801818847656,8.242903709411621,-3.9714372158050537
4,364719,0.2675364017486572,-24.64984130859375,-35.71012496948242,-8.36833667755127
4,364719,8.033612251281738,-5.241466522216797,-20.521244049072266,0.624772310256958
4,364719,-0.8176018595695496,23.54462242126465,16.723419189453125,0.1886272132396698
4,364719,-19.707860946655273,10.092798233032227,9.777766227722168,-4.214759826660156
4,364719,-9.82184886932373,-25.36503028869629,10.091604232788086,-5.555126190185547
4,364720,-9.080998420715332,-32.4982795715332,0.8532479405403137,5.926528453826904
4,364720,-33.128971099853516,31.155895233154297,-15.026710510253906,11.258676528930664
4,364720,-19.97724723815918,22.692670822143555,-3.4643514156341553,-8.904316902160645
4,364720,15.561047554016113,-22.067180633544922,12.568809509277344,7.973257541656494
4,364720,10.66440486907959,10.55635929107666,-3.5674307346343994,22.708393096923828
4,364720,5.539600372314453,12.27480411529541,-3.581197500228882,9.161535263061523
4,364720,36.620662689208984,10.061773300170898,4.967433452606201,9.320855140686035
4,364721,33.28752899169922,6.3436198234558105,2.962843894958496,-18.69246482849121
4,364721,13.436553955078125,-6.925743579864502,-0.054385557770729065,-19.777448654174805
4,364721,2.4799914360046387,8.337538719177246,9.054019927978516,24.679431915283203
4,364721,7.923087120056152,2.030458450317383,22.102771759033203,5.309044361114502
4,364721,15.496968269348145,-5.554668426513672,-7.443317413330078,-19.67637062072754
4,364721,-5.105738639831543,-2.0930280685424805,-6.102029800415039,11.329549789428711
4,364722,-11.745806694030762,5.749242782592773,12.608438491821289,12.88641357421875
4,364722,-2.88037109375,7.128350257873535,-9.553276062011719,-17.306522369384766
4,364722,-17.66299819946289,-21.134122848510742,-7.976128578186035,-23.74632453918457
4,364722,-17.298105239868164,-2.1286556720733643,6.893803596496582,11.609374046325684
4,364722,4.387701511383057,14.320158958435059,-15.643902778625488,20.17007064819336
4,364724,-21.66480827331543,-25.804218292236328,-39.65807342529297,-33.842811584472656
4,364724,-31.76544761657715,-9.990922927856445,-19.70308494567871,-18.21040916442871
4,364724,8.774709701538086,17.8073673248291,14.492883682250977,40.05064010620117
4,364724,-0.4205169379711151,5.315446853637695,30.612892150878906,3.3632090091705322
4,364724,-7.5380144119262695,-3.0689706802368164,12.083274841308594,-36.305625915527344
4,364724,2.780907154083252,-25.295652389526367,-22.976728439331055,6.158186912536621
4,364726,5.991369724273682,39.011085510253906,37.720115661621094,40.23597717285156
4,364727,5.535794258117676,95.61891174316406,117.96363067626953,30.524423599243164
4,364730,-47.168861389160156,20.070592880249023,63.55428695678711,-26.01308250427246
4,364731,-19.744762420654297,-21.733963012695312,-43.46129608154297,-47.05711364746094
4,364734,46.165164947509766,-40.62022018432617,-32.3417854309082,38.97744369506836
4,364735,32.81697463989258,-40.94343185424805,-9.765653610229492,29.27763557434082
4,364738,51.253501892089844,-9.782238006591797,-87.55884552001953,-44.175987243652344
4,364739,51.455047607421875,-5.200750350952148,-53.480125427246094,-4.832991123199463
4,364742,-10.675769805908203,-34.72461700439453,0.36524733901023865,29.201364517211914
4,364743,-16.692731857299805,-32.653846740722656,-36.754146575927734,6.761331558227539
4,364746,-29.555252075195312,33.506141662597656,-13.653632164001465,-31.241310119628906
4,364747,-50.300994873046875,18.966495513916016,43.86662673950195,-35.22378158569336
4,364750,-13.6741943359375,20.368330001831055,87.13777923583984,10.542168617248535
4,364751,-0.8663404583930969,43.692291259765625,47.89701461791992,19.023155212402344
4,364754,1.2391971349716187,-24.201799392700195,-77.23160552978516,-2.6549601554870605
4,364755,-20.05792808532715,-47.32910919189453,-47.27865982055664,7.024656295776367
4,364758,42.353816986083984,-9.074239730834961,25.686800003051758,0.9426511526107788
4,364759,72.61817169189453,19.652263641357422,3.3996431827545166,5.7721333503723145
4,364762,-27.925914764404297,-13.303144454956055,-24.572553634643555,5.525457382202148
4,364763,-9.637707710266113,-13.711109161376953,-45.33039474487305,-37.19996643066406
4,364766,-8.81549072265625,55.390586853027344,58.590911865234375,10.812851905822754
4,364767,-46.826839447021484,-6.5527777671813965,55.02113342285156,37.957435607910156
4,364904,64.96328735351562,-87.36634063720703,-120.33724975585938,-12.264698028564453
4,364905,86.2870101928711,-6.602418899536133,-76.80432891845703,3.3249170780181885
4,364905,-55.77045822143555,48.14406204223633,70.01653289794922,11.180962562561035
4,364905,-67.57637786865234,23.636089324951172,68.93385314941406,-28.578569412231445
4,364905,-19.71397590637207,-0.7009574770927429,30.632373809814453,-10.960472106933594
4,364905,-9.964892387390137,8.864115715026855,31.2872371673584,21.151748657226562
4,364905,10.457527160644531,51.091434478759766,28.11199951171875,-6.525752544403076
4,364906,-1.9134236574172974,5.62396240234375,-9.122488021850586,-11.543132781982422
4,364906,1.57404363155365,-43.41240692138672,-31.28288459777832,12.470022201538086
4,364906,5.578294277191162,-6.150819301605225,-20.166948318481445,-9.052653312683105
4,364906,22.43353843688965,-3.732334613800049,-14.737834930419922,-3.471691370010376
4,364906,22.98933982849121,-8.272486686706543,-10.568580627441406,28.40610122680664
4,364906,-28.26374626159668,17.14276695251465,20.512550354003906,-10.443965911865234
4,364907,-18.237607955932617,20.8432559967041,29.506738662719727,-25.148801803588867
4,364907,-10.431093215942383,4.27683687210083,14.237597465515137,19.092695236206055
4,364907,-29.082454681396484,-0.7374358177185059,15.324206352233887,25.647138595581055
4,364907,16.325206756591797,-1.3501055240631104,-5.6820220947265625,-1.806908130645752
4,364907,28.440221786499023,-12.347900390625,-31.23583221435547,-13.585977554321289
4,364907,-7.613976001739502,-18.478534698486328,-34.622657775878906,-16.95976448059082
4,364908,4.130529403686523,-21.91762924194336,-19.34974479675293,-10.495271682739258
4,364908,12.502073287963867,-9.724998474121094,11.490845680236816,13.492191314697266
4,364908,4.251574993133545,-0.36794185638427734,19.16022300720215,13.276832580566406
4,364908,-6.836219787597656,21.729890823364258,4.103311538696289,-13.116591453552246
4,364908,-10.141207695007324,42.95370101928711,11.969043731689453,-17.01374626159668
4,364908,-3.816964864730835,2.735767126083374,9.68087387084961,5.686491012573242
4,364909,-19.125595092773438,-13.829549789428711,-9.392470359802246,14.789340019226074
4,364909,-14.320219993591309,7.251260280609131,9.110298156738281,8.975226402282715
4,364909,20.58106231689453,2.1831204891204834,23.451501846313477,-1.4582098722457886
4,364909,27.03851318359375,-7.771958351135254,-16.33248519897461,-23.73602294921875
4,364909,12.285998344421387,-8.873763084411621,-20.932329177856445,2.8422327041625977
4,364909,0.27461668848991394,-11.861907958984375,8.827927589416504,36.46065139770508
4,364910,-8.001631736755371,3.9594943523406982,-8.687972068786621,-0.4371093809604645
4,364910,-3.8370325565338135,0.4708751142024994,-25.53230857849121,-14.452387809753418
4,364910,-3.4698307514190674,-20.513242721557617,4.920363426208496,2.539158821105957
4,364910,19.019920349121094,11.987859725952148,21.2568416595459,-2.489732503890991
4,364910,-0.5230346918106079,17.016803741455078,2.2500648498535156,-3.4171886444091797
4,364911,-16.185001373291016,0.2105608433485031,1.7590216398239136,-1.60828697681427
4,364911,10.99003791809082,-18.517780303955078,-15.276260375976562,-5.821763515472412
4,364911,-5.131706237792969,-13.80472183227539,-10.519939422607422,6.844898223876953
4,364911,-2.0728132724761963,24.100433349609375,11.135746955871582,7.4462995529174805
4,364911,5.359796524047852,9.96108341217041,5.376744270324707,-23.560659408569336
4,364911,2.8219738006591797,-17.584440231323242,-0.006463227793574333,-4.874119281768799
4,364912,-2.6202776432037354,-19.94464874267578,-13.67407512664795,19.871932983398438
4,364912,-10.397972106933594,13.98013973236084,-0.0759253054857254,0.23049546778202057
4,364912,4.975134372711182,16.216737747192383,14.133543968200684,3.600839376449585
4,364912,10.829453468322754,-23.218910217285156,5.2551093101501465,-6.930940628051758
4,364912,-4.70904541015625,-12.105327606201172,3.9534544944763184,-10.270898818969727
4,364912,-4.4134979248046875,20.352537155151367,-14.113943099975586,11.141000747680664
4,364913,7.751486778259277,1.2857493162155151,-21.006166458129883,-0.3749910295009613
4,364913,-12.937694549560547,-17.986957550048828,2.138040065765381,0.7465522289276123
4,364913,-10.39814567565918,12.6743745803833,4.440490245819092,4.864124774932861
4,364913,22.690444946289062,-0.7950077652931213,-5.121301651000977,7.159538269042969
4,364913,10.369940757751465,-15.555472373962402,-3.079453229904175,-1.3879109621047974
4,364913,-7.7324137687683105,18.588394165039062,12.249900817871094,-16.77781867980957
4,364914,-9.245301246643066,2.8206613063812256,-0.011913764290511608,14.352234840393066
4,364914,-5.231131076812744,-4.423949718475342,-9.141129493713379,3.0693938732147217
4,364914,6.974835395812988,12.460701942443848,16.575950622558594,-10.109806060791016
4,364914,-0.24736228585243225,4.607536315917969,3.899033784866333,11.806840896606445
4,364914,-8.028179168701172,-16.540929794311523,-29.540857315063477,-2.2708990573883057
4,364914,10.350534439086914,-11.015148162841797,-8.220855712890625,-13.497005462646484
4,364915,24.331472396850586,8.344436645507812,11.073319435119629,-14.935480117797852
4,364915,-13.049223899841309,-29.086238861083984,-10.016993522644043,3.8932743072509766
4,364915,-21.886676788330078,-15.180021286010742,5.304016590118408,18.515174865722656
4,364915,13.021352767944336,52.30123519897461,9.258010864257812,-4.273133754730225
4,364915,1.5712963342666626,21.11232566833496,-13.25664234161377,-5.979762077331543
4,364915,-6.541683673858643,-37.99892807006836,-14.916648864746094,-1.3306138515472412
4,364916,2.4762635231018066,-1.5354970693588257,6.901615142822266,-2.5391058921813965
4,364916,-6.384341716766357,16.653461456298828,33.574954986572266,13.876622200012207
4,364917,35.746009826660156,3.0910756587982178,5.0926666259765625,1.853682041168213
4,364917,38.43031311035156,7.9272236824035645,-17.38616943359375,-11.417366981506348
4,364917,-33.70890808105469,-19.822790145874023,-4.890426158905029,8.881290435791016
4,364917,-19.364816665649414,-2.049309730529785,-9.4818696975708,-0.9114709496498108
4,364918,1.6368343830108643,25.705476760864258,6.89573335647583,-7.6328535079956055
4,364918,-11.01001262664795,-7.534769058227539,0.56107097864151,0.14833539724349976
4,364918,10.268638610839844,-19.129207611083984,-12.623579025268555,-7.545087814331055
4,364919,22.652698516845703,-25.930376052856445,17.069128036499023,10.956169128417969
4,364922,9.472121238708496,-37.35795211791992,-23.816776275634766,17.703096389770508
4,364923,-18.374269485473633,30.92724609375,-21.745176315307617,-6.49351692199707
4,364926,-43.00632858276367,73.10606384277344,64.24334716796875,-17.080522537231445
4,364927,-50.910675048828125,7.895097255706787,71.20091247558594,12.514846801757812
4,364930,-30.94196891784668,-18.65094757080078,25.914358139038086,0.7123953700065613
4,364931,20.369590759277344,51.60223388671875,-2.258037567138672,-21.970596313476562
4,364934,43.29940414428711,3.574579954147339,-24.875835418701172,16.134611129760742
4,364935,13.783607482910156,-79.97166442871094,-45.6546745300293,4.476242542266846
4,364938,28.300857543945312,-20.523605346679688,-56.15530776977539,-16.326969146728516
4,364939,33.356529235839844,-1.8285937309265137,-38.76664733886719,11.459782600402832
4,364942,-9.461430549621582,-10.04231071472168,22.812528610229492,2.495009422302246
4,364943,-8.125880241394043,3.485445022583008,-14.944190979003906,-26.026105880737305
4,364946,-28.798725128173828,15.742457389831543,15.954632759094238,14.062962532043457
4,364948,-34.10498046875,23.64995002746582,83.146240234375,30.94540023803711
4,364949,14.51908016204834,33.23296356201172,-0.060082729905843735,-9.832518577575684
4,364952,-9.78359603881836,15.7388277053833,27.22735023498535,-8.067216873168945
4,364953,-28.62184715270996,-16.292917251586914,19.717803955078125,-6.1218743324279785
4,364956,37.47032165527344,-15.566475868225098,-75.30594635009766,-3.5997161865234375
4,364957,48.522735595703125,-16.06728744506836,-25.998950958251953,15.615601539611816
4,364960,-5.6100897789001465,-31.756927490234375,1.7009642124176025,-4.328835487365723
4,364961,-12.067220687866211,-9.174759864807129,-23.648235321044922,-4.9867024421691895
4,364964,17.710981369018555,36.145565032958984,1.0290971994400024,5.722183704376221
4,365111,-53.511077880859375,62.59749221801758,95.26636505126953,-13.304743766784668
4,365112,-71.0118408203125,17.149099349975586,82.23580169677734,1.7988957166671753
4,365112,64.22772979736328,-85.52394104003906,-108.76908874511719,20.986711502075195
4,365112,43.737457275390625,-15.686847686767578,-62.22328186035156,-10.55240535736084
4,365112,-12.538525581359863,47.82631301879883,46.52238845825195,-15.69012451171875
4,365112,-14.556499481201172,1.4357494115829468,20.275177001953125,22.520668029785156
4,365112,-47.97919845581055,4.811038494110107,29.720705032348633,-5.4006667137146
4,365113,-8.247838973999023,3.3441832065582275,10.952126502990723,-18.703733444213867
4,365113,35.91313552856445,4.6351704597473145,-6.438904285430908,20.304996490478516
4,365113,31.65077018737793,-5.334318161010742,-29.247608184814453,-2.3706963062286377
4,365113,12.621612548828125,-40.93933868408203,-48.49755859375,-20.327587127685547
4,365113,21.46225357055664,-37.06816482543945,-47.46489334106445,-1.7373610734939575
4,365113,22.10952377319336,-8.898591995239258,-33.41558837890625,18.731449127197266
4,365114,2.5538885593414307,5.725630760192871,19.30409049987793,11.320535659790039
4,365114,-7.987713813781738,12.80674934387207,27.10078239440918,-10.864330291748047
4,365114,-30.746173858642578,23.464609146118164,14.573528289794922,5.508578300476074
4,365114,-12.178759574890137,33.28347396850586,42.17391586303711,-1.1978317499160767
4,365114,2.6326303482055664,-1.640028715133667,19.429555892944336,-13.237695693969727
4,365114,-28.601015090942383,-21.032878875732422,-7.288601875305176,2.758070230484009
4,365115,-5.327532768249512,9.823756217956543,-8.896878242492676,3.7733700275421143
4,365115,29.700069427490234,-8.251297950744629,-36.23733139038086,7.936497211456299
4,365115,23.070072174072266,-23.327043533325195,-22.71270179748535,1.0801455974578857
4,365115,18.607574462890625,0.7601454257965088,-0.48394468426704407,-20.425065994262695
4,365115,3.776717185974121,-5.691522121429443,-13.36829662322998,-1.6298424005508423
4,365115,-20.356645584106445,-11.23983383178711,14.00656795501709,9.361884117126465
4,365116,-17.9075870513916,8.094637870788574,28.69270133972168,-13.648674964904785
4,365116,-4.219881057739258,12.465481758117676,-0.10648229718208313,5.721925258636475
4,365116,-7.71529483795166,28.069551467895508,9.974581718444824,21.213560104370117
4,365116,-16.625038146972656,25.48381233215332,20.061677932739258,-11.781424522399902
4,365116,8.418784141540527,-19.25293731689453,-11.198434829711914,-5.571579456329346
4,365117,25.433208465576172,-35.1015510559082,-28.464141845703125,5.277475833892822
4,365117,-9.440753936767578,-23.955873489379883,-20.572227478027344,-6.78818941116333
4,365117,-1.0718507766723633,1.8375543355941772,-2.9408833980560303,17.943330764770508
4,365117,20.917652130126953,16.005474090576172,9.24535846710205,8.512469291687012
4,365117,-5.39616584777832,20.066617965698242,-0.782155454158783,-10.553796768188477
4,365117,-28.80971336364746,3.485454797744751,14.10513973236084,16.69607162475586
4,365118,-10.144838333129883,1.9978740215301514,40.15916442871094,3.934260368347168
4,365118,25.133081436157227,21.818159103393555,5.279913425445557,-35.57761764526367
4,365118,10.447866439819336,-23.962404251098633,-30.341318130493164,-18.652193069458008
4,365118,-2.6958656311035156,-44.9860725402832,-1.5816971063613892,26.00050926208496
4,365118,11.237685203552246,28.435199737548828,12.70936393737793,10.026968002319336
4,365118,-4.670162677764893,27.088157653808594,-12.3878812789917,-8.286768913269043
4,365119,-21.190692901611328,-30.756555557250977,-15.14212703704834,0.24132338166236877
4,365119,-5.447076797485352,-7.145366191864014,21.467639923095703,-0.4929705560207367
4,365119,11.812023162841797,16.487775802612305,15.891270637512207,3.26779842376709
4,365119,11.770575523376465,19.972097396850586,-30.620723724365234,-13.356792449951172
4,365119,-11.09093189239502,6.415566444396973,-12.923194885253906,-10.625205039978027
4,365119,-17.201068878173828,-18.156700134277344,34.61181640625,29.497455596923828
4,365120,-0.25840985774993896,-1.9121489524841309,18.344528198242188,13.358762741088867
4,365120,5.241613864898682,7.322348594665527,-32.99325180053711,-21.51618003845215
4,365120,8.09480094909668,-5.378157138824463,-16.54438591003418,14.125688552856445
4,365120,-1.720482587814331,9.585169792175293,8.238933563232422,2.5737364292144775
4,365120,-0.3688090145587921,-9.74894905090332,11.833392143249512,-16.595476150512695
4,365120,15.060895919799805,-22.792509078979492,18.83454704284668,16.207178115844727
4,365121,-1.6337826251983643,33.52178192138672,-12.582404136657715,-8.217677116394043
4,365121,-8.270947456359863,0.32095110416412354,-15.578825950622559,-32.47422409057617
4,365121,7.363834381103516,-40.19939422607422,14.021780014038086,10.026680946350098
4,365121,-10.104841232299805,18.57421112060547,13.604365348815918,39.5660285949707
4,365121,-14.79184341430664,14.278615951538086,2.2912256717681885,-6.853735446929932
4,365121,6.91041898727417,5.096738338470459,3.5749428272247314,-25.092369079589844
4,365122,3.468808889389038,36.40834045410156,-14.607913970947266,3.707979202270508
4,365122,6.560408592224121,-11.288832664489746,-18.042917251586914,2.7399818897247314
4,365122,15.1506929397583,-61.329307556152344,4.687957286834717,4.800229072570801
4,365122,-10.626477241516113,4.105323314666748,-2.4703006744384766,-3.506591320037842
4,365122,-5.838082313537598,50.95559310913086,-5.433312892913818,-17.04523468017578
4,365122,6.811188220977783,-17.58513832092285,3.098092555999756,14.46854305267334
4,365123,-12.417208671569824,-17.862218856811523,17.73672103881836,4.188011169433594
4,365123,-8.676155090332031,18.42108917236328,15.481572151184082,-11.154366493225098
4,365123,-3.4797425270080566,-6.971324443817139,-13.432051658630371,15.051560401916504
4,365123,10.810280799865723,2.9047272205352783,-12.024544715881348,-10.02414608001709
4,365123,11.68653678894043,9.017993927001953,1.9362915754318237,-16.598047256469727
4,365123,-22.31239128112793,-6.856128692626953,12.401127815246582,3.9650790691375732
4,365124,3.6331934928894043,-2.7257750034332275,4.36898136138916,16.731840133666992
4,365124,21.339866638183594,-20.495712280273438,-10.147727966308594,10.004554748535156
4,365125,-28.795185089111328,4.574004173278809,19.34366798400879,-22.68487548828125
4,365125,-10.546940803527832,40.28540802001953,21.26482582092285,4.409159183502197
4,365125,17.4464111328125,8.196136474609375,-6.263760566711426,15.720453262329102
4,365125,3.222705841064453,-1.8705286979675293,-15.611210823059082,-7.492355823516846
4,365126,-4.497530460357666,-11.29986572265625,-8.470244407653809,6.752130031585693
4,365126,-10.183894157409668,-28.651809692382812,23.91101837158203,-16.219066619873047
4,365126,16.497039794921875,-4.359746932983398,8.955179214477539,-2.564986228942871
4,365127,-12.264986991882324,28.931671142578125,-6.552087306976318,28.659502029418945
4,365130,-35.71400833129883,61.07785415649414,59.99575424194336,-48.78754806518555
4,365131,-17.55660057067871,15.897541046142578,42.710079193115234,-52.01986312866211
4,365134,3.0732460021972656,-63.878841400146484,-84.43827819824219,68.82289123535156
4,365135,43.089263916015625,-68.14875793457031,-103.53085327148438,44.768978118896484
4,365138,53.239871978759766,-1.3200217485427856,-19.711055755615234,-37.640621185302734
4,365139,49.38108825683594,29.39708709716797,4.763650417327881,15.850116729736328
4,365142,-5.472838401794434,-49.487422943115234,-26.128982543945312,15.719179153442383
4,365144,-24.594633102416992,-12.71423053741455,12.713523864746094,-21.22553253173828
4,365145,-11.980477333068848,50.94585037231445,42.04588317871094,-9.514388084411621
4,365148,-47.051856994628906,14.18237590789795,31.561424255371094,4.6632585525512695
4,365149,-38.230369567871094,45.300514221191406,75.60079956054688,32.02156066894531
4,365152,5.476076126098633,42.144927978515625,24.19559669494629,1.3552734851837158
4,365153,0.3505079746246338,-45.826480865478516,-64.66939544677734,-28.612728118896484
4,365156,27.461008071899414,-60.2953987121582,-42.2821159362793,7.14656400680542
4,365157,42.35677719116211,-7.355424880981445,6.918335914611816,12.207283973693848
4,365160,6.863898754119873,1.8147351741790771,-16.451841354370117,-25.044567108154297
4,365161,-5.197983741760254,-4.468905448913574,-29.011919021606445,-15.035110473632812
4,365164,-18.064268112182617,16.407825469970703,3.3373754024505615,5.765950679779053
4,365165,0.49901700019836426,-3.604825735092163,-6.096220016479492,-1.2228130102157593
4,365168,-3.2748420238494873,19.997068405151367,45.87175369262695,1.6643054485321045
4,365169,-23.357973098754883,41.21216583251953,55.123653411865234,5.734882354736328
4,365172,-7.7851080894470215,-14.938126564025879,-4.723203659057617,-0.9697628021240234
4,365329,27.424026489257812,-11.65441608428955,-19.67782211303711,-4.14876651763916
4,365329,7.50372838973999,-10.114645957946777,-18.8939266204834,12.58551025390625
4,365329,-45.5120849609375,16.724111557006836,42.77766418457031,7.799820899963379
4,365329,-45.44236755371094,54.14221954345703,61.85365676879883,0.1734621822834015
4,365329,-4.948541164398193,-0.2841488718986511,10.184309959411621,-10.173981666564941
4,365329,32.774898529052734,-30.28310775756836,-28.416351318359375,1.4878175258636475
4,365329,32.110015869140625,-12.85118579864502,-59.2314338684082,14.118491172790527
4,365330,31.59635353088379,-35.89078140258789,-60.25299835205078,-15.929853439331055
4,365330,21.163053512573242,-35.896385192871094,-33.38874053955078,-14.858516693115234
4,365330,0.18166029453277588,4.959980487823486,-4.9525065422058105,4.044137954711914
4,365330,-6.1504693031311035,20.083568572998047,4.762205600738525,19.95463752746582
4,365330,-11.171235084533691,24.661630630493164,35.3988037109375,-11.285283088684082
4,365331,-19.166126251220703,12.545097351074219,40.82863235473633,-22.42597198486328
4,365331,-21.47544288635254,2.830254316329956,2.3539528846740723,15.351143836975098
4,365331,-8.453359603881836,-7.659165382385254,7.217442035675049,7.226573467254639
4,365331,7.63257360458374,-6.668531894683838,6.657931804656982,7.716323375701904
4,365331,7.8809919357299805,12.752832412719727,-18.435020446777344,-6.8488078117370605
4,365331,13.884455680847168,-18.73760986328125,-35.05611801147461,-15.24754524230957
4,365332,27.451866149902344,-36.818267822265625,-21.986398696899414,20.09064292907715
4,365332,4.745979309082031,-1.1825891733169556,11.606405258178711,9.20462417602539
4,365332,-10.927040100097656,5.779637336730957,20.757993698120117,-12.004399299621582
4,365332,-2.8430256843566895,2.7510557174682617,13.070038795471191,11.90871810913086
4,365332,-9.732330322265625,33.02309036254883,6.509507179260254,-7.849198818206787
4,365332,-0.8476449847221375,20.52237319946289,0.1417415887117386,-30.826648712158203
4,365333,0.2600134015083313,-39.07304382324219,2.0843546390533447,4.242620944976807
4,365333,-3.459547758102417,-17.031654357910156,3.978121042251587,18.50716209411621
4,365333,6.9628448486328125,26.53495979309082,-6.125727653503418,9.2411470413208
4,365333,-1.948363184928894,6.182351589202881,-19.67261505126953,-5.38804292678833
4,365333,10.387907028198242,-1.5918489694595337,-12.94042682647705,6.56129789352417
4,365334,16.829992294311523,7.411962985992432,28.00092887878418,16.647855758666992
4,365334,-12.77883529663086,-3.1470184326171875,14.711528778076172,-2.4572575092315674
4,365334,-13.83260440826416,-15.627049446105957,-14.446011543273926,-6.84016227722168
4,365334,-7.479523658752441,5.656298637390137,4.089432239532471,-3.231353759765625
4,365334,-6.4385223388671875,17.906143188476562,-6.874692440032959,-9.09798812866211
4,365334,13.513975143432617,-0.9295317530632019,2.75314998626709,1.2890704870224
4,365335,2.1814756393432617,1.0896501541137695,12.5216064453125,5.393817901611328
4,365335,-14.631553649902344,-20.88620948791504,-27.398069381713867,-14.135936737060547
4,365335,5.323369026184082,-15.567586898803711,-11.154634475708008,0.2757370173931122
4,365335,11.457732200622559,2.9677889347076416,-3.873671770095825,9.477478981018066
4,365335,-5.297362804412842,-19.64937400817871,-35.6416015625,-17.541383743286133
4,365335,4.0165181159973145,17.584251403808594,6.085567951202393,-10.674172401428223
4,365336,9.200118064880371,2.9674477577209473,19.789409637451172,3.6201329231262207
4,365336,-19.819726943969727,-16.00900650024414,-2.758335828781128,14.450555801391602
4,365336,-19.441564559936523,30.128341674804688,26.365480422973633,13.925355911254883
4,365336,15.23088264465332,0.44319605827331543,11.434401512145996,-4.582993984222412
4,365336,15.579355239868164,-7.882397174835205,-17.074655532836914,13.414514541625977
4,365336,-2.8934507369995117,8.152755737304688,22.567026138305664,-4.986043453216553
4,365337,1.898016095161438,-10.454139709472656,1.16605806350708,-9.875884056091309
4,365337,15.263056755065918,-7.31403112411499,-52.63125228881836,15.83455753326416
4,365337,3.618243932723999,-1.6887065172195435,11.705759048461914,-10.933679580688477
4,365337,-25.457727432250977,5.211350440979004,44.461544036865234,-9.742321014404297
4,365337,-9.054201126098633,16.404619216918945,-8.921077728271484,0.6490262150764465
4,365337,21.48818588256836,-2.8442916870117188,-5.952103614807129,-10.110721588134766
4,365338,6.68514347076416,-14.106109619140625,-3.40624737739563,5.899544715881348
4,365338,-12.712773323059082,4.5436224937438965,-17.279264450073242,15.108941078186035
4,365338,-15.711467742919922,12.172551155090332,24.8113956451416,-2.045736074447632
4,365338,15.960169792175293,-5.325997829437256,5.613205432891846,-10.7811918258667
4,365338,33.68838882446289,-10.318734169006348,-22.691604614257812,7.971377849578857
4,365338,-10.550640106201172,19.90743064880371,6.773475646972656,3.1549293994903564
4,365339,-21.60129737854004,-8.353886604309082,-15.475529670715332,-16.555660247802734
4,365339,-6.113329887390137,-11.66411018371582,-10.392297744750977,-3.679952383041382
4,365339,2.741305351257324,30.65477752685547,6.605835914611816,-5.596187591552734
4,365339,11.753488540649414,-4.925636291503906,8.413488388061523,0.7962199449539185
4,365339,-5.433905124664307,-16.485593795776367,21.268766403198242,31.132354736328125
4,365339,-9.52967357635498,39.31512451171875,13.466423034667969,-2.336030960083008
4,365340,17.83904457092285,4.355006217956543,-8.368470191955566,-19.979106903076172
4,365340,-9.073403358459473,-42.295204162597656,-3.797713041305542,23.16564178466797
4,365340,-24.439760208129883,18.085926055908203,22.254104614257812,7.188430309295654
4,365340,11.898012161254883,12.004961967468262,8.656347274780273,-22.17087173461914
4,365340,15.57552433013916,-16.42118263244629,-7.184209823608398,-3.997340202331543
4,365340,7.4250617027282715,-9.503896713256836,8.964700698852539,19.376237869262695
4,365341,-5.40857458114624,-14.597480773925781,1.6288119554519653,-4.2847747802734375
4,365341,-14.960749626159668,10.470625877380371,-37.51618194580078,-19.28959083557129
4,365341,-18.97981071472168,-3.2479476928710938,-2.2640421390533447,9.349230766296387
4,365341,-4.57497501373291,-6.3404364585876465,31.2447452545166,-0.08555573225021362
4,365341,12.314441680908203,22.137287139892578,-13.091127395629883,-7.448002815246582
4,365341,4.508303165435791,-16.63370704650879,-29.383249282836914,-8.924605369567871
4,365342,-4.804757595062256,-26.849815368652344,-19.43756103515625,-3.946770668029785
4,365343,-4.743202209472656,10.543985366821289,4.233006954193115,25.388696670532227
4,365343,12.170429229736328,25.03542709350586,9.308955192565918,3.126002311706543
4,365343,2.2598252296447754,-6.580931663513184,-12.691594123840332,-12.714998245239258
4,365343,-22.317861557006836,-25.595022201538086,-4.063338756561279,9.649148941040039
4,365344,6.677286624908447,21.62936782836914,20.311189651489258,11.24140453338623
4,365344,26.75560760498047,27.960296630859375,13.707802772521973,-15.168007850646973
4,365344,-0.7995972633361816,-6.189547061920166,-21.902982711791992,-15.513980865478516
4,365344,-18.468624114990234,-24.584638595581055,-1.9789488315582275,10.000833511352539
4,365345,0.7885997295379639,21.08782386779785,80.73162841796875,-0.1295158863067627
4,365348,-22.714847564697266,77.04894256591797,77.69355010986328,-0.8768134713172913
4,365349,-64.10227966308594,34.04460525512695,16.409034729003906,6.470519065856934
4,365352,-1.3954691886901855,-35.603084564208984,-9.506510734558105,-2.129776954650879
4,365353,36.2105598449707,-40.049049377441406,-40.180580139160156,-1.4745583534240723
4,365356,51.975677490234375,-31.923255920410156,-69.14921569824219,-0.6529779434204102
4,365357,34.07316589355469,-46.176048278808594,-67.90998077392578,-7.688786029815674
4,365360,19.09332847595215,-3.955925464630127,-24.332317352294922,3.6962990760803223
4,365361,40.460174560546875,9.086563110351562,-9.773932456970215,8.086338996887207
4,365364,-44.27912521362305,-14.961639404296875,9.33804702758789,-0.39224448800086975
4,365365,-35.072532653808594,24.268381118774414,34.629356384277344,16.250028610229492
4,365368,-13.300044059753418,34.068965911865234,37.90148162841797,-7.567473411560059
4,365369,-39.10675811767578,15.534438133239746,45.226722717285156,-29.05111312866211
4,365372,9.28986644744873,29.418542861938477,-0.8098786473274231,8.710171699523926
4,365373,15.306422233581543,1.0490055084228516,-12.895740509033203,24.24893569946289
4,365376,37.61478042602539,-66.03009033203125,-28.24207878112793,6.732329368591309
4,365377,17.822256088256836,-27.64463233947754,-36.71073532104492,-8.68867301940918
4,365380,-42.81159210205078,4.079156398773193,-19.579912185668945,-4.238234519958496
4,365382,11.698558807373047,-21.677209854125977,-47.722023010253906,-11.32152271270752
4,365383,37.63960266113281,39.87891387939453,45.7390022277832,-10.564504623413086
4,365386,-17.76042938232422,13.946904182434082,59.362579345703125,2.5284523963928223
4,365387,-30.998746871948242,-35.5006217956543,-21.965421676635742,-0.1985911726951599
4,365390,-19.75920295715332,42.22319793701172,33.64995193481445,7.246228218078613
4,365391,-0.6368446946144104,38.19013977050781,38.078765869140625,14.829313278198242
4,365394,10.30431842803955,-37.23054122924805,-3.940288782119751,5.309913158416748
4,365561,50.83018493652344,-58.54444885253906,-92.124267578125,0.053362227976322174
4,365561,39.99828338623047,-3.5186927318573,-59.2740478515625,-11.12428092956543
4,365561,-80.48478698730469,71.77735137939453,109.1844253540039,-19.647384643554688
4,365561,-31.08083724975586,17.37693214416504,33.643428802490234,10.96695613861084
4,365561,55.048030853271484,-46.9058837890625,-55.24057388305664,26.06303596496582
4,365561,22.281993865966797,-19.789352416992188,-36.77234649658203,-2.876654624938965
4,365562,16.52814483642578,-18.706283569335938,-48.7818489074707,-7.374366760253906
4,365562,10.363977432250977,-14.647293090820312,-7.701612949371338,10.74909496307373
4,365562,1.6727851629257202,19.102455139160156,14.42800521850586,-19.326152801513672
4,365562,-22.964937210083008,17.244171142578125,24.902196884155273,-11.410163879394531
4,365562,-50.949623107910156,29.230663299560547,60.4240608215332,12.656332015991211
4,365562,-29.772178649902344,52.659034729003906,44.75735092163086,-15.4229154586792
4,365563,-3.0821340084075928,-6.959741592407227,18.691314697265625,-6.274641990661621
4,365563,-4.832856178283691,-26.019760131835938,-0.04247036203742027,19.8524112701416
4,365563,10.73409366607666,8.83505630493164,-25.8425350189209,-5.037860870361328
4,365563,30.560712814331055,-20.15422821044922,-24.92616081237793,-12.245382308959961
4,365563,19.187257766723633,-25.944223403930664,-27.391042709350586,1.769546389579773
4,365563,6.473942756652832,0.3798767030239105,-19.900863647460938,2.1751770973205566
4,365564,-4.604044437408447,-4.720348834991455,2.971116304397583,8.881085395812988
4,365564,-13.871331214904785,-11.460274696350098,6.05676794052124,-5.757061958312988
4,365564,-4.611807823181152,26.567811965942383,23.319198608398438,9.238668441772461
4,365564,0.30193763971328735,47.597259521484375,41.82388687133789,8.248368263244629
4,365564,-7.434628009796143,-10.851214408874512,16.206462860107422,-28.599287033081055
4,365565,-24.371496200561523,-36.840694427490234,-17.137649536132812,7.337726593017578
4,365565,-18.54233741760254,0.5770814418792725,-9.954896926879883,28.463111877441406
4,365565,21.031328201293945,10.771014213562012,-0.8902749419212341,-22.55328941345215
4,365565,31.14688491821289,-6.623246669769287,-39.55046081542969,-14.16020679473877
4,365565,-1.1435776948928833,-15.958436012268066,-24.590959548950195,18.022180557250977
4,365565,-7.779404163360596,9.22363567352295,27.547351837158203,-3.8114583492279053
4,365566,4.92158317565918,15.23057746887207,8.604955673217773,-12.59655475616455
4,365566,-18.510089874267578,-3.3741049766540527,10.880099296569824,21.226360321044922
4,365566,-17.497251510620117,20.140884399414062,30.946565628051758,23.484785079956055
4,365566,14.254399299621582,18.730077743530273,15.385068893432617,-14.446925163269043
4,365566,15.594475746154785,0.9426419734954834,4.7165608406066895,-3.5921387672424316
4,365566,-7.744792938232422,-6.8425164222717285,-21.664779663085938,3.8044137954711914
4,365567,-5.688863277435303,-29.23619842529297,-30.282222747802734,-3.941824197769165
4,365567,18.17287826538086,-16.87971305847168,5.934488296508789,9.3009033203125
4,365567,13.561593055725098,15.553579330444336,-3.684441328048706,-9.831853866577148
4,365567,-6.119287967681885,-5.36167049407959,-22.270647048950195,-17.201244354248047
4,365567,-8.138558387756348,-21.325237274169922,6.9636454582214355,3.4197921752929688
4,365567,4.840676784515381,20.451427459716797,21.603097915649414,12.884166717529297
4,365568,0.864510178565979,25.650068283081055,-4.970250129699707,-9.016117095947266
4,365568,-25.56822967529297,-3.8491132259368896,-11.964137077331543,-15.771188735961914
4,365568,-14.74431324005127,4.6825127601623535,23.670167922973633,19.940326690673828
4,365568,14.97594928741455,-2.0889580249786377,-6.196302890777588,9.600735664367676
4,365568,11.821434020996094,-12.46448802947998,-17.354541778564453,-17.113323211669922
4,365568,17.192148208618164,0.10047946870326996,20.16767120361328,2.3725574016571045
4,365569,-9.73567008972168,-26.379053115844727,-23.112810134887695,21.092140197753906
4,365569,-28.356956481933594,1.286432147026062,-11.383115768432617,-11.884306907653809
4,365569,14.520915985107422,29.276443481445312,33.293365478515625,-23.992414474487305
4,365569,9.227730751037598,-6.350445747375488,2.4469382762908936,2.8487730026245117
4,365569,-5.939896583557129,7.332000255584717,0.48274895548820496,12.861786842346191
4,365569,15.293864250183105,-2.5598304271698,5.571883201599121,18.288333892822266
4,365570,5.048749923706055,-16.066104888916016,-16.02495574951172,-7.621942520141602
4,365570,-4.8757548332214355,18.841426849365234,-4.670783042907715,-10.593971252441406
4,365570,12.174281120300293,9.904556274414062,17.7042179107666,19.67005157470703
4,365570,2.957420587539673,-37.53897476196289,-6.042058944702148,-0.036450184881687164
4,365570,-12.513094902038574,-17.527429580688477,-28.04705238342285,-21.419416427612305
4,365571,3.022702217102051,43.4273796081543,8.265331268310547,3.8130171298980713
4,365571,4.962477207183838,-3.3390653133392334,20.612808227539062,7.461604118347168
4,365571,-3.439122200012207,-46.56437301635742,-22.166906356811523,-9.806730270385742
4,365571,-13.58173942565918,8.460298538208008,-22.019397735595703,5.335138320922852
4,365571,-17.077402114868164,39.109619140625,30.393108367919922,-6.349837303161621
4,365571,12.105081558227539,-7.879878997802734,15.746739387512207,-19.22548484802246
4,365571,2.488558769226074,-30.452157974243164,-19.970548629760742,14.515475273132324
4,365572,-2.8956010341644287,15.850457191467285,-4.554808616638184,17.902999877929688
4,365572,16.6196231842041,-0.6626300811767578,1.4385517835617065,-21.58019256591797
4,365572,-12.10035228729248,-11.081744194030762,-21.521526336669922,-2.429117202758789
4,365572,-10.391379356384277,30.863054275512695,-9.384635925292969,29.703632354736328
4,365572,33.426231384277344,5.229856014251709,28.149391174316406,-9.274154663085938
4,365572,4.614725589752197,-21.52387809753418,4.747960090637207,-19.549762725830078
4,365573,-21.519683837890625,9.74448299407959,-10.97212028503418,12.117109298706055
4,365573,8.226048469543457,10.634770393371582,2.2801761627197266,8.299365043640137
4,365573,-0.5845253467559814,-17.663646697998047,-8.879203796386719,-11.507469177246094
4,365573,-1.1442197561264038,-13.478145599365234,-5.942383766174316,2.9290931224823
4,365573,7.6775665283203125,11.723444938659668,16.42844009399414,3.867907762527466
4,365574,-4.048598766326904,14.374990463256836,11.281643867492676,-14.769287109375
4,365574,-7.546047210693359,-2.7660555839538574,3.2623133659362793,8.176838874816895
4,365574,14.357559204101562,-11.656845092773438,-3.724968671798706,9.834989547729492
4,365574,9.360511779785156,-8.88166618347168,-15.243790626525879,-4.863781452178955
4,365574,-16.743968963623047,-2.7925353050231934,2.3814284801483154,12.971933364868164
4,365574,-8.577166557312012,17.92413902282715,24.640859603881836,1.241490125656128
4,365575,1.8411176204681396,19.592145919799805,8.404817581176758,-21.390060424804688
4,365576,18.14739990234375,-47.45669174194336,-65.39026641845703,-18.25657844543457
4,365576,10.133515357971191,-45.265811920166016,-52.789459228515625,13.925342559814453
4,365576,-13.50574016571045,36.27535629272461,61.886741638183594,30.149141311645508
4,365576,-11.542757034301758,39.082923889160156,19.5086727142334,-15.712020874023438
4,365577,9.197993278503418,-4.83133602142334,-46.978126525878906,-11.358255386352539
4,365577,11.766853332519531,-10.406949996948242,13.742645263671875,16.353029251098633
4,365577,-6.215837478637695,-14.493857383728027,17.88972282409668,-13.66403579711914
4,365577,-6.283276081085205,-3.922156810760498,-11.270340919494629,17.075098037719727
4,365578,17.875547409057617,7.890829086303711,-4.996556282043457,19.536766052246094
4,365580,18.162187576293945,-29.51676368713379,-2.6724045276641846,-35.66529083251953
4,365581,-15.710322380065918,15.637702941894531,1.3908171653747559,-5.559875965118408
4,365584,-25.8800106048584,31.514204025268555,6.9779839515686035,27.243623733520508
4,365585,-9.001251220703125,-14.358725547790527,24.82889175415039,-0.3561534285545349
4,365588,-28.839202880859375,41.288917541503906,85.3619155883789,-18.028982162475586
4,365589,-55.252811431884766,56.79581069946289,83.72329711914062,1.9788787364959717
4,365592,-18.45357894897461,-2.248131513595581,-31.186006546020508,-14.820137023925781
4,365593,42.164093017578125,-36.301124572753906,-75.67707061767578,-16.050029754638672
4,365596,73.62288665771484,-32.900177001953125,-50.0594367980957,40.01797866821289
4,365597,21.983964920043945,-12.55349349975586,-33.228614807128906,8.282644271850586
4,365600,-6.4402055740356445,-20.565593719482422,0.8544921875,-25.56917381286621
4,365601,6.931808948516846,-6.800822734832764,-12.154787063598633,9.070706367492676
4,365604,-7.772029399871826,28.381690979003906,-1.2803441286087036,2.483386516571045
4,365605,-9.014177322387695,-20.064992904663086,8.951677322387695,-2.434536933898926
4,365608,-39.3082275390625,25.566577911376953,63.90531921386719,7.946475505828857
4,365609,-33.43385696411133,72.54100036621094,95.16486358642578,-12.839232444763184
4,365612,18.281217575073242,-32.4320068359375,-57.67280197143555,-1.8520400524139404
4,365613,34.10496520996094,-43.248329162597656,-48.14182662963867,15.774160385131836
4,365616,16.11546516418457,-29.87657356262207,-31.297929763793945,-15.40435791015625
4,365617,-16.857460021972656,-23.037124633789062,-60.379638671875,-23.539241790771484
4,365620,30.55398178100586,34.252559661865234,57.46731185913086,-3.7908005714416504
4,365621,36.54386520385742,15.30237865447998,21.852149963378906,21.237625122070312
4,365624,-44.83104705810547,-34.21500015258789,-55.196319580078125,30.315397262573242
4,365625,-34.59474563598633,-7.469161033630371,-2.73451566696167,0.9272109866142273
4,365628,6.667370796203613,75.32929229736328,87.528076171875,-15.232283592224121
