Aktueller Finger,timestamp_ms,sensor_0,sensor_1,sensor_2,sensor_3
0,31050,-11.6715669631958,-16.753028869628906,-0.5810161828994751,37.77803039550781
0,31052,10.939135551452637,10.069633483886719,24.178157806396484,3.9303195476531982
0,31054,11.932538986206055,5.37713098526001,7.43927001953125,-52.731937408447266
0,31056,-31.95941162109375,-11.290409088134766,-35.58095932006836,9.866168022155762
0,31058,-15.112934112548828,-4.114742755889893,-26.170902252197266,38.902774810791016
0,31060,54.57817077636719,15.932650566101074,26.535266876220703,-28.053001403808594
0,31062,17.955503463745117,8.567813873291016,30.72686767578125,3.613051414489746
0,31065,-51.96651077270508,-22.89053726196289,-11.234434127807617,7.308633327484131
0,31066,20.45252227783203,-16.39594841003418,-5.857926845550537,-15.19240951538086
0,31077,22.172054290771484,30.233598709106445,9.97941780090332,15.305253028869629
0,31077,-43.37137222290039,6.023580074310303,-4.439741134643555,18.880390167236328
0,31077,-19.63273811340332,-24.716251373291016,1.2126994132995605,18.860822677612305
0,31077,15.754158020019531,17.690000534057617,12.058056831359863,-24.30278778076172
0,31077,14.206025123596191,18.77019500732422,-12.672189712524414,-28.429706573486328
0,31078,-3.8267221450805664,-31.543315887451172,-15.639678955078125,11.424834251403809
0,31080,-2.845357894897461,-19.946191787719727,8.26126480102539,-10.691476821899414
0,31083,-13.035027503967285,14.01583194732666,9.144082069396973,-0.46845969557762146
0,31084,-5.108274936676025,12.216879844665527,10.198354721069336,13.65436840057373
0,31087,2.783093214035034,12.612340927124023,-16.343111038208008,-0.06556151062250137
0,31088,18.884544372558594,-6.585338592529297,-16.46596336364746,7.288806915283203
0,31091,16.17494773864746,-14.043159484863281,6.774168968200684,-20.823589324951172
0,31092,-25.20049285888672,-9.040863037109375,-0.7961178421974182,-12.656119346618652
0,31095,-5.877827167510986,12.181607246398926,17.215673446655273,30.61996841430664
0,31096,21.208393096923828,21.998327255249023,-2.1138417720794678,-0.40177711844444275
0,31099,15.00904369354248,-1.5710601806640625,-25.86573028564453,-25.10100746154785
0,31100,-19.297679901123047,-11.483684539794922,9.594706535339355,6.4390034675598145
0,31101,-1.1654560565948486,-10.106337547302246,21.10721206665039,14.797222137451172
0,31126,-5.237903594970703,-9.062565803527832,-13.613797187805176,-8.866362571716309
0,31126,-20.951345443725586,4.725281238555908,-14.823981285095215,-5.940741539001465
0,31126,29.2784366607666,23.770692825317383,1.5175299644470215,6.9495415687561035
0,31126,14.321003913879395,-15.88757038116455,-5.390931129455566,-6.0404181480407715
0,31126,-20.137662887573242,-31.281970977783203,5.6805830001831055,0.23445382714271545
0,31126,-9.38882827758789,29.280620574951172,22.636045455932617,-0.736434280872345
0,31127,10.722350120544434,25.207172393798828,13.320189476013184,10.835071563720703
0,31127,10.425233840942383,-5.859198570251465,-4.891857624053955,14.751739501953125
0,31127,8.847579956054688,-11.140433311462402,-0.9139193296432495,-24.657838821411133
0,31127,-10.281147956848145,-16.358516693115234,-1.2514533996582031,9.544211387634277
0,31127,-28.09142303466797,10.477930068969727,-8.883949279785156,30.034727096557617
0,31128,17.966583251953125,9.328003883361816,-2.426210641860962,-16.130050659179688
0,31129,17.528390884399414,-29.19404411315918,2.9008970260620117,-12.230320930480957
0,31130,-13.153990745544434,1.3301111459732056,0.8113290071487427,25.18993377685547
0,31132,3.3417744636535645,42.404544830322266,-18.90336799621582,-9.757993698120117
0,31134,-2.1347386837005615,-9.534574508666992,-11.488924026489258,-50.160606384277344
0,31136,-13.025091171264648,-26.795089721679688,5.6755805015563965,13.592416763305664
0,31138,10.053947448730469,0.2792612910270691,18.533830642700195,46.765892028808594
0,31140,19.747058868408203,18.689912796020508,21.862611770629883,-13.783970832824707
0,31142,-22.34906768798828,17.71233367919922,-18.9874210357666,-22.166202545166016
0,31144,-4.799697399139404,-29.832841873168945,-19.217920303344727,19.15256118774414
0,31146,5.148778915405273,-21.469379425048828,-1.36686110496521,-10.966302871704102
0,31148,-17.741893768310547,36.29938888549805,17.202730178833008,-20.636516571044922
0,31150,27.14026641845703,32.4373779296875,24.760805130004883,19.10437774658203
0,31152,0.5023286938667297,-29.59007453918457,-11.412471771240234,-3.904484510421753
0,31189,-25.14826011657715,-26.060758590698242,-13.755905151367188,-8.839101791381836
0,31189,0.7247289419174194,-0.025265630334615707,-1.5131607055664062,21.76047134399414
0,31189,10.243669509887695,-5.177026748657227,4.48051643371582,16.22456932067871
0,31189,12.689364433288574,23.52461814880371,17.721778869628906,-12.4490966796875
0,31190,1.9532843828201294,1.148767113685608,0.636035680770874,-8.18549633026123
0,31190,1.0508273839950562,-6.8126397132873535,-20.065279006958008,-3.6782655715942383
0,31190,-3.7930407524108887,23.80697250366211,-12.317118644714355,-10.4318208694458
0,31190,-2.355977773666382,-11.617744445800781,4.008720397949219,19.014867782592773
0,31190,0.9269658327102661,-14.665321350097656,3.411135673522949,10.104723930358887
0,31190,-4.395751476287842,10.141565322875977,-4.695102691650391,-5.091764450073242
0,31191,-8.739527702331543,-0.11769813299179077,4.137507915496826,-4.337991237640381
0,31191,6.842549800872803,-4.218537330627441,-0.5781878232955933,-4.897006988525391
0,31191,18.65662384033203,-5.146895885467529,-11.985875129699707,-11.230096817016602
0,31191,-15.93667221069336,-0.38818028569221497,9.020825386047363,-5.608333587646484
0,31191,-29.26194190979004,7.7049641609191895,18.501747131347656,17.34701919555664
0,31191,20.65276527404785,-4.577498912811279,4.471179485321045,12.168904304504395
0,31192,29.012128829956055,-3.838961362838745,-12.185121536254883,-13.528485298156738
0,31192,-10.309343338012695,6.968010902404785,-13.682146072387695,-18.456274032592773
0,31193,-11.50581169128418,-9.681910514831543,2.694218397140503,5.6812028884887695
0,31193,-10.321914672851562,-12.528667449951172,8.938216209411621,-9.255900382995605
0,31195,-3.152526617050171,20.94901466369629,-7.9827446937561035,-7.062136650085449
0,31196,15.501176834106445,23.555057525634766,-10.098345756530762,27.845680236816406
0,31199,-15.255796432495117,-19.592134475708008,9.684374809265137,10.893590927124023
0,31200,-8.266427040100098,-12.258820533752441,15.170516014099121,-8.26082992553711
0,31203,20.557281494140625,18.332365036010742,-3.8717005252838135,18.91306495666504
0,31204,6.7495527267456055,11.57981014251709,-16.78787612915039,4.787415027618408
0,31207,-3.352555990219116,-24.73641014099121,11.517292022705078,-30.3831729888916
0,31208,-0.9477335810661316,-17.70364761352539,15.452489852905273,-10.682609558105469
0,31211,4.76132869720459,10.372588157653809,-16.281192779541016,23.417539596557617
0,31212,0.21351969242095947,-13.251763343811035,-22.150909423828125,1.4362584352493286
0,31215,-0.2500406503677368,4.363265037536621,15.360701560974121,-32.24173355102539
0,31216,-7.87117338180542,16.4202938079834,13.34229564666748,8.636543273925781
0,31219,1.995985507965088,18.9242000579834,-9.114797592163086,39.35542297363281
0,31220,17.770103454589844,2.296422004699707,9.311383247375488,-5.2175703048706055
0,31269,2.9008610248565674,-19.09613609313965,-3.964416980743408,-38.503116607666016
0,31269,-10.41235637664795,2.2127223014831543,-4.287353515625,8.330272674560547
0,31270,-17.29781150817871,0.9514448642730713,15.31148910522461,30.42661476135254
0,31270,-14.381486892700195,12.32609748840332,1.9703024625778198,-0.6332468390464783
0,31270,23.684532165527344,18.938430786132812,-7.048891067504883,-7.359256744384766
0,31270,21.143192291259766,-11.005101203918457,-4.659480094909668,2.8003990650177
0,31270,-22.1428165435791,-19.32158660888672,7.121067047119141,0.45168131589889526
0,31270,-7.845894813537598,2.022862672805786,1.9646319150924683,2.255214214324951
0,31271,17.657541275024414,-8.080633163452148,-9.312100410461426,-9.766688346862793
0,31271,2.347184896469116,-19.279687881469727,-7.771729469299316,-33.35136413574219
0,31271,-15.93011474609375,9.455928802490234,-7.024724006652832,0.9995114207267761
0,31271,0.09269558638334274,23.348608016967773,2.8077569007873535,31.420534133911133
0,31271,9.393431663513184,0.9871243834495544,15.225162506103516,9.124536514282227
0,31271,-14.687090873718262,-17.054779052734375,-0.8405616879463196,-7.102342128753662
0,31272,-5.677177906036377,-3.5271337032318115,-17.036996841430664,4.376391887664795
0,31272,20.5120906829834,8.170024871826172,13.985767364501953,-0.2248421013355255
0,31272,-3.0753333568573,-1.6416904926300049,9.718649864196777,8.676850318908691
0,31272,-16.55565071105957,-1.9348727464675903,-11.940123558044434,13.169822692871094
0,31272,19.23160171508789,-2.5660040378570557,6.898608684539795,-36.528629302978516
0,31272,1.9381674528121948,-14.999139785766602,-4.364888668060303,-21.097671508789062
0,31273,-40.96876525878906,3.952824592590332,-12.392595291137695,17.50925064086914
0,31273,-6.375768661499023,31.984600067138672,9.587240219116211,0.8379706144332886
0,31273,37.46353530883789,0.40834587812423706,2.4865715503692627,-15.6041259765625
0,31273,15.130597114562988,-27.08355712890625,-19.742347717285156,-1.3051446676254272
0,31274,-9.787675857543945,6.18320894241333,-2.526482582092285,5.148399353027344
0,31275,-11.304375648498535,14.80125617980957,24.431602478027344,-17.77779197692871
0,31275,-16.84868621826172,-19.232074737548828,-3.089292049407959,5.078298091888428
0,31276,16.816713333129883,12.074139595031738,4.008376121520996,1.3693716526031494
0,31277,21.65970802307129,8.877800941467285,17.518579483032227,-30.506641387939453
0,31280,-1.3713335990905762,-21.78536605834961,-14.354711532592773,32.05970764160156
0,31282,-16.87701988220215,24.84711456298828,4.0279083251953125,47.64650344848633
0,31284,-28.427289962768555,-7.609971523284912,-2.1428298950195312,-34.8690185546875
0,31286,12.002477645874023,-12.057469367980957,-9.310415267944336,-12.956599235534668
0,31288,48.10380935668945,22.79444694519043,15.820789337158203,34.241302490234375
0,31290,1.3405234813690186,-22.161794662475586,-7.1432881355285645,-8.817005157470703
0,31292,-41.89609146118164,-22.56739044189453,-13.182173728942871,1.187780499458313
0,31294,10.018830299377441,33.20496368408203,10.538298606872559,12.127833366394043
0,31296,23.435651779174805,12.718541145324707,-3.991302013397217,-17.808767318725586
0,31298,-14.37523365020752,-25.811662673950195,-13.26319408416748,13.792110443115234
0,31300,-8.284611701965332,16.28160858154297,21.553394317626953,20.122920989990234
0,31302,12.65522575378418,12.161725997924805,4.606201648712158,-20.80729103088379
0,31363,-7.5699849128723145,-24.035932540893555,-32.42108917236328,-10.260068893432617
0,31364,-9.801570892333984,-20.10806655883789,9.462810516357422,22.755212783813477
0,31364,17.22150993347168,7.417211055755615,16.786602020263672,-15.750604629516602
0,31364,-3.443558692932129,26.420040130615234,-26.395042419433594,-26.31174087524414
0,31364,-28.023326873779297,0.79885333776474,-2.5796046257019043,22.898210525512695
0,31364,-5.8282294273376465,-15.312336921691895,30.019075393676758,28.665874481201172
0,31364,16.631879806518555,-7.09457540512085,5.368681907653809,-7.009810924530029
0,31365,7.035974502563477,1.435958743095398,-23.780906677246094,-24.964061737060547
0,31365,-3.398017168045044,0.05419701710343361,1.2445405721664429,10.226089477539062
0,31365,3.2678403854370117,5.594418048858643,21.841201782226562,2.273150682449341
0,31365,2.859809398651123,19.990192413330078,-11.59234619140625,-38.96857452392578
0,31365,-4.214027404785156,-13.429353713989258,-12.54952621459961,3.088348388671875
0,31365,17.850160598754883,-24.65397071838379,19.507049560546875,46.012569427490234
0,31366,-1.443315863609314,22.197860717773438,-2.3203206062316895,-3.176755905151367
0,31366,-20.138900756835938,20.65962791442871,-2.9788615703582764,-24.35662269592285
0,31366,21.771648406982422,-3.5604634284973145,8.775986671447754,-8.642906188964844
0,31366,-2.335999011993408,-0.4424761235713959,-22.084941864013672,7.7735490798950195
0,31366,-19.64809226989746,-4.659030437469482,-9.327445030212402,9.269122123718262
0,31366,18.294593811035156,-2.6096749305725098,5.138786315917969,-16.523406982421875
0,31367,7.273707389831543,-1.0277345180511475,3.084205150604248,3.2970657348632812
0,31367,-1.1215695142745972,-10.907890319824219,1.6596765518188477,10.827862739562988
0,31367,2.9362828731536865,-8.860381126403809,3.699225664138794,-12.704792976379395
0,31367,-20.653656005859375,-5.86016321182251,15.953924179077148,0.09855032712221146
0,31367,-8.851149559020996,5.545985221862793,-1.7719656229019165,28.323566436767578
0,31367,18.51091957092285,28.788881301879883,-1.521604061126709,-1.4219989776611328
0,31368,8.641587257385254,-5.806382179260254,8.641847610473633,-28.104082107543945
0,31368,-8.540777206420898,-18.292940139770508,-21.03716278076172,7.223875999450684
0,31368,-27.59295654296875,14.10339069366455,-21.8353271484375,8.306888580322266
0,31368,-10.125622749328613,-13.26179027557373,11.502156257629395,13.61088752746582
0,31368,36.9050407409668,-4.286491870880127,20.08009147644043,-3.713423490524292
0,31369,15.77051067352295,25.540918350219727,-4.708188533782959,-35.96184158325195
0,31370,-30.482141494750977,1.731693148612976,-11.014509201049805,18.910572052001953
0,31370,-24.100358963012695,-22.239137649536133,9.643333435058594,19.5671329498291
0,31370,16.321989059448242,-8.225615501403809,9.829253196716309,-32.51982498168945
0,31372,28.19220542907715,10.30909252166748,-2.4824514389038086,-17.66164207458496
0,31374,-11.563026428222656,1.4599493741989136,-16.135669708251953,17.905683517456055
0,31376,-11.41455364227295,6.494271755218506,3.5370185375213623,31.09926986694336
0,31378,2.1133570671081543,-20.522945404052734,22.862361907958984,16.364965438842773
0,31380,3.13026762008667,-26.049345016479492,-2.7643139362335205,-16.054109573364258
0,31382,-10.2705659866333,37.63008117675781,1.4784820079803467,7.573598861694336
0,31384,-6.46786642074585,34.222564697265625,-0.7944175601005554,-4.90413236618042
0,31386,26.903034210205078,-25.019533157348633,-22.864044189453125,-28.33052635192871
0,31388,19.5482177734375,-9.240616798400879,10.188729286193848,10.02635383605957
0,31390,-2.8863959312438965,16.924583435058594,15.26426887512207,11.611383438110352
0,31392,-31.738101959228516,-17.46758270263672,-16.37264060974121,20.327960968017578
0,31394,2.568751573562622,4.067479610443115,-5.084261894226074,-23.06174087524414
0,31396,19.033567428588867,30.285985946655273,13.316967964172363,-37.19916915893555
0,31398,-16.519689559936523,-2.9042863845825195,2.7036235332489014,29.966379165649414
0,31400,-9.319662094116211,-22.503854751586914,-23.78859519958496,30.323917388916016
0,31473,10.385133743286133,-15.543086051940918,-27.487401962280273,-24.357044219970703
0,31473,2.6752660274505615,17.217788696289062,21.545616149902344,-49.675479888916016
0,31473,-6.32576847076416,2.6605172157287598,25.9031925201416,11.689132690429688
0,31474,14.770028114318848,-25.341907501220703,-16.134302139282227,50.86309814453125
0,31474,0.3619254231452942,13.847817420959473,9.862724304199219,-4.074560642242432
0,31474,-4.355040550231934,27.1108455657959,10.768267631530762,-24.402490615844727
0,31474,0.20647118985652924,-9.817230224609375,-24.100982666015625,6.15228796005249
0,31474,-8.905753135681152,-24.975202560424805,3.2095694541931152,6.297619819641113
0,31474,12.079947471618652,1.6846280097961426,10.3525972366333,-9.261134147644043
0,31475,3.186540365219116,8.541485786437988,-4.201197147369385,-7.385301113128662
0,31475,-17.717618942260742,-6.024091720581055,16.88273811340332,6.805308818817139
0,31475,1.1918755769729614,-2.013476610183716,2.154313087463379,2.47505784034729
0,31475,8.612130165100098,-3.2923412322998047,-21.523536682128906,9.275368690490723
0,31475,-19.313655853271484,9.999164581298828,10.739625930786133,20.77577781677246
0,31475,6.109202861785889,27.593563079833984,15.489269256591797,-8.832626342773438
0,31476,35.270999908447266,-10.207149505615234,-24.771846771240234,-19.172576904296875
0,31476,-28.914880752563477,-32.5876350402832,-13.952680587768555,-1.1211131811141968
0,31476,-32.30517578125,4.272242069244385,15.39922046661377,12.907553672790527
0,31476,42.96493911743164,15.585909843444824,4.3753533363342285,6.837756633758545
0,31476,18.381189346313477,-10.317526817321777,9.0462646484375,-7.713512420654297
0,31476,-30.74198341369629,8.860236167907715,7.574913501739502,6.9328179359436035
0,31477,1.5189812183380127,16.851438522338867,-24.727312088012695,-8.629055976867676
0,31477,14.193366050720215,-33.556453704833984,-21.275074005126953,-16.708890914916992
0,31477,-13.987235069274902,1.1471195220947266,12.13669490814209,26.06014633178711
0,31477,-10.445282936096191,16.775222778320312,11.298925399780273,7.472262859344482
0,31477,14.870477676391602,-13.391312599182129,-4.247255325317383,-39.56394958496094
0,31478,10.588289260864258,10.505913734436035,5.279216766357422,-4.564094543457031
0,31478,-13.356815338134766,-19.333711624145508,-1.3151459693908691,40.33781814575195
0,31478,-7.418013095855713,-15.101489067077637,-0.007013525813817978,-3.4071128368377686
0,31478,13.60358715057373,34.51818084716797,10.998329162597656,-42.43374252319336
0,31478,5.442880153656006,34.843994140625,5.88010311126709,-1.146931767463684
0,31478,-3.025766134262085,-10.636137962341309,2.7379584312438965,29.204151153564453
0,31479,-2.4959630966186523,-40.72526550292969,-3.7331929206848145,10.807403564453125
0,31479,2.189326763153076,17.993860244750977,-2.263476848602295,-11.58195972442627
0,31479,7.411234378814697,40.403602600097656,5.252102375030518,1.4741227626800537
0,31479,8.159428596496582,-22.57981300354004,-9.58771800994873,1.2761077880859375
0,31480,-25.178829193115234,-52.650306701660156,-20.201435089111328,-8.663809776306152
0,31480,-35.8762092590332,6.22886848449707,-4.939672946929932,12.072590827941895
0,31481,38.2794189453125,41.62747573852539,10.638907432556152,13.061189651489258
0,31481,36.57504653930664,-0.5329613089561462,27.30479621887207,-8.447972297668457
0,31482,-19.173072814941406,-13.412177085876465,-25.510740280151367,-31.274335861206055
0,31483,-11.594181060791016,-10.214037895202637,-46.462039947509766,-16.95511245727539
0,31486,-13.54590129852295,-4.879632472991943,30.54804229736328,18.230545043945312
0,31488,-6.883780002593994,6.959104537963867,28.39756202697754,31.376535415649414
0,31490,20.885190963745117,11.392909049987793,-4.866441249847412,-5.4040679931640625
0,31492,10.385714530944824,10.53120231628418,14.869573593139648,-25.133487701416016
0,31494,-13.038183212280273,-3.85720157623291,2.837919235229492,11.96401309967041
0,31496,1.740573525428772,-6.4716572761535645,-11.33548355102539,-6.209777355194092
0,31498,3.3986446857452393,-4.693962574005127,-2.0346930027008057,-7.8829498291015625
0,31500,-6.668370246887207,0.43498143553733826,-8.977948188781738,35.06925582885742
0,31502,2.4119043350219727,8.456048965454102,5.8925604820251465,12.940258026123047
0,31504,-12.502021789550781,-12.591890335083008,2.390967845916748,-19.264177322387695
0,31506,-15.598130226135254,-18.04416275024414,-9.001269340515137,-18.991764068603516
0,31508,4.429508209228516,21.30742073059082,8.480862617492676,3.799766778945923
0,31510,25.92927360534668,25.58530044555664,-9.78421688079834,10.749004364013672
0,31512,-7.818609714508057,-22.432546615600586,-21.157621383666992,-5.130856990814209
0,31515,-11.672801971435547,-24.08852195739746,14.3386869430542,-5.177023410797119
0,31599,34.156890869140625,55.54193115234375,36.37797927856445,4.291810035705566
0,31599,-2.4645371437072754,15.766300201416016,1.9189646244049072,19.328657150268555
0,31600,-18.748197555541992,-57.95357894897461,-27.036191940307617,-7.410107135772705
0,31600,2.0053927898406982,5.509143352508545,-3.0160794258117676,-5.713257789611816
0,31600,6.155734062194824,13.768380165100098,1.8792908191680908,13.39523696899414
0,31600,6.925931453704834,-17.25455665588379,-9.234847068786621,-9.399091720581055
0,31600,-9.967419624328613,-0.9157358407974243,2.8310253620147705,-8.706548690795898
0,31600,0.7498114109039307,10.963603973388672,19.457717895507812,5.586445331573486
0,31601,9.905754089355469,0.794553816318512,-3.8973119258880615,-8.768134117126465
0,31601,-7.701052188873291,-6.21708869934082,-13.042718887329102,-8.553629875183105
0,31601,-12.188420295715332,-1.7565652132034302,3.4844400882720947,25.93815803527832
0,31601,0.25569918751716614,7.790889263153076,2.3290488719940186,-27.94268798828125
0,31601,-2.0736172199249268,3.316929817199707,20.137252807617188,-19.762805938720703
0,31602,-2.7387001514434814,-0.9712510108947754,8.139532089233398,43.07551956176758
0,31602,6.296683311462402,-5.11267614364624,-25.855138778686523,-6.052032947540283
0,31602,-5.542076587677002,-25.617029190063477,-0.6084345579147339,2.296307325363159
0,31602,-2.5875308513641357,7.078754425048828,26.734169006347656,8.144597053527832
0,31602,3.804307222366333,31.048593521118164,-2.5636610984802246,-15.951362609863281
0,31602,9.763116836547852,5.738440036773682,-20.19301414489746,10.253485679626465
0,31602,10.421488761901855,-17.399782180786133,-6.461999416351318,4.982263088226318
0,31603,-7.021227836608887,-19.350231170654297,-12.835679054260254,-9.839987754821777
0,31603,-8.374415397644043,5.087334156036377,-4.867672920227051,-5.101412296295166
0,31603,1.329181432723999,12.309242248535156,18.12917137145996,-4.88074254989624
0,31603,0.5152716636657715,6.882821559906006,0.2149500846862793,1.6576355695724487
0,31603,13.798163414001465,-5.284600257873535,-9.733092308044434,-7.981220245361328
0,31604,-13.906543731689453,-11.604151725769043,-3.756993055343628,-19.377422332763672
0,31604,-12.703462600708008,-2.929417371749878,-5.687645435333252,8.69452953338623
0,31604,20.83482551574707,14.465559005737305,1.4447156190872192,12.921969413757324
0,31604,-26.170215606689453,6.032088279724121,25.067916870117188,2.9943630695343018
0,31604,9.591668128967285,-15.735052108764648,4.680369853973389,-7.648207187652588
0,31604,16.893667221069336,-0.0499223917722702,-26.119766235351562,-6.127559661865234
0,31605,-19.979276657104492,14.872021675109863,14.511309623718262,11.06391716003418
0,31605,25.26871109008789,-2.7353920936584473,19.6646671295166,-6.380411624908447
0,31605,-11.467086791992188,-6.854172706604004,-1.0958424806594849,1.3824365139007568
0,31605,-25.2636661529541,30.515548706054688,4.113646030426025,28.455278396606445
0,31605,40.459442138671875,5.0578813552856445,-12.276853561401367,-14.562334060668945
0,31605,13.970236778259277,-25.89561653137207,-21.365474700927734,-30.115638732910156
0,31606,-34.6821403503418,-16.247417449951172,-11.641332626342773,44.2878303527832
0,31606,-14.213879585266113,-0.04939381778240204,26.511085510253906,32.02242660522461
0,31606,4.576992511749268,5.613277435302734,15.758090019226074,-18.337810516357422
0,31606,8.446483612060547,-2.3676674365997314,-26.345340728759766,-1.8234782218933105
0,31606,20.63164520263672,21.176977157592773,7.596093654632568,-32.67421340942383
0,31608,1.559893012046814,-20.52552604675293,0.8374322056770325,-3.772733449935913
0,31608,-27.20125961303711,-30.176198959350586,-9.423992156982422,49.55252456665039
0,31608,9.681487083435059,5.300991535186768,21.53921890258789,-19.58434295654297
0,31608,11.457294464111328,6.708151817321777,-5.256285667419434,-17.696157455444336
0,31608,-19.658401489257812,30.971519470214844,-10.67313003540039,15.246001243591309
0,31610,11.161410331726074,13.770280838012695,0.797021746635437,-12.10045337677002
0,31612,7.78842830657959,-13.952239036560059,-16.588468551635742,4.165971279144287
0,31614,-10.651847839355469,-21.848634719848633,8.884765625,15.314631462097168
0,31616,17.50687599182129,17.634082794189453,13.902499198913574,-32.89051818847656
0,31618,0.4866463243961334,29.410579681396484,-17.877029418945312,-38.63759231567383
0,31620,-8.888407707214355,-11.602723121643066,-3.0749573707580566,39.47450256347656
0,31622,3.1186046600341797,1.0229871273040771,9.540063858032227,42.131980895996094
0,31624,-19.959794998168945,5.171037197113037,4.735814094543457,-31.245155334472656
0,31626,2.9997565746307373,-3.8066823482513428,15.246135711669922,-23.865001678466797
0,31628,14.132676124572754,-32.90013122558594,3.5643866062164307,22.571826934814453
0,31630,-4.384482383728027,-24.199020385742188,-8.30299186706543,27.74453353881836
0,31632,7.5017876625061035,28.679893493652344,-20.526235580444336,3.0158793926239014
0,31634,6.305826663970947,27.33826446533203,6.094831466674805,-39.79951858520508
0,31636,-17.375102996826172,2.0504868030548096,27.537437438964844,-10.11794376373291
0,31638,-4.1004133224487305,-16.370946884155273,-25.292827606201172,-6.759981155395508
0,31640,0.27837905287742615,-27.24213981628418,-20.037433624267578,4.296432018280029
0,31642,-10.462682723999023,-2.205876111984253,12.031400680541992,69.64582824707031
0,31739,34.13685607910156,23.358356475830078,1.4185978174209595,-25.2971134185791
0,31739,9.561710357666016,9.097887992858887,3.763094902038574,-49.677978515625
0,31739,-19.651342391967773,4.98239803314209,2.9958064556121826,7.172545909881592
0,31739,4.155024528503418,-11.767772674560547,-12.88182544708252,-4.8838958740234375
0,31739,-30.95662498474121,-16.913330078125,0.8371951580047607,24.603330612182617
0,31739,-8.922307014465332,0.8813292980194092,7.529985427856445,16.654193878173828
0,31740,34.00331497192383,11.121851921081543,6.115381240844727,-3.707674980163574
0,31740,1.5826258659362793,14.11455249786377,5.361448764801025,-15.696263313293457
0,31740,-16.0908203125,-21.13306999206543,-1.8997998237609863,-3.4977540969848633
0,31740,6.0177531242370605,-14.285605430603027,6.961389541625977,10.90259075164795
0,31740,17.169965744018555,29.306941986083984,-8.46478271484375,-10.681709289550781
0,31740,-16.023469924926758,8.282144546508789,1.5033270120620728,10.493331909179688
0,31741,-21.972986221313477,-18.73887062072754,21.89330291748047,1.5202171802520752
0,31741,6.6741814613342285,7.8356451988220215,-8.422357559204102,-13.235108375549316
0,31741,-4.399438858032227,10.173826217651367,2.0178897380828857,-6.9105095863342285
0,31741,2.2254250049591064,-22.004005432128906,8.724111557006836,2.1468541622161865
0,31741,16.606040954589844,-9.621572494506836,-17.720911026000977,4.6172966957092285
0,31742,-3.839918375015259,14.62669563293457,-7.1595540046691895,-9.862553596496582
0,31742,-12.11106014251709,-5.2801432609558105,8.35315227508545,22.86163902282715
0,31742,-0.06436432898044586,-13.139723777770996,0.1915573626756668,1.5673378705978394
0,31742,11.3480806350708,3.467660427093506,-14.076983451843262,-28.703035354614258
0,31742,-12.09670639038086,-2.1053354740142822,-17.212827682495117,15.8912353515625
0,31742,-13.603226661682129,14.353874206542969,3.477635622024536,21.924551010131836
0,31743,27.8861083984375,25.79221534729004,25.286283493041992,-7.091562271118164
0,31743,22.570898056030273,-15.995223999023438,-9.176529884338379,-24.393943786621094
0,31743,-14.620135307312012,-10.733498573303223,-12.208346366882324,3.3730051517486572
0,31743,-15.103655815124512,6.690629005432129,21.748498916625977,25.697668075561523
0,31743,-0.6492213606834412,-1.0943477153778076,-8.409001350402832,4.11091423034668
0,31743,8.173441886901855,6.768126010894775,-12.84754753112793,-2.6281068325042725
0,31744,18.86069679260254,-5.356743812561035,3.086711883544922,-9.2978515625
0,31744,-4.79711389541626,-5.690413951873779,-0.19081038236618042,3.4204864501953125
0,31744,-15.296004295349121,3.8543176651000977,11.806791305541992,8.299627304077148
0,31744,19.042078018188477,17.47598648071289,14.262516975402832,-17.001480102539062
0,31744,2.8266286849975586,16.931726455688477,14.545620918273926,-11.405051231384277
0,31744,-8.690678596496582,-9.593465805053711,-24.665687561035156,-23.88218879699707
0,31745,5.655153274536133,-19.08625602722168,-29.594261169433594,7.510416507720947
0,31745,-18.391639709472656,-4.015932083129883,24.01363182067871,58.475250244140625
0,31745,-24.335678100585938,-6.01569938659668,15.502684593200684,5.900310039520264
0,31745,19.48322296142578,6.386061668395996,2.8263559341430664,-19.235563278198242
0,31745,38.333892822265625,13.31022834777832,-17.126569747924805,-25.446449279785156
0,31745,-18.046131134033203,-16.948942184448242,-19.92924690246582,-10.79092788696289
0,31746,-30.883874893188477,-15.492463111877441,22.609952926635742,24.152114868164062
0,31746,13.063712120056152,7.242732524871826,0.4266663193702698,-12.57351303100586
0,31746,27.527435302734375,19.296241760253906,-3.8557286262512207,-6.293164253234863
0,31746,-9.636749267578125,-22.442367553710938,12.11168384552002,29.805118560791016
0,31746,-16.89875602722168,-0.9525501132011414,-11.995549201965332,-8.20889949798584
0,31747,19.331844329833984,35.99325180053711,6.737364768981934,-31.31226921081543
0,31747,-21.50350570678711,-28.359010696411133,4.624960422515869,18.12978744506836
0,31748,-14.861248970031738,-11.500653266906738,-7.15504264831543,4.779577255249023
0,31748,34.457027435302734,62.6910285949707,2.379870891571045,-32.69168472290039
0,31748,-7.526919364929199,13.70841121673584,-14.538474082946777,-12.503255844116211
0,31748,-7.924839496612549,-59.43075942993164,-12.956198692321777,19.040185928344727
0,31749,0.6412500739097595,-12.708282470703125,4.760855674743652,42.05764389038086
0,31750,-4.267121315002441,36.32539367675781,36.02947235107422,8.837376594543457
0,31753,10.245027542114258,-24.895381927490234,-9.180000305175781,-20.080036163330078
0,31754,-6.635889530181885,-34.764068603515625,-38.1539421081543,-5.926428318023682
0,31757,2.332350969314575,37.50474166870117,37.55313491821289,9.341584205627441
0,31758,22.749404907226562,8.255465507507324,22.92153549194336,39.240478515625
0,31761,8.875025749206543,-3.7270615100860596,-19.258365631103516,-3.701075792312622
0,31762,-28.979999542236328,9.029863357543945,-18.561695098876953,-67.56029510498047
0,31765,-17.35662078857422,-33.20784378051758,-8.17010498046875,11.132524490356445
0,31766,9.921998023986816,-17.155893325805664,11.845161437988281,29.122089385986328
0,31769,-10.149133682250977,30.55571174621582,15.977795600891113,-23.000356674194336
0,31770,6.522125244140625,28.375341415405273,-10.026540756225586,2.558694362640381
0,31773,5.935965538024902,-36.78326416015625,-46.93912124633789,1.3003891706466675
0,31774,-10.820398330688477,-15.438374519348145,-1.2021608352661133,-16.189241409301758
0,31775,14.505606651306152,33.393672943115234,26.725770950317383,-19.00537109375
0,31778,14.769410133361816,3.23095703125,16.795913696289062,17.119813919067383
0,31779,4.230971336364746,-1.9758374691009521,21.673002243041992,50.41127014160156
0,31782,-6.926241874694824,-9.956014633178711,-19.666650772094727,-16.541196823120117
0,31783,-9.01998519897461,9.818427085876465,-8.544037818908691,-25.109277725219727
0,31891,-2.3634843826293945,25.48052406311035,31.85401153564453,20.41927719116211
0,31891,-3.778820276260376,-13.122605323791504,3.2933733463287354,-14.571396827697754
0,31891,-2.9134604930877686,-22.482013702392578,-27.07722282409668,3.885277271270752
0,31891,2.197100877761841,8.719158172607422,7.9161224365234375,21.23114013671875
0,31891,-5.213100910186768,6.847319602966309,21.872100830078125,-35.735755920410156
0,31892,-8.028294563293457,-21.355236053466797,-35.46735382080078,0.5748521089553833
0,31892,-5.278082847595215,8.330599784851074,-13.08242130279541,40.501678466796875
0,31892,-5.543492317199707,26.90537452697754,34.85369873046875,-15.905983924865723
0,31892,31.668804168701172,-9.59011459350586,-16.02946662902832,-19.469938278198242
0,31892,17.11136245727539,-19.693540573120117,-22.43548583984375,9.885583877563477
0,31892,-24.302934646606445,-1.6700340509414673,16.760194778442383,3.3825011253356934
0,31893,4.936421871185303,15.270719528198242,18.098407745361328,-4.503344535827637
0,31893,17.292980194091797,7.6460113525390625,2.3517212867736816,-6.323838233947754
0,31893,3.4684596061706543,-4.787421226501465,-26.283092498779297,1.1508371829986572
0,31893,-7.457610607147217,5.703202247619629,-10.91448974609375,4.743706703186035
0,31893,-6.030027389526367,-13.262125968933105,19.201412200927734,-9.907917976379395
0,31893,-0.6332429647445679,-17.302213668823242,3.9247756004333496,-12.914496421813965
0,31894,-0.22810865938663483,15.543991088867188,-6.12857723236084,9.455241203308105
0,31894,-2.3214380741119385,9.164551734924316,-3.173062801361084,6.2090911865234375
0,31894,-31.569442749023438,-11.131591796875,-2.71647572517395,-7.4007568359375
0,31894,0.6257148385047913,-12.406357765197754,5.502198696136475,31.805421829223633
0,31894,26.72699546813965,-0.4406845271587372,3.0161044597625732,20.953723907470703
0,31894,-1.0284523963928223,32.15308380126953,-0.7671744227409363,-45.16354751586914
0,31895,1.1568320989608765,-3.048261880874634,7.1712870597839355,-8.014822006225586
0,31895,-14.996820449829102,-28.44525718688965,-5.375638961791992,34.58595275878906
0,31895,-5.020764350891113,20.128894805908203,-8.418618202209473,-8.621135711669922
0,31895,-0.5998224020004272,-3.60528564453125,-4.781526565551758,-14.933507919311523
0,31895,3.624373197555542,-28.214550018310547,-2.5132031440734863,-2.1495749950408936
0,31896,22.325027465820312,5.918910980224609,9.886921882629395,-10.8794527053833
0,31896,-14.549644470214844,18.74507713317871,-8.479635238647461,11.2962007522583
0,31896,-0.8368881344795227,-2.1714894771575928,10.890843391418457,15.283093452453613
0,31896,18.747407913208008,-2.641897678375244,19.528825759887695,-8.995591163635254
0,31896,-4.099804401397705,8.312986373901367,-19.62858009338379,1.167542576789856
0,31896,-18.799346923828125,-24.594770431518555,-2.0011773109436035,4.766761302947998
0,31897,-15.549405097961426,-24.77452850341797,10.294417381286621,4.707828998565674
0,31897,20.01453399658203,35.25666046142578,4.074330806732178,16.543556213378906
0,31897,23.07035255432129,25.72406005859375,13.870615005493164,-14.975347518920898
0,31897,-16.11417579650879,-31.186845779418945,-10.25112533569336,-1.1903156042099
0,31897,-17.645421981811523,-7.606673240661621,-26.290918350219727,10.809403419494629
0,31897,20.011072158813477,21.87923240661621,5.459098815917969,-6.337184906005859
0,31898,13.280383110046387,-6.264797210693359,13.13589859008789,12.710537910461426
0,31898,1.917401909828186,-18.96337127685547,-11.971171379089355,-17.790761947631836
0,31898,-4.169196605682373,6.589166164398193,-12.501876831054688,1.148433804512024
0,31898,-11.236263275146484,20.613338470458984,-0.9656806588172913,33.03769302368164
0,31898,14.441740036010742,9.859216690063477,26.46722412109375,-0.5875704288482666
0,31898,8.98828411102295,1.5419244766235352,10.428983688354492,-1.2095173597335815
0,31899,-20.91500473022461,-7.445032119750977,-18.347585678100586,4.605998516082764
0,31899,-11.525246620178223,2.9623186588287354,4.011473655700684,-21.808046340942383
0,31899,32.93380355834961,2.5412445068359375,-6.536569118499756,-12.138050079345703
0,31899,-6.554515361785889,-11.955206871032715,19.118988037109375,27.32265281677246
0,31899,-32.938758850097656,2.451216220855713,23.073909759521484,-0.6887403130531311
0,31899,14.068727493286133,7.139292240142822,-27.921428680419922,-52.627479553222656
0,31900,-22.700101852416992,16.41473388671875,-7.955687046051025,-11.052392959594727
0,31901,5.620737075805664,19.94137954711914,19.803035736083984,7.970948696136475
0,31901,38.40404510498047,-13.787866592407227,19.023189544677734,-27.089454650878906
0,31901,-10.239343643188477,-22.971817016601562,-7.711004734039307,8.111274719238281
0,31901,1.4673138856887817,9.867151260375977,-39.78879928588867,-17.892900466918945
0,31902,-16.8284854888916,12.109101295471191,-10.39136028289795,-8.904356002807617
0,31903,-18.914718627929688,2.2139759063720703,22.264699935913086,29.65308952331543
0,31904,2.2957141399383545,-12.66344928741455,-2.3265202045440674,-13.189397811889648
0,31906,22.33835220336914,-18.871240615844727,-10.468430519104004,12.710110664367676
0,31908,2.6514034271240234,3.4448764324188232,13.047643661499023,11.340150833129883
0,31910,-36.90980529785156,-16.08449363708496,-9.764471054077148,-18.982866287231445
0,31912,35.29367446899414,-3.8407182693481445,-39.511043548583984,31.84865951538086
0,31914,39.965999603271484,23.24409294128418,25.4617977142334,37.82019805908203
0,31916,-53.95710372924805,-23.725486755371094,14.203625679016113,-20.05828094482422
0,31918,-45.658382415771484,-18.526020050048828,-36.0770149230957,-17.28594970703125
0,31920,30.89542579650879,26.67247772216797,45.9085693359375,21.432430267333984
0,31922,46.84827423095703,18.11362648010254,18.7069091796875,0.07905062288045883
0,31924,3.4764363765716553,-5.43832540512085,-35.87297058105469,-5.350255012512207
0,31926,-34.33320236206055,-7.2338080406188965,9.567028999328613,18.004653930664062
0,31928,9.033280372619629,29.47032928466797,11.792396545410156,-19.079713821411133
0,31930,18.797027587890625,13.830071449279785,7.420833587646484,1.9268642663955688
0,31932,-23.409812927246094,-31.699390411376953,-2.8031039237976074,4.874613285064697
0,31934,-14.540867805480957,-49.87527847290039,-21.57193374633789,-51.92189407348633
0,31936,13.779375076293945,-6.110143661499023,1.9959049224853516,28.232566833496094
0,31938,22.482261657714844,50.66054916381836,2.193239212036133,58.77986526489258
0,31940,14.879798889160156,26.056903839111328,6.0665483474731445,-29.98638916015625
0,31942,-10.336836814880371,-8.772401809692383,-7.642073631286621,-33.83174133300781
0,32059,-11.65986156463623,-26.758222579956055,-2.603667974472046,17.223466873168945
0,32059,9.122774124145508,-16.435531616210938,58.871055603027344,38.17103576660156
0,32060,-17.9211483001709,-3.3636178970336914,-13.12899112701416,2.462873935699463
0,32060,3.7626638412475586,20.58812141418457,-39.1663818359375,-21.223106384277344
0,32060,21.712350845336914,13.250146865844727,7.491708278656006,1.034449815750122
0,32060,-15.56306266784668,3.3003833293914795,-5.002996444702148,-14.443458557128906
0,32060,-19.245994567871094,-0.7798577547073364,13.414429664611816,-16.93510627746582
0,32060,2.4592132568359375,-23.620317459106445,-4.038153648376465,16.101680755615234
0,32061,-7.371244430541992,0.4173896312713623,-16.738967895507812,9.059826850891113
0,32061,-0.689827024936676,14.645522117614746,12.633352279663086,-26.488670349121094
0,32061,28.47974395751953,0.5591233968734741,-1.7644681930541992,-21.639141082763672
0,32061,-16.970985412597656,-24.64301300048828,-19.94398307800293,7.918674945831299
0,32061,-25.78705596923828,7.992168426513672,-11.402112007141113,-6.4101057052612305
0,32061,19.532583236694336,36.97268295288086,12.358933448791504,-5.460737228393555
0,32062,13.227070808410645,-4.772071838378906,13.949047088623047,29.5502872467041
0,32062,-8.474775314331055,-15.126666069030762,-9.907015800476074,15.864055633544922
0,32062,6.234942436218262,14.511913299560547,5.705122470855713,-27.16642189025879
0,32062,12.713981628417969,2.961333751678467,4.216855049133301,-13.390491485595703
0,32062,-15.474241256713867,-11.261743545532227,-15.352348327636719,12.680682182312012
0,32062,-20.10103416442871,4.7700395584106445,9.364348411560059,-0.8163681626319885
0,32063,4.9035563468933105,-13.795886039733887,17.218996047973633,17.853349685668945
0,32063,12.710756301879883,2.1523284912109375,-1.1127406358718872,30.725934982299805
0,32063,0.5608521103858948,23.26470184326172,-4.141082763671875,-7.3984503746032715
0,32063,8.230669021606445,-17.121864318847656,-7.538034439086914,-16.654436111450195
0,32063,-1.428052544593811,-10.387308120727539,6.504712104797363,-9.643421173095703
0,32064,0.7051427364349365,15.9928560256958,16.858104705810547,-1.332176923751831
0,32064,6.133991718292236,-5.175020217895508,-12.712681770324707,2.211226463317871
0,32064,-21.361238479614258,-7.13388729095459,-28.409759521484375,-15.915912628173828
0,32064,4.329004287719727,-9.038890838623047,-1.3798646926879883,20.494245529174805
0,32064,12.80919075012207,7.244219779968262,34.74403762817383,14.637153625488281
0,32064,4.613053321838379,2.933760643005371,-7.449468612670898,-20.146759033203125
0,32065,-8.782770156860352,-29.39179229736328,-37.14451217651367,7.264909267425537
0,32065,-14.416796684265137,23.316200256347656,15.010549545288086,-15.403003692626953
0,32065,27.839176177978516,22.62273406982422,17.84596824645996,4.07375431060791
0,32065,7.957679748535156,-15.484204292297363,8.177475929260254,36.293052673339844
0,32065,-28.870492935180664,1.5417375564575195,-7.572335243225098,-16.010162353515625
0,32065,-11.465919494628906,-14.890828132629395,-3.4896152019500732,-13.905281066894531
0,32066,20.69269371032715,-6.523813724517822,20.3848819732666,-3.102088451385498
0,32066,15.41103744506836,27.82486343383789,-24.002906799316406,-23.556936264038086
0,32066,-17.611173629760742,9.933091163635254,-27.95522117614746,15.624156951904297
0,32066,-20.252195358276367,-13.650540351867676,34.349369049072266,20.648963928222656
0,32066,19.961780548095703,1.2097762823104858,25.45232582092285,-21.606019973754883
0,32066,-1.613455891609192,0.9256625771522522,-35.660274505615234,3.7865986824035645
0,32067,-30.100502014160156,-22.89174461364746,-15.744449615478516,32.93047332763672
0,32067,29.660234451293945,3.553968906402588,22.753429412841797,0.4282964766025543
0,32067,15.210488319396973,15.678247451782227,10.103155136108398,-7.215577125549316
0,32067,-22.76302719116211,-14.904947280883789,-9.863679885864258,7.961328029632568
0,32067,13.772331237792969,-3.0155792236328125,-16.837783813476562,-22.89813804626465
0,32067,9.3683443069458,1.4598782062530518,5.630056381225586,-2.0638997554779053
0,32068,-16.048545837402344,12.426486015319824,21.11197280883789,18.315093994140625
0,32068,-6.629016876220703,3.362720489501953,-4.97550106048584,-24.835872650146484
0,32068,-2.1497080326080322,-22.762645721435547,-29.055055618286133,3.245645046234131
0,32068,9.392216682434082,14.006510734558105,0.954655110836029,9.342691421508789
0,32068,18.852527618408203,10.168038368225098,30.17982292175293,-23.765060424804688
0,32068,7.6630377769470215,-2.253567695617676,2.888129234313965,-9.599162101745605
0,32069,-16.05734634399414,6.779757976531982,-18.128934860229492,12.284998893737793
0,32069,-24.718841552734375,-9.107542991638184,13.50973892211914,12.319485664367676
0,32069,12.909708976745605,-9.07305908203125,11.894965171813965,-8.206791877746582
0,32070,18.85248565673828,3.079620122909546,-16.0293025970459,17.35573387145996
0,32070,-15.237306594848633,1.848376750946045,-0.05743664503097534,25.719226837158203
0,32071,0.7806761264801025,9.409314155578613,0.279962956905365,-24.32795524597168
0,32071,3.7720787525177,-8.795682907104492,-0.9095876216888428,-10.208457946777344
0,32071,0.5637063980102539,-14.967455863952637,11.497663497924805,25.016254425048828
0,32071,2.552311897277832,30.653547286987305,-6.583224773406982,-5.561639308929443
0,32073,-19.901857376098633,1.8924213647842407,-3.2795310020446777,-7.084749698638916
0,32074,-4.722478866577148,-9.408181190490723,11.80036735534668,-10.53554916381836
0,32077,-1.7138762474060059,11.032317161560059,-0.09786781668663025,-11.796220779418945
0,32078,-1.8280903100967407,-10.372091293334961,2.3970017433166504,23.24823760986328
0,32081,12.340668678283691,-1.5953454971313477,7.868650436401367,1.5714905261993408
0,32082,13.060606956481934,4.987101078033447,-13.896477699279785,-11.781892776489258
0,32085,-1.0456035137176514,-7.584927082061768,-20.802303314208984,-8.660917282104492
0,32086,-25.58377456665039,-20.728918075561523,14.13688850402832,33.07583236694336
0,32089,-4.270698070526123,-14.824838638305664,-7.696071624755859,-3.3468334674835205
0,32090,16.93913459777832,2.419881582260132,-15.857185363769531,-65.5018539428711
0,32093,-1.926077961921692,40.25853729248047,14.48141098022461,39.37788009643555
0,32094,-5.932355880737305,16.51091957092285,-10.344120025634766,29.135234832763672
0,32097,28.336872100830078,-44.86886215209961,14.764005661010742,-19.383670806884766
0,32098,27.063451766967773,-1.4586938619613647,28.832578659057617,1.6237118244171143
0,32101,-27.142196655273438,80.17730712890625,-17.544292449951172,-10.855701446533203
0,32102,-34.728355407714844,22.199493408203125,-6.691325664520264,4.8352766036987305
0,32105,9.90124225616455,-96.91397094726562,-1.050117015838623,-3.6290321350097656
0,32106,37.67485809326172,-20.92070770263672,-10.15857982635498,-7.630990982055664
0,32109,16.349960327148438,45.59138488769531,18.335655212402344,5.191379070281982
0,32110,-20.843181610107422,-3.621354579925537,-0.9423792362213135,8.913819313049316
0,32111,-31.78046417236328,-24.357624053955078,-22.197643280029297,6.3917131423950195
0,32114,-17.679054260253906,19.705408096313477,13.722540855407715,-8.652449607849121
0,32243,15.580622673034668,18.505678176879883,-6.4078369140625,0.63960200548172
0,32244,22.37533187866211,-46.389076232910156,-19.323801040649414,17.775693893432617
0,32244,4.033923625946045,7.337368011474609,19.018999099731445,-4.923713684082031
0,32244,-0.42327797412872314,17.558034896850586,12.05690860748291,-22.406736373901367
0,32244,-13.395041465759277,-9.148080825805664,-1.4167721271514893,10.109248161315918
0,32244,3.9043941497802734,32.33466720581055,3.8659451007843018,3.5852792263031006
0,32244,12.881996154785156,2.1229329109191895,9.536656379699707,-19.268360137939453
0,32245,-15.946734428405762,-29.34695053100586,-18.80876350402832,-1.7769255638122559
0,32245,-13.369194030761719,-2.7555201053619385,-4.2815165519714355,15.013877868652344
0,32245,14.059765815734863,-2.054608106613159,25.785612106323242,13.594542503356934
0,32245,10.536959648132324,9.22163200378418,-7.771836280822754,-17.453523635864258
0,32245,-23.47564697265625,-10.212706565856934,-22.949907302856445,-9.503568649291992
0,32245,-5.06682014465332,-20.421958923339844,-20.99335479736328,11.335792541503906
0,32246,15.817590713500977,30.897214889526367,4.886137008666992,7.31370210647583
0,32246,1.9842077493667603,2.976551055908203,14.473243713378906,-5.604966163635254
0,32246,-2.089203119277954,-6.857167720794678,-0.755876898765564,-12.330730438232422
0,32246,-0.7362056970596313,6.50528621673584,6.232635498046875,23.959794998168945
0,32246,-8.055537223815918,-2.6219394207000732,-2.6951775550842285,7.673348426818848
0,32246,-10.657157897949219,9.45865249633789,0.8526447415351868,-37.02286148071289
0,32247,21.69373893737793,-14.310931205749512,3.2667572498321533,-0.6264353394508362
0,32247,4.911876678466797,-6.791370868682861,-7.691107749938965,29.410043716430664
0,32247,-15.657951354980469,15.787334442138672,3.5680341720581055,-7.164861679077148
0,32247,-1.2175654172897339,-15.82402515411377,3.964285373687744,-13.375327110290527
0,32247,-11.619452476501465,-27.55249786376953,3.621380567550659,19.664846420288086
0,32247,7.320184230804443,20.815139770507812,10.511970520019531,0.3733495771884918
0,32248,18.07585906982422,33.18982696533203,12.026110649108887,-21.593656539916992
0,32248,6.783091068267822,-14.036815643310547,-2.1774187088012695,2.0071027278900146
0,32248,0.13106338679790497,-12.179217338562012,-30.387060165405273,7.943643093109131
0,32248,-17.868053436279297,6.214824676513672,-5.102752685546875,6.12717342376709
0,32248,1.3741397857666016,25.540393829345703,28.684635162353516,11.499938011169434
0,32248,25.694290161132812,14.797405242919922,8.273606300354004,0.04854559153318405
0,32249,0.07823945581912994,-25.11223030090332,-5.805388450622559,-17.618350982666016
0,32249,-23.15592384338379,5.333942890167236,-6.891754150390625,4.644819736480713
0,32249,-9.01832103729248,16.891565322875977,9.514802932739258,14.5590238571167
0,32249,22.286888122558594,-22.809526443481445,5.999885559082031,-8.455249786376953
0,32249,6.322835445404053,-8.338744163513184,-15.41752815246582,-5.131716728210449
0,32250,-14.792722702026367,28.933048248291016,2.1188082695007324,-16.290069580078125
0,32250,10.83712387084961,-10.22396183013916,-8.196290016174316,-6.206541538238525
0,32250,-7.820138931274414,-28.716598510742188,-19.775291442871094,13.888811111450195
0,32250,-8.984469413757324,2.1934890747070312,20.77288818359375,-10.565081596374512
0,32250,5.571377754211426,-2.0718624591827393,17.442859649658203,6.9802117347717285
0,32250,-9.529417991638184,22.098432540893555,-12.061277389526367,14.44085693359375
0,32251,9.705564498901367,1.4423491954803467,-2.4255690574645996,-28.247915267944336
0,32251,0.9486032724380493,-43.386268615722656,-2.565652370452881,6.741091251373291
0,32251,-6.65678071975708,12.686293601989746,-10.286632537841797,22.1334285736084
0,32251,7.557524681091309,23.765291213989258,-0.6389550566673279,-4.502823829650879
0,32251,4.932628154754639,-15.518060684204102,0.8815452456474304,3.8005318641662598
0,32251,3.2483105659484863,12.039576530456543,10.329023361206055,18.152963638305664
0,32252,7.519449234008789,-1.7073098421096802,14.157586097717285,5.26386833190918
0,32252,-1.816054105758667,-18.778602600097656,-13.532483100891113,-24.780029296875
0,32252,-15.77072525024414,9.432464599609375,-10.544098854064941,1.5109577178955078
0,32252,-20.841644287109375,-5.663133144378662,16.87835121154785,1.192239761352539
0,32252,0.6782510876655579,-1.6147273778915405,2.597916603088379,-4.954641819000244
0,32252,19.05374526977539,14.841144561767578,-8.736455917358398,19.3118839263916
0,32253,-5.976075649261475,8.55179214477539,-3.2843990325927734,-13.858919143676758
0,32253,-6.499594688415527,-15.163780212402344,-6.061102390289307,-12.250767707824707
0,32253,2.5152523517608643,10.556260108947754,3.946075439453125,28.548282623291016
0,32253,-3.3944926261901855,13.462462425231934,-3.669070243835449,-17.945579528808594
0,32253,6.11658239364624,-15.961109161376953,3.9565253257751465,-30.818147659301758
0,32253,20.064851760864258,14.781529426574707,-5.534814834594727,20.594263076782227
0,32254,-6.218805313110352,-0.41077134013175964,-10.214898109436035,1.5476919412612915
0,32254,-2.522204637527466,-28.446229934692383,23.81888198852539,-13.73303508758545
0,32254,28.411216735839844,7.990906715393066,5.937070846557617,21.1986083984375
0,32254,-14.019742012023926,32.120845794677734,-0.5185481905937195,16.68532371520996
0,32254,-12.302680015563965,-19.599321365356445,-9.690126419067383,-18.243154525756836
0,32256,-0.00759400799870491,-19.64142608642578,1.5459527969360352,-15.929717063903809
0,32256,-18.078907012939453,13.617920875549316,9.898259162902832,29.8402042388916
0,32256,3.7441091537475586,4.640779972076416,-19.60982894897461,11.024290084838867
0,32256,0.1910102665424347,7.546854019165039,3.356149196624756,-49.01640319824219
0,32256,7.729628086090088,-22.404281616210938,2.9702179431915283,-24.201658248901367
0,32256,-7.027450084686279,-22.762540817260742,-14.071992874145508,36.726837158203125
0,32258,-11.21720027923584,25.46670150756836,-18.003671646118164,28.204641342163086
0,32260,18.148176193237305,18.516206741333008,17.776878356933594,-3.6970529556274414
0,32262,11.212103843688965,-5.329782009124756,36.939640045166016,-9.848296165466309
0,32264,-17.977930068969727,-15.77311897277832,-25.80117416381836,-25.394428253173828
0,32266,-15.279458999633789,6.693805694580078,-25.8428897857666,-7.4080491065979
0,32268,35.221412658691406,16.401275634765625,18.481884002685547,21.567747116088867
0,32270,9.025923728942871,-37.36194610595703,-5.417052745819092,3.109008550643921
0,32273,-27.47185707092285,-4.314718246459961,-0.20369023084640503,-15.97077751159668
0,32274,6.56788444519043,49.12901306152344,24.767192840576172,17.89718246459961
0,32277,9.46772575378418,-3.8913350105285645,-7.295713901519775,31.582111358642578
0,32278,-2.10076904296875,-32.620628356933594,7.550187587738037,-7.566647529602051
0,32281,-6.569209098815918,9.442622184753418,4.959609508514404,-28.216848373413086
0,32282,-9.209704399108887,22.602087020874023,-23.56232261657715,1.9336987733840942
0,32285,8.606236457824707,-10.593740463256836,2.2134482860565186,28.355234146118164
0,32286,-21.45927619934082,-23.8050537109375,0.4736953377723694,-6.949069023132324
0,32289,4.343526840209961,6.079195022583008,-2.534583330154419,-31.427858352661133
0,32290,26.295045852661133,26.30099105834961,31.801393508911133,11.136137962341309
0,32293,-16.733243942260742,-1.835928201675415,10.168452262878418,8.57955551147461
0,32294,-2.195629119873047,-31.517749786376953,-47.15570831298828,-2.620764970779419
0,32297,7.470463752746582,-7.385402679443359,-3.481311559677124,-5.983973979949951
0,32298,-1.832633376121521,28.708635330200195,39.44785690307617,-16.667402267456055
0,32438,-8.300041198730469,14.394118309020996,-27.24736213684082,21.829273223876953
0,32438,20.44272804260254,-1.395871639251709,-29.08701515197754,-13.389829635620117
0,32438,4.728710174560547,-24.101394653320312,27.729209899902344,-21.27193832397461
0,32438,-24.696552276611328,-12.714893341064453,19.890300750732422,42.22694778442383
0,32438,20.23832893371582,19.871429443359375,8.731344223022461,13.20499038696289
0,32438,7.163965225219727,1.705551028251648,-14.141169548034668,-23.161300659179688
0,32439,-20.3642578125,0.30763211846351624,-21.528108596801758,-7.461501121520996
0,32439,11.496848106384277,15.925524711608887,3.1689422130584717,0.9260742664337158
0,32439,7.77510404586792,-0.8925338983535767,3.6218245029449463,5.8904314041137695
0,32439,-26.194551467895508,-19.132911682128906,11.637633323669434,18.441150665283203
0,32439,5.364756107330322,11.135231971740723,5.845034599304199,-2.7452950477600098
0,32440,25.710481643676758,-1.795027494430542,-4.82440185546875,-47.75566482543945
0,32440,-8.556205749511719,-29.110074996948242,1.9331790208816528,3.3832385540008545
0,32440,-2.4049668312072754,10.44863510131836,4.410752773284912,44.21074295043945
0,32440,-5.456461429595947,26.950576782226562,-8.547632217407227,-23.509841918945312
0,32440,-8.603412628173828,-9.823873519897461,-10.428717613220215,0.3625493049621582
0,32440,-4.301615238189697,-18.75586700439453,15.427777290344238,34.59009552001953
0,32441,-17.519655227661133,14.27363395690918,5.759970664978027,-21.79612159729004
0,32441,13.563420295715332,-6.8125128746032715,-20.474485397338867,-35.54443359375
0,32441,20.228792190551758,-19.217405319213867,2.404542922973633,16.560026168823242
0,32441,-5.636607646942139,22.611692428588867,3.9671571254730225,23.83527946472168
0,32441,-1.2752463817596436,14.95213508605957,-10.2562894821167,-19.068206787109375
0,32441,1.0563502311706543,-25.68770980834961,16.00979995727539,8.502099990844727
0,32442,-5.430291652679443,-1.4179859161376953,-0.3435036838054657,19.349241256713867
0,32442,-1.749101996421814,32.18064880371094,-13.297619819641113,-2.97580885887146
0,32442,8.002700805664062,-17.957563400268555,10.020315170288086,-5.9987874031066895
0,32442,6.129117012023926,-24.9381160736084,4.252049446105957,-8.416498184204102
0,32442,-2.780075788497925,23.1268253326416,1.7673146724700928,5.153445720672607
0,32443,9.031338691711426,21.126752853393555,-18.394573211669922,-8.287456512451172
0,32443,8.991372108459473,-11.709845542907715,-16.59278106689453,-7.798595905303955
0,32443,-32.340972900390625,-15.256391525268555,26.69492530822754,22.849756240844727
0,32443,-18.85356330871582,22.00618553161621,15.586359977722168,-17.683788299560547
0,32443,9.291866302490234,-0.3501817286014557,-4.094799041748047,-4.9724273681640625
0,32443,-5.378013610839844,-23.434188842773438,-12.576593399047852,42.11851501464844
0,32444,32.14120864868164,20.106689453125,-27.06541633605957,-32.0739860534668
0,32444,12.097660064697266,10.05367660522461,8.632495880126953,-28.25501823425293
0,32444,-34.00407028198242,-11.666024208068848,48.637332916259766,18.66604232788086
0,32444,20.214908599853516,0.16960294544696808,-19.618947982788086,-0.1979079693555832
0,32444,-4.425339221954346,-1.8955678939819336,-22.75208282470703,10.929686546325684
0,32444,-26.30764389038086,-10.524101257324219,47.59274673461914,9.324953079223633
0,32445,53.06698989868164,-13.216341018676758,-28.983482360839844,-18.169401168823242
0,32445,9.546550750732422,5.71186637878418,-44.13185501098633,-21.848522186279297
0,32445,-46.169837951660156,-0.44820424914360046,36.791664123535156,-9.275248527526855
0,32445,-11.01140308380127,-4.476616859436035,20.35189437866211,9.252615928649902
0,32445,9.996240615844727,7.13292932510376,-14.016892433166504,38.734840393066406
0,32445,17.161523818969727,11.779623985290527,11.589203834533691,16.019929885864258
0,32446,-4.898399829864502,9.47387409210205,3.396711826324463,-23.607921600341797
0,32446,-9.413984298706055,-18.738344192504883,-18.443504333496094,-7.341585159301758
0,32446,1.1312302350997925,1.430443525314331,2.239703893661499,0.1339567005634308
0,32446,5.82906436920166,0.4488346576690674,-14.701586723327637,-9.710150718688965
0,32446,6.994388103485107,-16.01542854309082,-8.817203521728516,32.59152603149414
0,32446,-22.482196807861328,35.4876594543457,42.26420974731445,12.068913459777832
0,32447,2.644299030303955,7.474670886993408,-5.685751914978027,-26.521726608276367
0,32447,49.05895233154297,-26.89735221862793,-38.481502532958984,9.469769477844238
0,32447,-28.30144691467285,13.068129539489746,30.546932220458984,-9.692248344421387
0,32447,-36.34718704223633,1.9054234027862549,14.027862548828125,-33.00094223022461
0,32447,36.946022033691406,17.247642517089844,-27.79125213623047,10.20307445526123
0,32447,10.814447402954102,16.592906951904297,-5.903690814971924,22.09387969970703
0,32448,-19.11410140991211,-53.17009353637695,3.9748711585998535,-1.7726191282272339
0,32448,-13.031593322753906,-21.36722183227539,-1.3336142301559448,-10.983549118041992
0,32448,15.830141067504883,24.51395034790039,4.41940450668335,-21.158023834228516
0,32448,-0.9946964383125305,15.201643943786621,5.603102684020996,31.294841766357422
0,32448,-21.64186668395996,1.7382465600967407,2.6522302627563477,37.987300872802734
0,32448,9.267847061157227,-7.750823020935059,-0.43000563979148865,-35.76991271972656
0,32449,4.863048553466797,1.8877192735671997,-10.396626472473145,-14.358963012695312
0,32449,9.584425926208496,-7.713528633117676,-2.1037895679473877,23.24504280090332
0,32449,16.0921630859375,-9.381156921386719,8.198421478271484,-4.116440773010254
0,32449,-6.894741535186768,-1.4726507663726807,5.144484996795654,-3.2426321506500244
0,32449,-25.029617309570312,-3.7160587310791016,-3.027346134185791,-2.978001832962036
0,32449,-7.263225555419922,-1.2139757871627808,13.16886043548584,-1.4916322231292725
0,32451,31.861560821533203,30.668519973754883,6.2607879638671875,13.499895095825195
0,32451,18.128625869750977,19.529281616210938,-31.068334579467773,-5.375479221343994
0,32451,-18.801599502563477,-29.64741325378418,-5.1586761474609375,3.6894493103027344
0,32451,-22.208688735961914,-13.868717193603516,4.8328680992126465,-15.231066703796387
0,32451,3.1389713287353516,-2.7286384105682373,-12.716702461242676,-11.75151538848877
0,32452,-5.365097999572754,-7.707116603851318,19.35866355895996,38.974117279052734
0,32453,2.765392780303955,16.114952087402344,2.7106266021728516,-38.59742736816406
0,32454,23.25455093383789,5.901530742645264,-31.655961990356445,2.429091215133667
0,32455,-21.862825393676758,-12.140256881713867,-4.83604097366333,59.20576477050781
0,32458,-14.009034156799316,17.211692810058594,40.51136016845703,-46.94136428833008
0,32459,17.513465881347656,5.64866828918457,24.60441780090332,-1.630676507949829
0,32462,5.575631141662598,-21.730466842651367,-29.551227569580078,8.78243350982666
0,32464,6.5541605949401855,5.409306049346924,-4.143517971038818,-36.46494674682617
0,32466,3.143381118774414,5.772913932800293,21.734573364257812,18.009321212768555
0,32468,-11.480257987976074,-17.623973846435547,13.739362716674805,21.882335662841797
0,32470,-3.671304941177368,8.871328353881836,9.325186729431152,-13.73083209991455
0,32472,7.386444568634033,31.282766342163086,-24.267562866210938,-1.6364866495132446
0,32474,-11.066794395446777,-0.733485996723175,-19.048986434936523,29.437259674072266
0,32476,-24.75421714782715,-7.4681878089904785,17.383312225341797,-14.418560981750488
0,32478,3.991312026977539,-9.838672637939453,9.139565467834473,-22.269683837890625
0,32480,42.9254150390625,-20.68840217590332,-5.925535202026367,23.530784606933594
0,32482,11.977409362792969,-0.49158337712287903,-47.83850860595703,-15.04124927520752
0,32484,-20.166446685791016,22.011396408081055,-19.110992431640625,-7.128005027770996
0,32486,1.652932047843933,11.650023460388184,51.449440002441406,20.26117706298828
0,32488,11.79807186126709,-12.742020606994629,2.4349470138549805,-18.78291893005371
0,32491,-15.199422836303711,-10.858173370361328,-24.68821144104004,-5.427247524261475
0,32492,-26.349075317382812,2.6499745845794678,8.456095695495605,1.6811485290527344
0,32495,12.090920448303223,10.648003578186035,20.936904907226562,-2.4474377632141113
0,32642,21.61465835571289,-16.970457077026367,2.857290744781494,20.67112159729004
0,32642,-0.6496520042419434,-5.6404523849487305,-25.25962257385254,14.684759140014648
0,32642,-30.006811141967773,13.156157493591309,7.726652145385742,4.918694972991943
0,32643,-1.5742536783218384,8.997697830200195,27.40492820739746,-23.33402442932129
0,32643,23.290498733520508,7.58561372756958,-15.117864608764648,-13.576984405517578
0,32643,-21.69038200378418,-19.62061309814453,-1.1229764223098755,31.336944580078125
0,32643,-0.7082311511039734,-0.7237029671669006,21.928071975708008,-12.88557243347168
0,32643,24.450077056884766,4.649538516998291,-9.078507423400879,-19.310989379882812
0,32644,-3.554469108581543,0.10106725990772247,-17.576095581054688,14.110886573791504
0,32644,10.428435325622559,25.275985717773438,-4.269808769226074,-9.729909896850586
0,32644,13.442872047424316,-6.563939571380615,6.242873191833496,4.496696472167969
0,32644,-30.869476318359375,-28.878503799438477,14.358901977539062,17.163572311401367
0,32644,-0.8192511200904846,2.3804190158843994,-5.813380241394043,-7.641341686248779
0,32644,13.464949607849121,17.434694290161133,-13.263336181640625,-18.7630615234375
0,32645,-15.303204536437988,8.84310531616211,-4.8807291984558105,-0.6976490616798401
0,32645,14.959110260009766,-15.89399528503418,3.1288819313049316,27.553194046020508
0,32645,2.7591686248779297,-2.271967649459839,11.373369216918945,2.694617509841919
0,32645,-0.9823548197746277,18.91461181640625,-4.262435436248779,-19.524023056030273
0,32645,-4.200074195861816,-33.218597412109375,9.747986793518066,-2.4243857860565186
0,32645,-11.571144104003906,-10.035415649414062,-4.472684860229492,-3.8476576805114746
0,32646,19.674135208129883,33.866943359375,-38.44685363769531,-4.125582695007324
0,32646,-9.050139427185059,-10.929329872131348,-0.8669337034225464,10.808023452758789
0,32646,-20.882179260253906,3.096055507659912,37.70762634277344,14.907638549804688
0,32646,13.561626434326172,10.067703247070312,8.287729263305664,-15.851011276245117
0,32646,2.4384806156158447,-16.86273765563965,-25.436124801635742,-9.60443115234375
0,32646,-16.189727783203125,-5.98599100112915,-2.1036458015441895,12.877799034118652
0,32647,3.014163017272949,-6.915431976318359,-2.992229700088501,8.416583061218262
0,32647,14.363131523132324,5.921488285064697,4.537293434143066,9.043097496032715
0,32647,11.187247276306152,11.095293998718262,21.033981323242188,-14.850290298461914
0,32647,-2.946793794631958,-3.7877464294433594,-9.199074745178223,-3.0260636806488037
0,32647,-13.992904663085938,-0.1794569492340088,-5.090740203857422,12.549216270446777
0,32647,3.8756120204925537,10.17773723602295,19.4708309173584,-11.135375022888184
0,32648,18.20737075805664,14.225202560424805,10.751678466796875,-8.292466163635254
0,32648,-7.9999165534973145,-2.017632007598877,-5.650201797485352,0.08057969808578491
0,32648,-9.37316608428955,-9.55990219116211,-12.235149383544922,-9.710148811340332
0,32648,8.97165298461914,-8.656983375549316,-18.884584426879883,7.408176898956299
0,32648,-11.598592758178711,-3.2803192138671875,-7.159874439239502,24.99436378479004
0,32648,-7.574602127075195,17.258562088012695,6.19014310836792,6.212032318115234
0,32649,-5.09726619720459,-2.1834592819213867,27.091604232788086,-7.715640068054199
0,32649,11.223583221435547,-15.586400032043457,-2.1862733364105225,-5.1218671798706055
0,32649,19.498380661010742,15.443220138549805,-31.130659103393555,-3.0532045364379883
0,32649,-3.9439027309417725,-3.9784772396087646,13.814367294311523,-24.101173400878906
0,32649,-4.7035698890686035,-38.713985443115234,-14.813465118408203,5.8208441734313965
0,32649,-26.480981826782227,7.575733184814453,-13.638412475585938,42.479793548583984
0,32650,-4.46185827255249,31.376638412475586,29.434171676635742,-11.58392333984375
0,32650,42.07400894165039,7.911179542541504,5.144121170043945,-34.25043487548828
0,32650,10.716584205627441,12.381827354431152,6.476589679718018,-9.194001197814941
0,32650,-4.949406623840332,-14.489696502685547,4.777841091156006,9.04979133605957
0,32650,-10.854941368103027,-17.92122459411621,-11.257645606994629,-6.104722023010254
0,32651,-29.2894229888916,3.953143358230591,16.033052444458008,-14.299568176269531
0,32651,12.35046100616455,6.357059001922607,5.187319755554199,14.461845397949219
0,32651,17.99103355407715,1.0286041498184204,-22.136886596679688,5.164283752441406
0,32651,-25.21500587463379,5.083244800567627,3.1563262939453125,30.174314498901367
0,32651,1.6004997491836548,-0.9128254055976868,20.279939651489258,34.269107818603516
0,32651,26.506641387939453,-31.54537010192871,0.2423049956560135,-37.45442199707031
0,32652,-20.715923309326172,7.041455268859863,-25.934219360351562,-6.598782539367676
0,32652,-9.864139556884766,16.702800750732422,-15.843220710754395,15.593369483947754
0,32652,10.804414749145508,-23.39681053161621,11.580629348754883,-6.0934553146362305
0,32652,-13.081997871398926,4.765750885009766,15.367761611938477,13.470229148864746
0,32652,4.011351108551025,27.29292106628418,-1.2101494073867798,-12.832207679748535
0,32652,17.385841369628906,-8.582942008972168,-10.232744216918945,-15.947402954101562
0,32653,12.363665580749512,-2.383357048034668,-16.615760803222656,3.674746036529541
0,32653,0.20958669483661652,2.978775978088379,5.816014289855957,-16.524538040161133
0,32653,-28.559432983398438,-10.508684158325195,16.775075912475586,-0.8754187822341919
0,32653,-2.215697765350342,27.01595687866211,1.5563695430755615,25.465946197509766
0,32653,31.022798538208008,-2.7247893810272217,1.1063451766967773,-15.018564224243164
0,32653,5.1839375495910645,-20.032447814941406,-14.270594596862793,-30.219858169555664
0,32654,-18.494342803955078,8.940112113952637,-10.199846267700195,32.497596740722656
0,32654,-15.28487777709961,-13.458712577819824,3.6471800804138184,29.53903579711914
0,32654,-3.5513787269592285,-19.259366989135742,15.133369445800781,-15.710308074951172
0,32654,6.920626163482666,18.486997604370117,2.2681326866149902,-11.855382919311523
0,32654,19.57505226135254,23.54953384399414,-19.93183708190918,-15.757990837097168
0,32654,-9.188437461853027,-21.21310806274414,-2.0869319438934326,7.9510955810546875
0,32655,-16.337160110473633,7.8769636154174805,14.614250183105469,27.693603515625
0,32656,37.29243469238281,24.13118553161621,22.996959686279297,8.145397186279297
0,32656,4.74124813079834,-36.17078399658203,-15.076545715332031,-27.9442138671875
0,32656,-56.5081901550293,-14.915765762329102,-31.25132179260254,-17.20404052734375
0,32656,2.827672243118286,26.759990692138672,33.245975494384766,25.359619140625
0,32657,27.790935516357422,17.595191955566406,20.649850845336914,5.558106899261475
0,32657,-15.686532020568848,7.649919509887695,-14.426560401916504,3.33229660987854
0,32657,6.52371072769165,-20.573108673095703,9.538187026977539,0.3186737895011902
0,32658,20.724395751953125,-12.289548873901367,1.5379526615142822,-19.56032371520996
0,32659,-5.331697463989258,20.9631290435791,-26.469818115234375,-10.814021110534668
0,32662,-16.491809844970703,0.8877198696136475,-6.020144462585449,12.424182891845703
0,32663,5.436712265014648,-10.03671932220459,34.27998352050781,4.182738780975342
0,32666,16.1567440032959,-18.543920516967773,3.6021740436553955,-14.842962265014648
0,32667,-16.394670486450195,-23.200448989868164,-17.66275405883789,4.1006760597229
0,32670,7.284980297088623,38.42448806762695,-20.73992347717285,-14.192392349243164
0,32671,31.80361557006836,31.388391494750977,-13.374927520751953,-9.587445259094238
0,32674,-19.236928939819336,-51.34785079956055,23.756608963012695,35.5252571105957
0,32675,-16.190692901611328,-15.791975975036621,3.2740869522094727,-1.9416362047195435
0,32678,-1.1146456003189087,27.99541664123535,-11.02991771697998,-11.130351066589355
0,32679,-4.391727447509766,2.436033248901367,2.94805908203125,28.820472717285156
0,32682,0.6380228400230408,13.992362976074219,5.7129950523376465,-2.9067115783691406
0,32683,-7.779078483581543,-13.307047843933105,-8.436538696289062,-18.124326705932617
0,32686,-4.326940059661865,-7.018918514251709,0.26710566878318787,7.693480014801025
0,32688,2.468441963195801,18.49823570251465,13.794934272766113,7.853405952453613
0,32690,21.064828872680664,-10.384196281433105,-4.5798420906066895,0.29453128576278687
0,32692,1.473100185394287,4.616903305053711,-3.5549840927124023,-1.9567067623138428
0,32694,-10.894293785095215,5.790029048919678,7.988980770111084,-1.5837327241897583
0,32696,13.825011253356934,-8.04471492767334,3.1894781589508057,-0.5939065217971802
0,32698,-7.943997383117676,5.448023796081543,-14.842467308044434,-8.539102554321289
0,32700,-19.5446834564209,-10.646214485168457,2.7706332206726074,-6.504388332366943
0,32702,17.95055389404297,-6.242958068847656,5.462615489959717,0.8979926705360413
0,32704,-6.768136978149414,14.601323127746582,-15.382737159729004,-1.4339700937271118
1,33718,-10.256975173950195,3.1330108642578125,6.211853981018066,1.8111889362335205
1,33720,27.03329849243164,3.5313427448272705,6.767664432525635,-5.0552473068237305
1,33723,-18.483001708984375,-2.7775840759277344,-7.96237850189209,-16.841590881347656
1,33724,-18.16591453552246,-7.650698184967041,20.480613708496094,26.714065551757812
1,33725,22.5264949798584,-8.879895210266113,-1.2417784929275513,25.304784774780273
1,33730,8.814730644226074,3.558467388153076,-18.961212158203125,-20.935131072998047
1,33730,-6.590925693511963,18.13395881652832,26.552051544189453,-11.898260116577148
1,33732,7.932726860046387,-1.3678003549575806,-16.838369369506836,5.3354291915893555
1,33734,10.657185554504395,-5.557495594024658,-19.301362991333008,5.090453624725342
1,33736,-3.67462420463562,-2.0386641025543213,40.4139404296875,-9.743631362915039
1,33739,-8.387683868408203,-8.921632766723633,0.1263778805732727,-8.183554649353027
1,33740,0.4201517105102539,-6.58363151550293,-33.37517166137695,11.060388565063477
1,33743,-1.3680280447006226,12.058950424194336,-10.175789833068848,20.799245834350586
1,33744,-14.53957462310791,-4.451633453369141,3.2352280616760254,-7.284358978271484
1,33747,5.576007843017578,-10.22126293182373,0.16556134819984436,-4.539509296417236
1,33748,5.035830020904541,22.668596267700195,22.528589248657227,17.307331085205078
1,33751,-1.9605392217636108,2.607027292251587,21.427841186523438,-28.505414962768555
1,33752,-8.598645210266113,-19.874834060668945,-20.258060455322266,-17.52706527709961
1,33771,-4.845188617706299,-14.522209167480469,-8.270227432250977,27.222925186157227
1,33771,7.569932460784912,10.417901039123535,4.861146450042725,15.754566192626953
1,33771,-0.41874659061431885,13.956564903259277,11.061755180358887,2.6565871238708496
1,33771,14.108892440795898,0.5116740465164185,12.359431266784668,-11.458551406860352
1,33771,4.439160346984863,-7.656060218811035,-19.623361587524414,0.4325723946094513
1,33772,-12.321710586547852,6.966269016265869,-2.3317859172821045,-9.32422161102295
1,33772,0.5926640629768372,21.547470092773438,-8.851329803466797,-31.961387634277344
1,33772,-1.1808956861495972,-9.80335807800293,-14.899435043334961,4.1425347328186035
1,33772,-15.16533374786377,-8.561954498291016,26.92230224609375,13.123472213745117
1,33773,6.688499450683594,4.921963214874268,-8.45110034942627,-5.039709091186523
1,33774,14.859016418457031,-0.8351207375526428,-28.51765251159668,16.639692306518555
1,33776,-4.183050632476807,0.19410301744937897,27.315269470214844,12.304398536682129
1,33778,1.6176245212554932,-10.622062683105469,23.269872665405273,-23.580533981323242
1,33780,-1.9597424268722534,-18.205583572387695,-41.5411262512207,4.347064018249512
1,33782,-2.147512912750244,19.059417724609375,-29.212583541870117,33.916114807128906
1,33784,7.097952842712402,18.602527618408203,33.06037902832031,-9.72524642944336
1,33786,3.282153367996216,-27.22351837158203,27.583568572998047,-9.96871566772461
1,33788,0.31274282932281494,5.806930065155029,-5.05160665512085,-3.202716827392578
1,33790,-4.3995561599731445,10.943880081176758,-19.65315818786621,-39.86015319824219
1,33792,-0.036881908774375916,-23.411752700805664,2.9715800285339355,13.552800178527832
1,33794,-28.304039001464844,8.633256912231445,35.15909194946289,75.4263687133789
1,33825,-16.384349822998047,19.6318359375,-9.015841484069824,-8.180243492126465
1,33825,34.3064079284668,8.728671073913574,-37.46746063232422,-67.15156555175781
1,33825,3.8311562538146973,-6.344457626342773,15.244772911071777,10.325494766235352
1,33825,9.67221450805664,-9.178605079650879,27.79981231689453,8.171942710876465
1,33825,10.258208274841309,-4.696085453033447,-16.32573699951172,-2.730390787124634
1,33825,-30.65395164489746,-2.645008087158203,-9.852239608764648,29.26700782775879
1,33826,13.60015869140625,7.674328804016113,3.1088318824768066,-13.99250316619873
1,33826,16.244327545166016,-2.656902313232422,-17.43065071105957,-11.613484382629395
1,33826,-32.48341751098633,-18.328115463256836,9.90241813659668,16.754165649414062
1,33826,11.450145721435547,5.0460076332092285,14.623684883117676,3.242903232574463
1,33826,28.717844009399414,21.44280433654785,-1.0821666717529297,-17.533626556396484
1,33826,-15.175993919372559,-19.382488250732422,6.56342887878418,-24.221508026123047
1,33827,-16.542015075683594,-17.053194046020508,-3.542264699935913,5.323729515075684
1,33827,-2.045337677001953,26.63469123840332,-3.8832356929779053,29.179088592529297
1,33827,6.143019676208496,10.393136978149414,17.837007522583008,13.493464469909668
1,33828,0.5070618987083435,0.18012896180152893,-3.6976943016052246,-28.44676399230957
1,33828,-0.20591482520103455,6.668503284454346,-26.514110565185547,-30.59206199645996
1,33830,18.016815185546875,-29.80129051208496,5.933762073516846,22.708532333374023
1,33832,-4.838209629058838,1.236130714416504,-12.375691413879395,30.948623657226562
1,33834,-25.67678451538086,18.198862075805664,-5.546792507171631,-18.860309600830078
1,33836,23.54538917541504,-6.46581506729126,28.790058135986328,-11.854195594787598
1,33838,26.923828125,15.936422348022461,-16.657001495361328,20.63053321838379
1,33840,-22.154457092285156,-6.29183292388916,5.059990406036377,-8.088630676269531
1,33842,-37.062767028808594,-16.552873611450195,36.59281539916992,-12.032668113708496
1,33844,0.9945012927055359,-6.75075101852417,-20.61396026611328,13.965415954589844
1,33846,48.66493606567383,-1.5232762098312378,-30.788244247436523,7.342137336730957
1,33848,-3.456702709197998,9.898756980895996,-6.110296249389648,-4.476437091827393
1,33850,-30.24837303161621,-8.29771900177002,12.506422996520996,12.909744262695312
1,33852,0.7684593200683594,2.076550245285034,26.87462043762207,11.214910507202148
1,33854,-0.035229600965976715,20.58909797668457,-15.28097915649414,-7.206333160400391
1,33896,-5.5244293212890625,-0.8629676699638367,-13.061748504638672,-17.097129821777344
1,33897,2.744347095489502,-6.26682710647583,30.80487060546875,-27.545581817626953
1,33897,21.88816261291504,8.444411277770996,-8.202713966369629,11.1181640625
1,33897,1.0773613452911377,-16.763500213623047,-32.82494354248047,24.161550521850586
1,33897,-32.24953842163086,-4.221992015838623,4.453902721405029,-0.9118624329566956
1,33897,-8.301414489746094,13.451769828796387,19.73365020751953,-5.789801597595215
1,33897,30.47261619567871,-0.2453523874282837,11.88206958770752,-21.353803634643555
1,33898,6.077127933502197,-1.1247808933258057,3.141580104827881,1.2664294242858887
1,33898,-2.3799777030944824,-6.288356781005859,-11.483430862426758,2.9201323986053467
1,33898,-4.108407020568848,8.970906257629395,8.363212585449219,-1.938525676727295
1,33898,-26.35894203186035,1.5223468542099,10.26772403717041,31.80352020263672
1,33898,7.1464433670043945,2.05360746383667,-19.95322036743164,-3.621195077896118
1,33899,28.83611488342285,-11.208572387695312,-15.155632972717285,-26.76999282836914
1,33899,1.9555631875991821,-25.898527145385742,8.14576244354248,20.248674392700195
1,33899,-8.724605560302734,26.65323829650879,5.806694030761719,20.09300994873047
1,33899,5.897477626800537,22.00562286376953,-4.340123176574707,-14.856790542602539
1,33899,-9.549975395202637,-16.441165924072266,-6.278192043304443,-13.766630172729492
1,33899,-20.766141891479492,-4.882038116455078,4.799203872680664,-0.8242183327674866
1,33900,8.958440780639648,5.093343734741211,13.814329147338867,-2.680562734603882
1,33900,18.041881561279297,1.2578622102737427,-6.926782131195068,-17.085695266723633
1,33900,-3.1120381355285645,1.8569217920303345,-9.460711479187012,5.029664516448975
1,33901,-1.6418135166168213,-13.586538314819336,-5.556736946105957,13.457144737243652
1,33901,7.206496715545654,2.5579452514648438,0.7156376242637634,-10.063117027282715
1,33903,-30.58816909790039,10.16196060180664,5.6396050453186035,16.53105354309082
1,33904,8.02931022644043,-20.495464324951172,-0.4996114671230316,10.72024154663086
1,33905,33.75084686279297,14.352802276611328,10.646636962890625,-38.89069366455078
1,33908,-23.378049850463867,12.436643600463867,-2.9105379581451416,-2.6501705646514893
1,33909,-2.526951551437378,-3.5410730838775635,-2.1520605087280273,23.990392684936523
1,33912,0.46275845170021057,-3.717224359512329,11.663142204284668,0.2559138834476471
1,33913,5.495131015777588,-16.902633666992188,-9.048104286193848,15.479650497436523
1,33916,6.024536609649658,19.655811309814453,-0.2771798372268677,19.05870819091797
1,33917,-2.6088390350341797,34.71046447753906,3.5866544246673584,5.63401985168457
1,33920,0.7017210721969604,-26.772079467773438,3.939805507659912,-27.096343994140625
1,33921,-30.19395637512207,-69.31865692138672,7.861824035644531,-11.869551658630371
1,33924,25.126731872558594,-10.844911575317383,0.8850728273391724,3.018846035003662
1,33925,34.520538330078125,30.060575485229492,-1.5481690168380737,-22.857263565063477
1,33928,-14.173439025878906,28.072538375854492,-22.77006721496582,35.993431091308594
1,33983,-32.255714416503906,19.4974308013916,-8.12214469909668,22.79205894470215
1,33983,-24.58536720275879,-0.7610940933227539,17.05743408203125,-41.22635269165039
1,33983,39.520240783691406,-3.2261531352996826,-3.1551647186279297,-18.38829803466797
1,33983,16.292076110839844,-3.219705820083618,-9.22720718383789,12.006442070007324
1,33983,-21.35299301147461,11.20174789428711,-1.4586306810379028,9.987226486206055
1,33983,3.608778715133667,4.268220901489258,-6.158984661102295,-8.378191947937012
1,33984,-13.309066772460938,-23.04930877685547,-8.538268089294434,-7.787701606750488
1,33984,-17.797924041748047,10.351264953613281,17.01436996459961,-0.7036568522453308
1,33984,8.593274116516113,24.609224319458008,16.81635284423828,24.187795639038086
1,33984,12.924884796142578,-13.097465515136719,-9.830334663391113,10.634026527404785
1,33984,6.978916168212891,-18.622299194335938,1.6927255392074585,-20.685413360595703
1,33984,-0.19389387965202332,-19.538908004760742,-4.5947265625,7.405957221984863
1,33985,3.698382616043091,-7.338306903839111,4.143831253051758,6.003209114074707
1,33985,6.2204766273498535,22.70048713684082,11.892800331115723,-18.972816467285156
1,33985,-10.666409492492676,3.2290427684783936,-6.225005626678467,11.421103477478027
1,33985,1.0516775846481323,-23.07221794128418,6.423759460449219,28.17203712463379
1,33985,-1.9151158332824707,-2.6932592391967773,2.4323713779449463,-11.947340965270996
1,33985,-23.462465286254883,5.81430196762085,-1.8375625610351562,-21.36248207092285
1,33986,11.038037300109863,-4.745917320251465,-2.12080454826355,26.52685546875
1,33986,19.669940948486328,5.170870304107666,-4.342169284820557,12.122149467468262
1,33986,10.49685287475586,-5.872500896453857,-1.6655241250991821,-40.95176315307617
1,33986,13.989255905151367,-18.521835327148438,-3.968372106552124,7.744047164916992
1,33986,-15.411380767822266,6.876791477203369,10.35865306854248,25.391490936279297
1,33986,-22.160205841064453,14.029152870178223,4.343763828277588,-31.951446533203125
1,33987,6.980768203735352,0.9232351779937744,-21.189943313598633,-15.685827255249023
1,33987,7.053595542907715,6.594306468963623,-1.9261144399642944,17.783842086791992
1,33987,-3.148811101913452,26.777997970581055,6.376158237457275,-4.127618789672852
1,33988,-4.408348083496094,-8.149750709533691,-11.413409233093262,-11.842680931091309
1,33988,-9.031503677368164,-37.5191764831543,0.08336789160966873,1.8673731088638306
1,33989,3.671041965484619,10.2160005569458,5.127579212188721,-4.372176647186279
1,33990,8.602965354919434,47.62350082397461,24.296030044555664,21.845243453979492
1,33993,-21.8802433013916,140.15736389160156,-14.141680717468262,11.584332466125488
1,33994,-24.651731491088867,35.58879089355469,-39.08383560180664,-47.68065643310547
1,33997,63.81523895263672,-200.01513671875,24.868709564208984,3.0946061611175537
1,33998,35.965389251708984,-60.68938446044922,17.028366088867188,57.22286605834961
1,34001,-61.877098083496094,54.78013610839844,-2.61918306350708,14.671530723571777
1,34002,-0.5924217700958252,-40.998844146728516,-2.6741607189178467,-6.965580463409424
1,34005,52.63631057739258,9.512282371520996,2.1202447414398193,-23.28113555908203
1,34006,10.936431884765625,34.19797897338867,1.2807105779647827,-30.123308181762695
1,34009,-54.28376388549805,75.38009643554688,5.683950424194336,6.445873737335205
1,34010,-65.787109375,212.17295837402344,16.62810707092285,12.408320426940918
1,34013,-7.118222713470459,-171.134765625,-19.26820945739746,-10.48238754272461
1,34014,20.850996017456055,-414.236328125,-18.870956420898438,-25.457881927490234
1,34017,35.2702751159668,77.73550415039062,-8.678082466125488,27.68043327331543
1,34018,57.63786697387695,197.56979370117188,12.461453437805176,24.333425521850586
1,34084,-36.59040069580078,109.17816925048828,22.61191177368164,-68.81529998779297
1,34084,-68.99861145019531,97.0476303100586,-1.2770941257476807,-23.428085327148438
1,34084,26.351707458496094,-92.20314025878906,-0.3514639735221863,65.38385009765625
1,34084,41.55820846557617,-57.487762451171875,-3.2601964473724365,16.19209861755371
1,34085,17.461898803710938,2.798083782196045,11.460840225219727,-22.53584861755371
1,34085,-4.137520790100098,-24.37234115600586,16.37000846862793,9.430810928344727
1,34085,-12.199225425720215,4.58245849609375,-24.017560958862305,11.852060317993164
1,34085,-2.843193769454956,17.178726196289062,-12.983325004577637,13.853996276855469
1,34085,1.000100016593933,27.333375930786133,26.22278594970703,10.509363174438477
1,34085,-1.4215192794799805,20.442108154296875,4.7368483543396,-14.974751472473145
1,34086,-0.6955808401107788,-18.469554901123047,-21.28587532043457,-8.823200225830078
1,34086,-6.519170761108398,-53.700042724609375,-21.17563247680664,11.491278648376465
1,34086,-2.424837112426758,-30.148731231689453,3.9695239067077637,3.959911584854126
1,34086,6.5691938400268555,-11.374044418334961,12.420928955078125,5.179633617401123
1,34086,-5.625911235809326,-6.724601745605469,-10.548605918884277,8.676614761352539
1,34086,14.321817398071289,6.752565860748291,-5.353201389312744,-27.024778366088867
1,34087,19.806730270385742,-8.760644912719727,2.4410548210144043,-18.5826358795166
1,34087,-18.095741271972656,-7.7382636070251465,-4.175168514251709,19.950469970703125
1,34087,-29.65616226196289,19.081771850585938,3.9951491355895996,7.968649864196777
1,34087,-2.959632396697998,13.788379669189453,9.325714111328125,-7.977596759796143
1,34087,4.107024669647217,-6.079474449157715,-0.4719003736972809,-3.7722673416137695
1,34088,10.967491149902344,8.17396354675293,-9.206392288208008,1.653352975845337
1,34088,35.78751754760742,0.7052208185195923,4.715359210968018,4.53938102722168
1,34088,-9.002942085266113,-37.088558197021484,10.951971054077148,6.933663845062256
1,34088,-32.035858154296875,-16.74114418029785,-18.763341903686523,-0.5487579703330994
1,34088,24.070234298706055,22.69491195678711,-2.336437940597534,-2.0916101932525635
1,34088,36.27696228027344,11.515604972839355,18.938322067260742,-6.9331512451171875
1,34089,-15.213991165161133,-8.943419456481934,-10.446517944335938,11.793373107910156
1,34089,-28.22140121459961,27.8594970703125,1.2976423501968384,3.0398101806640625
1,34089,9.804449081420898,37.004493713378906,-2.4653279781341553,-23.961793899536133
1,34089,8.159200668334961,-11.340542793273926,-18.519006729125977,-2.7788166999816895
1,34089,-16.11055564880371,-14.58971118927002,26.97823715209961,7.043575763702393
1,34089,3.7966978549957275,-13.97275447845459,18.710023880004883,10.265087127685547
1,34091,32.40554428100586,-102.77349853515625,-34.91645431518555,1.4888352155685425
1,34091,-10.314066886901855,-77.28099060058594,-10.752358436584473,7.274401664733887
1,34091,-28.94304847717285,77.3197021484375,4.3664445877075195,-8.630109786987305
1,34092,29.340700149536133,45.204647064208984,-8.636055946350098,-23.45013427734375
1,34094,5.544015407562256,30.603527069091797,26.577058792114258,6.281999111175537
1,34096,-21.606653213500977,137.5677947998047,46.1611442565918,6.091230869293213
1,34098,-49.5362548828125,67.12467956542969,1.8604241609573364,-17.50860595703125
1,34100,-60.3479118347168,-43.550167083740234,-37.000328063964844,-41.9854850769043
1,34102,23.696144104003906,10.899782180786133,8.233721733093262,5.631372928619385
1,34104,-30.128196716308594,-31.26322364807129,13.27751636505127,25.853097915649414
1,34106,-37.78927230834961,-65.93871307373047,-44.90303421020508,-28.603126525878906
1,34108,83.68914794921875,63.587738037109375,-6.410398006439209,8.04624080657959
1,34110,82.05464935302734,12.898865699768066,63.10056686401367,52.3857536315918
1,34113,3.257498264312744,-114.9491958618164,12.303388595581055,-3.859295129776001
1,34114,-41.33953857421875,-46.74100875854492,-58.63465881347656,-18.18941879272461
1,34117,0.0977669432759285,22.576730728149414,-39.820404052734375,51.25753402709961
1,34118,47.68157196044922,-29.603609085083008,-10.842903137207031,19.07706642150879
1,34121,38.86949157714844,-1.1501296758651733,46.05844497680664,-11.39440631866455
1,34122,24.408679962158203,28.60047721862793,43.493526458740234,19.578691482543945
1,34201,-36.703575134277344,-7.6946187019348145,-26.54985809326172,-26.588348388671875
1,34201,-57.624298095703125,36.51675033569336,3.1734278202056885,-40.20911407470703
1,34201,11.217721939086914,24.683563232421875,-1.3449828624725342,-13.439919471740723
1,34201,-13.549652099609375,-9.053667068481445,-28.72606658935547,-1.3304922580718994
1,34201,-42.62674331665039,-1.6469533443450928,5.539144992828369,22.418657302856445
1,34201,1.2680692672729492,-6.470753192901611,5.5185227394104,9.902379989624023
1,34202,10.647826194763184,9.215291023254395,-4.107383728027344,-29.044265747070312
1,34202,4.464757442474365,-1.1097203493118286,3.4417710304260254,-18.876035690307617
1,34202,5.944180011749268,-8.624706268310547,12.062773704528809,7.015505313873291
1,34202,9.630051612854004,-0.9109641313552856,14.947793960571289,25.99935531616211
1,34202,20.32736587524414,8.382619857788086,-2.173938274383545,10.161749839782715
1,34202,4.600230693817139,18.14931869506836,-15.131402015686035,-33.35948181152344
1,34203,-12.549433708190918,-13.38138198852539,0.35187041759490967,10.03545093536377
1,34203,-9.307802200317383,-2.557145118713379,10.79928207397461,42.75212097167969
1,34203,-9.260663032531738,34.38396072387695,-0.07350572198629379,-9.085820198059082
1,34203,5.522747993469238,-28.016035079956055,-11.74519157409668,-31.34124755859375
1,34203,7.423011302947998,-40.204017639160156,-12.456270217895508,-1.0903571844100952
1,34204,-6.650579452514648,10.039393424987793,11.879899978637695,17.45570945739746
1,34204,2.0227718353271484,3.6906001567840576,12.119654655456543,-11.452025413513184
1,34204,16.941743850708008,-4.407618999481201,-13.112845420837402,-6.415159225463867
1,34204,-10.97393798828125,-1.6597990989685059,-7.918579578399658,38.93036651611328
1,34204,-10.855382919311523,13.198720932006836,5.1235785484313965,-1.2355597019195557
1,34204,24.283771514892578,20.935022354125977,8.53179931640625,-17.71849822998047
1,34205,-9.837667465209961,21.705644607543945,12.04543399810791,15.792682647705078
1,34205,-16.719636917114258,-14.999190330505371,13.503063201904297,-20.286277770996094
1,34205,14.005329132080078,-43.06175994873047,-2.2417800426483154,-8.092682838439941
1,34205,-18.233457565307617,-10.826745986938477,-14.352461814880371,17.25931167602539
1,34205,-8.329310417175293,16.656394958496094,-12.868578910827637,-15.806130409240723
1,34205,15.51671314239502,15.795245170593262,-2.6445858478546143,-7.101363658905029
1,34206,-8.083440780639648,-3.1742281913757324,6.465511322021484,0.7230404019355774
1,34206,11.815423965454102,-10.545767784118652,-5.362068176269531,-4.707488536834717
1,34206,11.127294540405273,-7.547639846801758,-15.220288276672363,18.815921783447266
1,34206,-22.271839141845703,10.084836959838867,-2.138446807861328,7.354935646057129
1,34206,-5.640924453735352,18.999435424804688,9.582100868225098,-1.800026297569275
1,34206,30.08492088317871,1.2611685991287231,2.9600179195404053,-14.426288604736328
1,34207,13.309142112731934,-20.905609130859375,-1.4133838415145874,2.351300001144409
1,34207,-27.16785430908203,17.66359519958496,-4.081730842590332,12.808279037475586
1,34207,11.005690574645996,27.727602005004883,-9.429944038391113,-20.716835021972656
1,34207,26.124366760253906,-35.25895690917969,18.910511016845703,33.31047439575195
1,34208,-19.120037078857422,-26.987123489379883,39.68672180175781,18.969987869262695
1,34209,-5.149238109588623,15.873775482177734,-4.006012916564941,-50.39785385131836
1,34209,5.160811901092529,3.4247660636901855,-27.87693977355957,-16.856767654418945
1,34209,-14.140361785888672,-21.466814041137695,-11.929143905639648,32.282737731933594
1,34210,-13.410345077514648,9.679314613342285,-17.365245819091797,10.30603313446045
1,34211,4.303892612457275,49.007659912109375,16.436153411865234,-14.624855041503906
1,34214,-0.97450852394104,-0.9090139865875244,29.57950210571289,-12.46672248840332
1,34215,-8.877266883850098,-52.63495635986328,-20.742094039916992,-7.426640033721924
1,34218,5.3734660148620605,9.23674201965332,10.88630199432373,20.83811378479004
1,34220,26.282651901245117,44.471527099609375,26.02943992614746,18.840776443481445
1,34222,11.841825485229492,2.456540107727051,-40.06587219238281,-3.0758180618286133
1,34224,-23.90766716003418,-1.4156345129013062,-22.49132537841797,4.468994617462158
1,34226,23.094043731689453,-15.359441757202148,14.96885871887207,14.496881484985352
1,34228,52.54823303222656,-53.44779968261719,16.712116241455078,-7.669153213500977
1,34230,-65.4190673828125,2.125845432281494,12.735939979553223,-47.39462661743164
1,34232,-71.24105834960938,55.14144515991211,-28.493484497070312,-35.12857437133789
1,34234,40.27717971801758,19.611438751220703,7.011484146118164,50.99323272705078
1,34236,21.963783264160156,-16.252643585205078,10.279029846191406,33.4351692199707
1,34238,-13.621017456054688,-47.52083206176758,-18.314125061035156,-45.02869415283203
1,34240,-11.964091300964355,-38.57666778564453,-0.6994085311889648,-13.439443588256836
1,34329,26.262561798095703,36.50294494628906,-6.295192718505859,13.113377571105957
1,34329,12.45035457611084,42.30057907104492,6.9784369468688965,9.576109886169434
1,34329,-26.03779411315918,-21.200590133666992,2.8715291023254395,14.531929969787598
1,34329,-0.15156646072864532,0.22946883738040924,7.228145599365234,-4.28198766708374
1,34330,10.120100021362305,18.9345760345459,4.641958713531494,-5.5353922843933105
1,34330,12.921514511108398,-15.511466026306152,2.009679079055786,2.6186935901641846
1,34330,0.46458983421325684,8.20858097076416,2.5434682369232178,-5.465506553649902
1,34330,-7.995065689086914,14.780056953430176,2.927126407623291,11.501142501831055
1,34330,9.906251907348633,-12.008663177490234,8.51802921295166,-1.5576136112213135
1,34330,11.92604923248291,-7.323000431060791,-12.55433177947998,-23.227859497070312
1,34331,-25.518701553344727,-5.80319356918335,-12.550769805908203,17.10709571838379
1,34331,-32.07320022583008,0.47158873081207275,2.1360485553741455,11.78447151184082
1,34331,21.02016258239746,10.140342712402344,-2.6173999309539795,-16.841053009033203
1,34331,19.9215145111084,-6.674454212188721,6.413665294647217,6.0936102867126465
1,34331,-20.277376174926758,-8.435001373291016,7.815280437469482,4.9814629554748535
1,34331,4.647224426269531,5.97624397277832,-0.772473156452179,-0.14980685710906982
1,34332,31.376251220703125,10.788662910461426,0.8210979104042053,-5.411655902862549
1,34332,-1.9745646715164185,-4.421341896057129,-23.541603088378906,-20.789081573486328
1,34332,-23.265911102294922,-28.819936752319336,-5.4935503005981445,25.090715408325195
1,34332,1.2509156465530396,3.933116912841797,29.93929672241211,37.51710510253906
1,34332,3.938110828399658,27.639991760253906,-6.608628273010254,-35.517337799072266
1,34333,-14.832932472229004,-6.1009345054626465,-23.099143981933594,-23.978822708129883
1,34333,-6.801756381988525,-13.951210975646973,16.35569953918457,19.98109245300293
1,34333,17.756746292114258,29.5712890625,13.8223237991333,-5.02463436126709
1,34333,14.844051361083984,-8.459872245788574,-15.088141441345215,-8.3014554977417
1,34333,-6.772931098937988,-34.34332275390625,2.9970221519470215,3.3240859508514404
1,34333,-7.998908519744873,33.77226638793945,9.623831748962402,16.887371063232422
1,34334,-5.238763809204102,11.91089153289795,-11.86591625213623,11.102657318115234
1,34334,21.82929229736328,-13.372247695922852,2.597795009613037,-21.432397842407227
1,34334,14.69441032409668,-1.1979793310165405,6.6861701011657715,-14.216156959533691
1,34334,-37.48711013793945,-6.77398681640625,-9.975317001342773,2.2361679077148438
1,34334,-18.610977172851562,-15.303144454956055,1.5661290884017944,5.431650161743164
1,34334,28.134716033935547,-1.8980966806411743,12.849474906921387,7.030592441558838
1,34335,10.114534378051758,27.162858963012695,-3.8936593532562256,-1.671705961227417
1,34335,-21.06389045715332,2.0852324962615967,-18.77314567565918,10.088626861572266
1,34335,-5.901065349578857,-12.85536003112793,7.460702419281006,19.72408676147461
1,34335,18.945127487182617,13.59900951385498,22.59282684326172,-3.0960299968719482
1,34335,8.79422664642334,-0.5951284766197205,-5.951439380645752,-36.897056579589844
1,34335,-16.05089569091797,-15.604700088500977,-17.300617218017578,-15.391695976257324
1,34336,-9.534995079040527,-1.8589704036712646,1.1676597595214844,30.117231369018555
1,34336,-1.692237377166748,1.8289079666137695,10.021143913269043,-1.308491587638855
1,34336,-10.56589412689209,14.892210960388184,-13.811683654785156,-30.931209564208984
1,34336,-13.296773910522461,-0.1827384978532791,-4.692354202270508,14.934000968933105
1,34336,23.74641227722168,-2.504476547241211,27.699626922607422,39.9793701171875
1,34338,22.39105796813965,17.264266967773438,-4.046860694885254,-11.391134262084961
1,34338,-12.320342063903809,-22.01878547668457,-9.484463691711426,-17.747758865356445
1,34338,9.706862449645996,-26.975942611694336,8.693513870239258,15.206832885742188
1,34338,8.20792293548584,12.211966514587402,-13.448854446411133,-1.8048276901245117
1,34338,-16.279407501220703,-2.2412025928497314,-5.655947208404541,-11.949559211730957
1,34340,-10.640287399291992,-2.4389028549194336,15.248316764831543,-8.270380973815918
1,34342,7.510859489440918,7.135219097137451,-5.199854850769043,-0.6439909338951111
1,34344,6.518909931182861,-0.8099395632743835,-13.894521713256836,26.920774459838867
1,34346,6.898641109466553,15.091626167297363,21.188358306884766,20.402889251708984
1,34348,19.216064453125,4.573534965515137,12.905658721923828,-11.37048625946045
1,34350,-28.381927490234375,-17.85988426208496,-31.2042293548584,-55.55677032470703
1,34352,-31.542543411254883,-3.1801204681396484,-22.837263107299805,-53.67296600341797
1,34354,42.64649963378906,27.33530044555664,33.82939910888672,76.97240447998047
1,34356,20.414308547973633,11.091780662536621,18.843660354614258,62.4307975769043
1,34358,-41.5991325378418,-20.481048583984375,-18.413848876953125,-63.748023986816406
1,34360,-8.090712547302246,14.863052368164062,-1.7835088968276978,-16.56941795349121
1,34362,29.405649185180664,11.744392395019531,-2.7194206714630127,20.67764663696289
1,34364,0.05000855773687363,-20.515562057495117,15.013073921203613,-1.0959718227386475
1,34366,-17.33527183532715,-3.0180771350860596,11.654716491699219,7.904440402984619
1,34368,-3.1560356616973877,-14.257603645324707,-24.250999450683594,-3.495417356491089
1,34370,14.348999977111816,-20.92819595336914,-1.301700234413147,10.728670120239258
1,34372,13.9412260055542,9.043766975402832,2.1833319664001465,2.252950668334961
1,34374,-25.924772262573242,13.635103225708008,-15.484627723693848,-9.66146469116211
1,34474,-19.33172035217285,-6.4112548828125,28.995588302612305,18.238618850708008
1,34474,40.071266174316406,-11.838640213012695,2.0527708530426025,-18.414859771728516
1,34474,-3.565373420715332,-1.9617040157318115,-34.139949798583984,-4.583597660064697
1,34474,-24.618877410888672,27.616518020629883,26.999164581298828,22.473724365234375
1,34474,24.069543838500977,20.212438583374023,-0.719934344291687,-23.70620346069336
1,34474,-9.424592971801758,-21.518056869506836,-23.998857498168945,11.978824615478516
1,34475,-17.64539337158203,2.751579999923706,22.273502349853516,14.1929292678833
1,34475,23.0949764251709,10.182046890258789,4.669158935546875,-37.147789001464844
1,34475,5.5594892501831055,-13.599555015563965,5.578123092651367,-6.414548397064209
1,34475,-14.529793739318848,-0.2043197602033615,4.555949687957764,-6.988596439361572
1,34475,-1.0102474689483643,-5.336583614349365,-27.838748931884766,11.822232246398926
1,34475,-5.108171463012695,-5.312707424163818,7.715925216674805,39.0418815612793
1,34476,-6.859896659851074,15.696922302246094,13.51235580444336,-6.789932727813721
1,34476,12.881823539733887,13.633821487426758,-28.280838012695312,-19.519306182861328
1,34476,10.653054237365723,-6.124438285827637,12.705840110778809,7.2150726318359375
1,34476,7.145169258117676,-18.819229125976562,28.213539123535156,9.482069969177246
1,34476,5.739090919494629,-8.395421028137207,-35.344146728515625,-18.088584899902344
1,34476,-23.735097885131836,14.133974075317383,-26.540828704833984,-3.8102548122406006
1,34477,-14.376664161682129,5.898703575134277,30.783138275146484,19.343393325805664
1,34477,21.198528289794922,-2.113302707672119,19.93217658996582,-8.070073127746582
1,34477,4.365603446960449,3.520700693130493,-19.614412307739258,-4.064302444458008
1,34477,-22.514034271240234,-17.787425994873047,-20.648298263549805,22.986377716064453
1,34477,-2.069342613220215,-4.8148980140686035,16.359439849853516,-7.584416389465332
1,34477,39.55170822143555,26.42362403869629,12.506523132324219,-16.568864822387695
1,34478,5.146842956542969,-5.749494552612305,-14.78010082244873,4.609988212585449
1,34478,-44.77781295776367,-9.928060531616211,10.119754791259766,3.1791322231292725
1,34478,2.096078395843506,12.77668571472168,13.030420303344727,-9.890156745910645
1,34478,21.773845672607422,-19.61370086669922,-18.49498748779297,-16.98534393310547
1,34478,-0.850485622882843,-18.73370361328125,3.474112033843994,8.78806209564209
1,34479,-0.993057370185852,21.096778869628906,19.084592819213867,24.73503875732422
1,34479,4.496931076049805,17.82587242126465,-11.721419334411621,3.3869211673736572
1,34479,1.2555588483810425,-9.45394229888916,-7.305653095245361,-13.904740333557129
1,34479,-12.437094688415527,1.0463240146636963,-0.3179537355899811,-7.68766975402832
1,34479,7.431882381439209,3.068173408508301,3.142401933670044,-3.187624454498291
1,34479,5.291764259338379,-12.056961059570312,-1.0355550050735474,-12.299811363220215
1,34480,-13.810192108154297,-7.315423011779785,-12.88084602355957,-3.8260765075683594
1,34480,-3.9884448051452637,1.9550334215164185,12.832840919494629,34.988311767578125
1,34480,-4.847329616546631,12.166692733764648,14.283493995666504,-5.747875213623047
1,34480,15.189406394958496,2.4861087799072266,-18.287378311157227,-37.840782165527344
1,34480,-4.155539035797119,-3.322017192840576,-19.471874237060547,32.170982360839844
1,34480,-28.101736068725586,7.0208539962768555,17.719676971435547,31.233837127685547
1,34481,15.003029823303223,11.770000457763672,26.776573181152344,-31.770462036132812
1,34481,12.861712455749512,-16.906461715698242,-10.073774337768555,-13.49277400970459
1,34481,5.281548976898193,-13.571626663208008,-33.59954071044922,40.209503173828125
1,34481,-8.143905639648438,1.153608798980713,9.221782684326172,19.613603591918945
1,34481,-4.8773040771484375,13.97402572631836,36.85887908935547,-24.697847366333008
1,34481,39.9351692199707,45.33869171142578,-7.964328765869141,-32.37986373901367
1,34482,4.325790882110596,-14.34915828704834,-21.006441116333008,-3.2001898288726807
1,34482,-46.812713623046875,-44.25129699707031,3.42130446434021,15.424776077270508
1,34482,-15.840773582458496,2.80771803855896,6.79358434677124,-10.414365768432617
1,34483,25.78803062438965,1.3736670017242432,-12.663138389587402,-7.189796447753906
1,34483,5.003432750701904,-8.449763298034668,0.09999973326921463,7.647255897521973
1,34484,-17.210222244262695,-3.9299404621124268,12.47298526763916,11.008435249328613
1,34484,-4.257809162139893,5.178489685058594,3.2943363189697266,8.944878578186035
1,34485,7.05075216293335,22.708852767944336,18.355566024780273,-16.688770294189453
1,34486,11.289692878723145,-3.039074659347534,-4.018250942230225,-12.220320701599121
1,34488,16.19365882873535,-10.13680648803711,-20.88581085205078,-0.36569952964782715
1,34490,-11.096046447753906,-0.6490889191627502,-7.526170253753662,39.496761322021484
1,34492,-9.112203598022461,20.456911087036133,-15.396088600158691,22.919591903686523
1,34495,15.057543754577637,30.433364868164062,14.678153038024902,-28.08108901977539
1,34496,-16.776607513427734,-34.68644332885742,22.619796752929688,0.8293004035949707
1,34499,-2.6834657192230225,-23.429729461669922,-14.79503345489502,-22.237407684326172
1,34500,19.517446517944336,6.667812824249268,8.191887855529785,-12.901949882507324
1,34503,-18.045347213745117,1.099060297012329,9.24569320678711,15.366167068481445
1,34504,-1.5302475690841675,10.232834815979004,-37.085838317871094,-11.553167343139648
1,34507,13.860027313232422,-23.075712203979492,1.410368800163269,6.105592727661133
1,34508,-16.57396697998047,-28.91455078125,30.258255004882812,26.11585807800293
1,34511,18.679887771606445,30.201202392578125,-20.59389877319336,6.4867658615112305
1,34512,15.071398735046387,28.440757751464844,1.4498666524887085,-5.616278648376465
1,34515,-25.64070701599121,-21.224157333374023,38.556732177734375,6.1062517166137695
1,34516,4.185057640075684,-6.272168159484863,-24.532520294189453,-6.822465419769287
1,34519,19.901294708251953,3.0934300422668457,-43.70804214477539,-19.586008071899414
1,34520,-9.099150657653809,11.200013160705566,33.2576789855957,-0.7542764544487
1,34521,-11.773728370666504,28.916383743286133,11.378447532653809,-9.85816764831543
1,34634,-4.049635887145996,-6.509558200836182,-36.51877212524414,-12.346795082092285
1,34634,-32.22162628173828,-18.997119903564453,17.73986053466797,25.822362899780273
1,34634,0.2823311984539032,17.207870483398438,18.334339141845703,2.44671368598938
1,34634,37.53045654296875,-12.723400115966797,-24.991037368774414,-31.892494201660156
1,34634,-1.9030959606170654,-24.05787467956543,-5.335474491119385,4.322278022766113
1,34635,-21.354629516601562,21.081649780273438,29.694284439086914,20.8642520904541
1,34635,16.375864028930664,11.46220874786377,16.778974533081055,-6.983010292053223
1,34635,26.701509475708008,-8.111201286315918,-4.122021675109863,-1.0233348608016968
1,34635,-11.841875076293945,-20.16412353515625,-9.737394332885742,33.48142623901367
1,34635,-18.91225242614746,-8.927695274353027,-5.299699306488037,13.005666732788086
1,34635,19.218477249145508,37.22190475463867,2.5407934188842773,-9.068620681762695
1,34636,3.7971484661102295,1.8922051191329956,0.5423383116722107,4.202073574066162
1,34636,-21.969350814819336,-27.79718780517578,6.614068508148193,-2.183274030685425
1,34636,5.764791488647461,25.72799301147461,9.593840599060059,-4.650135040283203
1,34636,-0.2099541574716568,9.16178035736084,2.5667529106140137,-7.6484599113464355
1,34636,1.2717381715774536,-10.268641471862793,-24.42481803894043,-6.668525695800781
1,34637,8.700882911682129,-6.067992210388184,-15.161023139953613,-4.896667957305908
1,34637,-0.45621269941329956,-22.088682174682617,19.158557891845703,-1.6377254724502563
1,34637,3.00315260887146,11.441612243652344,-2.4385552406311035,11.591696739196777
1,34637,-6.8116774559021,15.114211082458496,-7.943601131439209,-9.91769790649414
1,34637,-2.863159418106079,-9.121342658996582,2.0200350284576416,-18.506277084350586
1,34637,0.9384918212890625,1.1842584609985352,9.741226196289062,9.700360298156738
1,34638,-5.4172773361206055,-19.604402542114258,-1.5439558029174805,-6.3209638595581055
1,34638,11.935111999511719,-6.827676296234131,-18.90737533569336,-8.966442108154297
1,34638,5.048767566680908,10.413728713989258,12.421152114868164,16.872825622558594
1,34638,-20.588726043701172,13.189681053161621,1.618700385093689,-6.67102575302124
1,34638,-19.40679168701172,25.575965881347656,-9.98772144317627,-4.678993225097656
1,34638,9.343624114990234,-26.297895431518555,10.571184158325195,7.342593669891357
1,34639,27.244827270507812,-26.5550479888916,4.582383632659912,5.182969093322754
1,34639,-0.4289526641368866,16.583471298217773,3.6536812782287598,-1.9349855184555054
1,34639,-11.670083045959473,12.930784225463867,-4.653980255126953,-6.017734527587891
1,34639,0.3755872845649719,-7.543766975402832,-21.442110061645508,17.808290481567383
1,34639,5.680593967437744,-2.523934841156006,-0.41915497183799744,3.2535605430603027
1,34639,-7.0688629150390625,-1.8464819192886353,20.814449310302734,-3.790208578109741
1,34640,-8.9302978515625,-5.478565216064453,-3.3898696899414062,-0.8557959794998169
1,34640,19.734556198120117,28.32781982421875,-14.224812507629395,-3.8713791370391846
1,34640,4.163909435272217,2.1494314670562744,10.379096031188965,14.474908828735352
1,34640,-12.644438743591309,-44.594200134277344,4.114471435546875,25.651599884033203
1,34640,-9.198378562927246,13.223274230957031,-12.1669282913208,-11.69771957397461
1,34640,-1.8111705780029297,39.93351745605469,5.908238410949707,-47.93144989013672
1,34641,23.68665885925293,-13.540881156921387,-12.851943016052246,8.846315383911133
1,34641,15.954166412353516,-1.6378378868103027,-5.116461753845215,-0.7535419464111328
1,34641,-29.573116302490234,-28.659330368041992,27.14436149597168,-26.815217971801758
1,34641,-43.43925857543945,-24.638547897338867,0.18994273245334625,33.34774398803711
1,34641,27.500490188598633,61.26808166503906,1.1239447593688965,18.982662200927734
1,34642,48.032527923583984,14.409716606140137,9.925177574157715,-29.29502296447754
1,34642,-20.169605255126953,-47.75645446777344,-22.351543426513672,-12.97557544708252
1,34642,-11.463717460632324,-0.7275777459144592,-6.99717903137207,19.587385177612305
1,34642,4.890989780426025,10.268536567687988,30.835712432861328,22.620607376098633
1,34642,-12.008527755737305,-2.4453279972076416,9.64151382446289,3.8371834754943848
1,34642,4.666851043701172,20.943164825439453,-15.083690643310547,-1.478240728378296
1,34642,-3.7640552520751953,-7.604639053344727,-10.670458793640137,2.1274139881134033
1,34643,10.66946029663086,-14.873472213745117,6.4214768409729,-19.019350051879883
1,34643,18.551366806030273,16.986730575561523,-10.945405006408691,-0.130168616771698
1,34643,-31.920408248901367,-0.5017329454421997,0.6801518201828003,25.768808364868164
1,34643,-3.0751538276672363,-6.692246437072754,30.73366928100586,-26.050243377685547
1,34644,27.39697265625,21.998119354248047,-14.194621086120605,-19.226810455322266
1,34645,-6.529186248779297,-2.0071563720703125,-15.122312545776367,5.555736541748047
1,34645,-2.679079294204712,-34.568878173828125,5.920144081115723,-7.3608551025390625
1,34645,1.9084124565124512,-11.773099899291992,-12.1863374710083,23.298500061035156
1,34645,-24.979536056518555,29.36810302734375,-3.0259461402893066,15.373626708984375
1,34646,20.35106086730957,22.803176879882812,11.9816255569458,-21.531530380249023
1,34648,40.79695129394531,-30.802783966064453,14.859369277954102,-13.095377922058105
1,34650,-42.510154724121094,-15.625475883483887,-6.5486531257629395,17.613685607910156
1,34652,-26.608945846557617,28.02147102355957,-12.735028266906738,11.89338493347168
1,34654,26.596412658691406,2.844851493835449,-7.426135540008545,1.5365195274353027
1,34656,7.1332106590271,-17.707632064819336,1.0863637924194336,9.095479965209961
1,34659,-29.40677261352539,2.77725887298584,2.5206856727600098,-26.998149871826172
1,34660,4.838263511657715,10.770524978637695,-8.553128242492676,-17.094148635864258
1,34663,26.7652587890625,-7.065672874450684,28.59615707397461,21.255102157592773
1,34664,-17.23942756652832,7.4786272048950195,10.879802703857422,-20.965726852416992
1,34667,-9.2190580368042,-0.714431881904602,-39.607452392578125,12.870353698730469
1,34668,10.812439918518066,-19.439762115478516,-5.589862823486328,30.886837005615234
1,34671,8.772830963134766,28.065582275390625,31.51431655883789,-30.58580207824707
1,34672,15.223112106323242,-0.7435994148254395,6.748132705688477,9.036115646362305
1,34675,4.238085746765137,-29.795793533325195,-4.761991024017334,33.768287658691406
1,34676,-17.101783752441406,-3.719825506210327,-14.872446060180664,-11.73263931274414
1,34679,-13.58469295501709,16.10553550720215,-7.202891826629639,-26.658443450927734
1,34680,-11.313508033752441,24.952571868896484,15.722328186035156,-15.622390747070312
1,34683,5.9852495193481445,-32.18782424926758,-21.593517303466797,0.4909738600254059
1,34684,9.638046264648438,-24.19103240966797,4.215742588043213,29.426782608032227
1,34804,16.422420501708984,44.171173095703125,29.757427215576172,3.12814998626709
1,34805,8.131999015808105,9.733283042907715,-21.228464126586914,-35.79164505004883
1,34805,-24.429100036621094,-16.7075138092041,-5.127171039581299,-2.0761098861694336
1,34805,-12.89793872833252,14.669256210327148,16.05340576171875,-7.506155490875244
1,34805,34.32211685180664,-1.539411187171936,-9.847514152526855,-13.240139961242676
1,34805,12.691815376281738,-27.237571716308594,-15.261977195739746,37.29777145385742
1,34805,-35.807655334472656,7.240614891052246,2.4439640045166016,17.020732879638672
1,34806,-3.161639928817749,16.225467681884766,11.787775993347168,-11.074311256408691
1,34806,-3.47477126121521,-16.256444931030273,5.7916741371154785,19.65121078491211
1,34806,4.204379558563232,18.657075881958008,-1.7495256662368774,4.451737880706787
1,34806,20.649789810180664,10.760469436645508,-5.952818393707275,-25.8365535736084
1,34806,-19.250959396362305,-48.55397415161133,-4.302821159362793,11.118167877197266
1,34806,-25.464881896972656,-13.868825912475586,20.734127044677734,15.710709571838379
1,34807,24.417184829711914,26.931015014648438,3.594650983810425,-32.74811935424805
1,34807,27.866302490234375,6.339020252227783,-26.70478057861328,-5.450708389282227
1,34807,-11.162444114685059,-3.046505928039551,5.517007827758789,31.091440200805664
1,34807,-16.85421371459961,0.8160504698753357,10.595843315124512,-4.553861141204834
1,34807,8.362770080566406,16.602401733398438,11.94494342803955,-16.729019165039062
1,34807,32.090492248535156,-0.40396028757095337,-4.702707290649414,-1.0063718557357788
1,34808,-25.65180778503418,-15.337407112121582,-12.895407676696777,-2.3456530570983887
1,34808,-32.98945999145508,7.616485595703125,15.8397855758667,12.491045951843262
1,34808,33.99691390991211,7.638241291046143,-3.147106885910034,-1.2293611764907837
1,34808,22.422733306884766,6.070249557495117,-15.89687728881836,-9.49105167388916
1,34808,-29.19785499572754,-8.67854118347168,3.2576515674591064,17.072294235229492
1,34809,-22.60638999938965,-11.736444473266602,24.01350212097168,-7.281247615814209
1,34809,31.621267318725586,5.309504985809326,-11.395023345947266,-12.354837417602539
1,34809,-10.197951316833496,-10.334237098693848,-31.817243576049805,14.248282432556152
1,34809,-49.39311981201172,3.5149903297424316,31.334585189819336,6.379471778869629
1,34809,46.07431411743164,16.712247848510742,-0.8338326215744019,-15.617606163024902
1,34809,46.00438690185547,-19.201147079467773,-27.858654022216797,3.9416911602020264
1,34810,-37.137691497802734,19.2757625579834,31.16632652282715,8.025443077087402
1,34810,-8.644214630126953,-6.547758102416992,-12.72034740447998,-27.41016960144043
1,34810,8.68100643157959,-40.55781936645508,-3.4941279888153076,13.961649894714355
1,34810,-11.543742179870605,39.99819564819336,32.2679557800293,25.99561309814453
1,34810,6.369682788848877,21.369760513305664,-35.03403091430664,-33.60633087158203
1,34810,11.392786979675293,-21.246660232543945,-13.650453567504883,-8.91958236694336
1,34811,-16.7139835357666,-5.714844703674316,45.41890335083008,27.077373504638672
1,34811,13.032593727111816,15.079442977905273,14.345786094665527,1.0765166282653809
1,34811,14.99301528930664,6.4420857429504395,-33.15756607055664,-16.05119514465332
1,34811,-42.70862579345703,-29.16696548461914,-14.482105255126953,3.3000595569610596
1,34811,-1.972041130065918,-2.240521192550659,13.407759666442871,16.127269744873047
1,34811,17.22113037109375,9.508135795593262,1.1165789365768433,-14.721097946166992
1,34812,-20.748390197753906,-12.692747116088867,-5.943861484527588,1.8009543418884277
1,34812,14.561726570129395,16.58991241455078,-3.402113199234009,39.63079833984375
1,34812,32.296382904052734,12.981310844421387,-5.77496862411499,-16.667003631591797
1,34812,-19.708463668823242,-16.373279571533203,0.25955140590667725,-30.594249725341797
1,34812,-5.8321452140808105,1.6277438402175903,11.180521965026855,22.705265045166016
1,34812,21.092529296875,10.422283172607422,-14.270384788513184,-6.45384407043457
1,34813,-23.99227523803711,-11.701312065124512,1.962478756904602,-18.982786178588867
1,34813,-8.465734481811523,-3.5446102619171143,28.58360481262207,-13.097573280334473
1,34813,13.939004898071289,-7.989555358886719,-9.431130409240723,-13.954181671142578
1,34813,-2.6738407611846924,-18.16577911376953,-14.940126419067383,27.548568725585938
1,34813,20.403308868408203,44.45505142211914,-22.722192764282227,26.052980422973633
1,34814,-17.224611282348633,35.77799606323242,3.8730099201202393,-16.51167869567871
1,34814,-25.134422302246094,-48.86259460449219,43.573490142822266,-9.818473815917969
1,34814,31.349933624267578,-14.72452163696289,-5.156358242034912,13.535134315490723
1,34814,9.450353622436523,20.918296813964844,-29.857784271240234,0.921546995639801
1,34814,-18.55360984802246,-25.421974182128906,-0.6437691450119019,16.256071090698242
1,34814,-2.9881997108459473,9.13282585144043,21.081727981567383,10.875992774963379
1,34815,6.070866584777832,28.98339080810547,-5.227733135223389,-15.92849063873291
1,34816,-1.5433459281921387,-10.949167251586914,-4.229604244232178,17.96180534362793
1,34816,16.03707504272461,19.6303653717041,26.56319808959961,22.738922119140625
1,34816,6.852571964263916,4.2265448570251465,-7.948997974395752,-25.913881301879883
1,34816,-28.240570068359375,-42.019775390625,-17.498409271240234,-33.87370300292969
1,34816,-3.726706027984619,0.47770118713378906,-3.1436455249786377,-12.317154884338379
1,34817,20.206790924072266,5.946254253387451,0.6035736799240112,1.1699844598770142
1,34818,-14.498714447021484,-5.609736919403076,2.2048099040985107,4.319318771362305
1,34821,-2.444685220718384,13.977731704711914,-9.460929870605469,13.124796867370605
1,34822,23.600744247436523,-2.92016863822937,-10.534229278564453,-5.135742664337158
1,34825,-6.497969150543213,1.6024129390716553,0.15930917859077454,-19.385231018066406
1,34826,-15.730237007141113,13.203977584838867,8.204694747924805,4.945687294006348
1,34829,-5.881237983703613,-11.408601760864258,2.624173641204834,13.997159957885742
1,34830,20.01612091064453,-21.42091178894043,10.038902282714844,15.948173522949219
1,34831,0.4265592694282532,-3.2150259017944336,11.550241470336914,-0.01602202281355858
1,34834,-12.703634262084961,3.3223717212677,-2.3048744201660156,-13.870857238769531
1,34835,4.594192028045654,11.629969596862793,-12.108990669250488,-6.947438716888428
1,34838,4.558806419372559,16.880903244018555,5.8167548179626465,9.549306869506836
1,34839,7.872862339019775,0.27580225467681885,22.286640167236328,6.325665473937988
1,34842,-10.068286895751953,-6.470627784729004,3.896801233291626,-15.36281681060791
1,34843,3.6716532707214355,-3.4523088932037354,-8.12094783782959,2.9451041221618652
1,34846,-0.9532118439674377,8.764596939086914,-2.733795404434204,21.497535705566406
1,34847,-15.087276458740234,-16.81153678894043,-5.744020462036133,11.887928009033203
1,34850,9.026647567749023,-19.27499008178711,-25.117624282836914,-20.160259246826172
1,34851,8.481204986572266,12.067418098449707,-30.122541427612305,-12.892911911010742
1,34854,-13.739767074584961,-3.841132879257202,7.173263072967529,17.900094985961914
1,34855,-8.830623626708984,12.988702774047852,36.46682357788086,-15.019535064697266
1,34858,13.439212799072266,19.83380126953125,20.265804290771484,9.96202278137207
1,34989,4.557493686676025,-13.506956100463867,-4.764942169189453,1.2996692657470703
1,34989,0.11726661026477814,-22.630212783813477,-15.645740509033203,-39.8129768371582
1,34989,-14.187222480773926,9.684453964233398,9.071489334106445,24.72475814819336
1,34989,-11.646136283874512,30.673336029052734,13.294326782226562,24.632017135620117
1,34989,26.4227352142334,5.2865214347839355,-17.113243103027344,-36.37208938598633
1,34990,17.4846134185791,-23.2586612701416,-17.063859939575195,-22.57672119140625
1,34990,-14.046370506286621,-11.79161262512207,27.06070327758789,33.41273498535156
1,34990,-23.352529525756836,27.103004455566406,24.829187393188477,21.52505111694336
1,34990,8.718531608581543,-8.5209379196167,-16.69462776184082,-4.036667346954346
1,34990,15.205182075500488,-30.04326820373535,-11.888291358947754,-4.584207534790039
1,34990,-14.086649894714355,22.649154663085938,-12.246108055114746,-2.619638204574585
1,34991,-1.0304478406906128,10.75327205657959,0.5133151412010193,7.407802104949951
1,34991,13.78951644897461,-22.163259506225586,-0.2154659926891327,-23.741580963134766
1,34991,-2.0772945880889893,-7.905755519866943,-10.350631713867188,4.5375494956970215
1,34991,-16.897031784057617,1.743564248085022,9.005417823791504,43.98654556274414
1,34991,5.978792667388916,25.4119930267334,10.791621208190918,-21.875415802001953
1,34992,24.94573402404785,20.379772186279297,-3.3359150886535645,-36.32460403442383
1,34992,-0.21244403719902039,-36.15821838378906,-18.432632446289062,11.13444709777832
1,34992,-29.023521423339844,-17.92677116394043,5.815174579620361,26.386917114257812
1,34992,1.3338767290115356,18.686735153198242,5.35015869140625,-5.643837928771973
1,34992,13.94494915008545,8.835783958435059,-22.930160522460938,-4.549676418304443
1,34992,-5.0942254066467285,-8.19263744354248,1.7921152114868164,25.404348373413086
1,34993,15.616188049316406,-3.8995614051818848,23.132890701293945,-31.70180892944336
1,34993,-10.269730567932129,-1.4156447649002075,-0.5225019454956055,-25.57890510559082
1,34993,-18.306739807128906,-1.4911072254180908,-11.198152542114258,36.58022689819336
1,34993,13.941092491149902,10.30173397064209,13.797186851501465,11.314371109008789
1,34993,2.6597676277160645,3.4540765285491943,5.289173603057861,-12.483011245727539
1,34993,-8.904853820800781,22.317487716674805,-1.0189015865325928,-7.832833766937256
1,34994,0.013190185651183128,-13.142589569091797,12.580127716064453,-11.828827857971191
1,34994,13.189982414245605,-37.49931716918945,-26.44684600830078,1.1563727855682373
1,34994,8.079072952270508,6.864445209503174,-24.80946922302246,13.548641204833984
1,34994,-12.305496215820312,21.433818817138672,24.147380828857422,16.641590118408203
1,34994,-0.3967216908931732,3.03164005279541,5.8090033531188965,-0.39118558168411255
1,34994,0.3617931604385376,-6.812994956970215,-3.779118537902832,-22.518020629882812
1,34995,-16.088193893432617,9.357145309448242,22.48002052307129,4.439973831176758
1,34995,-4.651461601257324,8.75232982635498,1.0213119983673096,11.417577743530273
1,34995,9.306787490844727,-10.919272422790527,-17.704570770263672,-3.51875638961792
1,34995,17.682249069213867,-17.184791564941406,-8.294504165649414,-4.6125359535217285
1,34995,-7.87843656539917,9.444079399108887,6.427330493927002,-1.2411937713623047
1,34995,-12.95982551574707,7.177755355834961,16.22805404663086,2.6974518299102783
1,34996,1.3876831531524658,8.038400650024414,-12.05509090423584,-2.149919033050537
1,34996,8.596146583557129,0.06691794097423553,-7.620355129241943,4.982622146606445
1,34996,-3.5968716144561768,-21.459211349487305,26.79203987121582,3.8204994201660156
1,34996,7.3664655685424805,7.014309883117676,-11.500103950500488,-3.089707374572754
1,34996,16.824026107788086,-15.27278995513916,-20.545063018798828,2.2378227710723877
1,34997,-25.033735275268555,-1.7696986198425293,20.103839874267578,12.975117683410645
1,34997,1.8476077318191528,30.37821388244629,2.2499730587005615,2.8813376426696777
1,34997,-7.915923118591309,-6.63418436050415,3.4457168579101562,-25.542238235473633
1,34997,-8.682374954223633,6.7482523918151855,9.196990013122559,-20.95333480834961
1,34997,40.811607360839844,13.450119018554688,-12.128676414489746,-3.364619255065918
1,34997,18.244384765625,-9.051861763000488,-15.010616302490234,6.802504062652588
1,34997,-34.114139556884766,-8.593092918395996,-0.24807748198509216,20.81874656677246
1,34998,-12.128207206726074,-5.855390548706055,16.84763526916504,4.896848678588867
1,34998,40.293251037597656,11.401262283325195,1.0317466259002686,-20.027719497680664
1,34998,-7.253932952880859,1.0550718307495117,-13.492508888244629,2.673910617828369
1,34998,-21.142929077148438,-35.691314697265625,-9.467684745788574,6.102810382843018
1,34998,6.9090681076049805,8.15102481842041,2.1915764808654785,-10.656774520874023
1,34998,-15.5054931640625,22.07056427001953,2.5204739570617676,21.79046630859375
1,34999,-19.313127517700195,-28.773679733276367,-1.45310378074646,12.172667503356934
1,34999,26.015031814575195,13.516708374023438,16.549665451049805,-20.327062606811523
1,34999,16.46803092956543,28.087129592895508,-5.276204586029053,-13.149943351745605
1,34999,-34.35612106323242,-32.47856903076172,-20.31276512145996,-1.036781907081604
1,34999,-9.554583549499512,-13.971922874450684,6.289535045623779,15.894002914428711
1,35000,26.343008041381836,22.559152603149414,-2.1150970458984375,-4.724472999572754
1,35000,-0.3471565246582031,5.836284637451172,0.26328903436660767,-5.0357489585876465
1,35001,-18.38591766357422,3.069251298904419,9.872397422790527,-3.5850749015808105
1,35001,12.892931938171387,-17.30026626586914,-4.2658491134643555,-3.21012020111084
1,35001,11.12598991394043,-6.157918930053711,5.005725860595703,19.009052276611328
1,35002,-15.637957572937012,34.46061325073242,-1.4082341194152832,-1.8151874542236328
1,35002,-1.2623239755630493,-8.432608604431152,2.494603157043457,-1.267431378364563
1,35002,28.3013973236084,-18.004589080810547,13.906072616577148,13.54934310913086
1,35003,8.585512161254883,15.464910507202148,-21.39844512939453,-7.38144588470459
1,35004,-14.81455135345459,3.4020590782165527,-10.77238655090332,-15.270307540893555
1,35006,-24.89212989807129,-17.64898109436035,11.840066909790039,10.291671752929688
1,35008,5.435954570770264,4.062844276428223,13.880934715270996,19.41010284423828
1,35010,15.055670738220215,17.94264793395996,13.891096115112305,0.604953944683075
1,35012,-8.36851978302002,-14.374277114868164,-10.231436729431152,-32.193416595458984
1,35014,12.428844451904297,-8.936799049377441,2.0921640396118164,3.7840442657470703
1,35016,-11.614677429199219,15.472622871398926,-2.862536907196045,27.371200561523438
1,35018,-7.861062049865723,-4.640590190887451,-8.5799560546875,-15.751826286315918
1,35020,7.680452823638916,-13.738380432128906,5.367151260375977,-8.465226173400879
1,35022,-9.981538772583008,10.512090682983398,-7.426172733306885,-12.826324462890625
1,35024,10.593498229980469,-14.943629264831543,0.9049159288406372,-10.294034957885742
1,35026,11.793702125549316,-1.0584255456924438,-8.336631774902344,8.313352584838867
1,35028,-16.82431411743164,12.769136428833008,-9.91330337524414,8.09691047668457
1,35030,1.1104090213775635,-5.645691871643066,5.109882354736328,-1.2033741474151611
1,35032,3.9697484970092773,17.95641326904297,14.99650764465332,-5.465108394622803
1,35034,-7.142645359039307,-7.579030990600586,13.056838989257812,16.714357376098633
1,35036,11.998008728027344,-1.9426956176757812,-19.3957576751709,14.581310272216797
1,35038,7.640048027038574,26.981966018676758,-5.551478862762451,8.523637771606445
1,35041,-10.71259593963623,-13.027076721191406,-1.7988725900650024,-10.024083137512207
1,35042,-19.83686065673828,-24.43701171875,-9.388792037963867,-2.410398244857788
1,35045,-8.54513931274414,32.862831115722656,21.66619110107422,10.487934112548828
2,36228,31.42034149169922,7.793928623199463,25.735729217529297,-14.181868553161621
2,36229,43.24042892456055,-29.38393783569336,1.7307205200195312,-14.005816459655762
2,36232,-25.562427520751953,4.3961181640625,-32.7354736328125,-24.660987854003906
2,36233,-40.05402374267578,-5.219063758850098,-15.816765785217285,21.362197875976562
2,36236,12.571455001831055,1.2827080488204956,20.481828689575195,32.013511657714844
2,36237,1.1099539995193481,-2.7876720428466797,6.1836957931518555,-40.47863006591797
2,36240,7.001894950866699,-8.539133071899414,-24.822893142700195,-12.86660099029541
2,36241,0.5392904281616211,5.038984298706055,-5.446839809417725,49.94968032836914
2,36244,-13.12342357635498,-22.113704681396484,28.741342544555664,9.295146942138672
2,36255,18.12253761291504,10.889583587646484,4.243394374847412,-42.345401763916016
2,36255,-18.16223907470703,46.827056884765625,-4.909081935882568,-3.4130337238311768
2,36255,-10.07120132446289,-12.661238670349121,-6.209619045257568,40.253604888916016
2,36255,6.359165668487549,-28.22203254699707,-6.225607872009277,20.430110931396484
2,36255,3.268136739730835,18.118377685546875,-4.667974948883057,-36.384124755859375
2,36257,34.46402359008789,11.683357238769531,0.1520070731639862,-27.573549270629883
2,36258,0.2429680973291397,-1.2404484748840332,16.73956298828125,10.925844192504883
2,36259,-23.881933212280273,-13.744494438171387,2.20198655128479,6.761458396911621
2,36262,7.947056293487549,-23.64409065246582,11.747708320617676,6.31469202041626
2,36263,15.052532196044922,11.154555320739746,10.251421928405762,-19.424562454223633
2,36266,-24.050539016723633,10.085739135742188,-19.13227653503418,-18.866518020629883
2,36267,-34.82383728027344,8.816792488098145,-18.95828628540039,8.305459022521973
2,36270,20.2581787109375,8.164353370666504,17.295143127441406,28.250452041625977
2,36271,35.86529541015625,-27.013355255126953,9.133512496948242,19.822175979614258
2,36274,-13.44913387298584,-12.250360488891602,-15.087177276611328,-18.462871551513672
2,36275,-27.43112564086914,2.2283246517181396,3.570960760116577,14.892389297485352
2,36278,-2.5722672939300537,-2.039029121398926,-17.54891014099121,-0.7083113193511963
2,36301,20.72256088256836,35.07734298706055,-1.8255656957626343,-34.850563049316406
2,36301,12.320756912231445,18.24003791809082,17.516735076904297,-5.113997936248779
2,36302,-13.756854057312012,-25.455703735351562,-13.973235130310059,23.55478286743164
2,36302,-9.731990814208984,-8.106154441833496,-3.534940242767334,27.387407302856445
2,36302,5.108894348144531,-2.1524014472961426,3.514303684234619,-7.8412957191467285
2,36302,4.362524032592773,-4.416113376617432,-10.063194274902344,-15.190738677978516
2,36302,18.861467361450195,18.796655654907227,-4.613488674163818,-16.662704467773438
2,36302,14.84666919708252,9.184054374694824,2.8138883113861084,-14.448299407958984
2,36303,-24.72112274169922,-19.544166564941406,9.099084854125977,13.598677635192871
2,36303,-6.738549709320068,-6.952252388000488,20.75191879272461,6.825115203857422
2,36303,17.682750701904297,-6.048376083374023,-0.472432941198349,2.059521198272705
2,36304,-10.015137672424316,1.3990819454193115,-4.711644649505615,14.727629661560059
2,36304,-8.237797737121582,12.399404525756836,28.857072830200195,6.643128395080566
2,36306,3.310063600540161,2.4252312183380127,-16.433788299560547,-8.688252449035645
2,36308,-6.027945518493652,-3.7468955516815186,-28.199617385864258,-16.715972900390625
2,36310,0.9873113632202148,-11.351797103881836,22.966793060302734,-11.15355396270752
2,36312,10.066423416137695,15.403233528137207,9.37675666809082,20.544584274291992
2,36314,-11.620536804199219,10.502042770385742,-8.97272777557373,24.110504150390625
2,36316,-10.330885887145996,-22.195398330688477,1.2037029266357422,-8.692877769470215
2,36318,20.08176040649414,-2.364302396774292,-15.762613296508789,-9.741935729980469
2,36321,-16.832027435302734,10.450092315673828,-9.26094913482666,0.44349369406700134
2,36322,-20.338075637817383,7.112247943878174,7.284536838531494,-2.2352209091186523
2,36325,32.88270568847656,4.987769603729248,-5.494531154632568,-9.526843070983887
2,36326,12.645431518554688,-20.52251625061035,-2.3798141479492188,5.506112575531006
2,36329,-10.893918991088867,-1.7173882722854614,16.386123657226562,8.444609642028809
2,36442,-5.292604923248291,-26.645130157470703,-36.3311653137207,2.433051109313965
2,36442,12.300347328186035,16.99681854248047,1.4094911813735962,-43.33185577392578
2,36442,15.857765197753906,27.5698184967041,5.518239498138428,10.113085746765137
2,36442,-16.873714447021484,-32.71543502807617,-7.416959285736084,27.60181427001953
2,36442,-17.89598274230957,-6.669440269470215,32.268375396728516,-7.695979595184326
2,36443,18.143178939819336,20.327159881591797,0.18319077789783478,-1.5458407402038574
2,36443,-0.5987057685852051,-30.150911331176758,-21.396438598632812,-4.691232204437256
2,36443,-15.729496955871582,-16.88045310974121,-2.9316248893737793,-9.444160461425781
2,36443,-1.8833293914794922,37.92457580566406,28.139385223388672,-2.1174445152282715
2,36443,16.992961883544922,10.22347640991211,18.814064025878906,10.452420234680176
2,36443,12.49570369720459,-13.546392440795898,-23.633819580078125,-1.4222980737686157
2,36444,-17.284955978393555,-7.163004398345947,-15.428522109985352,-23.89858055114746
2,36444,-18.255813598632812,-17.30850601196289,20.022480010986328,22.490808486938477
2,36444,14.80915355682373,15.21721076965332,14.773687362670898,20.261266708374023
2,36444,25.12497901916504,23.314456939697266,-23.512943267822266,-20.528690338134766
2,36444,-15.313033103942871,-30.567188262939453,-15.926616668701172,-1.241963267326355
2,36445,-8.585426330566406,-6.038427352905273,15.486363410949707,0.9955261945724487
2,36445,2.909531593322754,28.653413772583008,14.427448272705078,15.768607139587402
2,36445,-3.5407235622406006,12.495978355407715,-10.692150115966797,3.995227098464966
2,36445,-4.952341079711914,-6.03431510925293,-12.155360221862793,-23.834308624267578
2,36445,-8.72950267791748,-4.623289108276367,17.61928939819336,1.4649728536605835
2,36445,29.268735885620117,3.576179265975952,1.5846835374832153,-6.472869873046875
2,36446,1.4425338506698608,-17.8890380859375,-22.87096405029297,1.6186665296554565
2,36446,-28.78517723083496,-2.892035484313965,16.474464416503906,25.66317367553711
2,36447,11.639267921447754,16.19049072265625,5.783224105834961,0.7859337329864502
2,36447,10.936792373657227,-8.33895492553711,-22.246807098388672,-9.803139686584473
2,36449,-5.929789066314697,-6.41745662689209,0.6720326542854309,-15.81282901763916
2,36450,-14.495857238769531,-0.49246329069137573,-1.314244270324707,10.168201446533203
2,36453,12.07967758178711,-4.221019744873047,-8.076794624328613,20.3560791015625
2,36454,24.48679542541504,19.231151580810547,4.513139247894287,-15.287405014038086
2,36457,-10.407693862915039,3.800562620162964,31.40738296508789,-2.8638687133789062
2,36458,-17.055130004882812,-29.0921573638916,9.227206230163574,11.409501075744629
2,36461,2.758413314819336,-4.483397960662842,-32.37544631958008,-22.10865592956543
2,36462,18.965103149414062,32.720367431640625,-1.6255416870117188,-24.968215942382812
2,36465,-11.903694152832031,-3.1128039360046387,24.877931594848633,43.9492073059082
2,36466,-20.383934020996094,-37.597408294677734,-32.769134521484375,6.26909875869751
2,36469,3.3791372776031494,6.354981422424316,-6.705470085144043,-25.53388786315918
2,36470,19.723493576049805,29.131526947021484,55.6656608581543,23.99374771118164
2,36527,7.118371963500977,-8.849299430847168,-12.814665794372559,4.089917182922363
2,36527,-22.64214515686035,-23.603504180908203,-20.228269577026367,-20.11039924621582
2,36527,12.144011497497559,24.56552505493164,7.794280529022217,-17.61539077758789
2,36528,11.423652648925781,17.19800567626953,-19.454692840576172,18.21116065979004
2,36528,-29.967487335205078,-17.735244750976562,-1.1314880847930908,21.150022506713867
2,36528,6.6374311447143555,5.807164192199707,25.222827911376953,-4.339750289916992
2,36528,28.880775451660156,-1.339927315711975,-5.733779430389404,-18.38994598388672
2,36528,-10.056954383850098,-9.070262908935547,-17.388900756835938,-21.996944427490234
2,36528,-14.928370475769043,-5.063299655914307,17.28060531616211,18.094566345214844
2,36529,14.609707832336426,-5.268702507019043,-3.917849063873291,6.137712478637695
2,36529,-5.612757205963135,24.802265167236328,-13.385229110717773,-8.974369049072266
2,36529,-13.89008903503418,8.163004875183105,7.3218207359313965,0.5793539881706238
2,36529,19.064481735229492,-22.54889678955078,-1.535424828529358,-23.48200798034668
2,36529,-5.247549533843994,7.079319477081299,20.765439987182617,15.174736976623535
2,36530,-11.587574005126953,23.979442596435547,5.048654079437256,29.429431915283203
2,36530,6.577264308929443,-9.02054500579834,-32.68081283569336,-2.3030917644500732
2,36530,-4.884586334228516,-20.914424896240234,7.373832702636719,2.0898125171661377
2,36530,-3.4776549339294434,1.7116557359695435,32.7841911315918,-7.213521957397461
2,36530,0.16705989837646484,21.700498580932617,-4.902476787567139,-5.317183017730713
2,36530,5.706441879272461,-7.51959228515625,-16.740455627441406,7.222970485687256
2,36531,-0.20134946703910828,-29.886503219604492,-0.12262427061796188,0.7507596611976624
2,36531,-15.98515796661377,16.94240379333496,-0.7332814931869507,-13.807604789733887
2,36531,5.500953674316406,-1.855193018913269,-12.905036926269531,-4.734004974365234
2,36531,9.594008445739746,-31.54530906677246,-9.067727088928223,23.302858352661133
2,36531,1.2604730129241943,26.02088165283203,18.620697021484375,9.044008255004883
2,36531,10.376358032226562,24.944637298583984,7.774669647216797,-17.843542098999023
2,36532,-7.045713424682617,-11.90905475616455,-4.557231426239014,-5.508913516998291
2,36532,-3.0540764331817627,-0.8669750094413757,-6.562976360321045,-1.1500842571258545
2,36533,24.314546585083008,13.480074882507324,-13.942740440368652,0.7864985466003418
2,36533,6.179028511047363,13.652819633483887,4.638041019439697,5.424289703369141
2,36533,-25.5041561126709,-20.98406219482422,2.072908639907837,5.0485334396362305
2,36535,-23.724641799926758,-29.619409561157227,-6.71809720993042,19.374921798706055
2,36536,4.567059516906738,9.634382247924805,4.496485710144043,-24.221450805664062
2,36537,18.190481185913086,23.02019691467285,29.865243911743164,-34.04737091064453
2,36540,-5.134139537811279,3.744938611984253,5.038737773895264,11.4329252243042
2,36541,-6.516072750091553,-15.242490768432617,-20.99224853515625,7.555268287658691
2,36544,-7.2337727546691895,-22.158052444458008,-14.470612525939941,-9.007268905639648
2,36545,2.631999969482422,-13.92377758026123,-9.847308158874512,-1.1388353109359741
2,36548,26.21619415283203,36.36866760253906,15.789331436157227,10.956156730651855
2,36549,1.571826696395874,30.767900466918945,12.02391242980957,0.7597358226776123
2,36552,-7.889963150024414,-19.00092887878418,11.31212043762207,10.44789981842041
2,36553,16.178428649902344,-12.089158058166504,-7.440939903259277,9.204096794128418
2,36556,-14.297797203063965,-23.059921264648438,-26.321975708007812,8.968900680541992
2,36557,-22.16135597229004,5.7905683517456055,7.945306777954102,0.7762652039527893
2,36560,15.532004356384277,26.215198516845703,15.120027542114258,-16.096227645874023
2,36562,-1.2539153099060059,-22.996713638305664,-19.585355758666992,-2.5046160221099854
2,36564,-1.8249292373657227,3.9645047187805176,8.5372314453125,-11.868728637695312
2,36634,-3.5754213333129883,20.270816802978516,42.66739273071289,4.831575393676758
2,36634,5.032246112823486,-7.049727916717529,-16.00420379638672,27.852174758911133
2,36634,5.210897922515869,-6.621669769287109,-16.679283142089844,0.6541192531585693
2,36634,-24.110109329223633,-5.072505950927734,11.748428344726562,-29.58592987060547
2,36635,8.943887710571289,8.980883598327637,-16.479318618774414,-11.81391429901123
2,36635,11.586172103881836,-4.343698978424072,-3.3242883682250977,27.984968185424805
2,36635,-1.9023656845092773,0.03423944115638733,10.108806610107422,-5.4065117835998535
2,36635,6.092867374420166,14.917695999145508,-15.137125015258789,-18.142284393310547
2,36635,-2.3031160831451416,-16.871545791625977,-14.851400375366211,7.011843681335449
2,36635,-2.871066093444824,-7.079498291015625,7.682779788970947,-1.7782899141311646
2,36636,-15.07177734375,16.346267700195312,4.577865123748779,29.43985939025879
2,36636,2.917384624481201,-5.036020278930664,2.769731044769287,6.466742038726807
2,36636,-1.405257225036621,-8.671578407287598,5.270115375518799,-27.979534149169922
2,36636,-19.919527053833008,18.4317569732666,-9.56355094909668,5.2972941398620605
2,36636,20.196428298950195,-6.6162333488464355,1.492220401763916,-5.507503032684326
2,36637,28.52206039428711,-11.123115539550781,3.9305763244628906,-17.564014434814453
2,36637,-2.850006103515625,9.962140083312988,-1.5914734601974487,12.917848587036133
2,36637,-24.650373458862305,-9.295787811279297,3.397160291671753,21.983762741088867
2,36637,0.4459344446659088,0.35439032316207886,3.3672425746917725,-24.676210403442383
2,36637,28.703458786010742,3.546888589859009,-2.1449501514434814,-2.975703716278076
2,36637,5.914481163024902,15.029879570007324,1.8534551858901978,28.901851654052734
2,36638,-15.027247428894043,22.59393882751465,3.507572889328003,-23.600675582885742
2,36638,-7.069972038269043,-20.2266845703125,-18.911022186279297,-20.27426528930664
2,36638,4.956398963928223,-26.493982315063477,2.240851879119873,0.8868707418441772
2,36638,1.5738322734832764,-6.176674842834473,18.806167602539062,22.908281326293945
2,36638,5.70233678817749,13.037531852722168,-8.412375450134277,21.60735321044922
2,36638,-5.774060249328613,5.077944755554199,1.9524050951004028,-18.948402404785156
2,36639,-8.888055801391602,-20.287982940673828,15.55488395690918,-18.053741455078125
2,36639,17.988731384277344,25.5318603515625,-5.358266830444336,16.81148338317871
2,36639,-0.1349329799413681,29.45003318786621,-10.262138366699219,35.50448989868164
2,36639,-10.489505767822266,-23.35528564453125,10.327786445617676,-16.343557357788086
2,36639,14.732132911682129,-12.202081680297852,6.4018120765686035,-27.32366943359375
2,36639,3.8935484886169434,20.004884719848633,-8.831537246704102,1.9732643365859985
2,36640,-22.40934944152832,-1.311151146888733,2.378636121749878,-4.239792823791504
2,36640,-6.186591625213623,-14.85195541381836,-12.582276344299316,-8.404255867004395
2,36641,21.743919372558594,28.95697593688965,-3.4494762420654297,9.208269119262695
2,36641,-11.248589515686035,-6.6310014724731445,17.59464454650879,14.744243621826172
2,36641,-30.127477645874023,-47.556129455566406,-8.63326644897461,-2.854774236679077
2,36643,16.44366455078125,26.61651611328125,12.247943878173828,5.318606853485107
2,36644,14.87402629852295,41.23809051513672,29.29245948791504,-8.270038604736328
2,36645,-14.068239212036133,-29.102270126342773,-14.003423690795898,-3.099886655807495
2,36648,6.884219646453857,-33.61693572998047,-47.87925720214844,13.565281867980957
2,36649,6.674248695373535,-5.849142551422119,0.3155284821987152,-2.747365951538086
2,36652,-31.75882339477539,6.5124969482421875,32.15082931518555,6.198616981506348
2,36653,3.480222463607788,22.19205665588379,-14.482341766357422,3.3129048347473145
2,36656,53.64472198486328,9.242879867553711,-4.236306667327881,-18.792797088623047
2,36657,1.9329472780227661,0.3362744450569153,12.793845176696777,-4.732872486114502
2,36660,-52.07521057128906,-18.112075805664062,0.2606643736362457,37.725242614746094
2,36661,-19.95146369934082,-46.48908996582031,-18.863712310791016,-26.073453903198242
2,36664,31.27600860595703,2.2844913005828857,-15.464776039123535,-41.69002914428711
2,36665,18.651660919189453,36.57463455200195,31.91373062133789,47.77204132080078
2,36668,-15.059661865234375,18.525930404663086,8.444168090820312,-2.0729451179504395
2,36669,-20.586965560913086,9.051962852478027,-19.591264724731445,-29.65300178527832
2,36672,9.244235038757324,-1.8464570045471191,14.561858177185059,6.048142433166504
2,36753,25.513553619384766,3.9205245971679688,7.1535162925720215,24.946428298950195
2,36753,4.201907157897949,-7.559731960296631,-22.700857162475586,16.881372451782227
2,36753,-3.0149593353271484,-15.050015449523926,-7.57219934463501,-32.092098236083984
2,36753,-13.649116516113281,3.0772156715393066,15.237837791442871,9.077938079833984
2,36753,14.956082344055176,32.657562255859375,10.116019248962402,31.075246810913086
2,36753,26.432476043701172,4.199827671051025,-4.121636867523193,-29.8250675201416
2,36754,-21.575754165649414,-37.81440353393555,-11.860818862915039,-5.515071868896484
2,36754,-21.48133087158203,-8.350916862487793,3.217557430267334,27.0168399810791
2,36754,5.275930404663086,-0.8345977663993835,-6.705516338348389,-36.159488677978516
2,36754,-3.055983066558838,-8.469463348388672,-3.8398566246032715,-21.595272064208984
2,36754,-2.21718692779541,1.0952023267745972,30.532901763916016,31.16170883178711
2,36754,12.87934398651123,13.350268363952637,-5.472133159637451,-22.402437210083008
2,36755,-11.427337646484375,18.82087516784668,-28.790132522583008,-2.4632482528686523
2,36755,-23.373828887939453,0.15233948826789856,8.901098251342773,32.368629455566406
2,36755,6.575523376464844,-29.393585205078125,10.180071830749512,-19.438505172729492
2,36755,11.593356132507324,1.1353932619094849,-2.5503833293914795,5.601017475128174
2,36755,-5.538424968719482,46.22514343261719,-10.237313270568848,15.258153915405273
2,36755,14.5679931640625,-1.4111111164093018,-0.0753684714436531,-6.670834541320801
2,36756,12.622308731079102,-33.147308349609375,22.670398712158203,3.154386043548584
2,36756,-20.323097229003906,8.036733627319336,9.106740951538086,1.8049001693725586
2,36756,-17.661094665527344,3.4279115200042725,0.8718142509460449,13.782764434814453
2,36756,15.57905387878418,-12.89230728149414,-15.312202453613281,-6.509570598602295
2,36756,5.807925224304199,-0.71647047996521,-18.054471969604492,-16.84160804748535
2,36757,-20.430057525634766,-4.66928768157959,-0.5103365778923035,5.464057445526123
2,36757,5.313169479370117,18.316078186035156,10.783612251281738,-6.588928699493408
2,36757,8.748970985412598,10.174806594848633,11.256089210510254,4.468768119812012
2,36757,-2.3237111568450928,-36.653743743896484,-20.335704803466797,11.425535202026367
2,36757,5.440492153167725,0.3538569509983063,-9.406962394714355,-12.631771087646484
2,36757,5.444233417510986,25.73265838623047,27.584732055664062,5.603875637054443
2,36758,9.751749038696289,-1.3723013401031494,-4.109617233276367,2.0025768280029297
2,36758,6.064388751983643,-5.093243598937988,-18.464021682739258,-24.76149559020996
2,36758,-11.184562683105469,-16.9964656829834,4.1297149658203125,2.0669450759887695
2,36758,-15.912253379821777,8.112720489501953,-1.7450451850891113,19.820425033569336
2,36758,-1.6137759685516357,16.874263763427734,12.650890350341797,15.767129898071289
2,36758,4.612606048583984,-11.217334747314453,19.269119262695312,-8.287798881530762
2,36759,9.424818992614746,-3.959733247756958,-6.576557636260986,-33.108367919921875
2,36759,-7.171092510223389,-9.523115158081055,-18.587154388427734,2.2266483306884766
2,36759,-39.25422286987305,-0.5130097270011902,0.7903022170066833,17.55608367919922
2,36759,14.043627738952637,21.881332397460938,-7.669136047363281,-6.844855308532715
2,36759,24.09859848022461,-3.760004758834839,-15.307796478271484,-14.213836669921875
2,36761,15.88961124420166,-10.983708381652832,18.96190643310547,16.305496215820312
2,36761,29.534170150756836,-1.4865367412567139,6.560187816619873,26.0020809173584
2,36761,-37.570411682128906,-12.94764232635498,-9.332377433776855,-20.26848793029785
2,36761,-7.567659378051758,23.451751708984375,15.35470962524414,-11.278984069824219
2,36762,89.07837677001953,18.113693237304688,12.524052619934082,34.928077697753906
2,36764,6.8350443840026855,-17.454944610595703,-14.832887649536133,20.469482421875
2,36766,-75.21253967285156,9.6448392868042,-10.81446361541748,-35.78816223144531
2,36768,-20.863332748413086,3.042867660522461,9.183277130126953,-38.4138298034668
2,36770,-11.095396995544434,-15.914628028869629,-15.516404151916504,28.711750030517578
2,36772,14.004430770874023,1.8914008140563965,-3.7100839614868164,33.631107330322266
2,36774,0.6023460030555725,-4.435054302215576,40.2376823425293,-6.162128925323486
2,36776,-13.731843948364258,-7.486228942871094,-16.125680923461914,-23.807456970214844
2,36778,23.941720962524414,29.338470458984375,-30.7772274017334,-16.019411087036133
2,36780,-16.752174377441406,7.390390872955322,21.685840606689453,2.3779852390289307
2,36782,-13.471314430236816,-14.456594467163086,21.01627540588379,3.4207541942596436
2,36784,29.634382247924805,-8.578435897827148,4.669551372528076,20.67165184020996
2,36786,6.522726535797119,-32.00132751464844,-12.559980392456055,4.846794128417969
2,36788,-34.12990951538086,-0.30282628536224365,-7.587019443511963,-9.47944450378418
2,36790,-18.011659622192383,9.469779968261719,-5.407227516174316,-6.435722351074219
2,36792,24.67810821533203,17.047340393066406,-0.629901647567749,-11.924237251281738
2,36794,27.249225616455078,29.505887985229492,4.683150291442871,20.722352981567383
2,36796,5.122785568237305,-16.82962417602539,-3.250445604324341,7.726580619812012
2,36888,-23.13348388671875,-26.708641052246094,-4.081909656524658,-15.057937622070312
2,36888,-2.957690477371216,9.648459434509277,-1.9976600408554077,3.073822498321533
2,36888,11.256415367126465,19.249963760375977,23.206239700317383,-5.024442195892334
2,36888,-15.479310035705566,11.162298202514648,-1.5692270994186401,-2.991203784942627
2,36888,21.0136661529541,5.660760402679443,-19.18868064880371,3.1133434772491455
2,36889,27.146133422851562,-32.14390182495117,11.17390251159668,-14.361319541931152
2,36889,-20.03521156311035,-10.053295135498047,8.441515922546387,-0.8629845380783081
2,36889,-16.714853286743164,19.372812271118164,-1.4173520803451538,39.5275993347168
2,36889,0.17843258380889893,-0.43039578199386597,-15.869255065917969,-13.758708953857422
2,36889,-8.554437637329102,-0.9947403073310852,-14.152891159057617,-38.2510986328125
2,36889,2.2182087898254395,-6.3715739250183105,5.868528842926025,18.906673431396484
2,36890,13.893272399902344,-1.3811355829238892,7.357184886932373,8.067623138427734
2,36890,-2.8271210193634033,-13.362726211547852,-16.88117027282715,-10.730131149291992
2,36890,4.9297099113464355,-3.3687551021575928,-13.473136901855469,-10.12146282196045
2,36890,-0.9799908995628357,16.62318992614746,10.672904968261719,6.567343711853027
2,36890,1.0517524480819702,-7.533974647521973,6.487652778625488,7.70149040222168
2,36891,39.95310592651367,11.51451587677002,8.780271530151367,-8.181844711303711
2,36891,14.70277214050293,25.94219398498535,19.24010467529297,2.7388432025909424
2,36891,-24.997180938720703,-11.888537406921387,9.095728874206543,18.145177841186523
2,36891,-17.578731536865234,5.309572219848633,-7.0428009033203125,19.847532272338867
2,36891,0.5247580409049988,19.315351486206055,11.416887283325195,-4.076803207397461
2,36891,5.0385637283325195,-18.43280792236328,15.148433685302734,-19.4202880859375
2,36892,-26.389286041259766,-2.780579090118408,-20.997032165527344,0.07448848336935043
2,36892,-15.503294944763184,12.50827693939209,5.523811340332031,8.096306800842285
2,36892,26.88243865966797,3.428332567214966,12.456029891967773,-17.09280014038086
2,36892,-3.0585875511169434,-13.803657531738281,-30.863426208496094,8.090786933898926
2,36892,-41.049068450927734,-19.492877960205078,13.108847618103027,41.23358917236328
2,36892,0.24909920990467072,11.999279022216797,13.705425262451172,-17.174760818481445
2,36893,31.52596092224121,10.858146667480469,-36.325050354003906,-34.29193878173828
2,36893,-16.140230178833008,-22.80760383605957,-10.81940746307373,11.372331619262695
2,36893,-30.726253509521484,-27.187843322753906,12.436683654785156,-6.379252910614014
2,36893,13.718603134155273,15.647490501403809,1.8626774549484253,-25.85472869873047
2,36893,17.880178451538086,11.18763542175293,-13.4301118850708,15.680644989013672
2,36893,-10.521194458007812,-11.317208290100098,-3.9557254314422607,24.21035385131836
2,36894,10.450687408447266,20.05852699279785,2.9027271270751953,-10.600509643554688
2,36894,20.46750259399414,-12.318482398986816,-1.0284337997436523,-2.321307420730591
2,36894,-19.523996353149414,-21.542247772216797,22.542888641357422,7.286495685577393
2,36894,-2.580143690109253,17.77556610107422,0.8172644376754761,-16.83570671081543
2,36894,22.197402954101562,4.336448669433594,-24.887977600097656,-9.998038291931152
2,36894,-7.671106815338135,8.118598937988281,7.195781230926514,12.601934432983398
2,36895,-20.37088966369629,-13.338530540466309,8.858302116394043,8.417011260986328
2,36895,-1.7368663549423218,-29.867530822753906,-15.862974166870117,-7.5954790115356445
2,36895,18.49542808532715,20.368972778320312,-1.414348840713501,-12.295841217041016
2,36895,11.49854850769043,33.823944091796875,15.886728286743164,22.60471534729004
2,36895,-15.024002075195312,-27.678251266479492,4.428837776184082,20.417396545410156
2,36896,6.032524108886719,-21.12086296081543,11.406691551208496,-14.906163215637207
2,36897,14.068642616271973,60.286590576171875,7.948578834533691,-12.368152618408203
2,36897,-14.65585994720459,24.16182518005371,-0.6520564556121826,-5.896556377410889
2,36897,22.357738494873047,-20.49765396118164,-18.827608108520508,3.5512874126434326
2,36897,11.198288917541504,3.432215452194214,-14.05801010131836,17.54682159423828
2,36899,-30.766815185546875,-12.893393516540527,22.117433547973633,29.897201538085938
2,36900,-8.290904998779297,-33.3682746887207,-1.6559613943099976,-9.588013648986816
2,36903,2.789559841156006,-42.07239532470703,-21.251873016357422,-13.00543212890625
2,36904,26.082544326782227,3.567481279373169,-16.64755630493164,-0.41846585273742676
2,36907,14.438211441040039,44.71986770629883,18.011201858520508,-18.022342681884766
2,36908,-38.58632278442383,4.271766662597656,22.132322311401367,9.708976745605469
2,36911,4.670259952545166,0.12710487842559814,-2.3587160110473633,-5.599775314331055
2,36912,24.833608627319336,7.32897424697876,2.5833353996276855,0.23053595423698425
2,36915,-23.175548553466797,-18.186355590820312,-12.2283935546875,5.032235145568848
2,36916,-1.9849143028259277,-0.0428960956633091,5.960108757019043,-5.756166458129883
2,36919,34.64765167236328,19.28712272644043,7.153318405151367,-1.499462604522705
2,36920,-2.160357713699341,14.523033142089844,-8.360213279724121,-16.940044403076172
2,36923,-54.83574295043945,0.7184540629386902,3.5340912342071533,-9.413090705871582
2,36924,-33.170589447021484,-1.054954171180725,1.0737234354019165,9.798873901367188
2,36927,26.705978393554688,-7.04241418838501,-2.2812280654907227,27.664615631103516
2,36928,33.771175384521484,-25.07075309753418,-6.2054057121276855,5.857816219329834
2,36931,18.471515655517578,2.5798356533050537,8.588669776916504,-16.0435733795166
2,36932,42.26798629760742,14.000752449035645,12.830410957336426,-3.2294766902923584
2,36933,-28.95448875427246,-12.19758129119873,-28.866741180419922,-26.943944931030273
2,37038,-68.00776672363281,-23.233793258666992,-27.53806495666504,-7.5407819747924805
2,37038,16.922273635864258,17.365215301513672,26.22061538696289,52.18255615234375
2,37038,21.38092613220215,26.30678367614746,29.832273483276367,11.681039810180664
2,37038,0.5574835538864136,-5.0293049812316895,1.2555960416793823,-22.93429946899414
2,37039,15.228683471679688,13.77804183959961,-15.617671012878418,-13.756514549255371
2,37039,-2.2776288986206055,-4.634180068969727,-8.220799446105957,1.3411872386932373
2,37039,-22.53931427001953,-26.13886260986328,16.11068344116211,9.522012710571289
2,37039,-18.671112060546875,-14.208664894104004,-11.995055198669434,-2.396106481552124
2,37039,-11.642287254333496,-0.03931712359189987,-22.901840209960938,9.72325325012207
2,37039,10.088647842407227,18.53257179260254,20.301795959472656,18.132125854492188
2,37040,10.074485778808594,7.6122541427612305,23.830276489257812,-7.586636066436768
2,37040,-3.0803232192993164,-7.003478050231934,-9.979580879211426,-13.110520362854004
2,37040,28.762508392333984,8.977702140808105,-15.368243217468262,-21.5681209564209
2,37040,4.171716690063477,8.67541217803955,1.9105943441390991,-12.79109001159668
2,37040,-34.024845123291016,-19.700246810913086,-14.52181625366211,36.470272064208984
2,37041,8.627928733825684,-6.1136932373046875,-7.330066204071045,-1.293860912322998
2,37041,27.785961151123047,20.123802185058594,29.3741397857666,-31.95133399963379
2,37041,-7.101007461547852,3.609504461288452,-0.6260254383087158,14.60981559753418
2,37041,-40.38931655883789,-18.853958129882812,-20.855178833007812,21.05177116394043
2,37041,17.167531967163086,-5.530827522277832,17.400962829589844,-2.0840790271759033
2,37041,44.680824279785156,18.314067840576172,8.031694412231445,-4.025594234466553
2,37042,-10.103479385375977,7.1062469482421875,-16.571290969848633,3.6328864097595215
2,37042,-16.04432487487793,-6.920370578765869,-3.0829601287841797,-7.619808673858643
2,37042,-1.601922631263733,-4.012664794921875,10.414301872253418,-8.014193534851074
2,37042,0.2440313845872879,-5.095084190368652,21.194238662719727,15.724616050720215
2,37042,-2.3384482860565186,9.240965843200684,-3.7898354530334473,6.318645000457764
2,37042,-9.303953170776367,-6.997991561889648,-19.04279899597168,-11.18664836883545
2,37043,5.324346542358398,-12.956110000610352,5.604825973510742,5.981833457946777
2,37043,16.594532012939453,25.213138580322266,-5.642319202423096,-0.6327672600746155
2,37043,-11.909505844116211,3.516141176223755,-10.720206260681152,-18.15387725830078
2,37043,-12.646656036376953,-31.918636322021484,2.2723886966705322,16.84251594543457
2,37043,-0.829812228679657,4.576792240142822,10.590442657470703,6.586484909057617
2,37043,-5.263565540313721,15.182831764221191,5.687768936157227,-18.227384567260742
2,37044,11.577749252319336,-0.07725530862808228,-7.046160697937012,8.207953453063965
2,37044,16.201204299926758,25.542011260986328,-0.18581102788448334,-4.382899761199951
2,37044,-1.5024776458740234,-1.633178472518921,-3.772692918777466,-24.576793670654297
2,37044,-9.488410949707031,-31.45384979248047,-17.917213439941406,1.8799999952316284
2,37044,-27.825349807739258,-11.90964126586914,14.579656600952148,23.384742736816406
2,37044,18.194103240966797,6.040403842926025,27.392227172851562,21.67805290222168
2,37045,48.428192138671875,18.064132690429688,-24.377704620361328,-15.475003242492676
2,37045,-37.612300872802734,-2.116074323654175,-10.232880592346191,-38.201087951660156
2,37045,-35.38150405883789,-2.456048011779785,20.39307403564453,2.1435012817382812
2,37045,24.123079299926758,3.92720627784729,3.9516639709472656,21.712190628051758
2,37045,14.187854766845703,-10.880284309387207,-17.337270736694336,9.007163047790527
2,37045,-9.635740280151367,4.177718639373779,-5.940289497375488,-6.949609279632568
2,37046,-8.233875274658203,-3.7718966007232666,6.711362361907959,15.623080253601074
2,37046,14.164502143859863,1.0316669940948486,-0.24054297804832458,-9.651252746582031
2,37046,8.191838264465332,14.7871675491333,7.118516445159912,-35.707332611083984
2,37046,-15.802546501159668,-1.7264528274536133,3.389739751815796,36.58150863647461
2,37046,-5.574368476867676,9.775030136108398,6.987590789794922,15.869674682617188
2,37046,14.603048324584961,-13.058564186096191,-1.449111819267273,-14.087873458862305
2,37047,1.0306023359298706,-25.19387435913086,-3.347050905227661,23.64529800415039
2,37048,-10.529850006103516,19.52758026123047,6.124793529510498,-10.163274765014648
2,37048,15.11484432220459,16.856861114501953,-1.1915329694747925,-33.88563537597656
2,37048,26.108478546142578,-8.837325096130371,-6.0123610496521,5.855882167816162
2,37048,-19.372196197509766,-2.2552988529205322,-7.248708724975586,34.30186080932617
2,37049,-40.904178619384766,-11.487776756286621,-2.8168020248413086,9.778911590576172
2,37050,7.273378849029541,-6.162365436553955,-0.42857587337493896,-23.06673812866211
2,37053,26.64252471923828,19.115262985229492,12.07522964477539,-11.352434158325195
2,37054,-4.8166069984436035,-8.24486255645752,14.616495132446289,5.508570671081543
2,37057,-13.227799415588379,-11.2240571975708,-16.957664489746094,-6.547229290008545
2,37058,-2.4887912273406982,-0.3830898106098175,-29.77839469909668,-7.566684246063232
2,37061,-0.07184264808893204,-7.620780944824219,2.8209903240203857,-3.270059108734131
2,37062,23.2185001373291,7.126293659210205,30.40943145751953,-0.6894477009773254
2,37065,3.7913975715637207,9.890669822692871,14.011539459228516,8.61115837097168
2,37066,-26.239730834960938,6.043717861175537,-17.158695220947266,-1.5029582977294922
2,37069,24.65878677368164,-7.52500057220459,-9.384537696838379,2.7912991046905518
2,37070,6.034773349761963,-6.5509033203125,13.693594932556152,23.027204513549805
2,37071,-34.46200942993164,6.136567115783691,-8.679195404052734,10.027620315551758
2,37074,29.206867218017578,-4.357293128967285,-2.501108169555664,-32.036312103271484
2,37075,19.052867889404297,-9.313776969909668,14.15794563293457,-5.74880838394165
2,37078,-25.925281524658203,38.41342544555664,-20.132892608642578,9.53940200805664
2,37079,-24.440753936767578,23.629962921142578,13.353354454040527,-4.116383075714111
2,37082,-57.34762191772461,-87.5770034790039,9.423489570617676,22.626388549804688
2,37083,2.0614707469940186,-32.03750991821289,-28.234045028686523,9.958222389221191
2,37086,85.10916137695312,68.44369506835938,3.1360087394714355,-31.683645248413086
2,37088,8.854435920715332,24.28643798828125,15.10200023651123,-25.80919075012207
2,37203,-35.46442794799805,18.82370948791504,3.590724468231201,14.154635429382324
2,37203,5.460806369781494,-1.3884634971618652,-5.903377532958984,7.4025559425354
2,37203,14.580623626708984,-43.1650276184082,7.71910285949707,2.5130016803741455
2,37203,4.9756622314453125,9.429277420043945,-11.980229377746582,12.81658935546875
2,37204,-3.8122289180755615,24.518972396850586,-7.852512359619141,-0.12697193026542664
2,37204,13.060772895812988,-18.019969940185547,24.602645874023438,-21.963058471679688
2,37204,9.791125297546387,-12.719249725341797,-7.299798011779785,-2.637608766555786
2,37204,-20.495601654052734,13.082415580749512,-19.530012130737305,37.691070556640625
2,37204,-14.909014701843262,8.043966293334961,8.77170467376709,-8.50904369354248
2,37204,15.965062141418457,-21.281482696533203,-6.457982540130615,-48.176605224609375
2,37205,-6.559168815612793,-18.864681243896484,-21.90340805053711,3.010777711868286
2,37205,-27.379247665405273,14.665999412536621,5.405960559844971,42.131614685058594
2,37205,7.439454078674316,16.55124855041504,20.29401969909668,12.410696029663086
2,37205,8.672225952148438,-2.3215692043304443,14.886905670166016,-16.546260833740234
2,37205,4.896963596343994,-12.306922912597656,4.917300224304199,-12.705511093139648
2,37205,19.975492477416992,-1.7586109638214111,-6.563446998596191,-5.5091986656188965
2,37206,9.11104679107666,22.035266876220703,-4.369236469268799,17.24941062927246
2,37206,-5.35931921005249,10.542581558227539,-6.342092514038086,21.931476593017578
2,37206,-8.764603614807129,-33.293006896972656,6.663115501403809,4.666908264160156
2,37206,-15.102373123168945,-11.477965354919434,33.24330139160156,-10.722932815551758
2,37206,-13.568291664123535,20.787368774414062,-6.719282627105713,-18.079566955566406
2,37206,13.401082992553711,1.2502415180206299,-35.599021911621094,-12.77237319946289
2,37207,1.096838116645813,-4.475578308105469,5.406862735748291,8.09393310546875
2,37207,-15.999648094177246,0.016303125768899918,24.360637664794922,15.391867637634277
2,37207,19.895771026611328,-4.55068826675415,-18.49540901184082,-18.639333724975586
2,37207,2.9167826175689697,12.110584259033203,-26.669246673583984,-18.36526870727539
2,37207,-4.9562458992004395,15.319575309753418,1.274539828300476,23.108449935913086
2,37208,15.639412879943848,-12.482370376586914,3.0683746337890625,14.540552139282227
2,37208,-6.697875499725342,-2.4403185844421387,5.723575592041016,-5.869161605834961
2,37208,-15.448360443115234,-9.077641487121582,18.84115219116211,11.420013427734375
2,37208,-4.256655693054199,-12.633501052856445,19.13796615600586,-3.6098594665527344
2,37208,9.379040718078613,9.191503524780273,-9.780411720275879,-23.239059448242188
2,37208,9.02682876586914,12.297386169433594,-25.448450088500977,-5.786031723022461
2,37209,-1.8152518272399902,11.140758514404297,-2.624521493911743,22.669530868530273
2,37209,-11.681334495544434,-1.0944859981536865,19.898040771484375,9.939393043518066
2,37209,-6.9701457023620605,-10.602192878723145,-11.690814018249512,-37.39837646484375
2,37209,8.448896408081055,-2.0559091567993164,-12.416690826416016,-0.7828898429870605
2,37209,0.10626555234193802,0.717571496963501,31.41582679748535,46.92945861816406
2,37209,-16.006454467773438,10.323760032653809,15.578542709350586,4.025651454925537
2,37210,8.752065658569336,15.909256935119629,-27.188508987426758,-37.58202362060547
2,37210,37.271236419677734,-23.01413345336914,-33.360233306884766,-28.40106964111328
2,37210,-9.089322090148926,-28.087448120117188,0.6622707843780518,-0.45660439133644104
2,37210,-47.85329818725586,5.884437084197998,17.7177677154541,10.352579116821289
2,37210,21.577497482299805,17.841594696044922,11.9178466796875,7.307011604309082
2,37210,31.233882904052734,-9.015425682067871,-14.786072731018066,4.053311347961426
2,37211,-34.57010269165039,-11.36491870880127,-12.085616111755371,-4.964219570159912
2,37211,-28.034006118774414,-0.08294250071048737,41.53040313720703,2.0390913486480713
2,37211,33.48748016357422,16.96039581298828,7.688717365264893,3.8363139629364014
2,37211,42.368003845214844,32.344337463378906,-44.136993408203125,3.7044003009796143
2,37211,-30.717164993286133,-24.394617080688477,2.604444980621338,17.165599822998047
2,37211,-2.067586660385132,-10.856522560119629,31.04620933532715,-4.539473533630371
2,37212,17.517663955688477,11.768582344055176,-3.5792500972747803,-1.5480000972747803
2,37212,-12.53269100189209,-19.547256469726562,-7.771716117858887,13.778027534484863
2,37212,9.353028297424316,4.4169135093688965,7.245950698852539,18.616294860839844
2,37212,-13.665797233581543,15.677081108093262,6.688937187194824,14.26330852508545
2,37212,-8.048466682434082,-5.510979175567627,10.067683219909668,-24.49272346496582
2,37212,8.215861320495605,4.412194728851318,-3.663774013519287,-14.930670738220215
2,37214,-5.594933032989502,15.570985794067383,-9.402177810668945,5.646344184875488
2,37214,4.9653849601745605,-3.2725026607513428,-11.12288761138916,-18.760814666748047
2,37214,8.264851570129395,-1.897161602973938,-15.126141548156738,-10.628899574279785
2,37214,-22.174091339111328,-11.859465599060059,-2.147542953491211,9.190738677978516
2,37214,-18.862953186035156,-19.206605911254883,4.111464023590088,-9.05518627166748
2,37214,30.55950164794922,7.342106819152832,1.2180670499801636,-0.6297099590301514
2,37216,11.022073745727539,18.274118423461914,11.278553009033203,5.719868183135986
2,37218,-18.186769485473633,4.194246292114258,8.087357521057129,-0.9693522453308105
2,37220,3.971364974975586,-21.637216567993164,-29.312204360961914,4.478171348571777
2,37222,-1.216010570526123,-9.3998441696167,0.47729015350341797,-10.12212085723877
2,37224,-8.171164512634277,5.9551777839660645,24.756961822509766,-5.774369716644287
2,37227,-3.0517144203186035,4.247881889343262,5.588418960571289,30.583833694458008
2,37228,-4.938601016998291,16.23714256286621,17.86672592163086,28.1390323638916
2,37231,1.5439156293869019,-4.372807025909424,-25.554914474487305,-19.48504066467285
2,37232,11.592098236083984,-13.568224906921387,-28.08528709411621,-27.696523666381836
2,37235,-5.753658294677734,12.138227462768555,26.63068199157715,16.48625373840332
2,37236,2.1578168869018555,-3.7310149669647217,12.909567832946777,14.789355278015137
2,37239,30.62640953063965,-15.523672103881836,-28.60708236694336,-13.465517044067383
2,37240,3.7018728256225586,12.220108985900879,7.257758617401123,-18.025259017944336
2,37243,-7.159075736999512,-4.148931503295898,29.72174072265625,-18.04386329650879
2,37244,-2.0722198486328125,-19.827411651611328,-33.85355758666992,23.31899642944336
2,37247,4.6726837158203125,21.743833541870117,-14.919794082641602,25.143308639526367
2,37248,4.381566047668457,35.0250129699707,22.50910186767578,-30.15824317932129
2,37251,-17.371599197387695,-9.510188102722168,3.824960231781006,-11.036113739013672
2,37252,-14.204663276672363,-5.408291816711426,16.816160202026367,27.23775291442871
2,37255,-22.386409759521484,8.551040649414062,43.78371810913086,1.561571717262268
2,37379,6.010823726654053,-25.5758113861084,-45.669795989990234,-31.138038635253906
2,37379,40.40920639038086,-11.079394340515137,-81.58499145507812,-15.051809310913086
2,37379,-13.297524452209473,6.262227535247803,49.68103790283203,27.969987869262695
2,37379,-17.965179443359375,8.45308780670166,38.4212646484375,2.9284567832946777
2,37379,27.968626022338867,4.732996940612793,-28.96245574951172,-27.94961929321289
2,37380,3.106584310531616,-6.939777851104736,-3.4927914142608643,-2.3254215717315674
2,37380,-22.48996353149414,-11.358991622924805,20.070178985595703,24.459470748901367
2,37380,1.460663080215454,-14.740099906921387,4.269779205322266,17.63526725769043
2,37380,9.34361743927002,21.640018463134766,-23.187219619750977,-18.397069931030273
2,37380,-11.095634460449219,24.782257080078125,4.439935684204102,2.085982084274292
2,37380,0.9975507855415344,-8.902933120727539,22.109725952148438,20.40471649169922
2,37381,16.555938720703125,-10.45057487487793,3.2223403453826904,8.128836631774902
2,37381,-0.9008835554122925,12.777155876159668,-11.232383728027344,2.2611770629882812
2,37381,-5.880874156951904,16.51011085510254,1.4924309253692627,-21.16398048400879
2,37381,-3.463717460632324,-20.558656692504883,3.578972816467285,19.154117584228516
2,37381,-18.87934684753418,-23.916574478149414,-11.303679466247559,24.30162811279297
2,37381,11.451322555541992,15.853373527526855,-7.424785614013672,-35.26741409301758
2,37382,24.211029052734375,9.709064483642578,-5.786535263061523,-5.636114597320557
2,37382,-28.044631958007812,-18.281063079833984,13.07286548614502,21.61888313293457
2,37382,-6.427524089813232,-1.9153329133987427,3.643049478530884,-11.194446563720703
2,37382,18.599517822265625,4.461891174316406,-20.434001922607422,1.5536950826644897
2,37382,-2.7610907554626465,7.156180381774902,7.578744888305664,14.747884750366211
2,37383,-5.820235252380371,-1.6115496158599854,10.72806167602539,-16.67854118347168
2,37383,-12.309614181518555,-12.306222915649414,0.3476835787296295,7.080537796020508
2,37383,16.32015609741211,27.054025650024414,5.871859550476074,8.612553596496582
2,37383,24.049646377563477,-6.256176948547363,-13.994976043701172,-35.607421875
2,37383,-18.23548698425293,-40.794090270996094,-10.845158576965332,-20.944076538085938
2,37383,-5.542289733886719,19.753618240356445,24.01610565185547,-3.1095669269561768
2,37384,8.665369987487793,27.212331771850586,7.538852214813232,2.1328141689300537
2,37384,0.657000720500946,-22.950197219848633,-24.439220428466797,28.438034057617188
2,37384,-7.645059108734131,-3.0400822162628174,-0.037668149918317795,16.335861206054688
2,37384,8.546550750732422,30.20426368713379,13.394372940063477,-33.558109283447266
2,37384,15.733707427978516,-28.519332885742188,4.7360758781433105,-20.112621307373047
2,37384,-27.071123123168945,-21.49178695678711,-6.6168293952941895,18.993066787719727
2,37385,-8.599593162536621,27.265499114990234,-10.857117652893066,20.821401596069336
2,37385,0.571894109249115,0.3915758430957794,-2.680730104446411,16.462255477905273
2,37385,-5.336005210876465,-4.355592727661133,2.9560816287994385,-5.690079212188721
2,37385,23.0667724609375,2.280999183654785,7.577413558959961,-3.096947431564331
2,37385,0.7241754531860352,-3.7535336017608643,-11.254265785217285,15.321168899536133
2,37385,-7.200011730194092,12.063175201416016,8.71280288696289,-4.606196403503418
2,37386,12.472477912902832,11.899292945861816,8.286945343017578,-19.663671493530273
2,37386,6.310809135437012,-1.7176316976547241,-27.33652114868164,-7.323904037475586
2,37386,-13.744451522827148,-20.00659942626953,9.034004211425781,12.793436050415039
2,37386,-16.082355499267578,-16.5959415435791,30.18907356262207,14.404351234436035
2,37386,-0.5843191742897034,22.560468673706055,5.300813674926758,4.542891979217529
2,37386,-4.962364196777344,26.504018783569336,-21.84792709350586,-8.085457801818848
2,37387,11.874897956848145,15.453868865966797,-8.187496185302734,-10.893884658813477
2,37387,33.64962387084961,-19.558727264404297,12.447216987609863,-22.85637092590332
2,37387,0.3334130048751831,-43.273101806640625,-3.5846283435821533,-9.073112487792969
2,37387,-34.69760513305664,6.8548502922058105,-10.972249984741211,33.77885437011719
2,37387,-7.801184177398682,16.867835998535156,0.992158055305481,-9.794116020202637
2,37387,21.90020751953125,-11.044061660766602,0.14449957013130188,-29.29484748840332
2,37388,-6.653559684753418,8.015449523925781,-10.413862228393555,25.855180740356445
2,37388,-17.206279754638672,8.3802490234375,25.92751121520996,-0.28123146295547485
2,37388,25.07108497619629,-16.176895141601562,21.295270919799805,-26.00311851501465
2,37388,19.50751304626465,-2.1725661754608154,-31.470304489135742,18.7623348236084
2,37388,-29.352754592895508,23.307144165039062,-12.105391502380371,12.733377456665039
2,37388,-8.972902297973633,-2.318784236907959,13.073153495788574,-10.997452735900879
2,37389,26.974573135375977,-17.214834213256836,-6.039100170135498,7.237054824829102
2,37389,-8.079752922058105,6.5845723152160645,12.241130828857422,14.8236083984375
2,37389,-27.610530853271484,10.459513664245605,10.591031074523926,-4.192687034606934
2,37389,6.894927501678467,7.144686698913574,-18.814208984375,1.6552486419677734
2,37390,5.046158313751221,-10.308950424194336,3.422769069671631,16.526147842407227
2,37391,-21.263290405273438,-11.05644416809082,9.787816047668457,0.7155289053916931
2,37391,31.544198989868164,7.138769149780273,0.542291522026062,-5.59429407119751
2,37391,48.23973083496094,-0.1892382651567459,-9.082371711730957,-8.132339477539062
2,37391,-52.438270568847656,-20.935646057128906,-9.539228439331055,-4.562256336212158
2,37391,-35.7457275390625,0.18086475133895874,8.794753074645996,9.903693199157715
2,37393,32.580318450927734,19.9710750579834,7.420609951019287,-0.2700243592262268
2,37394,0.8130567073822021,1.1012885570526123,-5.075252532958984,-25.488367080688477
2,37397,-8.317855834960938,-7.673585891723633,-8.55123519897461,-2.266357660293579
2,37398,13.80650806427002,-2.86000919342041,4.416258335113525,24.471174240112305
2,37401,-5.838005065917969,12.903083801269531,3.4941978454589844,3.385033130645752
2,37402,-10.37124252319336,-6.452158451080322,-5.9249186515808105,-6.123543739318848
2,37405,26.97582244873047,-6.8701090812683105,-6.918642520904541,-4.524435997009277
2,37406,-4.308093070983887,6.863081932067871,-12.862854957580566,-17.607667922973633
2,37409,-14.75221061706543,-8.725981712341309,18.87533950805664,3.874188184738159
2,37410,20.848087310791016,2.1334826946258545,35.46923065185547,35.767547607421875
2,37413,-10.633626937866211,-2.8168246746063232,-21.41836166381836,-13.687712669372559
2,37414,-14.777559280395508,-3.3367919921875,-14.090354919433594,-7.490005970001221
2,37415,3.4321839809417725,13.686554908752441,-1.2553737163543701,9.289180755615234
2,37418,7.181715965270996,13.296773910522461,-5.694897651672363,-27.40787696838379
2,37419,11.178620338439941,8.103835105895996,20.88743019104004,1.132179617881775
2,37422,-9.19646167755127,-5.039854526519775,-12.182817459106445,-11.338129997253418
2,37423,-24.3708553314209,-8.258570671081543,-8.7573823928833,-16.47017478942871
2,37426,-3.2720165252685547,-5.235644817352295,17.105417251586914,25.548423767089844
2,37427,27.930042266845703,-10.254109382629395,-21.992734909057617,15.316970825195312
2,37430,11.832703590393066,0.12020949274301529,-18.684986114501953,8.131304740905762
2,37431,-12.39498519897461,2.007631540298462,32.27347946166992,4.323318004608154
2,37434,-9.161555290222168,4.889087677001953,23.764568328857422,-19.686355590820312
2,37569,19.843250274658203,14.160270690917969,0.9977203607559204,-4.207497596740723
2,37569,2.222026824951172,-31.051105499267578,-16.493410110473633,21.343427658081055
2,37569,-12.1315279006958,-13.096385955810547,-17.327219009399414,7.204356670379639
2,37569,13.170740127563477,42.200870513916016,13.044706344604492,-12.156702995300293
2,37569,-12.545938491821289,-11.60377311706543,-4.737993240356445,-6.461745738983154
2,37570,-27.493396759033203,-27.991958618164062,-13.106039047241211,-8.015496253967285
2,37570,7.501711845397949,20.39365005493164,23.08776092529297,6.8735246658325195
2,37570,22.874568939208984,21.891584396362305,1.2831368446350098,16.265546798706055
2,37570,1.397883415222168,5.052735805511475,-8.808385848999023,0.8434423208236694
2,37570,-13.786752700805664,-6.104763984680176,20.27627182006836,8.062725067138672
2,37570,-9.225523948669434,-9.530864715576172,-14.185702323913574,-10.21630859375
2,37571,9.970931053161621,-4.722883701324463,-14.005657196044922,-4.9512457847595215
2,37571,13.478569984436035,1.3088160753250122,13.404824256896973,-8.738014221191406
2,37571,2.499168634414673,10.12785530090332,9.178393363952637,-8.005719184875488
2,37571,1.9596421718597412,-8.334161758422852,-5.975182056427002,20.49422836303711
2,37571,-3.2859249114990234,-17.7193546295166,-8.46652889251709,-11.332042694091797
2,37571,-18.30718421936035,20.583860397338867,4.443294048309326,-7.6406402587890625
2,37572,11.154159545898438,3.0929884910583496,-4.436769962310791,2.8830699920654297
2,37572,23.930255889892578,-5.751064300537109,-2.1171507835388184,-20.798980712890625
2,37572,-23.130178451538086,12.062682151794434,7.0648298263549805,14.731322288513184
2,37572,-19.85230255126953,-14.361692428588867,10.796687126159668,24.18610191345215
2,37572,13.559770584106445,-8.91586685180664,-11.72726058959961,-21.494487762451172
2,37573,19.661479949951172,4.0299482345581055,-12.740876197814941,-9.55550765991211
2,37573,-9.445497512817383,-9.782451629638672,8.523951530456543,12.455705642700195
2,37573,-32.14320755004883,-11.74338436126709,-4.688959121704102,4.139904022216797
2,37573,-3.174436092376709,14.120157241821289,-10.408432960510254,-3.6204960346221924
2,37573,15.584912300109863,24.751333236694336,-0.33080607652664185,-0.81148761510849
2,37573,9.458229064941406,-5.68253755569458,15.337841987609863,15.311152458190918
2,37574,-3.758652925491333,-25.602855682373047,15.062946319580078,-4.42597770690918
2,37574,-1.4398179054260254,20.381431579589844,-19.552932739257812,-20.359508514404297
2,37574,25.031373977661133,10.000194549560547,-12.180133819580078,3.7283849716186523
2,37574,10.570137977600098,-27.639266967773438,17.50524139404297,10.831927299499512
2,37574,-29.875471115112305,5.272449493408203,-1.6812487840652466,9.35556411743164
2,37574,-8.048590660095215,10.129135131835938,-7.661857604980469,4.098193168640137
2,37575,25.12839126586914,18.677675247192383,13.886914253234863,-21.891002655029297
2,37575,9.167914390563965,13.28139591217041,4.384768962860107,-28.680606842041016
2,37575,-9.497857093811035,-14.484780311584473,-19.0218505859375,6.672339916229248
2,37575,-28.05581283569336,-17.321073532104492,-9.33272647857666,22.812416076660156
2,37575,-16.376724243164062,-7.635466575622559,9.698861122131348,-1.125232219696045
2,37575,35.5922966003418,2.874053478240967,7.584455966949463,-16.044214248657227
2,37576,25.292631149291992,-7.999741077423096,-6.563623905181885,3.7714827060699463
2,37576,-35.16572952270508,-9.567474365234375,5.274248123168945,15.620298385620117
2,37576,-29.301626205444336,3.2584822177886963,11.772201538085938,39.18026351928711
2,37576,1.9304388761520386,23.670785903930664,-10.019913673400879,20.29228401184082
2,37576,26.826553344726562,19.44996452331543,2.4605071544647217,-48.034786224365234
2,37577,27.298564910888672,-6.7844624519348145,7.978528022766113,-5.636107921600342
2,37577,-19.274078369140625,-15.556856155395508,-2.992053747177124,4.060267448425293
2,37577,2.4212920665740967,-1.2424274682998657,16.770856857299805,-22.694337844848633
2,37577,16.990861892700195,19.767301559448242,-8.167036056518555,9.207026481628418
2,37577,-31.50045394897461,-5.292848587036133,-18.86361312866211,-4.242254257202148
2,37577,5.075894832611084,-17.35991668701172,-0.1897118240594864,-9.052452087402344
2,37577,13.271566390991211,18.62276268005371,0.9714133143424988,10.512473106384277
2,37578,-17.734210968017578,11.37612533569336,19.406749725341797,15.691610336303711
2,37578,20.75966453552246,-23.898696899414062,-3.1488194465637207,-9.581456184387207
2,37578,3.6384196281433105,-23.387462615966797,-12.733107566833496,-11.232479095458984
2,37578,-26.702241897583008,-4.191287040710449,4.8686299324035645,36.71352005004883
2,37578,-6.377771854400635,18.168371200561523,11.92006778717041,-13.915435791015625
2,37578,28.77217674255371,9.75102710723877,-13.854734420776367,-12.971151351928711
2,37579,17.699417114257812,-7.219491958618164,-17.249074935913086,47.437862396240234
2,37579,-45.190826416015625,1.8559775352478027,19.73337173461914,-29.017797470092773
2,37579,-28.129844665527344,-2.6599528789520264,-9.797670364379883,-21.814205169677734
2,37579,34.39835739135742,-2.990124225616455,6.560699462890625,17.3709659576416
2,37579,14.248391151428223,3.831146240234375,22.88246726989746,-5.146026611328125
2,37580,-6.998592376708984,20.040002822875977,-28.26103401184082,-2.488823652267456
2,37580,5.3296003341674805,10.202460289001465,-0.37220627069473267,-10.874303817749023
2,37580,-8.663581848144531,-27.975248336791992,21.24655532836914,8.459813117980957
2,37580,2.8494670391082764,-10.878374099731445,-26.91745376586914,11.026408195495605
2,37581,7.31718111038208,12.558769226074219,11.561182975769043,0.9787318110466003
2,37581,-13.567357063293457,17.93621826171875,26.669355392456055,12.185588836669922
2,37582,20.074514389038086,-3.640233278274536,-44.08435821533203,-5.776809215545654
2,37582,10.701559066772461,-10.915928840637207,3.9015681743621826,-22.701461791992188
2,37582,-33.103050231933594,11.893720626831055,35.390296936035156,-2.3008713722229004
2,37582,22.511096954345703,-14.628462791442871,-18.855043411254883,10.635750770568848
2,37582,18.024457931518555,0.5291697978973389,-28.525287628173828,-2.4264187812805176
2,37584,-42.7684440612793,6.798064231872559,-1.5839219093322754,0.23554100096225739
2,37586,-8.180929183959961,-17.562334060668945,33.530521392822266,20.703481674194336
2,37588,27.774356842041016,-4.233941078186035,5.8976006507873535,-15.104043960571289
2,37590,4.444783687591553,-13.744505882263184,-14.311166763305664,-29.685758590698242
2,37592,-2.20236873626709,-11.401071548461914,4.711512565612793,22.803564071655273
2,37594,-9.975191116333008,10.195293426513672,-7.120725631713867,31.25631332397461
2,37596,-3.9910054206848145,11.692991256713867,-18.23189926147461,-0.7052525877952576
2,37599,21.32719612121582,11.594155311584473,7.662649154663086,-32.93486404418945
2,37600,-10.491867065429688,3.1037585735321045,16.988832473754883,-31.944181442260742
2,37603,-2.6200826168060303,0.8269873857498169,-9.492624282836914,14.317743301391602
2,37604,19.081764221191406,20.120010375976562,-4.609383583068848,23.20204734802246
2,37607,-7.070788383483887,5.881924152374268,10.958030700683594,-11.916607856750488
2,37608,-11.838658332824707,-1.8574252128601074,9.031883239746094,1.0833008289337158
2,37611,-14.918787002563477,-4.680822849273682,2.9439454078674316,3.434216022491455
2,37612,-3.003525495529175,2.6296749114990234,3.5797553062438965,-2.462761878967285
2,37615,14.851434707641602,1.6889666318893433,-11.629908561706543,13.777462005615234
2,37616,15.245122909545898,-16.525386810302734,-0.7559199333190918,-4.237693786621094
2,37619,0.5311525464057922,-21.306684494018555,-4.81804895401001,3.3794593811035156
2,37620,-14.361291885375977,-20.61530303955078,-18.5250186920166,8.519376754760742
2,37623,-19.187877655029297,15.880595207214355,24.126697540283203,-14.426085472106934
2,37624,-5.078106880187988,19.12064552307129,6.980867862701416,-0.6242270469665527
2,37625,15.29118537902832,0.3590752184391022,-23.972253799438477,4.045498371124268
2,37771,12.72209644317627,-7.963425159454346,-0.1068587452173233,8.142268180847168
2,37772,1.1493757963180542,-0.5011111497879028,6.71333646774292,-12.428142547607422
2,37772,-25.068742752075195,12.641679763793945,-0.6310162544250488,-22.608558654785156
2,37772,0.2443549484014511,-0.5135194659233093,5.783520221710205,26.316070556640625
2,37772,20.63930320739746,-8.390481948852539,-5.336199760437012,-4.860703468322754
2,37772,6.537467002868652,10.103126525878906,-7.377481937408447,-14.707473754882812
2,37772,11.32569694519043,10.529197692871094,25.752695083618164,34.872127532958984
2,37773,-14.958714485168457,-17.475669860839844,4.866278648376465,-2.6260008811950684
2,37773,-1.7310699224472046,-1.6877151727676392,-22.114545822143555,-23.56926918029785
2,37773,7.380590915679932,7.729450225830078,4.832612991333008,21.874252319335938
2,37773,-28.068273544311523,-21.392066955566406,7.071381568908691,14.015436172485352
2,37773,4.547806262969971,-7.07938814163208,-4.278621673583984,-22.748533248901367
2,37773,38.24135971069336,23.0278263092041,-6.932577133178711,-12.845434188842773
2,37774,7.439747333526611,5.6524977684021,-10.487296104431152,-0.24212166666984558
2,37774,-41.491878509521484,-9.916901588439941,8.771026611328125,12.254241943359375
2,37774,-23.564353942871094,1.0759148597717285,18.916732788085938,16.702808380126953
2,37774,36.17500305175781,20.63136863708496,-8.314432144165039,-6.339869499206543
2,37774,24.912324905395508,10.852310180664062,-8.198434829711914,-8.354430198669434
2,37774,-24.52058982849121,-21.995370864868164,-2.155980110168457,-2.3259003162384033
2,37775,-16.42637062072754,-20.49994659423828,-4.542346477508545,-13.714678764343262
2,37775,15.742727279663086,1.2290232181549072,8.59707260131836,2.550142526626587
2,37775,-6.737286567687988,5.7117815017700195,-1.1011697053909302,14.375326156616211
2,37775,-3.9798014163970947,-0.981243371963501,-2.417630672454834,-3.2325093746185303
2,37775,13.810517311096191,-0.6928415298461914,-3.976680278778076,-3.7159266471862793
2,37776,-17.611740112304688,-1.6648722887039185,-9.803606033325195,-4.796737194061279
2,37776,0.2062065750360489,15.906201362609863,6.396332740783691,-17.989639282226562
2,37776,14.65958309173584,-0.8051196336746216,-3.1454317569732666,-0.03827071934938431
2,37776,-28.98443031311035,-14.154986381530762,-1.2267756462097168,28.964637756347656
2,37776,8.394877433776855,15.569811820983887,18.823400497436523,0.40471112728118896
2,37776,39.778194427490234,2.0150933265686035,7.913139343261719,-14.62579345703125
2,37777,-0.36647453904151917,-2.1904349327087402,-13.621081352233887,-6.877781391143799
2,37777,-23.755821228027344,-4.707046031951904,-9.579004287719727,7.232809543609619
2,37777,-18.648775100708008,7.391976833343506,19.598230361938477,10.229609489440918
2,37777,8.674944877624512,20.839771270751953,9.584741592407227,-13.506503105163574
2,37777,8.614289283752441,-23.38245964050293,2.3111321926116943,10.429718017578125
2,37777,4.3050665855407715,8.116357803344727,4.066658020019531,16.896318435668945
2,37778,12.502374649047852,13.784539222717285,-10.204529762268066,-22.043603897094727
2,37778,-7.063508033752441,-33.546566009521484,-3.88840389251709,-18.602806091308594
2,37778,-23.408910751342773,-4.90191125869751,8.329558372497559,35.32881164550781
2,37778,-5.850229740142822,-0.38428083062171936,9.15599536895752,28.3521785736084
2,37778,23.42537498474121,2.5748281478881836,-3.225527286529541,-23.550283432006836
2,37778,13.113943099975586,7.144679546356201,-9.370213508605957,-23.644990921020508
2,37779,-2.224733829498291,-13.798136711120605,-25.44200897216797,-0.8394817113876343
2,37779,3.9814348220825195,14.815775871276855,-0.38360682129859924,35.51051712036133
2,37779,-15.963200569152832,28.082767486572266,24.955005645751953,16.69088363647461
2,37779,-5.740182876586914,-14.67016315460205,-0.13079488277435303,-30.850793838500977
2,37779,7.431344509124756,-15.63624382019043,-3.903787851333618,-15.545723915100098
2,37779,5.192602157592773,6.110143184661865,-13.57531452178955,10.949307441711426
2,37780,4.044095993041992,8.495970726013184,-2.617108106613159,-4.1879448890686035
2,37780,-4.869622707366943,5.645785331726074,14.656801223754883,-25.54578399658203
2,37780,-10.649103164672852,-7.797033309936523,-13.936203002929688,-0.8301753401756287
2,37780,3.68833065032959,-7.277108192443848,-15.450565338134766,4.133112907409668
2,37780,17.938945770263672,2.582407236099243,18.7987003326416,10.264705657958984
2,37780,-21.113676071166992,-5.881028652191162,12.693288803100586,11.68752384185791
2,37781,-9.529263496398926,-16.080402374267578,-8.48834228515625,-13.728230476379395
2,37781,13.960951805114746,-2.3190934658050537,-11.40679931640625,-8.813070297241211
2,37781,-11.997965812683105,18.748275756835938,-5.339206218719482,6.311639785766602
2,37781,-0.5807528495788574,9.274931907653809,6.214660167694092,19.029024124145508
2,37781,28.8952579498291,-14.43582534790039,3.857295513153076,8.420480728149414
2,37782,4.1240234375,-13.396998405456543,-8.450779914855957,-7.900939464569092
2,37782,-35.45469284057617,-0.9511264562606812,-0.2906551659107208,2.639913558959961
2,37782,-1.6335115432739258,15.036351203918457,31.776914596557617,8.342158317565918
2,37782,30.914522171020508,14.987320899963379,8.774822235107422,-10.32880687713623
2,37782,-11.15661907196045,-1.7437232732772827,-28.045711517333984,-25.983715057373047
2,37782,1.9272910356521606,-10.709418296813965,14.393122673034668,18.07645606994629
2,37783,33.66086959838867,14.291979789733887,15.44274616241455,34.50148391723633
2,37783,-18.374065399169922,15.877511024475098,-37.20979690551758,-24.94869041442871
2,37783,-30.593965530395508,-31.035144805908203,-3.3605613708496094,-10.467412948608398
2,37783,5.6807661056518555,-10.273978233337402,35.548946380615234,-11.873457908630371
2,37783,15.528441429138184,25.142948150634766,-8.30162525177002,-6.387149810791016
2,37783,-8.473326683044434,-4.661328315734863,-28.800504684448242,47.30908203125
2,37784,-16.104938507080078,-19.795989990234375,0.9363710880279541,2.607593536376953
2,37784,-1.625748872756958,19.8465518951416,20.914424896240234,-32.526031494140625
2,37785,7.070680618286133,19.4752140045166,-14.833617210388184,-8.163382530212402
2,37785,13.329936981201172,-26.20086097717285,-23.144617080688477,17.30518913269043
2,37785,6.526769161224365,-12.48901081085205,35.33522033691406,-4.773388862609863
2,37785,-8.211868286132812,16.356733322143555,8.5222749710083,-7.013836860656738
2,37786,-15.442136764526367,-5.152225494384766,-16.638669967651367,27.04861831665039
2,37786,7.9327263832092285,-5.105974197387695,5.6376566886901855,-9.270095825195312
2,37787,14.207340240478516,28.060317993164062,-9.190834045410156,-33.671852111816406
2,37788,-7.621030807495117,4.917342185974121,3.110048532485962,12.468344688415527
2,37790,-11.10552978515625,-31.367605209350586,-4.444223403930664,27.579097747802734
2,37792,2.4928603172302246,-5.510955810546875,-7.796026229858398,-17.260223388671875
2,37794,-4.096093654632568,13.618773460388184,16.652488708496094,-18.380556106567383
2,37796,-8.252119064331055,-7.74357795715332,7.612307548522949,5.5208940505981445
2,37798,3.5501465797424316,4.1744279861450195,2.5435407161712646,0.5274654626846313
2,37801,12.632493019104004,18.07859230041504,-5.901288032531738,1.8119767904281616
2,37802,5.52492094039917,-12.289318084716797,-3.4406299591064453,5.696846008300781
2,37805,-2.323669910430908,-25.211620330810547,-7.6510539054870605,10.12649154663086
2,37806,-4.690696716308594,-4.349703311920166,0.6137619018554688,9.897689819335938
2,37809,-4.069320201873779,21.812992095947266,17.533601760864258,-6.982643127441406
2,37810,28.34881591796875,25.745830535888672,-4.9441914558410645,-5.4686689376831055
2,37813,-0.8130473494529724,-9.224475860595703,-13.007802963256836,8.184139251708984
2,37814,-34.49709701538086,-9.302568435668945,7.632901191711426,6.524092674255371
2,37817,3.4206557273864746,1.8001623153686523,6.069566249847412,-17.19239044189453
2,37818,14.181553840637207,-3.8599956035614014,-17.150014877319336,-27.825307846069336
2,37821,-8.328617095947266,-4.815605640411377,0.3526979088783264,25.239965438842773
2,37822,-0.5687680244445801,-19.84538459777832,14.142170906066895,8.942728042602539
2,37825,3.7483320236206055,4.446753978729248,-8.894075393676758,-36.37081527709961
2,37826,-1.55790376663208,9.867687225341797,3.2075273990631104,23.256921768188477
2,37829,11.56662654876709,-0.5642499923706055,24.484119415283203,23.57354736328125
2,37830,1.4536681175231934,16.42158317565918,-7.320559024810791,-13.516729354858398
2,37833,-21.258773803710938,11.1410493850708,-20.697519302368164,1.764689326286316
2,37988,-5.410154342651367,-18.3984432220459,-3.409665107727051,-25.787654876708984
2,37988,25.551137924194336,-29.47992706298828,4.108952045440674,-10.84182071685791
2,37988,5.782349586486816,0.9064232707023621,5.243089199066162,44.656593322753906
2,37988,-15.63319206237793,30.97294807434082,12.024946212768555,-3.3270423412323
2,37988,0.8036181926727295,17.963796615600586,3.7882447242736816,-25.552927017211914
2,37988,14.782712936401367,-0.9730435013771057,-14.186830520629883,8.89111328125
2,37989,-7.950892925262451,-1.4486801624298096,-9.386556625366211,-1.5117570161819458
2,37989,-7.5921101570129395,-10.59259033203125,7.251734256744385,0.6501191258430481
2,37989,4.51328182220459,-7.4642133712768555,16.682424545288086,6.612973690032959
2,37989,-13.4869384765625,-8.383009910583496,-17.738529205322266,-4.072285175323486
2,37989,7.455178260803223,1.683815836906433,-0.6159915924072266,-6.232835292816162
2,37990,15.182306289672852,14.759957313537598,13.017061233520508,10.014237403869629
2,37990,-8.10568904876709,1.420657753944397,-30.965131759643555,21.373565673828125
2,37990,-2.8032333850860596,-27.450204849243164,-5.838943958282471,-0.9943422079086304
2,37990,-8.400540351867676,-12.162983894348145,9.432092666625977,-14.88765811920166
2,37990,-19.074268341064453,27.919178009033203,15.53199291229248,9.507036209106445
2,37990,12.77556324005127,6.547031879425049,21.705585479736328,8.782989501953125
2,37991,29.87565803527832,4.922581195831299,-16.886703491210938,-26.10449981689453
2,37991,2.812045097351074,4.641230583190918,-12.525202751159668,2.8336734771728516
2,37991,-36.53901290893555,-15.466276168823242,-3.6373112201690674,22.2463436126709
2,37991,-8.959612846374512,0.35482141375541687,1.952842354774475,-11.783149719238281
2,37991,34.2139892578125,-4.460733890533447,18.549579620361328,-2.763152837753296
2,37991,-12.587298393249512,12.476118087768555,8.719395637512207,1.7012193202972412
2,37992,-6.139420509338379,18.508459091186523,-6.152318477630615,-7.481441020965576
2,37992,32.04526901245117,-25.557029724121094,-22.039159774780273,0.7076560854911804
2,37992,-5.265443325042725,-1.8748447895050049,6.535897731781006,-20.93947982788086
2,37992,-9.820801734924316,8.906697273254395,22.640857696533203,0.955466091632843
2,37992,3.652869462966919,-4.722216606140137,-15.360026359558105,36.181976318359375
2,37992,-6.732914447784424,9.1697359085083,-6.530359268188477,-16.65459632873535
2,37993,16.072208404541016,5.415116786956787,7.513885974884033,-21.90045928955078
2,37993,9.422065734863281,1.8594733476638794,-8.6856107711792,14.021571159362793
2,37993,-40.104496002197266,-19.858327865600586,13.047141075134277,1.2980232238769531
2,37993,-11.56701374053955,-12.403701782226562,15.721275329589844,-10.007773399353027
2,37993,26.079875946044922,26.680809020996094,-29.71303367614746,-8.680609703063965
2,37994,8.411372184753418,-9.046512603759766,-21.61208152770996,4.688603401184082
2,37994,-21.88181495666504,-42.04587173461914,20.429386138916016,23.385461807250977
2,37994,-27.862415313720703,19.294269561767578,9.682363510131836,-9.79013442993164
2,37994,28.5832576751709,23.763900756835938,-20.1633243560791,-8.576000213623047
2,37994,15.879953384399414,-10.948854446411133,-10.69509506225586,16.021656036376953
2,37994,-8.40209674835205,-12.854324340820312,18.680448532104492,3.6570627689361572
2,37995,15.802992820739746,-1.90541672706604,19.067768096923828,20.545717239379883
2,37995,-4.0704216957092285,34.05954360961914,-2.0481021404266357,-24.811384201049805
2,37995,-8.008148193359375,-7.427916526794434,-6.228233814239502,-34.53126907348633
2,37995,1.9077165126800537,-23.71329116821289,7.762754917144775,25.63492202758789
2,37995,10.869572639465332,33.69073486328125,-3.691437005996704,4.277571201324463
2,37995,10.155920028686523,19.210386276245117,-19.69826316833496,-24.16429328918457
2,37996,-14.77835464477539,-20.073118209838867,-8.321637153625488,20.596681594848633
2,37996,-23.91530990600586,-13.401533126831055,10.980843544006348,28.85374641418457
2,37996,-7.069934368133545,-14.238727569580078,14.210555076599121,-16.660114288330078
2,37996,27.516616821289062,-6.449535369873047,-13.928285598754883,-18.236515045166016
2,37996,3.7458298206329346,2.0762076377868652,-3.2092432975769043,9.996556282043457
2,37996,-41.63844680786133,0.390311062335968,18.896018981933594,12.70518684387207
2,37997,10.65379524230957,18.803115844726562,-7.942680358886719,-7.630388259887695
2,37997,30.26712989807129,8.152735710144043,-1.6716101169586182,15.470605850219727
2,37997,-24.520977020263672,8.01827335357666,14.359127044677734,10.133777618408203
2,37997,1.074820876121521,-8.556388854980469,-2.0955193042755127,-33.397586822509766
2,37997,35.934627532958984,-19.651288986206055,6.701457500457764,-7.495662689208984
2,37997,-4.8499836921691895,13.856423377990723,0.06550055742263794,26.371061325073242
2,37998,-26.67537498474121,-4.390793323516846,-13.584412574768066,-12.39815902709961
2,37998,0.42287808656692505,-13.458474159240723,10.580913543701172,-21.747608184814453
2,37998,20.226125717163086,25.059560775756836,-16.514591217041016,22.985504150390625
2,37998,-5.477676868438721,-13.126679420471191,-11.600735664367676,10.58918571472168
2,37998,4.9354071617126465,-34.77340316772461,18.928102493286133,-2.4637935161590576
2,37998,12.87657356262207,47.43210220336914,-11.041226387023926,-8.300335884094238
2,37999,-21.98638916015625,9.724136352539062,2.917229175567627,-11.938815116882324
2,37999,-10.50544261932373,-42.22514724731445,4.236319065093994,6.61110782623291
2,37999,13.932226181030273,19.066259384155273,-14.251612663269043,-11.088000297546387
2,37999,6.910350322723389,6.402695178985596,6.466526031494141,7.496706485748291
2,37999,-20.80095672607422,-2.168245315551758,21.47649574279785,20.706817626953125
2,37999,-1.0913585424423218,16.630935668945312,9.11191463470459,-18.481307983398438
2,38000,26.013078689575195,-23.84233283996582,-28.80999755859375,-6.339764595031738
2,38000,-11.239127159118652,-5.717823028564453,-7.012032508850098,16.056190490722656
2,38000,-13.906679153442383,8.289477348327637,16.65987777709961,9.936802864074707
2,38000,28.945018768310547,-8.70063591003418,-10.335014343261719,-14.382469177246094
2,38000,-4.254793167114258,12.883500099182129,16.030540466308594,-8.477338790893555
2,38000,-38.21303939819336,-16.73866844177246,21.96010398864746,20.890424728393555
2,38001,10.62255859375,-4.645471096038818,-20.329381942749023,-0.421233206987381
2,38001,19.169174194335938,25.886730194091797,-18.096548080444336,-19.04823112487793
2,38002,-2.706629514694214,-13.143803596496582,6.660856246948242,-12.040567398071289
2,38002,8.499094009399414,-5.479565143585205,-1.239988088607788,3.0224978923797607
2,38002,-4.028068542480469,9.471885681152344,-5.367696762084961,15.051411628723145
2,38003,-10.326075553894043,16.011306762695312,16.74998664855957,4.890635967254639
2,38003,-0.8272731304168701,7.051036834716797,-4.875881671905518,-13.750256538391113
2,38003,-9.16156005859375,-31.231069564819336,-21.69184684753418,-2.1778974533081055
2,38003,5.332135200500488,6.891110420227051,13.687047958374023,10.235260009765625
2,38004,9.111751556396484,28.90449333190918,11.30362606048584,-10.434623718261719
2,38006,-6.515964031219482,-3.6193134784698486,-9.634908676147461,-4.14699649810791
2,38008,-12.829893112182617,-2.351926803588867,-12.08572769165039,13.687756538391113
2,38010,9.04543685913086,-4.574779033660889,10.04753589630127,17.94460678100586
2,38012,20.588457107543945,-1.70698082447052,16.980751037597656,1.9009099006652832
2,38014,-13.984232902526855,3.6447901725769043,-22.98548698425293,-22.74921226501465
2,38016,-11.292737007141113,-12.634007453918457,-0.3938712477684021,-6.814122676849365
2,38018,6.197481632232666,-0.5225415229797363,42.315185546875,18.085987091064453
2,38020,-0.4640314280986786,2.0289816856384277,-10.623851776123047,15.166379928588867
2,38022,2.722165584564209,-19.11292266845703,-49.55510330200195,-2.705535650253296
2,38025,4.756852149963379,-1.7764627933502197,7.400252819061279,-13.621671676635742
2,38026,9.606681823730469,10.51273250579834,30.162086486816406,-23.21160125732422
2,38029,2.352418899536133,2.934723138809204,-10.119765281677246,3.426240921020508
2,38030,-1.171606183052063,-4.850054740905762,-0.9859503507614136,26.494962692260742
2,38033,4.341965675354004,-6.196330547332764,29.040151596069336,-9.985841751098633
2,38034,-11.243327140808105,11.395367622375488,-1.8971670866012573,-17.27792739868164
2,38037,-2.861006021499634,24.1224365234375,-24.51485252380371,10.365363121032715
2,38038,-7.6243367195129395,-21.53493309020996,9.619344711303711,14.669519424438477
2,38041,-14.636543273925781,-28.100358963012695,0.3689785897731781,-21.41164779663086
2,38042,8.776572227478027,47.76921081542969,-23.988656997680664,-3.7764110565185547
2,38045,11.755006790161133,8.22214126586914,16.028091430664062,43.95827865600586
2,38046,8.031556129455566,-43.9967041015625,6.965871810913086,-21.5919246673584
2,38049,-2.1207783222198486,6.903314590454102,-16.595191955566406,-30.2187442779541
2,38050,-24.05745506286621,1.4354387521743774,8.403085708618164,23.83055877685547
2,38215,-0.9727548360824585,8.496185302734375,-6.454232215881348,1.0562269687652588
2,38216,21.11013412475586,22.481685638427734,-15.634254455566406,-1.7599601745605469
2,38216,9.796393394470215,-22.625446319580078,-1.8807485103607178,-0.3090249300003052
2,38216,14.606441497802734,-4.047106742858887,20.11149024963379,-7.371214389801025
2,38216,-7.544318675994873,12.142154693603516,19.921924591064453,7.042745590209961
2,38216,-3.8313424587249756,0.17648863792419434,-20.584697723388672,-23.91744613647461
2,38216,-8.296682357788086,5.808756351470947,-5.785371780395508,4.121828556060791
2,38217,-18.62057876586914,-0.573806643486023,12.482529640197754,32.647396087646484
2,38217,4.697391033172607,-1.4782487154006958,13.99539566040039,-20.565649032592773
2,38217,16.887296676635742,-12.909687042236328,10.629042625427246,15.405155181884766
2,38217,14.677764892578125,-11.565882682800293,-26.31723976135254,17.682832717895508
2,38217,-17.005266189575195,21.76166534423828,-7.487178325653076,-33.77973556518555
2,38217,5.25421667098999,-12.926694869995117,0.7944461107254028,-3.6121201515197754
2,38218,-12.328126907348633,-17.56466293334961,4.3639984130859375,22.425798416137695
2,38218,-31.8341007232666,34.726837158203125,22.33849334716797,0.487672358751297
2,38218,30.741661071777344,4.812507629394531,-19.29709243774414,-5.2932257652282715
2,38218,0.386735200881958,-41.51099395751953,-11.434209823608398,-5.739248752593994
2,38218,-6.852654457092285,-5.687182426452637,4.485720634460449,-5.327409267425537
2,38219,26.606306076049805,47.542938232421875,-3.254851818084717,7.571462154388428
2,38219,-31.344152450561523,-4.357515811920166,19.91294288635254,-10.669845581054688
2,38219,0.17243655025959015,-12.922945022583008,-1.7527542114257812,-8.723597526550293
2,38219,22.624643325805664,8.357579231262207,-19.663488388061523,8.888514518737793
2,38219,-23.656909942626953,-23.756147384643555,6.5274338722229,1.1786595582962036
2,38219,20.100507736206055,6.326911926269531,-6.3818440437316895,4.642426013946533
2,38220,12.986172676086426,18.960630416870117,-21.110219955444336,9.27539348602295
2,38220,-20.3707275390625,-12.220932006835938,17.978551864624023,2.630591630935669
2,38220,-12.012137413024902,-3.584588050842285,18.989912033081055,-3.9949352741241455
2,38220,-1.671805500984192,10.861672401428223,-12.385272979736328,-6.273172378540039
2,38220,20.81303596496582,-10.152536392211914,4.636022567749023,-8.173548698425293
2,38220,-8.087737083435059,-9.003124237060547,18.422061920166016,3.5568673610687256
2,38221,-15.690763473510742,-2.33510422706604,-3.8141703605651855,15.177431106567383
2,38221,21.711807250976562,7.356370449066162,-9.99957275390625,-1.4879213571548462
2,38221,-0.4355573058128357,21.86448860168457,1.6443740129470825,-8.578628540039062
2,38221,-20.267784118652344,-22.656471252441406,2.0515949726104736,4.2616353034973145
2,38221,11.543535232543945,-14.817160606384277,-2.7538352012634277,-6.135920524597168
2,38221,10.392722129821777,21.186965942382812,-4.862858295440674,-8.017066955566406
2,38222,-9.128191947937012,-7.515230655670166,-8.507063865661621,14.690227508544922
2,38222,-7.360969543457031,6.69968318939209,-1.6825886964797974,19.269163131713867
2,38222,11.777607917785645,7.078369140625,10.960538864135742,9.761695861816406
2,38222,9.389893531799316,-8.7616605758667,1.0519914627075195,-23.107797622680664
2,38222,-33.555023193359375,8.558903694152832,-16.227649688720703,-26.396419525146484
2,38222,11.218744277954102,-14.537402153015137,-10.015739440917969,3.0771944522857666
2,38223,28.29887580871582,2.3589069843292236,11.222111701965332,-2.079353094100952
2,38223,-32.927940368652344,23.209989547729492,24.254898071289062,3.0373849868774414
2,38223,-3.731848955154419,-11.945891380310059,19.43583869934082,30.19441032409668
2,38223,29.7363224029541,-5.075300693511963,-23.532712936401367,7.149776935577393
2,38223,-6.516404151916504,5.358236789703369,-16.45953941345215,-15.035516738891602
2,38223,0.31649133563041687,-13.416933059692383,14.350515365600586,-12.019368171691895
2,38224,25.437278747558594,-4.378440856933594,-16.261474609375,-17.208402633666992
2,38224,-27.91072654724121,12.879621505737305,1.9970970153808594,18.968891143798828
2,38224,-14.308992385864258,9.812810897827148,35.792198181152344,20.186105728149414
2,38224,37.79263687133789,-6.196860313415527,1.1538983583450317,-25.56926727294922
2,38224,1.2276650667190552,-1.695094347000122,-18.053163528442383,-5.179927825927734
2,38224,-22.591899871826172,2.580054998397827,16.436866760253906,4.238889217376709
2,38225,9.04213809967041,-3.533609390258789,1.230263352394104,-20.0179443359375
2,38225,4.446906089782715,7.163003921508789,-20.913284301757812,28.486162185668945
2,38225,-20.97726821899414,2.5764670372009277,16.33640480041504,18.125123977661133
2,38225,13.609448432922363,-1.402811050415039,1.9665924310684204,-46.72686767578125
2,38225,-3.409951686859131,4.527458190917969,-39.745399475097656,-4.089425086975098
2,38226,-40.407508850097656,-6.329834461212158,-2.9524478912353516,32.768917083740234
2,38226,17.813312530517578,-15.056405067443848,10.254599571228027,-5.888538837432861
2,38226,18.800878524780273,-1.4133487939834595,-30.79203224182129,9.870832443237305
2,38226,-11.477598190307617,1.1849111318588257,11.369911193847656,17.213571548461914
2,38226,14.571684837341309,-0.24630454182624817,30.847240447998047,-28.953472137451172
2,38226,-10.49188232421875,-4.766587734222412,-4.01017427444458,8.429107666015625
2,38227,-9.342916488647461,5.885036468505859,5.247457981109619,6.335543155670166
2,38227,19.96603012084961,20.25235366821289,5.66640567779541,-32.7674560546875
2,38227,-1.7073376178741455,-31.433605194091797,-1.8311426639556885,27.943376541137695
2,38227,-15.59701919555664,-9.024527549743652,0.006052430719137192,28.640884399414062
2,38227,-12.475667953491211,44.64398956298828,5.358770847320557,-35.683494567871094
2,38227,19.513975143432617,-2.1146621704101562,6.465258598327637,-10.614829063415527
2,38228,30.308639526367188,-13.172587394714355,-23.113454818725586,16.851865768432617
2,38228,-13.149059295654297,3.6380629539489746,-9.167145729064941,-3.3161137104034424
2,38228,-17.440113067626953,2.4613800048828125,17.196969985961914,-7.742243766784668
2,38228,13.948103904724121,4.238073825836182,-17.100439071655273,11.255343437194824
2,38228,-1.872205138206482,-11.619501113891602,-2.221836805343628,9.540685653686523
2,38228,-15.933137893676758,-0.7003546953201294,21.72076988220215,-18.780227661132812
2,38229,21.941993713378906,4.889980792999268,-10.860291481018066,-3.247168779373169
2,38229,-10.184746742248535,-11.786670684814453,-13.60468578338623,15.424038887023926
2,38229,-25.691600799560547,13.251224517822266,14.954753875732422,13.875399589538574
2,38229,33.39292526245117,14.771398544311523,13.171242713928223,-12.207026481628418
2,38229,3.5203659534454346,-17.528356552124023,-0.8573167324066162,-17.441041946411133
2,38229,-19.31424331665039,-17.439868927001953,-18.653106689453125,10.567543983459473
2,38231,3.238567590713501,-6.763747215270996,-15.63748836517334,7.59596061706543
2,38231,-9.579715728759766,14.156816482543945,31.6545467376709,15.757219314575195
2,38231,1.322780728340149,19.390535354614258,12.607009887695312,-1.3264731168746948
2,38231,26.79268455505371,-2.1990866661071777,-34.76179504394531,-24.20221519470215
2,38231,17.06476402282715,-0.8775635957717896,8.040063858032227,-5.922308444976807
2,38231,-17.730268478393555,0.8593537211418152,21.176877975463867,3.5556628704071045
2,38232,-25.49132537841797,-17.93014144897461,-20.605371475219727,1.322583794593811
2,38233,6.4266228675842285,-6.997340679168701,-18.93344497680664,-2.559692621231079
2,38234,9.589563369750977,12.350386619567871,16.168224334716797,-11.499985694885254
2,38236,-10.353509902954102,5.868289470672607,31.376266479492188,-16.337860107421875
2,38238,-10.872574806213379,4.083527088165283,-18.82650375366211,17.529687881469727
2,38240,9.846107482910156,-18.19598388671875,-15.114810943603516,34.40168380737305
2,38242,11.694571495056152,-2.613699197769165,32.80562210083008,-14.711894989013672
2,38244,-11.282946586608887,4.204744815826416,-13.827796936035156,-34.14234924316406
2,38246,-2.617027759552002,-10.013148307800293,-19.168258666992188,7.9099931716918945
2,38248,17.967514038085938,38.61747360229492,12.400901794433594,22.463001251220703
2,38250,-2.109459638595581,-2.5845577716827393,-4.057754993438721,5.067391395568848
2,38252,-21.5382080078125,-31.158885955810547,21.056642532348633,12.081459045410156
2,38254,-7.4645676612854,20.91335678100586,11.023223876953125,10.20296859741211
2,38256,27.887638092041016,9.896825790405273,-31.663652420043945,-10.090071678161621
2,38258,9.371292114257812,-10.594614028930664,-11.84601879119873,-16.022911071777344
2,38260,-40.93787384033203,-6.432799816131592,-5.211545944213867,-6.450368881225586
2,38262,4.103236675262451,9.666694641113281,3.9099833965301514,1.7772904634475708
2,38264,29.201831817626953,-0.44504493474960327,27.4665584564209,3.475109577178955
2,38266,4.248089790344238,-7.741480827331543,1.6907970905303955,1.977315902709961
2,38268,-1.1557990312576294,8.214639663696289,-20.46398162841797,5.171428680419922
2,38271,-7.538303852081299,3.3501179218292236,-9.064929008483887,-8.766347885131836
2,38272,-7.93008279800415,-10.800678253173828,28.42173194885254,-22.905948638916016
2,38275,9.902029037475586,-1.7000712156295776,17.42815399169922,10.106575012207031
2,38276,16.856496810913086,13.805061340332031,-27.303098678588867,8.172121047973633
2,38279,-11.680290222167969,-12.880400657653809,1.212690830230713,-1.8874261379241943
2,38280,-19.24214744567871,4.673660755157471,15.30321979522705,22.3394775390625
3,39314,-7.678183078765869,4.297694683074951,-21.983612060546875,-10.455127716064453
3,39315,11.215373992919922,-43.3121223449707,-20.04451560974121,-25.064741134643555
3,39318,1.9233406782150269,2.7282557487487793,8.955974578857422,0.00272213201969862
3,39320,-26.29007911682129,19.118989944458008,15.740945816040039,10.214401245117188
3,39322,28.29323959350586,8.186717987060547,0.6316467523574829,28.402982711791992
3,39328,38.57205581665039,21.288877487182617,3.5655100345611572,11.017897605895996
3,39328,-34.94890213012695,-16.109397888183594,7.594176769256592,-34.361289978027344
3,39328,-23.716876983642578,-29.520601272583008,-8.483999252319336,-7.04489803314209
3,39329,5.999974727630615,28.60443115234375,6.557767868041992,15.551777839660645
3,39332,28.759029388427734,47.34126281738281,-0.42220407724380493,-6.631287097930908
3,39333,2.897616147994995,-27.329008102416992,-35.924583435058594,1.2989213466644287
3,39336,-39.11662673950195,-31.752891540527344,-9.672844886779785,-25.587160110473633
3,39337,15.35905933380127,6.190324783325195,37.85018539428711,0.8589365482330322
3,39340,16.64228630065918,13.654400825500488,17.83734703063965,37.324180603027344
3,39341,-18.265464782714844,-5.354647636413574,-17.20895767211914,9.52766227722168
3,39344,9.541475296020508,-35.958499908447266,-18.425649642944336,-17.682613372802734
3,39346,3.92572283744812,11.015924453735352,-14.964245796203613,-20.58617401123047
3,39348,-28.622848510742188,31.686290740966797,25.216495513916016,20.605663299560547
3,39366,6.979051113128662,-15.825217247009277,31.185211181640625,12.617798805236816
3,39366,14.486825942993164,-8.39938735961914,-9.376482963562012,-7.344730854034424
3,39366,4.946405410766602,31.560213088989258,-9.268397331237793,-5.118477821350098
3,39366,14.948380470275879,-15.014724731445312,-0.6618121266365051,7.5000176429748535
3,39367,-9.850798606872559,-27.871965408325195,-5.681242942810059,-2.2988781929016113
3,39367,-10.405472755432129,24.68581771850586,-5.569705486297607,-19.027894973754883
3,39367,9.134685516357422,14.209651947021484,9.610183715820312,6.83983850479126
3,39367,-8.762933731079102,2.737145185470581,-3.44641375541687,-0.10264687985181808
3,39367,-8.94985294342041,-10.898144721984863,-12.66419506072998,-6.301953315734863
3,39369,13.407612800598145,-13.077600479125977,8.016093254089355,15.97874641418457
3,39370,4.502142906188965,1.2824513912200928,12.412992477416992,1.2366257905960083
3,39373,4.833431720733643,8.02538776397705,-12.471746444702148,-1.7000313997268677
3,39374,-11.18563461303711,25.67692756652832,-10.35124683380127,-2.7339839935302734
3,39377,-8.551444053649902,-11.42855167388916,20.744218826293945,-20.422555923461914
3,39378,15.460954666137695,-35.6419677734375,12.93503475189209,22.898221969604492
3,39381,-8.929712295532227,-0.048567019402980804,-2.877652168273926,9.581856727600098
3,39382,-17.98030662536621,21.139169692993164,-18.979795455932617,-23.317346572875977
3,39385,-13.448202133178711,17.362503051757812,-20.15494155883789,20.41462516784668
3,39386,14.186585426330566,-3.7239978313446045,11.588088989257812,0.022958816960453987
3,39387,45.8087043762207,-13.338813781738281,5.113795280456543,-28.937164306640625
3,39390,-7.040659427642822,-21.42725372314453,-14.819905281066895,16.232864379882812
3,39391,-16.51902961730957,-3.546745538711548,14.231965065002441,9.973372459411621
3,39422,8.326218605041504,19.333698272705078,8.224313735961914,-3.543644666671753
3,39423,-14.468138694763184,-6.988339424133301,-16.835182189941406,10.338223457336426
3,39423,5.411198616027832,7.8256120681762695,1.1073378324508667,-9.785759925842285
3,39423,2.984217643737793,9.524128913879395,11.555484771728516,4.094947338104248
3,39423,-8.970335960388184,-13.042433738708496,-6.977550029754639,-3.1202917098999023
3,39423,8.376455307006836,-11.309298515319824,0.5171585083007812,-17.25444221496582
3,39423,-13.363676071166992,10.70905876159668,17.554203033447266,-4.517866134643555
3,39424,5.597291469573975,18.791597366333008,-5.979338645935059,0.41922855377197266
3,39424,10.95483112335205,-7.287145137786865,-12.161269187927246,15.471579551696777
3,39424,-12.931978225708008,4.277098178863525,11.02735710144043,-4.074121475219727
3,39424,14.977248191833496,-5.332557201385498,7.3481125831604,-21.376861572265625
3,39424,2.765455484390259,3.3408641815185547,-12.886985778808594,2.109039545059204
3,39425,-24.313026428222656,5.124242782592773,2.4948017597198486,11.953994750976562
3,39425,13.996417045593262,-16.533403396606445,10.423420906066895,-0.7597609758377075
3,39425,28.55696678161621,8.714985847473145,4.358550071716309,4.856159210205078
3,39426,-23.956552505493164,8.800925254821777,-10.29321002960205,6.405023097991943
3,39426,-22.90782356262207,3.103978157043457,-2.1935856342315674,-5.824068069458008
3,39428,10.099019050598145,-10.587713241577148,4.2518134117126465,21.310466766357422
3,39430,-0.6770766377449036,-17.007463455200195,-6.020501613616943,15.483735084533691
3,39432,-11.33920955657959,9.978102684020996,18.168859481811523,-10.055536270141602
3,39434,12.139164924621582,28.523210525512695,-4.5552592277526855,-17.770246505737305
3,39436,2.3830785751342773,0.06894736737012863,-6.352902889251709,-13.753835678100586
3,39438,-32.36298751831055,-27.90100860595703,15.083515167236328,11.983077049255371
3,39440,-2.846872568130493,3.4916489124298096,-24.315290451049805,9.651268005371094
3,39442,37.819679260253906,-5.316765785217285,-32.821189880371094,1.0452524423599243
3,39444,8.979106903076172,-13.940521240234375,15.087260246276855,-20.268146514892578
3,39446,-15.643109321594238,19.77117347717285,13.927775382995605,-11.378759384155273
3,39448,19.824548721313477,5.388895034790039,-4.615969181060791,23.479978561401367
3,39450,5.884571075439453,-7.702110290527344,16.051881790161133,-0.41870224475860596
3,39452,-10.929746627807617,-3.6581902503967285,-1.2549790143966675,-22.205053329467773
3,39497,2.4039902687072754,-13.621259689331055,-4.241237640380859,8.252971649169922
3,39497,4.756255626678467,10.57466983795166,-5.75967264175415,24.154870986938477
3,39497,8.865747451782227,1.7711516618728638,-7.949860572814941,-11.790534019470215
3,39497,-24.438581466674805,-15.728106498718262,26.366586685180664,-13.954071998596191
3,39497,-5.5217061042785645,15.391114234924316,4.375771522521973,16.488035202026367
3,39498,27.477256774902344,5.624464988708496,-20.683574676513672,2.3898136615753174
3,39498,-8.60347843170166,-2.064796209335327,-3.308352470397949,3.9186859130859375
3,39498,-16.98522186279297,-9.719794273376465,-2.4822568893432617,-15.342633247375488
3,39498,-10.079183578491211,-1.0862329006195068,1.6810029745101929,-5.874564170837402
3,39498,18.87151527404785,33.825374603271484,1.7033714056015015,34.69634246826172
3,39498,0.8855777978897095,-8.980311393737793,-3.092543601989746,-12.216856002807617
3,39499,-30.73061752319336,-17.665206909179688,13.988181114196777,-26.090797424316406
3,39499,19.014263153076172,5.23042106628418,-2.278505563735962,6.492499351501465
3,39499,10.406349182128906,0.6505658030509949,-10.136544227600098,0.4136416018009186
3,39499,-15.205206871032715,2.4191150665283203,12.353235244750977,-7.212984561920166
3,39499,15.428790092468262,-13.65755558013916,12.423870086669922,14.28204345703125
3,39500,7.688863277435303,15.221648216247559,-1.716023325920105,2.123192310333252
3,39500,-18.923376083374023,10.932463645935059,-27.889856338500977,-17.39912223815918
3,39500,-12.509978294372559,-7.7838311195373535,-1.4172757863998413,22.343976974487305
3,39500,7.744211196899414,4.1109113693237305,23.506959915161133,18.118328094482422
3,39500,8.965377807617188,-14.864492416381836,-4.26170539855957,-26.174419403076172
3,39500,-14.920048713684082,1.173557162284851,-13.526649475097656,-9.050677299499512
3,39502,10.160967826843262,9.140327453613281,-0.1595643311738968,15.000377655029297
3,39502,25.017620086669922,-13.359624862670898,19.136566162109375,13.523567199707031
3,39502,-12.551040649414062,-4.460698127746582,0.5223121643066406,0.7387705445289612
3,39503,-4.081838607788086,11.688496589660645,-13.601207733154297,-20.86537742614746
3,39506,3.9052634239196777,0.28197336196899414,-5.628957271575928,-13.459040641784668
3,39507,-24.72821807861328,-4.094575881958008,13.106310844421387,11.583878517150879
3,39510,6.780050754547119,5.265984058380127,7.515960693359375,12.179516792297363
3,39511,33.58687973022461,-6.055947303771973,-15.75174617767334,-10.455598831176758
3,39514,-0.16970114409923553,-19.187023162841797,2.1899819374084473,-13.610450744628906
3,39515,-18.586030960083008,-10.400203704833984,-6.916379451751709,-3.4816207885742188
3,39518,-10.655792236328125,32.22589874267578,-12.979353904724121,12.89553451538086
3,39519,17.695362091064453,37.450218200683594,15.455031394958496,5.989940643310547
3,39522,3.594919443130493,-39.28705978393555,13.106568336486816,-15.3753662109375
3,39524,-20.331666946411133,-29.186227798461914,-22.098949432373047,22.43536949157715
3,39526,-5.994525909423828,51.0521125793457,-16.390344619750977,3.8514013290405273
3,39528,10.048166275024414,7.829533576965332,42.91184997558594,-23.211694717407227
3,39584,15.02334976196289,-36.44181442260742,26.89274024963379,37.71764373779297
3,39584,-0.7819396257400513,9.62236499786377,-34.3510856628418,-0.9854578971862793
3,39585,-18.64528465270996,7.268495559692383,-19.02436065673828,-40.78512191772461
3,39585,-15.088651657104492,-8.509685516357422,10.768397331237793,40.66729736328125
3,39585,23.415000915527344,16.7830867767334,17.1881160736084,15.123701095581055
3,39585,13.87159252166748,-7.046577453613281,10.250371932983398,-35.75952911376953
3,39585,-22.972227096557617,-19.67914390563965,-10.348479270935059,11.5283203125
3,39586,7.810006618499756,17.568204879760742,-10.698895454406738,-2.759443759918213
3,39586,26.840423583984375,3.3578667640686035,-0.8849424123764038,-20.783905029296875
3,39586,-14.805118560791016,-26.609033584594727,6.427908897399902,6.674664497375488
3,39586,-29.53317642211914,-9.85916805267334,-9.836954116821289,7.232582092285156
3,39586,6.288028240203857,17.27600860595703,-11.810687065124512,-21.652118682861328
3,39586,14.394634246826172,15.956507682800293,6.197196960449219,-9.237504005432129
3,39586,4.187077522277832,2.1483325958251953,2.1234560012817383,40.83684539794922
3,39587,1.166687250137329,-10.75226879119873,11.119263648986816,15.613276481628418
3,39587,-4.399966716766357,-3.015432357788086,3.7810373306274414,-26.838642120361328
3,39587,-2.453077793121338,4.451663970947266,-24.462234497070312,-11.711840629577637
3,39587,-12.962191581726074,-6.6634907722473145,-12.007823944091797,5.2400031089782715
3,39587,5.704341888427734,23.11475944519043,6.714767932891846,-13.168632507324219
3,39588,17.001018524169922,0.17487995326519012,8.698920249938965,-12.17331600189209
3,39588,-10.802451133728027,-24.648784637451172,28.17699432373047,9.41183853149414
3,39588,1.3554973602294922,14.284361839294434,-3.6303365230560303,7.065100193023682
3,39588,-2.887214422225952,-4.2456159591674805,-26.197431564331055,10.791149139404297
3,39588,-0.7800846695899963,1.0209386348724365,9.490782737731934,-2.44579815864563
3,39588,6.196857929229736,7.520014762878418,5.652916431427002,-18.847240447998047
3,39589,-17.94185447692871,-13.958740234375,-0.9422070384025574,11.883382797241211
3,39589,-4.185822010040283,10.318995475769043,19.08039093017578,13.718164443969727
3,39589,26.22970962524414,6.343170642852783,4.142855167388916,-18.332054138183594
3,39590,15.486429214477539,-15.53804874420166,-15.183435440063477,12.052824020385742
3,39590,-18.486976623535156,-4.874288082122803,-7.737828254699707,11.12116813659668
3,39591,-13.465898513793945,3.8981053829193115,-18.15270233154297,-27.19244384765625
3,39592,-8.739601135253906,-3.480664014816284,1.8227399587631226,20.531940460205078
3,39595,6.604322910308838,-10.585868835449219,23.983261108398438,18.62127113342285
3,39596,16.915754318237305,2.744110107421875,-8.288119316101074,-27.513736724853516
3,39599,8.854231834411621,20.80200958251953,-13.517663955688477,-6.853367805480957
3,39600,-1.5869077444076538,8.932476997375488,9.209474563598633,1.5368824005126953
3,39603,-8.683521270751953,-20.51841926574707,4.760234832763672,24.153295516967773
3,39604,-9.452485084533691,-14.77889347076416,-4.692978382110596,15.005949020385742
3,39607,-14.652613639831543,16.452613830566406,8.819234848022461,-24.492183685302734
3,39608,36.310123443603516,6.419698715209961,-0.6421403288841248,-1.983010172843933
3,39611,12.299052238464355,10.831583976745605,-9.424025535583496,11.688745498657227
3,39612,-33.34405517578125,7.4569292068481445,-10.57614803314209,-23.392396926879883
3,39615,-2.8864071369171143,-33.08513259887695,-15.793787002563477,-12.6058349609375
3,39616,-20.883983612060547,-8.509980201721191,20.263572692871094,14.89789867401123
3,39619,5.612778186798096,16.799436569213867,10.05846118927002,-2.6609487533569336
3,39620,42.69443130493164,0.5538012981414795,-12.51771068572998,9.489333152770996
3,39689,29.929105758666992,30.217741012573242,35.057987213134766,39.05765914916992
3,39690,24.56958770751953,34.78163528442383,21.64392852783203,21.647205352783203
3,39690,-15.022122383117676,-38.88618087768555,-27.669509887695312,-40.111915588378906
3,39690,-19.49629020690918,-28.41066551208496,5.362971305847168,-8.073918342590332
3,39690,-6.1446614265441895,8.747612953186035,7.460406303405762,22.81858253479004
3,39690,-4.258693695068359,-11.722757339477539,-17.361553192138672,-21.22481918334961
3,39690,0.6611431837081909,3.8379337787628174,-13.154986381530762,5.275698661804199
3,39691,-7.946488857269287,23.622243881225586,-1.6644033193588257,14.323455810546875
3,39691,-11.209026336669922,3.604975938796997,12.811749458312988,-24.646873474121094
3,39691,-15.515789031982422,-19.27068519592285,5.467262268066406,-25.06967544555664
3,39691,-5.3588337898254395,-5.517819404602051,-7.530355453491211,-2.6113550662994385
3,39691,-8.751836776733398,2.059305191040039,-29.6768741607666,15.261826515197754
3,39692,-12.872248649597168,-23.148324966430664,-9.950861930847168,-7.074817657470703
3,39692,-8.512184143066406,-1.1004315614700317,19.74870491027832,-15.976247787475586
3,39692,3.1267001628875732,13.609413146972656,1.3709461688995361,27.13573455810547
3,39692,28.02757453918457,-7.637516498565674,7.541686058044434,17.03130340576172
3,39692,27.59469223022461,23.6556339263916,9.214040756225586,-21.293466567993164
3,39692,-9.572430610656738,4.621768474578857,-9.008870124816895,-0.1913415789604187
3,39693,-19.81542205810547,-27.92479133605957,-1.5902235507965088,1.3794293403625488
3,39693,15.652253150939941,14.51396656036377,-8.520215034484863,-7.6992573738098145
3,39693,-12.378416061401367,-8.980223655700684,-2.9628989696502686,9.661693572998047
3,39693,-27.1734619140625,-21.25676155090332,16.25838851928711,6.371462821960449
3,39693,11.995319366455078,38.32456588745117,-3.1010377407073975,-9.098919868469238
3,39693,8.771639823913574,10.057311058044434,-6.281672477722168,-8.527938842773438
3,39694,0.6973075866699219,-19.036190032958984,16.179994583129883,11.39858627319336
3,39694,-2.567213773727417,15.445348739624023,-1.1240745782852173,-7.347536563873291
3,39694,6.209484577178955,-4.442947864532471,-3.7350568771362305,-3.1919398307800293
3,39694,1.8045375347137451,-23.266468048095703,10.580864906311035,18.675554275512695
3,39694,-11.266645431518555,0.8117327094078064,-11.77496337890625,2.834183692932129
3,39694,-3.721966505050659,16.227294921875,-6.47674036026001,-4.569308280944824
3,39695,3.7682695388793945,21.93117904663086,3.9625086784362793,-21.075435638427734
3,39695,11.161676406860352,-12.94197940826416,-0.639752209186554,0.7001227736473083
3,39695,11.995542526245117,-28.77911949157715,-0.10781019181013107,17.843576431274414
3,39695,6.042545795440674,-1.4433766603469849,-3.8772473335266113,-12.06711196899414
3,39695,-6.737007141113281,6.0045671463012695,-7.710805416107178,-9.71993350982666
3,39697,-54.630653381347656,-10.386826515197754,-30.598432540893555,-26.83395767211914
3,39697,-57.04892349243164,-20.184959411621094,-2.6065309047698975,-24.021656036376953
3,39697,46.18265151977539,13.570272445678711,35.71187973022461,32.800594329833984
3,39698,25.357879638671875,32.31214904785156,-10.870759963989258,16.03282356262207
3,39700,-21.114885330200195,17.41603660583496,-5.489651679992676,-15.268343925476074
3,39702,41.140052795410156,6.707634925842285,33.977474212646484,41.59247970581055
3,39704,38.93197250366211,-13.993525505065918,14.156388282775879,53.98991012573242
3,39706,69.65966033935547,23.121957778930664,29.894277572631836,-1.5386277437210083
3,39708,65.23731994628906,33.65283203125,17.63304328918457,-16.361820220947266
3,39710,-66.75438690185547,-44.04217529296875,-34.33222198486328,-8.786988258361816
3,39712,-100.10587310791016,-17.874977111816406,-30.478065490722656,-2.569304943084717
3,39714,-40.58504867553711,3.402803659439087,-6.931883811950684,-24.704465866088867
3,39716,28.197729110717773,-21.569286346435547,17.88894271850586,-1.2683449983596802
3,39718,45.3133430480957,15.158830642700195,-0.8914092779159546,-4.273947715759277
3,39720,9.211271286010742,-0.9783341884613037,-10.205687522888184,-21.795509338378906
3,39722,-6.039612293243408,-8.438403129577637,0.7639439105987549,30.228317260742188
3,39724,-15.64521312713623,2.6230039596557617,-26.401378631591797,8.858823776245117
3,39726,-48.935550689697266,-27.80245018005371,-23.424270629882812,-4.293595790863037
3,39728,-70.69488525390625,7.740274906158447,16.032190322875977,-36.052955627441406
3,39809,59.68917465209961,38.37990188598633,35.0059700012207,-18.370376586914062
3,39809,100.36076354980469,5.260412693023682,0.07093040645122528,64.27448272705078
3,39810,-17.704927444458008,-4.663914680480957,9.227818489074707,17.690214157104492
3,39810,5.873188018798828,10.465213775634766,17.60442543029785,-28.14699935913086
3,39810,18.12049102783203,-13.676647186279297,-33.5627326965332,-16.95815658569336
3,39810,-44.3295783996582,-24.35898208618164,-7.750608921051025,6.511908054351807
3,39810,-25.451047897338867,6.068526268005371,-1.6843979358673096,4.953686237335205
3,39810,-2.289409875869751,-12.881804466247559,2.6010069847106934,-19.737993240356445
3,39811,-7.61436653137207,-9.17706298828125,21.457443237304688,-22.365549087524414
3,39811,-5.292562484741211,12.305818557739258,-18.88258934020996,10.125273704528809
3,39811,-15.288554191589355,4.481780529022217,7.554919242858887,34.22216796875
3,39811,13.340553283691406,10.650936126708984,2.155343532562256,-11.264766693115234
3,39811,31.659656524658203,-4.865791320800781,-29.401809692382812,-5.570532321929932
3,39811,-2.6169815063476562,9.762734413146973,18.614543914794922,19.392024993896484
3,39812,-7.877630233764648,15.440655708312988,28.35650634765625,3.7950117588043213
3,39812,-11.935379028320312,-20.954030990600586,-3.2251596450805664,0.729760468006134
3,39812,-2.721615791320801,-4.527288436889648,-28.66572380065918,-17.307506561279297
3,39812,-11.278844833374023,1.6236882209777832,-23.04788589477539,-5.353204727172852
3,39812,-23.186874389648438,3.9953455924987793,25.0594539642334,21.557889938354492
3,39812,38.227882385253906,13.749308586120605,6.772886753082275,5.256587982177734
3,39813,45.79578399658203,-7.388420104980469,-10.092169761657715,-8.52892780303955
3,39813,5.0516462326049805,1.1273523569107056,22.125011444091797,16.832422256469727
3,39813,-4.4226250648498535,3.1318483352661133,-0.7515576481819153,17.364057540893555
3,39813,-1.4861503839492798,10.715798377990723,-2.8231704235076904,-22.74617576599121
3,39813,2.4255337715148926,9.642454147338867,9.233835220336914,-11.567341804504395
3,39813,-16.343297958374023,-18.29949951171875,0.53773432970047,8.547396659851074
3,39814,-14.367009162902832,-23.072904586791992,-2.8557472229003906,-5.463809013366699
3,39814,8.428635597229004,-3.898379325866699,-20.566795349121094,-6.725607395172119
3,39814,16.976360321044922,21.6041259765625,-3.6481103897094727,-28.220975875854492
3,39814,-2.9871437549591064,-8.623148918151855,11.058234214782715,-16.360702514648438
3,39814,-26.173908233642578,-1.0224148035049438,-10.31270694732666,29.33710289001465
3,39814,12.479562759399414,24.4547176361084,-0.1120767816901207,-4.659472942352295
3,39815,31.4649600982666,-4.168126583099365,21.455883026123047,-6.536899089813232
3,39815,-10.479981422424316,-12.645611763000488,2.9255213737487793,34.58001708984375
3,39815,-16.019351959228516,-7.37248420715332,-12.034173011779785,2.8177404403686523
3,39815,0.8207125067710876,-0.7851607799530029,1.9338489770889282,-24.799020767211914
3,39815,-13.78989315032959,-9.573623657226562,-5.521749019622803,-11.44948959350586
3,39815,-11.20736026763916,0.8578558564186096,15.395288467407227,4.033570289611816
3,39816,7.8809919357299805,26.762855529785156,5.699265956878662,9.809027671813965
3,39816,33.227664947509766,-3.6669909954071045,-44.87735366821289,-7.094141006469727
3,39817,-27.77545738220215,-27.50701141357422,7.157448768615723,-53.139530181884766
3,39817,-76.88216400146484,-24.1101131439209,24.136474609375,-27.027223587036133
3,39817,13.772706031799316,-7.166904449462891,-14.049883842468262,49.95112228393555
3,39818,16.222084045410156,24.660491943359375,4.811820030212402,30.888256072998047
3,39819,25.234731674194336,7.892486095428467,0.7914555072784424,9.370468139648438
3,39820,51.83501434326172,9.90748405456543,-6.285223960876465,31.23125648498535
3,39822,1.7981932163238525,22.20213508605957,6.898168087005615,7.627862453460693
3,39824,-9.057804107666016,-13.464492797851562,-23.043073654174805,-28.575559616088867
3,39826,-28.83784294128418,-30.475881576538086,-25.24184799194336,-20.372753143310547
3,39828,-23.492788314819336,9.114253044128418,49.041786193847656,9.578266143798828
3,39830,33.592288970947266,50.57637405395508,53.445404052734375,22.300249099731445
3,39832,40.81692886352539,16.7570743560791,-0.8145818710327148,26.25674057006836
3,39834,-20.049301147460938,-8.453137397766113,-29.044368743896484,-3.94081711769104
3,39836,-35.653099060058594,-7.328509330749512,-29.951805114746094,-36.20023727416992
3,39838,33.02478790283203,-24.61268424987793,-8.854520797729492,-16.795263290405273
3,39840,-10.066967010498047,-25.879051208496094,-23.607341766357422,-29.6055850982666
3,39842,-69.20023345947266,-12.0149564743042,7.470437049865723,-2.2987749576568604
3,39844,59.76637649536133,38.23855209350586,53.15683364868164,75.04930114746094
3,39846,30.95041275024414,26.767749786376953,6.624730587005615,21.548824310302734
3,39848,-69.4060287475586,-34.42649841308594,-29.86609649658203,-42.52931594848633
3,39850,22.4580020904541,-9.441874504089355,2.696650505065918,10.837977409362793
3,39942,42.6763916015625,0.5681828260421753,12.997239112854004,22.570058822631836
3,39942,-1.7030590772628784,16.350208282470703,-3.155535936355591,-35.597984313964844
3,39942,-1.6800366640090942,14.13772201538086,-5.676581859588623,-14.250077247619629
3,39943,-3.6223626136779785,-38.746795654296875,-6.410719871520996,16.65021324157715
3,39943,-23.40363121032715,-11.231929779052734,11.281255722045898,-11.566025733947754
3,39943,-7.847195148468018,26.787790298461914,7.331104278564453,-27.05565071105957
3,39943,17.199464797973633,14.879857063293457,-10.52824592590332,-12.816227912902832
3,39943,-18.042936325073242,-13.613104820251465,-20.42752456665039,13.400904655456543
3,39943,-11.249290466308594,-26.375701904296875,-14.481929779052734,1.2838413715362549
3,39944,20.701120376586914,-15.890471458435059,16.114429473876953,-12.58656120300293
3,39944,-12.656251907348633,5.420897960662842,7.9743971824646,23.544095993041992
3,39944,-1.2850638628005981,37.86161422729492,3.0128347873687744,10.985146522521973
3,39944,32.67728042602539,22.632221221923828,3.102125883102417,-20.740482330322266
3,39944,-16.329050064086914,-23.630910873413086,-10.015235900878906,27.805322647094727
3,39944,-36.50084686279297,-1.029832363128662,21.847829818725586,18.551259994506836
3,39945,14.213190078735352,33.16901397705078,9.485163688659668,-26.66362190246582
3,39945,15.127233505249023,-13.582090377807617,-34.835182189941406,-2.45355486869812
3,39945,-17.169675827026367,-23.785991668701172,0.9223104119300842,10.486146926879883
3,39945,15.803788185119629,3.0927066802978516,18.308534622192383,14.871026992797852
3,39945,34.30040740966797,-5.97009801864624,-13.266913414001465,3.6694629192352295
3,39946,-5.1562724113464355,20.667865753173828,-4.880906105041504,-16.19858169555664
3,39946,-23.377561569213867,-3.251145362854004,19.618093490600586,1.1880055665969849
3,39946,-8.467269897460938,-35.15023422241211,7.2162251472473145,1.679927110671997
3,39946,13.640226364135742,12.331552505493164,-25.16817283630371,-12.234260559082031
3,39946,-10.77149772644043,0.8653014302253723,-12.943273544311523,-3.785092353820801
3,39946,-25.11664390563965,-8.214568138122559,20.797605514526367,-2.48862361907959
3,39947,10.306150436401367,19.27943992614746,19.631290435791016,-9.864784240722656
3,39947,0.09459631145000458,-24.3496150970459,-13.475625991821289,6.1602911949157715
3,39947,-14.439727783203125,-15.658195495605469,-12.935123443603516,18.4320011138916
3,39947,16.491050720214844,45.41617202758789,12.017885208129883,5.363105773925781
3,39947,16.297283172607422,8.598142623901367,0.6425042152404785,-6.5308918952941895
3,39947,-11.001809120178223,-31.14362335205078,-13.185798645019531,5.415163040161133
3,39948,12.414515495300293,4.063454627990723,7.483906269073486,-5.041863441467285
3,39948,35.111732482910156,25.77932357788086,7.353233814239502,-18.285388946533203
3,39948,-16.027450561523438,-7.1950201988220215,-3.1168055534362793,10.105624198913574
3,39948,-19.183774948120117,-17.305971145629883,13.16596508026123,-0.07017675787210464
3,39948,20.657926559448242,21.259525299072266,-10.702655792236328,-12.97344970703125
3,39948,-20.701763153076172,18.187744140625,-27.029617309570312,-0.870196521282196
3,39949,-32.315513610839844,-26.661746978759766,-0.16645683348178864,-8.373170852661133
3,39949,8.49011516571045,-3.746783494949341,12.650927543640137,-7.738949775695801
3,39949,4.487732887268066,19.327342987060547,-6.776737689971924,14.142753601074219
3,39949,-22.98296356201172,-33.451332092285156,-6.750499725341797,28.35649871826172
3,39949,1.4371306896209717,-3.860321044921875,9.862265586853027,6.353940486907959
3,39949,38.82200241088867,30.296964645385742,4.209468841552734,-23.98634910583496
3,39950,-4.789430618286133,-16.66761016845703,5.42282247543335,4.861779689788818
3,39950,-5.718204021453857,2.455474853515625,2.3063204288482666,31.177339553833008
3,39951,38.28215408325195,46.144508361816406,16.99774932861328,-14.84199333190918
3,39951,6.717716217041016,11.065618515014648,21.470718383789062,-22.293630599975586
3,39951,-1.917466640472412,-13.760549545288086,-16.006683349609375,5.962202548980713
3,39952,17.032093048095703,10.140807151794434,-0.37022191286087036,8.00444507598877
3,39953,5.191932678222656,-4.9636030197143555,-4.0144429206848145,-2.9788923263549805
3,39954,-6.586724758148193,-29.6906795501709,-35.09734344482422,11.119688987731934
3,39956,-20.940006256103516,-6.208806037902832,25.21835708618164,36.8897590637207
3,39958,-24.877456665039062,-2.232276678085327,15.697748184204102,-30.922286987304688
3,39960,-13.343059539794922,-27.56998062133789,-61.030025482177734,-50.15150833129883
3,39962,13.242481231689453,10.39020824432373,1.2646557092666626,38.05271911621094
3,39964,5.193431377410889,11.419381141662598,67.01193237304688,34.5213508605957
3,39966,-8.942193984985352,-35.473609924316406,0.9916301965713501,-26.752853393554688
3,39968,16.715560913085938,0.5684081315994263,-42.8845329284668,-23.701148986816406
3,39970,12.407461166381836,48.86909866333008,-12.25639820098877,32.139366149902344
3,39972,-4.360262393951416,8.679347038269043,24.121477127075195,2.562845230102539
3,39974,-17.911354064941406,-29.38572120666504,27.649274826049805,-47.79060363769531
3,39976,-30.219213485717773,-4.308709144592285,-35.495635986328125,-17.69175910949707
3,39978,7.6763482093811035,-3.6148974895477295,-30.556171417236328,0.013815904036164284
3,39980,37.406795501708984,4.7857584953308105,36.530208587646484,34.35235595703125
3,39982,-18.596773147583008,18.14655113220215,11.171154022216797,33.495811462402344
3,39984,-16.561254501342773,5.064360618591309,-14.090584754943848,-10.75759506225586
3,39986,17.507598876953125,-14.35186767578125,-6.380670547485352,-12.42309856414795
3,39988,-3.3851141929626465,-24.024274826049805,-10.20600414276123,0.9941743612289429
3,40093,-4.344884872436523,18.419403076171875,30.652679443359375,-1.052160620689392
3,40093,-12.498276710510254,28.673107147216797,35.23188018798828,8.214737892150879
3,40093,11.581707000732422,-2.7365660667419434,-22.40776824951172,7.433444499969482
3,40093,28.52162742614746,-16.554166793823242,-31.836965560913086,-26.330251693725586
3,40093,-24.88282585144043,8.60208797454834,16.855175018310547,-16.160598754882812
3,40093,-3.103933095932007,17.79599952697754,20.345144271850586,16.454214096069336
3,40094,23.309247970581055,-18.548208236694336,-21.71925163269043,4.5085248947143555
3,40094,-5.05341911315918,-10.468911170959473,-9.048386573791504,-0.7749096751213074
3,40094,-7.383472919464111,-0.27239060401916504,0.0787796825170517,7.490917205810547
3,40094,-12.89089584350586,1.7533262968063354,-14.490365982055664,-17.354164123535156
3,40094,4.610774040222168,8.768699645996094,-18.759511947631836,-16.497894287109375
3,40094,8.49828052520752,-20.518911361694336,10.956267356872559,21.56821632385254
3,40095,-9.493699073791504,-11.554988861083984,24.351957321166992,20.806835174560547
3,40095,4.6041460037231445,9.426305770874023,-9.935149192810059,-4.6597371101379395
3,40095,5.593515396118164,10.54864501953125,-1.1348198652267456,-5.203744411468506
3,40095,-22.688066482543945,20.41766357421875,4.831254959106445,-12.014970779418945
3,40095,-3.929837226867676,-9.461424827575684,-6.1223297119140625,-4.51188325881958
3,40095,19.795469284057617,-18.712501525878906,-1.0170661211013794,24.65654182434082
3,40096,5.5589213371276855,6.653188228607178,17.272567749023438,4.789692401885986
3,40096,4.763489246368408,-8.537978172302246,22.892911911010742,-8.715229988098145
3,40096,0.7448570728302002,3.8512465953826904,-8.715015411376953,10.647431373596191
3,40096,7.694761753082275,31.77399444580078,-7.0495195388793945,-14.380688667297363
3,40096,21.88189697265625,-12.85168170928955,2.168395757675171,-19.76421546936035
3,40097,-24.705591201782227,-24.594308853149414,-13.994695663452148,26.243444442749023
3,40097,-29.18860626220703,5.429775714874268,-5.574631214141846,14.50234317779541
3,40097,32.310142517089844,15.927501678466797,8.150630950927734,-27.26096534729004
3,40097,-1.9054542779922485,-7.167686939239502,-4.425886631011963,-15.003615379333496
3,40097,-37.360599517822266,-20.06930160522461,-15.959704399108887,7.5244622230529785
3,40097,5.518941402435303,17.84774398803711,-7.447523593902588,-4.347322940826416
3,40098,11.815651893615723,0.802087128162384,20.305999755859375,1.2393940687179565
3,40098,1.4887529611587524,-20.45785903930664,12.658331871032715,7.32331657409668
3,40098,-7.525870323181152,7.434730529785156,-19.140968322753906,-9.638934135437012
3,40098,4.361542224884033,15.141512870788574,3.109858274459839,15.719852447509766
3,40098,7.592688083648682,5.285234451293945,15.891413688659668,27.619094848632812
3,40098,-23.976858139038086,0.3965011239051819,1.2444201707839966,-25.0484619140625
3,40099,14.136359214782715,9.431450843811035,3.3487815856933594,-16.102642059326172
3,40099,29.279706954956055,-8.347082138061523,4.302816867828369,28.8251895904541
3,40099,-9.635247230529785,-7.6827826499938965,-5.343966484069824,-0.3666277527809143
3,40099,3.480790615081787,17.862579345703125,-5.3711256980896,-0.6230733394622803
3,40099,-3.5542795658111572,-12.220869064331055,9.268587112426758,8.466322898864746
3,40099,-31.100387573242188,-12.43666934967041,1.6938613653182983,-31.29473876953125
3,40100,10.649028778076172,13.522522926330566,-16.947389602661133,-9.729941368103027
3,40100,19.81204605102539,-2.4349262714385986,-9.291306495666504,6.616081714630127
3,40100,-9.557258605957031,-17.28481101989746,0.04844886064529419,-21.04570960998535
3,40100,-0.5923031568527222,-20.252586364746094,14.797733306884766,7.831878662109375
3,40100,6.316782474517822,21.4783878326416,16.133176803588867,27.544292449951172
3,40100,13.693083763122559,39.15729522705078,-16.410924911499023,3.1874585151672363
3,40101,5.954415321350098,-8.580822944641113,-6.497828960418701,-25.907413482666016
3,40101,-5.5266828536987305,-21.556974411010742,14.361767768859863,-15.674304008483887
3,40101,-11.520867347717285,-14.27355670928955,5.0886054039001465,40.03972625732422
3,40101,-15.431686401367188,20.702899932861328,-9.940406799316406,34.92020797729492
3,40101,-3.9832162857055664,28.660053253173828,-0.18919560313224792,-24.204198837280273
3,40103,3.1482508182525635,-23.448654174804688,-0.7826855182647705,-17.103445053100586
3,40103,7.374260425567627,-12.88184642791748,-15.75071907043457,25.552953720092773
3,40103,5.875499248504639,15.839866638183594,1.4277878999710083,-0.2642517685890198
3,40103,-0.9494643807411194,-8.304654121398926,-7.881247043609619,-22.653810501098633
3,40103,-1.411891222000122,-9.489555358886719,15.83144760131836,-17.731243133544922
3,40105,-6.163915157318115,7.524506568908691,21.21570587158203,0.9551144242286682
3,40106,7.622785568237305,-14.136133193969727,-34.66456985473633,20.570316314697266
3,40109,0.780998706817627,-8.017958641052246,11.325839042663574,6.565799713134766
3,40110,-10.462037086486816,18.718090057373047,23.77762222290039,14.136268615722656
3,40113,0.1812480390071869,-1.3496829271316528,-36.52431869506836,-44.11397933959961
3,40114,-5.415902137756348,-26.36269187927246,-4.3253912925720215,-38.71207046508789
3,40117,3.7097620964050293,-9.124933242797852,21.59932518005371,39.593719482421875
3,40118,-8.327292442321777,45.58485794067383,2.764023780822754,-12.533804893493652
3,40121,3.645341634750366,37.09180450439453,-9.704071044921875,14.008536338806152
3,40122,22.530536651611328,-40.38541793823242,-7.16412353515625,59.70769500732422
3,40125,-20.724119186401367,-30.78867530822754,3.605923891067505,-13.971517562866211
3,40126,-21.834436416625977,26.314655303955078,7.575012683868408,-44.84332275390625
3,40129,44.771728515625,36.13117218017578,16.266218185424805,7.496747016906738
3,40130,25.76775550842285,-9.989410400390625,8.1209077835083,35.307403564453125
3,40133,-50.33522033691406,-43.94480895996094,-27.370481491088867,-31.624088287353516
3,40134,-24.12726402282715,-12.71419620513916,-28.398405075073242,-22.00738525390625
3,40137,61.190460205078125,36.20947265625,30.171539306640625,42.601139068603516
3,40138,11.211301803588867,40.62019348144531,26.84775161743164,-4.308633804321289
3,40141,-53.45346450805664,-36.84358596801758,-22.55055809020996,-20.761415481567383
3,40255,26.871992111206055,-28.352615356445312,4.118711948394775,18.470844268798828
3,40255,18.76372528076172,24.940834045410156,-0.6920643448829651,1.1775614023208618
3,40255,-37.19661331176758,-1.6123743057250977,-24.894956588745117,-8.320530891418457
3,40255,-5.1999640464782715,-3.865854501724243,12.399038314819336,10.293119430541992
3,40255,2.1955506801605225,-0.6736297607421875,17.677047729492188,0.36070817708969116
3,40255,3.012483835220337,8.836482048034668,-19.142311096191406,-10.33853530883789
3,40256,17.356382369995117,-6.1357622146606445,-4.885873794555664,-1.3287967443466187
3,40256,-10.936555862426758,-35.79431915283203,34.55656433105469,14.429998397827148
3,40256,-11.381380081176758,10.5613431930542,0.6586614847183228,-5.321413516998291
3,40256,17.079814910888672,34.373783111572266,-13.685476303100586,-8.815509796142578
3,40256,14.163138389587402,-5.678687572479248,-0.6031473875045776,12.412540435791016
3,40257,-9.320245742797852,-15.83234691619873,-21.413131713867188,-30.328598022460938
3,40257,-20.386714935302734,11.562335968017578,-17.229736328125,-28.23230743408203
3,40257,3.1536378860473633,-4.046023368835449,18.45463752746582,13.000140190124512
3,40257,16.34817886352539,-14.533345222473145,15.372523307800293,20.96070098876953
3,40257,-10.982151985168457,16.109403610229492,-10.218676567077637,21.875757217407227
3,40257,1.6949901580810547,23.936756134033203,12.379250526428223,-1.0614888668060303
3,40258,28.9293212890625,-10.767085075378418,10.974651336669922,-7.544172763824463
3,40258,-19.508899688720703,-19.622329711914062,-6.710997104644775,6.920025825500488
3,40258,-24.725967407226562,17.958513259887695,-3.1504859924316406,-1.4526135921478271
3,40258,15.668886184692383,-10.707784652709961,-0.15516410768032074,-22.926923751831055
3,40258,-0.09716363251209259,-26.652000427246094,1.9024784564971924,-8.498428344726562
3,40258,-16.958894729614258,24.359668731689453,1.0596826076507568,17.151445388793945
3,40259,-3.7488021850585938,27.266874313354492,-4.231421947479248,13.556382179260254
3,40259,26.280319213867188,-10.49593448638916,-16.839048385620117,-0.5765776038169861
3,40259,20.83211898803711,-13.868474960327148,3.8845455646514893,-18.28818130493164
3,40259,-16.049427032470703,12.185227394104004,-5.154151439666748,-3.7029049396514893
3,40259,-10.669109344482422,-10.104394912719727,-9.502357482910156,1.6109588146209717
3,40259,-1.7454558610916138,-17.817869186401367,19.80853843688965,9.697062492370605
3,40260,-6.9555840492248535,19.125181198120117,11.29965877532959,11.803600311279297
3,40260,15.535574913024902,-3.6802382469177246,-11.067843437194824,-15.006189346313477
3,40260,-1.8868980407714844,-15.291206359863281,1.2951927185058594,-2.139331817626953
3,40260,-24.731821060180664,6.410693168640137,20.871768951416016,1.1310336589813232
3,40260,14.070693016052246,-0.9519770741462708,-9.28817367553711,5.578299522399902
3,40261,14.54869556427002,-1.6157201528549194,-14.660189628601074,11.392151832580566
3,40261,-4.486653804779053,1.081330418586731,4.704971790313721,13.346990585327148
3,40261,6.341151237487793,12.183706283569336,0.2842787206172943,-2.972914218902588
3,40261,4.66633939743042,15.616791725158691,-5.177907466888428,-10.71729850769043
3,40261,-9.394495964050293,-11.172802925109863,0.33970174193382263,-6.688925743103027
3,40261,-6.111260414123535,-9.879429817199707,4.769233226776123,-22.513463973999023
3,40262,3.910461187362671,-2.067814826965332,-3.83225679397583,11.794503211975098
3,40262,13.067111015319824,-1.142446756362915,-7.141287326812744,7.587102890014648
3,40262,0.8212693929672241,9.291844367980957,0.27218005061149597,-9.294596672058105
3,40262,-19.19585418701172,-7.742056846618652,-0.33590400218963623,21.662532806396484
3,40262,20.76320457458496,8.622947692871094,11.350693702697754,21.567914962768555
3,40262,24.611465454101562,21.305980682373047,1.7384165525436401,-23.754093170166016
3,40263,-49.38044357299805,-12.770853996276855,-12.268260955810547,-24.746797561645508
3,40263,-27.37229347229004,-14.481307029724121,19.165172576904297,12.633763313293457
3,40263,49.927005767822266,17.3336181640625,18.21560287475586,-6.969750881195068
3,40263,4.791445732116699,18.265348434448242,-22.738059997558594,-12.521951675415039
3,40263,-26.6416015625,-23.777658462524414,-9.669005393981934,1.058387279510498
3,40263,0.5253571271896362,-25.370309829711914,13.983119010925293,15.329451560974121
3,40264,-8.792963981628418,12.80374526977539,-11.851457595825195,10.2283296585083
3,40264,4.061973571777344,13.089715957641602,13.415132522583008,-10.480897903442383
3,40264,11.5835542678833,-11.995898246765137,-3.7091708183288574,-16.64165687561035
3,40264,4.27168607711792,-8.904123306274414,-30.659990310668945,13.247100830078125
3,40264,-14.299914360046387,9.96260929107666,30.04469871520996,28.370223999023438
3,40266,-11.589278221130371,12.30913257598877,8.639586448669434,-11.045672416687012
3,40266,21.524295806884766,-7.427765846252441,-15.121055603027344,23.234128952026367
3,40266,1.2654063701629639,-12.238832473754883,-4.260301113128662,3.6468424797058105
3,40266,-23.110824584960938,3.670093536376953,-18.54278564453125,-46.58702850341797
3,40266,10.58161735534668,13.097514152526855,24.62300682067871,3.3092753887176514
3,40266,22.158184051513672,5.4766716957092285,29.240028381347656,19.897323608398438
3,40268,-15.463894844055176,-13.68305778503418,-18.12118148803711,6.781836032867432
3,40270,1.571016788482666,-16.037702560424805,-6.000720500946045,-2.6392998695373535
3,40272,22.07524299621582,-3.1445116996765137,-6.161346912384033,-26.389127731323242
3,40274,-17.696670532226562,5.41463041305542,-6.226577281951904,-25.34809684753418
3,40276,-8.884551048278809,14.352203369140625,10.809536933898926,17.88001823425293
3,40278,26.40571403503418,1.2731267213821411,-10.264886856079102,26.824810028076172
3,40280,3.576726198196411,-11.697585105895996,6.510114669799805,-30.9490966796875
3,40282,-19.259910583496094,15.644399642944336,19.8422794342041,7.813396453857422
3,40284,-11.859752655029297,6.106438636779785,-23.9974422454834,39.16709518432617
3,40286,-2.5065464973449707,-13.445601463317871,-18.361644744873047,-24.6863956451416
3,40288,0.43911972641944885,-13.800400733947754,-1.1556061506271362,-5.126986503601074
3,40290,1.1244845390319824,26.55236053466797,23.476112365722656,6.228728771209717
3,40292,2.1583340167999268,30.481210708618164,20.31113052368164,2.989114999771118
3,40294,10.858370780944824,-43.246341705322266,-29.903972625732422,-0.21938088536262512
3,40296,-5.724691390991211,-9.165348052978516,9.3298978805542,-16.796749114990234
3,40298,-10.324976921081543,33.843936920166016,26.75798797607422,7.301170349121094
3,40300,12.253559112548828,-14.403189659118652,-4.238739490509033,18.90587043762207
3,40303,24.818998336791992,-23.312482833862305,-12.865550994873047,-4.272655963897705
3,40304,6.618123531341553,14.96878433227539,5.396772861480713,-15.790427207946777
3,40307,-43.978729248046875,5.874484539031982,2.4089815616607666,-8.429961204528809
3,40308,-15.776435852050781,-34.451942443847656,-12.303874015808105,21.634193420410156
3,40433,34.742122650146484,16.158702850341797,-19.069528579711914,21.329851150512695
3,40433,12.775298118591309,49.796783447265625,-29.714435577392578,-39.7391242980957
3,40433,-21.566450119018555,-33.16478729248047,19.090978622436523,11.216597557067871
3,40434,-12.879524230957031,-3.1135525703430176,29.804841995239258,22.94955825805664
3,40434,13.502667427062988,15.719603538513184,-13.042038917541504,-35.167396545410156
3,40434,-1.8859881162643433,-27.901025772094727,-13.291589736938477,22.78571319580078
3,40434,-2.6316933631896973,15.386311531066895,24.049747467041016,18.18686294555664
3,40434,18.796401977539062,8.268975257873535,-5.548768520355225,-43.78569030761719
3,40435,1.3054215908050537,-8.86669921875,-21.61442756652832,-17.256486892700195
3,40435,-12.479074478149414,-6.75520133972168,31.28534507751465,28.751317977905273
3,40435,-11.924532890319824,-8.957362174987793,7.193163871765137,24.483394622802734
3,40435,1.1104702949523926,-0.9993261694908142,-11.002870559692383,-26.3211669921875
3,40435,1.1380374431610107,2.306104898452759,2.3046531677246094,-8.82887077331543
3,40435,2.9381706714630127,2.5748069286346436,-11.10302448272705,17.723865509033203
3,40436,9.409440040588379,-13.592724800109863,-14.943689346313477,-1.5269553661346436
3,40436,-19.24637794494629,-12.69284725189209,-3.2039387226104736,6.115780353546143
3,40436,-0.1599864661693573,30.2884521484375,10.436177253723145,-12.503888130187988
3,40436,16.57530975341797,25.06028938293457,4.625516891479492,14.28173542022705
3,40436,-2.983248710632324,-25.60515022277832,3.5758485794067383,12.996611595153809
3,40436,0.9769452810287476,5.231659412384033,0.33589616417884827,-36.766075134277344
3,40437,2.128458261489868,15.48791790008545,16.62863540649414,2.4097657203674316
3,40437,8.146509170532227,-23.79852294921875,20.33548355102539,39.98723220825195
3,40437,17.142229080200195,4.515487194061279,-4.5550432205200195,-7.017399311065674
3,40437,-7.556676864624023,19.200925827026367,-1.4675054550170898,-32.2598991394043
3,40437,-28.602115631103516,-6.577364444732666,-6.072505474090576,11.85534954071045
3,40437,11.532301902770996,-4.2210798263549805,-12.865585327148438,9.031654357910156
3,40438,20.261157989501953,14.377910614013672,-19.158803939819336,-18.023035049438477
3,40438,-26.937429428100586,-9.973084449768066,-0.33788052201271057,-1.947727918624878
3,40438,-10.745536804199219,-18.70127296447754,25.698753356933594,-3.06939959526062
3,40438,24.48822784423828,19.26410675048828,-20.806493759155273,-16.889127731323242
3,40438,-14.402532577514648,-9.467947006225586,-31.816547393798828,4.545565605163574
3,40438,-28.903324127197266,-23.110061645507812,34.764347076416016,14.20439338684082
3,40439,19.101877212524414,6.8043389320373535,14.610928535461426,2.103405475616455
3,40439,19.001428604125977,4.7119221687316895,-34.358551025390625,-1.31257164478302
3,40439,-13.398816108703613,5.582574844360352,13.212488174438477,-2.675952911376953
3,40439,-3.72332763671875,1.6601436138153076,22.29184913635254,13.64974594116211
3,40439,9.194599151611328,-2.494166612625122,-31.754718780517578,-2.3749747276306152
3,40440,-1.5298839807510376,-14.658096313476562,-13.06784725189209,-2.4272990226745605
3,40440,4.661833763122559,-4.893306732177734,37.08454132080078,16.136648178100586
3,40440,7.457993507385254,30.335309982299805,14.739812850952148,-4.274197578430176
3,40440,7.5999979972839355,13.176506996154785,-8.98589038848877,4.335651874542236
3,40440,6.955077648162842,0.44050222635269165,-0.15699106454849243,-10.681801795959473
3,40440,-27.896209716796875,-1.7326334714889526,2.025189161300659,-6.839742660522461
3,40441,-20.00103759765625,-15.854795455932617,-7.615602493286133,25.19107437133789
3,40441,22.744842529296875,4.804472923278809,-22.612512588500977,12.16523551940918
3,40441,14.871264457702637,10.783352851867676,16.564966201782227,-6.022799491882324
3,40441,1.6566652059555054,-10.33870792388916,13.590896606445312,-22.95801544189453
3,40441,-5.264952182769775,-14.287575721740723,-21.451377868652344,-5.415771007537842
3,40441,-15.327228546142578,28.524330139160156,37.4669189453125,11.201395988464355
3,40442,23.49646759033203,11.5803804397583,8.367302894592285,-14.410881042480469
3,40442,10.43413257598877,-51.65937423706055,-53.23625183105469,-22.39934730529785
3,40442,-33.88722229003906,4.908835411071777,12.91382884979248,1.572574257850647
3,40442,15.74559497833252,28.88245391845703,12.498841285705566,14.986191749572754
3,40442,2.5385851860046387,-23.47730255126953,-15.935182571411133,23.706199645996094
3,40442,-25.20581817626953,2.5494096279144287,27.29917335510254,4.481435298919678
3,40443,25.895832061767578,7.116318225860596,3.9969804286956787,-38.69866180419922
3,40443,6.255316734313965,-3.817673683166504,-27.549396514892578,6.065559387207031
3,40443,-33.39873123168945,24.624109268188477,4.215498924255371,47.45415496826172
3,40443,-7.717341899871826,-14.17947769165039,14.014151573181152,0.08587152510881424
3,40443,23.899368286132812,-29.955595016479492,-10.931092262268066,-17.2152042388916
3,40443,-4.253354549407959,19.69959831237793,-8.5489501953125,-6.355251312255859
3,40444,-8.887893676757812,0.4372808039188385,15.791332244873047,-19.655113220214844
3,40445,30.361093521118164,-9.096094131469727,-12.049273490905762,4.125317573547363
3,40445,-6.232486248016357,16.519638061523438,-11.835095405578613,17.526456832885742
3,40445,-19.44124412536621,2.980670213699341,23.143714904785156,-17.283653259277344
3,40445,19.45280647277832,-1.0804842710494995,-6.740302562713623,-3.1861226558685303
3,40446,4.92799711227417,-11.424936294555664,-16.704261779785156,12.051087379455566
3,40446,-20.42693328857422,0.3999032974243164,3.7654802799224854,-16.6114501953125
3,40447,5.487708568572998,18.689125061035156,7.789455890655518,2.958131790161133
3,40448,8.864136695861816,-13.272456169128418,9.015429496765137,26.453460693359375
3,40450,-2.6719210147857666,-4.737180709838867,-12.401442527770996,8.096705436706543
3,40452,-2.8311829566955566,18.971771240234375,-24.279861450195312,8.178651809692383
3,40454,-31.60028839111328,-15.145444869995117,-8.090550422668457,-8.454597473144531
3,40456,6.680848598480225,-16.70545196533203,23.049240112304688,-35.24586868286133
3,40458,28.454391479492188,14.873099327087402,27.122024536132812,-28.818832397460938
3,40460,-4.00942325592041,6.543470859527588,1.7884334325790405,12.589096069335938
3,40462,-0.8304005265235901,-9.599599838256836,-12.239036560058594,32.079593658447266
3,40464,-8.47557258605957,7.046378135681152,-0.9835598468780518,20.914989471435547
3,40466,1.6660417318344116,21.90045928955078,23.579315185546875,-5.271607875823975
3,40468,16.828269958496094,-8.136119842529297,-15.439713478088379,-27.81233787536621
3,40470,-3.509171962738037,-6.957124710083008,-8.48773193359375,-0.6829347610473633
3,40472,-1.7707319259643555,6.68314266204834,19.806562423706055,12.268912315368652
3,40474,-1.6501342058181763,-3.68038272857666,-29.252277374267578,6.961990833282471
3,40476,-17.487380981445312,-10.863934516906738,-3.196765661239624,7.26138973236084
3,40478,8.861793518066406,-14.911218643188477,6.340081214904785,-16.007980346679688
3,40481,3.7950315475463867,8.949482917785645,2.9043712615966797,-12.509652137756348
3,40482,2.2490975856781006,-16.056554794311523,15.248652458190918,13.993149757385254
3,40485,7.6816606521606445,-10.311058044433594,-31.757600784301758,7.152062892913818
3,40486,-15.994149208068848,38.096397399902344,-4.758553504943848,-13.397381782531738
3,40489,-0.552390456199646,1.0748037099838257,31.199966430664062,-18.512781143188477
3,40490,11.623220443725586,-16.67884635925293,-3.4351863861083984,8.95362377166748
3,40627,-2.240931272506714,9.84952163696289,0.16395945847034454,24.544084548950195
3,40627,-25.150772094726562,-2.262260913848877,17.793872833251953,8.734733581542969
3,40627,18.267030715942383,-15.585585594177246,-9.183384895324707,-11.851054191589355
3,40627,27.36478614807129,11.181818962097168,-9.109549522399902,2.7383666038513184
3,40627,-25.120466232299805,14.054547309875488,9.033480644226074,4.127004146575928
3,40628,-6.899580478668213,-0.35915932059288025,-3.3436481952667236,-23.116233825683594
3,40628,6.584895133972168,5.897469997406006,-13.622187614440918,13.130452156066895
3,40628,4.425854206085205,-5.247743606567383,5.984292984008789,8.64893627166748
3,40628,8.752168655395508,-23.296274185180664,-4.6207475662231445,-21.617406845092773
3,40628,-12.610593795776367,2.427158832550049,-5.936007499694824,2.80230450630188
3,40628,-10.447972297668457,33.256534576416016,14.326416015625,-1.5762619972229004
3,40629,19.499042510986328,3.1485960483551025,-6.4941887855529785,-9.223793983459473
3,40629,2.251906394958496,-20.493459701538086,-9.253095626831055,8.799799919128418
3,40629,-35.89105987548828,-19.37525177001953,0.014439416117966175,25.876787185668945
3,40629,7.899937152862549,11.15090560913086,13.013288497924805,-7.0310444831848145
3,40629,29.943822860717773,25.74613380432129,14.610676765441895,-22.30078887939453
3,40630,-15.882190704345703,-16.780824661254883,-13.446271896362305,11.349170684814453
3,40630,1.8886088132858276,-7.816774845123291,-22.094539642333984,-13.360490798950195
3,40630,-2.1833808422088623,5.727203369140625,7.613188743591309,-6.131227016448975
3,40630,-8.318979263305664,-4.789865970611572,-1.7418774366378784,14.834633827209473
3,40630,17.923770904541016,-2.7757973670959473,-14.608588218688965,-18.298383712768555
3,40630,-14.232075691223145,0.6750564575195312,27.984638214111328,8.133727073669434
3,40631,-5.326810359954834,11.208145141601562,16.664960861206055,28.79860496520996
3,40631,23.837648391723633,0.4547175168991089,-15.137680053710938,-0.08813367038965225
3,40631,-4.590060234069824,-15.046289443969727,-3.4558284282684326,-8.985421180725098
3,40631,-13.726754188537598,7.1131181716918945,-0.44040045142173767,-5.964162349700928
3,40631,9.774914741516113,1.2150784730911255,2.0806338787078857,19.830141067504883
3,40631,-0.036168765276670456,-18.3093204498291,0.22241079807281494,5.649046421051025
3,40632,-7.941619396209717,8.048047065734863,-3.99884295463562,-17.33930206298828
3,40632,2.8173155784606934,6.665800094604492,3.392882823944092,16.175474166870117
3,40632,11.038884162902832,10.994575500488281,12.950532913208008,-3.4569473266601562
3,40632,11.595067024230957,0.6523316502571106,-4.20962381362915,-31.611305236816406
3,40632,-23.67913246154785,-29.60675048828125,-18.451322555541992,2.0786492824554443
3,40632,0.958217442035675,18.094953536987305,7.818475246429443,11.800029754638672
3,40633,32.653072357177734,21.15789794921875,-7.78104829788208,-7.454583644866943
3,40633,-31.197731018066406,-28.72735595703125,-12.127617835998535,-1.0533970594406128
3,40633,-24.828527450561523,10.554369926452637,23.97859001159668,1.3774007558822632
3,40633,48.029850006103516,6.770145416259766,-7.048224925994873,-2.8677632808685303
3,40633,-0.8758386969566345,-34.951934814453125,-3.0480332374572754,8.381555557250977
3,40633,-30.878889083862305,18.120933532714844,33.08938980102539,-2.303252935409546
3,40634,10.919615745544434,37.1740608215332,-26.85900115966797,-12.746082305908203
3,40634,-10.890880584716797,-6.587107181549072,-25.472957611083984,11.704375267028809
3,40634,3.26653790473938,-20.57358169555664,22.917068481445312,-1.578786849975586
3,40634,15.34125804901123,-13.462903022766113,19.724210739135742,-12.039258003234863
3,40634,-1.0172470808029175,14.252954483032227,8.265825271606445,24.452966690063477
3,40634,5.274975299835205,19.912952423095703,-26.777801513671875,3.8856468200683594
3,40635,-13.762088775634766,-18.921506881713867,-9.41557788848877,-4.631539821624756
3,40635,-17.588247299194336,-4.257837772369385,14.639141082763672,16.862577438354492
3,40635,16.203195571899414,9.086966514587402,2.9560132026672363,-26.906169891357422
3,40635,19.17916488647461,-5.3255085945129395,-9.532986640930176,-30.802322387695312
3,40635,-24.732088088989258,-3.7329018115997314,-22.126523971557617,27.307897567749023
3,40635,-19.693603515625,-11.665717124938965,4.348044395446777,18.829978942871094
3,40636,18.73798370361328,-12.707942962646484,31.074932098388672,-1.6699219942092896
3,40636,29.075258255004883,27.75821304321289,15.370702743530273,-1.8041630983352661
3,40636,-7.880109786987305,37.90644073486328,-23.098642349243164,-22.753206253051758
3,40636,-31.778547286987305,-39.86258316040039,-16.522098541259766,1.049233317375183
3,40636,-2.1697988510131836,-36.66839599609375,20.496891021728516,16.825143814086914
3,40636,8.540253639221191,20.09935188293457,-6.2093424797058105,-4.773949146270752
3,40637,21.609350204467773,20.679481506347656,-3.34873366355896,-9.191210746765137
3,40637,9.122147560119629,-10.202519416809082,15.777719497680664,-1.6485029458999634
3,40637,0.06567029654979706,-11.563896179199219,-20.049535751342773,18.266908645629883
3,40637,2.1112687587738037,25.56886100769043,20.39276885986328,6.832129001617432
3,40637,-18.899646759033203,10.921558380126953,26.113672256469727,-13.294373512268066
3,40637,5.973612308502197,-14.906588554382324,-32.669857025146484,11.273930549621582
3,40638,2.020940065383911,6.017698764801025,-14.751900672912598,3.0473902225494385
3,40638,-30.710037231445312,12.061596870422363,7.965992450714111,-12.231607437133789
3,40638,14.1287841796875,-10.577226638793945,-5.912117004394531,4.078953742980957
3,40638,17.091299057006836,-10.041820526123047,1.2659646272659302,0.6487658023834229
3,40639,-22.035123825073242,9.046089172363281,-0.6142981052398682,-13.073447227478027
3,40640,0.21092675626277924,8.094996452331543,3.287341594696045,9.026430130004883
3,40640,20.17976188659668,-10.188603401184082,12.618181228637695,17.81862449645996
3,40640,8.103806495666504,-14.532943725585938,-16.49142837524414,-23.418384552001953
3,40640,-24.319828033447266,-18.255813598632812,-10.793933868408203,-13.110208511352539
3,40640,-7.546686172485352,18.378772735595703,11.782803535461426,2.407374382019043
3,40640,17.98957633972168,20.262266159057617,5.325134754180908,-1.7622849941253662
3,40642,10.083672523498535,-35.84494400024414,-0.19312001764774323,6.049595355987549
3,40644,-5.191156387329102,1.5128867626190186,23.183029174804688,28.880237579345703
3,40646,-11.719934463500977,23.959583282470703,9.914263725280762,14.850897789001465
3,40648,-1.4854545593261719,-1.7250944375991821,-18.622743606567383,-44.55255889892578
3,40650,-9.71517276763916,7.630659103393555,2.018481969833374,-15.981956481933594
3,40652,-2.3920092582702637,19.69707489013672,-13.14023208618164,24.055330276489258
3,40654,13.782782554626465,-12.610210418701172,-26.411287307739258,16.413606643676758
3,40657,24.507030487060547,-37.74471664428711,18.24193000793457,-7.688720226287842
3,40658,-6.406737327575684,18.115949630737305,21.238712310791016,-7.494860649108887
3,40661,-13.856725692749023,20.255184173583984,-12.361138343811035,15.714537620544434
3,40662,23.885480880737305,-16.21384620666504,-13.948431015014648,-18.217208862304688
3,40665,-15.46379566192627,4.655823230743408,1.200650691986084,-12.852657318115234
3,40666,-15.242222785949707,18.209861755371094,21.067237854003906,25.333404541015625
3,40669,25.374603271484375,-11.777812957763672,-7.201234340667725,-10.536087036132812
3,40670,15.80435562133789,-15.922638893127441,-11.690502166748047,1.5832562446594238
3,40673,-16.671573638916016,3.999979257583618,17.76455307006836,26.304447174072266
3,40674,-29.225645065307617,1.9743216037750244,-23.67934799194336,-15.079378128051758
3,40677,1.4100735187530518,-2.668750524520874,-6.15432071685791,-30.381790161132812
3,40678,-3.0264744758605957,2.3674707412719727,38.591957092285156,-18.228609085083008
3,40681,-3.1933343410491943,6.505125999450684,-0.9132534265518188,36.57025146484375
3,40682,29.622600555419922,-4.471240520477295,-21.86509132385254,20.48093605041504
3,40683,9.16440200805664,-7.800177574157715,-10.846105575561523,-36.74460220336914
3,40831,-39.338409423828125,-1.1487433910369873,-10.49711799621582,-4.773165225982666
3,40831,-18.137880325317383,4.832992076873779,12.881514549255371,17.075252532958984
3,40831,31.404516220092773,5.963042259216309,30.56936264038086,11.645201683044434
3,40831,12.466041564941406,-4.530993938446045,-9.969171524047852,1.381502389907837
3,40832,-19.111732482910156,-6.2332258224487305,-20.420604705810547,-18.302616119384766
3,40832,11.827038764953613,6.593794822692871,11.07398796081543,-15.998907089233398
3,40832,17.600378036499023,-5.322238922119141,5.970999717712402,30.75288963317871
3,40832,-18.095687866210938,-12.308537483215332,-0.9900385141372681,17.040115356445312
3,40832,-6.561358451843262,13.751688957214355,-3.850316286087036,-38.9123649597168
3,40832,-4.128477573394775,19.608421325683594,1.6199088096618652,5.34545373916626
3,40833,-13.126493453979492,-12.49705696105957,6.642144680023193,19.504680633544922
3,40833,22.091440200805664,-14.151674270629883,-17.747758865356445,-10.402698516845703
3,40833,11.146141052246094,-5.219130992889404,3.4410488605499268,5.48406982421875
3,40833,-10.383188247680664,2.613605260848999,18.843292236328125,7.1451568603515625
3,40833,-1.2446874380111694,20.338056564331055,-15.949589729309082,10.65888500213623
3,40833,-21.599857330322266,-17.507600784301758,-4.078415870666504,-0.8915919065475464
3,40834,14.578271865844727,7.086562156677246,17.334922790527344,-23.53521156311035
3,40834,31.01173973083496,27.743873596191406,-5.219795227050781,-15.74843692779541
3,40834,-10.38177490234375,-33.6107063293457,-11.713277816772461,12.923972129821777
3,40834,-19.480806350708008,-26.2813663482666,-2.6140317916870117,22.321910858154297
3,40834,-5.204026222229004,10.867928504943848,9.516653060913086,-9.01594066619873
3,40834,24.530986785888672,34.23506546020508,6.990066051483154,-27.53459930419922
3,40835,0.3374703526496887,11.073145866394043,-5.107303142547607,8.525477409362793
3,40835,-12.225481986999512,-21.75682830810547,-2.7407639026641846,26.015859603881836
3,40835,10.9401273727417,-3.731961727142334,-4.698480606079102,-4.12466287612915
3,40835,-5.89507532119751,7.838554382324219,18.437591552734375,1.6495693922042847
3,40835,-23.655670166015625,7.178248882293701,12.670685768127441,10.106094360351562
3,40835,11.030840873718262,-0.2693716585636139,-14.215564727783203,-24.78965950012207
3,40836,22.928287506103516,-6.3638916015625,-17.615280151367188,-6.976362228393555
3,40836,-19.04244041442871,0.10401056706905365,-8.411803245544434,16.03968620300293
3,40836,-4.14290714263916,-7.161472797393799,14.974614143371582,-22.36791229248047
3,40836,12.014039039611816,-9.359428405761719,20.87786865234375,14.299273490905762
3,40836,4.996085166931152,16.6164493560791,-2.227668523788452,31.274179458618164
3,40836,2.6404216289520264,2.248775005340576,-16.622722625732422,-26.46033477783203
3,40837,0.27842819690704346,-9.984394073486328,-12.664196014404297,-27.16073226928711
3,40837,-7.886303424835205,9.951247215270996,-15.89863109588623,6.264439105987549
3,40837,-5.157698631286621,-0.39762333035469055,8.555882453918457,30.97022819519043
3,40837,13.648040771484375,-7.946829795837402,19.761608123779297,17.13161849975586
3,40837,-13.906829833984375,3.8296430110931396,-8.359886169433594,-3.0804946422576904
3,40838,-15.813546180725098,-2.458935499191284,3.4397313594818115,-2.475121259689331
3,40838,21.57213592529297,-1.0756620168685913,16.072336196899414,-12.080873489379883
3,40838,27.661237716674805,17.34456443786621,-22.3648681640625,-36.58121871948242
3,40838,4.451081275939941,-20.163551330566406,-7.114194393157959,-5.757020950317383
3,40838,-45.79705047607422,-10.534374237060547,26.57767105102539,28.39883041381836
3,40838,-24.20028305053711,36.599613189697266,-7.499452114105225,-18.73537826538086
3,40838,46.41225051879883,-15.527012825012207,-6.114043235778809,8.199766159057617
3,40839,3.4492478370666504,-18.948593139648438,12.67121410369873,20.845205307006836
3,40839,-16.869535446166992,10.025296211242676,-5.94246244430542,-32.043582916259766
3,40839,6.547741889953613,-10.550759315490723,1.6978166103363037,14.711231231689453
3,40839,-21.24321746826172,17.652673721313477,5.3058271408081055,28.014083862304688
3,40839,-0.006505596451461315,20.51777458190918,-22.336498260498047,-29.403484344482422
3,40839,14.872241973876953,-34.298431396484375,-15.68786334991455,-11.54607105255127
3,40840,-9.912618637084961,-30.316267013549805,24.1696720123291,36.294105529785156
3,40840,-5.5649733543396,26.064136505126953,18.184484481811523,10.397438049316406
3,40840,0.3282301425933838,32.991397857666016,-20.527559280395508,-30.726055145263672
3,40840,1.329037070274353,3.2001640796661377,-21.01470947265625,-19.01158332824707
3,40840,17.50921630859375,-16.66641616821289,15.043628692626953,10.038430213928223
3,40840,6.700736045837402,-11.245805740356445,15.285079956054688,26.31328582763672
3,40841,-16.088363647460938,5.5080132484436035,-13.725275039672852,-1.2607330083847046
3,40841,15.94679069519043,0.3761039674282074,9.217748641967773,-12.032750129699707
3,40841,8.792841911315918,5.728123188018799,9.463595390319824,-1.1162631511688232
3,40841,-26.036426544189453,6.645477771759033,-13.914444923400879,-20.803401947021484
3,40841,9.434940338134766,-18.955175399780273,7.3951191902160645,6.489302635192871
3,40842,7.128658771514893,-9.592329978942871,8.915188789367676,42.14950180053711
3,40842,-18.017494201660156,16.15462303161621,4.4063591957092285,-17.92118263244629
3,40842,13.822364807128906,-3.4894113540649414,-12.780778884887695,-28.071088790893555
3,40842,-0.4621519148349762,-10.124879837036133,-16.02931022644043,35.61292266845703
3,40842,-13.455957412719727,23.337718963623047,12.962175369262695,-10.757111549377441
3,40842,19.01543617248535,9.632852554321289,15.438334465026855,-21.460712432861328
3,40843,-5.1259660720825195,-17.425987243652344,-3.1988906860351562,42.54802703857422
3,40843,0.6534776091575623,4.1757073402404785,-11.173386573791504,-5.594321250915527
3,40843,10.602559089660645,-1.6712909936904907,15.190584182739258,-27.340946197509766
3,40843,-23.401479721069336,-10.563461303710938,7.514204025268555,29.68478012084961
3,40844,-5.930566310882568,5.411683559417725,-27.536365509033203,10.426351547241211
3,40844,4.575992107391357,17.69818687438965,-13.04058837890625,-24.546321868896484
3,40845,13.852084159851074,3.0585193634033203,6.12246036529541,-23.404529571533203
3,40845,5.47786808013916,-33.655155181884766,5.550883769989014,10.045266151428223
3,40845,-20.763547897338867,-3.348722457885742,8.383645057678223,17.888288497924805
3,40845,-1.6937018632888794,21.9913330078125,-8.381339073181152,-22.64243507385254
3,40845,0.6795225143432617,0.3054129183292389,-8.164745330810547,-10.765835762023926
3,40847,18.202835083007812,7.348658084869385,9.273736000061035,22.02873420715332
3,40848,11.570516586303711,-15.465286254882812,8.982928276062012,11.477827072143555
3,40851,-17.5022029876709,-7.087307453155518,2.785614013671875,-23.196937561035156
3,40852,-14.818596839904785,17.399635314941406,-1.1419564485549927,9.163023948669434
3,40853,-0.3519335389137268,-22.309375762939453,-15.963240623474121,26.78416633605957
3,40856,17.430208206176758,1.9980541467666626,0.9189985394477844,-28.074947357177734
3,40857,1.5797449350357056,17.048200607299805,16.090408325195312,-23.920957565307617
3,40860,-10.208563804626465,-10.411385536193848,-10.17300796508789,11.494397163391113
3,40861,-9.119331359863281,-3.8370635509490967,-6.036386013031006,24.56074333190918
3,40864,1.1871445178985596,6.056136131286621,19.572040557861328,7.322696685791016
3,40865,9.949980735778809,19.761655807495117,8.596339225769043,-31.281883239746094
3,40868,5.694879055023193,13.39888858795166,-25.679473876953125,-12.050777435302734
3,40869,12.983901023864746,-17.656047821044922,-0.7042058110237122,35.288108825683594
3,40872,-10.438441276550293,-19.89255714416504,15.118890762329102,8.689637184143066
3,40873,-7.863726615905762,13.124170303344727,3.6209499835968018,-26.583703994750977
3,40876,22.976680755615234,-3.6042122840881348,11.342896461486816,20.02597427368164
3,40877,-21.45121192932129,-19.154075622558594,-15.110434532165527,62.562744140625
3,40880,-8.740886688232422,24.690813064575195,-9.126655578613281,-13.765447616577148
3,40881,39.26531982421875,7.111784934997559,14.430566787719727,-54.05463790893555
3,40884,-24.59479331970215,-33.9720344543457,-34.45399475097656,-17.545246124267578
3,40885,-28.588937759399414,17.799392700195312,3.8513777256011963,-22.461212158203125
3,40888,35.077239990234375,18.885732650756836,36.745208740234375,19.116300582885742
3,40889,-7.553354740142822,-33.57478713989258,-38.45805358886719,13.445451736450195
3,40892,-16.13761329650879,0.943060576915741,-5.645057678222656,-28.255260467529297
4,41049,27.158361434936523,24.44069480895996,34.5036735534668,12.654009819030762
4,41049,-3.543738842010498,-11.665014266967773,-8.915153503417969,13.598899841308594
4,41049,-25.15749740600586,-18.171329498291016,-25.422534942626953,-23.35450553894043
4,41049,1.35586678981781,7.485850811004639,16.954605102539062,10.685408592224121
4,41050,21.551429748535156,4.741447448730469,28.257234573364258,31.3199405670166
4,41050,8.447101593017578,6.124314308166504,-11.571370124816895,-22.97661018371582
4,41050,-14.442902565002441,0.10907847434282303,-8.322630882263184,3.0842387676239014
4,41050,-15.0554838180542,-3.555189847946167,10.294941902160645,27.633665084838867
4,41050,13.001152992248535,24.82692527770996,-11.297948837280273,-25.95700454711914
4,41050,5.319792747497559,-7.374501705169678,-14.260529518127441,2.4388158321380615
4,41051,-18.05828094482422,-8.211119651794434,25.088844299316406,9.790105819702148
4,41051,21.478851318359375,17.978979110717773,8.503281593322754,-23.686981201171875
4,41051,14.205231666564941,-11.653841972351074,-22.80516815185547,-10.486225128173828
4,41051,-22.347562789916992,-0.6338269710540771,-0.2206955850124359,8.753459930419922
4,41051,-7.6215949058532715,8.518318176269531,16.131765365600586,26.213376998901367
4,41051,0.7495729923248291,-8.398630142211914,-6.7814154624938965,3.1513261795043945
4,41052,8.198589324951172,1.745377779006958,-14.7479829788208,-15.192512512207031
4,41052,-9.571197509765625,-2.375619888305664,0.7174983024597168,-5.0255889892578125
4,41052,-13.528055191040039,-28.97281837463379,-0.9989387392997742,7.247287750244141
4,41052,14.190437316894531,1.6373945474624634,10.568778038024902,15.128901481628418
4,41052,5.030994415283203,21.559459686279297,1.7548807859420776,-3.7701828479766846
4,41053,-11.246238708496094,-7.59102201461792,1.0053058862686157,-9.381134986877441
4,41053,18.390274047851562,7.734742164611816,6.047153472900391,-12.990821838378906
4,41053,7.4633259773254395,4.290830135345459,-14.600651741027832,-9.095355987548828
4,41053,-34.052757263183594,-24.560659408569336,6.240670680999756,13.692180633544922
4,41053,1.9457002878189087,-7.341896057128906,1.5153123140335083,10.045561790466309
4,41053,16.60439682006836,22.084060668945312,-19.474441528320312,0.9122129678726196
4,41054,13.352412223815918,20.619396209716797,4.540830135345459,-8.939925193786621
4,41054,16.13786506652832,-16.58899688720703,-2.0780749320983887,0.9298149347305298
4,41054,-19.849611282348633,-22.94468116760254,10.258345603942871,21.99907875061035
4,41054,-16.110179901123047,9.346670150756836,18.921846389770508,-10.476134300231934
4,41054,16.897512435913086,8.219188690185547,-30.002771377563477,-13.441387176513672
4,41054,-8.38245677947998,4.468234062194824,0.7850301861763,16.857263565063477
4,41055,-16.522600173950195,20.65318489074707,18.952316284179688,-6.245879173278809
4,41055,21.067276000976562,10.58089828491211,-3.597569227218628,-22.071992874145508
4,41055,5.080683708190918,-27.742040634155273,8.912434577941895,12.670636177062988
4,41055,-10.297601699829102,-20.258743286132812,6.52408504486084,15.926253318786621
4,41055,2.1404223442077637,17.030385971069336,-4.788188934326172,-15.86886215209961
4,41055,2.7747857570648193,-3.991042375564575,-15.046854019165039,30.05889320373535
4,41056,-4.792165279388428,-2.749319314956665,8.20239543914795,13.109745979309082
4,41056,-1.3373583555221558,12.525718688964844,20.424789428710938,-51.01322555541992
4,41056,4.022643566131592,-8.330106735229492,-12.257637977600098,-4.1307525634765625
4,41056,8.557284355163574,-2.1106908321380615,-31.251644134521484,3.520551919937134
4,41056,-12.117674827575684,5.617306232452393,3.8897836208343506,-30.222862243652344
4,41056,-18.85407257080078,-2.6921887397766113,24.09127426147461,12.164962768554688
4,41057,21.33139991760254,10.658193588256836,-2.969848871231079,48.233036041259766
4,41057,17.096412658691406,24.527549743652344,-6.017128944396973,-15.81228256225586
4,41057,-6.256298542022705,-18.783491134643555,-1.6210702657699585,-28.22536277770996
4,41057,-26.98374366760254,-28.116811752319336,1.3483346700668335,39.41899108886719
4,41057,-13.961346626281738,23.11834144592285,5.123274326324463,17.80272102355957
4,41057,41.12273406982422,15.087813377380371,1.6310052871704102,-24.59971809387207
4,41058,15.274362564086914,-1.9288572072982788,-5.462723255157471,0.2092951238155365
4,41058,-38.26381301879883,-10.076040267944336,-10.763468742370605,-1.715262532234192
4,41058,0.9962336421012878,-31.292125701904297,5.066314220428467,-6.449100017547607
4,41058,14.654738426208496,12.754231452941895,9.790534019470215,16.282493591308594
4,41058,-13.089344024658203,13.260207176208496,-14.525106430053711,14.748417854309082
4,41058,10.329835891723633,-19.453937530517578,-0.9480612874031067,-17.50226402282715
4,41059,30.389986038208008,15.074690818786621,17.68309211730957,-21.27544593811035
4,41059,-25.429821014404297,1.0922777652740479,-10.140708923339844,5.418839931488037
4,41059,-29.054946899414062,-20.247276306152344,5.162746429443359,-20.595237731933594
4,41059,17.997167587280273,-14.95674991607666,10.260744094848633,10.855660438537598
4,41059,0.769123911857605,-1.9944757223129272,-15.08742618560791,53.045597076416016
4,41059,2.613107204437256,41.668243408203125,-3.6371538639068604,-17.165159225463867
4,41060,9.606382369995117,2.914433717727661,-2.929733991622925,-46.64780807495117
4,41060,-15.756266593933105,-35.37372589111328,9.316495895385742,19.497875213623047
4,41060,-7.674812316894531,18.187162399291992,7.113345146179199,21.553285598754883
4,41060,23.40458869934082,7.743016719818115,-18.0208683013916,-30.552915573120117
4,41060,-17.56031608581543,-14.130034446716309,-9.226913452148438,-1.1140562295913696
4,41060,-29.598133087158203,26.536964416503906,12.214469909667969,32.02017593383789
4,41061,36.86379623413086,11.453696250915527,5.688557147979736,-4.519549369812012
4,41061,34.85400390625,-19.799711227416992,0.6831026077270508,-18.160472869873047
4,41061,-20.624032974243164,-5.813265323638916,2.4232943058013916,5.924846172332764
4,41061,-31.070079803466797,5.614195823669434,-13.10997200012207,15.549873352050781
4,41061,7.296499729156494,-2.541954755783081,7.250476360321045,2.889878749847412
4,41061,19.917316436767578,-25.3647403717041,1.8126726150512695,-3.955512523651123
4,41062,1.6302043199539185,10.425065040588379,3.95225191116333,4.881699562072754
4,41062,4.449957847595215,27.376453399658203,7.324107646942139,-5.913634300231934
4,41062,-1.4527709484100342,-23.895109176635742,-11.643510818481445,-3.000802755355835
4,41063,-25.017940521240234,-4.451039791107178,15.060334205627441,-3.803542137145996
4,41063,4.107781887054443,37.15682601928711,-3.717085361480713,-14.01870346069336
4,41064,23.503734588623047,2.0350327491760254,-13.598283767700195,10.75146198272705
4,41064,-33.146610260009766,-31.052867889404297,2.994999885559082,2.6997594833374023
4,41064,-21.0113468170166,-8.606217384338379,-0.8788281083106995,-21.417980194091797
4,41064,35.91047286987305,14.1373872756958,12.225991249084473,15.074732780456543
4,41064,26.484968185424805,9.248030662536621,-15.071259498596191,6.601604461669922
4,41064,-11.097634315490723,-23.61709976196289,-23.03289794921875,-21.482070922851562
4,41066,-9.561555862426758,-0.28583037853240967,27.870100021362305,19.983333587646484
4,41069,7.398050308227539,22.114133834838867,24.426132202148438,-0.6305138468742371
4,41070,5.547381401062012,-10.080774307250977,-13.457860946655273,-29.600074768066406
4,41073,7.465505599975586,-17.953033447265625,-26.98862075805664,-0.7516726851463318
4,41074,-21.19687843322754,0.8005702495574951,10.189271926879883,0.7454433441162109
4,41077,-18.27945327758789,17.145429611206055,28.951129913330078,12.945396423339844
4,41078,20.839139938354492,-4.018967628479004,-18.898717880249023,0.4188936948776245
4,41333,9.95766830444336,7.827546119689941,-11.559371948242188,-1.3307740688323975
4,41335,-32.544395446777344,-0.7917807102203369,1.1296666860580444,37.091697692871094
4,41337,-7.584819793701172,-12.832755088806152,-10.211172103881836,-9.259074211120605
4,41339,52.667110443115234,15.282373428344727,17.631458282470703,-12.301505088806152
4,41341,-16.760927200317383,-1.4675325155258179,19.549888610839844,13.605128288269043
4,42156,-63.83528518676758,1.2491118907928467,-17.76549530029297,-17.625621795654297
4,42157,32.856082916259766,13.46728801727295,-4.583406925201416,-5.690658092498779
4,42157,45.426876068115234,0.6062899231910706,20.57522201538086,-0.15092092752456665
4,42157,-23.770994186401367,-31.171323776245117,-14.716948509216309,-4.184478759765625
4,42157,-17.863264083862305,-7.253657817840576,-9.117547035217285,27.352092742919922
4,42157,9.950846672058105,47.05141067504883,16.17768096923828,6.21065616607666
4,42157,9.172857284545898,-11.01632308959961,-2.5350778102874756,-36.566001892089844
4,42158,-3.1506950855255127,-30.964792251586914,-7.452549934387207,2.1078102588653564
4,42158,-1.361686110496521,5.68267822265625,7.627038478851318,21.79954719543457
4,42158,15.980037689208984,2.247457504272461,-8.032475471496582,-3.8446104526519775
4,42158,-10.242310523986816,1.5777106285095215,-11.854936599731445,-5.488003253936768
4,42158,-19.195327758789062,8.591582298278809,14.325037002563477,6.308990955352783
4,42158,19.063701629638672,25.600183486938477,-10.161773681640625,7.66104793548584
4,42159,13.685408592224121,-15.680514335632324,-12.756491661071777,-14.986991882324219
4,42159,-15.253105163574219,-32.71141815185547,16.156612396240234,-11.595674514770508
4,42159,-11.507970809936523,20.687774658203125,4.251569747924805,24.35256004333496
4,42159,8.461492538452148,10.41177749633789,3.4522705078125,10.333419799804688
4,42159,-7.499410629272461,-21.81897735595703,4.787499904632568,-6.6571946144104
4,42160,-10.212279319763184,8.255254745483398,-3.335047483444214,-9.893298149108887
4,42160,15.744230270385742,10.582380294799805,-3.041682004928589,-24.609546661376953
4,42160,-6.600752830505371,-21.5777645111084,-6.068988800048828,10.658985137939453
4,42160,0.7278091907501221,0.08574719727039337,-10.496379852294922,26.565155029296875
4,42160,24.96807098388672,20.291000366210938,-1.0866546630859375,-23.67618751525879
4,42160,-2.9036359786987305,9.208066940307617,9.10998249053955,-10.77960205078125
4,42161,-9.719962120056152,-8.780472755432129,5.106748580932617,20.17353630065918
4,42161,-4.8970112800598145,-7.867711544036865,-2.8117148876190186,-8.895788192749023
4,42161,-13.288542747497559,9.538087844848633,-8.793299674987793,-1.6546094417572021
4,42161,2.1763062477111816,-2.2956154346466064,2.7233710289001465,17.753246307373047
4,42161,13.583638191223145,7.071312427520752,1.8466352224349976,-4.108871936798096
4,42161,2.477648973464966,16.51287269592285,-3.7963309288024902,-22.29784393310547
4,42162,6.285153388977051,-28.137447357177734,0.5742245316505432,2.9149508476257324
4,42162,-3.7272512912750244,-15.258877754211426,4.480432033538818,26.439682006835938
4,42162,-12.579706192016602,14.313068389892578,14.29433536529541,14.022943496704102
4,42162,11.488723754882812,-2.5256025791168213,6.7208452224731445,-26.401288986206055
4,42162,14.064178466796875,-5.9455389976501465,-13.209389686584473,-30.65711212158203
4,42162,-19.968017578125,-10.84282112121582,1.1207631826400757,29.692392349243164
4,42163,-9.65795612335205,4.956939697265625,14.3074951171875,10.946924209594727
4,42163,29.547924041748047,11.483951568603516,-17.268795013427734,-24.943906784057617
4,42163,-6.002224445343018,-14.429455757141113,-4.232037544250488,11.421553611755371
4,42163,-13.08559513092041,-0.8598724603652954,24.532514572143555,7.429168701171875
4,42163,-2.3170738220214844,13.158451080322266,1.2555594444274902,1.5510047674179077
4,42163,-21.05845069885254,-4.854113578796387,-18.91084098815918,12.878312110900879
4,42164,5.676722526550293,11.289534568786621,-5.669086933135986,3.8489935398101807
4,42164,20.803951263427734,11.599651336669922,3.1892337799072266,-17.765762329101562
4,42164,5.059254169464111,-24.980514526367188,2.6496524810791016,3.7220842838287354
4,42164,-12.716182708740234,1.66632080078125,15.833242416381836,27.860301971435547
4,42164,1.702531337738037,45.45286178588867,-12.30636978149414,-22.371288299560547
4,42164,14.421439170837402,-6.036133289337158,-19.292707443237305,-21.726699829101562
4,42165,-4.817973613739014,-53.3097038269043,16.494840621948242,5.715661525726318
4,42165,-15.224761962890625,5.342207908630371,6.741803169250488,-6.422489166259766
4,42165,-0.36563748121261597,43.07145690917969,-10.98599910736084,-5.523685932159424
4,42165,3.935722827911377,-12.741663932800293,0.6501892805099487,-1.5206422805786133
4,42165,-4.808676719665527,-25.133922576904297,-6.048534393310547,8.419623374938965
4,42166,22.64122200012207,19.941551208496094,-15.508493423461914,5.55812406539917
4,42166,10.082508087158203,-12.045940399169922,26.90015983581543,-6.409692287445068
4,42166,-24.172842025756836,-3.4150547981262207,25.30316162109375,10.71553897857666
4,42166,9.30337142944336,33.231937408447266,-21.81065559387207,1.992427945137024
4,42166,1.7365671396255493,-41.03779602050781,-28.134672164916992,-5.144214153289795
4,42166,-23.579883575439453,-11.908164978027344,11.772923469543457,14.955326080322266
4,42167,12.985660552978516,62.933128356933594,33.38904571533203,-9.382824897766113
4,42167,25.49652862548828,-13.693544387817383,-2.305148124694824,-23.745481491088867
4,42167,1.4514027833938599,-37.91187286376953,-18.48727798461914,0.8467124700546265
4,42167,-15.995444297790527,17.91755485534668,-3.4024391174316406,22.5125675201416
4,42167,-11.384818077087402,-0.2330135852098465,16.150157928466797,0.290140837430954
4,42167,-8.336079597473145,-25.584049224853516,-11.605850219726562,-26.398365020751953
4,42168,-12.957389831542969,12.993066787719727,-10.563433647155762,11.320202827453613
4,42168,13.072915077209473,20.805648803710938,18.996257781982422,8.907451629638672
4,42168,10.659984588623047,-23.916078567504883,-16.811243057250977,-16.880300521850586
4,42168,-15.782176971435547,-1.714920997619629,-19.13662338256836,14.510539054870605
4,42168,4.625218868255615,39.25557327270508,19.917917251586914,13.049544334411621
4,42168,2.861006259918213,-7.784087181091309,21.021602630615234,-3.8728506565093994
4,42169,-6.923250198364258,-41.856422424316406,-29.733165740966797,-6.366240501403809
4,42169,15.954615592956543,-1.0126078128814697,-31.305130004882812,-16.198673248291016
4,42169,10.160215377807617,19.52632713317871,30.66082763671875,21.214502334594727
4,42170,-9.503478050231934,6.017246246337891,21.015548706054688,8.754496574401855
4,42170,-11.24353313446045,13.790205001831055,-4.0192718505859375,-31.83498191833496
4,42170,5.553238868713379,9.91966438293457,16.678653717041016,2.8846261501312256
4,42171,17.88892936706543,-14.383612632751465,-15.297430038452148,17.40287971496582
4,42171,-7.412346363067627,-22.491214752197266,-20.215234756469727,-0.10901647061109543
4,42171,-7.6215715408325195,-9.201136589050293,11.977493286132812,-17.971477508544922
4,42171,9.102312088012695,23.11029624938965,-3.1626009941101074,2.5991709232330322
4,42172,-18.24228286743164,20.02079200744629,10.330620765686035,33.22258377075195
4,42174,-2.801455020904541,-10.231000900268555,5.577843189239502,4.968201637268066
4,42176,24.242340087890625,-4.296680450439453,-4.410998821258545,-23.29146957397461
4,42178,-4.501539707183838,-3.5031256675720215,-0.3456084132194519,-16.561986923217773
4,42180,-26.371858596801758,12.865662574768066,-25.381772994995117,1.382519006729126
4,42182,6.530531883239746,15.726823806762695,-6.299863815307617,24.689674377441406
4,42184,26.12381935119629,-25.902952194213867,13.012397766113281,-5.109410285949707
4,42186,-17.456960678100586,-15.223848342895508,16.14527130126953,-12.948440551757812
4,42188,1.536020278930664,23.557451248168945,17.257596969604492,20.093509674072266
4,42190,6.356861591339111,11.701566696166992,-5.879369258880615,-1.608512043952942
4,42192,-17.491012573242188,-25.91811180114746,-16.155147552490234,-9.404203414916992
4,42194,-16.546449661254883,-18.01133918762207,-23.70087242126465,-13.202569961547852
4,42196,2.180237054824829,11.830888748168945,13.494022369384766,4.1963300704956055
4,42198,50.04291915893555,5.156527519226074,35.482662200927734,28.08319091796875
4,42201,10.148479461669922,-16.754638671875,-18.223840713500977,-9.931794166564941
4,42202,-26.62576675415039,6.025200366973877,-6.623385429382324,-21.393169403076172
4,42205,-11.700867652893066,5.870112895965576,-1.3712044954299927,10.806499481201172
4,42206,2.2212374210357666,-11.495654106140137,-9.885805130004883,-1.3355393409729004
4,42209,7.748408794403076,-1.2487465143203735,11.025553703308105,-10.619704246520996
4,42210,4.241133213043213,30.19431495666504,-7.581531524658203,1.5404822826385498
4,42213,6.997562885284424,20.462326049804688,7.867833137512207,-3.044379711151123
4,42214,5.1506733894348145,-24.083831787109375,15.721235275268555,9.534756660461426
4,42217,-17.668968200683594,3.536623477935791,-11.317037582397461,-5.424546241760254
4,42218,-34.51605987548828,-3.073357105255127,-3.378483533859253,6.689170837402344
4,42219,17.33403778076172,-10.678325653076172,19.067249298095703,22.161291122436523
4,42379,41.565277099609375,12.36661148071289,-11.113713264465332,-12.932188034057617
4,42379,-27.620603561401367,0.2847176194190979,-16.810110092163086,-6.071779251098633
4,42379,-25.638832092285156,-23.753732681274414,13.947388648986816,-1.0005158185958862
4,42379,25.361557006835938,-8.834847450256348,-12.776679992675781,-1.1022427082061768
4,42379,-0.12989257276058197,33.67034912109375,5.1414384841918945,13.770861625671387
4,42379,3.9405274391174316,1.2113126516342163,11.24702262878418,-0.4599517285823822
4,42380,13.30495548248291,-14.912139892578125,-5.065988540649414,-18.779998779296875
4,42380,-13.392971992492676,5.995249271392822,7.731337547302246,10.9931058883667
4,42380,-20.642850875854492,-10.977614402770996,-18.187654495239258,25.94244384765625
4,42380,-9.340039253234863,8.273439407348633,-4.372961044311523,-11.447906494140625
4,42380,26.74471664428711,24.03483009338379,8.410834312438965,-27.838056564331055
4,42380,24.82862663269043,-15.290571212768555,1.5914578437805176,3.257391929626465
4,42381,-17.22136116027832,-20.96485710144043,4.441927433013916,18.44584083557129
4,42381,-13.010869979858398,22.944883346557617,-18.937416076660156,-3.169574737548828
4,42381,5.505101203918457,1.088578462600708,-6.334373950958252,-14.341471672058105
4,42381,-7.7114667892456055,-31.88338851928711,19.42353057861328,5.335653781890869
4,42381,-4.6366705894470215,16.940717697143555,-7.286193370819092,5.021329402923584
4,42382,19.851173400878906,15.799576759338379,-25.888986587524414,-41.190696716308594
4,42382,4.469846725463867,-21.449901580810547,1.4699037075042725,-5.687584400177002
4,42382,-20.214738845825195,5.332645893096924,35.734107971191406,37.44463348388672
4,42382,-5.305976390838623,5.352663516998291,17.131071090698242,-9.239263534545898
4,42382,-0.8677306771278381,-16.981416702270508,-21.42478370666504,-13.43386459350586
4,42382,-9.887776374816895,17.003185272216797,-2.531156301498413,17.016159057617188
4,42383,6.383192539215088,7.678299427032471,12.590444564819336,22.18584632873535
4,42383,13.738734245300293,-13.40975284576416,14.0295991897583,-1.8623268604278564
4,42383,-1.9190043210983276,-6.159872055053711,-3.9646663665771484,-22.304975509643555
4,42383,6.424689292907715,-4.77013635635376,-26.289682388305664,11.185078620910645
4,42383,-3.4772329330444336,7.297933101654053,10.304468154907227,8.143613815307617
4,42383,-14.642733573913574,6.191706657409668,19.714731216430664,-5.947775840759277
4,42384,22.836271286010742,27.554027557373047,-5.9487504959106445,-4.545815467834473
4,42384,11.178746223449707,-11.595996856689453,-17.760019302368164,-17.683958053588867
4,42384,1.209259271621704,-28.299604415893555,-13.830799102783203,12.908099174499512
4,42384,-0.6326216459274292,33.37852478027344,15.018503189086914,20.70915412902832
4,42384,-25.797517776489258,1.8653541803359985,10.494860649108887,-5.051817893981934
4,42384,5.266505241394043,-23.755598068237305,-17.499286651611328,-12.126994132995605
4,42385,10.851814270019531,-4.756019115447998,0.32250890135765076,8.600293159484863
4,42385,-2.7904915809631348,6.121207237243652,19.159149169921875,10.69342041015625
4,42385,18.09210777282715,6.5938944816589355,5.771818161010742,-6.8170013427734375
4,42385,3.3599298000335693,-8.123489379882812,-5.8857502937316895,-3.4495482444763184
4,42385,-30.15184211730957,19.213703155517578,-5.67425012588501,4.397809028625488
4,42386,-13.556378364562988,-1.1222114562988281,-5.047010898590088,10.24836540222168
4,42386,23.239990234375,-23.91008186340332,-2.0382397174835205,-9.594988822937012
4,42386,7.729262828826904,13.388633728027344,9.699614524841309,-9.643692016601562
4,42386,-11.438612937927246,-11.892085075378418,-3.4050376415252686,8.260846138000488
4,42386,-4.512794494628906,0.7899520993232727,-4.57493257522583,-1.7121495008468628
4,42386,-3.9633212089538574,39.834007263183594,7.974548816680908,-4.24579381942749
4,42387,17.613698959350586,-3.0539324283599854,-14.381645202636719,-16.40155601501465
4,42387,-3.742811918258667,-40.13404846191406,-9.756322860717773,8.615631103515625
4,42387,-20.07736587524414,-6.520384788513184,18.587493896484375,26.825458526611328
4,42387,18.29893684387207,27.115324020385742,1.9889729022979736,-31.92561912536621
4,42387,-13.9497709274292,4.908702373504639,-13.687691688537598,-6.298498630523682
4,42387,-12.933858871459961,-2.554320812225342,0.8138684630393982,8.990470886230469
4,42388,40.26944351196289,-14.687315940856934,-5.538321495056152,-16.371946334838867
4,42388,-6.052091121673584,-17.446226119995117,7.441277027130127,42.48855209350586
4,42388,-26.290082931518555,22.918712615966797,22.228147506713867,-2.4856841564178467
4,42388,22.44371223449707,8.74405288696289,-1.4459583759307861,-48.933284759521484
4,42388,2.6942951679229736,-24.6992244720459,-2.751168727874756,23.009952545166016
4,42388,-21.99482536315918,0.4567375183105469,6.119409084320068,20.052507400512695
4,42389,15.472702026367188,18.154396057128906,-3.2811834812164307,-8.243946075439453
4,42389,14.436469078063965,4.44395112991333,-8.619575500488281,7.717315673828125
4,42389,-9.794143676757812,2.801039695739746,2.751718282699585,9.913620948791504
4,42389,2.5791003704071045,0.432030588388443,5.630450248718262,-10.8724365234375
4,42389,9.589910507202148,-14.715232849121094,-15.567461967468262,-8.143345832824707
4,42389,-25.676416397094727,-5.922236919403076,-16.13261604309082,-3.48710036277771
4,42390,-11.951190948486328,14.906110763549805,8.782959938049316,-14.583311080932617
4,42390,36.49443054199219,8.461066246032715,8.889617919921875,3.2881832122802734
4,42390,-32.5640869140625,-10.901280403137207,-2.7734487056732178,14.783515930175781
4,42390,-24.73281478881836,0.08889757841825485,-11.794301986694336,15.445502281188965
4,42390,57.796817779541016,-1.2653863430023193,-8.00992488861084,-1.3028720617294312
4,42390,-19.22364616394043,-29.929819107055664,11.85273265838623,7.834660053253174
4,42391,-35.026363372802734,-5.611666202545166,17.524232864379883,0.26190185546875
4,42391,41.63275146484375,21.645872116088867,8.973189353942871,-31.717493057250977
4,42391,8.511536598205566,16.52773666381836,-19.35544204711914,-12.445378303527832
4,42391,-21.818832397460938,-20.06136131286621,-31.061994552612305,10.6854829788208
4,42391,-11.297270774841309,-15.500569343566895,7.788895606994629,23.762781143188477
4,42391,3.3765971660614014,27.09902000427246,30.777196884155273,-7.48667049407959
4,42392,26.460891723632812,3.8733251094818115,0.8532812595367432,-5.251918792724609
4,42392,-16.688968658447266,17.142776489257812,-13.02963924407959,-5.582913875579834
4,42392,-25.009321212768555,-11.561230659484863,-11.607121467590332,-44.95657730102539
4,42393,18.689786911010742,-47.9507942199707,13.875577926635742,14.736597061157227
4,42393,6.204251766204834,27.439809799194336,20.107158660888672,33.07074737548828
4,42394,-2.873135566711426,31.609111785888672,-23.011911392211914,-2.60268235206604
4,42394,-15.947675704956055,-6.932584762573242,13.028346061706543,14.480768203735352
4,42394,10.028168678283691,-9.008317947387695,31.518442153930664,-6.1354780197143555
4,42394,44.688594818115234,-0.022802889347076416,-6.1673784255981445,0.6381460428237915
4,42394,-11.108132362365723,18.68438720703125,-6.117782115936279,15.867399215698242
4,42396,-26.265960693359375,-16.50728988647461,-18.25170135498047,-20.56681251525879
4,42396,0.4596567749977112,-32.448387145996094,-16.723371505737305,-7.131774425506592
4,42398,-9.277480125427246,22.41856575012207,18.73096466064453,14.421501159667969
4,42400,23.418437957763672,29.69257164001465,15.770537376403809,-5.758486747741699
4,42402,26.67790985107422,-9.883231163024902,-16.803686141967773,-12.774454116821289
4,42404,-4.9906158447265625,-19.72272300720215,-29.976215362548828,-5.603283882141113
4,42406,-61.921913146972656,-11.280512809753418,-37.78685760498047,-4.510750770568848
4,42408,-82.6220932006836,-48.55888366699219,-4.880177021026611,-17.050844192504883
4,42410,91.67318725585938,10.735686302185059,77.29967498779297,31.78590202331543
4,42412,110.19352722167969,88.48297882080078,55.1615104675293,52.02671432495117
4,42414,-40.347267150878906,-4.56126594543457,-47.160736083984375,-38.819580078125
4,42416,-47.93878173828125,-45.20996856689453,-39.14606475830078,-13.97685718536377
4,42418,-32.296810150146484,-7.628218173980713,0.7424930930137634,25.59402084350586
4,42420,-5.242626667022705,16.449485778808594,1.8320189714431763,0.5427687764167786
4,42422,52.3602409362793,17.826194763183594,32.643310546875,0.28636783361434937
4,42424,15.615296363830566,6.637599468231201,25.015907287597656,-15.039690017700195
4,42426,-25.392093658447266,1.4047069549560547,-18.46770668029785,-10.069046020507812
4,42428,14.163773536682129,22.410659790039062,-22.301809310913086,3.8721742630004883
4,42430,-6.657314777374268,1.7202999591827393,-27.209081649780273,35.331241607666016
4,42432,-23.268678665161133,-55.683834075927734,-15.972728729248047,-26.08451271057129
4,42434,16.8998966217041,-2.320293426513672,52.753822326660156,-50.89630126953125
4,42436,-5.634544372558594,17.640993118286133,16.09746742248535,42.537662506103516
4,42438,-27.47104263305664,-6.701943874359131,-38.679420471191406,21.333101272583008
4,42440,13.258740425109863,-0.5021268129348755,4.2237091064453125,-19.174022674560547
4,42607,13.066893577575684,-18.72081184387207,8.730951309204102,-8.144073486328125
4,42607,-27.38838005065918,-7.846702575683594,14.379426002502441,19.82108497619629
4,42607,10.586556434631348,18.870738983154297,2.3168678283691406,-2.9237430095672607
4,42608,28.223405838012695,3.67559552192688,-28.41683006286621,-25.783803939819336
4,42608,-8.991848945617676,-6.66738224029541,-8.300585746765137,21.103721618652344
4,42608,-18.128780364990234,-0.6661816239356995,21.594690322875977,4.654043674468994
4,42608,0.773414671421051,20.084640502929688,9.16973876953125,-14.269523620605469
4,42608,24.180131912231445,18.330188751220703,-6.831705570220947,-0.30902430415153503
4,42608,0.09487983584403992,-19.510480880737305,1.9792660474777222,-9.012177467346191
4,42609,-12.772688865661621,-1.2374252080917358,3.7026937007904053,8.23835563659668
4,42609,14.910623550415039,14.249274253845215,-6.200386047363281,15.165302276611328
4,42609,8.405106544494629,-5.5153632164001465,-9.89441967010498,-4.036530017852783
4,42609,-15.748977661132812,-32.748111724853516,-0.3378716707229614,-1.7169948816299438
4,42609,-2.7143654823303223,0.1373857855796814,1.9879553318023682,5.344141483306885
4,42609,7.787782669067383,25.711956024169922,11.764248847961426,-1.1279958486557007
4,42610,-8.165155410766602,-25.126916885375977,-0.28205108642578125,-0.25333383679389954
4,42610,-9.381556510925293,8.825525283813477,-13.181994438171387,-7.263790130615234
4,42610,16.39068603515625,24.735212326049805,6.469857215881348,-2.24250864982605
4,42610,-5.592342376708984,-20.45340919494629,-2.455672025680542,32.30744934082031
4,42610,-15.371091842651367,6.403682231903076,3.426229953765869,-5.171072483062744
4,42611,22.401487350463867,16.608352661132812,5.641642093658447,-34.97069549560547
4,42611,-6.913496017456055,-3.515099048614502,-4.339931964874268,-4.060182571411133
4,42611,-19.335851669311523,19.726879119873047,11.877385139465332,15.96999454498291
4,42611,9.887273788452148,17.973379135131836,-7.388697624206543,6.914035320281982
4,42611,2.3428902626037598,-7.341742038726807,-4.728777885437012,-20.805253982543945
4,42611,-20.29128646850586,-3.2979955673217773,11.512479782104492,-14.706154823303223
4,42612,-5.778853416442871,-11.843270301818848,-8.449179649353027,7.502285957336426
4,42612,28.24415397644043,-9.345123291015625,-10.464667320251465,29.29022789001465
4,42612,18.00515365600586,15.69967269897461,3.6934142112731934,5.197056293487549
4,42612,-1.953603982925415,10.157003402709961,15.505091667175293,-23.199539184570312
4,42612,8.557808876037598,-17.024978637695312,-8.95746898651123,-10.553865432739258
4,42612,-2.40279483795166,-42.79374694824219,-20.360347747802734,6.27256965637207
4,42613,-30.425312042236328,-37.89091491699219,20.73682975769043,12.240486145019531
4,42613,-7.605785369873047,12.79949951171875,17.645553588867188,-5.581730365753174
4,42613,27.286956787109375,23.116296768188477,-13.318070411682129,1.893489122390747
4,42613,6.8640594482421875,-18.629919052124023,-26.00047492980957,0.7635138034820557
4,42613,-9.58465576171875,-9.622702598571777,-19.469364166259766,-4.407747268676758
4,42613,-7.836639404296875,-0.001726493239402771,-4.47989559173584,6.179476737976074
4,42614,-23.25057029724121,-0.18967722356319427,15.274674415588379,1.8803308010101318
4,42614,9.358006477355957,13.439096450805664,22.118946075439453,11.115829467773438
4,42614,40.22068405151367,20.372196197509766,-0.49181050062179565,-4.031322002410889
4,42614,-14.49432373046875,11.405966758728027,3.557995080947876,-18.407917022705078
4,42614,-30.060583114624023,-19.812013626098633,3.6500160694122314,2.550543785095215
4,42614,26.7407169342041,15.226240158081055,9.151115417480469,-3.636326313018799
4,42615,16.98487091064453,17.174531936645508,2.8763253688812256,-8.381214141845703
4,42615,-17.74001121520996,-10.564845085144043,-16.549346923828125,23.882274627685547
4,42615,-8.87822151184082,-3.264700174331665,15.07681941986084,21.97198486328125
4,42615,0.8430332541465759,-10.58826732635498,4.781838893890381,2.2188029289245605
4,42615,-8.850340843200684,23.84252166748047,-15.220686912536621,-14.783000946044922
4,42615,-0.2728411853313446,6.569091320037842,4.844203472137451,-24.84577751159668
4,42616,14.574892044067383,-25.37049102783203,10.671006202697754,24.205589294433594
4,42616,-10.096508026123047,13.476813316345215,7.186107158660889,24.766740798950195
4,42616,10.762349128723145,15.93619155883789,-24.871700286865234,-47.491085052490234
4,42616,15.251066207885742,-6.111003398895264,-29.54854393005371,-2.5424094200134277
4,42616,-25.318239212036133,3.6978466510772705,9.950780868530273,41.90774154663086
4,42616,11.886968612670898,1.1488007307052612,22.854421615600586,-38.61334228515625
4,42617,21.09364128112793,-15.557113647460938,7.959251880645752,-23.45171356201172
4,42617,-24.813520431518555,-14.736698150634766,-19.748607635498047,25.3900089263916
4,42617,-2.8585171699523926,7.646204948425293,-9.741458892822266,-5.80722188949585
4,42617,13.894169807434082,4.652579307556152,15.482657432556152,-18.263898849487305
4,42617,-18.75191307067871,-5.058432579040527,-5.870102405548096,3.5150113105773926
4,42617,-18.502960205078125,7.953149795532227,-8.151890754699707,11.984691619873047
4,42618,-2.669119119644165,-13.81551742553711,3.559433698654175,8.133440971374512
4,42618,-6.895590305328369,-10.044979095458984,6.981147289276123,17.381528854370117
4,42618,11.352579116821289,20.572248458862305,11.12802791595459,7.250853061676025
4,42618,17.087453842163086,17.898181915283203,-6.777829170227051,-19.709489822387695
4,42618,-9.838991165161133,-12.274459838867188,-4.133608341217041,-9.543780326843262
4,42619,-9.050529479980469,-12.912464141845703,14.928194046020508,7.1193461418151855
4,42619,5.867804527282715,8.987401962280273,10.708696365356445,-3.687711477279663
4,42619,27.544565200805664,12.975322723388672,-6.220644950866699,5.319004058837891
4,42619,20.196622848510742,-11.61691665649414,-21.053295135498047,14.365605354309082
4,42619,-5.258180141448975,-16.109106063842773,-5.586307048797607,3.192488431930542
4,42619,-31.84345817565918,8.528558731079102,9.783185005187988,-0.1807910054922104
4,42620,-23.81340789794922,1.5696481466293335,-9.184961318969727,2.878425121307373
4,42620,36.65278244018555,9.533226013183594,8.370573997497559,-8.608256340026855
4,42620,14.361907958984375,-13.303750991821289,8.812347412109375,-9.268505096435547
4,42620,-24.487350463867188,-2.8133254051208496,-11.664918899536133,-10.460970878601074
4,42620,-3.5434694290161133,20.98491096496582,-11.311190605163574,-8.989412307739258
4,42620,1.053726077079773,-25.494808197021484,7.191544532775879,26.63510513305664
4,42621,15.18445110321045,2.3043031692504883,33.4531135559082,6.523536682128906
4,42621,29.88078498840332,30.547943115234375,-17.54999542236328,-25.83601188659668
4,42621,-15.382550239562988,-2.034637928009033,-8.417708396911621,-9.100777626037598
4,42621,-14.354866027832031,-0.745708167552948,39.80959701538086,8.156383514404297
4,42622,34.858646392822266,15.592656135559082,21.836101531982422,27.713584899902344
4,42623,-8.281500816345215,1.6932907104492188,-6.469329357147217,0.01663096435368061
4,42623,-39.2714729309082,-24.14763069152832,-47.20075607299805,-7.711374759674072
4,42623,-0.17306256294250488,-22.07012367248535,-8.545122146606445,19.042631149291992
4,42623,1.463154911994934,9.7593994140625,27.90219497680664,-1.8404386043548584
4,42623,-5.110724925994873,22.17174530029297,-20.06963539123535,2.415403366088867
4,42623,7.129430770874023,-12.37866497039795,-16.104225158691406,4.065312385559082
4,42624,0.23135434091091156,-13.859908103942871,5.30391788482666,-18.48517417907715
4,42625,-6.670127868652344,-7.776740074157715,-15.688203811645508,-30.740022659301758
4,42626,-16.930925369262695,-20.340246200561523,-14.25541877746582,8.765218734741211
4,42627,-2.8057215213775635,18.57818603515625,30.5595703125,50.52195358276367
4,42630,21.04602813720703,5.344545841217041,7.973826885223389,-11.73379135131836
4,42632,13.453832626342773,-11.291661262512207,-42.406375885009766,-42.87580871582031
4,42634,-5.804243087768555,18.71580696105957,18.552200317382812,-2.0950326919555664
4,42636,9.032878875732422,11.249775886535645,22.771127700805664,7.620255470275879
4,42638,-16.0267276763916,-15.472695350646973,-27.092967987060547,-12.985562324523926
4,42640,-47.86648941040039,-24.95085906982422,29.755104064941406,9.430540084838867
4,42642,28.13422966003418,24.993213653564453,39.44675827026367,33.966434478759766
4,42644,60.16109085083008,37.386539459228516,-32.42805862426758,-18.993000030517578
4,42646,-10.625718116760254,0.29304155707359314,-20.281137466430664,-23.385848999023438
4,42648,-53.482975006103516,-20.584699630737305,2.7281649112701416,35.60100555419922
4,42650,33.52471160888672,-17.825056076049805,-0.03282253071665764,-7.921988010406494
4,42652,26.003971099853516,-4.025390148162842,18.548540115356445,-41.910926818847656
4,42654,-34.68411636352539,-8.005964279174805,-0.13147272169589996,26.80862808227539
4,42656,-1.6227121353149414,11.460844993591309,-15.885740280151367,3.436770439147949
4,42658,5.922914505004883,13.723824501037598,1.827010989189148,6.768717288970947
4,42660,11.179010391235352,-15.430866241455078,17.260927200317383,52.56242370605469
4,42662,5.28775691986084,0.6811153888702393,8.327733993530273,-31.790008544921875
4,42664,1.8735603094100952,0.4503847658634186,-24.40018081665039,-43.61262512207031
4,42667,-31.983642578125,-6.627705097198486,-27.37464141845703,16.344886779785156
4,42668,-16.921119689941406,17.935226440429688,34.06340026855469,7.2130937576293945
4,42671,29.8947811126709,5.827873706817627,22.041351318359375,-12.405366897583008
4,42672,-4.13385534286499,-6.269737720489502,-27.079051971435547,-15.415688514709473
4,42848,7.752618312835693,2.034528970718384,4.549302577972412,19.050399780273438
4,42848,29.02950668334961,23.748567581176758,4.299946308135986,21.15887451171875
4,42848,-16.24791717529297,2.686607599258423,-13.508529663085938,-29.562944412231445
4,42848,-20.939970016479492,-26.925554275512695,-4.6741251945495605,-10.184508323669434
4,42848,-0.11431970447301865,-6.931552410125732,-0.6290186643600464,22.9368839263916
4,42849,-13.68139934539795,-8.002553939819336,9.011106491088867,3.345785140991211
4,42849,2.5661025047302246,10.799873352050781,-0.6247126460075378,-3.286144256591797
4,42849,21.19084358215332,18.151901245117188,-0.8791680335998535,23.524234771728516
4,42849,1.9102967977523804,-13.30880069732666,15.4058837890625,7.025882244110107
4,42849,-10.335612297058105,-7.691566467285156,-1.99254310131073,-23.856037139892578
4,42849,-1.6590332984924316,5.1981401443481445,-10.277860641479492,-22.825969696044922
4,42850,-1.3888307809829712,-11.626288414001465,-16.358930587768555,-6.246503829956055
4,42850,-11.72049617767334,-12.614821434020996,-2.370365858078003,21.284616470336914
4,42850,17.223159790039062,13.316494941711426,8.84162712097168,7.649444103240967
4,42850,-3.734564781188965,11.182097434997559,0.6837437748908997,-6.795055866241455
4,42850,-28.7567195892334,-3.5854194164276123,2.4059746265411377,-18.104061126708984
4,42851,21.090707778930664,7.121212482452393,5.475522994995117,4.6514081954956055
4,42851,30.56068992614746,8.159366607666016,12.991931915283203,29.404359817504883
4,42851,-1.6739119291305542,-6.745859146118164,-10.219459533691406,-11.547988891601562
4,42851,-23.80762481689453,-3.8900907039642334,-4.062497138977051,0.13018104434013367
4,42851,16.362159729003906,1.5907633304595947,11.607563018798828,15.556361198425293
4,42851,15.035167694091797,8.379469871520996,-11.77158260345459,-2.559354782104492
4,42852,-28.571395874023438,-8.541946411132812,-5.751330375671387,-4.1029510498046875
4,42852,9.025270462036133,-11.726766586303711,21.20700454711914,-8.544127464294434
4,42852,14.455607414245605,13.070974349975586,-2.3356363773345947,-1.9368724822998047
4,42852,-19.44746971130371,-17.71269416809082,-20.744281768798828,12.722756385803223
4,42852,1.33851957321167,-18.47547149658203,-2.7433502674102783,5.263974189758301
4,42852,19.953014373779297,18.519287109375,-15.042469024658203,-30.303571701049805
4,42853,-14.530797958374023,1.7626183032989502,4.986078262329102,-1.3283835649490356
4,42853,-20.161815643310547,-5.882073402404785,36.809898376464844,35.817413330078125
4,42853,12.80567741394043,10.573454856872559,-1.0464837551116943,-5.721960544586182
4,42853,13.39614486694336,-3.634856939315796,-18.75432777404785,-13.497953414916992
4,42853,-13.299351692199707,-1.7034695148468018,6.028403282165527,-7.53569221496582
4,42853,-3.586758852005005,9.783670425415039,3.175637722015381,-20.522998809814453
4,42854,14.083239555358887,2.2567925453186035,-2.7985999584198,10.382711410522461
4,42854,-17.698944091796875,6.539888858795166,2.765537977218628,10.928818702697754
4,42854,-5.044713497161865,-9.757842063903809,-2.352349042892456,7.92985200881958
4,42854,12.972905158996582,0.351458877325058,-6.572704315185547,9.643803596496582
4,42854,-7.593870162963867,24.620304107666016,1.151923656463623,-9.910268783569336
4,42854,-0.432028204202652,-6.20058012008667,-0.33677539229393005,-3.753140926361084
4,42855,15.684088706970215,-14.72382926940918,-14.289855003356934,-9.107891082763672
4,42855,-5.269618988037109,-3.5894291400909424,11.423192024230957,-3.4433929920196533
4,42855,-9.097579956054688,2.483598470687866,10.346839904785156,6.767034530639648
4,42855,39.157676696777344,4.698514461517334,-9.228732109069824,5.0311455726623535
4,42855,-7.989174842834473,-4.657592296600342,12.437894821166992,9.897480964660645
4,42856,-51.311561584472656,2.2974839210510254,-0.35530173778533936,22.00716209411621
4,42856,11.090845108032227,6.077795505523682,-2.7797093391418457,-7.68236780166626
4,42856,35.758941650390625,-5.7218852043151855,2.509455919265747,-55.452552795410156
4,42856,-3.3705594539642334,-14.869379043579102,-12.641944885253906,1.0416834354400635
4,42856,-31.274213790893555,-3.214005708694458,-10.774892807006836,33.42068099975586
4,42856,-9.990403175354004,0.22651219367980957,19.711225509643555,-11.486000061035156
4,42856,14.685230255126953,8.048240661621094,15.13990592956543,1.887589931488037
4,42857,17.193675994873047,11.34461784362793,-22.639110565185547,7.434917449951172
4,42857,14.749964714050293,-4.472043037414551,3.134539842605591,-13.735819816589355
4,42857,-7.206393241882324,4.049295425415039,7.694507122039795,-1.791884422302246
4,42857,-22.26939582824707,4.737029075622559,-9.905250549316406,11.693928718566895
4,42857,9.794838905334473,12.72651481628418,11.022942543029785,0.4989924132823944
4,42857,15.656651496887207,-6.393380165100098,2.064439058303833,-13.957779884338379
4,42858,-2.0112035274505615,-30.693965911865234,3.490170478820801,24.546682357788086
4,42858,-10.42110824584961,-4.430874824523926,10.227928161621094,19.087623596191406
4,42858,-8.026426315307617,13.393975257873535,-23.163631439208984,-24.785884857177734
4,42858,-17.679780960083008,11.582185745239258,-9.388078689575195,7.700099945068359
4,42858,-8.141225814819336,8.536067008972168,21.082561492919922,-4.5188679695129395
4,42859,33.350807189941406,-1.3967379331588745,-1.3798251152038574,-18.002830505371094
4,42859,10.755585670471191,-22.087356567382812,-36.76704406738281,14.363972663879395
4,42859,-19.937129974365234,-9.165602684020996,-0.8966318964958191,16.069040298461914
4,42859,2.0694241523742676,19.113140106201172,35.7077522277832,1.108762264251709
4,42859,12.518488883972168,16.143285751342773,-8.830890655517578,-28.880117416381836
4,42859,-14.348987579345703,2.1892855167388916,-19.6414794921875,-14.830805778503418
4,42860,-9.949360847473145,-21.180679321289062,13.796769142150879,27.615737915039062
4,42860,12.782670974731445,-18.556745529174805,32.45555877685547,31.502059936523438
4,42860,3.923863649368286,26.536500930786133,5.267571449279785,-13.887252807617188
4,42860,-10.858713150024414,3.247904062271118,-35.432579040527344,-38.77706527709961
4,42860,-0.6685563921928406,-17.41086769104004,-11.518045425415039,4.115522384643555
4,42860,1.7580522298812866,3.069812297821045,31.02595329284668,17.62725067138672
4,42861,3.597334384918213,0.5120218992233276,-1.9358110427856445,1.2042112350463867
4,42861,9.75181770324707,4.219183444976807,-29.674631118774414,-7.1972832679748535
4,42861,-9.489950180053711,-0.037339258939027786,11.985873222351074,-8.427672386169434
4,42861,-10.618346214294434,-2.4656291007995605,19.458005905151367,11.499173164367676
4,42861,6.737735748291016,2.344844102859497,-12.891579627990723,14.764078140258789
4,42861,8.074515342712402,16.672218322753906,-4.77177619934082,-12.309409141540527
4,42862,1.442254662513733,5.016977787017822,5.611474514007568,-13.71326732635498
4,42862,10.741830825805664,-11.606213569641113,-21.63823699951172,13.282238006591797
4,42862,-8.837846755981445,-19.91842269897461,9.449959754943848,-7.3254594802856445
4,42862,-15.034070014953613,-13.670546531677246,32.088741302490234,-4.457374095916748
4,42862,8.734818458557129,18.11285972595215,-8.435683250427246,18.537418365478516
4,42862,9.017593383789062,3.9460854530334473,-21.808229446411133,-27.985401153564453
4,42863,6.076321125030518,1.5600355863571167,-12.208970069885254,-10.348960876464844
4,42864,-10.463215827941895,14.247076034545898,15.332521438598633,43.81943130493164
4,42864,-5.48013162612915,-2.1438255310058594,24.62864875793457,1.177261471748352
4,42864,11.901666641235352,-8.821039199829102,-12.837285995483398,-18.571439743041992
4,42864,3.9186277389526367,-26.080982208251953,-17.05698013305664,15.067968368530273
4,42865,-6.386186122894287,-11.004152297973633,22.483108520507812,-3.0828959941864014
4,42865,3.3092150688171387,30.478923797607422,2.9721667766571045,-14.950456619262695
4,42865,-2.4030256271362305,12.19633674621582,-30.661895751953125,13.783833503723145
4,42865,-17.776491165161133,-10.408088684082031,14.57988166809082,20.590499877929688
4,42866,-11.078737258911133,12.364140510559082,20.650651931762695,-15.533319473266602
4,42868,3.2564637660980225,2.244810104370117,-24.38631248474121,-37.121944427490234
4,42870,23.102195739746094,-23.201534271240234,-5.197548866271973,0.09323633462190628
4,42872,2.770359754562378,-0.23136097192764282,14.127256393432617,40.59174346923828
4,42874,2.4537670612335205,16.320283889770508,-3.6066486835479736,4.04574728012085
4,42876,-7.636329174041748,3.8007378578186035,-7.756800651550293,-39.06645584106445
4,42878,-22.305234909057617,-9.875189781188965,1.9042917490005493,1.0869348049163818
4,42880,21.55919647216797,4.778486728668213,14.94991397857666,12.493745803833008
4,42882,2.8637919425964355,27.34508514404297,-7.978641510009766,-10.895983695983887
4,42884,-18.923091888427734,-3.180260181427002,-15.491292953491211,11.799479484558105
4,42886,28.15561294555664,-40.31482696533203,27.401235580444336,27.610464096069336
4,42888,13.024489402770996,-13.480952262878418,-2.3771793842315674,-8.538146018981934
4,42890,-23.846162796020508,9.004690170288086,-31.18138313293457,-33.564632415771484
4,42892,-6.672207832336426,15.249337196350098,18.568981170654297,-15.179508209228516
4,42894,-11.141850471496582,-4.379397392272949,0.8919331431388855,11.652085304260254
4,42896,1.8667802810668945,-26.524316787719727,-23.40241050720215,47.41423416137695
4,42898,16.991939544677734,24.022968292236328,12.71074390411377,24.34324073791504
4,42900,-3.4531137943267822,38.86741256713867,10.793952941894531,-39.62752151489258
4,42902,-9.71527099609375,-19.256874084472656,5.888948440551758,-12.001599311828613
4,42904,5.767776012420654,-31.36870002746582,-11.657431602478027,11.260467529296875
4,42906,6.532297134399414,17.4730224609375,-4.025619983673096,-7.266007900238037
4,42908,14.298677444458008,6.458261013031006,43.87470245361328,5.125538349151611
4,42911,2.376023054122925,-17.29753875732422,-1.8654863834381104,-5.408838272094727
4,42912,-22.742061614990234,18.00257110595703,-42.29708480834961,-12.227927207946777
4,42915,-0.1435675173997879,2.884519577026367,-11.651789665222168,2.871680498123169
4,42916,13.047739028930664,-5.948909759521484,11.623822212219238,-12.783927917480469
4,43100,-2.821665048599243,24.56950569152832,24.82503318786621,20.417465209960938
4,43100,-8.108105659484863,-5.367721080780029,-0.23004400730133057,38.689430236816406
4,43100,14.542617797851562,-23.88970947265625,-2.6032681465148926,-27.552852630615234
4,43100,-6.946497917175293,-12.633766174316406,3.155282735824585,-27.29178237915039
4,43101,-24.95595359802246,-5.243459224700928,-29.685935974121094,4.80446195602417
4,43101,7.172762393951416,11.474441528320312,-2.609142541885376,14.01634693145752
4,43101,12.137585639953613,10.457812309265137,16.98771858215332,-3.1471240520477295
4,43101,-10.514898300170898,10.039202690124512,-23.941652297973633,-26.000288009643555
4,43101,-8.548803329467773,-6.812820911407471,4.525243282318115,16.906475067138672
4,43101,16.690282821655273,-10.902710914611816,37.00078201293945,21.663698196411133
4,43102,6.698520183563232,18.954124450683594,-19.261777877807617,-13.121166229248047
4,43102,-6.507699489593506,-0.6894352436065674,-13.992286682128906,-28.4234619140625
4,43102,-2.1559500694274902,-43.18943786621094,-0.027239177376031876,-9.507451057434082
4,43102,-11.353836059570312,1.141930103302002,6.8961663246154785,61.18382263183594
4,43102,-3.9006197452545166,55.38296127319336,42.67247772216797,36.208457946777344
4,43103,13.15661907196045,2.019918441772461,-16.78596305847168,-45.58551025390625
4,43103,20.57292366027832,-35.26514434814453,-33.60594177246094,-38.87995529174805
4,43103,-8.934317588806152,-22.14528465270996,20.49578094482422,14.984734535217285
4,43103,-28.990758895874023,11.524710655212402,5.57259464263916,33.58821487426758
4,43103,11.848956108093262,19.85091781616211,-15.967843055725098,-18.174633026123047
4,43103,25.03949546813965,-8.49416446685791,3.1933910846710205,-22.1234130859375
4,43104,-10.104676246643066,6.569248676300049,-9.110292434692383,12.400062561035156
4,43104,-21.78738784790039,1.9417740106582642,-8.72675609588623,-9.992904663085938
4,43104,13.19162654876709,0.43939587473869324,29.758691787719727,-14.663403511047363
4,43104,36.20069122314453,15.132440567016602,2.8290584087371826,16.514036178588867
4,43104,4.761133670806885,-1.7583075761795044,-31.681676864624023,22.235200881958008
4,43104,-33.70808792114258,-0.038975805044174194,19.18864631652832,9.50446891784668
4,43105,-10.74524211883545,-1.2391773462295532,18.41966438293457,2.3099865913391113
4,43105,10.523442268371582,-11.092875480651855,-5.813917636871338,-12.56617259979248
4,43105,11.857868194580078,9.210609436035156,20.138412475585938,-12.866665840148926
4,43105,4.938695430755615,-8.52165699005127,-17.332712173461914,9.234145164489746
4,43105,-16.481163024902344,-19.656652450561523,-24.08301544189453,-11.424924850463867
4,43106,7.106874942779541,16.946542739868164,0.9457892775535583,-3.689419746398926
4,43106,-4.919783115386963,0.7090073823928833,2.8566205501556396,45.52983856201172
4,43106,-31.176837921142578,-1.526492953300476,18.83632469177246,-27.279056549072266
4,43106,19.90155029296875,2.4592983722686768,-3.1743757724761963,-39.051700592041016
4,43106,10.17705249786377,-11.948174476623535,-27.240131378173828,39.05128479003906
4,43106,-20.578184127807617,13.042786598205566,0.4368266761302948,4.608112335205078
4,43106,20.37968635559082,6.004239559173584,12.511554718017578,-25.58284568786621
4,43107,-8.414706230163574,-12.852575302124023,5.007033348083496,4.619330406188965
4,43107,-9.973525047302246,8.268636703491211,3.6976449489593506,-9.363425254821777
4,43107,25.500913619995117,7.152654647827148,-19.294946670532227,-15.5037841796875
4,43107,-33.13544464111328,-16.695329666137695,-9.785385131835938,29.107351303100586
4,43107,-5.734050273895264,-3.425515651702881,14.585273742675781,19.739543914794922
4,43107,44.83171463012695,-16.272005081176758,3.832960367202759,-11.54855728149414
4,43108,3.2321882247924805,-2.5873637199401855,7.225704193115234,-14.424263954162598
4,43108,-7.857178688049316,28.21969985961914,3.8598170280456543,-3.787153959274292
4,43108,-15.648479461669922,-8.617202758789062,-13.633716583251953,13.75656795501709
4,43108,-8.68103313446045,5.703797817230225,7.7700018882751465,11.857629776000977
4,43108,20.894060134887695,8.787619590759277,16.682518005371094,-8.623773574829102
4,43109,-3.388927459716797,-6.140000343322754,-7.40825080871582,-13.177469253540039
4,43109,-13.775001525878906,8.453534126281738,-14.595992088317871,21.51714515686035
4,43109,-1.1984702348709106,-0.1446254849433899,12.237945556640625,15.187135696411133
4,43109,-0.7586304545402527,-2.403477430343628,11.23830509185791,-23.7997989654541
4,43109,7.231147766113281,-1.7661668062210083,-13.313691139221191,0.26826584339141846
4,43109,9.166406631469727,-5.296738147735596,-21.44337272644043,20.44913101196289
4,43110,23.44278907775879,9.95982551574707,12.687678337097168,-9.297183990478516
4,43110,-14.22249698638916,11.374035835266113,22.712312698364258,-13.544419288635254
4,43110,-38.464111328125,-28.100046157836914,-30.537511825561523,9.215667724609375
4,43110,16.40378189086914,-14.26138687133789,12.016362190246582,-9.466540336608887
4,43110,20.96415138244629,20.00762939453125,14.282276153564453,-14.283218383789062
4,43110,-2.8850746154785156,1.660231351852417,-25.7257022857666,12.414307594299316
4,43111,-15.638176918029785,-15.197728157043457,21.574886322021484,8.772991180419922
4,43111,3.006535291671753,-6.355504035949707,13.881628036499023,-9.852663040161133
4,43111,10.698392868041992,16.4295654296875,-29.455595016479492,-19.125038146972656
4,43111,-33.43086242675781,6.345868110656738,-9.95496654510498,13.160626411437988
4,43111,4.504617691040039,-10.17626953125,22.3353214263916,10.048715591430664
4,43111,16.033647537231445,5.267970085144043,8.284588813781738,-11.16429615020752
4,43112,-19.77838897705078,-3.717534303665161,5.447147369384766,21.625263214111328
4,43112,29.351181030273438,14.957383155822754,2.1792097091674805,5.176115036010742
4,43112,29.110013961791992,6.290535926818848,-28.53654670715332,-19.097759246826172
4,43112,-13.870177268981934,-24.210046768188477,-8.380674362182617,-2.2987029552459717
4,43112,-17.12140655517578,17.421680450439453,18.943666458129883,1.5231493711471558
4,43112,-3.7877485752105713,-1.6240495443344116,5.619617462158203,7.85972261428833
4,43113,6.296009540557861,-23.60001564025879,4.363227844238281,-5.3785529136657715
4,43113,6.42180061340332,16.107141494750977,-8.36673355102539,-18.683670043945312
4,43113,9.403555870056152,2.4506239891052246,-17.346923828125,15.695667266845703
4,43113,-10.833845138549805,-3.7248928546905518,-1.7527800798416138,31.546602249145508
4,43113,-23.535615921020508,15.993597030639648,18.531538009643555,3.922264337539673
4,43113,-4.47477388381958,1.036792278289795,19.525249481201172,-26.13612937927246
4,43114,24.763853073120117,-4.88792085647583,-32.4261360168457,-28.56033706665039
4,43114,10.068926811218262,-16.124860763549805,-9.713485717773438,9.388416290283203
4,43114,-16.671634674072266,-3.435062885284424,28.47157859802246,9.614744186401367
4,43114,2.7986323833465576,14.083215713500977,-15.875995635986328,-2.146141767501831
4,43114,-6.627248764038086,6.936132431030273,-2.87165904045105,1.5900144577026367
4,43114,-1.0683705806732178,0.6401804685592651,18.314165115356445,-19.073780059814453
4,43115,2.104562997817993,-16.643436431884766,-8.609283447265625,3.527068614959717
4,43115,-14.748798370361328,-7.115091323852539,-27.17281723022461,10.068135261535645
4,43115,6.330317974090576,9.3562650680542,19.091442108154297,-0.7871980667114258
4,43115,19.96822738647461,0.5373077988624573,18.763547897338867,6.668722629547119
4,43115,-6.467113018035889,0.4503910541534424,-25.38697052001953,-6.641106128692627
4,43115,-20.676862716674805,13.831223487854004,17.539457321166992,11.397758483886719
4,43117,18.72360610961914,-10.362903594970703,11.95809555053711,17.49642562866211
4,43117,7.967233180999756,-17.866703033447266,-8.288324356079102,-0.33994579315185547
4,43117,-8.305482864379883,23.691261291503906,-7.394022464752197,-1.5848954916000366
4,43117,7.1226806640625,17.168344497680664,-8.445540428161621,-15.617500305175781
4,43117,-14.717646598815918,-16.700119018554688,14.401638984680176,5.154447555541992
4,43118,0.050402119755744934,-5.115518093109131,5.699095249176025,20.26319122314453
4,43118,25.36127471923828,-3.1161515712738037,-10.52978801727295,-22.852916717529297
4,43118,-10.805329322814941,-26.64859390258789,-5.805950164794922,-12.516839981079102
4,43119,-30.4060001373291,16.72796058654785,2.319403648376465,25.192153930664062
4,43119,2.805377960205078,41.48297119140625,2.1067841053009033,0.89544677734375
4,43122,10.580296516418457,-10.438372611999512,-3.4778902530670166,-21.830875396728516
4,43123,-3.5361406803131104,-13.193073272705078,-6.878928184509277,3.647196054458618
4,43126,-8.103017807006836,-4.69657039642334,-0.7467859387397766,1.7036304473876953
4,43128,7.482478618621826,-7.518544673919678,4.439851760864258,-13.856985092163086
4,43130,24.396907806396484,5.0333685874938965,11.949625015258789,10.585673332214355
4,43132,-2.8866090774536133,1.9440255165100098,-10.667113304138184,9.430985450744629
4,43134,-8.227021217346191,-7.21283483505249,-11.8749361038208,-10.5142822265625
4,43136,10.971823692321777,4.917046546936035,23.316343307495117,-8.921833038330078
4,43138,9.251320838928223,16.83429718017578,-0.2919028401374817,-5.867573261260986
4,43140,-0.0013641446130350232,-13.492280006408691,2.661146640777588,16.527240753173828
4,43142,-13.3756685256958,-22.176864624023438,12.853605270385742,21.128398895263672
4,43144,1.3102326393127441,16.349000930786133,-9.848700523376465,-14.444771766662598
4,43146,-11.801356315612793,6.274587631225586,0.4065721929073334,-6.561215877532959
4,43148,-21.73404312133789,-14.432478904724121,-10.46532154083252,3.058941125869751
4,43150,20.610565185546875,16.52231216430664,-12.960541725158691,1.2809265851974487
4,43152,-8.01925277709961,1.332571029663086,-0.9502857327461243,-5.353115081787109
4,43154,-19.332542419433594,-19.108667373657227,-4.358373165130615,-12.864526748657227
4,43156,27.838909149169922,2.323442220687866,-10.3374662399292,12.319050788879395
4,43158,7.384957313537598,-5.730007171630859,13.194750785827637,8.032468795776367
4,43160,-5.981332778930664,5.567326068878174,30.770946502685547,-9.81960678100586
4,43162,-1.1692172288894653,21.876150131225586,-13.129621505737305,7.682169437408447
4,43164,-7.164778232574463,-21.32904052734375,-4.935187339782715,20.236282348632812
4,43166,25.58699607849121,0.19604136049747467,14.217741966247559,-28.204498291015625
4,43168,12.413949966430664,16.864736557006836,-22.5605525970459,-11.460308074951172
4,43171,-14.605392456054688,-5.006543159484863,1.5076814889907837,53.629791259765625
4,43362,-7.808791160583496,4.536604881286621,35.074501037597656,-19.519662857055664
4,43362,-11.920846939086914,-12.635322570800781,-12.934256553649902,-48.343814849853516
4,43362,-2.4878036975860596,7.7427802085876465,-28.2244815826416,31.863990783691406
4,43362,-3.053884267807007,7.662502765655518,23.962251663208008,21.199316024780273
4,43362,4.610374450683594,-16.348268508911133,4.294928073883057,-21.8021183013916
4,43363,7.349591255187988,10.020002365112305,-26.9953670501709,-6.688793182373047
4,43363,1.2210416793823242,13.371670722961426,6.650980472564697,5.474867343902588
4,43363,12.817777633666992,-6.423953533172607,7.826901912689209,6.532751560211182
4,43363,-9.589438438415527,-11.2632474899292,3.1225948333740234,3.654987096786499
4,43363,-9.585469245910645,-11.406026840209961,-4.688089370727539,-19.266462326049805
4,43364,10.187353134155273,0.7436110377311707,-18.178573608398438,-6.586827278137207
4,43364,-6.705679416656494,18.282024383544922,8.582144737243652,32.564552307128906
4,43364,1.498228669166565,-1.2881931066513062,13.658689498901367,-4.65485143661499
4,43364,1.6421698331832886,-12.145612716674805,-3.7608206272125244,-26.671403884887695
4,43364,-5.245561599731445,-4.356812000274658,-1.478898048400879,26.81160545349121
4,43364,13.296134948730469,3.7114856243133545,0.6781971454620361,2.9993131160736084
4,43365,11.607843399047852,13.320891380310059,2.3937385082244873,-42.06195831298828
4,43365,-8.250448226928711,-8.192485809326172,1.9275964498519897,5.913213729858398
4,43365,-32.93492889404297,-6.3566975593566895,-5.491642475128174,33.3117561340332
4,43365,-2.8311755657196045,15.457040786743164,-8.796897888183594,1.4948855638504028
4,43365,31.68280792236328,13.731432914733887,15.271246910095215,-9.89035415649414
4,43366,3.9511361122131348,-15.895650863647461,11.18506145477295,-11.6067533493042
4,43366,-13.445758819580078,-29.143238067626953,-24.346725463867188,6.603374481201172
4,43366,-1.028489589691162,29.85698127746582,4.413517951965332,18.587932586669922
4,43366,0.8373916745185852,22.6074161529541,18.1999454498291,-14.11019229888916
4,43366,-2.4222965240478516,-23.618316650390625,-12.11469841003418,-18.835840225219727
4,43366,-0.3019156754016876,-17.64775848388672,-5.9975104331970215,7.878443241119385
4,43367,2.4101011753082275,-1.2618260383605957,4.694887161254883,-0.031902652233839035
4,43367,4.390939235687256,22.699970245361328,-20.878307342529297,4.859320163726807
4,43367,-17.320510864257812,-14.894529342651367,9.85641098022461,6.871005535125732
4,43367,11.55599308013916,-20.101728439331055,20.664825439453125,-20.74843978881836
4,43367,30.139379501342773,26.89813804626465,-15.27309513092041,0.8124505281448364
4,43367,-20.98109245300293,10.587994575500488,11.006966590881348,11.827993392944336
4,43368,-21.109996795654297,-24.312053680419922,-15.67541217803955,14.394551277160645
4,43368,-7.393864154815674,10.252041816711426,-16.736000061035156,3.6785647869110107
4,43368,18.606182098388672,28.7679386138916,34.65045166015625,-27.365880966186523
4,43368,22.99727439880371,-15.736441612243652,13.885589599609375,5.080676078796387
4,43368,-38.872806549072266,-7.255094051361084,-30.414276123046875,39.36324691772461
4,43368,-4.0616135597229,16.084321975708008,-9.66630744934082,-16.105573654174805
4,43369,37.30366134643555,-7.121281623840332,32.47671127319336,-46.068336486816406
4,43369,-13.469291687011719,-10.133740425109863,-4.319439888000488,18.624300003051758
4,43369,-26.79608154296875,2.3235487937927246,-17.52153778076172,19.751413345336914
4,43369,20.534456253051758,-5.29487419128418,2.5808212757110596,-14.173574447631836
4,43369,42.92068099975586,4.190255641937256,-10.731433868408203,0.9668779969215393
4,43369,-11.302194595336914,-13.27959156036377,-3.8486456871032715,14.364200592041016
4,43370,-37.02106857299805,-10.587512969970703,8.26987361907959,-0.600341260433197
4,43370,3.2645304203033447,25.780649185180664,8.7830171585083,-1.1620291471481323
4,43370,29.806392669677734,-7.0856804847717285,-1.9167875051498413,-7.009453773498535
4,43370,-11.617034912109375,-8.024484634399414,6.742590427398682,-21.548791885375977
4,43370,-35.00856399536133,26.899032592773438,20.782987594604492,20.824508666992188
4,43370,23.01816749572754,-1.2820749282836914,5.5179524421691895,23.63714599609375
4,43371,35.50407028198242,-16.020042419433594,-7.34399938583374,-20.82744026184082
4,43371,-26.8035945892334,-6.27598762512207,-17.884246826171875,2.7917096614837646
4,43371,-31.99382209777832,0.6160293817520142,-0.35206523537635803,15.99699592590332
4,43371,15.249046325683594,2.479318857192993,9.53469467163086,-20.28824806213379
4,43371,8.62919807434082,-3.833003520965576,-8.563850402832031,-21.378952026367188
4,43371,4.030433654785156,-1.579970121383667,-9.875509262084961,4.523522853851318
4,43372,-5.944547653198242,-6.066352844238281,-4.335895538330078,5.127167224884033
4,43372,-6.947944164276123,-2.263784408569336,7.1158223152160645,3.345409870147705
4,43372,14.249768257141113,23.22405433654785,8.307636260986328,28.552217483520508
4,43372,-4.130988121032715,23.999231338500977,-12.364850997924805,-0.24951814115047455
4,43372,9.269168853759766,-22.255695343017578,-10.807250022888184,-25.530521392822266
4,43372,4.240902900695801,-18.4679012298584,8.885141372680664,11.046564102172852
4,43373,-18.819549560546875,14.594259262084961,1.3047795295715332,8.456198692321777
4,43373,1.9032379388809204,-5.866128444671631,8.956292152404785,-14.053532600402832
4,43373,15.807943344116211,12.876521110534668,7.77969217300415,0.6229045987129211
4,43373,-5.02163553237915,3.9510128498077393,-17.584964752197266,11.644631385803223
4,43373,-13.49378776550293,-27.25574493408203,-8.729228973388672,-13.833109855651855
4,43374,14.696187973022461,8.60459041595459,8.657076835632324,-23.319002151489258
4,43374,9.912522315979004,-1.2320971488952637,24.8094425201416,20.136930465698242
4,43374,-6.2950968742370605,13.992228507995605,-13.054901123046875,21.75259017944336
4,43374,-10.742131233215332,13.432853698730469,-25.678865432739258,-30.275028228759766
4,43374,-17.780323028564453,-28.311283111572266,27.970951080322266,-6.4606218338012695
4,43374,-1.3216087818145752,3.0152745246887207,4.075039863586426,34.6963996887207
4,43375,27.60218048095703,16.717370986938477,-26.338397979736328,-13.218774795532227
4,43375,9.822269439697266,-16.670475006103516,-5.78493595123291,-5.720828056335449
4,43375,-27.453887939453125,-10.278186798095703,18.80512237548828,34.24807357788086
4,43375,-3.943014144897461,27.260604858398438,1.5250693559646606,-7.6007537841796875
4,43375,3.265280246734619,-3.4377686977386475,-12.320915222167969,-20.068422317504883
4,43375,-2.1349902153015137,-37.46757888793945,6.277623653411865,4.049499034881592
4,43376,17.332294464111328,13.746909141540527,13.575604438781738,6.37252950668335
4,43376,-4.207430362701416,23.45751953125,8.366020202636719,-3.8688995838165283
4,43376,7.067487716674805,-18.163084030151367,-12.43075180053711,-25.932722091674805
4,43376,7.278547286987305,-6.484288215637207,-4.961036682128906,-6.760211944580078
4,43376,-15.789794921875,17.319971084594727,7.280218124389648,28.183307647705078
4,43376,18.3634090423584,20.420089721679688,8.02307415008545,0.47661498188972473
4,43377,-3.601804256439209,2.651691436767578,-11.995580673217773,-17.471742630004883
4,43377,-27.245946884155273,-14.70939826965332,-13.014261245727539,13.397469520568848
4,43377,1.5062988996505737,-26.970497131347656,14.100415229797363,11.714275360107422
4,43377,15.202667236328125,1.242252230644226,8.623494148254395,-28.17099952697754
4,43377,10.478894233703613,47.079410552978516,3.2378475666046143,21.97283363342285
4,43377,-21.15125274658203,1.3302000761032104,-20.785099029541016,26.470701217651367
4,43378,-13.279335975646973,-44.669410705566406,-5.529966354370117,-31.003843307495117
4,43378,21.898279190063477,-8.812774658203125,34.73092269897461,-0.6532180309295654
4,43378,8.457058906555176,22.055757522583008,-33.09492492675781,-1.4140987396240234
4,43378,-12.070528984069824,6.952828407287598,-21.47640609741211,6.531228542327881
4,43379,-15.747725486755371,-14.440339088439941,59.44485092163086,3.819150686264038
4,43380,8.382248878479004,-0.6220449805259705,1.262968897819519,-22.115005493164062
4,43380,29.346628189086914,7.65666389465332,-28.61562728881836,9.917409896850586
4,43380,-18.47728729248047,-14.18657112121582,13.850654602050781,14.798233032226562
4,43380,-14.558642387390137,3.3796463012695312,7.027204513549805,-6.197375774383545
4,43380,16.467609405517578,8.138213157653809,-12.444697380065918,-9.486747741699219
4,43380,-17.105506896972656,-9.68289852142334,-11.507859230041504,1.9845668077468872
4,43381,1.6941394805908203,2.714902877807617,1.502050757408142,12.406203269958496
4,43381,21.944644927978516,12.674765586853027,5.254446983337402,-17.657861709594727
4,43382,-5.885124683380127,-1.3429020643234253,0.8431976437568665,-13.29354190826416
4,43383,-10.860291481018066,-22.888660430908203,-2.0942187309265137,17.79015350341797
4,43386,-7.137175559997559,4.7966814041137695,-6.545576572418213,10.93122386932373
4,43387,10.968876838684082,16.194948196411133,-9.65772533416748,9.435547828674316
4,43390,-4.813310623168945,-11.286725997924805,-3.435398578643799,-36.56073760986328
4,43391,-18.0686092376709,10.125106811523438,16.459291458129883,-39.26033401489258
4,43394,21.65573501586914,27.98631477355957,5.402486324310303,42.606842041015625
4,43395,5.236431121826172,-15.127750396728516,-4.91001033782959,47.355140686035156
4,43398,-7.8491034507751465,-24.148765563964844,11.442099571228027,-16.53557014465332
4,43400,0.9930490255355835,2.936140775680542,-10.851906776428223,-18.576154708862305
4,43402,5.415441036224365,20.47814178466797,-0.5592666268348694,6.531518459320068
4,43404,18.582366943359375,4.238600730895996,28.181283950805664,-1.88872492313385
4,43406,4.510145664215088,-17.568952560424805,-18.636505126953125,11.421102523803711
4,43408,-5.678827285766602,-7.722671031951904,-20.56918716430664,-14.658586502075195
4,43410,-7.081233501434326,0.7017801403999329,6.33972692489624,-27.1248722076416
4,43412,-1.6820491552352905,5.568373203277588,5.786458969116211,32.42231369018555
4,43414,-8.55317497253418,-15.978052139282227,10.652830123901367,14.735147476196289
4,43416,-19.07054328918457,10.285728454589844,-21.93572425842285,-27.176410675048828
4,43418,1.190004825592041,24.400955200195312,-7.426535606384277,-7.668470859527588
4,43420,5.034822940826416,-24.22968864440918,26.435443878173828,8.864319801330566
4,43422,-0.9231118559837341,-15.741583824157715,-4.799309730529785,11.788553237915039
4,43424,7.919599533081055,23.9469051361084,-5.406154632568359,4.477936267852783
4,43426,1.5737507343292236,14.139923095703125,5.652415752410889,0.8800339102745056
4,43428,0.28289565443992615,-3.959860324859619,15.980769157409668,-8.462525367736816
4,43430,1.9240890741348267,-1.1970269680023193,-4.687254905700684,-1.0986460447311401
4,43432,8.441222190856934,3.519016742706299,-53.08220291137695,5.290139198303223
4,43626,2.5908713340759277,-0.9467644095420837,24.16631507873535,-10.362311363220215
4,43627,-0.897118330001831,-6.28602933883667,37.47528839111328,3.737727165222168
4,43627,-13.606693267822266,-7.37060546875,-21.942115783691406,16.437137603759766
4,43627,-27.227535247802734,-3.97922945022583,12.746280670166016,0.1357879340648651
4,43627,19.797748565673828,0.6942449808120728,-11.270829200744629,-24.50516700744629
4,43627,19.485994338989258,2.0034587383270264,0.018603358417749405,-16.502607345581055
4,43627,-11.993836402893066,-2.65555477142334,17.329425811767578,24.968629837036133
4,43628,2.5168380737304688,-6.14018440246582,-27.370088577270508,15.998095512390137
4,43628,8.318755149841309,23.302358627319336,1.1499731540679932,-17.734920501708984
4,43628,8.974926948547363,6.996248245239258,7.983405590057373,-4.833282470703125
4,43628,-10.259862899780273,-33.8396110534668,-6.823005676269531,9.21674633026123
4,43628,-13.679532051086426,-1.553497076034546,7.127694129943848,2.5628955364227295
4,43628,13.72572135925293,30.829694747924805,-9.030431747436523,-12.623862266540527
4,43629,-0.20971760153770447,-3.8139588832855225,-16.394927978515625,-4.770599365234375
4,43629,4.00725793838501,-10.143754959106445,5.056387424468994,13.930970191955566
4,43629,6.380670070648193,12.248059272766113,4.947116851806641,-2.3659756183624268
4,43629,-31.14862632751465,-9.259284973144531,6.25806188583374,-7.100559234619141
4,43629,-6.454553127288818,-19.934173583984375,15.196245193481445,11.615157127380371
4,43630,33.790279388427734,8.80418586730957,-3.4124457836151123,10.57691764831543
4,43630,3.7581779956817627,12.054732322692871,-12.018509864807129,5.631955623626709
4,43630,-18.762346267700195,-11.784010887145996,11.438847541809082,0.2935124635696411
4,43630,-2.671077013015747,21.094898223876953,9.279133796691895,-21.880264282226562
4,43630,11.287261962890625,-0.20063850283622742,-25.31852912902832,-13.761540412902832
4,43630,1.4150539636611938,-42.189334869384766,-0.9914623498916626,13.621688842773438
4,43631,-8.12023639678955,18.542739868164062,17.53987693786621,7.208294868469238
4,43631,-10.698317527770996,16.151872634887695,-9.146133422851562,-0.7046739459037781
4,43631,-0.5105316638946533,-17.993120193481445,7.873892784118652,1.9278143644332886
4,43631,6.34346342086792,17.649410247802734,4.4207987785339355,-3.318511724472046
4,43631,3.074228525161743,15.2728271484375,-5.026487350463867,4.896960258483887
4,43631,17.633176803588867,-23.563568115234375,11.120989799499512,-6.0641188621521
4,43632,-1.6998100280761719,-3.6338109970092773,-5.55509614944458,-28.90403938293457
4,43632,-2.9502055644989014,15.503555297851562,-10.753890991210938,10.375404357910156
4,43632,-6.732832431793213,-1.7702821493148804,6.755388259887695,34.957244873046875
4,43632,-16.347583770751953,4.388267993927002,7.828912258148193,-6.6276044845581055
4,43632,16.332401275634766,3.198848009109497,5.623915195465088,-19.167619705200195
4,43632,2.8979666233062744,-16.531206130981445,-11.271602630615234,2.1103618144989014
4,43633,7.74762487411499,-15.432577133178711,-33.67566680908203,-7.333150386810303
4,43633,8.464001655578613,13.326367378234863,0.6625198125839233,1.0158718824386597
4,43633,-12.429622650146484,20.916746139526367,20.326549530029297,7.16377067565918
4,43633,-16.61475372314453,-11.60869026184082,-11.882415771484375,3.5084621906280518
4,43633,-4.906115531921387,-15.518034934997559,-2.386641263961792,-2.019556760787964
4,43633,33.4959831237793,11.265019416809082,3.6920576095581055,-21.160860061645508
4,43634,-14.71351146697998,-14.828397750854492,9.182382583618164,16.404085159301758
4,43634,-21.99478530883789,-9.345568656921387,24.755891799926758,10.316361427307129
4,43634,29.123708724975586,33.04921340942383,3.9477057456970215,-12.396119117736816
4,43634,-13.05566120147705,-2.037997245788574,-21.89948081970215,13.883625984191895
4,43634,-34.88475036621094,-15.3788423538208,-11.098858833312988,20.59815216064453
4,43634,9.571159362792969,8.78920841217041,27.298213958740234,-5.935070037841797
4,43635,33.26300048828125,6.145380973815918,23.452957153320312,-25.146760940551758
4,43635,9.896337509155273,-9.063387870788574,-17.333431243896484,-1.6517601013183594
4,43635,-17.159032821655273,-8.605671882629395,-24.237592697143555,11.815864562988281
4,43635,-11.486611366271973,2.0327792167663574,17.158018112182617,17.415382385253906
4,43635,20.94306755065918,22.999048233032227,0.5407602190971375,-8.620569229125977
4,43636,13.226333618164062,8.25913143157959,-29.98398780822754,-8.928415298461914
4,43636,-10.809086799621582,-36.42889404296875,4.480018615722656,-0.9602682590484619
4,43636,-5.179696559906006,-4.247722148895264,3.7259421348571777,-14.246814727783203
4,43636,-20.426258087158203,26.727699279785156,-4.215174674987793,6.850666046142578
4,43636,-9.513029098510742,-0.07185141742229462,22.600875854492188,6.691013336181641
4,43636,21.020689010620117,-8.982585906982422,-25.27245330810547,8.569347381591797
4,43637,-2.362593173980713,4.3111090660095215,-27.980445861816406,1.9519177675247192
4,43637,-3.865647077560425,-23.094627380371094,46.59090805053711,-12.125001907348633
4,43637,20.693584442138672,-16.551118850708008,17.585838317871094,-2.431577682495117
4,43637,-25.108983993530273,29.33509063720703,-2.9770028591156006,-4.808655261993408
4,43637,1.1057108640670776,9.992037773132324,-5.219987869262695,9.24456787109375
4,43637,31.166887283325195,11.603413581848145,-8.416958808898926,9.915969848632812
4,43638,-17.666702270507812,8.269352912902832,-5.664438724517822,-26.880474090576172
4,43638,-1.7838845252990723,-36.78463363647461,-12.715575218200684,3.017282724380493
4,43638,-7.348569393157959,-10.924612045288086,23.02225112915039,16.632301330566406
4,43638,12.346290588378906,33.415069580078125,8.065491676330566,-28.721845626831055
4,43638,21.96527862548828,3.474472761154175,-24.770748138427734,-4.472832679748535
4,43638,-22.753578186035156,-23.375986099243164,-10.855361938476562,33.25224685668945
4,43639,-11.053289413452148,8.583783149719238,13.871580123901367,11.269537925720215
4,43639,15.92676830291748,25.097387313842773,24.859567642211914,-10.553449630737305
4,43639,2.660470962524414,-11.110311508178711,-16.550966262817383,-1.0999737977981567
4,43639,-26.86017608642578,-30.06136131286621,-26.757192611694336,11.718615531921387
4,43639,-13.1209716796875,12.47389030456543,16.000362396240234,-13.627577781677246
4,43639,13.03593635559082,22.762544631958008,17.39076805114746,-11.52585506439209
4,43640,11.489434242248535,-16.20435905456543,-13.561051368713379,15.112530708312988
4,43640,-0.8485135436058044,-8.957345008850098,-17.452688217163086,-13.460447311401367
4,43640,-11.032391548156738,16.408653259277344,4.554611682891846,-1.5232020616531372
4,43640,-5.3957109451293945,-5.908886909484863,19.529441833496094,23.43941879272461
4,43640,13.491456985473633,-14.916590690612793,14.674667358398438,-6.201821804046631
4,43640,16.699390411376953,7.578248977661133,-29.656356811523438,-13.404579162597656
4,43641,-9.99030590057373,9.881131172180176,-11.210250854492188,6.5332112312316895
4,43641,-11.297735214233398,-2.258291721343994,34.587928771972656,-1.1980329751968384
4,43641,19.904563903808594,-12.494684219360352,-0.9304479360580444,2.718125581741333
4,43641,15.049837112426758,20.13245391845703,-9.398333549499512,-11.296723365783691
4,43641,-3.689779043197632,9.662679672241211,-5.348270416259766,-11.699235916137695
4,43641,-15.643250465393066,-24.142932891845703,7.329586982727051,46.60539245605469
4,43642,-1.3726080656051636,-0.3192897439002991,25.08640480041504,-5.776085376739502
4,43642,-2.0887038707733154,0.17420250177383423,-19.517518997192383,-36.92245864868164
4,43642,-21.814727783203125,9.17813777923584,-11.407489776611328,26.33730697631836
4,43642,14.268208503723145,13.037996292114258,0.5738657712936401,-16.731658935546875
4,43642,19.812225341796875,4.389026165008545,-21.15658950805664,-24.764638900756836
4,43642,-16.037403106689453,-19.83116340637207,16.000144958496094,30.216785430908203
4,43643,-7.16816520690918,-18.25897979736328,15.708649635314941,9.215681076049805
4,43643,9.462727546691895,5.521982192993164,-10.56569766998291,-4.422407627105713
4,43644,6.21907901763916,-2.9790782928466797,3.262214422225952,1.5669121742248535
4,43644,1.9203486442565918,6.32432746887207,-2.9058141708374023,-2.6145436763763428
4,43644,-11.020817756652832,-11.269134521484375,-18.362876892089844,1.4800951480865479
4,43645,-8.145237922668457,-7.534501552581787,6.657706260681152,17.842267990112305
4,43645,5.057860851287842,29.785654067993164,23.068313598632812,-18.75748634338379
4,43645,6.371603012084961,16.96042251586914,-13.738517761230469,-21.97210121154785
4,43645,-1.0202564001083374,-1.2761955261230469,-15.346983909606934,25.091350555419922
4,43645,-9.18211555480957,-10.537898063659668,14.110501289367676,5.50564432144165
4,43645,8.239644050598145,-14.322757720947266,-2.403416395187378,-14.704952239990234
4,43647,18.293254852294922,-2.414153575897217,-10.722818374633789,-1.5623217821121216
4,43648,-5.762060165405273,8.755199432373047,24.021183013916016,15.487615585327148
4,43649,-23.841022491455078,7.572215557098389,24.10561180114746,-16.505279541015625
4,43652,-9.790800094604492,-13.396568298339844,-19.295949935913086,-30.766050338745117
4,43653,18.71951675415039,-4.91119384765625,-18.205904006958008,32.2973518371582
4,43656,6.702544689178467,-0.9664039015769958,-7.714402198791504,30.892566680908203
4,43657,-26.37294578552246,5.784895896911621,-8.506974220275879,-22.122426986694336
4,43660,6.799168586730957,1.967394471168518,17.476123809814453,-7.056354999542236
4,43661,22.531478881835938,-7.3579254150390625,6.038299560546875,-0.5134896636009216
4,43664,-7.516984462738037,17.225019454956055,-8.04436206817627,-2.5096969604492188
4,43665,-7.778191089630127,3.588653087615967,5.555259704589844,4.556730270385742
4,43668,3.4637181758880615,0.05144166946411133,19.590206146240234,-9.827095031738281
4,43670,19.116912841796875,-1.1969940662384033,5.636964321136475,16.494810104370117
4,43672,-1.1900558471679688,-9.242402076721191,-32.644962310791016,2.98099422454834
4,43674,-10.876995086669922,-1.2619457244873047,1.8256926536560059,-11.277935028076172
4,43676,10.731325149536133,-1.2897076606750488,11.208379745483398,1.4396045207977295
4,43678,-6.4137282371521,8.288663864135742,-17.602054595947266,-29.891483306884766
4,43680,-1.2131379842758179,-19.58814811706543,22.891849517822266,23.146381378173828
4,43682,21.17994499206543,-12.83488655090332,26.70677375793457,40.84205627441406
