Aktueller Finger,timestamp_ms,sensor_0,sensor_1,sensor_2,sensor_3
0,583090,17.302370071411133,13.029579162597656,-3.1225812435150146,37.76585388183594
0,583091,-75.36675262451172,-29.78582000732422,-32.76346969604492,-3.957770824432373
0,583094,14.621251106262207,-48.8775634765625,-28.367977142333984,-32.8889045715332
0,583095,39.947059631347656,-8.193020820617676,6.9324774742126465,-18.223752975463867
0,583098,-20.2034912109375,34.344486236572266,8.558221817016602,65.14138793945312
0,583099,1.4746344089508057,22.49128532409668,-1.098665475845337,13.0703706741333
0,583102,-15.411121368408203,-9.138703346252441,13.055876731872559,-66.13136291503906
0,583103,-16.93297004699707,-14.142267227172852,-7.6431803703308105,5.909796714782715
0,583112,18.028409957885742,1.3127111196517944,-0.4659653604030609,24.711652755737305
0,583113,8.349966049194336,42.05934524536133,10.555248260498047,2.407292604446411
0,583113,-5.422150135040283,3.3486690521240234,-17.13643455505371,10.685643196105957
0,583113,0.06629416346549988,-58.64118957519531,8.897089958190918,1.111868143081665
0,583114,3.8998093605041504,4.420958042144775,12.31132698059082,-13.474044799804688
0,583116,9.384182929992676,0.859854519367218,-21.124887466430664,-48.409278869628906
0,583118,-8.467890739440918,-17.799209594726562,-4.726113796234131,24.49817657470703
0,583120,-7.8845062255859375,39.87453079223633,-0.5005435347557068,45.90818405151367
0,583122,0.04262034222483635,5.636623382568359,13.375125885009766,-17.377891540527344
0,583124,-0.8212616443634033,-11.44937515258789,27.156068801879883,11.990198135375977
0,583126,10.962356567382812,10.571198463439941,-5.321845054626465,-15.424986839294434
0,583128,-18.591535568237305,-12.142698287963867,7.394191265106201,-24.770265579223633
0,583130,-10.749739646911621,-2.349888563156128,0.36766818165779114,22.245708465576172
0,583132,34.0425910949707,9.229093551635742,-37.730587005615234,-7.7941107749938965
0,583134,3.5583651065826416,-15.491239547729492,-0.011459875851869583,-13.6239652633667
0,583136,-7.389697074890137,-1.5305683612823486,0.29323846101760864,17.085487365722656
0,583158,7.985381603240967,19.706584930419922,1.0503371953964233,8.793699264526367
0,583158,-6.924571514129639,-15.61915397644043,4.944798469543457,-13.314273834228516
0,583158,-10.399657249450684,0.4139555096626282,-16.282991409301758,3.1633834838867188
0,583158,9.605494499206543,18.289697647094727,20.72515106201172,4.958730697631836
0,583158,10.41037654876709,-20.295757293701172,-1.233717918395996,-5.723874092102051
0,583159,-13.824353218078613,-13.331637382507324,-29.13190460205078,10.849074363708496
0,583159,-9.419953346252441,13.482062339782715,19.88604164123535,13.092713356018066
0,583159,-3.5152480602264404,10.971445083618164,35.6306266784668,0.6459155082702637
0,583159,-0.8812748789787292,12.290689468383789,-0.8411568999290466,-28.943307876586914
0,583159,12.862214088439941,-4.452680587768555,-16.537567138671875,-4.804689407348633
0,583160,-19.628238677978516,-29.325651168823242,-11.499017715454102,36.17536926269531
0,583161,-24.92751121520996,17.590248107910156,0.17293842136859894,-13.107887268066406
0,583162,35.34148025512695,29.1928653717041,26.32502555847168,-21.430025100708008
0,583164,13.234637260437012,-23.72368621826172,6.508135795593262,8.078832626342773
0,583166,-16.17882537841797,-8.812926292419434,-13.319388389587402,2.4414594173431396
0,583168,22.472797393798828,14.823110580444336,3.6453664302825928,15.217230796813965
0,583170,1.398311972618103,-17.912384033203125,-13.320280075073242,-10.022873878479004
0,583172,-22.184261322021484,-18.049774169921875,-30.685405731201172,-66.38069915771484
0,583174,22.831750869750977,14.554817199707031,15.714378356933594,7.054753303527832
0,583176,8.673399925231934,7.811906814575195,18.954744338989258,74.2654037475586
0,583178,-36.17338562011719,-1.5362597703933716,-33.57762908935547,-5.23080587387085
0,583180,-4.842139720916748,11.602540016174316,-5.72819185256958,-24.423439025878906
0,583182,25.17383575439453,2.4585421085357666,30.56649398803711,2.099318504333496
0,583184,15.787823677062988,1.8257250785827637,25.09041976928711,-12.542182922363281
0,583297,37.04747772216797,13.961023330688477,-16.386343002319336,-13.35942268371582
0,583298,28.140949249267578,-35.42781066894531,-39.578426361083984,19.047441482543945
0,583298,-39.34935760498047,-27.628828048706055,16.493623733520508,-6.850430965423584
0,583298,-17.17266845703125,43.55109405517578,10.932642936706543,-12.696125030517578
0,583298,12.226544380187988,23.6218204498291,4.5547404289245605,-11.610079765319824
0,583298,10.256178855895996,-34.371097564697266,9.67066478729248,-13.281688690185547
0,583298,-7.3311991691589355,-16.917560577392578,-11.972725868225098,8.582193374633789
0,583299,-8.752469062805176,20.906694412231445,-15.268267631530762,-6.4048662185668945
0,583299,9.693018913269043,7.352731704711914,-12.134307861328125,-9.453411102294922
0,583299,4.128590106964111,-11.441150665283203,12.899675369262695,17.728668212890625
0,583299,-3.265751600265503,15.540555953979492,20.648406982421875,19.044315338134766
0,583299,-12.176507949829102,14.739485740661621,15.372469902038574,4.509720802307129
0,583299,-1.9990830421447754,-12.80888843536377,1.311816930770874,-9.75916862487793
0,583300,1.839860200881958,-14.95191478729248,-12.011879920959473,-0.7943852543830872
0,583300,3.9619719982147217,-7.718019008636475,-16.133573532104492,-3.3896243572235107
0,583300,8.144457817077637,2.71584415435791,-13.351494789123535,-3.7423453330993652
0,583300,-7.528110504150391,-0.44069594144821167,11.283414840698242,-4.349574565887451
0,583300,11.633013725280762,10.967226028442383,13.893383026123047,-18.251964569091797
0,583301,-5.7353339195251465,-14.385149955749512,-10.935484886169434,8.538801193237305
0,583301,-29.555395126342773,-28.584501266479492,1.5360915660858154,22.456586837768555
0,583301,12.590928077697754,17.9564208984375,13.121196746826172,-7.457321643829346
0,583301,20.337995529174805,36.4715690612793,-7.1968092918396,-25.640785217285156
0,583301,-2.704463005065918,8.763312339782715,-3.3983407020568848,11.274357795715332
0,583301,1.751172661781311,-24.648515701293945,3.9883227348327637,41.04840850830078
0,583303,-16.49773406982422,-8.360114097595215,5.766077995300293,34.578433990478516
0,583303,-14.159980773925781,9.041812896728516,-6.386646270751953,8.490595817565918
0,583304,13.762889862060547,0.8237611651420593,-7.591903209686279,-42.54777526855469
0,583305,12.203597068786621,7.282285690307617,26.458581924438477,-12.921964645385742
0,583308,6.695173263549805,9.823121070861816,12.323509216308594,61.431827545166016
0,583309,6.502243995666504,-11.730563163757324,-15.050275802612305,14.46527099609375
0,583312,-0.6823611259460449,-30.088035583496094,-23.713685989379883,-78.30445861816406
0,583313,-12.516411781311035,-16.790292739868164,-31.08318519592285,-63.10675048828125
0,583316,3.792635679244995,26.52391242980957,9.955230712890625,10.435384750366211
0,583318,-5.525271892547607,29.729188919067383,36.02286911010742,48.47969436645508
0,583320,8.513089179992676,2.341564893722534,-5.7774786949157715,-10.41878604888916
0,583322,11.140039443969727,-5.6162309646606445,-28.877676010131836,-41.80712890625
0,583324,-25.8431339263916,-14.111351013183594,9.673677444458008,39.438629150390625
0,583326,12.877634048461914,16.69670295715332,31.93767547607422,52.25864028930664
0,583329,4.894880771636963,-3.0953738689422607,-8.573505401611328,1.4486596584320068
0,583385,-16.047332763671875,-22.49266815185547,-14.532962799072266,-37.64603042602539
0,583385,9.571380615234375,16.51569366455078,13.710189819335938,-5.566401481628418
0,583386,-13.171818733215332,-6.399267673492432,-2.2733662128448486,51.611576080322266
0,583386,-26.516307830810547,3.796375036239624,5.752984523773193,-7.414210796356201
0,583386,9.516467094421387,12.427400588989258,10.294303894042969,-29.008052825927734
0,583386,39.531490325927734,-19.439956665039062,-8.085616111755371,-3.4931633472442627
0,583386,16.395496368408203,-16.867778778076172,-25.5225887298584,-1.676999568939209
0,583387,-24.53640365600586,0.737027108669281,-10.908406257629395,6.9126715660095215
0,583387,0.8917699456214905,19.666484832763672,26.91480255126953,-18.52391815185547
0,583387,19.588455200195312,-5.086955547332764,1.403903841972351,-15.089069366455078
0,583387,-21.512601852416992,-17.853633880615234,-11.47842025756836,11.267802238464355
0,583387,-20.54129409790039,30.778175354003906,15.325233459472656,15.300426483154297
0,583387,4.935591697692871,16.956918716430664,9.488829612731934,10.714483261108398
0,583388,13.122304916381836,-18.926698684692383,-22.96841812133789,-14.614623069763184
0,583388,3.4790217876434326,-5.200498580932617,-8.695982933044434,-24.397140502929688
0,583388,-1.4642574787139893,-0.9002875089645386,22.754167556762695,6.08140230178833
0,583388,-1.3220534324645996,6.019742965698242,-11.064488410949707,0.33411476016044617
0,583388,-15.709705352783203,-13.117021560668945,-15.506207466125488,-33.97744369506836
0,583388,-8.456649780273438,-21.321271896362305,18.289371490478516,19.346288681030273
0,583389,12.020157814025879,30.164142608642578,-21.248193740844727,30.289758682250977
0,583389,16.683368682861328,22.163311004638672,-7.230504035949707,-34.39016342163086
0,583389,3.727001667022705,-21.27829933166504,41.14988327026367,7.97017765045166
0,583389,-16.586578369140625,1.5202686786651611,-3.1867001056671143,32.57079315185547
0,583389,-2.126709222793579,16.277286529541016,-6.364839553833008,-8.565032005310059
0,583389,31.064363479614258,-12.581585884094238,11.888625144958496,-7.304625511169434
0,583390,-2.51633882522583,-21.192420959472656,-12.932478904724121,7.358811378479004
0,583390,-11.088923454284668,14.732404708862305,-15.673739433288574,-1.999395728111267
0,583390,5.281112194061279,-2.9293456077575684,9.463302612304688,2.9347915649414062
0,583390,-11.26821231842041,-9.291419982910156,15.07032299041748,16.516881942749023
0,583391,2.1085774898529053,24.45783042907715,-16.13264274597168,-23.74638557434082
0,583392,-2.28716778755188,-35.74619674682617,-25.511472702026367,-25.638944625854492
0,583392,-14.583579063415527,-17.456544876098633,2.350562334060669,29.3725528717041
0,583395,14.305037498474121,38.1727294921875,16.469358444213867,12.106898307800293
0,583396,18.46885871887207,-2.1453628540039062,8.537997245788574,0.7837889790534973
0,583399,-12.69063663482666,2.1720030307769775,-9.333444595336914,52.807640075683594
0,583400,-7.167086124420166,-14.05659008026123,3.5105931758880615,2.81662917137146
0,583403,4.961636543273926,10.734996795654297,24.97276496887207,-59.67911911010742
0,583404,-15.616690635681152,39.25141525268555,3.951352834701538,-12.739823341369629
0,583407,-13.271156311035156,-39.939735412597656,-10.420111656188965,10.524190902709961
0,583408,12.577847480773926,16.9194278717041,12.805928230285645,8.789799690246582
0,583411,15.33149528503418,29.320049285888672,5.009800910949707,-3.458592653274536
0,583412,15.703594207763672,-50.874263763427734,-32.0506706237793,-14.411416053771973
0,583413,-3.6072661876678467,-15.867803573608398,-9.997808456420898,4.826255798339844
0,583416,-26.400190353393555,16.37912940979004,6.178877353668213,-5.365991115570068
0,583417,6.706676006317139,8.71724796295166,7.142911434173584,-10.639877319335938
0,583420,7.972263336181641,-19.260427474975586,-1.8543667793273926,5.8500189781188965
0,583421,-17.453317642211914,8.614911079406738,-17.98457145690918,19.38627052307129
0,583492,1.4055111408233643,19.491470336914062,-0.11598671972751617,51.012489318847656
0,583492,9.909445762634277,-7.991495609283447,13.622496604919434,17.207874298095703
0,583493,0.8904188871383667,-9.945027351379395,3.3630409240722656,-42.76905059814453
0,583493,-1.418487787246704,7.519407749176025,-3.0647990703582764,-9.27027702331543
0,583493,-4.3277106285095215,40.100215911865234,22.28662872314453,-6.003177642822266
0,583493,2.4850447177886963,-21.14435386657715,1.0519739389419556,-10.06310749053955
0,583493,22.246267318725586,-40.93619918823242,-23.61936378479004,-19.747547149658203
0,583494,-12.556676864624023,20.6966609954834,-6.863468647003174,-45.542205810546875
0,583494,-29.89200210571289,21.626264572143555,0.9234911799430847,30.847713470458984
0,583494,28.786325454711914,-10.061952590942383,10.372411727905273,31.279781341552734
0,583494,28.20401954650879,4.33932638168335,-7.123100280761719,-55.578060150146484
0,583494,-18.712621688842773,7.965824604034424,-17.24237632751465,-31.41364097595215
0,583494,-20.711820602416992,-38.959774017333984,21.67413902282715,34.254920959472656
0,583495,5.658565998077393,-8.606048583984375,-0.08233046531677246,1.983954668045044
0,583495,9.185112953186035,25.125743865966797,-28.79273223876953,-11.63092041015625
0,583495,-18.823257446289062,2.827430009841919,29.82345962524414,38.32416915893555
0,583495,0.6988062858581543,4.023997783660889,27.319997787475586,10.172557830810547
0,583495,17.324005126953125,-11.78445816040039,-7.8687920570373535,-3.392054319381714
0,583495,-14.117634773254395,-7.127710819244385,-4.294045925140381,5.693440914154053
0,583496,-0.4123031795024872,-5.061924934387207,-2.8011202812194824,-28.14778709411621
0,583496,2.187676191329956,-16.186092376708984,0.6770138740539551,3.8696160316467285
0,583496,8.212241172790527,11.881306648254395,-11.813530921936035,11.638127326965332
0,583496,13.765862464904785,6.391000270843506,-5.379018306732178,-15.470319747924805
0,583496,-19.72330665588379,1.553916335105896,14.787302017211914,38.31376647949219
0,583496,-6.752089023590088,15.08200454711914,2.5843443870544434,33.719810485839844
0,583497,-6.54930305480957,18.736867904663086,-2.774590253829956,-19.824142456054688
0,583497,0.8460887670516968,14.904250144958496,13.643050193786621,3.9773173332214355
0,583497,19.03314781188965,-10.53221607208252,-15.497062683105469,13.017374038696289
0,583497,-9.172144889831543,-16.357027053833008,-21.741016387939453,-4.20494270324707
0,583497,-8.921344757080078,-11.20011043548584,19.928184509277344,8.928349494934082
0,583497,0.2614988684654236,1.556372046470642,2.92678165435791,22.59562110900879
0,583498,16.047433853149414,10.451580047607422,-14.454379081726074,8.533209800720215
0,583498,17.34187126159668,-16.008359909057617,2.3148112297058105,-14.317828178405762
0,583498,-5.268198013305664,8.761008262634277,3.659562110900879,-13.363702774047852
0,583498,-9.892998695373535,14.986818313598633,3.8205316066741943,-7.377480983734131
0,583499,-18.200841903686523,-22.969314575195312,10.619853973388672,4.785585403442383
0,583500,-4.3220744132995605,3.7962729930877686,-6.219742774963379,-1.5363726615905762
0,583500,26.89212417602539,29.060544967651367,-1.6862246990203857,-18.41377830505371
0,583500,13.419723510742188,-2.235748052597046,-8.26079273223877,-17.463790893554688
0,583501,-20.969589233398438,-14.639236450195312,-0.8752008676528931,-18.29180908203125
0,583504,-22.86035919189453,2.202411651611328,40.2577018737793,-35.69987487792969
0,583505,10.919008255004883,16.74298858642578,0.06111399084329605,3.8034017086029053
0,583508,23.347801208496094,10.330899238586426,-23.160892486572266,74.29383087158203
0,583509,-19.012805938720703,-23.088050842285156,-9.862627029418945,-21.980369567871094
0,583512,-13.3116455078125,-44.641029357910156,-32.85984802246094,-67.89569091796875
0,583513,25.54241180419922,-12.525110244750977,9.370828628540039,36.290443420410156
0,583516,20.45246124267578,37.79796600341797,28.128097534179688,6.3318705558776855
0,583517,-14.15422248840332,17.316627502441406,-36.42551803588867,-39.82359313964844
0,583520,-32.517822265625,-20.57146644592285,8.225861549377441,37.96040725708008
0,583521,9.622762680053711,-14.307592391967773,41.20485305786133,70.45323181152344
0,583524,17.426115036010742,8.908141136169434,-9.049513816833496,-35.783851623535156
0,583525,-19.44223403930664,14.596922874450684,3.1277644634246826,-66.80238342285156
0,583528,0.04404118284583092,14.038016319274902,-23.47186851501465,93.00406646728516
0,583529,11.663872718811035,-9.421687126159668,-35.94563674926758,96.79182434082031
0,583532,2.2319865226745605,-1.3070049285888672,50.777198791503906,-124.83168029785156
0,583614,39.593475341796875,13.411922454833984,32.57915115356445,-21.337682723999023
0,583614,18.3525447845459,-24.872270584106445,-39.52520751953125,147.8657684326172
0,583614,-50.306732177734375,-2.5658512115478516,-14.625738143920898,-70.6926498413086
0,583614,-17.942832946777344,20.231348037719727,15.942865371704102,-89.03656005859375
0,583614,26.446823120117188,0.03701137751340866,4.420241832733154,32.07145309448242
0,583614,-9.508086204528809,-10.85763931274414,-7.2516961097717285,-19.422664642333984
0,583615,-27.681062698364258,-13.14292049407959,-15.157835960388184,0.9485569596290588
0,583615,9.014477729797363,14.78937816619873,6.625539302825928,34.56148147583008
0,583615,-3.1240074634552,13.37166976928711,31.20933723449707,-2.251499652862549
0,583615,-22.026931762695312,-18.051759719848633,1.5428133010864258,-24.338817596435547
0,583615,4.0762715339660645,-19.263500213623047,-26.92829132080078,5.233654499053955
0,583615,7.128550052642822,15.426756858825684,3.7427773475646973,28.001619338989258
0,583616,10.042600631713867,31.224498748779297,11.934416770935059,30.5253963470459
0,583616,10.799606323242188,-19.126937866210938,-14.869661331176758,17.106813430786133
0,583616,5.057209491729736,-13.775057792663574,4.404190540313721,-4.806578636169434
0,583616,8.487435340881348,9.809267044067383,-0.702532947063446,-22.588958740234375
0,583616,10.421382904052734,-23.403095245361328,-18.99730682373047,-53.28164291381836
0,583616,-12.822943687438965,0.6703680157661438,0.43454915285110474,-19.14806365966797
0,583617,-11.375839233398438,31.446130752563477,21.771617889404297,-6.981618404388428
0,583617,18.943103790283203,-8.25003433227539,-0.2591722011566162,-70.83899688720703
0,583617,0.3526219427585602,-12.660991668701172,-14.332319259643555,-75.27726745605469
0,583617,-22.972434997558594,26.852344512939453,20.040607452392578,-15.423447608947754
0,583617,1.451825499534607,-1.1037335395812988,-7.198670387268066,-9.291499137878418
0,583617,9.149024963378906,-21.284042358398438,-25.446104049682617,-17.891708374023438
0,583618,-20.158302307128906,-5.5674729347229,26.59208106994629,30.20976448059082
0,583618,-2.6837360858917236,-2.402085065841675,4.72066068649292,27.824155807495117
0,583618,25.287694931030273,12.74279499053955,-10.927939414978027,25.31064796447754
0,583618,0.06329797953367233,11.235259056091309,12.101578712463379,35.219539642333984
0,583618,0.8473880887031555,-5.6111040115356445,-3.4804391860961914,31.410940170288086
0,583619,11.104262351989746,-6.193217754364014,3.0945076942443848,81.44962310791016
0,583619,-30.24344253540039,8.980988502502441,9.382936477661133,61.59856033325195
0,583619,-8.922201156616211,-15.21025276184082,6.247270107269287,-21.962018966674805
0,583619,36.497013092041016,-31.170494079589844,-14.687017440795898,-24.374000549316406
0,583619,-10.417865753173828,13.925323486328125,-22.9063663482666,-6.87943172454834
0,583619,-9.256726264953613,25.911794662475586,8.013895034790039,-20.546789169311523
0,583620,30.958621978759766,0.10658922046422958,17.438648223876953,-22.17706871032715
0,583620,-9.61963176727295,6.817873954772949,-13.871883392333984,6.048279762268066
0,583620,-18.996074676513672,8.832198143005371,-4.4853129386901855,32.59049987792969
0,583620,10.863178253173828,-9.156502723693848,31.728946685791016,19.643173217773438
0,583620,-9.112388610839844,9.63037395477295,-4.106786251068115,-3.783153772354126
0,583620,-1.7947686910629272,26.923398971557617,-17.502573013305664,-10.041828155517578
0,583622,11.944098472595215,-25.87517738342285,-19.224153518676758,111.83709716796875
0,583622,-23.488515853881836,-35.085655212402344,-23.92148780822754,139.49928283691406
0,583622,-10.983919143676758,-1.5562883615493774,35.784236907958984,-56.490570068359375
0,583622,11.449661254882812,4.1918206214904785,28.94316864013672,-37.636898040771484
0,583624,37.15609359741211,41.3390007019043,-8.237396240234375,117.4139175415039
0,583626,-7.854996204376221,16.24413299560547,21.242847442626953,-132.80096435546875
0,583628,-69.54133605957031,-26.058942794799805,28.61715316772461,-291.72906494140625
0,583630,43.339691162109375,-9.818716049194336,-28.395078659057617,69.8873519897461
0,583632,27.711353302001953,0.12081541866064072,-39.536705017089844,354.7166442871094
0,583634,-28.192014694213867,-2.8108272552490234,10.455757141113281,-540.5006103515625
0,583636,47.36606979370117,-12.11823558807373,-17.560924530029297,-721.0718994140625
0,583638,28.91904640197754,3.427422285079956,-32.17267608642578,1108.65283203125
0,583640,-44.11984634399414,4.059168338775635,-16.708847045898438,743.1983032226562
0,583642,-133.7008056640625,-15.389860153198242,7.312666893005371,-772.3754272460938
0,583644,-13.001936912536621,20.328460693359375,74.41278839111328,-534.0222778320312
0,583646,162.6511688232422,23.062641143798828,24.43754768371582,-45.64863967895508
0,583648,87.87531280517578,-21.46132469177246,-49.872642517089844,309.2063293457031
0,583650,-62.70916748046875,-0.7378040552139282,81.4365463256836,582.180908203125
0,583652,-124.56913757324219,-33.112815856933594,101.49720764160156,174.0201416015625
0,583654,45.94075393676758,-33.94038009643555,-308.8776550292969,-1072.4676513671875
0,583656,84.8565902709961,68.5374755859375,-220.28424072265625,-525.0442504882812
0,583659,-118.26074981689453,20.19382667541504,315.0372619628906,1596.6275634765625
0,583753,-60.7333869934082,-45.32272720336914,258.2085266113281,253.2386474609375
0,583753,83.24263000488281,2.194448947906494,-0.11492109298706055,-1399.8330078125
0,583753,11.900300979614258,11.67824935913086,-137.12046813964844,227.61685180664062
0,583753,-17.929279327392578,17.262895584106445,-85.08991241455078,475.2343444824219
0,583753,8.485610961914062,7.229669570922852,2.759314775466919,-167.4522247314453
0,583754,-15.121572494506836,-22.181943893432617,-15.086859703063965,72.51604461669922
0,583754,13.15188217163086,8.534994125366211,34.21965408325195,7.077514171600342
0,583754,53.18510055541992,18.91562271118164,5.929119110107422,-70.57508850097656
0,583754,12.510250091552734,4.060395240783691,-43.03330612182617,-42.31888961791992
0,583754,10.113137245178223,-0.49699458479881287,-31.576171875,-20.65678596496582
0,583754,32.73358154296875,-19.017894744873047,-31.0443115234375,-35.33842849731445
0,583755,13.80742073059082,-2.6839447021484375,-36.02874755859375,18.935476303100586
0,583755,-2.878509044647217,-3.1235601902008057,-34.18870162963867,76.069580078125
0,583755,-27.818058013916016,-13.846914291381836,-10.298237800598145,25.844057083129883
0,583755,-8.658736228942871,0.3416142463684082,9.863656044006348,0.7930178046226501
0,583755,-16.80117416381836,-17.497663497924805,18.180034637451172,32.26842498779297
0,583756,-42.127098083496094,10.465200424194336,65.745849609375,17.108076095581055
0,583756,-10.197239875793457,36.231971740722656,64.86675262451172,-50.64437484741211
0,583756,-6.312074184417725,-9.740312576293945,-2.114152193069458,-64.47608947753906
0,583756,-4.559048652648926,-14.909436225891113,7.603369235992432,-24.117244720458984
0,583756,11.730684280395508,0.5935866832733154,19.693511962890625,-18.655773162841797
0,583756,-7.274500846862793,-15.478297233581543,-32.58368682861328,0.2822953164577484
0,583757,9.606432914733887,8.917810440063477,0.06559768319129944,18.87128257751465
0,583757,27.84299087524414,13.792115211486816,44.61804962158203,-8.654183387756348
0,583757,-17.629169464111328,-30.487472534179688,18.509475708007812,15.770989418029785
0,583757,-30.19755744934082,0.6898499727249146,53.51814651489258,65.35415649414062
0,583757,-9.52495288848877,26.442214965820312,50.585018157958984,24.771472930908203
0,583757,13.707415580749512,2.0518441200256348,-7.626694679260254,-12.739141464233398
0,583758,21.631799697875977,20.934253692626953,19.94761848449707,21.46880531311035
0,583758,-9.558571815490723,32.22123336791992,1.4766886234283447,9.550256729125977
0,583758,1.0264641046524048,-4.363905429840088,-41.86496353149414,-13.218794822692871
0,583758,15.10300350189209,-29.34183120727539,-46.56132125854492,30.80887222290039
0,583758,-21.117101669311523,-2.534554958343506,-49.34419250488281,57.737178802490234
0,583758,-32.31969451904297,20.64410400390625,-29.83171844482422,21.812580108642578
0,583759,-14.79893970489502,-10.16325855255127,-52.358516693115234,-2.835942506790161
0,583759,-17.10606575012207,-21.918262481689453,-42.718475341796875,-5.023195743560791
0,583759,-7.64985990524292,-1.2352826595306396,15.465082168579102,-50.2228889465332
0,583759,34.095916748046875,-26.95659828186035,0.44109874963760376,-29.422718048095703
0,583759,10.092757225036621,-22.679250717163086,-16.063940048217773,10.298432350158691
0,583759,-7.820283889770508,16.17942237854004,17.177284240722656,-31.67579460144043
0,583760,27.79142951965332,5.744634628295898,11.922536849975586,-59.613121032714844
0,583760,-1.517781376838684,0.5613469481468201,0.22455014288425446,-30.58555793762207
0,583760,-8.417101860046387,11.40211009979248,19.947860717773438,7.54973840713501
0,583760,2.4124276638031006,-7.164926528930664,17.726192474365234,1.838100552558899
0,583760,-25.709320068359375,-17.222822189331055,14.77313232421875,39.00304412841797
0,583760,14.124126434326172,36.13055419921875,12.195870399475098,20.51837730407715
0,583761,61.165306091308594,14.988134384155273,-18.716144561767578,-23.405040740966797
0,583762,101.1059799194336,-35.70640182495117,-9.901758193969727,58.882843017578125
0,583762,64.10736846923828,17.899412155151367,25.315690994262695,31.32696533203125
0,583762,-76.85767364501953,36.46580123901367,12.876910209655762,-53.046966552734375
0,583762,-65.72012329101562,4.569762229919434,-3.9247076511383057,-19.675277709960938
0,583763,19.883453369140625,1.0868160724639893,12.723188400268555,-7.27177619934082
0,583764,13.665593147277832,-40.15715026855469,20.959035873413086,-301.7574157714844
0,583765,2.5323245525360107,-54.315345764160156,-44.06983947753906,-82.55248260498047
0,583768,-0.1885300874710083,11.493867874145508,-13.935091018676758,607.9078979492188
0,583769,-46.478389739990234,26.334064483642578,26.967153549194336,242.94070434570312
0,583772,-91.40483856201172,29.349016189575195,-73.98906707763672,-453.794189453125
0,583773,-1.1608541011810303,-23.546354293823242,-52.745025634765625,-618.7899169921875
0,583776,98.5743408203125,-11.706162452697754,139.7687530517578,-243.96434020996094
0,583777,-20.61249351501465,70.79955291748047,163.22828674316406,709.1694946289062
0,583780,25.610694885253906,-23.241708755493164,-109.03939819335938,684.5052490234375
0,583781,41.26262664794922,-41.217342376708984,-188.84869384765625,-258.73394775390625
0,583784,-279.0802307128906,25.68290901184082,-43.57929611206055,-432.17889404296875
0,583785,-79.01832580566406,22.12505531311035,81.76152038574219,35.850799560546875
0,583788,475.9987487792969,-5.821961402893066,241.1173095703125,15.924091339111328
0,583789,181.7909698486328,-43.42464065551758,47.12567138671875,-70.78759002685547
0,583792,-402.16656494140625,-17.33038330078125,-293.97393798828125,53.568641662597656
0,583793,-166.33978271484375,37.34743881225586,-81.74495697021484,432.41705322265625
0,583796,137.6555633544922,51.66862869262695,114.4061508178711,338.87615966796875
0,583797,16.118921279907227,-28.151866912841797,51.772579193115234,-850.597412109375
0,583904,-1.5709331035614014,-67.37513732910156,49.91581726074219,226.0529327392578
0,583904,67.34820556640625,1.8138080835342407,-25.398605346679688,947.9369506835938
0,583904,-9.910609245300293,43.80683517456055,-23.863935470581055,-506.208984375
0,583905,-34.77376174926758,30.68659782409668,4.2431111335754395,-338.1507873535156
0,583905,9.760223388671875,-12.818404197692871,-0.32105231285095215,114.15498352050781
0,583905,-21.007434844970703,-41.320098876953125,7.627834320068359,-84.84840393066406
0,583905,-37.6258659362793,-14.55151653289795,-5.928981781005859,-102.37198638916016
0,583905,-6.306097507476807,5.823930263519287,-9.194664001464844,-121.84881591796875
0,583905,22.610811233520508,3.7129955291748047,-8.491935729980469,-146.78302001953125
0,583906,3.77311372756958,5.203453063964844,-14.410189628601074,-171.32867431640625
0,583906,-9.426705360412598,-21.746912002563477,-21.95212745666504,-144.93600463867188
0,583906,13.165201187133789,-1.6069769859313965,-2.4318222999572754,-47.51055145263672
0,583906,6.297220230102539,39.9266242980957,8.29517936706543,12.094114303588867
0,583906,-8.495400428771973,4.495959758758545,10.634100914001465,31.118295669555664
0,583906,20.23820686340332,-17.062511444091797,20.503326416015625,76.39546203613281
0,583907,33.39745330810547,19.734853744506836,26.922332763671875,120.48126983642578
0,583907,-7.567716598510742,20.268253326416016,5.533019065856934,135.4347686767578
0,583907,-5.4102702140808105,6.4106316566467285,-4.315907001495361,114.53536987304688
0,583907,27.669017791748047,-5.614264965057373,13.287775039672852,82.79014587402344
0,583907,4.243013858795166,-35.4723014831543,-16.489315032958984,97.79352569580078
0,583908,3.828887701034546,-10.854474067687988,-30.375423431396484,71.51189422607422
0,583908,23.469667434692383,37.795623779296875,-3.801736831665039,2.3578004837036133
0,583908,15.741283416748047,9.563212394714355,-6.765961647033691,3.070735454559326
0,583908,-5.9796271324157715,-28.896106719970703,-13.864341735839844,61.745933532714844
0,583908,-7.067690372467041,13.001883506774902,9.623668670654297,77.9670181274414
0,583908,4.781050205230713,38.29393005371094,22.577425003051758,32.08946990966797
0,583909,-9.39631175994873,-8.222065925598145,5.691489219665527,11.727795600891113
0,583909,-7.877510070800781,-28.38509178161621,-11.465606689453125,-3.1380910873413086
0,583909,1.519266963005066,4.440757751464844,12.483613967895508,-45.58515548706055
0,583909,-2.8695602416992188,1.6756558418273926,15.45104694366455,-86.96072387695312
0,583909,-13.155842781066895,-11.710097312927246,-22.872051239013672,-86.80704498291016
0,583909,4.8366379737854,-0.9402056932449341,-15.486821174621582,-36.625545501708984
0,583910,28.078519821166992,-10.049189567565918,-4.687765598297119,-25.182966232299805
0,583910,-7.916128158569336,-17.782686233520508,-10.072189331054688,-49.85440444946289
0,583910,-13.496176719665527,-5.909723281860352,3.546679973602295,-38.12125778198242
0,583910,-0.6061464548110962,23.720287322998047,12.38061809539795,-29.967744827270508
0,583910,-7.525696754455566,4.328585624694824,-21.117006301879883,-36.63306427001953
0,583910,-5.892956256866455,-31.967622756958008,-3.82277774810791,-30.72945213317871
0,583911,-19.28316879272461,-6.947493553161621,35.26638412475586,-31.10721206665039
0,583911,-21.33758544921875,16.13565444946289,-2.807680368423462,4.827109336853027
0,583911,-16.686767578125,18.85631561279297,-4.73756742477417,22.387243270874023
0,583911,-22.8634033203125,-4.780441761016846,1.17991042137146,14.309598922729492
0,583911,-33.29480743408203,-6.3333353996276855,-15.235636711120605,57.667484283447266
0,583911,-22.195297241210938,7.825491905212402,42.076271057128906,18.470949172973633
0,583912,20.47088050842285,-0.308027058839798,54.66578674316406,-66.96219635009766
0,583912,32.344486236572266,22.10131072998047,2.2333426475524902,-50.899139404296875
0,583912,0.31443923711776733,7.356094837188721,25.10349464416504,-4.557967185974121
0,583912,1.244559645652771,-21.59224510192871,24.743431091308594,-39.51613235473633
0,583912,37.46956253051758,-6.88656759262085,-40.48416519165039,-28.442569732666016
0,583912,10.213022232055664,-12.5703763961792,-29.936058044433594,43.318748474121094
0,583913,-26.47028160095215,8.3919038772583,9.833176612854004,-46.51178741455078
0,583913,19.88407325744629,28.041101455688477,-14.023358345031738,-130.12770080566406
0,583913,-0.5063223242759705,-23.18454933166504,-28.34592628479004,-42.26460647583008
0,583914,-46.085723876953125,0.8395005464553833,-80.37989807128906,219.76898193359375
0,583914,-0.03669636324048042,49.56699752807617,-79.6885757446289,298.5235290527344
0,583915,32.94803237915039,-15.388249397277832,17.812904357910156,38.23848342895508
0,583915,-0.7535967826843262,-36.61949920654297,-7.455508708953857,-10.933276176452637
0,583915,-17.243162155151367,16.749597549438477,-32.14916229248047,32.18046188354492
0,583916,-90.93809509277344,12.980440139770508,-1.6703346967697144,-84.67588806152344
0,583918,27.059085845947266,14.395529747009277,113.10391235351562,267.967041015625
0,583920,216.07774353027344,-37.6485595703125,137.62013244628906,-328.6717224121094
0,583922,-0.7730464339256287,-76.53071594238281,-49.68888473510742,-770.4130249023438
0,583924,-119.8008041381836,13.691154479980469,-97.91253662109375,1023.274169921875
0,583926,-73.44905090332031,13.368780136108398,-23.663015365600586,701.3027954101562
0,583928,75.16573333740234,84.82089233398438,181.45594787597656,-1159.7921142578125
0,583930,148.2757110595703,73.50861358642578,133.8118438720703,-258.7584533691406
0,583932,-73.46456909179688,-92.97457122802734,-156.2960662841797,453.4674987792969
0,583934,-85.67989349365234,-43.87635803222656,-131.80203247070312,-175.02835083007812
0,583936,38.359832763671875,15.082629203796387,2.885650396347046,298.01495361328125
0,583938,37.8841438293457,20.786239624023438,69.27401733398438,44.990108489990234
0,583940,-25.248027801513672,14.27873420715332,-13.057236671447754,-231.802978515625
0,583942,-37.96770095825195,-11.337722778320312,-27.449359893798828,238.273681640625
0,583944,-3.949251174926758,-4.099575996398926,89.92916107177734,-459.7994689941406
0,583946,-2.5817761421203613,-25.946792602539062,6.12294864654541,-174.6917266845703
0,583948,-3.855273485183716,14.169299125671387,-140.9459686279297,522.9163818359375
0,583950,-4.725341320037842,20.609548568725586,-25.179061889648438,-100.77717590332031
0,583953,7.48458194732666,-23.685609817504883,143.81393432617188,-585.0722045898438
0,583954,1.1244235038757324,21.33803367614746,36.604270935058594,35.27922439575195
0,584070,2.166766881942749,-6.1164937019348145,-72.49378967285156,905.4945678710938
0,584071,29.22263526916504,-44.143959045410156,-37.209228515625,221.08892822265625
0,584071,-1.161278486251831,5.420511722564697,-8.040928840637207,-443.47943115234375
0,584071,-6.5045166015625,47.01404571533203,5.313913822174072,-10.513253211975098
0,584071,3.407280206680298,5.069947242736816,3.424053907394409,69.99060821533203
0,584071,3.9291415214538574,-35.0952262878418,-14.116231918334961,-28.92637062072754
0,584071,17.65970230102539,8.14033317565918,25.076799392700195,31.40957260131836
0,584072,-1.1412073373794556,2.093294382095337,46.66543197631836,11.05740737915039
0,584072,-18.160171508789062,-3.8956453800201416,-8.399394035339355,-75.36517333984375
0,584072,-17.414567947387695,-4.000660419464111,0.1384739875793457,-62.39262008666992
0,584072,0.1401141732931137,-2.394864797592163,15.51026439666748,-45.26862716674805
0,584072,5.80410623550415,40.31010818481445,-18.19367790222168,-100.73251342773438
0,584072,-7.155126094818115,10.480375289916992,-30.12293815612793,-80.0708236694336
0,584073,-8.905291557312012,-51.70216369628906,-6.536765098571777,-1.4851298332214355
0,584073,-0.8933718800544739,-9.41893196105957,25.49815559387207,25.4588565826416
0,584073,0.9643908739089966,30.630996704101562,-2.4905073642730713,24.527833938598633
0,584073,5.396102428436279,-18.07956314086914,-1.7700616121292114,30.67654037475586
0,584073,-1.0026395320892334,-27.670211791992188,66.81497192382812,5.814687252044678
0,584073,-10.534808158874512,12.014549255371094,37.35783004760742,-18.6768741607666
0,584074,4.432427406311035,15.378183364868164,-17.619159698486328,-15.794127464294434
0,584074,1.2952966690063477,-10.534210205078125,-6.099140644073486,-10.339334487915039
0,584074,-2.9498119354248047,21.63544273376465,-28.324275970458984,-1.7135792970657349
0,584074,-1.463985562324524,37.210811614990234,-42.002986907958984,-26.504467010498047
0,584074,-6.238334655761719,-23.714780807495117,-45.715431213378906,-11.68734359741211
0,584074,6.266213893890381,-16.512008666992188,-24.57734489440918,44.88519287109375
0,584075,11.53826904296875,8.046124458312988,-13.505669593811035,23.550640106201172
0,584075,13.732084274291992,3.140139579772949,-36.611175537109375,-24.828195571899414
0,584075,-6.215209007263184,5.085938930511475,-12.696910858154297,-13.920886039733887
0,584075,-38.639766693115234,-11.327024459838867,-4.99704647064209,29.069040298461914
0,584075,-27.579593658447266,13.073415756225586,-4.079930782318115,15.239493370056152
0,584076,2.150956869125366,25.94127082824707,0.35830065608024597,8.02463436126709
0,584076,1.3508375883102417,-21.69260597229004,16.108226776123047,64.13046264648438
0,584076,6.0906805992126465,-0.9906835556030273,61.93899917602539,64.68043518066406
0,584076,39.890804290771484,45.47917175292969,46.59418487548828,32.98203659057617
0,584076,31.22794532775879,-19.102140426635742,-3.886009454727173,39.012996673583984
0,584076,26.172161102294922,-45.5810432434082,8.672204971313477,24.48809814453125
0,584077,22.406312942504883,0.024992354214191437,-0.05043512582778931,13.286209106445312
0,584077,-24.839900970458984,1.3518658876419067,-21.74872398376465,41.16374588012695
0,584077,-22.257097244262695,-16.851104736328125,-8.480143547058105,0.31884264945983887
0,584077,-11.68922233581543,0.2566799521446228,-28.362018585205078,-66.37518310546875
0,584077,-32.805145263671875,24.509334564208984,-24.97055435180664,-64.30523681640625
0,584077,-17.183624267578125,-5.553429126739502,-20.943708419799805,-56.1924934387207
0,584078,-6.464753150939941,-12.786520004272461,-14.59955883026123,-15.586387634277344
0,584078,-12.04194450378418,-3.060718297958374,40.24228286743164,0.8978955745697021
0,584078,-3.4953806400299072,15.941688537597656,63.35906219482422,-41.8990592956543
0,584078,-2.070542335510254,27.611465454101562,59.16047286987305,18.110761642456055
0,584078,6.180855751037598,4.828874111175537,54.13416290283203,69.39737701416016
0,584078,20.986099243164062,-11.129446029663086,10.972179412841797,27.572616577148438
0,584079,16.407699584960938,-25.05530548095703,-2.247673511505127,24.60455322265625
0,584079,21.451244354248047,1.292475700378418,36.005653381347656,-2.4938347339630127
0,584079,33.58555603027344,20.593746185302734,-16.08173179626465,-64.13108825683594
0,584079,-8.300469398498535,-6.672580242156982,-30.7266845703125,-79.34760284423828
0,584079,-3.846557855606079,-25.849342346191406,4.372375011444092,-44.28432083129883
0,584079,5.397975921630859,-1.7477095127105713,-55.35678482055664,-32.15701675415039
0,584080,-50.116004943847656,4.602506637573242,-31.37424087524414,-65.70196533203125
0,584080,-11.895724296569824,-2.548638105392456,7.842750072479248,-44.99593734741211
0,584080,31.240982055664062,6.172640323638916,-41.39314651489258,-38.863548278808594
0,584080,-4.517471790313721,2.6195878982543945,-20.763694763183594,-8.747428894042969
0,584081,52.71150207519531,26.956764221191406,81.4123764038086,-51.84980010986328
0,584082,74.59170532226562,23.778541564941406,49.14669418334961,-103.96385955810547
0,584082,-21.36397933959961,-30.000402450561523,-65.47468566894531,94.29326629638672
0,584082,-12.352182388305664,-20.733552932739258,-2.8472838401794434,151.58763122558594
0,584082,-10.707669258117676,27.46063232421875,49.77942657470703,98.30579376220703
0,584082,-26.848220825195312,-1.703783392906189,-14.376876831054688,131.4264373779297
0,584084,25.448240280151367,-49.300472259521484,-32.91143035888672,771.83740234375
0,584086,-33.46952438354492,-30.63741683959961,-159.7593994140625,462.09478759765625
0,584088,-207.47752380371094,-45.605560302734375,-184.3365478515625,-949.171875
0,584090,1.0661989450454712,28.775415420532227,197.382568359375,-436.6220703125
0,584092,240.3491973876953,129.6087188720703,224.53927612304688,59.83023452758789
0,584094,-29.183977127075195,-48.20112991333008,-114.50961303710938,-171.1002655029297
0,584096,-69.74241638183594,-98.42095184326172,-147.6114959716797,359.58123779296875
0,584098,36.66923904418945,19.678953170776367,14.003116607666016,398.88702392578125
0,584100,-51.81625747680664,48.1107177734375,137.6349639892578,229.5455322265625
0,584102,-26.740745544433594,102.64697265625,103.75852966308594,-899.1326293945312
0,584104,79.05554962158203,47.343875885009766,23.307369232177734,-1434.3377685546875
0,584106,71.577880859375,-73.89871978759766,-51.975765228271484,1298.333984375
0,584108,-157.12899780273438,-93.40110778808594,-117.06681060791016,1478.2698974609375
0,584110,-18.39012336730957,67.11927795410156,156.7545623779297,-1159.9278564453125
0,584112,221.92005920410156,35.93714904785156,60.032066345214844,-531.087646484375
0,584114,-113.5917739868164,-166.74945068359375,-368.62249755859375,566.1000366210938
0,584116,-141.06317138671875,32.106842041015625,102.60423278808594,-159.45018005371094
0,584118,143.1188507080078,129.7041778564453,165.8952178955078,3.9456355571746826
0,584120,6.358017921447754,-17.041828155517578,-177.31178283691406,47.61372375488281
0,584122,-97.1318588256836,-36.61680603027344,109.48420715332031,212.6070098876953
0,584124,122.35838317871094,13.445387840270996,120.14669036865234,567.0883178710938
0,584251,52.327266693115234,52.57799530029297,-56.85786437988281,-894.6405639648438
0,584251,-105.5426025390625,-31.27659034729004,-97.8817138671875,-575.0403442382812
0,584251,6.376883506774902,-34.35179901123047,-35.014469146728516,671.0057983398438
0,584251,21.27816390991211,30.809207916259766,7.04887580871582,156.2069091796875
0,584251,-1.939643383026123,9.447306632995605,-26.892040252685547,-91.16020202636719
0,584251,6.2582855224609375,-30.627370834350586,-2.510249137878418,14.727154731750488
0,584252,-1.5787116289138794,-30.15059471130371,-6.056291580200195,-22.815696716308594
0,584252,3.3622941970825195,9.672248840332031,-11.638229370117188,-75.32125091552734
0,584252,18.967432022094727,6.130570411682129,19.098098754882812,-24.310651779174805
0,584252,15.553848266601562,-11.570392608642578,16.935192108154297,26.513694763183594
0,584252,-28.229942321777344,-17.121217727661133,-6.481320381164551,38.63327407836914
0,584252,-26.299537658691406,1.8650749921798706,24.873329162597656,111.568115234375
0,584253,-2.2666547298431396,19.472564697265625,53.65321731567383,106.93314361572266
0,584253,-18.045631408691406,-5.492457389831543,-1.723549485206604,9.089744567871094
0,584253,-20.198246002197266,-1.098055362701416,-5.798862457275391,-19.132184982299805
0,584253,-27.379640579223633,-1.083841323852539,62.25736618041992,-40.48834228515625
0,584253,-29.392475128173828,5.930629730224609,35.79072952270508,-81.75513458251953
0,584253,15.781720161437988,29.671010971069336,2.97351336479187,-111.90756225585938
0,584254,20.66758155822754,-18.171958923339844,9.440688133239746,-94.6749267578125
0,584254,-30.922252655029297,-43.27400207519531,-14.739258766174316,11.065387725830078
0,584254,-9.203261375427246,-6.775857925415039,-30.122358322143555,47.75094985961914
0,584254,29.367969512939453,25.93201446533203,-2.541369915008545,2.750953197479248
0,584254,10.595218658447266,23.411144256591797,-4.075112342834473,31.70572853088379
0,584255,-9.134081840515137,-6.298387050628662,-20.7274112701416,66.07034301757812
0,584255,-33.00352478027344,13.573488235473633,5.153841018676758,5.5208258628845215
0,584255,-26.836101531982422,-13.6087064743042,-14.486907958984375,-43.347774505615234
0,584255,7.220418453216553,-29.504404067993164,-19.362953186035156,-47.97538375854492
0,584255,25.505802154541016,45.69115447998047,2.8829636573791504,-39.328643798828125
0,584255,13.98562240600586,31.153852462768555,6.268945693969727,-24.104488372802734
0,584256,28.189109802246094,-29.973604202270508,27.653553009033203,-17.692718505859375
0,584256,38.78788757324219,-19.577260971069336,20.079856872558594,14.498451232910156
0,584256,26.9018611907959,17.046831130981445,-11.106573104858398,43.67087936401367
0,584256,65.74766540527344,5.066875457763672,3.9099538326263428,36.965187072753906
0,584256,45.54069900512695,-3.244428873062134,16.78533172607422,26.304302215576172
0,584256,-19.680641174316406,-3.201720714569092,-13.806258201599121,15.143248558044434
0,584257,7.242076873779297,-11.420693397521973,-10.328362464904785,18.12497329711914
0,584257,18.381256103515625,1.7454946041107178,-12.053242683410645,16.604198455810547
0,584257,-4.257357120513916,-14.408273696899414,-34.64900207519531,-25.69194793701172
0,584257,-20.29551124572754,-28.251949310302734,-22.813182830810547,-14.775691986083984
0,584257,-37.62267303466797,-1.1370322704315186,-21.113601684570312,7.340230941772461
0,584257,-29.187145233154297,6.517910957336426,-18.857192993164062,-8.941718101501465
0,584258,-31.55355453491211,3.4258646965026855,13.29784107208252,2.9854722023010254
0,584258,-21.183935165405273,7.348978519439697,11.83072566986084,14.778677940368652
0,584258,-17.489656448364258,-11.124611854553223,13.367755889892578,24.93052864074707
0,584258,-6.50234842300415,26.176231384277344,18.96190643310547,-95.01827239990234
0,584258,6.388201713562012,31.91691017150879,-2.988476514816284,-209.7149200439453
0,584258,7.193186283111572,-12.190939903259277,10.259883880615234,-125.4659194946289
0,584259,22.16884994506836,24.743738174438477,4.552058219909668,-121.01863861083984
0,584259,-4.294473648071289,17.446474075317383,-1.0274271965026855,-110.4202651977539
0,584259,-21.206865310668945,-16.376346588134766,11.831674575805664,64.5290756225586
0,584259,13.869402885437012,27.681415557861328,4.157480239868164,172.27273559570312
0,584259,17.0751895904541,29.95372772216797,-5.806593418121338,150.5694580078125
0,584259,2.4701826572418213,-8.588212013244629,-25.17613983154297,117.08357238769531
0,584260,2.7823476791381836,-14.441336631774902,-4.481999397277832,111.4609146118164
0,584260,0.5470421314239502,-8.573023796081543,35.44063186645508,87.03077697753906
0,584260,15.545293807983398,-10.703619003295898,4.995089530944824,65.66761779785156
0,584260,27.880163192749023,-24.407472610473633,-41.54621124267578,75.20469665527344
0,584260,-1.3680099248886108,-5.592602252960205,0.17500337958335876,139.08641052246094
0,584261,-16.910154342651367,13.003707885742188,19.00352668762207,104.05831909179688
0,584261,21.12977409362793,-6.3719305992126465,-30.966506958007812,-45.24985885620117
0,584261,-12.929336547851562,-41.283470153808594,-23.00762939453125,-33.7569580078125
0,584261,-85.3359146118164,-16.587615966796875,-2.1907174587249756,48.35020065307617
0,584261,-59.63999938964844,34.708919525146484,22.66213035583496,36.51852035522461
0,584262,-0.020620059221982956,-19.60808753967285,30.766651153564453,659.0170288085938
0,584263,22.18310546875,-30.136932373046875,-17.315948486328125,629.7314453125
0,584263,13.286972999572754,20.496963500976562,7.042929649353027,-606.1134643554688
0,584263,11.261333465576172,3.0369086265563965,13.808889389038086,-453.5543518066406
0,584263,3.4515738487243652,12.426400184631348,-1.4618386030197144,60.45000076293945
0,584263,13.816192626953125,21.716432571411133,13.57465648651123,-172.12770080566406
0,584265,18.486549377441406,-32.81100082397461,-37.01849365234375,11.78699016571045
0,584266,-31.788896560668945,-19.40266990661621,-76.56361389160156,-406.0240173339844
0,584269,-20.342802047729492,13.173114776611328,35.167545318603516,-2117.01953125
0,584270,26.131649017333984,6.0085883140563965,135.0958251953125,-603.4990844726562
0,584273,70.588134765625,16.48682975769043,-10.379683494567871,1945.1409912109375
0,584274,53.81147003173828,23.306058883666992,-58.91057586669922,414.0279235839844
0,584275,-62.2662239074707,28.671306610107422,18.816814422607422,-871.7500610351562
0,584278,-46.20463943481445,-21.28144073486328,-26.45267105102539,41.332618713378906
0,584279,20.36827850341797,-86.8865966796875,-58.59388732910156,1490.9857177734375
0,584282,-51.24945068359375,-31.814733505249023,-15.515944480895996,378.80755615234375
0,584283,-71.1318130493164,81.49848175048828,58.826805114746094,-1650.3138427734375
0,584286,113.39700317382812,67.26032257080078,115.6802749633789,98.3320083618164
0,584287,132.2795867919922,22.258512496948242,33.63387680053711,1430.8111572265625
0,584290,-77.54389953613281,-18.734277725219727,-109.1921615600586,-184.59136962890625
0,584291,-51.10661315917969,-74.47913360595703,-80.66602325439453,-537.9546508789062
0,584294,33.31996536254883,-43.25458908081055,9.189227104187012,56.290260314941406
0,584295,5.554018974304199,18.061737060546875,42.254886627197266,65.01834869384766
0,584298,-13.919901847839355,51.05369567871094,29.621469497680664,-470.4988098144531
0,584299,15.863763809204102,24.38863754272461,-112.79823303222656,-507.1119079589844
0,584302,-69.95361328125,33.73421859741211,25.910276412963867,874.5091552734375
0,584303,-94.06255340576172,14.10750675201416,257.9710693359375,871.1796875
0,584306,104.03213500976562,-93.79840850830078,-79.24464416503906,-47.1585807800293
0,584307,76.7027587890625,-33.246978759765625,-109.55414581298828,-593.14599609375
0,584446,-29.23678207397461,31.671279907226562,36.92851257324219,-560.7650146484375
0,584446,-43.93795394897461,-20.09929847717285,-128.01345825195312,328.558837890625
0,584446,-0.6363975405693054,16.463537216186523,32.12673568725586,56.341796875
0,584446,20.095064163208008,17.152727127075195,94.85917663574219,-324.2893981933594
0,584447,-18.252178192138672,-21.435579299926758,-19.813486099243164,-12.086016654968262
0,584447,28.4996337890625,-3.0948233604431152,-11.006118774414062,-21.643922805786133
0,584447,45.4847526550293,14.047581672668457,-8.457201957702637,44.81507873535156
0,584447,-5.519885063171387,9.109813690185547,-24.267242431640625,136.47698974609375
0,584447,-25.835962295532227,-5.391221046447754,-32.41679382324219,122.64263153076172
0,584447,-9.639921188354492,-9.3558349609375,9.192110061645508,107.7107925415039
0,584448,-28.785551071166992,13.38510513305664,26.303730010986328,38.91657638549805
0,584448,-18.793725967407227,32.43256759643555,5.30254602432251,-71.1898422241211
0,584448,2.8150010108947754,-25.723907470703125,10.160417556762695,-61.35194396972656
0,584448,-15.052107810974121,-13.524496078491211,25.744115829467773,-76.23980712890625
0,584448,9.963410377502441,15.830483436584473,3.113572597503662,-100.09075164794922
0,584448,27.09431266784668,-11.359942436218262,-17.74945640563965,-35.81241989135742
0,584449,-4.553682327270508,25.314800262451172,9.092251777648926,51.1740608215332
0,584449,13.337891578674316,0.3833967447280884,9.450587272644043,72.76355743408203
0,584449,18.906091690063477,-11.282572746276855,-21.30904197692871,38.20603942871094
0,584449,-33.0345344543457,24.158647537231445,-2.798306941986084,59.46633529663086
0,584449,9.828826904296875,2.711034059524536,4.220524787902832,53.87950134277344
0,584449,23.013113021850586,-6.574171543121338,-8.893702507019043,-4.195605278015137
0,584450,-29.61400032043457,-1.044777750968933,17.092742919921875,-45.42768478393555
0,584450,13.334939002990723,-3.4347879886627197,14.360915184020996,-50.15178680419922
0,584450,24.754314422607422,7.43058443069458,-9.24405288696289,-11.786840438842773
0,584450,-14.464545249938965,-9.913191795349121,-14.241133689880371,-3.0460009574890137
0,584450,32.11825942993164,-22.08942413330078,-10.945855140686035,11.622271537780762
0,584451,35.269287109375,4.331976413726807,7.4694013595581055,35.84047317504883
0,584451,-35.66497802734375,-11.966304779052734,-12.86595630645752,18.41305923461914
0,584451,-23.689716339111328,-13.708645820617676,-25.15096092224121,14.630152702331543
0,584451,-3.8337554931640625,25.70821189880371,26.68498992919922,9.091391563415527
0,584451,-7.750069618225098,2.8332290649414062,13.65660572052002,-16.298526763916016
0,584451,14.590293884277344,-8.521625518798828,-7.969010829925537,-40.34626770019531
0,584452,2.5038669109344482,9.240428924560547,16.691246032714844,-48.94472885131836
0,584452,-32.54099655151367,-3.1688458919525146,-7.953099727630615,-26.780723571777344
0,584452,-12.82751178741455,-5.4930949211120605,-11.975167274475098,-9.668331146240234
0,584452,18.602998733520508,-3.5479202270507812,19.857093811035156,-24.420745849609375
0,584452,7.861534595489502,-1.2267564535140991,4.324569225311279,31.283498764038086
0,584452,-10.86863899230957,0.8124854564666748,-29.66192054748535,62.26848220825195
0,584453,-28.952104568481445,2.352546453475952,6.768810272216797,-23.46319580078125
0,584453,9.08089828491211,4.779878616333008,20.793100357055664,-25.34566879272461
0,584453,36.9509162902832,12.572933197021484,-18.092761993408203,35.83392333984375
0,584453,-17.600603103637695,-18.246461868286133,4.2672505378723145,19.42144012451172
0,584453,-14.016119003295898,-14.468437194824219,28.23609733581543,-24.592493057250977
0,584453,27.105548858642578,32.05722427368164,-12.353845596313477,-16.7031192779541
0,584454,-11.29076099395752,-14.889447212219238,-23.825061798095703,1.887933611869812
0,584454,-21.53058624267578,-38.83185577392578,-2.644205331802368,11.661149978637695
0,584454,15.156976699829102,23.237991333007812,-7.176694869995117,7.7768473625183105
0,584454,-6.3651299476623535,8.377405166625977,-6.7295732498168945,-2.446913003921509
0,584454,-9.80405044555664,-36.12586212158203,2.607430934906006,10.11691951751709
0,584454,10.441771507263184,1.5418566465377808,15.946676254272461,16.58445930480957
0,584455,0.9691692590713501,37.64727020263672,9.989365577697754,20.90855598449707
0,584455,1.84222412109375,18.056493759155273,2.0453498363494873,-20.918472290039062
0,584455,2.608320951461792,-20.242984771728516,-3.9860658645629883,-28.60812759399414
0,584455,-10.449974060058594,-11.21692180633545,13.08544921875,13.189141273498535
0,584455,1.7767517566680908,25.332794189453125,26.16520881652832,-14.399641036987305
0,584455,24.017173767089844,18.262855529785156,6.8020339012146,3.356081485748291
0,584456,18.660615921020508,9.294851303100586,-5.372626304626465,36.652156829833984
0,584456,-2.2761824131011963,8.168782234191895,-9.475362777709961,4.316522598266602
0,584456,-4.150485992431641,-12.263777732849121,-2.230876922607422,-19.580263137817383
0,584456,-6.318233013153076,-15.319746971130371,-21.309484481811523,-14.201925277709961
0,584456,-8.921961784362793,27.4689998626709,-14.25249195098877,26.39022445678711
0,584456,8.997640609741211,26.72379493713379,6.253028392791748,7.735203266143799
0,584457,-3.2609171867370605,-42.73750305175781,-2.865997791290283,-26.213665008544922
0,584457,-0.2626781165599823,-27.85312843322754,-12.803426742553711,6.056841850280762
0,584457,8.559115409851074,8.141496658325195,-17.386260986328125,-5.277422904968262
0,584457,7.390799045562744,-13.896443367004395,14.34175968170166,10.847369194030762
0,584457,1.6335655450820923,-4.046682834625244,13.1243314743042,24.680675506591797
0,584457,-22.94489860534668,15.608375549316406,-18.797138214111328,-23.66230583190918
0,584459,-13.220436096191406,-22.91070556640625,-18.204174041748047,-9.5368070602417
0,584459,5.5401129722595215,-16.51939582824707,8.563618659973145,19.035276412963867
0,584459,4.12985372543335,20.186290740966797,18.205860137939453,-25.86393928527832
0,584459,-6.589450359344482,-4.634186744689941,5.1279826164245605,-35.023860931396484
0,584459,-19.52779197692871,3.577244997024536,16.355144500732422,-6.81398868560791
0,584460,-1.7505015134811401,20.91934585571289,8.064988136291504,-29.856609344482422
0,584461,11.48287296295166,11.874375343322754,-27.85504722595215,-26.584999084472656
0,584462,14.367071151733398,5.485535621643066,0.4532404839992523,21.361019134521484
0,584463,-7.275347709655762,-0.2468547821044922,58.13063049316406,20.44718360900879
0,584466,-27.547117233276367,-4.172344207763672,13.79326343536377,73.81973266601562
0,584467,58.61225128173828,-14.236654281616211,-48.3740234375,-43.59413528442383
0,584470,42.6947021484375,-30.292402267456055,-31.036725997924805,-171.8276824951172
0,584471,-83.16727447509766,-14.32839584350586,49.23961639404297,527.0991821289062
0,584474,-3.5430145263671875,43.03770446777344,9.042130470275879,-91.54898834228516
0,584475,102.7607192993164,28.351539611816406,-76.70626831054688,-553.1849365234375
0,584478,-112.86471557617188,-86.08840942382812,-55.320587158203125,540.375244140625
0,584479,-124.22111511230469,-23.965898513793945,32.029483795166016,-456.7456359863281
0,584482,186.7391815185547,132.96453857421875,126.66348266601562,-363.0909118652344
0,584484,72.99386596679688,23.533557891845703,50.50505828857422,626.9417114257812
0,584486,-102.53550720214844,-61.87254333496094,-110.88910675048828,125.73553466796875
0,584488,4.030007362365723,14.430428504943848,-83.59200286865234,586.8466796875
0,584490,-10.966765403747559,-27.087169647216797,63.32524871826172,-532.0973510742188
0,584492,-8.259031295776367,-33.61487579345703,22.490192413330078,-1542.690185546875
0,584494,36.8199348449707,32.72673416137695,10.115349769592285,789.2694091796875
0,584496,-51.31843185424805,21.66594123840332,25.947147369384766,1330.1361083984375
0,584498,6.1473588943481445,11.710565567016602,-31.175567626953125,-402.2248229980469
0,584500,109.17959594726562,-19.768417358398438,-33.67780685424805,-413.8966369628906
0,584502,-34.6174201965332,-45.29351043701172,-22.401081085205078,109.1910171508789
0,584504,-94.71955871582031,-5.45639705657959,66.0093994140625,-313.456298828125
0,584653,11.92619800567627,22.373844146728516,9.947151184082031,-14.387530326843262
0,584653,25.524656295776367,11.877601623535156,-78.2210922241211,491.9045715332031
0,584653,12.577336311340332,22.524675369262695,38.616329193115234,-101.30522918701172
0,584653,13.454516410827637,-1.0170083045959473,23.108591079711914,-187.60792541503906
0,584653,-13.44047737121582,-35.57648468017578,-34.41974639892578,86.6239242553711
0,584654,-12.249699592590332,-0.6301256418228149,9.84386920928955,-18.700159072875977
0,584654,-8.204514503479004,16.268938064575195,10.836041450500488,-19.28452491760254
0,584654,8.33357048034668,6.630972862243652,-8.458248138427734,-8.550360679626465
0,584654,2.426051616668701,-11.468461990356445,-6.0250959396362305,-21.68634033203125
0,584654,-19.596630096435547,-9.189924240112305,10.024758338928223,-7.586056709289551
0,584654,14.156099319458008,9.90304183959961,-11.094771385192871,3.403299331665039
0,584655,10.829607009887695,-9.4525785446167,0.5588057637214661,10.475381851196289
0,584655,-21.051671981811523,3.0138649940490723,30.633140563964844,10.51102352142334
0,584655,2.391829252243042,39.210872650146484,-2.266435146331787,-2.314077138900757
0,584655,13.466689109802246,-2.7406721115112305,2.904914140701294,9.922926902770996
0,584655,9.501697540283203,-16.87320899963379,21.591594696044922,8.816346168518066
0,584655,27.254858016967773,17.782695770263672,-21.316102981567383,4.579450607299805
0,584656,5.603839874267578,-21.04391098022461,-26.528194427490234,22.50299072265625
0,584656,-22.383514404296875,-11.693992614746094,7.924673557281494,7.5480499267578125
0,584656,-10.538843154907227,19.48700523376465,-3.0623297691345215,-31.87383270263672
0,584656,-1.2185486555099487,-24.830585479736328,-6.01141881942749,-6.828971862792969
0,584656,4.458794593811035,-0.24165524542331696,27.662736892700195,4.459670543670654
0,584656,9.156213760375977,28.95330810546875,-2.334063768386841,-17.860374450683594
0,584657,-9.065917015075684,-9.61780071258545,-26.75589370727539,2.3305342197418213
0,584657,-16.578872680664062,-24.407758712768555,0.8968680500984192,-6.463711261749268
0,584657,-12.222458839416504,-4.209428787231445,-6.722153663635254,-4.08145809173584
0,584657,2.0121634006500244,11.582022666931152,-3.1036007404327393,1.9100604057312012
0,584657,5.985413074493408,3.8444316387176514,31.684707641601562,-23.982017517089844
0,584658,1.4514504671096802,6.49000358581543,12.178431510925293,2.8206937313079834
0,584658,26.08538055419922,-3.0653939247131348,-26.035558700561523,4.205433368682861
0,584658,-5.605373382568359,-10.14123821258545,-5.0461745262146,-7.587565898895264
0,584658,-28.22431182861328,24.669015884399414,5.059595584869385,22.962249755859375
0,584658,23.909364700317383,20.89456558227539,0.7824411988258362,0.04351121932268143
0,584658,15.465692520141602,-17.908540725708008,14.048048973083496,-5.253997325897217
0,584659,-7.87706184387207,-5.129029750823975,4.148540019989014,-8.14603328704834
0,584659,2.1826210021972656,-3.2079389095306396,-13.317505836486816,-1.4774045944213867
0,584659,-10.271158218383789,-18.92696189880371,0.6328775882720947,52.3233528137207
0,584659,-7.920511722564697,14.573295593261719,16.42321014404297,7.933211803436279
0,584659,4.263642311096191,0.8908875584602356,-6.36469030380249,-16.10413360595703
0,584659,-0.9683662056922913,-1.6182093620300293,-5.124776363372803,-20.450834274291992
0,584660,-25.006866455078125,3.8091466426849365,-8.808540344238281,-30.339242935180664
0,584660,-7.046947479248047,-25.592885971069336,-12.49667739868164,52.24120330810547
0,584660,34.664058685302734,23.04939079284668,16.345680236816406,5.612375736236572
0,584660,1.208762526512146,9.06576156616211,8.073184967041016,-41.918914794921875
0,584660,-36.60666275024414,-26.349971771240234,5.43052864074707,37.500667572021484
0,584660,1.4674710035324097,19.758480072021484,-3.037966251373291,7.15757417678833
0,584661,38.269630432128906,10.2576322555542,-27.253376007080078,-30.84343910217285
0,584661,-7.973030090332031,-31.982437133789062,-2.326720714569092,-5.2606520652771
0,584661,-27.92678451538086,-2.5170202255249023,8.838118553161621,8.872149467468262
0,584661,15.74765682220459,39.94282913208008,0.052363134920597076,-13.542644500732422
0,584661,11.882866859436035,-7.154882431030273,2.315304756164551,-13.647664070129395
0,584661,-9.262618064880371,-32.3502197265625,2.707850456237793,30.48325538635254
0,584662,-1.2122061252593994,24.598346710205078,5.471301555633545,9.912626266479492
0,584662,2.5652501583099365,31.565237045288086,-2.3937106132507324,-19.659507751464844
0,584662,16.051122665405273,-33.733009338378906,7.590740203857422,16.93096923828125
0,584662,12.104859352111816,-8.439850807189941,14.892683029174805,23.317094802856445
0,584662,-2.753382444381714,48.65821838378906,-7.257899761199951,-19.792858123779297
0,584662,-0.25750890374183655,-24.52860450744629,-15.158881187438965,14.800904273986816
0,584663,-11.264251708984375,-32.872467041015625,7.747952938079834,19.955345153808594
0,584663,-0.13916951417922974,27.6314640045166,2.5981051921844482,-36.4950065612793
0,584663,6.572115898132324,-12.824864387512207,-17.26755142211914,8.903876304626465
0,584663,-14.370377540588379,-9.902962684631348,13.81367301940918,35.76875305175781
0,584663,-2.6945884227752686,26.251583099365234,16.695436477661133,-33.20732879638672
0,584663,13.032426834106445,6.0464558601379395,-25.811845779418945,-47.620765686035156
0,584664,-8.54369068145752,-18.416366577148438,-0.5571793913841248,12.579392433166504
0,584664,-14.192502975463867,-6.706968307495117,22.84743309020996,12.154135704040527
0,584664,18.96562385559082,15.482213973999023,-16.839519500732422,-13.342121124267578
0,584664,0.7496702671051025,-20.455791473388672,-23.476425170898438,19.207365036010742
0,584664,-24.610267639160156,-20.02336311340332,0.4145548641681671,-7.600715160369873
0,584664,12.96839714050293,19.81603240966797,20.157392501831055,-32.37705612182617
0,584665,7.1749348640441895,25.123430252075195,3.2217369079589844,2.824615478515625
0,584665,-9.016704559326172,-10.126014709472656,-13.338414192199707,6.963764667510986
0,584665,-3.4475395679473877,-19.541549682617188,13.047712326049805,7.376368999481201
0,584665,10.689617156982422,11.064719200134277,1.2816698551177979,-2.5905017852783203
0,584666,16.583242416381836,-0.8637272119522095,-0.9453772306442261,-30.77874183654785
0,584667,-7.510992527008057,10.11681079864502,14.516907691955566,-32.0938720703125
0,584667,-1.2426801919937134,13.333040237426758,-5.6844282150268555,34.11363983154297
0,584667,-5.578470706939697,-23.795026779174805,-18.834945678710938,36.34405517578125
0,584667,-5.782966613769531,11.04118824005127,-2.4073915481567383,-41.064998626708984
0,584667,17.618303298950195,20.267070770263672,12.45410442352295,-9.48288345336914
0,584667,-6.264739513397217,-36.23228073120117,-13.780220031738281,53.001529693603516
0,584669,-16.528623580932617,-22.508121490478516,-7.309932231903076,21.761798858642578
0,584670,15.588486671447754,-0.8276988863945007,-1.4186046123504639,1.0536906719207764
0,584671,3.3975043296813965,-8.247103691101074,-25.997365951538086,-5.642269611358643
0,584674,9.13149356842041,21.37679672241211,17.19904136657715,-70.34195709228516
0,584675,8.894608497619629,16.267942428588867,39.9351806640625,56.16669464111328
0,584678,-41.87360382080078,-26.704370498657227,-19.102230072021484,181.06407165527344
0,584679,-4.123109340667725,22.151884078979492,-3.548830509185791,-91.29298400878906
0,584682,25.93018341064453,28.820581436157227,28.809049606323242,-158.74057006835938
0,584683,-13.799395561218262,-20.957765579223633,7.142795562744141,100.29508972167969
0,584686,-5.405292510986328,-0.4731380343437195,-16.093555450439453,61.942474365234375
0,584687,15.169891357421875,1.9389854669570923,-15.395768165588379,-59.43931198120117
0,584690,-10.76409912109375,-4.494781970977783,21.606855392456055,-23.229549407958984
0,584692,-0.5889691114425659,0.7854061126708984,-2.61330246925354,-42.07793426513672
0,584694,35.10364532470703,13.911406517028809,-26.47844886779785,-108.98592376708984
0,584696,-8.324871063232422,-11.696046829223633,-14.673741340637207,80.09447479248047
0,584698,-32.03797149658203,-24.329458236694336,-18.5451717376709,206.93138122558594
0,584700,-4.5045037269592285,27.824176788330078,25.087493896484375,-52.20789337158203
0,584702,3.768111228942871,15.580892562866211,60.951141357421875,-207.76451110839844
0,584704,20.430622100830078,-21.332605361938477,-9.86971664428711,-109.04417419433594
0,584706,4.6927714347839355,11.407974243164062,-15.809562683105469,160.389404296875
0,584708,-11.928400993347168,2.9114465713500977,11.655858993530273,275.3534851074219
0,584710,0.07392846792936325,-35.037994384765625,-39.516937255859375,-59.58575439453125
0,584712,-8.34004020690918,4.990341663360596,-7.374784469604492,-211.45736694335938
0,584870,3.0897533893585205,26.7211971282959,31.262062072753906,29.072999954223633
0,584870,4.874764442443848,1.2217267751693726,11.958144187927246,35.15626525878906
0,584870,-6.931947708129883,-5.432416915893555,-18.4168701171875,-34.83407974243164
0,584870,16.311599731445312,-0.15203535556793213,-21.278799057006836,1.2520643472671509
0,584871,3.9056363105773926,-19.64887809753418,5.410983085632324,12.505682945251465
0,584871,-18.686525344848633,-24.1501522064209,-7.193740367889404,27.926719665527344
0,584871,12.182419776916504,17.612197875976562,10.318632125854492,-23.289003372192383
0,584871,-5.160970687866211,26.874271392822266,16.15473175048828,-27.590654373168945
0,584871,-16.349109649658203,-7.672276496887207,-16.457551956176758,31.247203826904297
0,584871,25.368083953857422,-14.27938175201416,0.47402000427246094,28.917131423950195
0,584872,22.85562515258789,5.89880895614624,13.226373672485352,-16.719280242919922
0,584872,-13.161328315734863,13.05456256866455,-11.014769554138184,-11.992505073547363
0,584872,-34.4660530090332,-11.908980369567871,-8.83346939086914,19.130393981933594
0,584872,-1.9245661497116089,-20.675121307373047,10.789130210876465,19.24409294128418
0,584872,23.83245086669922,10.138279914855957,-1.6990116834640503,-7.855279445648193
0,584872,1.0593314170837402,29.426515579223633,-3.5738492012023926,-23.29905128479004
0,584873,3.201887369155884,9.330022811889648,9.0880765914917,-6.883309364318848
0,584873,-4.787667751312256,-18.03250503540039,-5.571113586425781,-2.8552865982055664
0,584873,-25.420194625854492,1.234994649887085,-4.129700660705566,13.281896591186523
0,584873,8.854287147521973,12.584108352661133,31.391929626464844,18.456039428710938
0,584873,14.217025756835938,6.2519211769104,23.46135902404785,-22.832351684570312
0,584874,-5.452322959899902,-1.8636585474014282,-25.637712478637695,-3.8480803966522217
0,584874,-2.2077620029449463,-16.81862449645996,-18.270889282226562,48.862396240234375
0,584874,-1.5246717929840088,0.13923607766628265,15.627030372619629,-1.0248500108718872
0,584874,15.849499702453613,10.950288772583008,-7.86848783493042,-36.82422637939453
0,584874,5.218441963195801,3.2463343143463135,-4.938083648681641,3.928428888320923
0,584874,-2.402329921722412,3.3562896251678467,13.140809059143066,-7.415764331817627
0,584875,10.697169303894043,-6.415152072906494,-18.0050106048584,-12.145440101623535
0,584875,-17.228134155273438,-16.979930877685547,-8.693130493164062,20.45186424255371
0,584875,-26.3505802154541,6.333806037902832,12.931102752685547,4.808000087738037
0,584875,14.917234420776367,7.104498386383057,-7.810625076293945,-29.79706382751465
0,584875,13.493086814880371,-20.988893508911133,-3.7013871669769287,14.645548820495605
0,584875,-16.346843719482422,-2.3432984352111816,13.1221923828125,22.342756271362305
0,584876,8.99585247039795,10.921544075012207,-3.8716938495635986,-34.44182586669922
0,584876,6.383810997009277,-14.932561874389648,-3.67992901802063,-1.2697515487670898
0,584876,-24.240964889526367,-12.20742416381836,11.068119049072266,32.47863006591797
0,584876,6.040923595428467,20.624996185302734,-10.064346313476562,-2.1742103099823
0,584876,20.38284683227539,0.958305299282074,-11.886619567871094,-19.418046951293945
0,584876,-9.539058685302734,-3.9012343883514404,9.355330467224121,8.290412902832031
0,584877,-15.243419647216797,25.5775146484375,-4.940932750701904,-0.31783759593963623
0,584877,-5.553525924682617,-17.717164993286133,9.24400520324707,-9.567000389099121
0,584877,-0.9006368517875671,-11.173613548278809,17.66986846923828,17.167753219604492
0,584877,14.80636978149414,32.837730407714844,-17.10439682006836,17.073814392089844
0,584877,14.312548637390137,-13.539750099182129,-7.6772780418396,-13.018391609191895
0,584877,-9.297417640686035,-2.5139496326446533,4.2727885246276855,-8.881426811218262
0,584878,-11.626502990722656,11.202548027038574,6.207006454467773,-7.688460350036621
0,584878,19.313295364379883,-27.68488883972168,18.059022903442383,-26.999649047851562
0,584878,20.845474243164062,12.134649276733398,-9.382672309875488,13.661073684692383
0,584878,-15.532343864440918,7.453305721282959,-17.707809448242188,12.737089157104492
0,584878,-2.850541830062866,-9.894638061523438,4.859220504760742,-16.071060180664062
0,584878,18.298654556274414,11.25465202331543,6.193711757659912,13.967489242553711
0,584879,0.16744783520698547,-3.9994723796844482,14.528885841369629,17.941865921020508
0,584879,-12.361882209777832,-5.063318729400635,12.814106941223145,-23.303627014160156
0,584879,-1.7630082368850708,7.192556858062744,-24.4749698638916,-12.464478492736816
0,584879,-9.063343048095703,-4.154603004455566,-24.811229705810547,18.206653594970703
0,584879,-19.563007354736328,-20.038902282714844,25.752120971679688,8.200611114501953
0,584879,-1.1967096328735352,16.712879180908203,10.823432922363281,-5.884479522705078
0,584880,19.40204429626465,23.808889389038086,-12.965309143066406,2.635850429534912
0,584880,7.985486030578613,-10.177948951721191,1.3027666807174683,-6.3567914962768555
0,584880,-31.258956909179688,-18.995973587036133,-12.540586471557617,0.19905032217502594
0,584880,-21.82114601135254,-2.754826784133911,-1.2574964761734009,38.146209716796875
0,584880,26.759872436523438,30.859169006347656,10.217024803161621,-15.98060131072998
0,584880,25.573116302490234,-7.840022563934326,-0.0735730528831482,-36.55311584472656
0,584881,-10.795797348022461,-17.91126823425293,1.172173023223877,12.007538795471191
0,584881,-16.04214096069336,7.9761762619018555,-22.152746200561523,6.549551963806152
0,584881,3.03191876411438,4.365050792694092,-2.1480352878570557,11.790942192077637
0,584881,15.232527732849121,-7.214911460876465,28.619766235351562,-4.916060447692871
0,584881,-8.28237533569336,-18.729990005493164,-10.796927452087402,-20.314146041870117
0,584882,-6.9336466789245605,36.213172912597656,-2.582590103149414,-1.6655105352401733
0,584882,15.406624794006348,1.393502116203308,12.981904029846191,-1.812051773071289
0,584882,-13.453893661499023,-42.520721435546875,-7.248776912689209,9.278861045837402
0,584882,0.7886147499084473,25.004106521606445,-6.386720180511475,10.768038749694824
0,584882,4.089405536651611,19.061710357666016,1.737775444984436,-3.7698845863342285
0,584882,10.982617378234863,-17.481401443481445,3.371758222579956,1.404222011566162
0,584883,30.35013198852539,4.765513896942139,12.444036483764648,1.696621298789978
0,584883,-31.602397918701172,4.566900730133057,-2.912222146987915,-10.148381233215332
0,584883,-13.015193939208984,-12.757742881774902,-25.193796157836914,2.2009356021881104
0,584883,23.026172637939453,13.59570598602295,19.93321418762207,0.029978949576616287
0,584883,6.339381217956543,2.2114040851593018,5.142796039581299,43.45795822143555
0,584885,-3.0688250064849854,-20.314207077026367,-14.79037094116211,3.790207624435425
0,584885,-24.111419677734375,-10.153448104858398,17.654722213745117,-78.98863983154297
0,584885,-11.47397518157959,-4.570432662963867,-0.2289706915616989,36.500709533691406
0,584885,8.258756637573242,22.90081024169922,1.0611560344696045,30.6278018951416
0,584885,11.423104286193848,9.282463073730469,-1.3120449781417847,-36.8404655456543
0,584885,12.566843032836914,-6.918881893157959,-13.961092948913574,1.464657187461853
0,584886,-1.8711470365524292,-5.3608551025390625,-11.138855934143066,18.213226318359375
0,584887,1.2628734111785889,-7.250802516937256,-9.985422134399414,9.466917037963867
0,584888,-18.95608139038086,-6.176273822784424,8.518416404724121,-17.767915725708008
0,584889,-28.124422073364258,-1.9939216375350952,21.527103424072266,-1.9204312562942505
0,584892,50.6009521484375,4.671045780181885,-35.385379791259766,-41.99111557006836
0,584894,46.7492561340332,-8.484493255615234,-17.100271224975586,-10.064095497131348
0,584896,-39.104068756103516,6.036252975463867,43.700721740722656,66.75910186767578
0,584898,-35.23091506958008,-2.6087942123413086,-10.123600006103516,3.3944296836853027
0,584900,-3.890970230102539,-4.986937999725342,15.948403358459473,-46.541751861572266
0,584902,-7.710853099822998,40.58150100708008,13.258851051330566,-19.177501678466797
0,584904,13.600041389465332,-5.2100749015808105,-41.16788101196289,36.244895935058594
0,584906,9.686628341674805,-6.702193737030029,47.14779281616211,37.647247314453125
0,584908,7.844022750854492,37.91569519042969,32.243370056152344,-5.134637832641602
0,584910,0.28394684195518494,-32.45198059082031,-52.53534698486328,-6.511281967163086
0,584912,-16.886823654174805,-29.694787979125977,-23.492734909057617,-16.549705505371094
0,584914,16.173179626464844,10.6163969039917,-14.5353364944458,-32.032955169677734
0,585066,-9.604028701782227,27.64112663269043,55.609134674072266,57.248355865478516
0,585066,-16.82472801208496,20.053617477416992,56.27573776245117,43.11111068725586
0,585066,15.975648880004883,-25.837417602539062,-67.44954681396484,-37.60723876953125
0,585066,-8.091984748840332,-23.222213745117188,-27.10555076599121,-11.749112129211426
0,585066,5.333822727203369,-19.840303421020508,31.29298973083496,-15.526680946350098
0,585067,12.626214981079102,0.6364785432815552,-12.336226463317871,-14.006203651428223
0,585067,-24.376554489135742,26.71766471862793,-18.640901565551758,17.392162322998047
0,585067,1.4152863025665283,3.4439568519592285,25.94550132751465,4.103813171386719
0,585067,27.663368225097656,-9.084373474121094,17.6223201751709,-16.964513778686523
0,585067,-3.583967685699463,4.21626615524292,-18.725414276123047,-5.211156845092773
0,585067,-13.88405990600586,-10.133684158325195,-18.971250534057617,-16.384069442749023
0,585068,7.45255708694458,-7.586905002593994,-24.32790184020996,-1.9121325016021729
0,585068,6.692852973937988,21.118696212768555,0.34806200861930847,15.470781326293945
0,585068,-9.74197006225586,2.4302802085876465,30.338363647460938,12.682819366455078
0,585068,0.9687270522117615,-18.948755264282227,21.338180541992188,23.685171127319336
0,585068,27.30812644958496,5.659853935241699,-23.547321319580078,-11.495478630065918
0,585069,-1.6858381032943726,12.742277145385742,-22.135986328125,-16.913299560546875
0,585069,-31.354604721069336,7.228576183319092,40.548274993896484,18.542449951171875
0,585069,5.540982246398926,6.00609016418457,10.13193130493164,5.999725341796875
0,585069,16.378503799438477,-24.5416259765625,-17.71982192993164,-2.7569241523742676
0,585069,-3.336184501647949,7.358570098876953,13.520374298095703,-12.842209815979004
0,585069,-13.354609489440918,17.391490936279297,-21.149267196655273,-5.125604629516602
0,585070,2.5533642768859863,-30.12826156616211,-24.25272560119629,6.884124279022217
0,585070,5.632207870483398,-8.150330543518066,11.804327011108398,-19.242332458496094
0,585070,-15.401313781738281,-11.263056755065918,15.207956314086914,12.081619262695312
0,585070,4.270369529724121,7.943982124328613,3.7403597831726074,18.774885177612305
0,585070,3.8628273010253906,50.25316619873047,0.16228924691677094,-30.177684783935547
0,585070,-7.419864177703857,-12.74582290649414,-10.213098526000977,-18.122758865356445
0,585071,2.0140552520751953,-36.82534408569336,-14.488170623779297,14.265776634216309
0,585071,5.553593635559082,6.681331634521484,13.337746620178223,7.973968982696533
0,585071,-5.601739406585693,11.992185592651367,12.503718376159668,9.455985069274902
0,585071,-7.728659152984619,16.57154083251953,3.47284197807312,7.676354885101318
0,585071,14.008864402770996,0.10377242416143417,-5.814617156982422,-33.58611297607422
0,585071,-3.5810229778289795,-18.444713592529297,-4.890024185180664,-15.696038246154785
0,585072,-2.8192923069000244,6.278903961181641,3.4592251777648926,23.36582374572754
0,585072,9.042219161987305,7.614510536193848,1.0999242067337036,-8.878451347351074
0,585072,-11.11350154876709,-7.0613532066345215,12.606587409973145,4.090157508850098
0,585072,3.477848529815674,0.5040673017501831,-9.791324615478516,42.317806243896484
0,585072,19.868318557739258,-3.03342342376709,-5.110236167907715,4.019258499145508
0,585073,-0.5434231758117676,5.290234088897705,37.08096694946289,-30.827964782714844
0,585073,-3.443882465362549,19.417455673217773,-16.265499114990234,2.3777265548706055
0,585073,5.544332504272461,-23.53895378112793,-34.29442596435547,8.642128944396973
0,585073,-10.024120330810547,-31.842897415161133,25.260984420776367,8.322509765625
0,585073,0.07528456300497055,32.99658203125,3.4607248306274414,-0.39653918147087097
0,585073,3.929722547531128,26.16314697265625,-33.04034423828125,-32.55453872680664
0,585074,-11.226069450378418,-47.006038665771484,-3.087722063064575,17.3138370513916
0,585074,2.9986207485198975,-1.8649559020996094,31.650943756103516,22.146400451660156
0,585074,-0.5376466512680054,59.56557846069336,-0.36975401639938354,-33.04469299316406
0,585074,-6.707549571990967,-10.121012687683105,-22.523441314697266,-16.842187881469727
0,585074,7.289405345916748,-30.874221801757812,20.665578842163086,32.75556945800781
0,585074,-2.3735334873199463,2.9206058979034424,9.722137451171875,20.0350341796875
0,585075,-1.6135283708572388,6.367356300354004,-21.89314842224121,-26.19550132751465
0,585075,12.214578628540039,-8.404206275939941,-1.9580382108688354,-0.6589627265930176
0,585075,3.4550275802612305,5.434091567993164,14.872509956359863,11.294694900512695
0,585075,-1.9189903736114502,7.352725505828857,-5.5339674949646,-11.67909049987793
0,585075,-12.609979629516602,-32.68710708618164,-5.771169185638428,-4.615561485290527
0,585075,-8.184597969055176,2.699197769165039,11.663159370422363,-14.410245895385742
0,585076,4.965790271759033,16.54534912109375,-20.323200225830078,-7.463979721069336
0,585076,-5.09235143661499,-8.228039741516113,-4.416937828063965,-1.5622080564498901
0,585076,-17.062387466430664,-2.8465869426727295,11.4209623336792,-3.4266085624694824
0,585076,-13.460765838623047,-6.940645694732666,-25.04733657836914,1.5833090543746948
0,585076,9.178511619567871,0.6093815565109253,5.153567790985107,13.379239082336426
0,585076,24.342348098754883,26.3620548248291,30.202356338500977,30.207029342651367
0,585077,-1.239132046699524,-0.7331216931343079,1.8408828973770142,-8.26028060913086
0,585077,-14.703581809997559,-15.694225311279297,3.3600752353668213,12.868938446044922
0,585077,30.364810943603516,24.12944793701172,-4.380215644836426,24.94536590576172
0,585077,5.40659761428833,5.777023792266846,-20.178651809692383,-17.74810028076172
0,585077,-34.57626724243164,-18.607616424560547,18.894123077392578,5.45892858505249
0,585077,-0.24020987749099731,-5.238244533538818,24.474712371826172,22.713537216186523
0,585078,20.068044662475586,31.030792236328125,4.134592533111572,7.826694011688232
0,585078,24.231504440307617,11.700562477111816,3.9117379188537598,-29.90715980529785
0,585078,4.2725443840026855,-33.63262939453125,-32.40760803222656,-16.225587844848633
0,585078,-28.080135345458984,-5.860444068908691,-20.017322540283203,22.448692321777344
0,585078,-8.300470352172852,24.65232276916504,28.70482063293457,-0.49089324474334717
0,585078,19.265451431274414,7.071488380432129,-0.14523376524448395,-12.757855415344238
0,585079,-1.9812034368515015,-35.222320556640625,-29.261001586914062,-10.062180519104004
0,585080,3.8118014335632324,-9.514754295349121,15.565746307373047,23.006912231445312
0,585080,16.243850708007812,23.73971939086914,21.137435913085938,23.97164535522461
0,585080,-3.0475053787231445,-7.636199474334717,-33.247554779052734,-23.59063148498535
0,585080,-10.428031921386719,-3.631221055984497,-12.726259231567383,-2.1672780513763428
0,585081,-14.210777282714844,9.48099422454834,29.030664443969727,15.688501358032227
0,585081,-6.079824447631836,-16.324668884277344,15.614738464355469,-15.441219329833984
0,585081,8.120820045471191,-3.059692621231079,-14.366544723510742,-24.591655731201172
0,585082,-13.943843841552734,17.083484649658203,-19.468345642089844,-16.472543716430664
0,585083,-17.00906753540039,-1.8922629356384277,27.087841033935547,-30.583393096923828
0,585086,13.169282913208008,-3.3814806938171387,19.983644485473633,-14.214326858520508
0,585087,8.39561653137207,12.885747909545898,-19.945627212524414,10.856156349182129
0,585090,9.727766036987305,-15.097761154174805,-14.095712661743164,10.128146171569824
0,585091,0.2616041898727417,-25.43719482421875,-30.54976463317871,-37.28474044799805
0,585094,-7.7021260261535645,20.74396514892578,-13.578012466430664,12.58752727508545
0,585096,12.551315307617188,-2.7456557750701904,28.979557037353516,70.84996795654297
0,585098,-1.9418085813522339,5.246073246002197,27.66789436340332,3.168888568878174
0,585100,-26.941112518310547,11.205094337463379,-1.845428228378296,-7.924671649932861
0,585102,3.849193811416626,-25.212839126586914,-11.855207443237305,-25.63971710205078
0,585104,12.679899215698242,22.656938552856445,9.283101081848145,-22.839963912963867
0,585106,-4.24859619140625,15.219574928283691,5.829299449920654,23.890642166137695
0,585108,12.517178535461426,-8.4420166015625,0.7828076481819153,51.03068161010742
0,585110,9.152512550354004,3.211447238922119,-11.626477241516113,-17.510513305664062
0,585112,8.652286529541016,0.5406139492988586,-3.8491570949554443,-31.49591636657715
0,585114,-27.339139938354492,-26.065481185913086,15.772794723510742,27.669538497924805
0,585116,-15.205859184265137,-25.649457931518555,-17.956743240356445,9.899494171142578
0,585118,24.807832717895508,31.926128387451172,-9.279070854187012,-11.935663223266602
0,585120,-5.4853363037109375,30.738662719726562,26.741609573364258,-52.002967834472656
0,585122,2.838669776916504,3.897481679916382,16.30335807800293,12.241581916809082
0,585278,3.506324052810669,-27.907445907592773,-32.41595458984375,69.14226531982422
0,585279,-9.000743865966797,-16.722511291503906,-35.130943298339844,-21.005475997924805
0,585279,1.0721049308776855,25.90438461303711,35.616737365722656,-15.59454345703125
0,585279,-7.786330223083496,-1.7765618562698364,27.164812088012695,20.833847045898438
0,585279,-1.3398091793060303,-5.471812725067139,-8.131104469299316,-33.9726448059082
0,585279,21.539461135864258,12.928939819335938,-1.5237263441085815,-18.265140533447266
0,585279,1.7045360803604126,-6.408806324005127,-10.708822250366211,14.249939918518066
0,585280,-10.970635414123535,-21.17699432373047,-2.5075676441192627,7.546929836273193
0,585280,5.317927837371826,-4.740791320800781,2.246389150619507,29.394203186035156
0,585280,6.229494094848633,16.217300415039062,-3.4199748039245605,5.442594528198242
0,585280,7.674113750457764,14.622958183288574,-2.060309410095215,-26.8814697265625
0,585280,-16.113479614257812,-5.17869234085083,-2.3565149307250977,9.858504295349121
0,585280,-25.728519439697266,-20.518064498901367,3.199633836746216,19.136371612548828
0,585281,13.79944133758545,-3.062068462371826,-11.061973571777344,-29.752336502075195
0,585281,4.681687355041504,10.144200325012207,-8.149214744567871,-11.204998970031738
0,585281,-15.810324668884277,5.957291126251221,26.85957908630371,24.69560432434082
0,585281,16.549955368041992,10.2987642288208,2.394667387008667,-2.064892292022705
0,585281,18.518789291381836,0.5955826640129089,-11.838238716125488,-26.644927978515625
0,585281,0.04989081248641014,-6.384833335876465,13.054678916931152,-22.35550880432129
0,585282,-14.580784797668457,-3.2229301929473877,-11.812893867492676,18.324108123779297
0,585282,-11.93730354309082,-13.635662078857422,-1.9054391384124756,26.739723205566406
0,585282,5.394808769226074,-8.313392639160156,23.05006980895996,-7.5128655433654785
0,585282,2.1178784370422363,19.323974609375,2.2074313163757324,-2.5393385887145996
0,585282,0.5849514603614807,23.848896026611328,-11.893166542053223,13.15868854522705
0,585282,-4.7356343269348145,-22.15870475769043,-11.913541793823242,-5.895110607147217
0,585283,-4.717156410217285,-18.40731430053711,7.214529037475586,-5.596407413482666
0,585283,-7.148369312286377,19.403539657592773,-6.617281436920166,3.569321393966675
0,585283,5.067335605621338,9.339890480041504,-13.638010025024414,-7.73251485824585
0,585283,22.031476974487305,-15.021712303161621,2.8965871334075928,-3.42730450630188
0,585283,-2.036750078201294,-11.762191772460938,-12.103032112121582,19.656259536743164
0,585284,-5.05286979675293,9.205276489257812,15.077840805053711,-1.8833444118499756
0,585284,-7.91880989074707,-13.242008209228516,8.491011619567871,-8.119009017944336
0,585284,-10.82440185546875,-0.9167605638504028,-7.398929119110107,26.123178482055664
0,585284,21.558921813964844,26.110774993896484,30.077438354492188,-5.484318256378174
0,585284,14.313955307006836,-1.5772548913955688,-0.897968590259552,-13.116846084594727
0,585284,-25.474294662475586,-6.3960089683532715,-7.940368175506592,-10.187792778015137
0,585285,-12.712451934814453,13.698211669921875,25.083803176879883,-11.218964576721191
0,585285,37.087440490722656,-3.330756425857544,-18.14164924621582,12.897382736206055
0,585285,-11.460389137268066,-19.69197654724121,-43.317569732666016,2.6930654048919678
0,585285,-34.035179138183594,24.99690818786621,6.327029705047607,3.815666437149048
0,585285,43.249603271484375,24.41472053527832,22.752927780151367,3.1867120265960693
0,585285,9.703347206115723,-35.664371490478516,2.1753649711608887,-11.884873390197754
0,585286,-25.345556259155273,-3.728663444519043,-7.845414638519287,9.288515090942383
0,585286,8.446409225463867,18.505056381225586,-8.232892990112305,22.529680252075195
0,585286,4.311837673187256,-12.039081573486328,1.9697933197021484,-26.673364639282227
0,585286,6.1924920082092285,-0.6780204176902771,-15.270031929016113,-40.64824676513672
0,585286,-2.959688425064087,-7.894739627838135,11.025838851928711,3.257014513015747
0,585286,-12.589694023132324,-3.5759408473968506,36.877323150634766,21.935749053955078
0,585287,-5.650001049041748,16.582324981689453,-27.521404266357422,9.506091117858887
0,585287,6.659317970275879,1.8421642780303955,-17.4497013092041,-4.517409801483154
0,585287,4.716172218322754,-27.486801147460938,28.716075897216797,4.138581275939941
0,585287,-11.309307098388672,-20.4256534576416,0.34595417976379395,9.260573387145996
0,585287,-3.600503921508789,2.418377637863159,-24.9483585357666,-18.393569946289062
0,585287,-16.2596378326416,9.503493309020996,-3.9748663902282715,0.9353619813919067
0,585288,-3.903064250946045,6.848672866821289,11.855581283569336,21.778209686279297
0,585288,16.715967178344727,-14.522344589233398,-1.0695154666900635,-9.362850189208984
0,585288,-1.4927793741226196,0.9842861294746399,13.937775611877441,9.377446174621582
0,585288,22.168296813964844,22.71478843688965,12.90019416809082,9.48642349243164
0,585288,24.496490478515625,17.998214721679688,-15.83088493347168,-30.361263275146484
0,585288,-18.545284271240234,-5.3422369956970215,-13.68574047088623,-0.7785717248916626
0,585289,-23.14723777770996,-8.313943862915039,25.955364227294922,23.084495544433594
0,585289,17.162158966064453,39.77493667602539,10.310417175292969,-14.355250358581543
0,585289,18.357322692871094,-3.566512107849121,-22.673330307006836,-2.7363736629486084
0,585289,-22.44369125366211,-30.716135025024414,-3.1810226440429688,17.873249053955078
0,585289,-18.450998306274414,12.552105903625488,-7.738351345062256,-8.378076553344727
0,585289,0.337522953748703,8.528640747070312,-2.397099018096924,2.4549288749694824
0,585290,16.773984909057617,4.425413131713867,14.32890796661377,18.6193790435791
0,585290,3.9600157737731934,-11.322709083557129,-14.672697067260742,0.2154439389705658
0,585290,-25.284648895263672,-16.94709014892578,-16.54474449157715,-1.682018756866455
0,585290,0.6655941009521484,-0.7679407000541687,15.163975715637207,-2.811908721923828
0,585290,7.73807430267334,13.025703430175781,-8.937779426574707,-17.070621490478516
0,585291,-6.08276891708374,-5.537632465362549,13.545763969421387,-5.934595584869385
0,585291,11.56187915802002,-28.41639518737793,21.92900276184082,-6.637752056121826
0,585291,1.9944299459457397,5.579656600952148,-31.930213928222656,-1.6265615224838257
0,585291,0.5839927196502686,10.102787971496582,7.582819938659668,7.3923540115356445
0,585291,14.322027206420898,-8.020862579345703,17.6835994720459,-21.206886291503906
0,585291,-12.086884498596191,-2.774350643157959,-13.258353233337402,7.575606822967529
0,585291,-12.605497360229492,-8.120905876159668,6.485363483428955,2.8552818298339844
0,585293,13.00885009765625,-6.600887298583984,16.386518478393555,-18.010154724121094
0,585293,7.138263702392578,23.465591430664062,-5.645089149475098,24.63693618774414
0,585293,-4.52290153503418,36.34611129760742,-19.857702255249023,-6.506977558135986
0,585293,3.708738088607788,-20.59796905517578,10.914999961853027,-5.9628825187683105
0,585293,11.470649719238281,-8.900968551635742,11.98487663269043,14.736177444458008
0,585294,0.14639073610305786,28.382047653198242,3.772625207901001,-18.2745361328125
0,585294,-23.16417121887207,-29.481281280517578,-1.4975359439849854,8.150690078735352
0,585295,-23.29633903503418,-19.609487533569336,-22.738210678100586,-2.865851879119873
0,585296,6.9609174728393555,38.021240234375,5.3519110679626465,-0.5875822901725769
0,585298,25.924068450927734,4.115647792816162,9.482111930847168,53.73589324951172
0,585300,-7.639557361602783,-26.356338500976562,-20.749372482299805,14.947025299072266
0,585302,-28.81096839904785,14.744218826293945,6.121351718902588,-41.5880012512207
0,585304,22.59978485107422,14.191832542419434,32.231048583984375,5.501522064208984
0,585306,5.6753411293029785,-28.706817626953125,-9.19798469543457,52.22585678100586
0,585308,-1.5710703134536743,-13.006464958190918,-25.32787322998047,-72.86734008789062
0,585310,11.754450798034668,17.848234176635742,2.718923568725586,-67.12674713134766
0,585313,-17.45150375366211,1.5340477228164673,-13.616168975830078,63.340824127197266
0,585314,18.867443084716797,-3.160283088684082,-7.534760475158691,25.483552932739258
0,585317,-10.766480445861816,9.68695068359375,21.96778106689453,5.52962589263916
0,585318,-9.173079490661621,-11.564193725585938,6.977892875671387,-3.5923497676849365
0,585321,20.826797485351562,-7.916780471801758,-2.3347203731536865,-23.282384872436523
0,585322,-24.039793014526367,12.881875038146973,5.181243419647217,29.685571670532227
0,585325,-7.013347148895264,6.190308570861816,5.694651126861572,-3.831282138824463
0,585326,8.050281524658203,8.0410737991333,-9.627372741699219,-45.67679977416992
0,585327,12.06640625,-0.32608380913734436,3.436556100845337,-29.716150283813477
0,585330,0.33865678310394287,-7.592614650726318,1.3038181066513062,23.742422103881836
0,585331,7.054689407348633,2.690156936645508,-6.6800217628479,79.99175262451172
0,585334,31.26590919494629,0.7008004188537598,13.844259262084961,-25.29839515686035
0,585335,-20.797433853149414,-14.332284927368164,-12.026777267456055,-58.269954681396484
0,585338,-23.66409683227539,-7.139239311218262,-23.786224365234375,36.94804382324219
0,585339,9.144874572753906,2.322960615158081,18.074176788330078,29.482942581176758
0,585342,7.914103031158447,12.4589204788208,26.587936401367188,-47.81898880004883
1,586606,6.56937837600708,10.726096153259277,-20.07155990600586,-2.075011730194092
1,586609,-22.138160705566406,-37.326168060302734,-24.1226749420166,27.383808135986328
1,586610,-9.35291862487793,-5.749609470367432,6.569040298461914,-20.157920837402344
1,586613,15.617058753967285,37.38114929199219,-1.6249922513961792,27.451074600219727
1,586614,-5.0188469886779785,-14.636367797851562,10.599177360534668,-12.834670066833496
1,586615,-1.630537509918213,3.517561435699463,19.19524383544922,4.368825912475586
1,586622,-11.445629119873047,50.320953369140625,12.783636093139648,34.63029861450195
1,586622,-13.653632164001465,-11.873343467712402,13.396368026733398,-45.57441711425781
1,586623,12.735630989074707,-39.65274429321289,-22.29570960998535,10.811755180358887
1,586624,-2.0250771045684814,8.339621543884277,-9.3673095703125,25.394874572753906
1,586627,7.524620056152344,0.04775892198085785,-4.660515308380127,-34.6561393737793
1,586628,23.972929000854492,-23.16459083557129,-24.30449104309082,-46.0347785949707
1,586629,7.939967155456543,-2.3895983695983887,1.7875391244888306,-7.128119945526123
1,586632,-8.693939208984375,24.46979331970215,10.868002891540527,46.35785675048828
1,586633,-14.686802864074707,0.7262962460517883,-2.4295814037323,38.2233772277832
1,586636,6.97978401184082,-32.87259292602539,0.6503221988677979,-7.803577423095703
1,586637,-10.402130126953125,9.25784969329834,14.597685813903809,-26.40740203857422
1,586640,4.727513313293457,44.99280548095703,6.037856578826904,15.152878761291504
1,586641,24.488420486450195,-17.988561630249023,14.14427375793457,11.007099151611328
1,586644,-22.93967628479004,-29.947006225585938,-7.853839874267578,-38.87828063964844
1,586663,-13.674409866333008,30.180585861206055,-20.860111236572266,-6.464293956756592
1,586663,-6.082995891571045,6.3394317626953125,17.532987594604492,49.372737884521484
1,586664,-6.283243179321289,3.906538963317871,-0.7145164608955383,18.431495666503906
1,586664,13.054571151733398,10.149621963500977,-14.533212661743164,-26.117820739746094
1,586664,2.41668963432312,-32.15320587158203,3.3098855018615723,-30.280166625976562
1,586664,-6.15431022644043,-7.7686052322387695,11.540691375732422,-8.218241691589355
1,586664,0.372325599193573,4.520786285400391,1.330636978149414,-2.81665301322937
1,586664,19.037620544433594,7.670067310333252,-18.260942459106445,-6.0755791664123535
1,586665,10.47200870513916,1.7272117137908936,-10.759808540344238,-1.0511161088943481
1,586665,-2.827918291091919,-26.069318771362305,3.052849531173706,17.873258590698242
1,586666,0.9423943161964417,22.585594177246094,14.149093627929688,20.028579711914062
1,586667,2.9197211265563965,4.880198001861572,0.28997570276260376,1.1004232168197632
1,586670,3.0259673595428467,-19.175891876220703,-29.23743438720703,5.264832496643066
1,586672,-3.5123584270477295,26.19849967956543,1.8557325601577759,-8.766327857971191
1,586674,10.254607200622559,1.936789631843567,28.758563995361328,16.628217697143555
1,586676,-0.8732948303222656,-11.70492935180664,5.353150367736816,-10.733153343200684
1,586678,-35.20293426513672,12.88910961151123,-3.8917949199676514,-27.44158172607422
1,586680,3.3450136184692383,3.534959077835083,-7.673389911651611,44.70225143432617
1,586682,23.79186248779297,-20.244112014770508,3.2633206844329834,1.0573986768722534
1,586684,-24.916318893432617,12.121295928955078,6.67866325378418,-42.23868179321289
1,586686,-8.737004280090332,17.01262664794922,-0.34544098377227783,-1.228896141052246
1,586688,16.0963191986084,-32.08252716064453,8.558271408081055,29.795419692993164
1,586720,-6.616504192352295,-2.215233564376831,1.5761293172836304,5.079184532165527
1,586720,-8.521379470825195,28.987346649169922,1.667952060699463,-28.511444091796875
1,586720,-5.89791202545166,-16.437236785888672,-1.6120688915252686,-3.6049370765686035
1,586720,8.53389835357666,-23.96316909790039,-9.829920768737793,5.901471138000488
1,586720,12.561569213867188,24.485267639160156,-12.758498191833496,-11.921819686889648
1,586721,7.10779333114624,29.427433013916016,-5.898319721221924,-13.888640403747559
1,586721,5.909440517425537,-11.476123809814453,13.663697242736816,-1.7092366218566895
1,586721,-3.2134642601013184,-46.29415512084961,-12.217191696166992,15.958943367004395
1,586721,3.6178011894226074,-9.32105541229248,-16.02262306213379,25.84257698059082
1,586721,-4.104452133178711,22.953327178955078,35.488037109375,2.1556084156036377
1,586722,-22.74303436279297,7.872117519378662,22.13246726989746,-5.98897123336792
1,586722,1.4811097383499146,21.033506393432617,-20.690555572509766,3.862147808074951
1,586722,23.068256378173828,-17.10807228088379,-13.228632926940918,-0.8712981939315796
1,586722,-4.8087944984436035,-13.832428932189941,8.104520797729492,17.020545959472656
1,586722,-7.1985764503479,26.886899948120117,-2.644991874694824,13.826112747192383
1,586722,8.93606948852539,-9.704398155212402,-20.745101928710938,-30.783105850219727
1,586724,-1.8734523057937622,-18.4846134185791,5.106235504150391,-17.74498748779297
1,586724,-9.071632385253906,0.6092998385429382,9.398056030273438,35.92707824707031
1,586727,-5.742428302764893,6.559484004974365,-3.325256824493408,-2.1242644786834717
1,586728,3.766011953353882,5.200064182281494,2.1471750736236572,-41.26866149902344
1,586731,26.544029235839844,-7.809535026550293,-25.559282302856445,-11.21656322479248
1,586732,4.219696044921875,-2.4459707736968994,-2.2032015323638916,-0.3942694365978241
1,586735,-22.832029342651367,14.070592880249023,30.734296798706055,9.266221046447754
1,586736,6.978179454803467,3.194467306137085,9.399484634399414,17.052059173583984
1,586739,-3.2502143383026123,3.882297992706299,6.641580581665039,26.913766860961914
1,586740,-9.888449668884277,-5.087060451507568,-5.067381858825684,11.771477699279785
1,586741,20.05570411682129,-19.429744720458984,-1.666245460510254,-32.13854217529297
1,586744,-12.11054515838623,23.184654235839844,1.9584819078445435,-66.67414093017578
1,586745,-17.295921325683594,17.68004035949707,-16.903966903686523,-15.578802108764648
1,586748,27.48228645324707,-16.7157039642334,5.1033759117126465,93.97579956054688
1,586749,-1.3982229232788086,-13.785972595214844,9.563440322875977,13.297541618347168
1,586795,-19.072538375854492,-21.34406280517578,-21.51622200012207,-35.98210144042969
1,586795,-1.5921725034713745,-1.5883793830871582,12.217955589294434,34.26586151123047
1,586795,-11.338898658752441,16.035282135009766,12.97020435333252,-14.889297485351562
1,586795,4.536289215087891,1.4763281345367432,-30.796649932861328,-39.2125358581543
1,586795,19.77680778503418,-3.892312526702881,9.783571243286133,18.09823226928711
1,586796,-0.029803555458784103,2.2461671829223633,22.534603118896484,33.707496643066406
1,586796,-17.18328857421875,16.044858932495117,-21.924922943115234,8.289142608642578
1,586796,0.09441333264112473,16.731904983520508,-11.23929500579834,-3.99039626121521
1,586796,20.2811336517334,-6.32689905166626,18.127273559570312,-5.404510974884033
1,586796,15.083186149597168,-0.31416603922843933,16.75623321533203,-12.565584182739258
1,586796,-14.671277046203613,3.8619794845581055,0.7530350685119629,-24.858558654785156
1,586797,-26.734167098999023,-5.122149467468262,-5.122057914733887,-2.5187854766845703
1,586797,1.799854040145874,1.2392165660858154,4.842958450317383,11.879056930541992
1,586797,22.502655029296875,-16.13080596923828,-7.517663478851318,-13.9722261428833
1,586797,23.957538604736328,-11.260235786437988,-26.83129119873047,-4.534385681152344
1,586797,-19.644681930541992,12.139626502990723,4.1950860023498535,11.079357147216797
1,586797,-22.13958740234375,-0.6908727288246155,20.0279541015625,7.751308917999268
1,586798,8.354920387268066,-6.436814308166504,-1.716194748878479,4.491014003753662
1,586798,-16.027040481567383,-4.031411647796631,7.4723639488220215,6.975233554840088
1,586798,1.6689631938934326,-12.776399612426758,3.4607930183410645,9.959321022033691
1,586798,17.409074783325195,8.03305435180664,-6.435314655303955,-0.3816532790660858
1,586798,-8.025270462036133,45.57521057128906,8.311408996582031,-16.643144607543945
1,586800,7.752683162689209,2.0291593074798584,-2.5273277759552,-3.961045742034912
1,586800,8.922264099121094,-39.40411376953125,-9.226478576660156,24.12386703491211
1,586800,-9.262908935546875,11.021183013916016,5.107405185699463,-9.834921836853027
1,586801,3.3702244758605957,8.098105430603027,8.727218627929688,-20.24993896484375
1,586804,5.14430570602417,-18.96826171875,-4.969040393829346,3.6366541385650635
1,586805,-11.192745208740234,6.630216121673584,-20.225826263427734,13.744141578674316
1,586808,16.234567642211914,8.286721229553223,-11.320262908935547,0.5735604763031006
1,586809,17.634475708007812,1.7489339113235474,16.34370994567871,-27.512718200683594
1,586812,-34.081199645996094,-11.77126693725586,-7.327298641204834,5.254171371459961
1,586813,3.009531259536743,-15.600176811218262,-25.23322296142578,2.0548126697540283
1,586816,27.25176239013672,6.327992916107178,25.242734909057617,-1.451146125793457
1,586817,-25.852645874023438,19.0773983001709,12.938783645629883,38.48085403442383
1,586820,-21.347286224365234,4.063600540161133,-0.6456455588340759,3.537179946899414
1,586821,13.198487281799316,-24.951278686523438,-1.0231194496154785,-50.98464584350586
1,586824,0.0796932503581047,14.849808692932129,-7.625526428222656,3.8413138389587402
1,586825,7.336537837982178,26.368202209472656,20.378442764282227,53.248897552490234
1,586828,8.66943073272705,-21.794801712036133,-9.706778526306152,-18.804914474487305
1,586885,-16.932432174682617,-9.760555267333984,-8.467577934265137,-39.30303955078125
1,586885,3.6816415786743164,28.155105590820312,37.95058059692383,16.967575073242188
1,586885,6.663545608520508,12.50762939453125,-2.632927894592285,23.392391204833984
1,586885,3.9169082641601562,-17.509252548217773,-38.25484085083008,-29.735673904418945
1,586886,-5.178323745727539,-7.3814897537231445,-9.562457084655762,-12.592788696289062
1,586886,-10.631897926330566,-9.442550659179688,19.46720314025879,26.998815536499023
1,586886,15.65848159790039,-0.2339341640472412,4.879266262054443,-6.682715892791748
1,586886,12.890450477600098,3.485567331314087,-15.701172828674316,0.8817523121833801
1,586886,-8.976553916931152,-35.680599212646484,-14.189860343933105,11.666479110717773
1,586886,-17.68642234802246,8.62968635559082,-5.272495746612549,8.726980209350586
1,586887,8.085458755493164,44.43452072143555,22.95810890197754,9.18437385559082
1,586887,15.777437210083008,-11.500140190124512,5.062585353851318,-18.915966033935547
1,586887,-11.497937202453613,-32.72591781616211,-6.8071370124816895,-24.0164852142334
1,586887,-20.396804809570312,-2.824899673461914,7.517611503601074,17.24481964111328
1,586887,-1.5202584266662598,17.867002487182617,-14.40981674194336,19.80268096923828
1,586888,13.982451438903809,2.6762309074401855,-0.22108305990695953,-20.40056610107422
1,586888,11.989561080932617,-7.5847086906433105,16.993606567382812,-18.88921356201172
1,586888,3.3328728675842285,3.616417169570923,-3.557210683822632,11.898828506469727
1,586888,-12.198087692260742,5.24710750579834,7.638665199279785,17.075668334960938
1,586888,4.7429914474487305,5.947774887084961,3.684230089187622,4.551488399505615
1,586888,9.595660209655762,5.633790969848633,-13.25262451171875,5.0040483474731445
1,586889,-13.851778030395508,-13.058058738708496,1.7341413497924805,-13.970016479492188
1,586889,-5.2643351554870605,5.30667781829834,15.488557815551758,-8.38673210144043
1,586889,3.5622200965881348,15.014666557312012,-4.130751609802246,3.647526979446411
1,586889,12.216814994812012,-14.525447845458984,-15.35861873626709,-18.403806686401367
1,586889,9.560625076293945,-6.28300142288208,12.37764835357666,2.4247217178344727
1,586889,0.05105070024728775,11.559928894042969,6.220073223114014,21.19892120361328
1,586890,-9.564423561096191,-17.955989837646484,-12.308098793029785,-6.776220798492432
1,586891,-34.95390701293945,-29.96921730041504,-10.682490348815918,-12.649137496948242
1,586891,-7.282418251037598,20.747779846191406,-3.5452356338500977,-6.9415459632873535
1,586891,30.220239639282227,36.81852340698242,14.024554252624512,-5.2744317054748535
1,586893,4.674996376037598,5.447790145874023,5.574141979217529,-2.237997055053711
1,586894,3.1205623149871826,-14.539350509643555,-20.082883834838867,21.770305633544922
1,586897,-1.3801130056381226,-4.4095377922058105,0.22248144447803497,42.10171127319336
1,586898,-13.539103507995605,4.995179176330566,15.496698379516602,12.14191722869873
1,586901,7.714808464050293,0.49088364839553833,15.561606407165527,-41.49220657348633
1,586902,-17.60375213623047,11.462021827697754,-20.003162384033203,-14.397375106811523
1,586905,13.027440071105957,16.931779861450195,-10.42127799987793,18.642915725708008
1,586906,23.803714752197266,-0.9926974773406982,45.560157775878906,-11.983633995056152
1,586907,-29.33940887451172,-30.96550750732422,-13.833610534667969,0.8301522135734558
1,586910,2.9543356895446777,-27.08260726928711,-22.137304306030273,-9.872551918029785
1,586911,20.748231887817383,-9.79934024810791,-13.934425354003906,9.255144119262695
1,586914,10.300710678100586,19.155183792114258,7.389851093292236,29.30618667602539
1,586915,4.870218276977539,11.606783866882324,37.0770263671875,-15.326869010925293
1,586918,-14.278075218200684,-24.566207885742188,-25.405210494995117,-34.76441955566406
1,586919,-5.029771327972412,29.11396026611328,-20.65618324279785,2.532773971557617
1,586922,-6.464196681976318,20.83673667907715,9.6189603805542,26.832233428955078
1,586992,38.727352142333984,-15.914308547973633,9.899277687072754,8.81854248046875
1,586992,54.49024200439453,1.5721153020858765,-7.1764020919799805,5.533499240875244
1,586992,-53.96240997314453,-7.181207180023193,4.909463405609131,-10.559358596801758
1,586992,-47.6480598449707,2.878197431564331,30.1007137298584,11.598106384277344
1,586993,13.94448184967041,0.6333068013191223,-5.925883769989014,-3.6112825870513916
1,586993,-6.176393032073975,-5.263848781585693,-26.405603408813477,-26.41741180419922
1,586993,-31.778783798217773,-7.604287147521973,-23.23004913330078,10.347129821777344
1,586993,-1.6990023851394653,-8.96874713897705,-2.5986268520355225,-15.159385681152344
1,586993,24.463054656982422,-5.009199142456055,16.09165382385254,-11.493037223815918
1,586993,-14.854207992553711,1.0493119955062866,-8.162405014038086,12.833288192749023
1,586994,-12.053409576416016,2.1739754676818848,0.19238007068634033,8.022283554077148
1,586994,19.588764190673828,3.8761045932769775,28.881011962890625,9.992171287536621
1,586994,6.41042423248291,25.632116317749023,1.673680067062378,-16.306045532226562
1,586994,-12.644767761230469,-3.5560338497161865,-26.146886825561523,1.245066523551941
1,586994,18.4595890045166,-17.096298217773438,11.318211555480957,13.027979850769043
1,586995,12.986218452453613,10.06178092956543,16.693950653076172,-10.882719039916992
1,586995,-18.560009002685547,5.114602088928223,-12.558605194091797,10.481998443603516
1,586995,4.386935234069824,-2.2275807857513428,-6.71686315536499,-10.285744667053223
1,586995,0.11219252645969391,-14.45235824584961,-1.5979995727539062,-11.554015159606934
1,586995,-3.800523042678833,2.488126754760742,12.245010375976562,16.63615608215332
1,586995,-11.7333984375,20.83997344970703,0.06810905039310455,-2.6340320110321045
1,586996,-13.057061195373535,1.3476996421813965,-12.643889427185059,7.057520389556885
1,586996,14.335039138793945,7.444797992706299,19.232608795166016,-0.9649277925491333
1,586996,1.5888078212738037,-17.69244956970215,-5.674534797668457,-16.36073112487793
1,586996,0.7023288011550903,-20.87774658203125,-19.08614158630371,16.920440673828125
1,586996,15.47014331817627,34.27090835571289,22.44462776184082,16.53278160095215
1,586996,4.064855575561523,-0.3296631872653961,5.725752353668213,-19.697521209716797
1,586997,-2.4762179851531982,-15.348793029785156,-4.662657737731934,-10.426506996154785
1,586997,10.408230781555176,9.440646171569824,-1.8781903982162476,10.261731147766113
1,586997,4.977187633514404,-17.959430694580078,-10.859034538269043,9.295308113098145
1,586997,-7.670853614807129,14.9660005569458,0.6311393976211548,2.4756417274475098
1,586997,-9.442159652709961,17.836977005004883,3.4464502334594727,-15.370718955993652
1,586998,-16.24650764465332,-32.980411529541016,-4.985095977783203,-5.096241474151611
1,586998,0.11548233777284622,-4.532162666320801,-9.339306831359863,11.0797700881958
1,586998,27.344806671142578,14.11386489868164,8.596036911010742,-14.814183235168457
1,586999,0.6742676496505737,0.7250093817710876,4.236407279968262,11.553793907165527
1,586999,-9.35206127166748,14.341056823730469,-20.249774932861328,33.052703857421875
1,586999,5.628880500793457,-19.463796615600586,-13.774369239807129,-4.507242679595947
1,587001,-19.076616287231445,-4.247426509857178,17.18101692199707,-31.85286521911621
1,587002,-16.768335342407227,16.099620819091797,46.56300354003906,-55.046077728271484
1,587003,16.150402069091797,-16.816268920898438,44.03529739379883,17.504100799560547
1,587006,19.833703994750977,16.711528778076172,2.511686325073242,71.62576293945312
1,587007,6.682617664337158,-13.503663063049316,-28.913087844848633,-1.0300973653793335
1,587010,33.25636672973633,-11.400177955627441,-32.6057243347168,-10.426000595092773
1,587011,8.652509689331055,19.542438507080078,-33.577083587646484,-7.141149997711182
1,587014,-48.709571838378906,-23.333995819091797,-30.23050308227539,-37.83209228515625
1,587015,-19.60237693786621,0.5378125309944153,35.67573928833008,6.608735084533691
1,587018,-0.2968722879886627,18.767183303833008,88.65067291259766,40.6237907409668
1,587020,-7.381319046020508,10.136336326599121,-15.114761352539062,0.7276695966720581
1,587022,-1.9337271451950073,12.901453971862793,-74.69990539550781,-30.845197677612305
1,587024,26.905136108398438,-14.803613662719727,-37.393611907958984,11.781011581420898
1,587026,-0.9395036101341248,-18.660438537597656,-30.266246795654297,-2.6791634559631348
1,587028,-34.4057502746582,-16.236873626708984,28.455366134643555,-20.82655906677246
1,587030,17.295005798339844,12.41716480255127,105.57462310791016,-2.410810708999634
1,587032,41.64873504638672,34.25187683105469,38.480751037597656,34.97583770751953
1,587114,14.704804420471191,-8.169393539428711,23.07431411743164,34.99584197998047
1,587114,-44.65278625488281,0.6555694341659546,41.832210540771484,-66.13129425048828
1,587114,5.041958808898926,15.57266902923584,-71.1843490600586,-24.053112030029297
1,587115,41.28709030151367,-18.64026641845703,-61.987953186035156,51.050262451171875
1,587115,-25.48657989501953,-16.66921043395996,-4.870678901672363,20.280912399291992
1,587115,-5.925707817077637,8.535994529724121,-8.895634651184082,6.543847560882568
1,587115,26.138334274291992,12.867196083068848,-28.195138931274414,4.077890872955322
1,587115,-10.060774803161621,13.970199584960938,-28.359399795532227,-18.84136390686035
1,587116,-29.028169631958008,-7.669370174407959,4.776851177215576,-1.8254448175430298
1,587116,6.090845108032227,-4.699207782745361,-16.34929656982422,11.548243522644043
1,587116,20.38572883605957,-6.333876609802246,-35.26435852050781,-20.694358825683594
1,587116,-12.4729585647583,-22.16499137878418,-10.986241340637207,-0.9821642637252808
1,587116,-1.8761404752731323,9.583616256713867,4.251330852508545,16.851917266845703
1,587116,9.108729362487793,5.045146942138672,27.227371215820312,-7.062236785888672
1,587117,-23.189085006713867,-1.9047973155975342,45.942726135253906,-14.808442115783691
1,587117,-10.101509094238281,-5.462912559509277,8.410454750061035,-25.16764259338379
1,587117,-7.743917942047119,-15.90883731842041,-2.031972885131836,0.8414148688316345
1,587117,-20.6846981048584,6.080929756164551,35.93191146850586,20.349533081054688
1,587117,5.097164630889893,2.7098796367645264,9.69847583770752,-23.050344467163086
1,587117,14.069977760314941,-10.894886016845703,-18.757898330688477,-9.193292617797852
1,587118,-21.69647216796875,5.115728378295898,-0.29777368903160095,19.93357276916504
1,587118,0.8048151731491089,3.202143669128418,-10.868698120117188,-2.6759159564971924
1,587118,22.746572494506836,-19.16857147216797,-4.148181438446045,19.835540771484375
1,587118,-2.2439169883728027,-4.629709243774414,10.110160827636719,20.857746124267578
1,587118,17.155067443847656,9.832169532775879,7.726602554321289,-14.876338005065918
1,587118,10.515961647033691,8.317476272583008,1.5760098695755005,-5.211392402648926
1,587119,6.510858535766602,13.059744834899902,-17.449182510375977,-16.106708526611328
1,587119,-6.336073875427246,7.149651050567627,-7.493680000305176,-5.968506336212158
1,587119,-36.783260345458984,3.198540687561035,8.648421287536621,11.406787872314453
1,587119,10.202630996704102,9.427865028381348,13.7772855758667,-7.098612308502197
1,587119,31.174386978149414,9.082054138183594,-1.4455877542495728,-16.60883903503418
1,587119,-12.063155174255371,-9.532702445983887,-15.117070198059082,-21.131471633911133
1,587120,-8.095145225524902,-0.3302381932735443,4.921711444854736,9.0439453125
1,587120,-1.8628883361816406,3.9443957805633545,18.31855010986328,17.14315414428711
1,587120,-24.60747718811035,-5.635169506072998,20.75558090209961,-13.305804252624512
1,587120,9.259346008300781,9.099884986877441,-5.212942600250244,-5.460013389587402
1,587120,23.743640899658203,-16.580724716186523,-17.365768432617188,26.080623626708984
1,587120,-13.031338691711426,-32.976097106933594,11.457763671875,12.834979057312012
1,587121,-3.3215436935424805,22.048053741455078,13.514327049255371,7.303043842315674
1,587121,18.12812042236328,44.19578552246094,-16.14303970336914,12.586997985839844
1,587121,-1.3328253030776978,-9.47867488861084,-13.542518615722656,-16.353839874267578
1,587122,3.6947104930877686,-17.093109130859375,-3.2955856323242188,27.808513641357422
1,587122,22.364044189453125,3.562950849533081,-9.686759948730469,38.56443405151367
1,587123,-4.301065921783447,-17.676761627197266,4.744126796722412,-21.145822525024414
1,587123,-14.570295333862305,1.5585310459136963,-9.592071533203125,-14.815035820007324
1,587124,-5.521466255187988,52.084716796875,11.620235443115234,-1.3671619892120361
1,587125,9.436422348022461,-1.997809648513794,24.224897384643555,-8.596792221069336
1,587128,58.55550765991211,-68.95389556884766,-12.899587631225586,13.412219047546387
1,587129,-8.997790336608887,-17.901559829711914,38.1290168762207,-32.31504440307617
1,587132,-74.14453125,30.70524024963379,63.33327102661133,-20.751813888549805
1,587133,18.337194442749023,19.97480583190918,-2.7769346237182617,54.78742599487305
1,587136,2.6534311771392822,-9.38472843170166,-96.24800872802734,-8.393665313720703
1,587138,-1.7524980306625366,-6.251070022583008,-118.16081237792969,-21.749128341674805
1,587140,27.179367065429688,16.439638137817383,42.94428634643555,13.246475219726562
1,587142,-21.47477149963379,-17.460296630859375,89.45777893066406,4.224616050720215
1,587144,-20.020769119262695,-13.645147323608398,-1.710847020149231,-38.21778106689453
1,587146,-23.473936080932617,21.40229606628418,11.941815376281738,-47.81629943847656
1,587148,-2.3575167655944824,-4.913100719451904,-156.1770782470703,6.456018924713135
1,587150,5.593385219573975,-4.447633266448975,-119.31599426269531,40.709144592285156
1,587152,-7.390793323516846,15.595170021057129,253.37762451171875,59.495059967041016
1,587154,74.72783660888672,-0.2635628879070282,162.94369506835938,39.47311019897461
1,587156,71.15257263183594,-11.346238136291504,19.300905227661133,-24.28959846496582
1,587158,-40.400718688964844,14.625877380371094,45.648765563964844,-50.532405853271484
1,587253,-64.6540298461914,-19.81570053100586,-143.65582275390625,8.590100288391113
1,587253,-35.907958984375,-27.412826538085938,-76.12967681884766,29.184932708740234
1,587254,5.60594367980957,40.24413299560547,109.40660095214844,0.556533932685852
1,587254,10.969511985778809,23.835678100585938,12.044797897338867,-20.553009033203125
1,587254,9.300531387329102,-20.004653930664062,-56.0359992980957,-17.818740844726562
1,587254,2.6724514961242676,-14.13715934753418,-37.09956741333008,8.488252639770508
1,587254,-25.15742301940918,11.703469276428223,-19.01312828063965,-27.43157958984375
1,587254,4.607735633850098,4.255699157714844,-8.33404541015625,-37.1916389465332
1,587255,0.31113648414611816,-7.978935718536377,-11.901025772094727,3.7302095890045166
1,587255,-7.3550238609313965,19.383371353149414,9.976078987121582,3.958829164505005
1,587255,32.64070510864258,-4.174996376037598,8.921189308166504,13.732882499694824
1,587255,15.266432762145996,-39.04019546508789,-2.0751593112945557,10.097989082336426
1,587255,-10.877792358398438,29.17395782470703,19.586280822753906,13.782047271728516
1,587256,19.545711517333984,47.1439094543457,10.719808578491211,16.781238555908203
1,587256,25.59654426574707,-24.104969024658203,-30.414026260375977,-10.413251876831055
1,587256,-27.14569091796875,-44.44837188720703,-48.678688049316406,12.532872200012207
1,587256,-26.315391540527344,21.702131271362305,-30.351716995239258,-7.760401248931885
1,587256,8.299996376037598,25.486116409301758,-26.9687442779541,-32.633026123046875
1,587256,-0.3537318706512451,-46.2790641784668,-32.526737213134766,-7.386112213134766
1,587256,-24.210668563842773,-14.365768432617188,-1.0122568607330322,-0.28407925367355347
1,587257,3.5449023246765137,35.962158203125,13.588750839233398,8.26014232635498
1,587257,37.14223098754883,8.395678520202637,32.8624267578125,8.382344245910645
1,587257,5.011371612548828,-17.226274490356445,34.41775894165039,-3.730088949203491
1,587257,5.052855014801025,-11.017658233642578,7.646646499633789,11.100628852844238
1,587257,-0.053185995668172836,-14.778653144836426,10.624950408935547,44.3525505065918
1,587258,-3.5764248371124268,12.122197151184082,-0.3241139054298401,7.867147445678711
1,587258,22.404659271240234,40.57323455810547,-8.903947830200195,-20.944561004638672
1,587258,-19.51527214050293,-23.588336944580078,-10.139557838439941,11.141436576843262
1,587258,-30.200756072998047,-24.559873580932617,-29.865781784057617,0.5806174874305725
1,587258,4.393628120422363,17.90964698791504,-1.7125272750854492,-23.492238998413086
1,587258,-5.99569034576416,-11.524491310119629,13.745772361755371,3.960627794265747
1,587259,-12.625158309936523,11.39929485321045,-6.401967525482178,11.648119926452637
1,587259,0.04001143202185631,8.529027938842773,8.922767639160156,-14.611080169677734
1,587259,5.767034530639648,-3.552482843399048,-12.644124984741211,-32.684730529785156
1,587259,-13.003313064575195,6.971428871154785,-29.379058837890625,-23.903392791748047
1,587259,-27.456689834594727,-30.972309112548828,14.575178146362305,-8.553628921508789
1,587259,-1.5068213939666748,-0.8103077411651611,25.351295471191406,7.621679306030273
1,587260,13.298352241516113,26.929275512695312,-18.500717163085938,25.2591552734375
1,587260,-1.4112201929092407,-5.5540337562561035,-22.984445571899414,-20.14492416381836
1,587260,18.401613235473633,5.92073917388916,6.867659091949463,-26.324989318847656
1,587260,19.23967933654785,9.828195571899414,-10.81516170501709,39.91422653198242
1,587260,-14.842375755310059,-25.975671768188477,-4.269023418426514,23.45897674560547
1,587260,-10.863080024719238,-6.157526016235352,44.53506851196289,-23.26458740234375
1,587261,12.544229507446289,27.346630096435547,1.7120153903961182,6.1175713539123535
1,587261,17.88150978088379,0.9859898090362549,-25.887720108032227,27.577007293701172
1,587261,-17.106271743774414,-7.928523540496826,30.572139739990234,5.102711200714111
1,587261,-20.321359634399414,4.073009967803955,29.4429931640625,1.0217077732086182
1,587261,11.134137153625488,9.16158390045166,9.26697826385498,12.455527305603027
1,587263,-0.19352634251117706,15.555745124816895,86.49897766113281,0.12424630671739578
1,587263,-20.622615814208984,-8.855069160461426,91.55960083007812,3.829153299331665
1,587263,7.036458969116211,-1.7603505849838257,-38.90855407714844,-3.8299639225006104
1,587263,30.0921688079834,4.811110019683838,-52.84852981567383,-19.018400192260742
1,587264,-26.212871551513672,-38.24824142456055,-18.713775634765625,-9.517202377319336
1,587266,11.580720901489258,-5.543274879455566,62.28666305541992,-0.6556231379508972
1,587268,116.96827697753906,26.12451171875,33.85261535644531,35.592987060546875
1,587270,-28.826736450195312,-23.81599235534668,-187.50790405273438,-6.154684543609619
1,587272,-125.85682678222656,-32.93745803833008,6.305704116821289,-32.52425765991211
1,587274,113.23224639892578,31.03995704650879,159.79425048828125,73.97869873046875
1,587276,165.16744995117188,39.77703094482422,-61.19435501098633,8.303086280822754
1,587278,-112.3154296875,-9.049517631530762,-90.16450500488281,-78.2637710571289
1,587280,-185.07623291015625,-5.005848407745361,-10.41067886352539,-8.594864845275879
1,587282,-29.303688049316406,-7.8033623695373535,44.58161544799805,-60.4410400390625
1,587284,95.83187866210938,7.690225124359131,-20.10902976989746,33.46072769165039
1,587286,63.57713317871094,-1.4019232988357544,-98.32972717285156,131.3468780517578
1,587289,-107.88555145263672,-24.74300765991211,19.22707176208496,-104.16605377197266
1,587290,-26.966930389404297,26.662841796875,73.21281433105469,-114.47256469726562
1,587293,145.17555236816406,24.09878921508789,165.0373077392578,194.89511108398438
1,587294,4.77074670791626,-14.078210830688477,146.47589111328125,63.212867736816406
1,587297,-87.91976928710938,-20.604625701904297,-268.3111877441406,-210.9039306640625
1,587298,13.230369567871094,3.8033230304718018,-253.37408447265625,18.599153518676758
1,587404,2.433952569961548,5.257384300231934,141.7308349609375,74.56404876708984
1,587405,-3.4451777935028076,-17.0792236328125,168.67169189453125,-33.35042190551758
1,587405,26.420377731323242,5.779200077056885,-36.349979400634766,42.25324249267578
1,587405,-13.089754104614258,20.769262313842773,-33.868900299072266,15.953422546386719
1,587405,-18.421419143676758,8.372235298156738,14.110703468322754,-33.57652282714844
1,587405,-29.55188751220703,-5.767282009124756,-46.92425537109375,-26.70623016357422
1,587405,-22.674747467041016,-15.241694450378418,-10.888749122619629,-9.327353477478027
1,587406,17.224210739135742,2.031853437423706,-5.84061861038208,4.497438430786133
1,587406,8.929023742675781,-3.729332447052002,-15.027053833007812,17.166810989379883
1,587406,26.725021362304688,-13.972433090209961,25.855588912963867,25.160133361816406
1,587406,55.854496002197266,-1.829168438911438,20.49675750732422,1.0344146490097046
1,587406,17.70075035095215,-5.100345134735107,-13.74299430847168,15.615167617797852
1,587406,-8.297199249267578,4.386348724365234,-13.154206275939941,9.176162719726562
1,587407,-8.615886688232422,6.256497859954834,-2.730637788772583,-22.496780395507812
1,587407,-15.308650016784668,-7.987410545349121,14.524340629577637,5.024233341217041
1,587407,-13.959613800048828,21.601350784301758,6.016026496887207,-14.51252269744873
1,587407,-11.958915710449219,18.96356773376465,-30.52379608154297,-37.59047317504883
1,587407,-11.536972999572754,-21.57002067565918,-21.13081169128418,-2.041346788406372
1,587407,-14.805875778198242,-2.8218374252319336,10.018837928771973,27.53460121154785
1,587408,3.825460910797119,7.895845890045166,25.73370361328125,9.84875774383545
1,587408,31.734098434448242,23.054759979248047,16.260555267333984,-16.238256454467773
1,587408,14.2486572265625,4.974451541900635,-4.841293811798096,-10.497748374938965
1,587408,-16.026762008666992,-25.32731819152832,-0.15629124641418457,11.989837646484375
1,587408,-29.70502471923828,-5.109482765197754,-2.608010768890381,23.12957000732422
1,587408,-20.17218589782715,-2.876710891723633,-11.86335277557373,-16.670557022094727
1,587409,10.987732887268066,6.541229724884033,14.044347763061523,-36.53213882446289
1,587409,-7.519930839538574,-12.469799995422363,4.599490165710449,1.9305170774459839
1,587409,-11.807576179504395,-25.66559410095215,-44.7550163269043,7.261018753051758
1,587409,16.33839988708496,1.0774421691894531,-3.4272327423095703,3.4854588508605957
1,587409,1.368751883506775,-3.583918571472168,39.51131820678711,19.425838470458984
1,587410,-3.4232048988342285,-3.124393939971924,12.947930335998535,6.131411552429199
1,587410,21.443021774291992,24.677236557006836,22.211397171020508,-2.7881667613983154
1,587410,35.68903350830078,11.96934986114502,15.611388206481934,6.881207466125488
1,587410,0.5256752371788025,-6.590389728546143,-14.304880142211914,13.802194595336914
1,587410,-19.179880142211914,4.801501274108887,-1.8859535455703735,-11.014248847961426
1,587410,11.267972946166992,-21.440919876098633,10.709464073181152,-5.43151330947876
1,587411,11.621718406677246,-2.5634446144104004,-11.242042541503906,28.423599243164062
1,587411,-4.272168159484863,26.290624618530273,-14.584343910217285,3.308310031890869
1,587411,-6.645815372467041,-8.454901695251465,-0.8901801109313965,-23.060916900634766
1,587411,-18.19802474975586,-4.76833438873291,14.958549499511719,-26.779186248779297
1,587411,5.2926249504089355,19.73386001586914,14.189640998840332,-8.189440727233887
1,587411,5.896705627441406,16.105043411254883,-13.781346321105957,22.044132232666016
1,587412,-18.612594604492188,-0.24650731682777405,6.534467697143555,29.920215606689453
1,587412,8.543803215026855,-0.6245507001876831,19.660972595214844,-12.958191871643066
1,587412,25.013429641723633,3.270535469055176,-13.370650291442871,-10.659158706665039
1,587412,3.5457558631896973,14.52283000946045,-21.643253326416016,45.16246032714844
1,587412,1.6322073936462402,16.17345428466797,4.20461893081665,-9.192468643188477
1,587412,7.093672752380371,-27.924707412719727,28.362958908081055,-24.469831466674805
1,587413,-9.516454696655273,-26.271390914916992,-7.6318440437316895,13.4996919631958
1,587413,21.484773635864258,17.363359451293945,-18.618515014648438,-27.561952590942383
1,587413,4.735017776489258,-1.6694269180297852,29.215917587280273,-19.692241668701172
1,587413,-52.99471664428711,-21.733797073364258,14.581942558288574,25.59869384765625
1,587413,-15.070980072021484,-7.6087493896484375,-20.82716941833496,-16.925704956054688
1,587415,-8.455843925476074,-24.738401412963867,-24.296348571777344,-70.75288391113281
1,587415,-38.887840270996094,-13.494423866271973,-13.421442985534668,-12.867329597473145
1,587415,8.430036544799805,10.046433448791504,4.908080577850342,51.567867279052734
1,587415,20.037784576416016,-0.23173578083515167,4.371033668518066,21.146818161010742
1,587415,-4.0098876953125,31.043107986450195,-33.549713134765625,-7.285841941833496
1,587417,-21.961042404174805,57.96110153198242,-59.670387268066406,-15.866680145263672
1,587418,-7.328349590301514,-9.321557998657227,-22.4955997467041,4.68994665145874
1,587419,22.7750301361084,-61.10676956176758,40.00018310546875,61.65239715576172
1,587422,37.68316650390625,31.260086059570312,196.29249572753906,2.655318260192871
1,587423,63.49099349975586,57.101802825927734,147.58119201660156,9.938913345336914
1,587426,-12.913450241088867,-94.37660217285156,-297.4830322265625,55.983314514160156
1,587427,-49.5660514831543,-72.10719299316406,-276.3643493652344,-58.64859390258789
1,587430,21.834903717041016,108.61334991455078,178.0853271484375,-61.09971618652344
1,587431,12.528779029846191,50.031402587890625,170.43873596191406,1.7440146207809448
1,587434,-41.20056915283203,-73.46173095703125,-98.6954574584961,-18.394376754760742
1,587435,34.95783996582031,-20.288179397583008,-38.2497673034668,12.205060005187988
1,587438,57.8778076171875,30.920692443847656,200.6305389404297,94.48556518554688
1,587439,-73.59407806396484,38.07211685180664,66.8997573852539,56.18589401245117
1,587442,-66.6338119506836,-8.315874099731445,-128.63662719726562,-89.75730895996094
1,587443,37.90823745727539,-28.32992935180664,-8.329177856445312,-166.46363830566406
1,587446,70.96556854248047,35.60084533691406,-111.28760528564453,-7.633747100830078
1,587448,-24.008506774902344,-11.971516609191895,-135.2013397216797,189.6583709716797
1,587450,-122.40707397460938,-31.03587532043457,52.431339263916016,14.14123821258545
1,587452,-1.836174726486206,6.083354949951172,-29.328712463378906,-103.46520233154297
1,587454,171.65853881835938,-2.1966826915740967,227.94644165039062,103.8412857055664
1,587571,33.860816955566406,17.680530548095703,204.00611877441406,14.50984001159668
1,587571,-146.26979064941406,-29.57698631286621,-267.75067138671875,-145.88658142089844
1,587571,-0.2701728045940399,-25.91918182373047,-101.85072326660156,19.834863662719727
1,587571,54.917964935302734,39.376522064208984,68.5746841430664,66.2418212890625
1,587571,-25.598711013793945,6.418387413024902,22.47846794128418,-6.482674598693848
1,587572,6.05978536605835,-9.796658515930176,66.02510070800781,1.7409652471542358
1,587572,28.284420013427734,8.60196590423584,48.95344543457031,13.307997703552246
1,587572,-2.8199527263641357,11.816686630249023,22.239408493041992,15.673063278198242
1,587572,-18.830087661743164,6.416616916656494,-14.609516143798828,-0.21367669105529785
1,587572,-5.158239841461182,-15.384227752685547,-37.750972747802734,-26.87104034423828
1,587572,-3.3963141441345215,-19.19721794128418,-53.93101501464844,-23.53473472595215
1,587573,15.677535057067871,-14.542336463928223,-46.75474548339844,2.8862249851226807
1,587573,15.979594230651855,8.755813598632812,-18.56889533996582,10.025985717773438
1,587573,-6.8966522216796875,22.14802360534668,-1.3235926628112793,-1.3228886127471924
1,587573,-8.065250396728516,1.409864068031311,30.906490325927734,18.642879486083984
1,587573,-9.71636962890625,-16.31587791442871,55.21929931640625,10.557608604431152
1,587573,-15.667445182800293,-1.7138378620147705,17.542085647583008,-31.772714614868164
1,587574,12.59329891204834,34.433753967285156,-12.810190200805664,-24.562856674194336
1,587574,20.475934982299805,12.140847206115723,-8.356501579284668,7.196094512939453
1,587574,-32.1275634765625,-6.348528861999512,-7.435092449188232,43.340450286865234
1,587574,-5.445560455322266,-7.462809085845947,-11.841511726379395,16.28542137145996
1,587574,22.930591583251953,-20.0726261138916,-34.35481262207031,-33.67224884033203
1,587575,-25.80939292907715,5.6558756828308105,-19.70039176940918,-3.2649729251861572
1,587575,-11.933979988098145,-0.28928208351135254,29.055601119995117,22.578521728515625
1,587575,21.555448532104492,5.645658493041992,40.093692779541016,-0.08795904368162155
1,587575,23.709930419921875,11.013367652893066,6.619266986846924,-30.768402099609375
1,587575,10.461251258850098,-16.209569931030273,13.865264892578125,-17.024436950683594
1,587575,-27.792383193969727,-0.42186620831489563,14.636948585510254,9.078149795532227
1,587576,-5.770427703857422,-3.720616340637207,-36.91262435913086,6.748502254486084
1,587576,27.995460510253906,5.280970096588135,-19.80472755432129,10.3418607711792
1,587576,-2.9734346866607666,12.180685043334961,-2.303382635116577,-12.540111541748047
1,587576,-26.506938934326172,-28.188161849975586,-22.883686065673828,-12.720763206481934
1,587576,-1.4423304796218872,-10.528416633605957,-10.648213386535645,12.51937198638916
1,587576,1.8542534112930298,11.45402717590332,-4.032822132110596,13.34045124053955
1,587577,-6.840185642242432,-11.327871322631836,32.48287582397461,13.182220458984375
1,587577,27.662853240966797,6.104193210601807,27.525487899780273,-3.9775021076202393
1,587577,4.294623374938965,5.6130452156066895,-17.164016723632812,-14.404570579528809
1,587577,-17.453033447265625,-5.67697811126709,11.604615211486816,0.3417094945907593
1,587577,-1.5631959438323975,17.668439865112305,21.965585708618164,6.406798362731934
1,587577,-15.548917770385742,1.9160345792770386,6.704104900360107,2.4306223392486572
1,587578,-5.405279159545898,-16.0916748046875,-1.281807541847229,-6.412396430969238
1,587578,28.005970001220703,8.123908042907715,-28.834091186523438,-27.849618911743164
1,587578,11.347654342651367,-7.749364852905273,-26.759845733642578,19.36334228515625
1,587578,-19.053117752075195,2.4549264907836914,22.042865753173828,42.304500579833984
1,587578,3.274094820022583,52.22411346435547,23.40873146057129,-17.62407684326172
1,587578,17.003210067749023,12.480083465576172,-9.636982917785645,-18.38671112060547
1,587579,10.05972671508789,-20.14435577392578,7.603923797607422,5.041046619415283
1,587579,-4.552354335784912,-13.19507122039795,-4.529773235321045,20.916994094848633
1,587579,-13.500347137451172,-7.154311656951904,-29.23198127746582,-16.93323516845703
1,587579,-5.700425148010254,-2.7271318435668945,-3.6004302501678467,-33.936744689941406
1,587579,-14.185691833496094,-4.88668155670166,-13.358572959899902,25.38410758972168
1,587579,-12.614572525024414,3.3607614040374756,-18.751916885375977,-32.27180480957031
1,587580,4.255999565124512,3.450298547744751,12.995607376098633,-11.388197898864746
1,587580,5.054680824279785,-20.540430068969727,0.4518629312515259,42.75611877441406
1,587580,3.7756807804107666,-28.72478675842285,-18.118717193603516,-37.00140380859375
1,587580,0.3887346684932709,4.984751224517822,9.49825668334961,19.449909210205078
1,587580,-16.766530990600586,22.108970642089844,29.264150619506836,17.388700485229492
1,587580,3.343956470489502,13.897212028503418,-1.86995267868042,-29.920278549194336
1,587582,33.62900924682617,-11.459531784057617,-6.936199188232422,49.905303955078125
1,587582,24.504148483276367,-14.08269214630127,18.682802200317383,52.52024841308594
1,587582,4.378599643707275,13.355690956115723,3.5656533241271973,-15.69266128540039
1,587582,-7.356569766998291,6.859274864196777,-2.1725285053253174,-23.02357292175293
1,587582,-0.06308236718177795,-8.531803131103516,-3.3751561641693115,6.368200778961182
1,587583,-11.134232521057129,9.454813003540039,-6.983908653259277,-5.219601631164551
1,587584,-18.94329261779785,27.024778366088867,26.175495147705078,-26.724388122558594
1,587585,14.338671684265137,12.593327522277832,31.264387130737305,-52.10976028442383
1,587588,17.962158203125,-23.005098342895508,-89.52750396728516,-0.010561991482973099
1,587589,-34.86219787597656,-32.60171890258789,-35.47642517089844,39.48029327392578
1,587592,-37.7585563659668,-27.695741653442383,171.20562744140625,-13.093345642089844
1,587593,29.354408264160156,-13.954047203063965,61.2270622253418,-9.902426719665527
1,587596,32.6754035949707,60.68840408325195,-193.2156982421875,-18.10099220275879
1,587597,-25.799243927001953,34.85920715332031,-114.60710144042969,-5.56123161315918
1,587600,14.440363883972168,-15.67315673828125,110.1052017211914,94.85264587402344
1,587601,9.513919830322266,9.680007934570312,27.079130172729492,34.9747314453125
1,587604,-21.681034088134766,-18.412363052368164,142.7224578857422,-55.88978958129883
1,587605,37.08967971801758,-13.826584815979004,215.03968811035156,27.896560668945312
1,587608,-29.21551513671875,1.4450558423995972,-252.01162719726562,-42.04335403442383
1,587609,-20.628385543823242,8.258153915405273,-310.95831298828125,-74.68749237060547
1,587612,8.3987398147583,-13.702691078186035,69.02918243408203,31.752464294433594
1,587613,-11.263301849365234,-41.44881820678711,128.848876953125,28.585844039916992
1,587616,55.1821174621582,17.287498474121094,-66.05076599121094,67.26945495605469
1,587617,-33.05595016479492,20.351943969726562,39.72584533691406,-32.108734130859375
1,587620,-87.3754653930664,15.360374450683594,183.81883239746094,-93.3160629272461
1,587622,20.740436553955078,34.84709548950195,29.875547409057617,57.483001708984375
1,587624,106.61308288574219,-29.446687698364258,-190.8301544189453,62.21764373779297
1,587752,39.06766891479492,-58.36525344848633,-179.6190643310547,-29.8705997467041
1,587752,-66.93502807617188,-5.5336761474609375,157.8343963623047,-52.95036697387695
1,587753,-3.689004898071289,26.389755249023438,78.2135009765625,28.75912857055664
1,587753,-1.6354402303695679,14.526230812072754,-67.60835266113281,23.358938217163086
1,587753,-20.21792984008789,21.244338989257812,61.635738372802734,-27.354713439941406
1,587753,20.331218719482422,0.7795884013175964,11.5034761428833,-7.884640216827393
1,587753,-7.1142449378967285,-28.24648094177246,-53.502994537353516,-18.862850189208984
1,587753,-16.45112419128418,-21.90641975402832,-31.39832305908203,-9.439367294311523
1,587754,-4.492859363555908,-11.702092170715332,7.15941858291626,18.039539337158203
1,587754,-7.791553497314453,36.17578887939453,4.873058795928955,6.62017297744751
1,587754,7.221249580383301,36.90839767456055,17.432037353515625,-0.604577362537384
1,587754,23.237409591674805,-13.8554048538208,14.304422378540039,23.56211280822754
1,587754,-18.405010223388672,8.73891544342041,32.38526916503906,25.16472625732422
1,587754,-21.992664337158203,19.55702018737793,54.035011291503906,3.899731159210205
1,587755,32.34175491333008,-12.49783706665039,-16.535266876220703,-36.04060363769531
1,587755,30.459707260131836,-6.226258277893066,-48.99459457397461,-27.293472290039062
1,587755,-12.341264724731445,4.213194847106934,-1.5358389616012573,24.527973175048828
1,587755,-25.0045166015625,-5.572806358337402,6.0354413986206055,9.400763511657715
1,587755,9.05290699005127,-9.837259292602539,-28.162744522094727,-0.4993819296360016
1,587756,22.464136123657227,8.391270637512207,-17.73760223388672,9.052120208740234
1,587756,-7.636785984039307,4.301930904388428,-14.953044891357422,-13.422066688537598
1,587756,-17.53896713256836,-11.53514289855957,-5.774045467376709,3.6096506118774414
1,587756,-11.060954093933105,-10.06738567352295,32.77775192260742,5.3228302001953125
1,587756,2.704847812652588,-6.8408331871032715,20.056636810302734,-16.622709274291992
1,587756,18.170881271362305,16.05802345275879,-7.540781021118164,-7.9993815422058105
1,587756,-2.000318765640259,5.774882793426514,-8.28543758392334,-10.207845687866211
1,587757,-9.343493461608887,-20.627744674682617,-6.28133487701416,2.688318967819214
1,587757,4.083146095275879,-8.510095596313477,-29.49374008178711,6.5045342445373535
1,587757,-2.5708208084106445,-10.158286094665527,-11.961323738098145,-6.5022759437561035
1,587757,-3.717963218688965,-12.914762496948242,30.607467651367188,5.898766994476318
1,587757,-5.399131774902344,11.008138656616211,24.847017288208008,15.7528076171875
1,587758,1.385074496269226,29.8196964263916,7.91648530960083,6.835865497589111
1,587758,4.742000579833984,5.92996072769165,23.935951232910156,12.377827644348145
1,587758,6.018736362457275,8.273025512695312,24.577930450439453,3.852240800857544
1,587758,16.8850154876709,12.612658500671387,-26.46619415283203,-11.727673530578613
1,587758,-13.1635103225708,-28.55167007446289,-27.768728256225586,-0.4831221103668213
1,587758,-7.88002872467041,-0.9961731433868408,14.948454856872559,14.797684669494629
1,587759,3.094874858856201,11.146174430847168,20.755996704101562,7.53676700592041
1,587759,4.391913890838623,5.137875080108643,-4.00577449798584,-36.01123809814453
1,587759,28.46818733215332,17.26175308227539,-19.028995513916016,7.739962577819824
1,587759,-18.190488815307617,-18.27501678466797,1.7223780155181885,30.123884201049805
1,587759,-16.434118270874023,-3.3081798553466797,2.7364120483398438,-25.347013473510742
1,587759,10.92920970916748,7.820064067840576,-26.135225296020508,-2.965240478515625
1,587760,-6.3621344566345215,-17.794286727905273,8.312230110168457,37.90648651123047
1,587760,-6.8568949699401855,-6.239669322967529,21.22751235961914,0.5467712879180908
1,587760,-17.45075225830078,5.350111484527588,-16.05176544189453,-51.433719635009766
1,587760,19.661521911621094,-15.649068832397461,5.615360260009766,6.125851154327393
1,587760,20.003387451171875,-7.457518100738525,5.761009216308594,38.62211608886719
1,587760,-21.42841339111328,25.315950393676758,-1.2134419679641724,-21.606821060180664
1,587761,4.142237663269043,5.348816394805908,6.304315090179443,-3.1437408924102783
1,587761,20.67848777770996,-15.200699806213379,-9.256166458129883,16.840442657470703
1,587761,-6.749695301055908,4.19473934173584,8.967391014099121,-25.574445724487305
1,587761,-7.837099075317383,1.7069886922836304,10.95217227935791,3.570331573486328
1,587761,12.309776306152344,-5.603529930114746,-17.668230056762695,13.3099946975708
1,587761,-3.3585493564605713,14.435747146606445,-1.6589761972427368,-25.625364303588867
1,587762,1.7484068870544434,4.156829357147217,17.860761642456055,-8.542655944824219
1,587762,9.068123817443848,-6.534514904022217,-10.019402503967285,15.762307167053223
1,587762,-10.886187553405762,-14.464320182800293,-19.488332748413086,-22.146459579467773
1,587762,-7.5967254638671875,6.562623977661133,2.61871600151062,-41.28182601928711
1,587762,7.775916576385498,16.21230125427246,-13.503225326538086,-0.6395668983459473
1,587762,-3.511105537414551,-21.43402671813965,-28.225547790527344,-6.210897445678711
1,587763,-33.08002853393555,4.719965934753418,5.437952518463135,-12.397900581359863
1,587763,-11.281603813171387,22.075841903686523,25.77781105041504,15.248482704162598
1,587763,18.957006454467773,-23.28728675842285,12.450056076049805,23.323287963867188
1,587764,-0.11132512241601944,-1.102355718612671,5.383450031280518,41.40827560424805
1,587764,-6.501898288726807,32.475990295410156,-4.400759696960449,34.713443756103516
1,587765,9.964624404907227,-13.296013832092285,-6.141726016998291,-18.14206886291504
1,587765,14.1278076171875,-14.675637245178223,3.674137592315674,-9.303779602050781
1,587765,-11.940211296081543,-8.426457405090332,-8.000385284423828,40.72126770019531
1,587765,-15.179677963256836,-14.283851623535156,0.8328125476837158,-0.13376331329345703
1,587766,47.3629150390625,29.75295639038086,26.38616943359375,-19.321348190307617
1,587768,49.28414535522461,16.249568939208984,59.00884246826172,24.974029541015625
1,587770,-47.263946533203125,-34.600250244140625,-95.53428649902344,-62.79475021362305
1,587772,-49.283790588378906,-28.25733184814453,-174.665771484375,-55.047508239746094
1,587774,23.411264419555664,-7.671842098236084,97.468505859375,83.6736831665039
1,587776,15.69853401184082,11.677602767944336,114.94538116455078,6.883503437042236
1,587778,-31.224760055541992,35.503746032714844,-98.48228454589844,-42.36935806274414
1,587780,-40.006935119628906,34.54991149902344,-86.73455810546875,12.010804176330566
1,587782,-10.331957817077637,-21.99124526977539,-4.435202121734619,-35.38252639770508
1,587784,16.415128707885742,-48.224281311035156,61.708553314208984,-42.64628982543945
1,587786,90.98291778564453,63.896846771240234,407.4840087890625,67.2821273803711
1,587788,76.85211944580078,42.18801498413086,281.8369140625,64.7097396850586
1,587790,-53.685359954833984,-44.92048645019531,-329.11822509765625,-17.599454879760742
1,587792,-70.07510375976562,12.357447624206543,-376.2253112792969,18.677608489990234
1,587794,-10.085467338562012,-58.944034576416016,-210.65304565429688,-84.84814453125
1,587796,11.105945587158203,-63.043277740478516,23.332921981811523,-83.55923461914062
1,587799,-57.410125732421875,83.2130126953125,251.5045928955078,99.00592803955078
1,587800,-55.858314514160156,24.253652572631836,81.40723419189453,62.024200439453125
1,587803,172.1042938232422,-54.87327575683594,-39.14651870727539,11.22803783416748
1,587804,138.7434539794922,3.746129274368286,297.6847229003906,-32.00159454345703
1,587807,-137.23033142089844,61.32255172729492,98.95210266113281,7.563436508178711
1,587808,-73.73638916015625,42.03382110595703,-481.92462158203125,50.523040771484375
1,587945,-11.87539005279541,-76.7877426147461,-123.92089080810547,-85.07723236083984
1,587946,-24.974105834960938,-40.95841979980469,254.8413848876953,-29.85511016845703
1,587946,70.03471374511719,64.83363342285156,62.74524688720703,38.185848236083984
1,587946,40.28794479370117,13.222475051879883,-18.71559715270996,-19.92511558532715
1,587946,-24.39629554748535,-20.711057662963867,-36.655357360839844,-1.599929690361023
1,587946,-39.260894775390625,-7.699846267700195,-101.75455474853516,20.036155700683594
1,587946,-37.867427825927734,2.8792951107025146,-112.40625,-17.840654373168945
1,587947,3.2225942611694336,-3.2087090015411377,-75.9945068359375,-18.789257049560547
1,587947,4.960749626159668,-21.821365356445312,-23.491586685180664,12.1216402053833
1,587947,-20.496713638305664,6.9172539710998535,46.027435302734375,-8.652099609375
1,587947,25.8380069732666,11.925347328186035,103.77747344970703,8.650997161865234
1,587947,31.11599349975586,-5.278604030609131,97.23249053955078,6.565394401550293
1,587948,-3.022958993911743,-6.3722615242004395,69.3803482055664,9.482749938964844
1,587948,10.910563468933105,-6.559502124786377,60.28943634033203,22.66060447692871
1,587948,19.598068237304688,15.004521369934082,-2.9299025535583496,-5.382711410522461
1,587948,-2.033324956893921,0.4263915419578552,-52.12358856201172,-4.179529190063477
1,587948,-16.30276870727539,-22.160236358642578,-25.942459106445312,-9.420979499816895
1,587948,-12.152639389038086,-8.50032901763916,-37.9791374206543,-11.048421859741211
1,587949,-19.056657791137695,-15.83060073852539,-28.30135154724121,11.19091796875
1,587949,-22.122608184814453,-3.508053779602051,33.89611053466797,-0.45897001028060913
1,587949,11.027454376220703,16.519458770751953,34.62456130981445,-30.421297073364258
1,587949,10.506531715393066,-0.25251463055610657,9.916973114013672,-20.15473175048828
1,587949,-7.502363204956055,1.080756664276123,33.99797058105469,5.2290191650390625
1,587949,24.89800453186035,17.039674758911133,57.4988899230957,22.77110481262207
1,587950,14.396778106689453,20.9808292388916,41.3371696472168,6.317028522491455
1,587950,-15.436253547668457,-1.7996973991394043,8.337639808654785,19.176679611206055
1,587950,7.688409805297852,-3.999657392501831,-28.268394470214844,48.91436767578125
1,587950,31.39986801147461,21.675573348999023,-52.65528869628906,2.6380841732025146
1,587950,16.64804458618164,7.593215465545654,-47.35723876953125,-11.478978157043457
1,587950,1.5970852375030518,7.992496490478516,-11.785239219665527,-12.110533714294434
1,587951,9.805127143859863,6.591299533843994,8.200922012329102,-25.29634666442871
1,587951,3.45395827293396,-15.038593292236328,-11.338789939880371,16.11455726623535
1,587951,3.5129597187042236,16.57486343383789,-9.187006950378418,30.83790397644043
1,587951,22.646432876586914,22.765501022338867,7.884270668029785,-10.723013877868652
1,587951,-1.4487504959106445,-20.632211685180664,-15.734249114990234,-29.816389083862305
1,587952,-40.025360107421875,-46.90910339355469,-51.274513244628906,-25.169767379760742
1,587952,-39.097896575927734,-17.83661460876465,-48.417667388916016,-9.96688175201416
1,587952,-31.541776657104492,-3.1887624263763428,-8.558334350585938,5.568550109863281
1,587952,-33.300411224365234,9.257567405700684,42.93695831298828,12.329801559448242
1,587952,5.558147430419922,27.277761459350586,49.05484390258789,4.022035121917725
1,587952,36.06179428100586,-12.176840782165527,22.692087173461914,-5.098410129547119
1,587953,-1.4834352731704712,-4.602458953857422,42.35651779174805,35.278892517089844
1,587953,-0.056172143667936325,0.647590696811676,24.827939987182617,33.805458068847656
1,587953,15.595053672790527,-11.07636833190918,-53.875633239746094,-21.50499725341797
1,587953,1.3155313730239868,20.568140029907227,-34.52008056640625,-23.067960739135742
1,587953,-12.014900207519531,19.83516502380371,-4.565018177032471,-11.145171165466309
1,587953,-8.30669116973877,-16.295345306396484,-54.09929275512695,-26.968599319458008
1,587954,25.779586791992188,-20.748552322387695,-42.802894592285156,-9.596735000610352
1,587954,-8.557086944580078,-14.242055892944336,-8.187613487243652,6.533986568450928
1,587954,-42.116783142089844,3.647305965423584,8.87452507019043,-19.07329750061035
1,587954,14.143746376037598,13.561441421508789,14.060280799865723,5.223657608032227
1,587954,17.815685272216797,-12.251506805419922,-16.739608764648438,23.73719596862793
1,587954,-20.750486373901367,-2.257676124572754,24.85040283203125,-2.6749777793884277
1,587955,11.587244987487793,11.847355842590332,53.68830871582031,10.656865119934082
1,587955,31.60814666748047,3.4593141078948975,-2.8875479698181152,-3.1696462631225586
1,587955,-3.4120752811431885,-14.16042423248291,-10.601726531982422,-15.027799606323242
1,587955,-19.509458541870117,-1.1064002513885498,19.25994110107422,25.202329635620117
1,587955,11.528525352478027,19.270126342773438,-0.767586350440979,22.653738021850586
1,587955,20.789443969726562,4.817286491394043,-42.067203521728516,-24.576377868652344
1,587956,5.071314811706543,-12.499532699584961,-5.834653377532959,9.420767784118652
1,587956,-30.403841018676758,0.6813843250274658,47.89575958251953,40.37910842895508
1,587956,-26.019580841064453,28.992250442504883,22.626752853393555,-30.71065902709961
1,587956,54.24707794189453,-9.176739692687988,-20.085620880126953,-25.626869201660156
1,587956,0.9790236353874207,-24.183542251586914,-6.766676425933838,22.186241149902344
1,587956,-52.57422637939453,19.988407135009766,18.351835250854492,-2.079176187515259
1,587957,20.302717208862305,17.042736053466797,-5.439517974853516,-3.126922130584717
1,587957,20.359285354614258,-18.065767288208008,-14.83614444732666,16.349994659423828
1,587957,-17.591907501220703,-8.706316947937012,-0.11062575876712799,-9.015612602233887
1,587957,-12.63996410369873,14.685608863830566,12.486583709716797,-22.1644229888916
1,587958,-1.375243902206421,-4.0431952476501465,91.3601303100586,-14.831336975097656
1,587959,14.164472579956055,-13.554393768310547,81.68177032470703,11.802084922790527
1,587959,6.933361053466797,-13.838842391967773,-59.638267517089844,27.515090942382812
1,587959,-3.921510696411133,0.284297376871109,-42.352664947509766,-0.9160683155059814
1,587959,8.346780776977539,31.419214248657227,45.39226150512695,-13.161728858947754
1,587959,-3.010960340499878,7.025613784790039,19.422170639038086,-0.6704646944999695
1,587961,11.967690467834473,-21.732643127441406,43.99468994140625,-11.52586555480957
1,587962,51.796730041503906,4.877618789672852,75.07384490966797,6.317381858825684
1,587965,-18.399639129638672,1.4594228267669678,-168.57435607910156,8.769737243652344
1,587966,-69.2550277709961,-17.882965087890625,-279.6705627441406,-45.48076629638672
1,587969,9.437824249267578,-11.881067276000977,29.85616683959961,10.47697639465332
1,587970,22.843791961669922,3.2807557582855225,167.9486541748047,12.306891441345215
1,587971,-13.212320327758789,23.39284896850586,-1.5227670669555664,-53.32272720336914
1,587974,18.287817001342773,-2.548015594482422,-59.08517837524414,63.59391784667969
1,587975,22.340322494506836,-15.201009750366211,-95.90382385253906,86.82271575927734
1,587978,-45.07451629638672,11.991942405700684,32.33017349243164,-74.26406860351562
1,587979,8.444181442260742,49.789825439453125,466.0408020019531,28.153600692749023
1,587982,-27.09198570251465,16.16070556640625,54.38093948364258,34.088661193847656
1,587983,-117.25682830810547,-61.46101760864258,-633.4351806640625,-153.22166442871094
1,587986,149.81192016601562,-32.56618118286133,-46.12575149536133,100.52570343017578
1,587987,149.80599975585938,35.88802719116211,609.4668579101562,132.18289184570312
1,587990,-105.920166015625,15.131237983703613,-91.7972183227539,-193.80816650390625
1,587991,-29.746009826660156,-33.1546745300293,-515.9253540039062,-69.5091323852539
1,587994,-13.048128128051758,-10.602651596069336,144.744873046875,119.8535385131836
1,587995,-65.3685302734375,26.148651123046875,180.87220764160156,13.75239372253418
1,587998,19.60295295715332,11.057472229003906,-126.75004577636719,-54.168174743652344
1,587999,38.4754524230957,-64.4813232421875,-51.86575698852539,-4.381187915802002
1,588002,-16.54804801940918,4.611668109893799,65.06210327148438,26.661733627319336
1,588003,-28.560039520263672,77.84011840820312,128.9766082763672,11.073616981506348
1,588153,42.15576171875,-33.585174560546875,-35.410377502441406,-31.16666603088379
1,588153,50.49159240722656,-21.762426376342773,-74.96346282958984,-20.753122329711914
1,588153,-46.225067138671875,38.712730407714844,103.3382568359375,57.57210159301758
1,588153,-10.282395362854004,-11.881556510925293,43.234764099121094,32.39574432373047
1,588153,29.991506576538086,-17.916080474853516,-46.06912612915039,-37.20482635498047
1,588153,-12.572843551635742,11.770172119140625,-15.229928970336914,-27.3741455078125
1,588154,0.9587053060531616,5.566231727600098,-24.271387100219727,12.206281661987305
1,588154,-1.642325520515442,0.6532020568847656,-15.287331581115723,3.572871208190918
1,588154,11.730854988098145,13.85456657409668,6.808680057525635,-23.29450798034668
1,588154,6.200656890869141,-5.1165971755981445,-0.6563118696212769,6.8012847900390625
1,588154,-36.21717834472656,-19.407745361328125,26.471967697143555,45.547149658203125
1,588154,-20.29020881652832,25.327550888061523,37.67620849609375,8.479374885559082
1,588155,-5.952151775360107,5.295165538787842,-18.365690231323242,-25.32599449157715
1,588155,-5.9140424728393555,-21.37049674987793,-19.237430572509766,27.561410903930664
1,588155,31.5709285736084,3.1035470962524414,-5.849393367767334,-4.580830097198486
1,588155,38.988765716552734,1.706357479095459,-21.098718643188477,-14.9379243850708
1,588155,-2.9111318588256836,11.204634666442871,-22.448772430419922,36.37057113647461
1,588155,-1.7054040431976318,-6.277053356170654,-16.551342010498047,-10.696093559265137
1,588156,-14.662836074829102,-21.422039031982422,-4.750226974487305,-6.905746936798096
1,588156,-32.49382019042969,7.758397579193115,3.5756707191467285,24.500049591064453
1,588156,20.433446884155273,9.731761932373047,22.003705978393555,-2.685776472091675
1,588156,10.552068710327148,4.010209083557129,22.248748779296875,-15.651167869567871
1,588156,-44.5013542175293,13.853428840637207,10.671061515808105,-8.403386116027832
1,588156,10.422884941101074,-6.982903003692627,-1.5811092853546143,-15.731890678405762
1,588157,44.904052734375,-23.67374038696289,-28.711397171020508,-1.2884726524353027
1,588157,-27.254560470581055,-2.8032338619232178,-13.46161937713623,-8.984034538269043
1,588157,-19.516124725341797,1.6103118658065796,22.713306427001953,-29.26173210144043
1,588157,27.148834228515625,-2.7936129570007324,-0.09570375084877014,6.64931058883667
1,588157,13.374093055725098,0.28153976798057556,-17.188766479492188,-4.883977890014648
1,588158,-11.28091812133789,-10.617801666259766,1.9625029563903809,-12.329402923583984
1,588158,-14.99488353729248,16.365135192871094,16.902130126953125,17.292715072631836
1,588158,8.765301704406738,22.963531494140625,31.992321014404297,9.650045394897461
1,588158,4.871922016143799,-29.90854835510254,25.136085510253906,17.752347946166992
1,588158,-2.680419445037842,2.8104875087738037,13.247512817382812,19.581336975097656
1,588158,14.320745468139648,19.252361297607422,-4.161441326141357,-16.383981704711914
1,588159,-4.783731460571289,-28.403972625732422,-6.344630718231201,-0.8611233830451965
1,588159,0.252409428358078,19.841093063354492,-8.159202575683594,4.336544036865234
1,588159,36.617618560791016,32.070152282714844,-15.386303901672363,-21.263118743896484
1,588159,7.532960414886475,-35.291038513183594,12.360112190246582,15.669105529785156
1,588159,-21.603395462036133,-16.652463912963867,8.716140747070312,23.683547973632812
1,588159,-6.316523551940918,34.70278549194336,-6.530437469482422,5.269799709320068
1,588160,2.908625602722168,18.058626174926758,7.096324443817139,-21.39236068725586
1,588160,-4.738879680633545,-13.486846923828125,-6.8624749183654785,-17.205942153930664
1,588160,-4.17537260055542,-26.326234817504883,-7.628885746002197,14.110292434692383
1,588160,-2.1909618377685547,4.178953647613525,-1.2627910375595093,-38.94402313232422
1,588160,-11.228262901306152,30.97664451599121,5.086199760437012,-20.696247100830078
1,588160,-20.863956451416016,-18.795251846313477,13.393681526184082,29.752111434936523
1,588161,-11.304234504699707,-37.30488967895508,-5.23952054977417,-0.17537406086921692
1,588161,13.20295524597168,-2.3138153553009033,-13.045391082763672,-4.763582706451416
1,588161,-1.4818300008773804,18.568958282470703,-15.809107780456543,16.152137756347656
1,588161,-15.88454532623291,-6.652435302734375,18.37105941772461,12.653032302856445
1,588161,-1.9202197790145874,-22.350339889526367,36.32804489135742,13.342656135559082
1,588161,5.956357479095459,23.964616775512695,10.863594055175781,7.356142520904541
1,588162,23.746339797973633,21.149700164794922,-21.857820510864258,-33.71534729003906
1,588162,6.744936943054199,-15.883893013000488,-25.839784622192383,-7.341146945953369
1,588162,-11.362013816833496,4.3567118644714355,11.246536254882812,39.95035934448242
1,588162,10.193717002868652,17.227821350097656,-9.378976821899414,-20.374340057373047
1,588162,-10.489006996154785,-19.723928451538086,-26.882295608520508,-33.45595932006836
1,588162,-3.5747480392456055,-3.274106502532959,-8.878690719604492,32.068824768066406
1,588163,7.631350517272949,19.709836959838867,-1.8323311805725098,1.320180058479309
1,588163,-6.466226577758789,-14.312334060668945,-16.22113037109375,-26.54214096069336
1,588163,18.498699188232422,-10.79270076751709,-27.6116886138916,9.34350299835205
1,588163,-1.988156795501709,13.063399314880371,-12.747790336608887,32.277034759521484
1,588163,-18.918128967285156,-1.4995129108428955,-11.497905731201172,7.122727394104004
1,588163,8.287649154663086,10.062095642089844,4.608500003814697,-17.994415283203125
1,588164,8.871850967407227,12.614998817443848,14.803276062011719,1.538336157798767
1,588164,8.895854949951172,-19.176639556884766,0.8395653963088989,2.3649508953094482
1,588164,3.298492193222046,1.8829091787338257,-7.324160099029541,3.8404157161712646
1,588164,-13.866256713867188,-7.560670375823975,0.15079143643379211,9.842802047729492
1,588164,-1.3019663095474243,-8.2843599319458,5.928048610687256,-11.275226593017578
1,588164,7.445865154266357,10.731196403503418,8.20335578918457,-17.41504669189453
1,588165,20.144062042236328,-4.170089244842529,-2.866426706314087,-12.638969421386719
1,588165,-4.022017478942871,3.6834473609924316,-7.520742416381836,-11.603851318359375
1,588165,-33.24995422363281,12.97475528717041,20.762704849243164,-4.524364471435547
1,588166,19.134389877319336,5.149327278137207,-36.90031433105469,-27.906435012817383
1,588166,20.19301986694336,-20.41752815246582,-49.14262390136719,-6.736271381378174
1,588167,-12.39401626586914,-3.9088172912597656,58.19346618652344,51.58517837524414
1,588167,6.115511894226074,28.680049896240234,19.98564910888672,21.926607131958008
1,588167,-10.223200798034668,8.835786819458008,-18.82101821899414,-3.8828203678131104
1,588167,-11.228887557983398,6.291468620300293,30.341453552246094,25.187339782714844
1,588167,12.788766860961914,-20.209033966064453,6.700786113739014,16.40848731994629
1,588169,2.3312571048736572,-28.993083953857422,5.720222473144531,11.753708839416504
1,588170,13.235335350036621,11.555420875549316,57.37900161743164,7.07852840423584
1,588173,2.4830868244171143,6.472811222076416,172.0636444091797,-39.75779724121094
1,588174,-41.26298522949219,-14.596386909484863,35.9815673828125,-20.07219886779785
1,588177,-20.033525466918945,4.765711784362793,-194.32713317871094,12.62574291229248
1,588178,11.59848690032959,46.36225128173828,-17.636533737182617,10.99134349822998
1,588179,14.578999519348145,-19.52872657775879,31.337825775146484,7.447933673858643
1,588182,-20.054147720336914,-34.207191467285156,-115.02892303466797,18.812381744384766
1,588183,-22.148704528808594,42.227474212646484,12.373085975646973,-25.045026779174805
1,588186,45.459800720214844,-17.62411117553711,153.47930908203125,-132.88272094726562
1,588187,10.019914627075195,-33.26811981201172,-2.7487831115722656,5.308644771575928
1,588190,-9.410392761230469,17.666601181030273,-179.68392944335938,128.58177185058594
1,588191,4.776655673980713,-16.421592712402344,-70.86727905273438,-0.15881386399269104
1,588194,-11.862648010253906,-14.360316276550293,76.0537338256836,-65.9280776977539
1,588195,-0.9376449584960938,13.787702560424805,45.62718200683594,-21.072736740112305
1,588198,0.2790360152721405,25.8544979095459,11.571316719055176,78.93826293945312
1,588199,12.356736183166504,10.474861145019531,4.4959611892700195,63.8887939453125
1,588202,12.052721977233887,11.21968936920166,35.874176025390625,-74.5387191772461
1,588203,-0.41621777415275574,21.5954647064209,45.36471939086914,-15.341188430786133
1,588206,-11.920275688171387,-48.40227508544922,-54.942317962646484,18.995227813720703
1,588207,-41.8845329284668,-34.28868865966797,-66.4607925415039,-81.004150390625
1,588210,29.150150299072266,50.22200012207031,-4.490664005279541,29.748119354248047
1,588211,40.62641906738281,6.024845123291016,17.09933090209961,77.13687133789062
1,588214,-50.3192024230957,-35.548553466796875,-9.046075820922852,-5.178402900695801
1,588372,12.3190336227417,0.5400769114494324,7.824886322021484,-35.86192321777344
1,588372,26.61838722229004,7.2226457595825195,48.22591781616211,-40.64589309692383
1,588373,-0.8442015051841736,-0.2853989899158478,-1.0706089735031128,17.59366226196289
1,588373,8.126303672790527,-17.0208797454834,-26.719655990600586,9.216569900512695
1,588373,-36.91202926635742,-12.43880558013916,1.2626817226409912,6.195010662078857
1,588373,-18.215866088867188,34.969505310058594,10.242762565612793,24.870037078857422
1,588373,22.280513763427734,29.91884422302246,-5.402683258056641,10.07391357421875
1,588373,-2.9754769802093506,-12.08205795288086,-9.531524658203125,5.488661289215088
1,588374,-2.4104971885681152,-0.661561131477356,-2.0053398609161377,-19.363439559936523
1,588374,21.795883178710938,4.796850204467773,9.517319679260254,-3.9644410610198975
1,588374,-10.109161376953125,-14.69466495513916,16.97819709777832,11.922618865966797
1,588374,-18.276634216308594,-2.7336132526397705,5.291120529174805,-9.945300102233887
1,588374,21.25926971435547,-0.0641116350889206,-2.4515867233276367,-20.352996826171875
1,588374,10.516650199890137,-3.7967326641082764,-0.21412934362888336,-2.9924535751342773
1,588375,-9.755134582519531,6.991343975067139,-0.4486668109893799,11.881488800048828
1,588375,-1.325621485710144,2.5811753273010254,-12.045684814453125,-1.4699461460113525
1,588375,-2.823296308517456,-8.4879732131958,-9.347539901733398,1.14761221408844
1,588375,-2.3931772708892822,2.763399839401245,9.971341133117676,17.33538055419922
1,588375,4.006014347076416,21.434417724609375,1.6552021503448486,-1.3377403020858765
1,588375,8.71036434173584,-11.479954719543457,-8.366748809814453,-19.087318420410156
1,588376,-18.28600311279297,-18.965370178222656,13.83128833770752,-8.271134376525879
1,588376,-1.1878280639648438,3.189112424850464,-10.173545837402344,4.63852071762085
1,588376,25.293729782104492,-14.446012496948242,-20.707801818847656,15.044486045837402
1,588376,-19.656810760498047,-9.465887069702148,12.96132755279541,-5.562689781188965
1,588376,-13.043499946594238,6.325694561004639,15.081199645996094,-3.7626500129699707
1,588377,8.811772346496582,8.404258728027344,0.21380169689655304,2.6111536026000977
1,588377,-9.476759910583496,6.4084153175354,-17.93000030517578,-9.364002227783203
1,588377,-4.580783367156982,6.994323253631592,-3.5635886192321777,8.06874942779541
1,588377,-0.09885846078395844,10.901865005493164,9.217887878417969,14.061249732971191
1,588377,14.583972930908203,-6.122351169586182,-0.23951873183250427,-2.4579546451568604
1,588377,23.54827308654785,-2.2980406284332275,-0.5404013991355896,-9.096341133117676
1,588378,-14.99666976928711,2.3888518810272217,13.618549346923828,7.666642189025879
1,588378,-8.778741836547852,-10.41409969329834,11.8152494430542,11.222192764282227
1,588378,6.915980339050293,14.399484634399414,-8.5101318359375,-0.37542060017585754
1,588378,-7.598385334014893,27.328960418701172,-5.074040412902832,-19.55843734741211
1,588378,15.922773361206055,-8.176131248474121,-5.121576309204102,-14.7620267868042
1,588378,-1.911543607711792,-21.80971908569336,-11.73054027557373,22.687101364135742
1,588379,-19.799856185913086,10.737013816833496,9.381072998046875,22.187482833862305
1,588379,17.488452911376953,10.518448829650879,27.330020904541016,-5.644130229949951
1,588379,3.071791410446167,-13.934688568115234,7.47414493560791,-5.611588001251221
1,588379,-13.482804298400879,-7.165861129760742,-24.967599868774414,-14.621368408203125
1,588379,15.316760063171387,-8.711212158203125,-16.490806579589844,-9.598780632019043
1,588379,3.9389641284942627,-13.30704402923584,2.1405446529388428,14.591413497924805
1,588380,-13.745882987976074,19.431133270263672,-0.3273991048336029,-20.630884170532227
1,588380,-1.4896554946899414,16.32866096496582,2.4640989303588867,-8.074472427368164
1,588380,6.111298084259033,-24.125844955444336,9.858269691467285,53.3755989074707
1,588380,2.152012825012207,0.1819159835577011,15.007479667663574,17.90652847290039
1,588380,-19.826807022094727,18.40666389465332,-21.026350021362305,-36.02940368652344
1,588380,3.0583953857421875,-9.62608528137207,-8.54394817352295,-22.471508026123047
1,588381,12.543841361999512,-13.586109161376953,30.317609786987305,7.037220001220703
1,588381,-14.704668998718262,5.253157615661621,-7.522549629211426,6.012702941894531
1,588381,4.070233345031738,-1.1890960931777954,-16.519121170043945,-7.762210845947266
1,588381,1.3618170022964478,-0.9236413240432739,-0.4981313645839691,-17.009748458862305
1,588381,-5.787424564361572,3.3362913131713867,-9.376533508300781,-0.6042231917381287
1,588381,3.5569334030151367,-10.987208366394043,5.222941875457764,14.102690696716309
1,588382,4.697036266326904,16.97399139404297,4.01132345199585,-24.172443389892578
1,588382,19.56864356994629,5.413572311401367,-23.993057250976562,-8.363775253295898
1,588382,-2.030794858932495,-27.812667846679688,4.4058332443237305,17.711605072021484
1,588382,-8.973812103271484,5.296638011932373,31.6505184173584,-0.8979445695877075
1,588382,4.600241661071777,4.908395290374756,13.239218711853027,3.083760976791382
1,588382,-17.914579391479492,-8.464164733886719,3.6259093284606934,9.48232650756836
1,588383,14.36067008972168,13.244440078735352,18.305545806884766,13.030834197998047
1,588383,37.191062927246094,6.713937282562256,10.82373332977295,1.4869203567504883
1,588383,-14.315290451049805,-17.39451026916504,-35.21049880981445,-8.75698184967041
1,588383,-16.897287368774414,-1.2681657075881958,-16.864667892456055,-9.819551467895508
1,588383,8.571706771850586,20.086536407470703,30.671985626220703,-18.81182289123535
1,588384,-1.9096730947494507,2.7234482765197754,8.145092964172363,38.46992111206055
1,588384,-15.546650886535645,15.566132545471191,-33.76350402832031,41.25539016723633
1,588384,-5.482252597808838,11.514815330505371,-27.01795768737793,-61.53928756713867
1,588384,10.648104667663574,-24.831863403320312,3.8928561210632324,-0.20806118845939636
1,588384,-4.9293060302734375,0.49223610758781433,7.70583963394165,51.75690460205078
1,588384,-10.550758361816406,13.760416984558105,-6.234682559967041,-29.501237869262695
1,588385,11.032670021057129,-21.93224334716797,-27.138599395751953,-20.35575294494629
1,588385,-1.9522005319595337,3.3492696285247803,3.5841822624206543,19.32837677001953
1,588385,-13.87814712524414,8.964542388916016,14.452245712280273,1.0538842678070068
1,588385,-0.3198716342449188,-29.712249755859375,-27.34946632385254,-8.742525100708008
1,588385,4.0862812995910645,4.153732776641846,3.859471559524536,-10.17969799041748
1,588385,10.474238395690918,24.52305030822754,8.508140563964844,-3.0316991806030273
1,588386,-3.053330659866333,-12.564208030700684,-31.48486328125,4.984724998474121
1,588387,-19.321683883666992,-29.69363784790039,21.098966598510742,-1.8736597299575806
1,588387,-12.647552490234375,16.477651596069336,62.456302642822266,19.490415573120117
1,588387,16.338241577148438,27.717790603637695,21.80536460876465,2.199734687805176
1,588387,12.431357383728027,-15.516762733459473,7.983937740325928,-9.647610664367676
1,588387,-9.422676086425781,5.651066303253174,18.413436889648438,-1.890818476676941
1,588388,-17.904193878173828,-8.056758880615234,7.833262920379639,-9.763535499572754
1,588388,-16.001670837402344,-31.028060913085938,-11.159356117248535,20.46900749206543
1,588389,12.756816864013672,18.790546417236328,-111.27186584472656,12.408267974853516
1,588390,63.852333068847656,-3.157918930053711,-93.82100677490234,-10.846663475036621
1,588392,115.0511474609375,-10.493033409118652,100.95140838623047,-10.127629280090332
1,588394,-69.32843017578125,19.992919921875,67.85533905029297,-39.80164337158203
1,588396,-151.78567504882812,-4.525868892669678,-11.179729461669922,-9.89150619506836
1,588398,63.74117660522461,19.555545806884766,64.28777313232422,82.6565933227539
1,588400,60.924564361572266,22.33338737487793,-67.7750473022461,-12.672992706298828
1,588403,-41.392982482910156,-0.4155358374118805,-136.63926696777344,-67.87576293945312
1,588404,-41.45347595214844,4.211738109588623,89.94234466552734,56.98537063598633
1,588407,-28.116235733032227,-23.12965965270996,122.67764282226562,21.82184410095215
1,588408,85.20343017578125,-8.859509468078613,-31.780033111572266,-32.27601623535156
1,588411,41.86143493652344,4.135659694671631,4.176263332366943,-1.63978111743927
1,588412,-88.03141021728516,-22.04218292236328,272.9263916015625,9.912093162536621
1,588413,19.455692291259766,-8.622159957885742,-74.6175537109375,7.500860214233398
1,588416,53.72880935668945,13.020285606384277,-794.18017578125,-57.84037780761719
1,588417,-66.8900146484375,2.2764341831207275,-13.466270446777344,14.540447235107422
1,588420,-92.06134796142578,22.219905853271484,800.3609008789062,128.05520629882812
1,588421,90.54252624511719,-8.500870704650879,-63.3964958190918,-46.03614807128906
1,588424,161.36497497558594,-12.46998119354248,-254.3300323486328,-88.81171417236328
1,588425,-48.329811096191406,31.15106773376465,135.5287628173828,45.73552322387695
1,588428,-136.41192626953125,-0.934718132019043,-55.89698791503906,-7.094568729400635
1,588429,14.105857849121094,-6.843883514404297,-22.729860305786133,-36.65376281738281
1,588432,40.128177642822266,-37.170509338378906,-38.9008674621582,3.501380681991577
1,588433,-16.27658462524414,8.174044609069824,-1.6017473936080933,-9.366647720336914
1,588601,-15.164350509643555,56.34514617919922,123.00700378417969,27.699050903320312
1,588601,-17.06936264038086,-16.158891677856445,21.4049129486084,31.185009002685547
1,588601,32.06791687011719,-27.268783569335938,-53.3012580871582,-7.847955226898193
1,588601,8.014946937561035,17.230083465576172,-27.34082794189453,-4.972041130065918
1,588601,-17.226072311401367,-0.4661877751350403,-31.14923667907715,-18.60132598876953
1,588602,4.2649407386779785,-24.551401138305664,-27.136192321777344,7.985132694244385
1,588602,-8.785741806030273,1.0728598833084106,22.649587631225586,11.179624557495117
1,588602,-11.794604301452637,11.975150108337402,25.8762264251709,-5.470812797546387
1,588602,13.95469856262207,4.229430675506592,14.601408958435059,8.943378448486328
1,588602,24.07232093811035,-14.355152130126953,3.059861183166504,-18.229219436645508
1,588602,-15.585637092590332,-4.047503471374512,3.3574326038360596,-19.008386611938477
1,588603,5.099920749664307,8.123597145080566,-1.0475659370422363,7.664271831512451
1,588603,45.305362701416016,-2.3735828399658203,-24.96824073791504,-0.7139353156089783
1,588603,-12.654716491699219,-12.54776382446289,-18.864681243896484,5.678023338317871
1,588603,-39.35429000854492,2.3507003784179688,8.919143676757812,13.326207160949707
1,588603,4.94160795211792,20.621078491210938,-9.391700744628906,-22.218482971191406
1,588603,9.91118049621582,-6.899571418762207,-8.230961799621582,-1.0155497789382935
1,588604,-19.05305290222168,-7.776495456695557,25.184207916259766,36.90755844116211
1,588604,-3.833852529525757,26.428808212280273,21.71091651916504,2.6690304279327393
1,588604,26.866191864013672,22.075511932373047,7.925947189331055,-19.935325622558594
1,588604,0.09115032851696014,-16.531757354736328,0.02234392613172531,4.075681686401367
1,588604,7.327795028686523,-19.380687713623047,2.242593288421631,13.52692699432373
1,588605,20.316972732543945,4.136410713195801,1.9829391241073608,-26.748762130737305
1,588605,-20.912172317504883,1.4505754709243774,-17.262903213500977,-25.56287384033203
1,588605,-16.684009552001953,-21.331727981567383,-23.10434341430664,14.650444030761719
1,588605,-0.7322317361831665,-9.248308181762695,-8.674363136291504,5.618689060211182
1,588605,19.092727661132812,26.95136260986328,14.363059043884277,17.45559310913086
1,588605,16.6801815032959,10.188508033752441,-1.0431979894638062,29.97728729248047
1,588606,-22.156049728393555,-15.468216896057129,-7.506108283996582,-15.881454467773438
1,588606,-18.15273094177246,-10.249680519104004,10.79270076751709,1.081540822982788
1,588606,-0.2766076922416687,-13.29883861541748,-4.141997814178467,23.730066299438477
1,588606,6.401304244995117,-7.120686054229736,13.124838829040527,-13.542969703674316
1,588606,-0.17658431828022003,19.48101043701172,-13.080439567565918,-16.117431640625
1,588606,-15.31892204284668,3.615112543106079,-29.495891571044922,3.093848943710327
1,588607,-9.987762451171875,-12.136117935180664,11.555978775024414,11.197449684143066
1,588607,4.982319355010986,9.314624786376953,10.108407974243164,0.9109985828399658
1,588607,22.474031448364258,18.693822860717773,10.634846687316895,6.388801574707031
1,588607,-0.5217578411102295,5.5724406242370605,-1.4324201345443726,6.18059778213501
1,588607,-27.11091423034668,-12.246898651123047,3.861457347869873,-28.722980499267578
1,588607,11.765360832214355,-5.782057762145996,31.966251373291016,0.27218538522720337
1,588608,18.006141662597656,15.78717041015625,18.318702697753906,6.857673645019531
1,588608,1.0332673788070679,-2.9212567806243896,-15.622695922851562,-28.08133316040039
1,588608,11.409491539001465,-10.037654876708984,-10.820390701293945,5.3980512619018555
1,588608,19.768888473510742,34.831974029541016,-6.438669204711914,-7.905168056488037
1,588608,-4.203669548034668,-6.086894512176514,-10.847685813903809,-5.419938564300537
1,588608,-21.130069732666016,-32.39802932739258,8.6098051071167,9.71982479095459
1,588609,8.550431251525879,26.64478302001953,5.5054402351379395,-9.204838752746582
1,588609,4.326942443847656,11.408665657043457,-5.357406139373779,0.5201867818832397
1,588609,-26.68765640258789,-25.444549560546875,-10.118521690368652,2.9650280475616455
1,588609,-7.841311454772949,-19.185564041137695,6.826049327850342,18.190528869628906
1,588609,30.820178985595703,2.5712225437164307,-1.9046562910079956,-3.8875229358673096
1,588609,9.421483993530273,12.377253532409668,-13.597349166870117,-10.916600227355957
1,588610,-32.70261764526367,8.382668495178223,4.730011463165283,2.772012710571289
1,588610,-14.342097282409668,-23.254634857177734,-15.963472366333008,-12.370230674743652
1,588610,14.199563026428223,-31.130107879638672,-29.306917190551758,3.3406577110290527
1,588610,-11.506245613098145,22.469200134277344,12.17979907989502,24.33768081665039
1,588610,-26.011600494384766,34.08890151977539,37.851348876953125,2.3251609802246094
1,588610,9.022584915161133,16.306121826171875,6.5766987800598145,7.555943965911865
1,588611,5.692343711853027,-18.386268615722656,-10.276678085327148,16.38410186767578
1,588611,-21.122360229492188,-28.341075897216797,-4.273989677429199,-22.93766212463379
1,588611,4.067392826080322,13.432738304138184,12.655254364013672,-18.659822463989258
1,588611,28.00179672241211,9.185953140258789,1.31198251247406,-7.6036882400512695
1,588611,12.67487907409668,-16.010168075561523,-24.01456642150879,-0.6243560314178467
1,588611,-24.537254333496094,4.7045063972473145,10.419476509094238,50.356082916259766
1,588612,-0.6282256245613098,6.967896461486816,9.048335075378418,-10.071396827697754
1,588612,35.88654708862305,-14.45719051361084,-6.995995044708252,-82.44367218017578
1,588612,12.261774063110352,5.200502395629883,22.411983489990234,-9.716574668884277
1,588612,11.391265869140625,6.9386396408081055,-6.632932186126709,-1.0943324565887451
1,588612,11.499602317810059,-7.9559197425842285,-39.140663146972656,-8.186551094055176
1,588612,-24.918598175048828,3.215725898742676,20.501907348632812,18.11181640625
1,588613,-20.728242874145508,10.06478214263916,39.7731819152832,-2.530789852142334
1,588613,31.524797439575195,6.0122785568237305,-29.344440460205078,24.714252471923828
1,588613,13.309249877929688,1.8851054906845093,10.423914909362793,43.791812896728516
1,588613,-15.01102066040039,-8.325700759887695,55.633445739746094,14.588170051574707
1,588613,2.9681835174560547,-5.934940338134766,-7.540812015533447,0.9700846076011658
1,588613,-10.782098770141602,-0.9989660978317261,-13.26895523071289,3.9215428829193115
1,588614,-26.07712173461914,-0.057152338325977325,-1.5735348463058472,34.30233383178711
1,588614,-8.097573280334473,3.7992634773254395,-9.431500434875488,31.276296615600586
1,588614,18.871253967285156,2.774714231491089,-14.750833511352539,-11.084160804748535
1,588614,16.954532623291016,11.930333137512207,-21.6801700592041,-34.912933349609375
1,588614,-18.373197555541992,-9.365921974182129,-17.6099910736084,-10.291741371154785
1,588615,-32.48579788208008,-6.975531101226807,-5.56691312789917,20.881336212158203
1,588615,0.3508327603340149,13.610011100769043,-18.18382453918457,-20.946491241455078
1,588616,35.476680755615234,-13.768131256103516,-78.07369995117188,-38.63478469848633
1,588616,5.341419696807861,-18.317628860473633,-43.26872253417969,3.363431453704834
1,588616,-41.530845642089844,3.626901388168335,34.55780029296875,7.2579522132873535
1,588616,0.16454675793647766,8.513413429260254,35.679351806640625,-12.50296688079834
1,588617,30.761938095092773,2.73736572265625,33.67464065551758,0.2749555706977844
1,588617,1.408907175064087,0.38308092951774597,0.649783730506897,-34.1500244140625
1,588617,-6.565303802490234,-1.3070440292358398,-5.434019088745117,-1.5288435220718384
1,588617,10.585323333740234,20.19709587097168,30.571666717529297,85.46665954589844
1,588618,-3.18892765045166,30.19322967529297,102.55091857910156,4.021368026733398
1,588620,-47.05063247680664,-31.045286178588867,92.96068572998047,-35.112430572509766
1,588622,17.038814544677734,-40.4853515625,-56.96076583862305,-38.673282623291016
1,588624,61.8328971862793,25.198392868041992,-62.575111389160156,-49.695350646972656
1,588627,-30.62642478942871,24.351810455322266,15.386565208435059,62.712730407714844
1,588628,-25.671443939208984,-20.61284065246582,6.772700309753418,64.71636962890625
1,588631,41.870994567871094,-3.6770777702331543,45.348167419433594,-51.690181732177734
1,588632,12.707756042480469,8.736076354980469,-7.50360107421875,-34.688507080078125
1,588635,-32.91436767578125,-14.589978218078613,-173.42330932617188,34.0908317565918
1,588636,-40.48809814453125,28.01210594177246,-15.975441932678223,21.605850219726562
1,588639,32.78242874145508,-4.7667412757873535,111.58869934082031,-2.808907985687256
1,588640,60.18164825439453,-28.66434097290039,-24.567337036132812,6.251482963562012
1,588643,-40.02079772949219,13.485122680664062,-24.69801902770996,-40.29890441894531
1,588644,-64.43681335449219,-1.9979804754257202,-5.180802345275879,-43.9271240234375
1,588645,31.371559143066406,17.156896591186523,3.4671154022216797,56.318992614746094
1,588648,70.53646850585938,1.8297926187515259,31.89459800720215,36.056583404541016
1,588649,-11.820856094360352,-26.337757110595703,-15.321199417114258,-34.682228088378906
1,588652,-56.90098571777344,-8.780939102172852,-23.704381942749023,0.8935470581054688
1,588653,-13.955523490905762,7.554006099700928,18.521041870117188,13.452909469604492
1,588656,24.294130325317383,3.4810993671417236,10.072233200073242,-28.89125633239746
1,588657,10.516963958740234,3.35152006149292,16.27037811279297,15.41332721710205
1,588660,0.6984056830406189,-3.3691747188568115,22.961734771728516,28.442726135253906
1,588661,13.919693946838379,9.103915214538574,-27.706340789794922,-5.76255989074707
1,588834,-9.34757137298584,15.0017728805542,-36.63179397583008,-13.786965370178223
1,588834,-27.825956344604492,-24.097332000732422,2.637387275695801,-27.84625244140625
1,588835,-1.231810212135315,-10.249064445495605,28.578142166137695,-7.064257621765137
1,588835,21.16177749633789,14.796753883361816,7.063608646392822,24.12986946105957
1,588835,6.493999481201172,22.277732849121094,-7.436121463775635,22.50640106201172
1,588835,-0.14072489738464355,1.5497238636016846,9.781455039978027,-29.16945457458496
1,588835,9.240917205810547,-17.941978454589844,-3.496363401412964,-11.323471069335938
1,588836,-14.599260330200195,-6.296348571777344,-11.663789749145508,35.7426643371582
1,588836,-14.393292427062988,-3.018083333969116,5.279820442199707,3.2410757541656494
1,588836,22.36824607849121,14.168684959411621,-7.505833148956299,-13.70531177520752
1,588836,9.273037910461426,6.48997688293457,-2.9563965797424316,9.835704803466797
1,588836,-20.289546966552734,-15.803044319152832,7.450352191925049,0.8308401703834534
1,588836,-16.227231979370117,-8.353975296020508,9.563179016113281,-8.979700088500977
1,588837,-10.634787559509277,7.1348114013671875,10.417675018310547,7.774535179138184
1,588837,5.032926082611084,13.544655799865723,-18.11792755126953,-12.436604499816895
1,588837,29.42818260192871,-7.905328273773193,-0.5656623840332031,-17.707489013671875
1,588837,11.492247581481934,-1.1480506658554077,13.413843154907227,2.637871742248535
1,588837,-26.737361907958984,5.822990417480469,-6.319672584533691,-2.018158435821533
1,588837,-9.701553344726562,-17.134641647338867,1.8424323797225952,2.027456760406494
1,588838,27.683517456054688,-5.774744033813477,-3.105306625366211,11.001977920532227
1,588838,-1.0347977876663208,15.059479713439941,-11.611834526062012,-0.8438051342964172
1,588838,-15.921992301940918,-7.371871471405029,5.923469066619873,22.453506469726562
1,588838,1.7299418449401855,-10.372025489807129,-12.631099700927734,18.472766876220703
1,588838,-10.608868598937988,23.883052825927734,-0.1731998473405838,-16.419469833374023
1,588838,4.0317912101745605,-2.0753824710845947,31.398086547851562,-6.458081245422363
1,588839,32.620487213134766,-15.968189239501953,-2.234070301055908,7.421125411987305
1,588839,3.3227121829986572,3.8419010639190674,-26.279003143310547,7.800243854522705
1,588839,-18.155261993408203,-1.2519017457962036,-10.647979736328125,-20.066383361816406
1,588839,-3.7003045082092285,10.181501388549805,-1.6471071243286133,-12.645305633544922
1,588839,6.458444595336914,9.780811309814453,3.320317268371582,2.7461869716644287
1,588840,1.4073528051376343,-15.642919540405273,24.771514892578125,12.101449012756348
1,588840,-10.892175674438477,7.699197769165039,6.564121723175049,-1.4977267980575562
1,588840,6.05470609664917,34.99695587158203,10.474839210510254,-11.951793670654297
1,588840,4.541617393493652,-5.2959699630737305,15.38447380065918,29.937496185302734
1,588840,6.3227057456970215,-23.938100814819336,-25.341886520385742,-16.028100967407227
1,588840,-8.345813751220703,6.530036449432373,-25.955429077148438,-35.76670455932617
1,588841,-21.614948272705078,0.9282167553901672,-1.828701138496399,15.249394416809082
1,588841,20.641033172607422,-27.50425910949707,12.357808113098145,11.285379409790039
1,588841,4.271927356719971,4.6094255447387695,-5.835190296173096,5.443850994110107
1,588841,1.2051796913146973,42.99875259399414,-1.3479328155517578,-4.003142833709717
1,588841,12.529407501220703,-0.6258487701416016,17.16756820678711,-8.445169448852539
1,588841,-7.005352973937988,-42.638038635253906,-15.96462631225586,17.541242599487305
1,588842,7.691241264343262,-17.627819061279297,-27.698463439941406,36.1223030090332
1,588842,-29.581998825073242,17.806093215942383,14.322006225585938,-2.0362322330474854
1,588842,-31.229312896728516,4.723660469055176,20.909549713134766,-51.942054748535156
1,588842,42.04951858520508,-6.121270179748535,-3.021334171295166,-17.546173095703125
1,588842,7.166182518005371,5.055370807647705,-0.9901478886604309,24.724061965942383
1,588842,-36.33392333984375,-13.19462776184082,2.7406299114227295,12.7371187210083
1,588843,24.067853927612305,-9.665534973144531,11.563606262207031,-14.258524894714355
1,588843,8.371902465820312,9.470840454101562,5.3033552169799805,-13.589112281799316
1,588843,-22.628992080688477,12.623284339904785,-8.757914543151855,2.610867500305176
1,588843,18.963449478149414,3.3891372680664062,3.8794562816619873,-4.264617443084717
1,588843,-5.9987263679504395,-7.8380279541015625,1.1616394519805908,-8.829851150512695
1,588843,-21.39672088623047,-3.220522165298462,-9.390145301818848,24.270782470703125
1,588844,26.145906448364258,-1.7169098854064941,1.2050395011901855,-2.0849831104278564
1,588844,21.900856018066406,9.660874366760254,5.7791032791137695,-56.51448059082031
1,588844,-23.957822799682617,11.104494094848633,-11.375323295593262,17.293872833251953
1,588844,-23.801441192626953,-9.749567985534668,-7.716663837432861,45.71609115600586
1,588844,4.764883041381836,-20.968223571777344,3.566732883453369,-19.073745727539062
1,588844,7.4742817878723145,14.580108642578125,2.051877737045288,-1.0322299003601074
1,588845,0.4281073212623596,31.354721069335938,-1.1167173385620117,8.519815444946289
1,588845,18.5023250579834,-22.103084564208984,-13.643614768981934,-33.01335144042969
1,588845,-0.3850674033164978,-16.645401000976562,8.367403030395508,31.13943862915039
1,588845,-21.14476203918457,21.1169490814209,14.614372253417969,41.91386413574219
1,588845,19.85097312927246,11.903023719787598,3.2655017375946045,-46.76615524291992
1,588845,8.17604923248291,-13.730536460876465,-3.2611255645751953,17.633859634399414
1,588846,-22.192256927490234,-10.228999137878418,-5.898735046386719,52.809444427490234
1,588846,-1.337568759918213,22.52519416809082,11.907941818237305,-12.60961627960205
1,588846,21.11274528503418,-12.68868637084961,-9.238871574401855,-20.189321517944336
1,588846,12.827881813049316,-11.386338233947754,-6.290945053100586,-10.614992141723633
1,588846,-24.044265747070312,15.749038696289062,24.96287727355957,9.133461952209473
1,588846,-3.5916006565093994,-6.124999523162842,-7.038363456726074,-9.726391792297363
1,588847,19.350215911865234,-2.6112852096557617,-20.201879501342773,-52.16722106933594
1,588847,-12.271978378295898,-14.211892127990723,3.37829852104187,-42.93404006958008
1,588847,-11.76054573059082,8.704874992370605,-1.6648380756378174,-8.346076965332031
1,588847,-0.07222946733236313,24.099515914916992,9.214595794677734,-9.40719223022461
1,588847,13.662134170532227,-13.321501731872559,2.9289586544036865,-41.12841796875
1,588847,2.749864339828491,-4.584441184997559,-10.922333717346191,-24.29513931274414
1,588848,-6.838721752166748,14.69373893737793,-5.226292610168457,14.583708763122559
1,588848,14.501907348632812,4.686794281005859,-4.042474269866943,41.55945587158203
1,588848,-3.7993993759155273,-19.801240921020508,3.9651336669921875,70.63858795166016
1,588848,-19.965129852294922,-20.27796745300293,4.2369184494018555,60.60963821411133
1,588848,-0.8076242208480835,16.60899543762207,8.831859588623047,13.393007278442383
1,588848,11.100875854492188,3.7362475395202637,3.6112060546875,29.320354461669922
1,588849,5.154512405395508,-19.798913955688477,-18.262601852416992,58.88657760620117
1,588849,-2.256213903427124,7.08474588394165,5.10539436340332,2.590758800506592
1,588850,-13.807966232299805,8.786375045776367,10.785234451293945,-8.797186851501465
1,588850,-11.53327465057373,-4.625634670257568,-12.2499361038208,-10.305632591247559
1,588850,1.4683516025543213,12.754973411560059,8.218801498413086,-37.80630111694336
1,588851,5.771764278411865,-2.825183629989624,-10.456642150878906,-9.320791244506836
1,588851,-2.6219851970672607,-8.609835624694824,0.761646568775177,-25.234235763549805
1,588851,7.168286323547363,25.764177322387695,20.77969741821289,-61.37484359741211
1,588851,23.652986526489258,5.78009557723999,-13.818153381347656,-53.7981071472168
1,588851,-16.872697830200195,-17.992843627929688,5.832261562347412,-23.701641082763672
1,588853,-20.035757064819336,15.715291976928711,16.74876594543457,16.746505737304688
1,588854,27.21908187866211,-17.394033432006836,-22.662843704223633,115.12836456298828
1,588857,2.6996917724609375,-17.514041900634766,11.617265701293945,121.64888763427734
1,588858,-31.141223907470703,50.29304504394531,37.17704391479492,-32.27153015136719
1,588861,10.740299224853516,-22.0166015625,-25.77294158935547,-178.6383819580078
1,588862,26.35133934020996,-46.901065826416016,-19.39599609375,-67.65386199951172
1,588865,-16.0535831451416,19.10677146911621,3.480839967727661,194.30287170410156
1,588866,-4.0020294189453125,27.705961227416992,-3.151010751724243,64.46316528320312
1,588869,18.470294952392578,4.996426105499268,2.542675256729126,-99.89286804199219
1,588870,-2.870633840560913,-10.576895713806152,-21.54688262939453,-34.09342956542969
1,588873,-9.271998405456543,-17.324195861816406,-6.733591079711914,-14.725749015808105
1,588874,-5.10326623916626,-23.8067626953125,9.77585220336914,-10.223550796508789
1,588877,10.579416275024414,29.60471534729004,21.24309539794922,21.344545364379883
1,588878,1.0791491270065308,23.868206024169922,29.059146881103516,13.057394027709961
1,588881,-26.190235137939453,-11.86921501159668,-23.995874404907227,-28.656007766723633
1,588882,-4.975593090057373,8.6991605758667,-7.107332229614258,4.5916852951049805
1,588883,17.528602600097656,-20.167390823364258,15.833853721618652,43.09259796142578
1,588886,6.480144023895264,-10.001968383789062,-37.41891098022461,-8.343023300170898
1,588887,-8.501152992248535,1.3178197145462036,-32.07686233520508,-57.994571685791016
1,588890,6.848145008087158,-7.3198442459106445,45.10151672363281,-1.9045226573944092
1,588891,13.796730995178223,32.239654541015625,20.554475784301758,40.19377899169922
1,588894,2.9672160148620605,4.131435871124268,-31.948829650878906,16.74102210998535
1,588895,-1.9624837636947632,-33.840187072753906,15.73652172088623,7.317110061645508
1,588898,-16.975828170776367,7.079825401306152,14.307062149047852,-27.878314971923828
1,588899,-21.395620346069336,24.731998443603516,-16.59001922607422,-22.99491310119629
1,589079,30.280893325805664,7.086755275726318,12.731868743896484,26.852725982666016
1,589079,28.42152214050293,-5.213809013366699,13.286052703857422,3.704479694366455
1,589079,-45.93814468383789,-9.850985527038574,-3.152794599533081,7.04766321182251
1,589079,-10.193191528320312,13.566661834716797,0.6989117860794067,8.00875473022461
1,589079,15.987967491149902,5.591176986694336,-12.581918716430664,-3.4973034858703613
1,589080,-9.912867546081543,-22.60778045654297,14.245673179626465,10.467249870300293
1,589080,17.58539581298828,6.629872798919678,-4.8512139320373535,-21.38162612915039
1,589080,-1.2981793880462646,2.5486667156219482,-46.02204513549805,-8.950980186462402
1,589080,-22.150959014892578,-34.2090950012207,-0.30343204736709595,22.001941680908203
1,589080,18.221221923828125,21.872404098510742,13.425684928894043,-14.27389144897461
1,589080,17.367595672607422,6.870274543762207,-7.687249660491943,5.926236629486084
1,589081,-26.77349853515625,-40.47761917114258,7.511017799377441,21.446247100830078
1,589081,-22.42140007019043,20.716785430908203,34.25003433227539,-6.5365376472473145
1,589081,17.69043731689453,10.955446243286133,0.7523089647293091,3.125361680984497
1,589081,13.623106956481934,-13.632770538330078,-24.66928482055664,-16.91126251220703
1,589081,-1.0298129320144653,-4.357409477233887,13.23262882232666,-13.058171272277832
1,589081,14.826979637145996,-0.6269620656967163,-8.658612251281738,-9.961841583251953
1,589082,4.20925235748291,24.07003402709961,-25.279232025146484,-22.985469818115234
1,589082,-15.908480644226074,3.5124106407165527,22.483524322509766,12.438264846801758
1,589082,8.02560806274414,-19.774961471557617,14.625829696655273,41.25189971923828
1,589082,19.72308349609375,10.862147331237793,-7.864772796630859,-3.648841619491577
1,589082,-3.787952423095703,12.743276596069336,-12.990595817565918,-25.54022979736328
1,589083,-16.011499404907227,-16.401107788085938,0.05178277567028999,13.378951072692871
1,589083,-9.31279468536377,-5.163616180419922,16.4134464263916,-5.2482709884643555
1,589083,-5.196708679199219,-8.68613338470459,-0.2075933814048767,1.4719840288162231
1,589083,8.630894660949707,2.6112005710601807,-0.7287569046020508,7.485188961029053
1,589083,1.1616873741149902,20.57077980041504,-15.774806022644043,-17.66213607788086
1,589083,1.9813241958618164,-2.43723464012146,10.570046424865723,12.574804306030273
1,589084,23.02494239807129,13.67318344116211,16.41941261291504,8.327812194824219
1,589084,-11.730300903320312,-0.14876554906368256,-23.34481430053711,-15.944462776184082
1,589084,-19.418712615966797,-24.221044540405273,1.2672224044799805,21.371519088745117
1,589084,1.39885675907135,16.774850845336914,5.358824253082275,21.207387924194336
1,589084,16.925607681274414,25.814741134643555,1.4645696878433228,-33.4601936340332
1,589084,1.6389918327331543,-18.99519157409668,17.37532615661621,-14.258742332458496
1,589085,-18.26595115661621,-3.2794699668884277,0.24235449731349945,28.611318588256836
1,589085,10.105688095092773,21.29999351501465,-19.66743278503418,1.316636323928833
1,589085,-2.118852138519287,-30.50835609436035,-13.133123397827148,-32.27427291870117
1,589085,-19.91282081604004,-34.65349578857422,5.827153205871582,5.391389846801758
1,589085,16.149568557739258,8.041947364807129,-4.074590682983398,25.164758682250977
1,589085,9.13636302947998,17.418853759765625,-14.80739974975586,-14.084809303283691
1,589086,-20.01786994934082,-15.346939086914062,12.987008094787598,-15.100539207458496
1,589086,6.71194314956665,-12.638850212097168,18.898359298706055,4.58565092086792
1,589086,8.546842575073242,39.01108169555664,-11.75932502746582,5.029580593109131
1,589086,-4.45702600479126,4.790002346038818,-17.700971603393555,-12.147295951843262
1,589086,-11.023011207580566,-35.64633560180664,15.674071311950684,6.260631561279297
1,589086,5.257492542266846,10.880117416381836,15.108930587768555,31.995248794555664
1,589087,22.789344787597656,16.62799644470215,-12.284631729125977,-18.726665496826172
1,589087,-10.471710205078125,-17.15020751953125,-4.333213806152344,-40.980552673339844
1,589087,-26.125,-4.516362190246582,7.488517761230469,13.527973175048828
1,589087,-5.80245304107666,18.25417137145996,-0.35347360372543335,21.425342559814453
1,589087,19.23555564880371,5.410944938659668,-1.7335741519927979,-15.33255672454834
1,589087,11.830962181091309,2.6133928298950195,0.6399152874946594,14.747159957885742
1,589088,-3.8111307621002197,6.837413311004639,1.80571448802948,24.773508071899414
1,589088,-4.604409694671631,-5.55100679397583,-6.236735820770264,-26.435056686401367
1,589088,-10.904571533203125,-6.5186944007873535,-1.8941329717636108,-6.206949234008789
1,589088,0.7105877995491028,-8.68812370300293,7.872045040130615,15.682971000671387
1,589088,14.614575386047363,-7.089531898498535,5.993281364440918,0.9655304551124573
1,589088,3.562619924545288,2.171940326690674,6.977385520935059,10.268367767333984
1,589089,2.7092466354370117,15.031221389770508,-10.65382194519043,-10.448862075805664
1,589089,-5.928544521331787,2.7161879539489746,-9.591059684753418,-9.187599182128906
1,589089,-14.481705665588379,-5.192355155944824,18.868398666381836,41.437129974365234
1,589089,13.685042381286621,9.095559120178223,14.948090553283691,-18.185537338256836
1,589089,24.59636878967285,-5.093024253845215,-16.964162826538086,-41.503746032714844
1,589089,-16.154678344726562,-8.392215728759766,-10.831154823303223,40.110538482666016
1,589090,-28.277307510375977,10.844097137451172,-0.5803312063217163,14.744935035705566
1,589090,18.562702178955078,8.522616386413574,-5.238136291503906,-10.272866249084473
1,589090,12.24488353729248,-1.947831392288208,19.76972007751465,-10.342805862426758
1,589090,-16.124820709228516,0.6278696656227112,24.596595764160156,-1.846179485321045
1,589090,11.512889862060547,8.15719985961914,-15.098275184631348,16.307525634765625
1,589090,-3.9883501529693604,-0.727318525314331,-29.947792053222656,-1.0438214540481567
1,589091,-16.120725631713867,-17.535593032836914,3.301069974899292,6.181464672088623
1,589091,8.183873176574707,-5.503885746002197,14.88162612915039,-22.094362258911133
1,589091,-5.502677917480469,-2.5095858573913574,-9.7581787109375,-32.3103141784668
1,589091,-1.5194215774536133,7.0269927978515625,-14.531238555908203,7.568325996398926
1,589091,9.105426788330078,3.7493784427642822,17.20319938659668,25.226709365844727
1,589091,5.537569046020508,-15.411828994750977,11.218897819519043,8.808797836303711
1,589092,-9.000704765319824,19.598121643066406,-9.47560977935791,-43.969398498535156
1,589092,-4.905003547668457,-0.8825114965438843,-8.075718879699707,-24.44217300415039
1,589092,13.205543518066406,-31.470443725585938,-6.586813449859619,46.021480560302734
1,589092,-13.651610374450684,10.971170425415039,6.942708969116211,30.575511932373047
1,589092,-15.570920944213867,6.482755661010742,12.0421781539917,-26.648405075073242
1,589093,27.84857749938965,-8.89885139465332,5.876479625701904,-18.59281349182129
1,589093,6.496352672576904,9.42009449005127,-5.104198932647705,9.39267349243164
1,589093,-21.533449172973633,6.426361560821533,2.1796631813049316,7.774641990661621
1,589093,12.402833938598633,5.040116310119629,-11.47564697265625,0.6638782024383545
1,589093,7.184451103210449,-2.3883466720581055,-11.639893531799316,-1.1962426900863647
1,589093,-13.98576831817627,-0.8390653133392334,6.757314682006836,21.461923599243164
1,589094,-14.669553756713867,8.182048797607422,7.168693542480469,4.177043914794922
1,589094,15.748778343200684,-0.10563904792070389,16.95273780822754,-17.74417495727539
1,589095,33.32734298706055,3.780364751815796,-8.038114547729492,-1.0320149660110474
1,589095,-27.632761001586914,-13.126110076904297,-15.520094871520996,-2.730919122695923
1,589095,-25.54461669921875,-2.5686419010162354,11.341452598571777,2.8459742069244385
1,589096,30.577726364135742,17.432037353515625,7.142254829406738,-10.250717163085938
1,589096,6.386563777923584,-9.665605545043945,-5.073480606079102,-0.4978533089160919
1,589096,-28.833343505859375,-9.289799690246582,-10.894798278808594,18.32900047302246
1,589096,-3.3178017139434814,12.90285587310791,-2.4523494243621826,-20.607616424560547
1,589096,24.48027801513672,-3.8188588619232178,8.128876686096191,-9.31917667388916
1,589098,1.420006275177002,-15.525497436523438,6.63377571105957,45.82233428955078
1,589098,-19.525705337524414,-3.19480037689209,16.39495086669922,10.285191535949707
1,589100,6.226706504821777,-12.647027969360352,-29.51375389099121,-28.889677047729492
1,589102,16.850740432739258,12.850220680236816,-17.66642189025879,14.963181495666504
1,589104,-0.5341472029685974,22.613475799560547,39.21051788330078,-37.80598449707031
1,589106,3.5532844066619873,-8.705435752868652,-8.611364364624023,-37.960777282714844
1,589108,2.7483434677124023,-11.874908447265625,-36.957847595214844,77.72196197509766
1,589110,7.559171676635742,-18.111557006835938,-5.170577049255371,16.320314407348633
1,589112,-1.7881982326507568,16.252973556518555,26.194353103637695,-54.301761627197266
1,589114,-28.24640655517578,22.982290267944336,11.856788635253906,8.048691749572754
1,589116,2.8599343299865723,-7.592548370361328,3.5721278190612793,11.485855102539062
1,589118,5.262681484222412,-2.6032063961029053,3.664849042892456,-29.012601852416992
1,589121,-14.488356590270996,2.742095947265625,-25.932598114013672,5.813408374786377
1,589122,-2.400282144546509,21.391267776489258,10.078374862670898,37.067466735839844
1,589125,2.6239120960235596,-13.859173774719238,27.41518211364746,-7.997209072113037
1,589126,17.875755310058594,-21.34425926208496,-35.646854400634766,-34.022369384765625
1,589129,8.10604190826416,0.6992599368095398,-12.755804061889648,-6.541032791137695
1,589130,-15.992085456848145,-18.383543014526367,27.14278793334961,31.20859718322754
1,589133,-12.538104057312012,5.269208908081055,-11.964611053466797,10.820727348327637
1,589134,17.77166175842285,16.525924682617188,3.689915657043457,-39.737754821777344
1,589135,18.86372184753418,6.3711137771606445,20.001846313476562,-18.532047271728516
2,590368,-6.455944061279297,-1.3966816663742065,-21.68543243408203,43.57167434692383
2,590370,17.207393646240234,10.144783973693848,-5.005069732666016,32.31515121459961
2,590372,-12.32741928100586,-5.979878902435303,19.065322875976562,-23.704784393310547
2,590374,-40.361297607421875,-19.15948486328125,2.1743626594543457,-2.164440155029297
2,590376,14.904668807983398,47.68428421020508,5.976590633392334,19.6448974609375
2,590378,-1.4548184871673584,2.7938895225524902,21.22119140625,11.488923072814941
2,590380,-18.011064529418945,-37.26232147216797,-10.70313835144043,10.82336711883545
2,590382,19.392295837402344,33.388206481933594,-35.04014205932617,-21.073043823242188
2,590385,7.638280868530273,-8.559124946594238,8.275185585021973,-49.44874954223633
2,590395,-1.169909119606018,-45.860626220703125,0.353877991437912,-12.319180488586426
2,590395,3.853320837020874,13.763543128967285,-22.794048309326172,32.110992431640625
2,590396,-1.9125635623931885,27.475618362426758,30.271663665771484,6.995011329650879
2,590396,1.516792893409729,-17.799863815307617,13.874598503112793,-19.122798919677734
2,590396,-5.3930134773254395,-23.11415672302246,-31.339073181152344,-9.948393821716309
2,590396,-6.821867942810059,2.7145888805389404,-8.203722953796387,18.861318588256836
2,590398,-11.331459999084473,13.83646011352539,12.488182067871094,10.604948043823242
2,590400,-5.722655296325684,22.86229705810547,28.99454689025879,6.449880599975586
2,590402,33.37016296386719,-8.862605094909668,-1.575735092163086,19.29142951965332
2,590404,11.878813743591309,-28.23447608947754,-30.98562240600586,-33.12201690673828
2,590406,-17.04505729675293,-13.56599235534668,3.3213319778442383,-21.270111083984375
2,590408,6.507375240325928,11.576017379760742,-7.175556659698486,12.615370750427246
2,590410,-1.9145054817199707,32.17569351196289,-20.587371826171875,11.080595970153809
2,590412,4.469268321990967,-4.642927646636963,21.276119232177734,19.765512466430664
2,590414,-9.28251838684082,-26.113323211669922,31.776927947998047,-11.206902503967285
2,590416,-22.989126205444336,2.0477230548858643,9.342523574829102,22.876741409301758
2,590418,22.679500579833984,47.672637939453125,-9.553899765014648,3.304166316986084
2,590443,7.761125087738037,6.206014156341553,-9.83946418762207,-60.323516845703125
2,590443,-11.232112884521484,-50.48360824584961,-8.55882740020752,3.0902044773101807
2,590443,5.0179123878479,24.30195426940918,3.146423101425171,31.40810203552246
2,590444,0.0012578603345900774,35.81835174560547,31.198062896728516,-8.237635612487793
2,590444,-9.290170669555664,-39.16560363769531,-9.747232437133789,-18.348161697387695
2,590444,-4.977425575256348,-38.2471923828125,-55.48820495605469,-1.4267468452453613
2,590444,1.9172239303588867,11.512884140014648,1.4090625047683716,-4.119307518005371
2,590444,23.134538650512695,27.831483840942383,32.61912536621094,-1.4131762981414795
2,590445,12.868294715881348,7.209034442901611,-3.404733657836914,6.185389518737793
2,590445,-22.20708656311035,-35.204044342041016,-18.728452682495117,-8.099353790283203
2,590445,7.631230354309082,-16.17583465576172,2.35972261428833,9.695490837097168
2,590445,-4.0833306312561035,42.42214584350586,25.026039123535156,34.53722381591797
2,590446,-18.9217529296875,8.279847145080566,-14.490409851074219,26.27642250061035
2,590447,7.364039421081543,-38.46828079223633,-10.809316635131836,18.132617950439453
2,590448,-11.477785110473633,12.17484188079834,26.259843826293945,-20.33468246459961
2,590451,-4.582857131958008,36.126468658447266,-11.011496543884277,-90.7952651977539
2,590452,23.485694885253906,-13.12153148651123,-15.222150802612305,-28.587902069091797
2,590455,7.224059581756592,2.1873903274536133,38.61040115356445,120.93373107910156
2,590456,-9.602299690246582,26.95532989501953,24.68285369873047,55.07916259765625
2,590459,-9.063301086425781,-23.12090301513672,-24.40479850769043,-90.34728240966797
2,590460,-4.532019138336182,-38.277191162109375,-19.89443016052246,-38.129737854003906
2,590461,6.1502227783203125,14.560455322265625,-14.750900268554688,38.733028411865234
2,590464,6.700584411621094,15.04731273651123,10.588563919067383,-8.41789436340332
2,590465,10.227682113647461,-1.9071600437164307,18.328914642333984,-24.72054100036621
2,590468,0.9573026299476624,-0.3178579807281494,-19.07501220703125,17.712696075439453
2,590469,-9.067501068115234,-18.392913818359375,-17.5322265625,23.32262420654297
2,590508,-1.1576553583145142,2.241532802581787,11.819395065307617,5.39685583114624
2,590508,-1.8126916885375977,12.242911338806152,11.602676391601562,-37.46677780151367
2,590508,7.001513481140137,-18.424991607666016,-14.309739112854004,-20.80645179748535
2,590509,8.190705299377441,-0.13628368079662323,-9.20154857635498,33.49761962890625
2,590509,-23.22905158996582,9.119311332702637,13.432561874389648,-4.914161682128906
2,590509,-15.991016387939453,3.312925100326538,2.346853733062744,-7.00577974319458
2,590509,15.01506233215332,21.54886245727539,2.596306085586548,34.459590911865234
2,590509,12.084933280944824,1.4920791387557983,8.63819408416748,11.494187355041504
2,590510,-1.9561669826507568,-14.889622688293457,-2.176586627960205,12.49878215789795
2,590510,-1.0590969324111938,6.580269813537598,10.887160301208496,7.9735565185546875
2,590510,24.053300857543945,15.786050796508789,5.812021255493164,-32.3598518371582
2,590510,-6.681187152862549,-27.126192092895508,-14.663862228393555,-31.484359741210938
2,590510,-20.624980926513672,-24.193157196044922,-11.64486312866211,-13.62996768951416
2,590510,7.438931465148926,13.148896217346191,-15.760396003723145,-7.599863529205322
2,590511,-0.2904748320579529,11.645748138427734,2.024937868118286,12.84726333618164
2,590511,9.104419708251953,13.258070945739746,31.315828323364258,14.51442813873291
2,590511,5.784304141998291,-5.524316310882568,-5.841063022613525,-19.592954635620117
2,590511,-19.7786865234375,-22.294580459594727,-15.165170669555664,-7.033627033233643
2,590511,-32.21750259399414,-5.758823871612549,13.53324031829834,33.208377838134766
2,590513,16.32305335998535,35.79558181762695,2.1674540042877197,19.51361656188965
2,590513,34.14279556274414,8.566584587097168,-3.7958247661590576,-14.831029891967773
2,590514,-18.85202407836914,-17.942272186279297,4.55368185043335,-3.9387855529785156
2,590515,-35.85954666137695,16.043302536010742,25.77100944519043,41.08854675292969
2,590518,0.025973431766033173,-8.650014877319336,-5.507147789001465,-3.0385594367980957
2,590520,38.17071533203125,1.903326153755188,-21.56487464904785,-63.06785583496094
2,590522,21.402006149291992,-1.890858769416809,1.6932495832443237,3.0711450576782227
2,590524,0.4775804281234741,-15.275930404663086,-9.29819393157959,60.70581817626953
2,590526,-16.46950912475586,15.671298027038574,0.1504136472940445,-20.680028915405273
2,590528,-17.624238967895508,-21.999048233032227,-14.70554256439209,-78.28668975830078
2,590530,-3.3389108180999756,-18.41887664794922,0.5576463341712952,41.098873138427734
2,590532,17.98040008544922,7.972942352294922,17.528560638427734,61.50244903564453
2,590534,5.69256591796875,10.638969421386719,1.4642001390457153,-53.96600341796875
2,590536,-25.145376205444336,16.76566505432129,8.494641304016113,-8.749671936035156
2,590538,4.8069539070129395,4.853635787963867,-15.536223411560059,54.1893196105957
2,590540,2.0486536026000977,-16.323457717895508,3.125732183456421,-14.87020492553711
2,590590,12.631158828735352,-20.994667053222656,7.5006303787231445,-94.0415267944336
2,590590,29.959218978881836,9.348221778869629,-24.109615325927734,-50.87936782836914
2,590590,-17.178010940551758,19.63423728942871,2.5609304904937744,68.01278686523438
2,590591,-12.269620895385742,3.0664706230163574,11.706463813781738,24.53082275390625
2,590591,3.5956594944000244,-21.0872745513916,3.5968947410583496,-2.9483282566070557
2,590591,-11.002143859863281,7.631170749664307,-8.022196769714355,50.832969665527344
2,590591,8.946344375610352,24.218263626098633,1.2856826782226562,-2.2290778160095215
2,590591,13.650674819946289,-7.193686485290527,14.603989601135254,-18.264057159423828
2,590591,-16.24079704284668,-3.162031888961792,-13.184248924255371,14.975442886352539
2,590592,-4.520386219024658,-8.895176887512207,-8.822320938110352,15.89415168762207
2,590592,9.570968627929688,-9.5935697555542,15.126903533935547,31.125041961669922
2,590592,-29.218036651611328,24.45804214477539,7.528587341308594,18.67793846130371
2,590592,-5.673445701599121,13.14551067352295,15.13487434387207,-15.14929485321045
2,590592,28.21575927734375,-16.7895565032959,1.763617753982544,-18.75185775756836
2,590593,-7.121246814727783,-25.95406150817871,-19.734228134155273,-8.070377349853516
2,590593,4.789155006408691,3.960660696029663,9.595502853393555,-12.115849494934082
2,590593,22.090862274169922,22.4097957611084,-15.29884147644043,-28.60340118408203
2,590593,-8.500748634338379,-20.434125900268555,-26.15296745300293,0.09395160526037216
2,590593,-10.315378189086914,3.128117084503174,19.279672622680664,13.977700233459473
2,590593,15.062870979309082,31.758071899414062,21.46082305908203,14.477102279663086
2,590594,-2.741354465484619,-13.721280097961426,-6.143860340118408,6.76417350769043
2,590594,-33.80022430419922,-33.813926696777344,-13.470684051513672,-27.11879539489746
2,590594,-17.24675178527832,4.16937255859375,11.865086555480957,8.846053123474121
2,590594,6.781425952911377,36.26759338378906,8.440670013427734,19.83747100830078
2,590594,16.199621200561523,-1.2283860445022583,-2.0643274784088135,-28.676876068115234
2,590596,15.3887300491333,-23.210432052612305,-1.1939729452133179,-9.648345947265625
2,590596,6.049018383026123,16.47190284729004,-9.410240173339844,2.0271871089935303
2,590596,-16.219324111938477,1.0885227918624878,-8.692778587341309,-6.434442520141602
2,590597,-3.3574156761169434,-19.94925880432129,-2.8666436672210693,-1.9086004495620728
2,590600,23.942588806152344,17.594507217407227,0.05934999883174896,-12.546798706054688
2,590601,-7.3447699546813965,2.4054338932037354,6.418381214141846,35.388607025146484
2,590604,5.608910083770752,-8.586965560913086,9.761054039001465,17.106426239013672
2,590605,21.17131233215332,-7.879097938537598,-15.938217163085938,-67.70304107666016
2,590608,-20.22916030883789,-23.613195419311523,-15.343749046325684,0.5511190295219421
2,590609,-11.364115715026855,6.3221588134765625,11.46185302734375,59.03318405151367
2,590612,2.21151065826416,20.016000747680664,4.859029769897461,-28.619312286376953
2,590613,-27.304357528686523,10.356115341186523,-0.6401605010032654,-37.49706268310547
2,590616,3.973588466644287,-4.135098457336426,12.507975578308105,48.330230712890625
2,590617,28.89592933654785,-4.334763526916504,15.260143280029297,51.7337532043457
2,590620,-12.473901748657227,-11.260563850402832,4.180873870849609,-33.63874816894531
2,590621,-13.747394561767578,1.7972139120101929,-11.26269245147705,-28.906875610351562
2,590624,4.4610724449157715,32.57416534423828,-14.10072135925293,14.255985260009766
2,590626,26.581649780273438,-11.311699867248535,-3.4411168098449707,-25.114057540893555
2,590689,8.619112968444824,-16.64068031311035,-20.93694305419922,18.0426082611084
2,590689,-15.740243911743164,5.032812595367432,4.911747455596924,48.790374755859375
2,590689,11.3867826461792,-6.0922112464904785,42.4500617980957,-28.189594268798828
2,590689,-0.47334879636764526,11.59951400756836,-24.058076858520508,-44.404449462890625
2,590689,-14.858244895935059,-7.791518688201904,-40.25770950317383,-2.9491090774536133
2,590690,0.2353675216436386,-27.871904373168945,22.651336669921875,19.25580596923828
2,590690,1.6066961288452148,20.142520904541016,24.49151039123535,1.2924997806549072
2,590690,7.452398777008057,18.468862533569336,-12.307787895202637,-17.195484161376953
2,590690,-8.463213920593262,-15.649493217468262,-2.0437839031219482,23.982831954956055
2,590690,-21.108633041381836,15.5828275680542,28.05951499938965,19.893339157104492
2,590691,4.393740653991699,13.826751708984375,17.47878074645996,-15.505880355834961
2,590691,0.9702497124671936,-4.1861958503723145,-25.441370010375977,-11.666007041931152
2,590691,-0.17955975234508514,-12.433323860168457,-27.56252098083496,0.9266839623451233
2,590691,19.6287841796875,-19.316486358642578,30.72054100036621,30.992759704589844
2,590691,6.656537055969238,17.839445114135742,9.10481071472168,4.17026948928833
2,590691,-4.769535064697266,18.9548397064209,-25.03791046142578,-33.9421272277832
2,590692,1.7409330606460571,-26.651094436645508,9.082645416259766,7.308804988861084
2,590692,-8.261103630065918,-13.47448444366455,7.37843656539917,44.125919342041016
2,590692,-9.195894241333008,34.40153121948242,-12.155694961547852,-4.6609625816345215
2,590692,-0.9178507328033447,-0.06369184702634811,3.118577718734741,-25.307231903076172
2,590692,0.3796972334384918,-21.068788528442383,7.2339630126953125,11.782844543457031
2,590692,14.943625450134277,9.574420928955078,-11.153897285461426,-15.546127319335938
2,590693,7.420567512512207,1.3454738855361938,-13.417268753051758,-14.878067970275879
2,590693,-25.083091735839844,-12.863511085510254,2.009542465209961,22.64240264892578
2,590693,-8.971329689025879,-0.7305113673210144,14.569964408874512,-4.803321838378906
2,590693,26.276111602783203,13.319207191467285,-5.552651405334473,-10.72154712677002
2,590693,-2.6312317848205566,-17.530529022216797,0.49264001846313477,8.468822479248047
2,590693,-26.0495662689209,-3.7921831607818604,16.163476943969727,-4.393937587738037
2,590694,19.227298736572266,41.93986511230469,-13.487223625183105,2.0716164112091064
2,590694,26.473703384399414,-18.009546279907227,-8.63358211517334,-5.21209716796875
2,590694,-18.7485408782959,-38.643463134765625,17.121915817260742,-6.750486373901367
2,590695,-18.247814178466797,33.1681022644043,2.7501580715179443,-6.931954860687256
2,590695,-6.2474589347839355,16.23546600341797,5.66066312789917,-5.2871880531311035
2,590696,14.371968269348145,-23.751874923706055,-12.305802345275879,18.183156967163086
2,590696,12.224677085876465,-8.502758979797363,-12.375567436218262,-6.747402667999268
2,590698,-19.00897216796875,-0.15056833624839783,15.16610336303711,-5.79373025894165
2,590700,2.2552576065063477,21.496200561523438,-3.28593111038208,3.0794501304626465
2,590702,10.403850555419922,6.494983196258545,6.278496265411377,16.714969635009766
2,590704,10.512791633605957,-18.31022834777832,-10.99528694152832,36.65064239501953
2,590707,2.737403631210327,-15.677700996398926,-37.99263381958008,-47.15553665161133
2,590708,-3.229764699935913,12.092643737792969,5.154688358306885,-93.719970703125
2,590711,-1.7093498706817627,16.000118255615234,21.891775131225586,26.284496307373047
2,590712,-12.424001693725586,-21.11515235900879,18.216487884521484,99.32005310058594
2,590715,12.513164520263672,10.126069068908691,19.7820987701416,2.2658708095550537
2,590716,-1.8510099649429321,23.97083854675293,-5.671746730804443,-28.045663833618164
2,590719,-29.942401885986328,4.954909324645996,-16.44171714782715,22.76058006286621
2,590720,5.911824703216553,-2.923704147338867,-18.290456771850586,-15.945277214050293
2,590721,31.095680236816406,-28.29549217224121,9.911958694458008,-13.14572525024414
2,590724,2.474278688430786,-1.0176893472671509,5.369284152984619,11.902229309082031
2,590725,-19.37145233154297,6.419081211090088,-19.47142219543457,-21.781816482543945
2,590728,3.335294723510742,-12.983699798583984,14.116631507873535,12.544233322143555
2,590804,4.208951473236084,4.057925701141357,-12.780576705932617,19.69219207763672
2,590804,-24.623563766479492,-15.358623504638672,-37.407257080078125,-29.439990997314453
2,590804,-9.099730491638184,-16.517662048339844,-4.3893256187438965,-10.233241081237793
2,590804,22.2265567779541,17.014596939086914,24.357236862182617,9.88530445098877
2,590805,8.674667358398438,16.980337142944336,21.721715927124023,-10.30374813079834
2,590805,-11.972190856933594,-10.018059730529785,-3.5080063343048096,-3.0804834365844727
2,590805,-0.7810196280479431,2.406292200088501,17.787235260009766,28.00316047668457
2,590805,18.46810531616211,18.8810977935791,18.202892303466797,18.979352951049805
2,590805,27.25653076171875,1.9886292219161987,7.905267715454102,-24.869943618774414
2,590805,8.00940990447998,0.9312690496444702,9.494213104248047,-10.806200981140137
2,590806,-15.052884101867676,6.783078670501709,-14.406041145324707,38.886512756347656
2,590806,2.1843771934509277,-1.3692295551300049,-13.507410049438477,8.949712753295898
2,590806,9.814682006835938,-13.376279830932617,-5.312136173248291,-10.708916664123535
2,590806,-12.761649131774902,-2.209322214126587,-0.6104418635368347,-6.091598033905029
2,590806,0.3922300338745117,-6.273131847381592,5.49537992477417,-22.906906127929688
2,590806,14.562422752380371,-7.613496780395508,-14.204790115356445,-9.214470863342285
2,590807,-23.99510955810547,15.41650676727295,-15.326870918273926,10.298066139221191
2,590807,-38.66923522949219,9.151333808898926,8.844532012939453,3.4211585521698
2,590807,5.2906999588012695,-16.393760681152344,-0.3733697831630707,3.2024037837982178
2,590807,10.964008331298828,-8.361065864562988,1.723889946937561,13.130550384521484
2,590807,-26.6787109375,21.63577651977539,24.077423095703125,-3.584118127822876
2,590807,-4.4418463706970215,12.854754447937012,17.132537841796875,-5.16646146774292
2,590808,27.809743881225586,-6.279769420623779,-20.867769241333008,-20.74588394165039
2,590808,-5.3578948974609375,-5.347837924957275,-26.663076400756836,-7.83049201965332
2,590808,-19.96695899963379,-11.007973670959473,10.780372619628906,30.398290634155273
2,590808,-1.765004277229309,14.539916038513184,20.367816925048828,3.5784964561462402
2,590808,19.322370529174805,20.210790634155273,2.5332043170928955,-12.76027774810791
2,590809,12.016395568847656,-31.38787841796875,-11.923002243041992,-8.866484642028809
2,590809,-32.079254150390625,-23.279565811157227,-0.23128215968608856,3.9420602321624756
2,590809,-12.409896850585938,19.219404220581055,0.464220255613327,22.584247589111328
2,590809,37.53097915649414,15.657072067260742,-1.8323885202407837,4.465360641479492
2,590809,25.8212890625,-1.2728875875473022,11.104022979736328,-19.864072799682617
2,590809,-13.347766876220703,-9.90485954284668,-18.845111846923828,-14.704992294311523
2,590810,-19.136470794677734,-20.14413070678711,-23.553712844848633,18.597944259643555
2,590810,4.212036609649658,20.09154510498047,21.448108673095703,3.6815502643585205
2,590810,22.08577537536621,32.169349670410156,15.642093658447266,-33.85005187988281
2,590810,14.834099769592285,-24.282236099243164,-18.766326904296875,3.7874231338500977
2,590810,-25.90639877319336,-17.48573112487793,-3.8711493015289307,22.44869041442871
2,590812,-20.074777603149414,22.306812286376953,22.369571685791016,-4.6181230545043945
2,590812,22.201316833496094,23.163572311401367,19.10489273071289,7.858623027801514
2,590812,19.094446182250977,-3.5446722507476807,-7.830310821533203,11.925588607788086
2,590812,-7.90129280090332,-16.778581619262695,-33.914764404296875,-16.9362735748291
2,590813,-9.4951810836792,-11.943488121032715,10.666049003601074,-5.2448015213012695
2,590816,6.237520217895508,-6.047019004821777,33.82453536987305,11.141945838928223
2,590817,-4.693100929260254,8.482549667358398,-2.727313280105591,-18.356727600097656
2,590820,-1.047955870628357,-3.265752077102661,-10.559761047363281,-35.48950958251953
2,590821,8.153874397277832,-23.21238136291504,-11.544966697692871,24.99970054626465
2,590824,15.045658111572266,16.234811782836914,-9.865639686584473,48.06685256958008
2,590825,5.646337509155273,-0.7133126854896545,-20.715986251831055,-35.51392364501953
2,590828,-11.062882423400879,-38.11150360107422,-9.838778495788574,-38.11165237426758
2,590829,-12.562446594238281,12.565052032470703,14.908890724182129,33.21122741699219
2,590832,-6.436975002288818,24.514772415161133,23.21968650817871,74.44969177246094
2,590833,-7.298689842224121,7.752142429351807,15.282760620117188,1.3748642206192017
2,590836,-11.590728759765625,2.3610405921936035,-32.51927185058594,-93.58631896972656
2,590837,-6.993233680725098,-1.2140991687774658,-13.953569412231445,-30.03398323059082
2,590840,-6.214493274688721,-1.266904354095459,32.68453598022461,69.47549438476562
2,590842,37.46979904174805,16.018407821655273,14.321508407592773,54.79741668701172
2,590844,3.737952709197998,16.149250030517578,-23.17051124572754,-29.722169876098633
2,590931,-1.8912028074264526,-50.79383850097656,5.1051764488220215,-40.048736572265625
2,590931,51.39653396606445,-15.385944366455078,34.68494415283203,-7.810968399047852
2,590931,-21.00180435180664,44.17522048950195,-31.225847244262695,9.73780632019043
2,590931,-33.10148239135742,-12.02963638305664,-32.908653259277344,-2.130073070526123
2,590932,17.60603904724121,-15.749753952026367,19.154077529907227,1.3363957405090332
2,590932,24.570222854614258,2.636305809020996,0.5897002816200256,12.361145973205566
2,590932,-1.8948326110839844,-1.7299848794937134,-12.976244926452637,-8.623226165771484
2,590932,-35.146297454833984,17.78780746459961,16.243480682373047,12.116646766662598
2,590932,-22.63495635986328,-0.5508273243904114,10.743334770202637,11.972333908081055
2,590932,-3.07131290435791,-3.849630832672119,-13.613265037536621,-21.67653465270996
2,590933,-8.263481140136719,5.041135787963867,-8.216473579406738,-4.995004177093506
2,590933,-23.47661781311035,-8.809713363647461,23.13515281677246,9.516073226928711
2,590933,17.475862503051758,5.811821460723877,12.406978607177734,-10.436245918273926
2,590933,29.906696319580078,20.25080108642578,-17.603351593017578,21.184524536132812
2,590933,-18.4287166595459,1.424416184425354,-0.5057915449142456,15.508988380432129
2,590934,-8.606925010681152,-19.996883392333984,8.58984375,-32.135677337646484
2,590934,20.216909408569336,-10.844401359558105,1.087799310684204,2.5706911087036133
2,590934,7.650787830352783,11.767404556274414,-14.107067108154297,11.561983108520508
2,590934,-11.725885391235352,23.70264434814453,9.366189002990723,-5.215433120727539
2,590934,-7.73121452331543,-25.546974182128906,6.463766098022461,12.501394271850586
2,590934,-16.343820571899414,-25.295576095581055,-32.5677604675293,5.1327385902404785
2,590935,-7.713706970214844,45.13284683227539,10.413492202758789,-23.713680267333984
2,590935,1.6638386249542236,3.626802682876587,24.805635452270508,-22.98850440979004
2,590935,-16.80044937133789,-26.061254501342773,-13.936870574951172,8.465580940246582
2,590935,11.871012687683105,11.786526679992676,4.622482776641846,4.040672302246094
2,590935,30.347902297973633,0.08718112856149673,-8.294472694396973,-17.32661247253418
2,590935,11.19690227508545,-28.828182220458984,-11.36676025390625,6.9434309005737305
2,590936,8.561858177185059,-3.0403664112091064,31.01693344116211,23.118419647216797
2,590936,2.309072732925415,48.630096435546875,-1.1178297996520996,-13.011775970458984
2,590936,1.6106064319610596,-15.527256965637207,-37.31291580200195,-16.466983795166016
2,590936,-4.9916863441467285,-22.75014305114746,6.736939430236816,8.879448890686035
2,590936,-17.48971939086914,34.05670166015625,33.006080627441406,3.7846035957336426
2,590936,12.751837730407715,-25.082901000976562,2.8392059803009033,20.18071937561035
2,590937,31.88312530517578,-12.1034517288208,-19.699846267700195,18.321887969970703
2,590937,-5.295552730560303,30.79860496520996,-12.996490478515625,-14.103031158447266
2,590937,-15.32164192199707,-4.046191692352295,18.39603042602539,2.858035087585449
2,590937,-5.394665241241455,-8.190884590148926,5.029685974121094,-4.099660873413086
2,590937,-8.929533004760742,-11.826940536499023,-7.090330123901367,-20.809797286987305
2,590937,13.716899871826172,-3.7397706508636475,-2.890212059020996,0.5052434802055359
2,590938,-3.7393360137939453,11.032286643981934,-6.108091354370117,2.8182766437530518
2,590938,-31.811256408691406,-3.756598949432373,26.239294052124023,14.467567443847656
2,590938,13.108793258666992,16.926185607910156,28.326255798339844,1.2646323442459106
2,590938,0.5461909770965576,-0.7375372648239136,-18.223949432373047,-12.580883979797363
2,590939,-11.543354034423828,-2.6812214851379395,-38.50121307373047,5.3802337646484375
2,590940,39.64235305786133,26.28859519958496,-16.008289337158203,9.462634086608887
2,590940,1.5996854305267334,-29.57463264465332,7.525882720947266,-2.8350510597229004
2,590940,-20.782819747924805,-19.34154510498047,19.152875900268555,-20.167469024658203
2,590940,19.84432029724121,11.051583290100098,-5.70028829574585,7.70594596862793
2,590941,33.32912063598633,-4.473706245422363,-30.067554473876953,16.85157012939453
2,590944,22.75250816345215,-7.5164947509765625,20.550569534301758,-22.787626266479492
2,590946,-29.81019401550293,-42.14338684082031,-71.83641815185547,-17.334888458251953
2,590948,-0.8252007365226746,23.089282989501953,-49.374778747558594,21.89226531982422
2,590950,6.364697456359863,37.771629333496094,146.063232421875,33.03279113769531
2,590952,-103.73426818847656,-25.114986419677734,20.15862274169922,2.5594253540039062
2,590954,-65.6102523803711,16.450244903564453,-12.53327751159668,-42.383140563964844
2,590956,68.06230163574219,7.9911627769470215,18.217391967773438,-3.4440693855285645
2,590958,71.0854721069336,-3.6072840690612793,-37.312644958496094,35.44507598876953
2,590960,-21.451955795288086,21.304014205932617,30.18083381652832,-11.825804710388184
2,590962,-25.573974609375,-12.374176025390625,-33.73367691040039,-48.171897888183594
2,590964,35.88245391845703,-13.090460777282715,-11.646356582641602,1.3116117715835571
2,590966,67.6521987915039,24.532421112060547,50.27921676635742,53.30313491821289
2,590968,1.490804672241211,-8.432583808898926,-38.91925811767578,-5.77105712890625
2,590970,-66.94821166992188,-35.44557571411133,-11.165605545043945,-27.916114807128906
2,590972,-10.614225387573242,2.035221576690674,16.242815017700195,15.667256355285645
2,590974,31.341209411621094,0.32819414138793945,-12.521590232849121,41.21257400512695
2,590977,-57.475067138671875,5.724553108215332,-36.8128662109375,-20.179744720458984
2,591074,-34.611412048339844,22.24591636657715,-10.567741394042969,-31.471906661987305
2,591075,66.05498504638672,6.5656538009643555,76.91551971435547,55.777130126953125
2,591075,-22.511335372924805,5.6651692390441895,29.11553192138672,15.84093189239502
2,591075,-30.927392959594727,5.364368438720703,-33.73519515991211,-49.88204574584961
2,591075,24.9450740814209,-12.488747596740723,-16.389663696289062,-15.483614921569824
2,591075,19.4599552154541,-23.024930953979492,0.4848669469356537,18.409927368164062
2,591075,3.9463024139404297,20.882354736328125,2.782210111618042,-9.885664939880371
2,591076,2.4079208374023438,31.50617218017578,0.2335604429244995,-18.786245346069336
2,591076,36.69020080566406,-10.745784759521484,7.903139114379883,19.17640495300293
2,591076,22.759523391723633,-25.64488410949707,-13.02635383605957,7.410972595214844
2,591076,-32.91767501831055,-22.13628578186035,-2.6585936546325684,-6.441675186157227
2,591076,-45.56130599975586,0.8037805557250977,23.977514266967773,15.158947944641113
2,591077,-3.054379940032959,9.029485702514648,-0.440036416053772,-9.044639587402344
2,591077,-7.465676784515381,14.740734100341797,0.40213799476623535,-17.879724502563477
2,591077,-14.593507766723633,7.992272853851318,0.439410537481308,3.71535325050354
2,591077,8.790650367736816,-9.610605239868164,-9.952852249145508,3.4557299613952637
2,591077,1.983172059059143,4.942427158355713,2.0350983142852783,-0.9206347465515137
2,591077,18.94637107849121,-11.173933982849121,-12.53787899017334,-12.813189506530762
2,591078,28.048551559448242,-8.975419998168945,-1.2355085611343384,3.8192451000213623
2,591078,9.32778549194336,11.898880958557129,15.268558502197266,16.636537551879883
2,591078,-12.118002891540527,-4.247198581695557,-14.205455780029297,-10.58334732055664
2,591078,-24.32568359375,-4.399804592132568,-2.8655097484588623,-0.10727562010288239
2,591078,-8.088536262512207,5.872971057891846,18.037769317626953,25.207727432250977
2,591078,-8.664779663085938,-0.021192889660596848,-4.328381538391113,12.512321472167969
2,591079,11.350194931030273,6.012587547302246,-7.041452884674072,-6.928540229797363
2,591079,23.21225357055664,12.142619132995605,-12.18173885345459,-19.275991439819336
2,591079,-5.553806304931641,-11.375435829162598,-22.928115844726562,-16.671546936035156
2,591079,13.717530250549316,-19.143871307373047,4.0525665283203125,3.6537766456604004
2,591079,13.887869834899902,-12.7569580078125,15.209187507629395,4.562445163726807
2,591080,-9.880219459533691,4.98358678817749,-1.2803645133972168,-2.6784591674804688
2,591080,12.442834854125977,10.563529014587402,-0.16114071011543274,4.324794769287109
2,591080,-10.12817096710205,-0.8201156854629517,5.517071723937988,-2.7075982093811035
2,591080,-46.222286224365234,8.408051490783691,-5.218710899353027,-19.179033279418945
2,591080,6.000828266143799,-2.8210911750793457,-8.73292064666748,8.772738456726074
2,591080,33.702972412109375,-5.327676296234131,18.235225677490234,31.571149826049805
2,591081,-13.268563270568848,14.338254928588867,32.92153549194336,1.266783595085144
2,591081,-4.566786766052246,2.3978469371795654,-2.6574575901031494,-11.360039710998535
2,591081,11.803645133972168,-6.843942642211914,-29.13114356994629,-22.799686431884766
2,591081,-18.57986831665039,6.673584461212158,-5.85607385635376,-8.804939270019531
2,591081,-9.963971138000488,-1.775563359260559,19.365365982055664,28.402973175048828
2,591081,8.88750171661377,2.1917049884796143,-1.3625810146331787,1.7568156719207764
2,591082,5.084115505218506,3.920015811920166,-22.995601654052734,-5.2027788162231445
2,591082,3.135673761367798,-4.9507060050964355,-22.591970443725586,25.13068389892578
2,591082,1.4760618209838867,-17.36988067626953,22.603179931640625,-14.671892166137695
2,591082,5.461911678314209,-11.819319725036621,27.06204605102539,-35.384498596191406
2,591082,-9.594900131225586,29.313884735107422,-26.2769832611084,14.407511711120605
2,591082,0.39955928921699524,10.977063179016113,10.710487365722656,16.78363037109375
2,591083,26.093854904174805,-12.123211860656738,22.90033721923828,-12.147661209106445
2,591083,20.034259796142578,-13.354439735412598,-14.91275691986084,8.816068649291992
2,591084,48.61894607543945,-12.625418663024902,-21.480087280273438,-4.723589897155762
2,591084,4.4220356941223145,14.64604377746582,-3.4607369899749756,-26.123319625854492
2,591084,-76.9690170288086,25.10320472717285,22.374372482299805,2.5855789184570312
2,591085,-30.916170120239258,-3.4769327640533447,0.8761770725250244,0.5390759706497192
2,591085,11.574682235717773,-13.383406639099121,-5.4370527267456055,26.765764236450195
2,591086,8.895992279052734,-15.51696491241455,-4.744899749755859,20.792890548706055
2,591087,17.665714263916016,-19.88473892211914,-0.654870331287384,-16.966772079467773
2,591090,-33.95519256591797,15.318278312683105,21.876028060913086,-11.500223159790039
2,591091,-68.34507751464844,0.6451903581619263,-27.507347106933594,6.058111667633057
2,591094,1.221146821975708,2.9113051891326904,-26.455394744873047,26.5485897064209
2,591095,48.929874420166016,34.1441764831543,40.41156005859375,22.278078079223633
2,591098,27.364482879638672,8.16521167755127,30.278263092041016,-4.208743572235107
2,591099,2.5122711658477783,-19.592578887939453,-12.279500961303711,-37.17149353027344
2,591102,-7.347987174987793,-4.198730945587158,10.720988273620605,-25.24188804626465
2,591103,-6.227536678314209,0.8502702713012695,-7.432919502258301,3.0131332874298096
2,591106,46.789222717285156,-0.5382481813430786,-65.65644836425781,0.9118921756744385
2,591108,27.454072952270508,21.41396713256836,-3.325068950653076,15.052241325378418
2,591110,-58.09028625488281,-9.621600151062012,48.94636535644531,-8.399666786193848
2,591112,-38.5262451171875,-2.457630157470703,11.113125801086426,-10.46825122833252
2,591114,74.44145202636719,-11.382702827453613,-5.4579010009765625,43.120033264160156
2,591116,82.47425079345703,-18.4931583404541,47.855525970458984,-1.5632307529449463
2,591118,-118.0557632446289,0.7447316646575928,1.6248313188552856,-33.22938919067383
2,591120,-147.37171936035156,-16.760103225708008,-103.58927917480469,4.5835795402526855
2,591122,76.74561309814453,22.50045394897461,-34.09217071533203,17.833616256713867
2,591124,97.23954772949219,22.976112365722656,67.43846893310547,21.6544132232666
2,591235,52.66850662231445,-21.73784828186035,39.663177490234375,-18.396530151367188
2,591235,72.48976135253906,-16.6510066986084,-11.895608901977539,-16.92409324645996
2,591235,-57.7880744934082,6.608026504516602,-19.742090225219727,13.216055870056152
2,591235,-48.301734924316406,-4.541853427886963,-2.915076732635498,-12.658913612365723
2,591235,24.12494659423828,15.391865730285645,3.2775018215179443,-15.608531951904297
2,591236,-12.2794828414917,14.280234336853027,-12.225351333618164,3.6308202743530273
2,591236,-28.341629028320312,-22.65439796447754,3.5508477687835693,10.587212562561035
2,591236,-17.701045989990234,5.1352105140686035,3.372429609298706,10.334192276000977
2,591236,-14.15982723236084,16.664993286132812,-3.071281671524048,13.37051010131836
2,591236,-25.8764705657959,10.548277854919434,6.235180377960205,-10.445924758911133
2,591236,-14.838791847229004,14.536651611328125,5.151169776916504,-1.0535985231399536
2,591237,-36.69081115722656,-0.27615630626678467,20.756322860717773,18.238664627075195
2,591237,-16.200414657592773,-6.683067321777344,11.931341171264648,-15.991394996643066
2,591237,36.538299560546875,-5.809168338775635,-18.26966667175293,-9.093975067138672
2,591237,25.670433044433594,5.879533767700195,-28.971052169799805,4.651575088500977
2,591237,33.317893981933594,0.6833659410476685,-4.647249698638916,-0.4043760299682617
2,591238,23.839664459228516,-27.62062644958496,10.522246360778809,4.123754024505615
2,591238,-17.6888370513916,1.4067302942276,1.7935256958007812,4.760744094848633
2,591238,1.8453419208526611,18.975645065307617,-1.5765113830566406,9.849230766296387
2,591238,-14.859085083007812,-21.314682006835938,-17.99563217163086,-16.016279220581055
2,591238,-44.182804107666016,-10.92327880859375,4.843265056610107,-6.4878621101379395
2,591238,-17.259578704833984,14.61911678314209,35.511322021484375,10.592019081115723
2,591239,-13.79833698272705,-19.97602653503418,1.9332407712936401,-21.460973739624023
2,591239,-4.748246669769287,-4.063337326049805,-18.95073127746582,-9.62792682647705
2,591239,-3.1010608673095703,18.531105041503906,7.6415839195251465,14.652008056640625
2,591239,-9.169734001159668,1.8414636850357056,29.716957092285156,-1.8117355108261108
2,591239,35.46330642700195,6.36622428894043,10.302278518676758,-7.410068511962891
2,591239,19.419511795043945,-11.004058837890625,-5.713570594787598,3.4038538932800293
2,591240,-15.330424308776855,2.0657567977905273,2.0255725383758545,-9.648898124694824
2,591240,26.471384048461914,16.53819465637207,-10.992623329162598,-10.654266357421875
2,591240,11.21430492401123,5.689187049865723,-5.8296918869018555,10.481682777404785
2,591240,-5.928700923919678,11.719766616821289,-7.71412992477417,11.080755233764648
2,591240,23.986740112304688,0.25786998867988586,-34.39956283569336,-6.478245258331299
2,591240,-4.790018558502197,-31.08000946044922,-7.93809700012207,9.897377014160156
2,591241,-14.742851257324219,7.127041816711426,21.694082260131836,-9.541629791259766
2,591241,39.131568908691406,21.75282859802246,-3.7654764652252197,-23.913318634033203
2,591241,15.627640724182129,-38.6095085144043,-15.226072311401367,29.528827667236328
2,591241,-2.5462276935577393,11.726943969726562,8.064756393432617,9.825453758239746
2,591241,27.888965606689453,29.481613159179688,21.32936668395996,-0.7149414420127869
2,591241,-10.569293975830078,-21.570663452148438,0.022656939923763275,8.497695922851562
2,591242,-14.381869316101074,-4.705458164215088,-14.098904609680176,-15.366449356079102
2,591242,21.80716323852539,-0.4304826259613037,-3.090994358062744,0.7319589257240295
2,591242,-2.936840534210205,0.7938492298126221,-4.189846038818359,13.537269592285156
2,591242,-39.09557342529297,-4.104695796966553,-0.49761804938316345,2.6972718238830566
2,591242,-21.963472366333008,-15.193524360656738,24.502071380615234,-4.734155178070068
2,591243,-14.2930908203125,25.4913272857666,2.649717330932617,-7.518518447875977
2,591243,-18.10857582092285,28.16541862487793,-14.519651412963867,-25.370895385742188
2,591243,-1.2443934679031372,-26.260154724121094,7.924438953399658,2.3542211055755615
2,591243,6.0907206535339355,-18.454505920410156,-3.857635974884033,25.170743942260742
2,591243,10.61229419708252,0.9264934659004211,18.54680061340332,-4.015810012817383
2,591243,8.40721321105957,-0.6118127703666687,24.673763275146484,7.984302520751953
2,591243,4.446023464202881,10.58418083190918,-8.911748886108398,-4.413861274719238
2,591244,24.934614181518555,-3.7351205348968506,-18.919946670532227,-14.296284675598145
2,591244,13.169781684875488,-2.404595136642456,-19.616548538208008,22.35693359375
2,591244,-19.676042556762695,-6.7599921226501465,8.366827011108398,1.9355741739273071
2,591245,32.549930572509766,-27.25463104248047,-2.766897678375244,-40.741634368896484
2,591245,35.37503433227539,-0.7507287859916687,-22.002321243286133,-19.22637176513672
2,591246,-35.10911560058594,24.27717399597168,9.845643997192383,20.39023208618164
2,591246,-7.884765148162842,9.129162788391113,1.696143627166748,17.786211013793945
2,591246,12.792455673217773,-15.725208282470703,-5.437562942504883,1.8383890390396118
2,591246,-30.241413116455078,-1.6231484413146973,6.721001625061035,0.7388319969177246
2,591247,-1.8742902278900146,29.066675186157227,-3.027244806289673,7.515715599060059
2,591250,-7.954437255859375,21.161619186401367,14.254722595214844,11.594100952148438
2,591252,4.886513710021973,2.555799961090088,11.482353210449219,27.575281143188477
2,591254,85.4343490600586,13.96804428100586,-32.32843780517578,14.961491584777832
2,591256,-10.05978012084961,5.817068576812744,8.343234062194824,-57.808650970458984
2,591258,-114.36511993408203,-54.342838287353516,26.32954216003418,-25.85651969909668
2,591260,-189.94276428222656,-32.087581634521484,4.616061210632324,45.595252990722656
2,591262,-89.0874252319336,17.53137969970703,-24.514938354492188,34.40089416503906
2,591264,184.09194946289062,3.253497838973999,-42.33515167236328,31.599205017089844
2,591266,213.81724548339844,23.45000648498535,44.035240173339844,-62.021156311035156
2,591268,73.07646942138672,11.259778022766113,17.854272842407227,-100.85594940185547
2,591270,-89.60371398925781,-17.383045196533203,-15.903641700744629,46.88713073730469
2,591272,-86.62092590332031,-0.39545920491218567,18.076963424682617,77.82530975341797
2,591274,23.379417419433594,-8.530534744262695,-14.230170249938965,15.843436241149902
2,591276,-1.2494221925735474,-3.2572410106658936,-19.777759552001953,-99.16323852539062
2,591278,8.968318939208984,25.2945556640625,26.800373077392578,-63.95914077758789
2,591280,80.8166732788086,18.677719116210938,35.90309524536133,127.01083374023438
2,591282,1.5190309286117554,-5.818148136138916,-33.69865036010742,25.508275985717773
2,591284,-88.91316223144531,-1.8261717557907104,-21.701040267944336,-30.53084373474121
2,591406,-82.6938247680664,-38.978057861328125,-41.342063903808594,-10.214303970336914
2,591406,-33.41150665283203,-51.996734619140625,-77.52168273925781,-50.07078552246094
2,591406,25.626972198486328,37.359317779541016,50.41245651245117,7.952878952026367
2,591406,28.130840301513672,27.053987503051758,52.532901763916016,21.067813873291016
2,591406,5.6530280113220215,-20.672441482543945,-31.10698127746582,-4.291398525238037
2,591406,23.106979370117188,4.901398181915283,16.457921981811523,-6.389303684234619
2,591407,54.2466926574707,23.84916877746582,43.875335693359375,-4.525075435638428
2,591407,28.76837921142578,6.619768142700195,-13.465731620788574,-5.307928085327148
2,591407,-18.253759384155273,-9.053106307983398,0.6817725300788879,9.847355842590332
2,591407,3.656618356704712,9.982184410095215,43.10492706298828,1.2277822494506836
2,591407,22.03581428527832,2.974781036376953,16.1981201171875,6.255542755126953
2,591407,-15.357271194458008,-13.552821159362793,-10.930769920349121,35.93190002441406
2,591408,4.540212631225586,-3.5115435123443604,-12.943018913269043,14.360843658447266
2,591408,43.60558319091797,12.592277526855469,5.25968599319458,-8.509459495544434
2,591408,15.031070709228516,-2.5653207302093506,-9.072437286376953,12.338338851928711
2,591408,-26.35356903076172,-21.82040023803711,-17.33225440979004,19.47808265686035
2,591408,-19.870439529418945,-9.01834774017334,3.142307758331299,-3.297030210494995
2,591408,-15.73766040802002,19.9014949798584,-2.649784803390503,-8.596964836120605
2,591409,-20.46788215637207,23.018211364746094,-16.698759078979492,-20.517040252685547
2,591409,-23.790891647338867,-23.97979164123535,-1.0825984477996826,-22.771203994750977
2,591409,-41.454524993896484,-28.503782272338867,21.917875289916992,-3.8587403297424316
2,591409,-21.38519859313965,4.949603080749512,2.587275743484497,4.757412910461426
2,591409,-1.1298410892486572,25.73354148864746,-0.010445874184370041,-7.488029956817627
2,591409,-22.085445404052734,-3.153294086456299,16.682262420654297,-13.610342979431152
2,591410,-1.9777679443359375,-21.06708335876465,7.31158447265625,23.59367561340332
2,591410,43.357200622558594,41.389041900634766,-1.3569397926330566,-3.0791409015655518
2,591410,24.622724533081055,-0.08199726790189743,10.57316780090332,-14.817831993103027
2,591410,20.922378540039062,-49.03770446777344,2.2098727226257324,28.737733840942383
2,591410,20.833484649658203,32.91082763671875,-10.884522438049316,7.177955150604248
2,591411,8.11429214477539,16.645540237426758,4.3096537590026855,-29.65079116821289
2,591411,-1.6693471670150757,-30.17805290222168,-8.314380645751953,-17.413545608520508
2,591411,-32.301883697509766,10.357099533081055,7.325740814208984,27.754735946655273
2,591411,1.0318679809570312,7.030867099761963,15.1610107421875,9.493265151977539
2,591411,1.6776347160339355,-13.586006164550781,-19.142004013061523,-14.277597427368164
2,591411,-39.60700988769531,-4.604846477508545,-12.580767631530762,32.910762786865234
2,591412,-11.293606758117676,21.749908447265625,-15.233940124511719,8.240768432617188
2,591412,26.46821403503418,11.30186939239502,-32.74452590942383,-42.987186431884766
2,591412,0.5563393235206604,-8.377249717712402,-23.417436599731445,-8.190757751464844
2,591412,1.4671820402145386,18.450536727905273,-17.11466407775879,7.606581211090088
2,591412,11.20101261138916,4.378796577453613,0.5626909732818604,2.6209683418273926
2,591412,-13.500283241271973,-11.428611755371094,13.012788772583008,-1.2667773962020874
2,591413,11.090201377868652,2.2520978450775146,-18.063257217407227,-21.94009017944336
2,591413,-18.07927131652832,-23.196264266967773,-14.8572998046875,-6.140103816986084
2,591413,-37.37868881225586,2.9371111392974854,7.530045509338379,23.886198043823242
2,591413,-4.685717582702637,36.919715881347656,9.325285911560059,-6.817281723022461
2,591413,7.512405872344971,-17.7548770904541,21.886804580688477,-15.427767753601074
2,591413,5.519689083099365,-46.38135528564453,8.834982872009277,21.494386672973633
2,591414,-3.3718323707580566,-9.18294906616211,15.95876693725586,7.865184307098389
2,591414,24.019628524780273,10.180280685424805,31.152551651000977,-4.740865707397461
2,591414,8.819753646850586,-11.058852195739746,-2.1254963874816895,11.652830123901367
2,591414,-31.111385345458984,6.358980655670166,14.230425834655762,4.89693546295166
2,591414,-10.07249641418457,7.8841118812561035,27.296974182128906,-10.061901092529297
2,591414,-6.398528099060059,-11.430317878723145,-9.54220199584961,4.179521560668945
2,591415,-15.207869529724121,4.704941749572754,15.145720481872559,-0.003886586055159569
2,591415,3.851470470428467,8.189804077148438,24.564451217651367,-0.8278294801712036
2,591415,3.0977516174316406,-6.456193923950195,-33.59290313720703,-0.7242192029953003
2,591415,42.225955963134766,17.146240234375,-30.534278869628906,-35.60969161987305
2,591415,47.90814971923828,25.79432487487793,-3.4930503368377686,9.542110443115234
2,591415,-9.724696159362793,-17.41127586364746,-10.343637466430664,40.68423080444336
2,591416,1.8476190567016602,2.4086873531341553,6.766101837158203,-26.396827697753906
2,591416,30.67745018005371,16.97581672668457,5.927746772766113,-21.256563186645508
2,591417,66.45520782470703,14.093318939208984,-10.091291427612305,11.34678840637207
2,591417,49.194271087646484,17.357681274414062,-20.49237060546875,17.370929718017578
2,591417,-76.00967407226562,-22.340755462646484,-18.91886329650879,19.98193359375
2,591418,-62.183807373046875,-20.687171936035156,15.780343055725098,-26.306108474731445
2,591418,20.484121322631836,4.274401664733887,18.163434982299805,-14.85205078125
2,591419,-19.587060928344727,-7.426453113555908,-5.095703601837158,9.573963165283203
2,591420,22.70102310180664,4.861641883850098,5.33053731918335,25.059123992919922
2,591422,31.570083618164062,14.239028930664062,23.14886474609375,21.396780014038086
2,591424,-20.217979431152344,-39.18577194213867,-33.05458068847656,-48.72198486328125
2,591426,-16.05310821533203,-68.66645812988281,-78.693115234375,-105.87483978271484
2,591428,15.838985443115234,33.73673629760742,22.87506103515625,11.007307052612305
2,591430,31.840986251831055,70.13384246826172,60.60587692260742,191.37185668945312
2,591432,-107.78072357177734,-26.698928833007812,-8.845231056213379,-17.021011352539062
2,591434,-126.8519287109375,-24.239892959594727,87.32969665527344,-106.1478271484375
2,591436,112.6094741821289,23.411333084106445,-18.98099708557129,103.76318359375
2,591438,177.48626708984375,16.189313888549805,-161.36312866210938,32.934852600097656
2,591440,-108.75996398925781,-26.251420974731445,108.15338134765625,-98.74005889892578
2,591442,-121.18688201904297,13.203917503356934,82.34970092773438,-45.165855407714844
2,591444,80.50001525878906,21.436962127685547,-124.14785766601562,32.36931610107422
2,591446,19.307470321655273,-15.841392517089844,25.472013473510742,56.96150588989258
2,591449,-1.6774706840515137,8.298967361450195,70.16620635986328,7.669407367706299
2,591450,-0.049811314791440964,-28.04098129272461,-60.84368133544922,-105.04802703857422
2,591453,-119.84912872314453,14.558097839355469,-12.77143669128418,-36.544105529785156
2,591454,14.91856861114502,45.04124450683594,16.48208236694336,101.90412902832031
2,591457,328.0361328125,-42.657833099365234,27.60779571533203,23.896421432495117
2,591458,51.538230895996094,-47.685829162597656,71.52119445800781,-21.44278907775879
2,591590,-381.8752136230469,39.719547271728516,-91.15263366699219,-6.660959720611572
2,591590,-114.92749786376953,47.672393798828125,-115.51589965820312,-25.997264862060547
2,591590,148.95489501953125,-15.85750961303711,65.49109649658203,25.820051193237305
2,591590,19.606277465820312,-9.735407829284668,54.86141586303711,32.94633483886719
2,591591,9.981792449951172,9.035384178161621,-12.334930419921875,-10.355307579040527
2,591591,30.429264068603516,-7.814464569091797,-16.687599182128906,-14.435460090637207
2,591591,-17.109920501708984,-16.620569229125977,-11.978612899780273,7.610966205596924
2,591591,-3.8990588188171387,-15.207132339477539,-5.210464954376221,-1.1009202003479004
2,591591,2.1996660232543945,-7.324705600738525,5.7275567054748535,-19.35261344909668
2,591591,14.692635536193848,9.845726013183594,23.378923416137695,-20.313032150268555
2,591592,10.227900505065918,-2.6128363609313965,15.146366119384766,-15.408553123474121
2,591592,-19.869770050048828,0.4488002061843872,49.07236862182617,10.555081367492676
2,591592,-30.55373764038086,6.645975112915039,27.018970489501953,26.650224685668945
2,591592,-6.904738426208496,-14.449763298034668,-15.945155143737793,10.453020095825195
2,591592,52.83725357055664,-0.6899235844612122,1.2780323028564453,-19.026119232177734
2,591593,33.15007400512695,20.806156158447266,-31.470943450927734,-4.727758884429932
2,591593,-18.441604614257812,15.992798805236816,-44.13248825073242,2.8492484092712402
2,591593,2.4529666900634766,-10.120170593261719,-6.601361274719238,2.3919663429260254
2,591593,12.13728141784668,-9.256075859069824,5.106814384460449,8.27090835571289
2,591593,22.35477638244629,5.32468318939209,-12.695366859436035,0.5390276908874512
2,591593,25.761659622192383,17.86833953857422,-0.8689667582511902,10.335250854492188
2,591594,7.8425397872924805,28.200429916381836,18.198463439941406,-2.8991427421569824
2,591594,21.29374122619629,2.3018763065338135,-6.24080753326416,-13.91125202178955
2,591594,-6.294144630432129,-25.88092613220215,-4.172595977783203,-7.108280658721924
2,591594,-38.75740051269531,-8.692049026489258,4.961587905883789,-5.587308883666992
2,591594,-11.784292221069336,14.116848945617676,-10.72397232055664,-8.241872787475586
2,591594,-16.77984619140625,-29.6267147064209,-0.9238512516021729,-10.847196578979492
2,591595,-21.196258544921875,-33.07304763793945,-3.9262449741363525,-2.5184178352355957
2,591595,4.954900741577148,34.334285736083984,-6.355343818664551,-0.7584681510925293
2,591595,1.455349326133728,12.014986038208008,17.56097984313965,5.158605575561523
2,591595,7.057689666748047,-20.74113655090332,-6.23328161239624,31.928544998168945
2,591595,-1.205644130706787,-0.9199337959289551,-3.480778932571411,46.684749603271484
2,591596,-21.278356552124023,-18.05827522277832,30.835447311401367,-5.133635997772217
2,591596,3.4029481410980225,2.7671642303466797,-4.957111358642578,-12.897229194641113
2,591596,11.915268898010254,17.407827377319336,-16.153425216674805,2.7669224739074707
2,591596,-1.8922128677368164,-19.208436965942383,4.855304718017578,-17.941741943359375
2,591596,-22.03246307373047,7.404177665710449,2.0437655448913574,1.2162153720855713
2,591596,-27.396394729614258,24.168148040771484,3.5141375064849854,-10.735698699951172
2,591596,20.22696876525879,-1.159739375114441,15.742055892944336,-14.58464241027832
2,591597,4.619804382324219,-4.694154739379883,7.657470226287842,3.581578016281128
2,591597,-26.432470321655273,4.700610637664795,-20.292335510253906,4.053595066070557
2,591597,16.814044952392578,9.946961402893066,-4.163769245147705,-24.376564025878906
2,591597,16.860408782958984,-3.7808210849761963,15.39413833618164,5.809823036193848
2,591597,5.12941312789917,-2.732898235321045,6.504574298858643,53.19413757324219
2,591597,18.28418731689453,4.933250427246094,7.357755661010742,-10.688864707946777
2,591598,-15.419134140014648,11.319028854370117,12.548615455627441,-26.49396324157715
2,591598,-22.81556510925293,16.688426971435547,14.419042587280273,-22.510896682739258
2,591598,27.843137741088867,5.475607395172119,-15.834759712219238,4.5468034744262695
2,591598,24.652437210083008,-22.915056228637695,-31.151466369628906,28.803504943847656
2,591598,-6.652227878570557,-24.28890037536621,-9.726463317871094,-27.75054931640625
2,591599,-4.110114574432373,13.635824203491211,6.065502643585205,-3.2601253986358643
2,591599,12.058161735534668,-11.765220642089844,8.59329605102539,43.30807113647461
2,591599,11.370711326599121,-11.561464309692383,1.9994319677352905,-11.679582595825195
2,591599,-0.9183996319770813,23.21743392944336,-5.300904273986816,-33.62812805175781
2,591599,1.467194676399231,-24.878610610961914,-15.738265037536621,37.32699203491211
2,591599,-5.09372091293335,-8.152424812316895,-16.538372039794922,14.975521087646484
2,591600,-22.312734603881836,17.48784828186035,-9.061829566955566,-18.09877586364746
2,591600,-4.463522434234619,0.9872653484344482,24.82464599609375,17.922470092773438
2,591600,6.537904262542725,10.058527946472168,1.5243256092071533,-19.69354820251465
2,591600,-20.416458129882812,-23.207569122314453,-36.88892364501953,-17.97501564025879
2,591600,-31.80835723876953,-5.041863441467285,31.42470932006836,44.391075134277344
2,591600,-16.267539978027344,23.785030364990234,45.20823287963867,-5.148919582366943
2,591601,4.0447096824646,-8.422324180603027,-21.5532283782959,-59.771881103515625
2,591601,0.4795648753643036,-5.788942337036133,-5.683551788330078,4.990848064422607
2,591601,-10.673975944519043,7.968313694000244,35.188236236572266,20.1848201751709
2,591601,-9.21597957611084,-4.8595662117004395,-22.59562110900879,-11.306270599365234
2,591602,75.1266098022461,4.395929336547852,-41.158504486083984,15.892909049987793
2,591603,92.98892974853516,24.512685775756836,22.44839096069336,5.911651611328125
2,591603,-27.090803146362305,-1.4746506214141846,15.056756019592285,1.8959563970565796
2,591603,-1.8702709674835205,-27.638967514038086,-11.201022148132324,5.780720233917236
2,591603,42.5498161315918,-3.501492977142334,-12.13309383392334,6.057474613189697
2,591603,-6.79745626449585,26.41443634033203,-13.170443534851074,15.638888359069824
2,591605,-113.1879653930664,-1.5239436626434326,-62.674842834472656,-21.393882751464844
2,591606,-141.06948852539062,-34.23101043701172,-62.86711502075195,-21.74056053161621
2,591609,160.2276611328125,0.6606888175010681,58.18233108520508,4.8503522872924805
2,591610,-59.32625961303711,15.230865478515625,178.4464111328125,22.756853103637695
2,591613,-162.30567932128906,-6.455924987792969,33.944793701171875,59.999794006347656
2,591614,221.40969848632812,27.609567642211914,-157.36068725585938,23.195068359375
2,591617,-65.15276336669922,45.95817184448242,26.268310546875,-113.62661743164062
2,591618,-39.32522201538086,-53.73940658569336,36.931053161621094,-62.80471420288086
2,591621,204.22169494628906,-66.6652603149414,-52.37640380859375,60.05376052856445
2,591622,-29.165990829467773,44.251708984375,25.43899917602539,38.17797088623047
2,591623,-162.9685516357422,28.63416290283203,4.677390098571777,-83.5688705444336
2,591626,-18.95702362060547,-24.64788818359375,6.5113444328308105,-61.395389556884766
2,591627,146.321533203125,15.793951988220215,13.440052032470703,112.69990539550781
2,591630,80.28089141845703,38.9388427734375,11.244226455688477,50.917537689208984
2,591631,-97.13452911376953,-14.218744277954102,-15.04723834991455,-17.796510696411133
2,591634,-101.75120544433594,-35.95356750488281,-77.80017852783203,3.8681299686431885
2,591635,18.884994506835938,20.033262252807617,-1.2292475700378418,7.67371940612793
2,591638,1.544303059577942,-6.393163204193115,161.7676239013672,-64.47366333007812
2,591639,162.14846801757812,-56.12675476074219,-8.066415786743164,-36.81356430053711
2,591642,111.09518432617188,27.4857177734375,-201.65663146972656,118.2896499633789
2,591643,-411.3855285644531,30.421308517456055,128.4918975830078,23.53614616394043
2,591646,-83.18404388427734,-15.001044273376465,73.05397033691406,-68.91426086425781
2,591648,361.7311096191406,2.4616904258728027,-188.48223876953125,-57.79831314086914
2,591790,37.63835144042969,11.463038444519043,64.86184692382812,13.28097915649414
2,591790,-42.31240463256836,9.791372299194336,45.5164909362793,71.8821029663086
2,591790,-35.28926467895508,-18.245227813720703,-61.37362289428711,-19.862937927246094
2,591791,-70.05970764160156,-0.0852757915854454,16.426563262939453,-6.876492977142334
2,591791,1.2908562421798706,19.021873474121094,10.88708209991455,21.572166442871094
2,591791,-7.827635288238525,-1.3059468269348145,26.06016731262207,6.719215393066406
2,591791,13.025997161865234,-6.371260166168213,-7.001478672027588,23.548450469970703
2,591791,39.57846450805664,4.921473503112793,-23.13924217224121,-9.312780380249023
2,591792,10.416927337646484,-3.389497995376587,26.445859909057617,-28.25668716430664
2,591792,6.209527015686035,-21.227161407470703,2.9362568855285645,0.26612454652786255
2,591792,-11.132636070251465,-17.808931350708008,-13.554630279541016,-7.2202067375183105
2,591792,-31.591705322265625,-3.522355556488037,0.3911682963371277,-34.6159782409668
2,591792,-25.862255096435547,21.681472778320312,-11.75969123840332,-14.464003562927246
2,591792,-7.992394924163818,8.944147109985352,-3.823369026184082,-9.464530944824219
2,591793,10.979361534118652,-3.7727737426757812,24.856563568115234,-2.512566089630127
2,591793,22.749467849731445,14.96151351928711,22.061092376708984,7.582031726837158
2,591793,36.449031829833984,3.8822720050811768,-19.022621154785156,15.795371055603027
2,591793,22.385406494140625,-3.914651870727539,-5.8055949211120605,10.126157760620117
2,591793,13.093707084655762,-4.482203960418701,9.536417961120605,-21.556291580200195
2,591793,3.257229804992676,-1.126461386680603,-12.651946067810059,1.1912603378295898
2,591794,-21.580705642700195,-3.3706510066986084,1.1389368772506714,8.248879432678223
2,591794,-48.72184753417969,-8.376593589782715,6.028628349304199,-10.501455307006836
2,591794,-50.227020263671875,-16.643156051635742,-21.726154327392578,16.92595863342285
2,591794,-37.343017578125,-6.8806915283203125,-7.291884899139404,8.679323196411133
2,591794,-15.08248233795166,31.377838134765625,7.596189022064209,-25.663021087646484
2,591794,11.05804443359375,14.915131568908691,-2.2637393474578857,21.090818405151367
2,591795,0.12550248205661774,-8.802715301513672,8.145349502563477,30.25961685180664
2,591795,11.636443138122559,4.837070465087891,5.847611904144287,-2.22863507270813
2,591795,30.49772834777832,8.898336410522461,-5.445237636566162,37.073246002197266
2,591795,27.46541404724121,-7.649336814880371,12.112576484680176,5.58710241317749
2,591795,26.08986473083496,0.7193208932876587,6.062045574188232,-26.2637996673584
2,591795,2.4666566848754883,20.432138442993164,1.5010536909103394,-2.355346918106079
2,591796,8.508376121520996,-10.927021026611328,-3.633925199508667,-15.873017311096191
2,591796,18.516117095947266,-23.26586151123047,-26.196582794189453,6.101807117462158
2,591796,-9.265000343322754,12.217218399047852,22.319108963012695,15.61181640625
2,591796,-3.0578455924987793,0.2625879645347595,29.833110809326172,-1.6552475690841675
2,591796,6.81742000579834,-16.707876205444336,-3.273193120956421,17.44985580444336
2,591796,2.598857879638672,10.96247673034668,5.492677688598633,0.4599490165710449
2,591797,-15.86766529083252,5.891302585601807,-10.693217277526855,-20.872011184692383
2,591797,-1.699602723121643,-9.445815086364746,-30.052656173706055,-4.891191005706787
2,591797,8.212331771850586,-18.84481430053711,-3.7556538581848145,-9.872943878173828
2,591797,-34.266021728515625,0.42184269428253174,22.05551528930664,-2.322831153869629
2,591797,-8.428611755371094,12.557148933410645,-1.8076292276382446,5.756095886230469
2,591797,1.7367181777954102,-5.371415615081787,-8.574814796447754,-24.771459579467773
2,591798,-18.350553512573242,3.966639757156372,20.805606842041016,-15.701338768005371
2,591798,-5.335762977600098,-16.271728515625,16.508255004882812,20.554519653320312
2,591798,-16.705453872680664,-20.32282066345215,-8.18736457824707,6.7545390129089355
2,591798,-7.701040267944336,21.654420852661133,10.288280487060547,10.134127616882324
2,591798,10.6564359664917,33.578128814697266,7.083672523498535,-27.62288475036621
2,591799,-7.121642589569092,-4.78794002532959,-27.648393630981445,-39.93878936767578
2,591799,-6.833207130432129,-40.726070404052734,-7.705060958862305,76.08845520019531
2,591799,17.933765411376953,10.971304893493652,-7.371352195739746,21.16304588317871
2,591799,28.460691452026367,39.37051010131836,-16.097726821899414,-78.5067367553711
2,591799,26.358844757080078,-18.243589401245117,5.694458484649658,4.245198726654053
2,591799,25.70652198791504,6.2983012199401855,-25.454633712768555,54.27848434448242
2,591800,19.572877883911133,19.53445816040039,-21.72265625,-4.251649856567383
2,591800,-3.0381877422332764,-33.73881530761719,8.146706581115723,-32.3990364074707
2,591800,4.027039527893066,-4.497604846954346,-17.187488555908203,13.004751205444336
2,591800,28.821929931640625,20.621240615844727,-5.158558368682861,16.48671531677246
2,591800,5.98536491394043,-8.965226173400879,17.0208740234375,2.7574989795684814
2,591800,-15.211406707763672,-5.346601486206055,4.327295303344727,-11.707586288452148
2,591801,-12.434623718261719,-0.4302722215652466,-16.531089782714844,-22.510854721069336
2,591801,-40.65190124511719,-6.888926029205322,-4.103747367858887,-5.772237300872803
2,591801,-35.808101654052734,16.28719711303711,21.73600196838379,3.0297975540161133
2,591801,6.040118217468262,-0.20261424779891968,7.341274738311768,17.603389739990234
2,591801,-10.235666275024414,-18.315439224243164,4.5702104568481445,4.639997482299805
2,591801,-19.40679168701172,18.28435707092285,16.7291259765625,-51.645389556884766
2,591802,7.484917163848877,9.670540809631348,9.129609107971191,-28.041736602783203
2,591802,7.555259704589844,-13.641767501831055,4.145870208740234,28.720640182495117
2,591802,7.263455390930176,-17.372806549072266,8.848371505737305,1.9544949531555176
2,591802,13.099889755249023,9.093381881713867,25.289228439331055,-12.649541854858398
2,591803,46.56357955932617,24.832143783569336,18.32749366760254,61.402191162109375
2,591804,43.783164978027344,-3.810551166534424,-8.917770385742188,75.25344848632812
2,591804,-19.8155574798584,-0.3232884705066681,1.157044768333435,-38.309268951416016
2,591804,-3.988421678543091,-7.738757610321045,2.7984774112701416,-43.261390686035156
2,591804,13.378296852111816,-16.77629852294922,-21.86040687561035,27.80501937866211
2,591804,-9.550430297851562,5.720825672149658,-3.302952766418457,1.0470457077026367
2,591804,-4.002774715423584,-6.350874900817871,2.5789642333984375,-24.228229522705078
2,591806,84.4283447265625,-1.5552033185958862,-25.44202995300293,13.20888614654541
2,591808,-131.83544921875,12.322556495666504,-8.238387107849121,21.599973678588867
2,591810,-354.97943115234375,7.958604335784912,35.16259765625,-6.531376838684082
2,591812,109.32828521728516,-16.869596481323242,-75.79415130615234,-29.29681396484375
2,591814,302.8212890625,1.1778446435928345,-69.4048843383789,1.3650636672973633
2,591816,-64.39219665527344,50.20291519165039,168.0415802001953,12.0814790725708
2,591818,-143.3397216796875,-27.979448318481445,60.65066909790039,-19.136558532714844
2,591820,96.27618408203125,-28.880098342895508,-98.58293151855469,20.79839515686035
2,591822,69.92453002929688,24.313724517822266,-11.430367469787598,-21.95789909362793
2,591824,-49.61580276489258,32.09975051879883,-41.530174255371094,-5.2888994216918945
2,591826,8.440239906311035,1.5589805841445923,-10.907356262207031,43.998905181884766
2,591828,108.50186920166016,-56.935997009277344,39.76424026489258,-67.74652862548828
2,591830,30.58587074279785,-63.230777740478516,4.312352180480957,-50.54267883300781
2,591833,-156.22406005859375,34.88946533203125,33.660621643066406,86.20610809326172
2,591834,119.19916534423828,113.13013458251953,-44.713104248046875,62.528892517089844
2,591837,31.86540985107422,-25.110567092895508,13.567049980163574,-69.87532806396484
2,591838,-136.57894897460938,-66.26556396484375,37.661773681640625,-12.775850296020508
2,591841,-72.73165130615234,7.290656566619873,-55.13251876831055,35.09889221191406
2,591842,-142.37649536132812,-14.39335823059082,17.282188415527344,11.175748825073242
2,591845,202.7599334716797,12.459329605102539,51.88189697265625,15.976130485534668
2,591846,131.5194091796875,52.85270690917969,11.660737991333008,-41.89552688598633
2,591849,-102.79851531982422,-22.636009216308594,-84.23665618896484,-41.30483627319336
2,591850,-0.47904953360557556,-38.50735855102539,-6.189355850219727,7.044116497039795
2,591851,-9.693269729614258,31.232810974121094,76.17646789550781,46.262062072753906
2,592004,175.0573272705078,-29.48122787475586,-42.55100631713867,6.276347637176514
2,592004,128.75650024414062,-56.162330627441406,-37.22626876831055,-25.96783447265625
2,592004,-187.32073974609375,57.365543365478516,47.178627014160156,1.932761549949646
2,592005,-73.3205795288086,30.867094039916992,-4.07245397567749,6.182655334472656
2,592005,25.991500854492188,-24.916370391845703,-37.560001373291016,14.359213829040527
2,592005,-44.18535232543945,12.954835891723633,12.038920402526855,13.280718803405762
2,592005,-6.006476879119873,9.680882453918457,13.538958549499512,3.789942502975464
2,592005,-8.620977401733398,13.204792022705078,-16.53104591369629,13.459836959838867
2,592005,-56.767215728759766,5.432902812957764,-21.706493377685547,-14.514021873474121
2,592006,-77.03785705566406,-5.95991849899292,10.143586158752441,-35.14248275756836
2,592006,-45.520782470703125,8.09145450592041,9.506153106689453,-3.3146042823791504
2,592006,-18.592378616333008,8.491331100463867,-11.305545806884766,-14.859046936035156
2,592006,6.169612407684326,3.2192752361297607,13.278203964233398,-3.951772451400757
2,592006,36.3502311706543,-27.262304306030273,18.939149856567383,5.2387375831604
2,592006,49.09572219848633,-12.129639625549316,-5.967137813568115,-8.268387794494629
2,592007,1.252345323562622,27.132949829101562,20.686220169067383,35.1953239440918
2,592007,21.715017318725586,-2.4116549491882324,30.699094772338867,2.4634628295898438
2,592007,66.2655258178711,-7.084505558013916,3.663256883621216,-40.260093688964844
2,592007,-11.09634017944336,-14.61262321472168,10.27627944946289,28.260509490966797
2,592007,-15.251333236694336,-11.90732479095459,12.322100639343262,42.01792907714844
2,592008,50.80367660522461,21.751256942749023,-26.65617561340332,-41.779624938964844
2,592008,37.60533905029297,-16.02444839477539,-38.47454071044922,-32.023521423339844
2,592008,-17.125951766967773,-21.788549423217773,22.51567268371582,40.89321517944336
2,592008,1.562628984451294,16.24306869506836,-4.705844879150391,8.28190803527832
2,592008,18.4702205657959,10.00525188446045,-45.43886184692383,-27.104700088500977
2,592008,-7.625731468200684,-4.1762495040893555,8.378700256347656,11.891012191772461
2,592009,-13.914933204650879,-22.351970672607422,13.084712028503418,24.904569625854492
2,592009,-14.948074340820312,-3.105407953262329,6.331168174743652,-26.19747543334961
2,592009,-3.907588243484497,12.648478507995605,-8.412681579589844,-21.88033103942871
2,592009,-0.4467284083366394,-21.018354415893555,-16.805635452270508,17.190847396850586
2,592009,15.316376686096191,5.067680358886719,2.6429202556610107,-3.3999085426330566
2,592009,17.063325881958008,34.03438949584961,-18.790481567382812,-15.499902725219727
2,592010,27.400842666625977,6.405074596405029,-8.734152793884277,0.6203191876411438
2,592010,31.127483367919922,-25.41843032836914,-1.015326738357544,16.036191940307617
2,592010,-10.692172050476074,7.23787784576416,4.331819534301758,21.207298278808594
2,592010,11.571931838989258,26.698265075683594,21.447973251342773,-6.370079040527344
2,592010,33.79541778564453,-29.4788761138916,-4.127346992492676,-18.499164581298828
2,592010,-30.20490074157715,-4.963623523712158,3.6031291484832764,42.8642463684082
2,592011,-42.56160354614258,43.405792236328125,32.08600616455078,42.75053405761719
2,592011,2.3569176197052,28.137298583984375,29.42361068725586,-26.811248779296875
2,592011,-28.663137435913086,-14.817071914672852,21.407032012939453,-27.397302627563477
2,592011,-59.28846740722656,-22.841291427612305,11.344438552856445,-21.214025497436523
2,592011,-3.0989222526550293,12.947193145751953,-19.22862434387207,-6.719783782958984
2,592011,28.396602630615234,7.521728992462158,-30.967138290405273,21.360645294189453
2,592012,-4.115623474121094,-9.508736610412598,5.094844818115234,-15.621231079101562
2,592012,-21.736068725585938,-7.173495769500732,31.605186462402344,-14.771637916564941
2,592012,11.12952995300293,-3.780304431915283,-12.243901252746582,-8.949530601501465
2,592012,20.435741424560547,8.349969863891602,-16.145780563354492,-16.00004005432129
2,592012,-14.60297966003418,-11.553055763244629,14.614502906799316,26.53190040588379
2,592012,-27.179296493530273,-27.816137313842773,-20.08980941772461,7.815089702606201
2,592013,5.142390251159668,12.696748733520508,-29.208208084106445,-5.454535484313965
2,592013,31.88784408569336,13.750147819519043,-10.29007625579834,13.09665298461914
2,592013,-20.199838638305664,-32.88363265991211,11.569028854370117,14.351815223693848
2,592013,-41.631004333496094,-12.752266883850098,17.084115982055664,-13.746204376220703
2,592013,11.271904945373535,31.874195098876953,-3.2499637603759766,-23.494489669799805
2,592013,17.461456298828125,-3.5173473358154297,-0.2199251651763916,49.652732849121094
2,592014,-24.291759490966797,-11.744967460632324,13.349987030029297,23.847719192504883
2,592014,-9.290122032165527,18.585308074951172,-4.53537654876709,-51.96645736694336
2,592014,43.508949279785156,1.1851491928100586,-5.7938032150268555,-6.358715057373047
2,592014,29.523714065551758,-1.4048222303390503,9.79127311706543,27.85764503479004
2,592014,12.512743949890137,-1.6418182849884033,-21.501140594482422,5.8339667320251465
2,592014,22.253122329711914,-8.312224388122559,-21.71632194519043,6.9408488273620605
2,592015,1.692878007888794,15.20642375946045,-23.752233505249023,32.33439636230469
2,592015,-45.694149017333984,-9.618819236755371,-21.315898895263672,-31.521099090576172
2,592015,-22.626771926879883,-37.217281341552734,9.673360824584961,-44.746891021728516
2,592015,0.8821379542350769,17.919933319091797,-14.885465621948242,54.15940856933594
2,592015,-43.54978942871094,2.9025309085845947,-4.187083721160889,-10.921774864196777
2,592015,0.5854148864746094,-35.41510772705078,30.301555633544922,-31.359683990478516
2,592016,19.180429458618164,20.457555770874023,5.987961292266846,19.784616470336914
2,592016,5.009035110473633,17.324169158935547,-6.836445331573486,-17.446895599365234
2,592016,22.71513557434082,-25.037975311279297,18.041196823120117,-13.168975830078125
2,592016,-0.5519847273826599,-3.3521218299865723,28.324256896972656,6.7003607749938965
2,592016,4.760324478149414,21.43134307861328,16.161283493041992,9.074891090393066
2,592016,5.8019256591796875,14.087085723876953,4.882739543914795,17.913982391357422
2,592017,8.995816230773926,-15.178322792053223,10.148894309997559,27.545696258544922
2,592017,43.649410247802734,18.410173416137695,18.068506240844727,-3.3360564708709717
2,592018,-92.91285705566406,61.798362731933594,-18.559173583984375,-74.51866912841797
2,592018,-93.47075653076172,8.57618522644043,-35.690208435058594,-48.190731048583984
2,592018,127.7239990234375,-53.32202911376953,20.55208969116211,53.81425857543945
2,592019,59.475059509277344,-17.93556785583496,21.170391082763672,4.242058753967285
2,592019,-34.806087493896484,36.85124588012695,-20.9578800201416,-33.42653274536133
2,592019,-9.979762077331543,2.9177026748657227,-1.5278691053390503,28.202444076538086
2,592019,-3.1664953231811523,-15.514906883239746,1.005079746246338,16.282732009887695
2,592020,1.2496592998504639,13.555351257324219,-6.940059661865234,-45.377262115478516
2,592022,60.98002243041992,37.520145416259766,18.432939529418945,-40.89253234863281
2,592024,66.45526885986328,-24.489553451538086,-18.593637466430664,25.487133026123047
2,592026,-22.440427780151367,-51.98017120361328,-73.7383041381836,51.566585540771484
2,592028,-24.115535736083984,-12.833436012268066,16.4268856048584,67.92462158203125
2,592030,38.78107452392578,-10.61607551574707,3.2455997467041016,25.265336990356445
2,592032,-49.238929748535156,40.36090850830078,-7.648902893066406,-59.39542770385742
2,592034,-182.23577880859375,30.031003952026367,106.92853546142578,-7.940557479858398
2,592036,13.770895004272461,-25.638132095336914,-16.32665252685547,35.179019927978516
2,592038,81.7316665649414,-7.7458720207214355,-42.515106201171875,-52.54084396362305
2,592040,24.35207176208496,-6.306387424468994,69.27649688720703,-16.439491271972656
2,592182,60.722412109375,-35.73607635498047,-30.422212600708008,59.89907455444336
2,592182,22.58123779296875,1.0442920923233032,-106.94285583496094,24.336034774780273
2,592182,-28.80752944946289,43.7130012512207,23.463558197021484,-4.627560615539551
2,592182,-9.504183769226074,11.65934944152832,58.79058837890625,-12.368861198425293
2,592182,16.261341094970703,-21.692407608032227,-42.3858757019043,-12.952762603759766
2,592182,-14.242947578430176,3.757636070251465,-40.281063079833984,-10.288773536682129
2,592183,0.5567367076873779,-5.538374900817871,-18.43682098388672,8.190950393676758
2,592183,-41.07158660888672,-35.86517333984375,-8.55754566192627,20.56041717529297
2,592183,-44.209774017333984,17.574607849121094,28.67152214050293,-24.93853187561035
2,592183,7.419548034667969,25.2979793548584,23.596271514892578,-27.385818481445312
2,592183,-17.05613899230957,-6.77327823638916,20.112571716308594,5.778639316558838
2,592184,-33.16835403442383,6.774007797241211,53.412925720214844,-21.028278350830078
2,592184,-32.80929946899414,-0.9961363077163696,48.44893264770508,-25.201932907104492
2,592184,-16.329137802124023,-9.455209732055664,5.68570613861084,-21.670080184936523
2,592184,20.870582580566406,-3.5151240825653076,-41.224605560302734,-13.447916984558105
2,592184,8.460537910461426,-7.085046291351318,-26.64435577392578,5.764790058135986
2,592184,-19.725053787231445,7.340925693511963,19.401416778564453,-2.084156036376953
2,592185,0.3762880861759186,16.60707664489746,-4.905641078948975,13.397199630737305
2,592185,4.022833824157715,5.02116060256958,-26.518327713012695,28.780149459838867
2,592185,15.659360885620117,5.445023059844971,14.465215682983398,1.533443570137024
2,592185,29.593782424926758,-5.312138557434082,21.17072296142578,3.020240068435669
2,592185,6.117068767547607,-12.40077018737793,-21.312612533569336,16.274028778076172
2,592185,51.96818542480469,12.358107566833496,-16.134307861328125,14.382231712341309
2,592186,84.3551254272461,1.899559736251831,18.105623245239258,25.929218292236328
2,592186,46.366065979003906,-11.719372749328613,17.28693199157715,1.1909879446029663
2,592186,32.516990661621094,6.023094177246094,-9.612588882446289,-21.606019973754883
2,592186,36.18775177001953,-5.406805992126465,-2.8702189922332764,1.2549989223480225
2,592186,30.327268600463867,-0.3284980058670044,13.92555046081543,27.810789108276367
2,592186,-20.201753616333008,7.865772724151611,-13.842077255249023,0.2229735404253006
2,592187,-56.826236724853516,-10.544792175292969,-29.379098892211914,-18.01297950744629
2,592187,-30.56945037841797,-16.835174560546875,-10.889241218566895,15.058063507080078
2,592187,-38.07568359375,-1.541015386581421,24.21042251586914,-6.371221542358398
2,592187,-54.334537506103516,22.410457611083984,21.5336856842041,-25.178062438964844
2,592187,-48.90777587890625,2.883955717086792,4.052938938140869,0.6747442483901978
2,592188,-45.75740051269531,2.3806467056274414,22.289836883544922,2.2493834495544434
2,592188,-23.58799171447754,-13.164054870605469,7.672712802886963,-10.954681396484375
2,592188,-20.723270416259766,-20.948049545288086,-4.134342670440674,-12.580755233764648
2,592188,-27.144689559936523,29.292041778564453,0.49121734499931335,-8.862080574035645
2,592188,-1.4202603101730347,4.123575687408447,-5.367511749267578,6.803889751434326
2,592188,25.08242416381836,-21.384126663208008,-23.98186683654785,14.457162857055664
2,592189,43.084747314453125,24.327404022216797,-45.67362594604492,-4.978251934051514
2,592189,43.4284553527832,20.2817325592041,-9.865567207336426,19.41765785217285
2,592189,30.047901153564453,-25.596214294433594,13.28773021697998,26.62694549560547
2,592189,25.790834426879883,-9.579530715942383,-9.270870208740234,-1.8682225942611694
2,592189,18.51533317565918,27.190792083740234,-20.079273223876953,3.8172943592071533
2,592189,1.08895742893219,5.038761615753174,7.7535223960876465,-28.235248565673828
2,592190,-10.570825576782227,-32.462928771972656,25.97917938232422,-16.996366500854492
2,592190,-3.642042398452759,1.283633828163147,13.273228645324707,50.7136116027832
2,592190,-0.9435977935791016,2.5852835178375244,9.590890884399414,-3.170302391052246
2,592190,6.783710479736328,-33.52543640136719,-11.260102272033691,-62.820648193359375
2,592190,-26.596574783325195,6.200992107391357,5.897690773010254,-14.278061866760254
2,592190,-32.11673355102539,26.61591339111328,37.93318176269531,21.746335983276367
2,592191,9.531682014465332,6.396618843078613,-20.42994499206543,21.301372528076172
2,592191,-16.266653060913086,1.655479073524475,-38.1923942565918,0.5921228528022766
2,592191,-28.362424850463867,-4.989180088043213,4.92048454284668,-25.47701072692871
2,592191,-15.11505126953125,-6.254490375518799,-22.471845626831055,-8.332377433776855
2,592191,-1.5294671058654785,-1.605086088180542,-25.833274841308594,51.63821029663086
2,592191,22.667306900024414,13.262907981872559,-4.990506172180176,41.09051513671875
2,592192,16.41823959350586,29.67608070373535,3.136385917663574,-36.167205810546875
2,592192,-0.8886561989784241,1.1035081148147583,21.492265701293945,-23.937786102294922
2,592192,6.480062007904053,-28.282642364501953,8.760501861572266,11.457510948181152
2,592192,-11.510683059692383,-8.74472427368164,12.269302368164062,0.7623416185379028
2,592192,1.7917392253875732,17.162826538085938,11.844843864440918,-20.937911987304688
2,592192,47.66020965576172,-5.276434898376465,10.955870628356934,-20.983036041259766
2,592193,10.07597541809082,-25.4918270111084,-5.496694564819336,-7.495426654815674
2,592193,-25.48813247680664,10.8406400680542,-11.492430686950684,-14.952980041503906
2,592193,12.658469200134277,16.59306526184082,27.75058364868164,12.581293106079102
2,592193,29.493288040161133,-4.2821760177612305,6.40100622177124,14.333110809326172
2,592193,-2.690284490585327,-6.358641624450684,-15.040196418762207,-2.108459949493408
2,592193,-15.68596076965332,-2.6054232120513916,8.900078773498535,8.073870658874512
2,592194,2.7136552333831787,7.258658409118652,0.1442357301712036,7.272758960723877
2,592195,41.99174880981445,3.1241939067840576,-3.4664433002471924,33.48746871948242
2,592195,23.440750122070312,9.702716827392578,20.35481834411621,26.499874114990234
2,592195,-34.82705307006836,-7.26395320892334,-9.348654747009277,-15.80041217803955
2,592195,-16.53185272216797,-15.299272537231445,-28.919221878051758,-1.8844542503356934
2,592196,28.157588958740234,25.167537689208984,0.9487498998641968,1.5976109504699707
2,592196,27.707382202148438,-5.481046676635742,10.455126762390137,-12.354421615600586
2,592197,-21.521392822265625,-38.11356735229492,-11.882074356079102,9.390512466430664
2,592198,-140.1687774658203,24.35099220275879,-5.17469596862793,-13.560114860534668
2,592200,-94.74470520019531,21.055171966552734,32.078636169433594,-31.96588897705078
2,592202,208.64064025878906,-50.8762092590332,34.851627349853516,-5.410544395446777
2,592204,108.78112030029297,-15.236614227294922,-55.810001373291016,6.899404048919678
2,592207,-243.58535766601562,19.92095375061035,-69.3093032836914,8.374462127685547
2,592208,-63.99197769165039,-23.27634620666504,40.127254486083984,-11.768363952636719
2,592211,302.8124694824219,3.735124111175537,17.456674575805664,-64.13848114013672
2,592212,139.97662353515625,33.01864242553711,38.50959777832031,-5.775096416473389
2,592215,-324.92388916015625,26.51817512512207,19.117773056030273,127.9114990234375
2,592216,-204.45172119140625,-2.611558198928833,-88.97010040283203,50.73470687866211
2,592217,166.6732940673828,-48.36432647705078,13.729681968688965,-86.04833221435547
2,592220,132.83343505859375,20.160051345825195,54.582820892333984,-36.89197540283203
2,592221,-8.08895492553711,52.89338302612305,-25.154632568359375,29.20954704284668
2,592224,-56.252498626708984,-7.790222644805908,-8.264833450317383,-23.810659408569336
2,592225,-2.3969340324401855,-23.61034393310547,5.604201793670654,-0.9505714774131775
2,592228,-25.001184463500977,12.146448135375977,-12.924166679382324,23.442352294921875
2,592229,-68.19190216064453,63.835079193115234,22.954984664916992,-49.28537368774414
2,592232,117.24398040771484,-57.1667594909668,27.29174041748047,24.364355087280273
2,592233,241.27798461914062,-174.06121826171875,-123.09131622314453,68.95572662353516
2,592381,-88.3720474243164,87.45667266845703,-7.663284778594971,-3.8281307220458984
2,592381,-245.00750732421875,167.1410369873047,174.65403747558594,2.2015485763549805
2,592381,76.80492401123047,-82.05938720703125,-30.36634635925293,-18.440624237060547
2,592381,80.4986343383789,-62.727474212646484,-65.82548522949219,-19.166637420654297
2,592381,-78.31865692138672,20.119470596313477,42.9460563659668,35.89041519165039
2,592381,-43.53071975708008,3.2752914428710938,-0.3279733657836914,-2.13714599609375
2,592382,-16.62432289123535,-0.6448693871498108,-28.796308517456055,-18.41775894165039
2,592382,-13.0606050491333,-8.404301643371582,12.98873519897461,13.302589416503906
2,592382,11.091561317443848,24.070499420166016,29.515277862548828,-25.836305618286133
2,592382,18.436429977416992,6.6314921379089355,-9.067730903625488,-39.9937858581543
2,592382,20.53384780883789,-31.447418212890625,-23.757537841796875,-2.811800241470337
2,592382,16.1605167388916,13.640544891357422,-2.9494309425354004,13.481081008911133
2,592383,4.680534839630127,13.215741157531738,10.407835006713867,-6.478760242462158
2,592383,17.170896530151367,-34.346588134765625,-21.22231674194336,7.03156852722168
2,592383,-16.499963760375977,-0.07113427668809891,-3.0790951251983643,33.82035827636719
2,592383,-18.73629379272461,39.12592697143555,27.59360694885254,-16.303058624267578
2,592383,27.051288604736328,11.846917152404785,-17.993669509887695,-19.739463806152344
2,592383,11.684905052185059,-20.15302276611328,-28.937925338745117,8.9156494140625
2,592384,-19.34832000732422,-7.292862892150879,3.355837345123291,18.963714599609375
2,592384,-5.911643028259277,8.579307556152344,-11.821617126464844,-0.5573131442070007
2,592384,14.75471305847168,-18.330045700073242,-21.15196418762207,-33.9443473815918
2,592384,11.940372467041016,-4.982865333557129,15.696077346801758,-1.3849953413009644
2,592384,6.521203994750977,36.554935455322266,-4.6998467445373535,0.14026936888694763
2,592384,8.884769439697266,-11.282886505126953,-24.178485870361328,8.109664916992188
2,592385,-25.769184112548828,-26.115575790405273,23.33260726928711,38.627052307128906
2,592385,-20.02556800842285,21.482894897460938,19.995296478271484,-16.376035690307617
2,592385,-10.48709487915039,3.498018264770508,-10.28212833404541,-22.633373260498047
2,592385,-19.215152740478516,-3.420961380004883,22.738075256347656,30.768836975097656
2,592385,22.554365158081055,21.925954818725586,48.93903350830078,9.219104766845703
2,592386,11.351032257080078,5.057269096374512,13.739680290222168,-9.729288101196289
2,592386,-6.769034385681152,-17.603384017944336,-11.22239875793457,11.559600830078125
2,592386,17.8480167388916,-4.630615711212158,-3.008739948272705,2.9186410903930664
2,592386,26.17354965209961,-3.582282781600952,-6.364814281463623,-2.4640843868255615
2,592386,-0.6911115050315857,-6.867943286895752,-9.557204246520996,-2.215672731399536
2,592386,-22.166996002197266,20.21584701538086,7.750714302062988,-7.039386749267578
2,592387,-8.59178352355957,13.915857315063477,12.840473175048828,22.666645050048828
2,592387,-14.348888397216797,-17.075563430786133,-2.9364449977874756,-8.219542503356934
2,592387,-19.4507999420166,-1.717103123664856,-18.01270866394043,-45.539058685302734
2,592387,-5.430588245391846,13.054424285888672,-23.95865821838379,22.732208251953125
2,592387,-3.802412986755371,-11.6873140335083,18.710115432739258,33.00689697265625
2,592387,14.36367130279541,6.3972554206848145,24.017803192138672,-24.005287170410156
2,592388,15.321084976196289,31.993684768676758,-20.172042846679688,-31.89092254638672
2,592388,-7.906538009643555,-7.327078819274902,-1.7308951616287231,-13.36699104309082
2,592388,19.592172622680664,-44.46140670776367,-5.509768962860107,4.297616958618164
2,592388,30.708309173583984,-6.67803430557251,-13.544343948364258,22.30263328552246
2,592388,-17.07062339782715,22.415035247802734,22.618432998657227,27.626628875732422
2,592388,-15.761178970336914,-21.59242820739746,2.5711519718170166,-5.99996280670166
2,592389,13.710719108581543,-20.86362648010254,-39.052276611328125,-20.562299728393555
2,592389,-2.3793461322784424,6.333926200866699,6.563218593597412,-1.2138111591339111
2,592389,-5.303869247436523,7.287201881408691,31.25117301940918,13.540364265441895
2,592389,5.419106960296631,-2.9701285362243652,-11.956330299377441,18.611989974975586
2,592389,-2.43369197845459,-1.7537553310394287,-10.319459915161133,-19.958253860473633
2,592389,-25.035539627075195,9.56350040435791,-7.174078464508057,-12.35262680053711
2,592390,-33.664119720458984,-3.1515579223632812,5.346719264984131,12.044055938720703
2,592390,5.315354824066162,2.2813901901245117,6.437745094299316,-21.177833557128906
2,592390,0.28430405259132385,12.622021675109863,-17.546960830688477,-1.6067609786987305
2,592390,-12.016926765441895,0.8031531572341919,14.48913288116455,11.245488166809082
2,592390,35.40855026245117,-8.598417282104492,14.466428756713867,-14.306145668029785
2,592390,21.759126663208008,7.880244731903076,-16.411840438842773,7.891229629516602
2,592391,10.201329231262207,19.169328689575195,-3.191185712814331,37.957340240478516
2,592391,23.484943389892578,12.718305587768555,-5.049283504486084,-12.487591743469238
2,592391,4.024421691894531,-13.393217086791992,-8.454315185546875,-33.66683578491211
2,592391,6.976714611053467,-16.915782928466797,30.68203353881836,38.67194747924805
2,592391,23.917831420898438,18.333566665649414,10.766319274902344,40.23033142089844
2,592391,3.5451273918151855,12.231402397155762,-17.896289825439453,-14.930334091186523
2,592392,-4.1279826164245605,-2.135439395904541,32.928977966308594,-18.85333824157715
2,592392,42.835140228271484,-7.847809791564941,11.453640937805176,5.42014741897583
2,592392,-2.741621971130371,-5.732230186462402,-33.3994255065918,-7.497810363769531
2,592392,-50.59373474121094,-11.172969818115234,0.452500581741333,-6.477317810058594
2,592392,-1.3297569751739502,-16.809431076049805,15.131165504455566,20.246416091918945
2,592392,10.508980751037598,3.7297325134277344,-14.299806594848633,-23.138425827026367
2,592393,-11.092174530029297,-10.60704231262207,-16.974895477294922,-21.314655303955078
2,592393,2.2457275390625,-21.992313385009766,10.571450233459473,33.13579559326172
2,592394,-11.064745903015137,-17.24091148376465,-22.89349937438965,-38.812721252441406
2,592394,-22.776241302490234,-4.4875712394714355,-28.146846771240234,-42.18798828125
2,592394,0.5594888925552368,46.65237808227539,17.04917335510254,41.30686569213867
2,592395,-29.824939727783203,42.9511604309082,-7.164194583892822,1.7879915237426758
2,592395,-28.41631317138672,-32.53135681152344,4.859607696533203,0.16820327937602997
2,592395,-1.4529225826263428,-6.134573936462402,34.114498138427734,24.839174270629883
2,592395,-1.9796903133392334,45.13924789428711,-1.592981219291687,6.37499475479126
2,592396,-83.27764129638672,-17.603792190551758,-26.61377716064453,1.1776946783065796
2,592398,-158.73748779296875,-26.815279006958008,-46.07063674926758,-2.896845817565918
2,592400,118.00444030761719,15.457977294921875,35.351905822753906,-11.640235900878906
2,592402,253.59835815429688,11.174529075622559,89.71149444580078,-17.313003540039062
2,592404,-38.91231918334961,-17.701801300048828,-54.035823822021484,-5.899153709411621
2,592406,-71.50877380371094,-11.63691520690918,-45.1657829284668,-0.31434860825538635
2,592408,28.914854049682617,13.003911972045898,76.35724639892578,40.24570083618164
2,592410,0.11713476479053497,6.551190376281738,16.84255027770996,43.592262268066406
2,592413,-27.725440979003906,18.375070571899414,-35.00680923461914,-43.24141311645508
2,592414,-19.036556243896484,-1.2336596250534058,-8.628560066223145,-57.95966720581055
2,592417,74.00543975830078,-27.59857940673828,7.603053569793701,27.384504318237305
2,592418,32.06709671020508,-8.081526756286621,17.084228515625,10.336689949035645
2,592421,-46.85009002685547,16.342905044555664,7.522280693054199,-31.631032943725586
2,592422,-7.296970844268799,22.68408966064453,-14.47144603729248,26.7695369720459
2,592425,-34.99209213256836,-36.00211715698242,-53.4759407043457,24.750268936157227
2,592426,-28.625967025756836,-24.798654556274414,-9.324389457702637,-5.414820194244385
2,592427,85.43296813964844,44.854610443115234,74.63029479980469,-12.588659286499023
2,592430,21.68326759338379,-22.002803802490234,-40.53691864013672,14.001221656799316
2,592431,-78.27983093261719,-31.306346893310547,-65.54851531982422,-11.09868335723877
2,592434,10.730619430541992,51.735755920410156,73.71904754638672,-53.635257720947266
2,592435,30.700531005859375,13.230074882507324,21.66038703918457,34.708885192871094
2,592438,3.3728697299957275,-29.576507568359375,-22.673837661743164,72.90739440917969
2,592439,-2.468337297439575,-18.86751365661621,-7.319643020629883,5.628936767578125
2,592442,-55.10979080200195,7.530979156494141,-4.268831729888916,-72.25341796875
2,592599,-19.76234245300293,35.190269470214844,46.291500091552734,-12.814064979553223
2,592599,53.387264251708984,-0.014996849000453949,3.5614376068115234,66.0150146484375
2,592599,-11.000452995300293,-15.806389808654785,-46.003971099853516,-26.618192672729492
2,592599,-28.95831871032715,-1.5270590782165527,1.3022500276565552,-40.37427520751953
2,592600,16.41078758239746,-34.097023010253906,5.326572418212891,12.41572380065918
2,592600,17.669937133789062,0.5611608624458313,-11.924029350280762,-3.3223018646240234
2,592600,14.377614974975586,46.55305480957031,-10.631970405578613,-16.864160537719727
2,592600,-6.178617477416992,-19.931865692138672,-8.802608489990234,37.7492790222168
2,592600,-1.3241180181503296,3.2674520015716553,18.447633743286133,53.87114334106445
2,592600,-14.211113929748535,57.5704345703125,30.86006736755371,-42.59413146972656
2,592601,-1.5915316343307495,-21.19261932373047,18.375017166137695,-45.881778717041016
2,592601,12.581299781799316,-33.47495651245117,-31.01758575439453,8.766843795776367
2,592601,0.47940167784690857,4.427618026733398,-18.682025909423828,28.183128356933594
2,592601,44.288448333740234,6.655304908752441,20.21413230895996,1.3932591676712036
2,592601,30.775279998779297,15.636956214904785,5.830730438232422,-27.450456619262695
2,592602,-2.3292908668518066,-2.426978349685669,12.773451805114746,-2.949197769165039
2,592602,19.7410831451416,-20.06671714782715,-11.835254669189453,12.004227638244629
2,592602,4.56823205947876,-21.456640243530273,-26.998815536499023,4.441778182983398
2,592602,-28.599767684936523,14.931944847106934,6.385905742645264,4.564034461975098
2,592602,-20.318010330200195,25.358739852905273,29.414257049560547,2.1898446083068848
2,592602,7.953715801239014,-8.226225852966309,-1.9945005178451538,-7.177809715270996
2,592603,-24.088468551635742,-20.523757934570312,-39.2043571472168,15.88284683227539
2,592603,-34.228485107421875,-6.818763256072998,-12.498573303222656,6.683994293212891
2,592603,22.591150283813477,13.407806396484375,-9.102032661437988,-6.361363410949707
2,592603,1.524513840675354,-5.275706768035889,-19.409868240356445,3.3277809619903564
2,592603,-24.22105598449707,-12.41386890411377,5.433373928070068,-10.059710502624512
2,592603,-8.201949119567871,3.152737855911255,15.495403289794922,0.27822145819664
2,592604,-10.148590087890625,21.16396141052246,16.406402587890625,7.658777713775635
2,592604,-1.90752375125885,3.757235288619995,12.681861877441406,-28.78444480895996
2,592604,-19.473020553588867,-50.665924072265625,-3.301882266998291,-15.70736312866211
2,592604,-22.64605712890625,5.107827186584473,4.884366512298584,12.56376838684082
2,592604,-18.026987075805664,54.371681213378906,5.774807929992676,-16.227479934692383
2,592605,-17.178104400634766,-9.951997756958008,8.709829330444336,-18.429479598999023
2,592605,15.231269836425781,-19.728132247924805,30.6560001373291,16.216888427734375
2,592605,13.376012802124023,1.0901002883911133,0.33225002884864807,19.57655143737793
2,592605,16.864858627319336,1.9920769929885864,-16.09299659729004,-28.205821990966797
2,592605,31.033687591552734,19.534854888916016,-5.442070007324219,-7.800661087036133
2,592605,6.8392815589904785,18.478355407714844,-27.481740951538086,32.60420608520508
2,592606,6.66099214553833,-0.08741967380046844,-10.147814750671387,1.4918792247772217
2,592606,31.05986785888672,-35.89216232299805,16.541921615600586,-12.403751373291016
2,592606,1.3495639562606812,-16.213581085205078,-18.600976943969727,22.850563049316406
2,592606,-22.480253219604492,32.93840789794922,-4.027378082275391,37.73347473144531
2,592606,1.0607527494430542,8.657086372375488,34.5100212097168,-23.288284301757812
2,592606,-7.096227645874023,-19.393186569213867,-9.206892013549805,-30.267366409301758
2,592607,-2.6688392162323,-28.35812759399414,-9.474434852600098,10.480792045593262
2,592607,10.47792911529541,-9.37974739074707,12.222434043884277,-15.237324714660645
2,592607,6.769759178161621,19.861650466918945,-14.036603927612305,-23.356359481811523
2,592607,0.30926749110221863,-16.201053619384766,2.7682833671569824,37.1655158996582
2,592607,-8.276517868041992,-15.062088966369629,8.8867769241333,39.58522033691406
2,592607,7.715099811553955,30.754615783691406,-12.970744132995605,-14.366089820861816
2,592608,16.746633529663086,-6.926966667175293,-1.2399671077728271,-9.543089866638184
2,592608,27.597881317138672,-7.978795528411865,27.520801544189453,17.818622589111328
2,592608,4.897863864898682,22.867401123046875,22.817798614501953,2.0258984565734863
2,592608,-34.84886169433594,-18.362192153930664,6.608884811401367,-14.171995162963867
2,592608,-21.180639266967773,-19.32841682434082,18.409849166870117,35.853092193603516
2,592608,-5.093536853790283,51.179203033447266,16.170866012573242,27.280399322509766
2,592609,14.613927841186523,42.99176788330078,4.692266464233398,-33.88650131225586
2,592609,6.368137836456299,-25.71651840209961,-7.714247226715088,-4.185367584228516
2,592609,-22.30504608154297,-8.818931579589844,-11.175355911254883,20.141441345214844
2,592609,8.506970405578613,0.9840839505195618,-44.685035705566406,-12.276820182800293
2,592609,23.2840633392334,-15.686994552612305,-45.17129135131836,-1.9517762660980225
2,592609,10.14972972869873,25.09360694885254,19.11043357849121,20.70880889892578
2,592610,22.130430221557617,36.18511962890625,2.860584259033203,-9.119040489196777
2,592610,13.870183944702148,-22.063413619995117,-40.406158447265625,-8.83808422088623
2,592610,-0.6990017294883728,-17.876676559448242,2.8956093788146973,10.824695587158203
2,592610,13.700160026550293,22.982908248901367,29.684803009033203,1.4957144260406494
2,592610,-17.04884147644043,-20.71419906616211,-19.150043487548828,-9.259166717529297
2,592610,-35.815940856933594,-0.611117422580719,-19.336851119995117,-28.797513961791992
2,592611,-11.506912231445312,15.049787521362305,10.172859191894531,-22.541751861572266
2,592611,-26.251619338989258,-25.206127166748047,12.556143760681152,0.7117051482200623
2,592611,-18.575767517089844,11.353714942932129,17.757640838623047,-7.45397424697876
2,592611,-19.63147735595703,-5.9435248374938965,-12.265315055847168,-26.135007858276367
2,592611,-33.63420867919922,-34.2038459777832,-20.42469596862793,7.282904624938965
2,592611,2.7368080615997314,7.92721700668335,42.08335876464844,36.1634635925293
2,592612,16.01703453063965,16.29888916015625,32.94301223754883,-14.875033378601074
2,592612,5.0631632804870605,-0.509434700012207,-34.6942024230957,-22.443187713623047
2,592612,10.576065063476562,-3.439253091812134,-3.6788063049316406,16.540700912475586
2,592612,5.760680675506592,-3.956009864807129,28.813913345336914,3.394796133041382
2,592613,-11.958609580993652,3.056184768676758,8.586112976074219,-0.17391584813594818
2,592614,-3.054152011871338,-6.193413734436035,24.9521427154541,18.479516983032227
2,592614,38.66938781738281,4.115978240966797,5.474617958068848,-2.152501344680786
2,592614,32.720333099365234,25.642614364624023,-33.528350830078125,-24.624868392944336
2,592614,3.714657783508301,-22.73476791381836,-16.129756927490234,-1.8090726137161255
2,592614,-9.76699161529541,-22.739770889282227,9.874773979187012,39.10816192626953
2,592614,-3.2403829097747803,31.035402297973633,-0.017841672524809837,7.863772392272949
2,592615,27.243419647216797,2.1043994426727295,-20.9140625,-29.01860237121582
2,592616,-9.944413185119629,-27.03087043762207,-21.5556697845459,23.651660919189453
2,592619,-19.782602310180664,14.107475280761719,4.7155866622924805,-26.571022033691406
2,592620,19.96353530883789,-0.03467006981372833,14.326186180114746,-30.381616592407227
2,592621,-1.084416151046753,-24.492904663085938,-14.48847484588623,60.65632629394531
2,592624,4.8476080894470215,14.043322563171387,-10.151457786560059,-17.235246658325195
2,592625,16.618505477905273,-9.399650573730469,9.729874610900879,-25.421756744384766
2,592628,-3.7769296169281006,-22.31736183166504,-7.869389057159424,20.482147216796875
2,592629,-42.66740036010742,30.239057540893555,-8.215425491333008,-22.947250366210938
2,592632,56.88591003417969,13.677797317504883,19.009061813354492,-11.234516143798828
2,592633,41.78386306762695,-19.25000762939453,34.96511459350586,32.45048522949219
2,592636,-167.7165069580078,24.12672233581543,7.054039001464844,34.48581314086914
2,592637,-106.56808471679688,23.754716873168945,-31.020687103271484,8.685873031616211
2,592640,51.71175003051758,15.191788673400879,37.777122497558594,-18.685293197631836
2,592641,240.30389404296875,-1.7422890663146973,21.80804443359375,-45.9332275390625
2,592644,110.6772232055664,-83.75157165527344,-126.34442901611328,16.42583465576172
2,592645,-305.8126220703125,18.479999542236328,-38.505401611328125,48.25968933105469
2,592648,-145.04649353027344,77.4330062866211,132.8686065673828,-14.168318748474121
2,592649,116.0431137084961,-76.205810546875,80.41551971435547,-62.831485748291016
2,592652,106.46771240234375,-28.932249069213867,-107.7053451538086,-0.35966965556144714
2,592653,49.384361267089844,66.0034408569336,-37.7239990234375,80.95523834228516
2,592656,-59.46958923339844,9.807153701782227,95.6564712524414,-36.820987701416016
2,592658,82.97696685791016,-24.385284423828125,-109.25765991210938,-45.063838958740234
2,592660,-8.012676239013672,-10.981689453125,1.6752715110778809,32.480594635009766
2,592662,-141.8874053955078,3.6655287742614746,146.56024169921875,18.78676986694336
2,592829,98.89354705810547,1.4288475513458252,-65.66381072998047,5.1774139404296875
2,592829,63.03247833251953,0.8582262396812439,-41.80604934692383,-18.84675407409668
2,592829,-73.32077026367188,13.246175765991211,41.306514739990234,2.6235640048980713
2,592829,1.858484148979187,9.53494930267334,-16.001968383789062,5.451788902282715
2,592829,35.24102783203125,-14.827942848205566,-23.46185302734375,-16.946460723876953
2,592829,-28.384666442871094,-20.521474838256836,-2.37576961517334,-6.096056938171387
2,592830,-29.483938217163086,-16.7255859375,2.1177420616149902,23.339067459106445
2,592830,10.017264366149902,32.24488067626953,11.66645622253418,3.2467572689056396
2,592830,-9.98935604095459,27.079858779907227,2.641993999481201,-21.230276107788086
2,592830,-3.9465036392211914,-32.25241470336914,0.14705465734004974,17.492029190063477
2,592830,1.5440778732299805,3.188190460205078,3.390052556991577,31.24608612060547
2,592831,-16.515151977539062,17.608501434326172,-0.7266613245010376,-10.11174201965332
2,592831,19.987098693847656,2.1870310306549072,10.338027954101562,-21.344106674194336
2,592831,30.866209030151367,10.706757545471191,-10.959786415100098,0.31211093068122864
2,592831,-11.120299339294434,-19.602218627929688,-17.125818252563477,-8.968042373657227
2,592831,-20.504207611083984,-24.930740356445312,14.000934600830078,-3.872600793838501
2,592831,-1.3053398132324219,2.4882993698120117,-0.08432808518409729,11.73391342163086
2,592832,9.980961799621582,-2.5142550468444824,-18.43701934814453,-2.0321364402770996
2,592832,6.703616619110107,14.372628211975098,15.804935455322266,-11.209579467773438
2,592832,-10.090497016906738,21.471664428710938,30.183475494384766,-11.870290756225586
2,592832,-5.543894290924072,-20.95334243774414,-21.627639770507812,4.31439208984375
2,592832,-1.9324978590011597,-21.852378845214844,-26.643617630004883,21.490745544433594
2,592832,-7.054207801818848,21.272783279418945,15.4976167678833,20.00894546508789
2,592833,15.516240119934082,19.046510696411133,17.01910400390625,8.519844055175781
2,592833,17.531513214111328,-9.639548301696777,0.6156687140464783,-12.49657917022705
2,592833,-6.473067760467529,-12.821778297424316,-10.881942749023438,-19.947481155395508
2,592833,3.785324811935425,5.127246379852295,12.996889114379883,9.322406768798828
2,592833,-0.18429453670978546,21.787771224975586,2.5394554138183594,5.610932350158691
2,592834,-19.953439712524414,-19.783525466918945,-28.69529151916504,-27.753738403320312
2,592834,4.268125534057617,-32.07693862915039,11.03497314453125,15.798598289489746
2,592834,4.833343982696533,29.39202117919922,17.654159545898438,20.98223876953125
2,592834,-11.258495330810547,26.843910217285156,-3.4696686267852783,-22.94678497314453
2,592834,20.148149490356445,-8.547540664672852,-9.103930473327637,-15.013493537902832
2,592834,7.918363094329834,3.2966949939727783,-10.238693237304688,6.130345344543457
2,592835,-26.571500778198242,-1.466874361038208,23.77126693725586,13.980223655700684
2,592835,16.134910583496094,-13.591429710388184,-7.262269020080566,-6.24387264251709
2,592835,10.606531143188477,-19.230735778808594,-28.119853973388672,6.383835792541504
2,592835,-12.685173034667969,6.004663467407227,19.3165225982666,4.460010528564453
2,592835,-3.140892744064331,28.472862243652344,2.8590874671936035,-17.406280517578125
2,592835,-7.974977016448975,-4.292509078979492,-1.69602632522583,7.603616237640381
2,592836,-2.839627981185913,-19.484786987304688,14.058579444885254,1.9422532320022583
2,592836,-10.424237251281738,-4.607193946838379,-6.817519187927246,-29.452796936035156
2,592836,17.564971923828125,24.345800399780273,-13.114761352539062,-23.931720733642578
2,592836,26.152788162231445,-14.905863761901855,-3.6917271614074707,0.6488851308822632
2,592836,-16.68474578857422,-39.37221145629883,1.8119170665740967,-14.4413480758667
2,592836,-15.21237564086914,21.784143447875977,-1.3693667650222778,-9.344416618347168
2,592837,10.04169750213623,26.333148956298828,-8.979211807250977,7.8411784172058105
2,592837,6.471787929534912,-13.952289581298828,-3.251326084136963,-3.2200310230255127
2,592837,-0.873892068862915,-21.78672218322754,10.496513366699219,23.603818893432617
2,592837,-1.9578580856323242,20.21855926513672,13.331101417541504,28.77124786376953
2,592837,11.55060863494873,33.45701217651367,-1.9967442750930786,9.145966529846191
2,592837,0.21042612195014954,-19.893081665039062,-3.3134524822235107,26.139726638793945
2,592838,-16.764461517333984,-25.901729583740234,-7.491386890411377,15.637856483459473
2,592838,-5.48969841003418,11.701274871826172,-9.86915111541748,-8.403944969177246
2,592838,-9.204751014709473,-1.3414102792739868,21.109487533569336,24.573833465576172
2,592838,16.074872970581055,6.14592170715332,3.4338223934173584,7.87724494934082
2,592838,16.882904052734375,11.545175552368164,-24.263900756835938,-14.983183860778809
2,592838,-23.42894172668457,-20.874116897583008,6.194586277008057,-23.027894973754883
2,592839,-6.0723652839660645,0.15940909087657928,23.627695083618164,-12.272843360900879
2,592839,14.840413093566895,4.57881498336792,-3.8877475261688232,38.04526138305664
2,592839,-8.379919052124023,-7.504161834716797,-17.446311950683594,-7.908332347869873
2,592839,-0.3319754898548126,25.15497398376465,6.6786112785339355,-24.79294776916504
2,592839,4.020068168640137,5.759993076324463,1.2915741205215454,-1.1034460067749023
2,592839,0.749040424823761,-20.547199249267578,-2.6704165935516357,-15.715123176574707
2,592840,11.720719337463379,-1.3773123025894165,12.490403175354004,5.463972568511963
2,592840,-12.024109840393066,-0.5544416308403015,-10.53529167175293,14.597745895385742
2,592840,-3.217167615890503,5.676607608795166,3.1755282878875732,-23.578855514526367
2,592840,22.464550018310547,-0.5095574259757996,0.4336455762386322,-0.6751273274421692
2,592840,-14.022826194763184,2.0868079662323,-5.3400373458862305,22.72618293762207
2,592840,-7.73267936706543,3.501349449157715,3.1399946212768555,-20.11235809326172
2,592841,14.018623352050781,-27.866561889648438,-12.511771202087402,-19.373376846313477
2,592841,-6.917201519012451,12.811875343322754,29.226543426513672,-2.7773029804229736
2,592841,9.551529884338379,43.748538970947266,5.100099086761475,-11.025402069091797
2,592841,4.3594183921813965,-14.394366264343262,-31.739097595214844,21.23760414123535
2,592841,-7.927236557006836,-25.931245803833008,-0.22903414070606232,32.65900421142578
2,592841,2.653386116027832,5.425422668457031,-7.754387855529785,-15.0271577835083
2,592842,-14.89670181274414,9.5579833984375,4.219039440155029,-12.637002944946289
2,592842,-16.866649627685547,-3.1390607357025146,30.45052146911621,9.793606758117676
2,592842,13.42824649810791,-12.392221450805664,-8.195683479309082,-2.606732130050659
2,592842,14.929967880249023,-5.848484039306641,-16.958959579467773,-5.1376423835754395
2,592842,-12.433821678161621,22.010576248168945,21.95879364013672,6.3270416259765625
2,592842,-1.5868737697601318,1.5588074922561646,-5.141521453857422,-14.620553970336914
2,592843,17.649938583374023,-36.59471130371094,-17.840970993041992,1.0666083097457886
2,592844,-1.3692452907562256,9.34715461730957,9.985732078552246,17.84895133972168
2,592844,-9.510666847229004,23.832839965820312,-4.644491195678711,-16.301733016967773
2,592844,-13.942744255065918,-10.051859855651855,-4.939444541931152,5.016567707061768
2,592844,-1.8035178184509277,16.788188934326172,11.65206527709961,13.651654243469238
2,592845,11.353221893310547,6.033025741577148,0.15508083999156952,-3.2802069187164307
2,592845,-4.589458465576172,-31.50548553466797,-14.902290344238281,6.58536434173584
2,592845,10.60489273071289,-3.1862952709198,7.829744815826416,-14.55129337310791
2,592845,10.143183708190918,7.358142375946045,2.7254951000213623,-6.834591388702393
2,592846,-13.175424575805664,-12.967233657836914,-17.97066307067871,26.501039505004883
2,592848,-5.932106971740723,-4.318098545074463,10.952506065368652,-0.8723081946372986
2,592850,-7.369164943695068,30.708547592163086,21.62177848815918,1.6509349346160889
2,592852,-4.5926713943481445,30.13828468322754,19.653947830200195,8.188486099243164
2,592855,2.368445873260498,-14.927268981933594,-8.376775741577148,21.576566696166992
2,592856,4.167303085327148,-20.469524383544922,-18.869863510131836,-9.362116813659668
2,592859,14.572364807128906,1.1357210874557495,12.479050636291504,-61.73480224609375
2,592860,-0.47955870628356934,-7.174715518951416,-4.526332855224609,18.45634651184082
2,592863,21.220455169677734,10.548108100891113,-15.855315208435059,19.473709106445312
2,592864,-5.674948215484619,-5.036589622497559,-7.216726779937744,-33.095638275146484
2,592865,-42.66382598876953,-12.408637046813965,-1.9016271829605103,15.768016815185547
2,592868,32.433746337890625,33.47887420654297,18.34923553466797,36.8291015625
2,592869,13.649738311767578,-1.319015383720398,-8.243607521057129,-38.8179931640625
2,592872,-27.743200302124023,-8.044559478759766,-9.4736328125,-36.38677215576172
2,592873,19.087390899658203,-7.183765411376953,15.837343215942383,65.48224639892578
2,592876,-8.120909690856934,-33.19072341918945,0.7506886720657349,37.712432861328125
2,592877,-22.858545303344727,11.944634437561035,-2.552490472793579,-69.55048370361328
2,592880,16.685150146484375,32.29130935668945,8.317447662353516,-14.474433898925781
2,592881,12.9679536819458,-8.047212600708008,6.762460708618164,89.10115814208984
2,592884,-10.522951126098633,-34.204471588134766,-31.316320419311523,-35.307491302490234
2,592885,-27.258392333984375,-12.18033504486084,-26.56034278869629,-115.20648956298828
2,592888,3.6748013496398926,21.954532623291016,18.15203094482422,15.995735168457031
2,592889,24.200035095214844,24.62914276123047,28.894445419311523,83.5633544921875
2,592892,8.04128646850586,22.444852828979492,11.516687393188477,18.1596622467041
2,592893,-8.165952682495117,20.713333129882812,-13.709270477294922,-25.192893981933594
2,592896,-7.748945713043213,-44.142303466796875,-19.832489013671875,-19.495153427124023
2,593072,-13.080260276794434,-36.01460647583008,10.679030418395996,-11.905567169189453
2,593072,4.01124382019043,35.34625244140625,17.020721435546875,29.26963996887207
2,593072,30.66450309753418,3.7001662254333496,-9.191444396972656,22.041013717651367
2,593073,-16.115516662597656,-19.090591430664062,-3.8884117603302,13.88110637664795
2,593073,-11.431379318237305,19.577831268310547,21.99612808227539,-14.278907775878906
2,593073,24.511470794677734,9.733098983764648,9.566266059875488,-32.156578063964844
2,593073,-9.832955360412598,-31.04714584350586,-20.013017654418945,21.759902954101562
2,593073,-11.555193901062012,-11.817941665649414,-19.0025691986084,-4.198777198791504
2,593073,26.64056968688965,15.79921817779541,-4.675623893737793,-28.42397117614746
2,593074,-7.580240726470947,4.57998514175415,18.755413055419922,11.70499038696289
2,593074,-31.77638816833496,9.935906410217285,7.002623558044434,16.803709030151367
2,593074,18.589065551757812,4.794682025909424,-17.922306060791016,-15.6985502243042
2,593074,19.29315185546875,-21.444904327392578,-7.771478652954102,-6.621289253234863
2,593074,-10.643065452575684,13.019688606262207,4.3496222496032715,25.979572296142578
2,593074,1.5928219556808472,25.322019577026367,4.80747127532959,-1.3370556831359863
2,593075,4.865299701690674,-29.001802444458008,3.4560916423797607,-14.340169906616211
2,593075,-28.191144943237305,-19.945255279541016,-3.8569207191467285,10.093573570251465
2,593075,-11.8344144821167,8.30337142944336,-7.261340141296387,2.0257818698883057
2,593075,23.066696166992188,-7.732415199279785,-3.8849589824676514,-9.568535804748535
2,593075,14.689461708068848,9.708117485046387,12.685934066772461,-10.690031051635742
2,593076,-1.4768705368041992,8.284743309020996,0.16120101511478424,-9.087007522583008
2,593076,-22.24799919128418,-13.209211349487305,-15.297850608825684,20.416645050048828
2,593076,-11.802458763122559,12.624309539794922,16.773420333862305,25.784194946289062
2,593076,16.014175415039062,16.02680206298828,16.125598907470703,-18.285194396972656
2,593076,16.053096771240234,0.6861166954040527,-7.271641254425049,-31.565547943115234
2,593076,-3.329404830932617,-5.970477104187012,3.160978078842163,3.614788770675659
2,593077,-2.5586140155792236,-28.310026168823242,4.856584072113037,21.900489807128906
2,593077,9.628194808959961,-8.650251388549805,-14.349135398864746,2.0745270252227783
2,593077,-1.5282073020935059,30.75354766845703,-2.9169740676879883,-11.352109909057617
2,593077,6.737302303314209,9.03426742553711,12.809802055358887,2.1311392784118652
2,593077,6.814466953277588,-14.089120864868164,1.5397075414657593,8.484692573547363
2,593077,-12.684489250183105,11.722017288208008,-23.300212860107422,-5.963040351867676
2,593078,-18.127216339111328,12.012716293334961,-3.8166606426239014,-7.312044620513916
2,593078,-16.041240692138672,-17.45488166809082,26.89356803894043,5.071878910064697
2,593078,14.281044006347656,-2.966745376586914,1.2765321731567383,9.339569091796875
2,593078,33.82737731933594,9.720345497131348,-14.841583251953125,-11.865195274353027
2,593078,-6.787609577178955,-8.732710838317871,-9.671096801757812,-0.9304407835006714
2,593078,-30.97693634033203,-4.466740608215332,5.046840667724609,13.46377944946289
2,593079,8.047012329101562,13.00683307647705,5.8218183517456055,-24.28030014038086
2,593079,16.67572784423828,-0.538722813129425,-23.533676147460938,-17.536062240600586
2,593079,-6.766443729400635,-19.462610244750977,1.5814989805221558,29.514123916625977
2,593079,0.8006768226623535,-12.064391136169434,28.49407958984375,19.973190307617188
2,593079,8.02127456665039,19.789541244506836,-4.393056869506836,3.0860631465911865
2,593079,-26.12398910522461,3.1889472007751465,-6.17673921585083,17.309314727783203
2,593080,-9.474198341369629,-27.969257354736328,11.367278099060059,-20.78785514831543
2,593080,33.53152084350586,7.47899866104126,-10.080719947814941,-29.147958755493164
2,593080,-12.887057304382324,17.87935447692871,-22.569875717163086,21.200481414794922
2,593080,-25.617151260375977,-1.6127562522888184,28.645906448364258,24.359819412231445
2,593080,21.717662811279297,8.164375305175781,27.00571632385254,-25.0262393951416
2,593080,25.0413761138916,14.104486465454102,-26.870838165283203,-29.13699722290039
2,593081,2.9275031089782715,-11.99793815612793,-11.751712799072266,20.361480712890625
2,593081,-13.395466804504395,-13.493124008178711,4.8522748947143555,12.082852363586426
2,593081,-4.129406929016113,12.953300476074219,5.136918067932129,-13.573229789733887
2,593081,10.97368049621582,11.803353309631348,8.482110977172852,-5.582496643066406
2,593081,-3.9979565143585205,-1.9598619937896729,0.8531601428985596,11.044591903686523
2,593082,2.485232353210449,-7.085015296936035,-4.507343292236328,9.158283233642578
2,593082,5.710199356079102,-16.935792922973633,-8.182229042053223,-0.3928486108779907
2,593082,-26.86907196044922,-0.586201012134552,-4.7055439949035645,-5.512467861175537
2,593082,-9.05219841003418,10.676599502563477,4.169034481048584,1.170993685722351
2,593082,19.928613662719727,-8.886650085449219,0.09728039801120758,1.95351243019104
2,593082,-7.361447811126709,-15.926607131958008,-10.40479564666748,-12.798255920410156
2,593083,-24.204572677612305,-2.7681145668029785,-0.9219180345535278,17.660430908203125
2,593083,23.542720794677734,18.020523071289062,2.0468297004699707,14.297205924987793
2,593083,34.89741897583008,10.853172302246094,-7.1554274559021,-23.888410568237305
2,593083,-21.637065887451172,-14.239609718322754,2.4747397899627686,-8.422616958618164
2,593083,-16.03112030029297,-18.941274642944336,13.766701698303223,8.514135360717773
2,593083,8.260517120361328,11.306160926818848,0.8077276349067688,2.17014741897583
2,593084,8.34737491607666,22.56731414794922,-14.586727142333984,-2.6732943058013916
2,593084,3.835339069366455,-9.284407615661621,3.997365713119507,5.440625190734863
2,593084,-7.757456302642822,-6.157310962677002,21.878103256225586,-13.754199981689453
2,593084,-2.000302314758301,19.179302215576172,4.995555877685547,-8.983460426330566
2,593084,-9.210341453552246,13.825606346130371,-4.002923488616943,16.37789535522461
2,593084,-1.6271272897720337,-1.9229199886322021,-10.732046127319336,-16.061424255371094
2,593085,4.6203742027282715,-10.145703315734863,-2.7671263217926025,4.31611442565918
2,593085,-0.917431116104126,-3.958850145339966,10.595928192138672,25.941205978393555
2,593085,1.0535167455673218,-3.3352396488189697,-5.1197333335876465,-22.63888931274414
2,593085,-8.930994033813477,-10.032833099365234,-13.457008361816406,-15.833698272705078
2,593085,-3.7193522453308105,-16.82600975036621,2.473827600479126,8.12027359008789
2,593085,-0.004433643072843552,14.403854370117188,21.791845321655273,1.6252307891845703
2,593086,12.410552978515625,16.15858268737793,-0.510054886341095,-27.052513122558594
2,593086,11.05664348602295,-29.547439575195312,-15.46359920501709,-10.248499870300293
2,593086,-23.165889739990234,3.017637252807617,5.818819999694824,36.49742889404297
2,593086,-8.383260726928711,35.51176071166992,-7.490991115570068,-13.77101993560791
2,593086,25.73231315612793,-17.645416259765625,-16.880434036254883,-16.79988670349121
2,593086,-1.8548710346221924,-33.77139663696289,18.75042724609375,38.781803131103516
2,593087,-15.915617942810059,39.250755310058594,20.470020294189453,2.1902482509613037
2,593087,27.250486373901367,22.641939163208008,-6.679000377655029,-12.10554313659668
2,593087,20.962657928466797,-20.60651969909668,-16.17278289794922,26.796348571777344
2,593088,-24.91446304321289,13.495105743408203,7.270149230957031,25.274948120117188
2,593088,-6.753076553344727,0.20679786801338196,24.577293395996094,-6.149637699127197
2,593089,17.919580459594727,-20.902788162231445,-15.9621000289917,-19.57491111755371
2,593089,-12.06737995147705,-5.665268898010254,-15.875954627990723,8.076473236083984
2,593089,-19.117088317871094,20.847169876098633,18.613597869873047,2.1514925956726074
2,593089,6.009216785430908,24.51346206665039,-7.203983783721924,-13.106778144836426
2,593089,7.713895320892334,-6.374882698059082,-17.151378631591797,-3.6764895915985107
2,593089,-1.1653776168823242,-31.32415771484375,12.527961730957031,2.5515899658203125
2,593091,-5.057626247406006,-16.857627868652344,-6.064395427703857,40.586856842041016
2,593092,3.181772470474243,25.92562484741211,-12.420559883117676,28.798324584960938
2,593093,1.545559048652649,0.9661887884140015,23.337078094482422,-15.071748733520508
2,593096,-4.5595703125,-30.29863739013672,9.960844039916992,-18.41916847229004
2,593098,18.308574676513672,11.015578269958496,-13.58547306060791,-35.2868766784668
2,593100,-5.860230445861816,-1.928944706916809,7.780359745025635,-24.168781280517578
2,593102,-13.609889030456543,-12.981623649597168,-15.19621467590332,13.88362979888916
2,593104,18.136062622070312,24.511371612548828,-28.352649688720703,10.132306098937988
2,593106,-13.01174259185791,7.402976989746094,34.56264114379883,-31.36449432373047
2,593108,-5.921679496765137,-7.583571910858154,18.053789138793945,-5.171983242034912
2,593110,11.438454627990723,-0.024778934195637703,-27.662200927734375,28.546878814697266
2,593112,-12.444028854370117,-3.355257749557495,-1.0757921934127808,-6.184779167175293
2,593114,-3.957162618637085,7.935723781585693,12.335177421569824,-4.724668979644775
2,593116,-12.188557624816895,-12.94709300994873,-15.473233222961426,37.441986083984375
2,593118,3.1429731845855713,6.317605495452881,5.9536871910095215,-16.59800148010254
2,593120,34.374420166015625,44.03884506225586,24.092863082885742,-52.38617706298828
2,593122,5.238992691040039,-24.97191047668457,-29.843252182006836,39.74201202392578
2,593124,-2.9246981143951416,-41.77898025512695,-15.324301719665527,11.177777290344238
2,593126,11.362439155578613,8.004377365112305,34.81196594238281,-34.25011444091797
2,593128,-12.152799606323242,23.36372947692871,4.484070301055908,31.272686004638672
2,593130,-29.422405242919922,-8.101594924926758,-26.874052047729492,33.69605255126953
2,593132,1.0251227617263794,-8.86706829071045,17.547740936279297,-54.81000900268555
2,593134,2.447035551071167,26.50986671447754,14.867300033569336,-25.169490814208984
2,593137,-7.666637420654297,-4.450793743133545,-22.476720809936523,82.83848571777344
2,593138,6.131911277770996,-25.014999389648438,-7.36226749420166,-27.940284729003906
2,593141,2.1358799934387207,6.5137152671813965,15.055152893066406,-76.0894775390625
2,593142,12.261685371398926,15.304372787475586,6.805793762207031,73.10305786132812
3,594834,-3.6556196212768555,1.538561463356018,2.601208448410034,43.53117370605469
3,594835,-11.417322158813477,-6.047720432281494,11.655250549316406,-35.09962844848633
3,594838,30.008634567260742,-14.092256546020508,-24.678443908691406,-16.046268463134766
3,594839,9.047931671142578,-18.383094787597656,-27.395587921142578,-10.554327964782715
3,594842,-27.455955505371094,9.889928817749023,3.1694235801696777,6.831878185272217
3,594843,13.616850852966309,24.020164489746094,8.741509437561035,-0.4293389618396759
3,594849,13.900590896606445,-8.674407958984375,8.920446395874023,-12.261056900024414
3,594850,-26.648433685302734,-18.696128845214844,20.431501388549805,22.032577514648438
3,594850,-11.923473358154297,18.30853843688965,-2.386962652206421,19.833375930786133
3,594852,-0.41639676690101624,22.040754318237305,-14.176342010498047,-5.738205909729004
3,594854,-7.360752582550049,-20.7213134765625,21.259519577026367,-0.8872085809707642
3,594857,5.262033462524414,-2.713318347930908,7.718964576721191,-18.537460327148438
3,594858,12.553203582763672,27.063575744628906,-9.194049835205078,-5.034639835357666
3,594861,3.4303970336914062,-4.516805171966553,-13.826093673706055,-5.7254157066345215
3,594862,6.179996967315674,-28.850738525390625,-39.80341339111328,-38.994998931884766
3,594865,-2.3212363719940186,-9.992927551269531,-2.7435193061828613,20.335954666137695
3,594866,-6.384982585906982,21.048044204711914,42.01338577270508,25.47614288330078
3,594869,9.14727783203125,19.16887664794922,23.548446655273438,3.0551726818084717
3,594870,-7.87783670425415,-19.454296112060547,-8.582449913024902,23.91501235961914
3,594873,0.11543155461549759,-0.16586296260356903,-16.498849868774414,14.248720169067383
3,594891,10.125670433044434,29.777864456176758,6.951058387756348,-16.862531661987305
3,594891,-4.6415629386901855,-18.495479583740234,-1.2690027952194214,-41.99072265625
3,594892,-2.3259518146514893,-31.828033447265625,-18.61992073059082,12.674031257629395
3,594892,-23.774383544921875,19.130367279052734,15.483063697814941,33.487728118896484
3,594892,-3.872267246246338,26.21571922302246,20.954715728759766,-21.758569717407227
3,594892,27.037132263183594,-17.462303161621094,-22.237876892089844,-7.300802230834961
3,594892,6.698647499084473,-23.50739288330078,-1.0961318016052246,10.324686050415039
3,594893,-2.097921371459961,8.780715942382812,20.081268310546875,-30.170896530151367
3,594893,-9.84269905090332,3.455387592315674,-25.918651580810547,-0.028225064277648926
3,594893,-4.415917873382568,1.5136334896087646,-12.936796188354492,10.961431503295898
3,594894,9.027454376220703,21.13706398010254,29.398622512817383,-13.936240196228027
3,594895,2.2584218978881836,-14.018843650817871,7.229030609130859,28.98819351196289
3,594898,2.752995014190674,-14.738009452819824,-27.263051986694336,37.76333236694336
3,594899,0.3038002848625183,7.836828231811523,-15.012347221374512,-19.929887771606445
3,594902,-10.705914497375488,-12.106644630432129,-3.9875290393829346,-50.448463439941406
3,594903,-1.646220326423645,-5.2741379737854,2.621894121170044,0.6866135001182556
3,594906,15.517977714538574,4.04863977432251,28.595348358154297,48.72098922729492
3,594907,-6.306344032287598,11.41359806060791,-0.3640909492969513,-7.889822959899902
3,594910,-14.671345710754395,1.6865731477737427,-28.30425453186035,-19.20442008972168
3,594911,24.00119972229004,-8.193854331970215,4.645845413208008,37.74773025512695
3,594914,-3.634615659713745,-1.454724907875061,27.924293518066406,14.412459373474121
3,594915,-27.542957305908203,25.339481353759766,7.655097961425781,-34.5340461730957
3,594918,24.94788360595703,27.322284698486328,-2.5636653900146484,-43.55567932128906
3,594950,19.705581665039062,-32.33952713012695,6.622594833374023,6.330611705780029
3,594951,-17.03057289123535,-11.149727821350098,1.5412724018096924,44.788333892822266
3,594951,-23.701168060302734,31.493669509887695,-3.9303579330444336,13.665651321411133
3,594951,6.301288604736328,-1.619336485862732,12.86729621887207,-17.3760986328125
3,594951,32.75553894042969,-19.694801330566406,-2.4937145709991455,-9.823318481445312
3,594951,-18.228492736816406,7.278910160064697,-35.50127410888672,2.905672788619995
3,594951,-31.645849227905273,-4.245511531829834,0.08392025530338287,-1.3677103519439697
3,594952,10.311968803405762,-36.868858337402344,8.31028938293457,8.72630500793457
3,594952,-1.3241002559661865,-12.79842472076416,-10.52353572845459,12.438028335571289
3,594952,-5.8462138175964355,31.940406799316406,17.64192008972168,-11.813257217407227
3,594952,20.403717041015625,20.721900939941406,14.61107349395752,-17.713333129882812
3,594952,6.444243431091309,-9.969593048095703,-23.034423828125,-1.1349843740463257
3,594952,-16.815017700195312,3.5734236240386963,-18.968368530273438,-4.572538375854492
3,594953,-0.23000748455524445,-4.51241397857666,18.311721801757812,-31.26487159729004
3,594953,18.449108123779297,-16.668121337890625,5.714608669281006,9.033124923706055
3,594953,5.523352146148682,-1.071354866027832,-13.087404251098633,28.72478485107422
3,594954,-25.827686309814453,-1.1397676467895508,-9.401813507080078,-26.24945640563965
3,594954,-4.014702320098877,1.5622177124023438,-13.156645774841309,-25.49727439880371
3,594956,35.292091369628906,10.816359519958496,20.35478401184082,18.3015079498291
3,594959,6.693137168884277,8.122282981872559,16.49677085876465,39.83842468261719
3,594960,-12.77679443359375,-10.126326560974121,-27.20880889892578,-1.0984545946121216
3,594963,-0.09729982167482376,1.6072441339492798,11.37531566619873,-14.683384895324707
3,594964,-3.7676093578338623,17.156408309936523,18.874422073364258,-0.5037277936935425
3,594967,-3.9272780418395996,-15.600846290588379,-19.38602066040039,-3.615077257156372
3,594968,-11.459525108337402,-7.229640483856201,8.40328598022461,25.927391052246094
3,594971,3.3444061279296875,23.141674041748047,3.526883602142334,30.161441802978516
3,594972,13.079360961914062,8.7024507522583,2.3853724002838135,-3.337451696395874
3,594975,-21.631885528564453,-21.160642623901367,10.0438871383667,-38.4957160949707
3,594976,2.5470991134643555,11.202256202697754,6.275606155395508,-24.324758529663086
3,594977,9.451837539672852,10.650267601013184,8.32610034942627,25.16581153869629
3,594980,-1.5660401582717896,-31.792240142822266,-22.63149070739746,14.955297470092773
3,595025,15.359661102294922,-9.349921226501465,-19.140995025634766,-5.994194984436035
3,595025,1.0830090045928955,-5.879762649536133,-10.849853515625,-5.800221920013428
3,595025,-10.855963706970215,0.643691897392273,3.6272692680358887,-9.167399406433105
3,595026,-7.066585063934326,1.5929914712905884,25.29285430908203,12.126178741455078
3,595026,6.1350483894348145,3.7689743041992188,-14.758012771606445,10.80835247039795
3,595026,2.8726017475128174,24.159957885742188,-13.30984115600586,-16.408357620239258
3,595026,-3.6190712451934814,-9.008441925048828,20.2877197265625,-8.082942962646484
3,595026,-0.2591027319431305,-7.761662006378174,8.798670768737793,8.577167510986328
3,595026,4.126251697540283,23.546138763427734,-0.8998956680297852,-8.697532653808594
3,595027,-7.8826189041137695,-16.10010528564453,1.937362551689148,13.228638648986816
3,595027,-5.777861595153809,2.7970902919769287,10.496782302856445,13.253690719604492
3,595027,15.11646556854248,38.807373046875,-7.998419761657715,-26.358179092407227
3,595027,-4.834043979644775,-15.768392562866211,-15.70813274383545,5.859114646911621
3,595027,-1.8630162477493286,-9.815546035766602,9.431879043579102,4.872523307800293
3,595028,5.05029821395874,15.726659774780273,2.7497222423553467,-23.31459617614746
3,595028,-15.16341495513916,-26.242433547973633,-13.320520401000977,0.6798787713050842
3,595028,-10.10423755645752,-12.25307559967041,12.413249015808105,35.04730987548828
3,595028,10.000161170959473,9.218292236328125,12.945133209228516,-7.7477288246154785
3,595028,13.36444091796875,-2.675381660461426,-12.359404563903809,-49.36488342285156
3,595028,-14.71862506866455,7.068276405334473,2.642327308654785,21.031757354736328
3,595029,-12.749520301818848,-8.663165092468262,11.155801773071289,45.680233001708984
3,595029,12.628459930419922,7.194155216217041,12.22638988494873,3.365569591522217
3,595030,18.026227951049805,13.15848445892334,-6.879577159881592,-17.071834564208984
3,595030,6.108914852142334,-17.186786651611328,-34.02104568481445,-7.876911163330078
3,595030,-16.145732879638672,3.5227510929107666,-4.367649555206299,6.711410999298096
3,595032,-4.308112621307373,20.938634872436523,27.525541305541992,-11.793169975280762
3,595034,13.139969825744629,0.1587684005498886,-7.161003112792969,0.5114196538925171
3,595036,-0.36589643359184265,-25.359567642211914,-29.730545043945312,20.585535049438477
3,595038,0.879429042339325,-11.706300735473633,-5.7667436599731445,-18.068021774291992
3,595040,9.97988510131836,4.384121894836426,-1.490784764289856,-26.83191680908203
3,595042,-0.28255611658096313,8.93764591217041,15.778569221496582,1.2053768634796143
3,595044,-17.236251831054688,-0.43279871344566345,16.868183135986328,13.659689903259277
3,595046,-6.0387043952941895,-25.50701141357422,5.589637279510498,2.391892910003662
3,595048,11.34659481048584,19.805004119873047,2.8959197998046875,6.959158897399902
3,595051,-1.739610195159912,15.252073287963867,-23.166872024536133,22.525794982910156
3,595052,5.301904678344727,-14.833171844482422,23.35641860961914,-3.1718316078186035
3,595055,8.359203338623047,18.538555145263672,30.266159057617188,-10.465853691101074
3,595056,-10.049057006835938,4.734960556030273,-29.44640350341797,-20.227598190307617
3,595059,-17.733661651611328,-13.175000190734863,-0.39617764949798584,-3.039529323577881
3,595115,-13.377054214477539,-10.342960357666016,1.6616629362106323,49.7663459777832
3,595116,5.114931583404541,6.065040588378906,-5.27074670791626,8.629508018493652
3,595116,2.2060701847076416,17.987043380737305,9.213801383972168,-29.78973960876465
3,595116,14.303308486938477,-3.216179370880127,-21.7874698638916,-11.137120246887207
3,595116,7.782547950744629,-19.643156051635742,-7.556230068206787,-0.4180222153663635
3,595116,-1.6176908016204834,-0.914530873298645,14.765429496765137,7.261377811431885
3,595116,25.16455841064453,13.166608810424805,-0.6951503753662109,-14.653712272644043
3,595117,-18.357830047607422,-13.822125434875488,-16.85151481628418,-7.735834121704102
3,595117,-15.337128639221191,-4.667638778686523,-21.100879669189453,8.707258224487305
3,595117,11.311583518981934,16.83333396911621,11.979011535644531,10.841289520263672
3,595117,-19.651187896728516,18.56736183166504,23.954328536987305,9.118012428283691
3,595117,15.007587432861328,-12.32176685333252,4.659958362579346,-25.672040939331055
3,595117,13.359517097473145,-33.384037017822266,-8.101358413696289,-17.757003784179688
3,595118,-12.578598976135254,13.244827270507812,-8.000093460083008,5.911498069763184
3,595118,6.539498329162598,19.506181716918945,16.503984451293945,-6.526920795440674
3,595118,-9.658598899841309,-13.237168312072754,4.683297157287598,-3.541283369064331
3,595118,-4.980097770690918,-17.44402313232422,-12.303060531616211,22.32579231262207
3,595118,11.35010051727295,14.60529899597168,11.300314903259277,12.110368728637695
3,595118,-6.161438941955566,-4.238494396209717,5.2626953125,-23.790565490722656
3,595119,-10.510897636413574,-6.469050407409668,-10.234519004821777,-10.416143417358398
3,595119,15.567002296447754,23.969144821166992,6.927009582519531,29.45214080810547
3,595119,18.017208099365234,-6.693562984466553,-0.3740377724170685,3.8894383907318115
3,595119,-22.196908950805664,6.940543174743652,-23.189842224121094,-7.5620551109313965
3,595119,-13.455597877502441,10.000737190246582,3.5828161239624023,10.388877868652344
3,595119,15.249479293823242,-18.651660919189453,22.4571590423584,-10.784224510192871
3,595120,-2.4214112758636475,-2.8310065269470215,-5.825422286987305,21.20351791381836
3,595120,-4.703691005706787,1.999464511871338,-13.450663566589355,6.622058391571045
3,595120,7.910693168640137,-0.5688812732696533,4.853749752044678,-29.894262313842773
3,595120,-1.8147655725479126,-5.859689712524414,-7.174678325653076,12.853586196899414
3,595121,8.454360008239746,-0.059149350970983505,3.902524948120117,21.51363182067871
3,595122,25.581212997436523,16.739591598510742,4.931473255157471,-13.865654945373535
3,595122,-18.681779861450195,-5.767940044403076,-10.534250259399414,-16.03224754333496
3,595125,-22.573474884033203,4.539432525634766,34.82769012451172,11.837239265441895
3,595126,15.895757675170898,17.74418067932129,19.38032341003418,12.445783615112305
3,595129,-13.606853485107422,-28.60112953186035,-52.77900695800781,2.8369176387786865
3,595130,-17.264495849609375,-4.810946941375732,-2.146239757537842,-16.109987258911133
3,595133,27.38838768005371,40.556915283203125,57.36180877685547,-4.397970676422119
3,595134,5.597055435180664,-9.827022552490234,-22.625499725341797,22.910171508789062
3,595137,-24.84756088256836,1.0973352193832397,-43.345767974853516,-17.032268524169922
3,595138,0.3145579993724823,-7.371328353881836,9.79712963104248,-35.673377990722656
3,595141,14.521617889404297,-53.799415588378906,3.8839612007141113,15.41518783569336
3,595142,0.283323734998703,14.1284761428833,-8.187780380249023,6.6441731452941895
3,595143,5.1971354484558105,9.666497230529785,-14.35405158996582,-29.00473976135254
3,595146,4.478437900543213,0.7329245805740356,7.401146411895752,19.781028747558594
3,595147,-30.32884979248047,18.38173484802246,46.92148208618164,38.77645492553711
3,595150,9.624743461608887,-6.291522026062012,14.639321327209473,0.2516748607158661
3,595151,32.68129348754883,25.259523391723633,-25.238534927368164,-22.94806480407715
3,595222,-32.193939208984375,-28.768531799316406,-39.11450958251953,-22.52981185913086
3,595222,-19.513256072998047,-44.54670715332031,-16.87392807006836,2.9510324001312256
3,595223,35.62641143798828,46.87459945678711,26.96796226501465,-8.22581672668457
3,595223,-0.2738664746284485,5.972733497619629,13.091486930847168,13.939064025878906
3,595223,-31.864089965820312,-25.52909278869629,-3.315032958984375,33.5872802734375
3,595223,7.738306999206543,26.266130447387695,11.55217456817627,-17.882122039794922
3,595223,31.94620132446289,18.90105438232422,5.684555530548096,-19.63772964477539
3,595224,12.587515830993652,-20.451143264770508,-23.9953670501709,8.920408248901367
3,595224,-17.17852020263672,-20.103229522705078,-6.168128967285156,12.200563430786133
3,595224,-6.0234880447387695,20.046207427978516,20.097335815429688,-1.8233850002288818
3,595224,17.097383499145508,23.446155548095703,8.894265174865723,-7.89546012878418
3,595224,-2.225023031234741,-3.8895492553710938,4.321475982666016,13.72136116027832
3,595224,-20.816194534301758,-9.425261497497559,16.380157470703125,40.08244705200195
3,595225,1.5867007970809937,13.635442733764648,9.545015335083008,-2.7860734462738037
3,595225,9.930926322937012,4.367435932159424,-20.443334579467773,-45.7564582824707
3,595225,-11.835701942443848,-20.30358123779297,-16.10328483581543,-11.03414249420166
3,595225,-14.340023040771484,6.339964866638184,1.2765882015228271,5.132509231567383
3,595225,2.7672793865203857,-3.9447739124298096,-9.636720657348633,-3.820310592651367
3,595225,11.33382511138916,-27.21791648864746,-7.932984352111816,3.1646761894226074
3,595226,13.452540397644043,-6.332547664642334,10.460600852966309,8.88801097869873
3,595226,1.9064396619796753,6.843099117279053,6.639265060424805,-4.086491107940674
3,595226,-4.3359575271606445,13.303389549255371,-7.6062188148498535,-18.2036190032959
3,595226,-17.740825653076172,0.4801737070083618,-14.04417896270752,10.403373718261719
3,595226,-21.876461029052734,-17.293928146362305,-0.03901262208819389,20.542062759399414
3,595226,13.686076164245605,7.211952209472656,21.02744483947754,-5.381812572479248
3,595227,25.692989349365234,9.729198455810547,1.803005337715149,-12.223998069763184
3,595227,3.0334627628326416,-18.661540985107422,-18.634456634521484,-2.530824899673462
3,595227,-24.117538452148438,-12.668013572692871,-2.6074461936950684,16.591064453125
3,595227,-3.569016218185425,28.26204490661621,2.8684003353118896,-12.813081741333008
3,595227,24.683170318603516,35.014156341552734,-7.843616485595703,-22.07063865661621
3,595227,-4.558888912200928,-26.8258056640625,13.581439018249512,30.754941940307617
3,595228,-3.2850914001464844,-24.450613021850586,21.688138961791992,20.053150177001953
3,595228,21.837343215942383,17.506500244140625,-3.206413984298706,-4.8092451095581055
3,595228,-8.733222007751465,18.16527557373047,10.939309120178223,-16.362009048461914
3,595228,-6.356555461883545,1.298646092414856,-10.516496658325195,-23.87326431274414
3,595229,2.5934486389160156,-1.0928605794906616,-18.238536834716797,27.00848960876465
3,595230,-23.451129913330078,9.119614601135254,24.71489715576172,12.659939765930176
3,595230,-1.559388518333435,-22.07387924194336,-2.6600258350372314,-12.691590309143066
3,595230,26.71788787841797,-1.8795075416564941,-12.01653003692627,27.074230194091797
3,595231,-7.234014511108398,11.60013198852539,18.166400909423828,12.204330444335938
3,595234,-34.1901969909668,-1.5812056064605713,3.385077953338623,-42.00533676147461
3,595235,1.3938300609588623,-4.877997398376465,-18.95107650756836,-46.55689239501953
3,595238,31.816532135009766,-12.048288345336914,-19.59119987487793,10.701401710510254
3,595239,13.651115417480469,-6.922497749328613,0.94883793592453,49.55000686645508
3,595242,-7.579136848449707,-12.854022979736328,-8.660500526428223,0.6775593757629395
3,595243,-8.845942497253418,5.542662620544434,-18.216114044189453,-31.568931579589844
3,595246,-11.725947380065918,4.277827262878418,24.641263961791992,20.039186477661133
3,595247,27.913007736206055,12.818681716918945,19.314109802246094,-8.778602600097656
3,595250,6.46941614151001,4.438670635223389,-6.969249725341797,-26.16604995727539
3,595251,-55.21786880493164,3.3145720958709717,-12.058953285217285,24.24554443359375
3,595254,-14.750229835510254,28.50584602355957,17.76136589050293,17.502126693725586
3,595256,24.48116111755371,-31.336151123046875,33.64426040649414,5.841434478759766
3,595258,42.66083526611328,-10.051352500915527,-34.90076446533203,-21.67360496520996
3,595260,46.649559020996094,-7.126969337463379,-50.420562744140625,-34.63290023803711
3,595341,-41.971500396728516,-25.91806983947754,26.82591438293457,7.567925453186035
3,595341,-61.307613372802734,53.85477828979492,42.9498176574707,39.42021179199219
3,595341,42.15830612182617,2.2294211387634277,-24.19736099243164,11.50593090057373
3,595341,21.60993003845215,-26.079883575439453,-10.993426322937012,-31.071630477905273
3,595342,-20.77071189880371,-6.021749496459961,14.218301773071289,6.072506427764893
3,595342,7.509363651275635,-2.231034278869629,-14.961749076843262,32.61198425292969
3,595342,-6.741029262542725,32.873714447021484,-2.3579535484313965,-17.375085830688477
3,595342,0.9549765586853027,-4.683760166168213,24.26101303100586,-18.683181762695312
3,595342,13.940152168273926,-18.20546531677246,5.31335973739624,12.102899551391602
3,595342,-31.39653968811035,12.897418022155762,-17.79859161376953,-0.3812897205352783
3,595343,-37.1521110534668,6.267986297607422,8.651103019714355,-12.391745567321777
3,595343,39.78080368041992,8.718062400817871,-2.2830281257629395,-10.247991561889648
3,595343,24.662109375,-5.733684062957764,-19.930042266845703,5.934080600738525
3,595343,-32.61155700683594,-40.76551055908203,11.658251762390137,0.4836110472679138
3,595343,1.1443743705749512,-0.15957419574260712,6.497172832489014,-14.822648048400879
3,595344,29.82160186767578,29.211654663085938,-5.181301593780518,8.466211318969727
3,595344,2.700599431991577,-11.62796688079834,-3.3946897983551025,14.228570938110352
3,595344,-32.509185791015625,-4.156788349151611,3.0262973308563232,6.633516788482666
3,595344,-11.064077377319336,25.824880599975586,13.820979118347168,9.02338695526123
3,595344,9.114314079284668,3.185133457183838,-4.489724636077881,6.756096363067627
3,595344,5.104583740234375,-11.437862396240234,-4.2242655754089355,-5.055068492889404
3,595345,3.879364490509033,3.7736196517944336,20.46563148498535,-0.2201082706451416
3,595345,11.953487396240234,6.624380588531494,11.796158790588379,-6.601739406585693
3,595345,15.927562713623047,-0.16690637171268463,-33.031734466552734,-16.47182846069336
3,595345,-20.278133392333984,-0.33383092284202576,-1.7294204235076904,16.157514572143555
3,595345,-11.933311462402344,1.7020963430404663,18.286212921142578,11.12517261505127
3,595345,16.544721603393555,3.1061408519744873,-19.878000259399414,-10.92821979522705
3,595346,-7.422703266143799,-5.709377288818359,6.500001430511475,-7.3547258377075195
3,595346,3.541260242462158,3.831848621368408,-2.580609083175659,3.2164697647094727
3,595346,-1.8992630243301392,-1.5165551900863647,-3.510087490081787,1.4072437286376953
3,595346,-25.943309783935547,-25.049711227416992,25.123340606689453,-5.601052761077881
3,595346,18.408241271972656,1.2742305994033813,-3.5123050212860107,15.440771102905273
3,595346,17.419267654418945,28.579687118530273,-16.147390365600586,0.7894212603569031
3,595347,-15.030162811279297,5.839598178863525,-3.717904806137085,-15.833307266235352
3,595347,-10.180335998535156,-30.295820236206055,2.46051025390625,13.265132904052734
3,595347,17.65557861328125,-7.088729381561279,1.3985408544540405,2.026045322418213
3,595347,26.98882484436035,10.077895164489746,10.857053756713867,-16.98700714111328
3,595347,-17.516284942626953,-12.635527610778809,10.3384370803833,-2.08567214012146
3,595347,-22.997438430786133,0.4872392416000366,-10.326990127563477,19.073535919189453
3,595348,9.97677230834961,14.429605484008789,-18.055130004882812,18.342823028564453
3,595349,-4.638491630554199,16.09486198425293,-1.8624789714813232,-24.584943771362305
3,595349,-7.866568088531494,1.8684929609298706,24.848838806152344,-26.727699279785156
3,595349,9.206265449523926,-11.82729434967041,-3.3147835731506348,25.07100486755371
3,595349,-5.278423309326172,-9.871777534484863,-31.45548439025879,12.333429336547852
3,595351,11.966791152954102,-10.538989067077637,4.570353031158447,-23.22525405883789
3,595352,21.81782341003418,4.965191841125488,16.7567081451416,-3.2111942768096924
3,595353,-22.34971809387207,17.609603881835938,9.121153831481934,6.454222202301025
3,595356,-24.510229110717773,7.923968315124512,-1.1929354667663574,8.588421821594238
3,595357,38.175315856933594,-4.786766052246094,-22.261415481567383,15.421587944030762
3,595360,40.30119323730469,-22.806581497192383,-13.551920890808105,-14.354220390319824
3,595361,-31.384050369262695,-21.85250473022461,-11.100987434387207,-40.322357177734375
3,595364,-15.422780990600586,23.92683982849121,16.099491119384766,-2.9727604389190674
3,595365,16.399394989013672,25.57333755493164,25.755361557006836,42.92570495605469
3,595368,-54.07844543457031,-22.206363677978516,3.862232208251953,13.471928596496582
3,595369,-10.739980697631836,2.951751470565796,0.8909558653831482,-9.609498023986816
3,595372,48.060237884521484,30.586763381958008,-8.301572799682617,-14.748144149780273
3,595373,-3.2088632583618164,-8.4968843460083,14.108844757080078,-10.765804290771484
3,595376,-16.99981689453125,-9.265665054321289,1.5077650547027588,9.83051586151123
3,595378,-16.56708335876465,-2.6677379608154297,-20.726308822631836,1.3686257600784302
3,595380,31.275005340576172,-33.827823638916016,-5.603364944458008,10.21366024017334
3,595382,7.937568187713623,-26.386154174804688,-11.117156982421875,-31.095462799072266
3,595384,10.940254211425781,52.35837173461914,6.566140651702881,-4.347235679626465
3,595476,-39.722999572753906,36.39138412475586,13.065275192260742,29.392742156982422
3,595476,-115.77127075195312,-49.14811706542969,-9.675114631652832,-38.86796188354492
3,595477,81.21885681152344,6.882534027099609,-4.114065647125244,2.732595920562744
3,595477,98.0199203491211,18.741342544555664,1.5250095129013062,33.28960418701172
3,595477,-26.25511360168457,-33.94684982299805,-5.213012218475342,-0.08770264685153961
3,595477,-8.149958610534668,7.938206195831299,17.401830673217773,10.154509544372559
3,595477,5.064116477966309,37.81829071044922,16.91490364074707,-4.11246395111084
3,595477,5.002592086791992,-6.054157257080078,-27.048107147216797,-25.586023330688477
3,595478,-3.4401118755340576,-22.68092918395996,12.832218170166016,42.0081787109375
3,595478,15.62668228149414,13.062183380126953,27.7202091217041,16.47113609313965
3,595478,35.891056060791016,-10.122451782226562,-27.711196899414062,-48.24537658691406
3,595478,-6.364258766174316,-17.082138061523438,-13.39322566986084,15.96264934539795
3,595478,-30.020559310913086,10.695006370544434,6.130763530731201,5.0483174324035645
3,595479,-3.215911865234375,3.922624349594116,-8.035585403442383,-26.944747924804688
3,595479,-4.5976152420043945,-7.1543426513671875,-3.3548738956451416,0.9623510241508484
3,595479,-26.487754821777344,-9.020633697509766,16.86029624938965,27.317211151123047
3,595479,-21.744279861450195,13.115053176879883,6.08589506149292,11.797174453735352
3,595479,19.93388557434082,2.3483259677886963,-14.20755672454834,-13.028982162475586
3,595479,15.276747703552246,-0.7086764574050903,12.360662460327148,15.100284576416016
3,595480,-18.044099807739258,18.011154174804688,13.944681167602539,-0.17656442523002625
3,595480,22.118179321289062,2.1555192470550537,-16.01629066467285,-34.41330337524414
3,595480,4.974017143249512,-0.28867679834365845,1.7065550088882446,-2.8951334953308105
3,595480,-26.52747917175293,-21.502479553222656,-7.7134928703308105,16.371826171875
3,595480,13.689533233642578,-9.384261131286621,-23.69033432006836,25.582956314086914
3,595480,-3.857341766357422,17.045883178710938,19.067615509033203,-36.449466705322266
3,595481,-16.778642654418945,-0.4473947584629059,25.652536392211914,-40.90079116821289
3,595481,-0.36361631751060486,15.422155380249023,-12.950693130493164,58.83169174194336
3,595481,-15.83121109008789,1.4661154747009277,-14.237342834472656,8.765556335449219
3,595481,-2.333641767501831,-2.7922871112823486,0.3744111955165863,-11.626187324523926
3,595481,8.547125816345215,1.5148208141326904,1.6990975141525269,13.90220832824707
3,595481,-1.1945770978927612,-29.34119987487793,8.767467498779297,1.8473657369613647
3,595482,-0.16522985696792603,-5.988913059234619,4.901886463165283,-0.4842737913131714
3,595482,9.1813383102417,31.445695877075195,-7.324008941650391,-34.274070739746094
3,595482,15.640935897827148,0.0667208731174469,2.0312154293060303,-4.232228755950928
3,595482,1.6727817058563232,-17.751493453979492,4.05413818359375,36.99995422363281
3,595482,-4.268935203552246,7.011630535125732,-22.25968360900879,-15.733360290527344
3,595482,-18.45051383972168,-15.08686637878418,-9.487100601196289,-22.05164909362793
3,595483,5.2756218910217285,3.0706262588500977,29.225505828857422,-2.5541818141937256
3,595483,18.264774322509766,17.16250228881836,11.997442245483398,-0.8789171576499939
3,595483,-22.943031311035156,-23.94129180908203,-5.83286190032959,38.83824157714844
3,595483,11.312053680419922,-8.203869819641113,-1.1747928857803345,6.476572513580322
3,595483,33.448612213134766,26.83157730102539,-1.9946588277816772,-29.569059371948242
3,595483,4.971360683441162,14.9884614944458,0.9667883515357971,17.696352005004883
3,595484,-15.117744445800781,-11.911663055419922,-3.753779888153076,20.05282974243164
3,595484,-35.38645935058594,4.681260585784912,12.940292358398438,-22.269689559936523
3,595484,2.9875829219818115,24.330768585205078,5.809343338012695,-18.989608764648438
3,595485,8.361746788024902,-5.4607439041137695,-20.745010375976562,-17.53515625
3,595485,-13.241199493408203,-26.907432556152344,0.37502288818359375,-25.07858657836914
3,595486,10.536914825439453,16.4949951171875,10.700345039367676,33.26767349243164
3,595486,18.471601486206055,27.029434204101562,-5.234872817993164,35.16416931152344
3,595486,7.28735876083374,-37.042091369628906,-7.447649955749512,-29.29305648803711
3,595487,-26.274044036865234,-33.55385208129883,-2.2051644325256348,5.486882209777832
3,595490,-27.188392639160156,19.8853816986084,7.578650951385498,7.530523777008057
3,595491,6.406320571899414,21.333942413330078,15.737936019897461,-10.016871452331543
3,595494,17.339317321777344,-1.9540351629257202,-13.722997665405273,21.191791534423828
3,595495,13.30081844329834,17.70439910888672,5.1422295570373535,12.562734603881836
3,595498,20.981306076049805,-7.202773571014404,-6.028927326202393,-18.426532745361328
3,595499,37.327274322509766,-43.34181594848633,-36.10307312011719,-16.52154541015625
3,595502,-15.118081092834473,-20.936290740966797,19.42274284362793,14.315828323364258
3,595503,-66.4332275390625,2.801539897918701,-15.607638359069824,-1.7556138038635254
3,595506,0.7098162174224854,60.17237091064453,12.626435279846191,-55.25727081298828
3,595507,21.136127471923828,13.898082733154297,43.7113151550293,-0.8472283482551575
3,595510,-1.774207592010498,-35.37466049194336,-54.331905364990234,79.47628021240234
3,595511,30.78687858581543,7.16610050201416,-7.651611328125,20.343502044677734
3,595607,87.08265686035156,-69.19988250732422,9.975910186767578,-58.11589813232422
3,595607,49.4095573425293,-54.65423583984375,-55.5062141418457,-48.994014739990234
3,595607,-82.16726684570312,84.6169662475586,25.007041931152344,48.23517990112305
3,595608,-71.70210266113281,30.80548667907715,50.72901153564453,46.630470275878906
3,595608,0.9506481289863586,-10.28166675567627,1.6451886892318726,-17.432321548461914
3,595608,12.661784172058105,24.91985511779785,9.378962516784668,-13.81833267211914
3,595608,-8.619867324829102,-10.561124801635742,10.210769653320312,-0.3998100757598877
3,595608,-25.33070182800293,-5.193817138671875,4.251745223999023,15.769198417663574
3,595608,-3.8029720783233643,12.656064987182617,3.4709630012512207,-9.237090110778809
3,595609,-21.609756469726562,9.312811851501465,8.007304191589355,-20.640195846557617
3,595609,-41.04676818847656,9.90263557434082,2.7149999141693115,9.128507614135742
3,595609,-1.8814655542373657,0.9306752681732178,-11.385534286499023,15.220354080200195
3,595609,5.136421203613281,15.752775192260742,5.350831508636475,5.930103302001953
3,595609,18.62273597717285,10.638298988342285,3.138808012008667,2.0932626724243164
3,595609,17.7441463470459,-29.918479919433594,-10.875330924987793,2.4655632972717285
3,595610,-7.2558817863464355,-19.848628997802734,5.608190059661865,-5.133998394012451
3,595610,32.48979949951172,6.8855791091918945,-24.030162811279297,-9.241671562194824
3,595610,27.023151397705078,-9.787890434265137,-25.779056549072266,-20.0291805267334
3,595610,-16.581642150878906,-14.528369903564453,6.6355485916137695,-12.737992286682129
3,595610,-9.177948951721191,9.310145378112793,6.643113613128662,19.539888381958008
3,595610,7.794201374053955,4.1011834144592285,11.37321949005127,1.3483444452285767
3,595611,-15.977249145507812,-4.799286842346191,5.084857940673828,3.860121965408325
3,595611,-26.910396575927734,13.143389701843262,5.475085735321045,7.542031288146973
3,595611,16.261489868164062,-6.331207275390625,-12.617362976074219,-10.685447692871094
3,595611,12.880974769592285,-19.309494018554688,-16.67641258239746,7.967039108276367
3,595611,8.20271110534668,15.739545822143555,-0.3847060799598694,4.442209720611572
3,595612,17.73931312561035,-10.187634468078613,-7.697039604187012,3.24294376373291
3,595612,-11.282706260681152,2.0237112045288086,7.027287006378174,-0.6480811238288879
3,595612,-3.767864227294922,32.189693450927734,13.937167167663574,-21.587993621826172
3,595612,11.47176456451416,-28.45765495300293,-6.983334541320801,-3.0628879070281982
3,595612,-5.319546222686768,-14.432995796203613,-3.1567442417144775,23.271495819091797
3,595612,-5.790679454803467,19.065336227416992,25.52397918701172,4.419732093811035
3,595612,12.978094100952148,0.7241382002830505,3.0485458374023438,-15.181480407714844
3,595613,20.77192497253418,5.537725448608398,-17.905485153198242,-10.853628158569336
3,595613,-0.7441719174385071,15.844472885131836,14.457558631896973,11.125801086425781
3,595613,1.6764740943908691,-7.291476249694824,4.565855503082275,1.5015429258346558
3,595613,22.63235092163086,-26.672224044799805,-20.22517204284668,-29.679582595825195
3,595613,-19.589929580688477,17.470687866210938,-8.025789260864258,6.8314337730407715
3,595614,-33.054447174072266,5.746829509735107,13.178915023803711,26.190505981445312
3,595614,8.690421104431152,-20.954734802246094,5.797027111053467,-19.333423614501953
3,595614,-3.6952078342437744,4.099852561950684,-22.39374351501465,-9.070389747619629
3,595614,-39.89653778076172,-2.9372544288635254,2.865696907043457,24.960790634155273
3,595614,-3.0301849842071533,10.18242073059082,20.108985900878906,14.879057884216309
3,595614,35.00008010864258,7.350558757781982,-13.84693431854248,-16.269887924194336
3,595615,-17.808151245117188,-1.2953592538833618,6.9764084815979,-22.730459213256836
3,595615,-8.877016067504883,18.96044921875,23.964305877685547,35.57658004760742
3,595615,39.177764892578125,-9.727412223815918,-18.951324462890625,16.477954864501953
3,595616,-0.7885051369667053,-25.792041778564453,-12.545930862426758,-55.25665283203125
3,595616,3.190236806869507,-5.562889575958252,-9.01490306854248,-16.809043884277344
3,595617,9.959052085876465,0.9815181493759155,-0.9925008416175842,38.984169006347656
3,595617,-1.208776831626892,9.545479774475098,17.292207717895508,7.370530605316162
3,595617,14.720135688781738,8.261474609375,-13.732912063598633,-11.59389877319336
3,595618,-22.312274932861328,-15.354421615600586,-18.79303550720215,2.74664568901062
3,595620,0.5404037833213806,-26.23963165283203,3.592991828918457,-0.6820992827415466
3,595622,39.79724884033203,-14.59172534942627,11.602930068969727,-21.487316131591797
3,595624,4.365616798400879,11.994904518127441,10.582627296447754,23.44170570373535
3,595626,-52.2630729675293,12.095134735107422,10.215583801269531,42.3834114074707
3,595628,-50.3529052734375,19.74639892578125,-3.716498374938965,-46.437076568603516
3,595630,39.69417190551758,30.63143539428711,12.082258224487305,2.464559555053711
3,595632,13.81415843963623,1.556816816329956,10.606133460998535,28.628433227539062
3,595634,-3.163604974746704,-16.56226921081543,-18.462297439575195,-14.251936912536621
3,595636,-0.7214561104774475,-18.0189266204834,2.1398532390594482,-29.944570541381836
3,595638,-50.205970764160156,23.73015594482422,13.92355728149414,-19.067869186401367
3,595640,-28.279983520507812,10.589558601379395,3.230374574661255,56.21201705932617
3,595737,40.488948822021484,-20.746835708618164,-18.326452255249023,35.17042541503906
3,595737,74.93190002441406,14.562551498413086,-22.50695037841797,-2.7018818855285645
3,595737,-21.917720794677734,-2.137115478515625,-0.6169484257698059,-17.554935455322266
3,595737,-41.25471115112305,-24.196876525878906,-12.890089988708496,-13.294331550598145
3,595737,6.012971878051758,-9.565908432006836,-5.283381462097168,14.81501579284668
3,595737,16.346498489379883,6.277295112609863,23.19124412536621,-1.1636090278625488
3,595738,18.86805534362793,-14.565457344055176,3.4089977741241455,-31.004610061645508
3,595738,-2.7339346408843994,-3.793544054031372,-9.265992164611816,-14.865172386169434
3,595738,-2.5168023109436035,39.59071350097656,5.129022598266602,-0.23715268075466156
3,595738,-10.03055477142334,-11.796178817749023,10.64100456237793,-14.964274406433105
3,595738,-5.141724586486816,-18.826704025268555,19.139259338378906,-17.59170913696289
3,595739,13.108061790466309,17.618488311767578,-18.92823600769043,-4.834493160247803
3,595739,-2.8986802101135254,-10.503630638122559,-21.969205856323242,3.067030429840088
3,595739,-15.724040031433105,10.437403678894043,34.27100372314453,16.82424545288086
3,595739,4.095442771911621,17.873973846435547,9.822649955749512,18.675012588500977
3,595739,12.985291481018066,-17.297285079956055,-20.007808685302734,-5.196368217468262
3,595739,3.2059097290039062,0.1706303358078003,-3.027822971343994,17.80974006652832
3,595740,9.370054244995117,6.318357944488525,-1.5555343627929688,3.464829683303833
3,595740,1.8876594305038452,-4.515903472900391,5.047804832458496,-21.027482986450195
3,595740,-19.569658279418945,19.61673927307129,14.517491340637207,16.171091079711914
3,595740,-4.891687870025635,18.111207962036133,-6.195212364196777,1.8230581283569336
3,595740,8.423490524291992,-19.145090103149414,-21.320646286010742,-21.210020065307617
3,595740,-2.447237968444824,-16.353105545043945,8.096490859985352,19.932422637939453
3,595741,-10.009383201599121,5.2812652587890625,31.13934898376465,31.793067932128906
3,595741,1.6876482963562012,-1.000241756439209,-15.722309112548828,9.078526496887207
3,595741,7.4854817390441895,-2.3785951137542725,-19.48553466796875,11.632365226745605
3,595741,13.427148818969727,10.446057319641113,6.250451564788818,8.028814315795898
3,595741,13.413737297058105,0.920320987701416,-4.331896781921387,-20.572031021118164
3,595741,-8.57994270324707,-14.713859558105469,-4.678460121154785,-6.4363932609558105
3,595742,-14.828848838806152,-3.4368457794189453,2.844297409057617,10.252507209777832
3,595742,-10.541319847106934,9.058295249938965,21.6085147857666,-23.034814834594727
3,595742,7.635544776916504,-14.380003929138184,-12.365966796875,-37.23027038574219
3,595742,5.319667339324951,-19.96260643005371,-19.98298454284668,-4.437252044677734
3,595742,-10.195404052734375,22.017349243164062,31.25367546081543,19.33911895751953
3,595742,-4.423515319824219,5.574628829956055,-1.821940541267395,-27.460308074951172
3,595743,-13.2402982711792,-42.47931671142578,-33.03819274902344,-12.623883247375488
3,595743,-8.76578426361084,-6.805066108703613,8.56219482421875,42.30056381225586
3,595743,21.34284019470215,45.69252014160156,7.103740215301514,-12.815512657165527
3,595743,9.987876892089844,26.072402954101562,-1.7485005855560303,-5.647663116455078
3,595743,-13.273646354675293,-18.26627540588379,9.195683479309082,35.932899475097656
3,595744,10.47901439666748,-27.51597023010254,0.7760211229324341,-9.83177375793457
3,595744,0.29597675800323486,-1.5311315059661865,15.816981315612793,-8.151397705078125
3,595744,-7.1582560539245605,34.89759063720703,3.523358106613159,-0.8546169400215149
3,595744,7.194022178649902,15.814208984375,-28.940820693969727,-9.989208221435547
3,595744,-12.208396911621094,-20.85401153564453,-13.302420616149902,3.4683821201324463
3,595744,8.810232162475586,-4.553141117095947,16.06250762939453,-12.627275466918945
3,595745,-5.570957183837891,4.637285232543945,15.445021629333496,-18.241666793823242
3,595745,-23.963924407958984,6.6172776222229,-2.4846513271331787,-12.049428939819336
3,595746,19.183147430419922,10.88179874420166,-13.137497901916504,-27.982080459594727
3,595746,1.0383094549179077,-8.861834526062012,-0.3772275447845459,0.7680281400680542
3,595746,9.011698722839355,-10.52331256866455,22.045255661010742,27.823047637939453
3,595746,15.565780639648438,-9.200098037719727,-5.309534072875977,11.917006492614746
3,595747,-13.490621566772461,-1.1509681940078735,-24.19145393371582,16.889577865600586
3,595748,-0.5324767231941223,32.15102005004883,12.955116271972656,9.671957969665527
3,595749,-40.733497619628906,1.33145272731781,34.291961669921875,19.93625831604004
3,595752,34.766536712646484,-13.148470878601074,-4.975039958953857,60.050724029541016
3,595753,101.98221588134766,-5.869642734527588,-51.87324142456055,36.43295669555664
3,595756,-86.74950408935547,7.553457260131836,44.557220458984375,-38.3128776550293
3,595757,-36.92304229736328,54.060489654541016,68.71615600585938,-53.775634765625
3,595760,106.34331512451172,-75.3962173461914,-121.27632141113281,-8.956522941589355
3,595761,-33.388980865478516,-96.49183654785156,-77.68277740478516,28.67091178894043
3,595764,-93.2231674194336,79.84589385986328,92.23889923095703,51.65062713623047
3,595765,-21.598201751708984,45.91658020019531,39.531707763671875,4.995350360870361
3,595768,21.822946548461914,-39.69511795043945,-27.132041931152344,-98.79307556152344
3,595769,26.487897872924805,-8.528925895690918,3.5309865474700928,-123.82318115234375
3,595772,-2.2924046516418457,29.96986961364746,14.265100479125977,58.03892135620117
3,595773,109.47259521484375,34.158138275146484,-29.131240844726562,139.0429229736328
3,595776,33.469635009765625,-31.410179138183594,-4.246947765350342,-65.0970458984375
3,595777,-192.81057739257812,-34.884056091308594,29.08778190612793,-44.79982376098633
3,595780,-17.648042678833008,40.39737319946289,-9.055610656738281,55.302947998046875
3,595781,75.52825927734375,-12.065572738647461,-13.017365455627441,-18.761850357055664
3,595889,59.36833190917969,-13.205965042114258,40.38848114013672,14.947425842285156
3,595889,33.041419982910156,56.535213470458984,45.99369812011719,11.485528945922852
3,595889,-66.31050109863281,-32.44921875,-26.41094398498535,-58.85768127441406
3,595890,32.20029830932617,-37.26601791381836,-39.01408386230469,18.18689727783203
3,595890,50.97506332397461,38.06998825073242,-0.9883677959442139,57.40705871582031
3,595890,-4.655241012573242,7.788112640380859,1.8425649404525757,-20.977468490600586
3,595890,15.090157508850098,-20.352909088134766,-7.552003860473633,-20.358564376831055
3,595890,10.22835636138916,-6.8462605476379395,12.473313331604004,23.761489868164062
3,595890,12.441619873046875,32.05332946777344,8.871687889099121,21.505430221557617
3,595891,21.69049835205078,9.969961166381836,-27.797697067260742,-8.214668273925781
3,595891,9.103767395019531,-38.68159103393555,-22.420185089111328,17.98280143737793
3,595891,-37.32057189941406,-5.201697826385498,-7.125300407409668,11.535882949829102
3,595891,-54.13493347167969,18.571897506713867,-20.303232192993164,-31.8831787109375
3,595891,-62.24156951904297,-26.127460479736328,10.172133445739746,-20.273927688598633
3,595892,-92.89485168457031,-33.04583740234375,27.035938262939453,-24.49711036682129
3,595892,-69.98298645019531,6.243574619293213,-6.923328876495361,-11.805173873901367
3,595892,-38.251800537109375,-5.667642593383789,-15.176003456115723,-14.705560684204102
3,595892,-16.97157859802246,-17.7075138092041,-18.447484970092773,-8.96993637084961
3,595892,17.60365104675293,19.53780746459961,19.752103805541992,27.389949798583984
3,595892,45.80825424194336,26.99983024597168,29.579601287841797,4.447591781616211
3,595893,39.78998947143555,7.724564075469971,-10.145648002624512,-9.004337310791016
3,595893,25.29197883605957,-14.611185073852539,-9.028190612792969,9.972930908203125
3,595893,24.97806739807129,-2.6294686794281006,4.2804083824157715,-14.01121997833252
3,595893,26.70293617248535,34.4266242980957,17.91213607788086,5.761911392211914
3,595893,15.802247047424316,16.647966384887695,20.019798278808594,36.2929573059082
3,595893,0.1696699857711792,-20.40287971496582,3.743353843688965,-1.771813988685608
3,595894,-3.9757800102233887,-8.622641563415527,7.407884120941162,1.9160796403884888
3,595894,12.156227111816406,36.811058044433594,19.6995849609375,6.5904645919799805
3,595894,13.206064224243164,13.078669548034668,7.367043972015381,-0.05155716836452484
3,595894,-8.412859916687012,-13.414680480957031,-6.557706832885742,-2.83547306060791
3,595894,-1.6196504831314087,10.237722396850586,-1.0447144508361816,0.2970424294471741
3,595894,3.126760244369507,-0.7342126965522766,-3.2702367305755615,8.952116012573242
3,595895,6.02994966506958,-18.698013305664062,-32.96434783935547,-11.044465065002441
3,595895,-1.4489455223083496,-10.112232208251953,-25.455589294433594,1.3039189577102661
3,595895,12.981300354003906,3.556886672973633,12.152697563171387,4.253808498382568
3,595895,24.492109298706055,15.127920150756836,14.555438995361328,12.825939178466797
3,595895,-5.479359149932861,12.60378646850586,-1.1819863319396973,-10.831160545349121
3,595895,-11.825799942016602,-19.97110366821289,-23.719661712646484,-33.879764556884766
3,595896,-23.939239501953125,-15.846219062805176,2.8362717628479004,31.450952529907227
3,595896,1.7912510633468628,13.50047779083252,36.75712966918945,7.613922119140625
3,595896,30.429004669189453,6.367002964019775,-9.41490364074707,-34.0018310546875
3,595896,-2.853397846221924,-3.906087636947632,-18.61394691467285,13.39095687866211
3,595896,-21.746103286743164,-14.390447616577148,-8.744536399841309,36.200408935546875
3,595896,-22.890573501586914,-29.590797424316406,-6.5966010093688965,-3.2668020725250244
3,595897,7.2997355461120605,3.1991019248962402,16.046300888061523,-34.10090637207031
3,595897,23.045087814331055,-1.9162923097610474,-3.3678503036499023,10.653647422790527
3,595897,-14.279897689819336,-30.941123962402344,-4.266948223114014,6.772980690002441
3,595897,-19.101438522338867,16.35467529296875,4.902436256408691,-34.205413818359375
3,595897,-6.635667324066162,10.02946662902832,-10.790993690490723,-7.566417694091797
3,595897,7.3965067863464355,5.15886116027832,-2.7887282371520996,-13.004350662231445
3,595898,6.724355220794678,28.4325008392334,15.275311470031738,8.364005088806152
3,595898,-24.1539306640625,-3.3385260105133057,16.39301872253418,31.39959716796875
3,595898,0.907879650592804,0.031881436705589294,-1.1316661834716797,-16.194332122802734
3,595899,31.335784912109375,25.367568969726562,-23.95093536376953,-10.859539031982422
3,595899,12.804720878601074,-2.0583300590515137,-13.54615306854248,0.2897544205188751
3,595900,17.525836944580078,-25.017881393432617,20.637718200683594,19.285531997680664
3,595900,6.4432477951049805,-1.3364715576171875,23.605331420898438,27.543514251708984
3,595900,-5.515878200531006,7.674899101257324,-8.897043228149414,-17.676176071166992
3,595900,28.941850662231445,8.145905494689941,-17.424571990966797,5.206916332244873
3,595901,46.11028289794922,-10.76669692993164,-10.931774139404297,26.00542449951172
3,595904,-51.622135162353516,-20.126537322998047,-12.568511962890625,-29.607858657836914
3,595905,-80.39805603027344,16.26268768310547,17.194751739501953,-32.15213394165039
3,595908,26.309907913208008,-8.050153732299805,44.95270919799805,-30.36821174621582
3,595910,100.15821075439453,5.861219882965088,0.1449413001537323,4.990923881530762
3,595912,-2.2827892303466797,34.27119064331055,-30.194786071777344,61.316280364990234
3,595914,-131.5810546875,-29.622222900390625,-1.2941381931304932,36.54836654663086
3,595916,17.37002944946289,19.986385345458984,60.90828323364258,-26.723255157470703
3,595918,19.965852737426758,58.229103088378906,44.640167236328125,-84.54168701171875
3,595920,-32.120731353759766,-101.00221252441406,-150.40061950683594,71.3003921508789
3,595922,35.006553649902344,-96.39665222167969,-99.08332824707031,205.42808532714844
3,595924,-1.0033642053604126,57.697288513183594,118.72759246826172,-19.55553436279297
3,595926,-21.193973541259766,23.176477432250977,57.93865966796875,-269.4764404296875
3,595928,-20.647714614868164,18.708248138427734,-14.182266235351562,-183.43943786621094
3,595930,25.73954200744629,64.28993225097656,-7.933618545532227,146.24192810058594
3,595932,-33.70503616333008,-25.67978858947754,-12.492302894592285,206.17242431640625
3,595934,-59.8034782409668,-15.994022369384766,59.3514404296875,-47.66660690307617
3,595936,184.01510620117188,10.286145210266113,-34.281795501708984,-108.31034851074219
3,595938,134.34130859375,-32.64905548095703,-105.38675689697266,0.6911255717277527
3,595941,-160.65292358398438,37.499610900878906,89.56265258789062,33.657386779785156
3,596059,-118.8938980102539,3.37213397026062,34.819087982177734,-4.128942966461182
3,596059,14.574387550354004,-41.36688995361328,-72.85418701171875,-1.8194878101348877
3,596059,52.5472412109375,11.621162414550781,18.911582946777344,39.726924896240234
3,596060,7.177645206451416,-7.3041486740112305,6.879290580749512,38.02898025512695
3,596060,-25.085710525512695,-0.6254168152809143,-18.49142837524414,-1.3188165426254272
3,596060,11.492972373962402,-2.608135938644409,-1.798343539237976,-6.679572582244873
3,596060,-6.336791515350342,4.166085243225098,15.172024726867676,-6.615601539611816
3,596060,-4.917239189147949,23.311538696289062,13.641607284545898,-29.155250549316406
3,596060,-6.011871337890625,-5.593609809875488,4.0173211097717285,-15.028543472290039
3,596061,11.732050895690918,14.459320068359375,14.971969604492188,-1.1238434314727783
3,596061,29.81562614440918,16.90796661376953,7.806000232696533,1.5434701442718506
3,596061,-14.791488647460938,-8.57507610321045,-1.0245548486709595,17.62955665588379
3,596061,0.9797033071517944,-4.860630035400391,-12.61135196685791,4.927834510803223
3,596061,16.397403717041016,-21.918659210205078,-18.74461555480957,4.029882907867432
3,596061,-19.89419174194336,-11.306679725646973,8.73656940460205,17.726537704467773
3,596062,-4.35662317276001,-9.289266586303711,-19.915924072265625,-25.779052734375
3,596062,7.693808078765869,-10.973615646362305,-37.57975387573242,-21.838666915893555
3,596062,-28.7061824798584,6.2693023681640625,21.72488021850586,15.567586898803711
3,596062,-22.40536880493164,-9.760148048400879,19.507532119750977,-8.94132137298584
3,596062,11.092935562133789,-1.9508455991744995,-5.333927631378174,-17.694473266601562
3,596063,2.600297451019287,4.774974822998047,18.283618927001953,15.070575714111328
3,596063,10.66360092163086,21.48029327392578,15.100285530090332,1.5388792753219604
3,596063,40.95492172241211,27.054582595825195,-6.7366414070129395,-8.869011878967285
3,596063,14.023397445678711,-31.35260581970215,-6.373322486877441,22.913938522338867
3,596063,-9.293173789978027,-11.423711776733398,-1.1109808683395386,46.277259826660156
3,596063,2.3252651691436768,46.344078063964844,10.759705543518066,0.6121801137924194
3,596064,1.759483814239502,-0.3500276803970337,5.482463836669922,-31.91009521484375
3,596064,3.770251989364624,-23.21678924560547,-14.14808464050293,17.953357696533203
3,596064,-0.534298837184906,14.407861709594727,-1.3768680095672607,4.696500778198242
3,596064,-0.5795307755470276,24.168926239013672,20.007251739501953,-6.838136196136475
3,596064,4.473099231719971,15.851255416870117,-3.923764228820801,-6.322014808654785
3,596064,-3.249494791030884,-23.368572235107422,-16.105438232421875,-21.22712516784668
3,596065,-7.913057327270508,-41.482418060302734,-2.005803108215332,10.841426849365234
3,596065,-23.048261642456055,4.2281060218811035,-6.7483601570129395,11.975273132324219
3,596065,-22.056955337524414,13.30241870880127,-15.288052558898926,-8.704887390136719
3,596065,10.274816513061523,-26.500568389892578,-2.764225721359253,-19.134225845336914
3,596065,6.816590309143066,-12.80670166015625,-4.878551483154297,9.881158828735352
3,596065,-14.10629940032959,28.437183380126953,-12.528125762939453,23.298885345458984
3,596066,1.0765258073806763,9.334696769714355,20.37617301940918,-49.14273452758789
3,596066,18.802003860473633,-4.270206928253174,19.1451358795166,-11.5382719039917
3,596066,-4.18625545501709,1.0500205755233765,5.0720062255859375,41.9477653503418
3,596066,2.9944074153900146,0.33539947867393494,-11.038209915161133,-16.543731689453125
3,596066,12.327301025390625,-4.396482467651367,-3.9760546684265137,11.357460975646973
3,596066,-19.527490615844727,-9.354402542114258,23.867952346801758,-1.6948554515838623
3,596067,-0.934561550617218,4.629635334014893,-15.427215576171875,-39.63780212402344
3,596067,-18.26070785522461,-13.197468757629395,-4.2185258865356445,10.243167877197266
3,596067,-17.812726974487305,2.169430732727051,38.55565643310547,-9.240418434143066
3,596067,35.06855392456055,17.011436462402344,-8.307989120483398,4.840155601501465
3,596067,-11.681907653808594,-8.911216735839844,-33.4283447265625,25.064695358276367
3,596067,-37.442527770996094,15.663727760314941,16.847322463989258,-32.159366607666016
3,596068,20.540672302246094,6.86458683013916,18.91834831237793,-28.13701629638672
3,596068,29.14983367919922,-12.940256118774414,-8.298935890197754,9.245022773742676
3,596068,5.787790298461914,34.62253189086914,10.75947380065918,0.6112932562828064
3,596068,7.278273582458496,-1.6435881853103638,-7.234948635101318,9.746865272521973
3,596068,-7.18680477142334,-39.74562454223633,-14.042797088623047,34.04762268066406
3,596068,2.8437607288360596,36.40436935424805,21.787677764892578,-19.616870880126953
3,596069,27.442420959472656,29.74530601501465,-5.736893177032471,-31.617910385131836
3,596069,17.249032974243164,-49.7340087890625,-37.568721771240234,50.339168548583984
3,596069,7.409280300140381,-18.882062911987305,-5.1150288581848145,50.396484375
3,596070,66.79151916503906,4.537103652954102,-12.0615234375,51.0348014831543
3,596070,37.630123138427734,-35.17460250854492,-44.72816467285156,33.25356674194336
3,596071,-88.30267333984375,-10.001152992248535,-5.251837730407715,-69.52360534667969
3,596071,-60.37031936645508,2.7646632194519043,20.820402145385742,-14.188912391662598
3,596071,-1.0258980989456177,-12.662483215332031,5.55941104888916,17.600692749023438
3,596071,4.891448020935059,-6.380414962768555,10.333812713623047,-39.22840118408203
3,596072,15.714338302612305,76.9307632446289,119.71409606933594,-4.892683506011963
3,596074,-6.872885704040527,81.55143737792969,71.6058578491211,-19.918216705322266
3,596076,-40.14248275756836,-66.3570556640625,-153.70706176757812,-44.94297409057617
3,596078,-50.19902038574219,-50.89567184448242,-33.147647857666016,23.65260124206543
3,596080,-16.671693801879883,13.086614608764648,73.52558898925781,-4.988235950469971
3,596082,62.587928771972656,-13.192510604858398,-23.127103805541992,-56.26401901245117
3,596084,35.31893539428711,46.04948043823242,21.186599731445312,101.27059936523438
3,596086,-0.23548486828804016,52.44010925292969,6.5068888664245605,64.43193054199219
3,596088,-7.028435230255127,-39.67625045776367,-13.107954025268555,-66.42158508300781
3,596090,-37.529632568359375,-23.32992935180664,9.57745361328125,44.185546875
3,596092,18.32784652709961,-6.157755374908447,-68.103271484375,-34.14893341064453
3,596094,43.55780029296875,-51.811275482177734,-67.4437255859375,-110.52710723876953
3,596097,-52.57524490356445,41.701663970947266,122.22560119628906,56.97360610961914
3,596098,-5.628170490264893,54.25277328491211,86.14855194091797,75.00350952148438
3,596101,148.86830139160156,-66.93898010253906,-144.81491088867188,-49.92685317993164
3,596102,-28.319717407226562,-22.492412567138672,-36.33573913574219,-44.8113899230957
3,596105,-166.76007080078125,56.020774841308594,100.08504486083984,48.97883605957031
3,596106,-34.84103012084961,46.95927429199219,22.259626388549805,34.16133117675781
3,596109,191.5900115966797,-70.2660140991211,-70.96703338623047,-58.399322509765625
3,596110,147.1893310546875,-82.74256896972656,-52.27128982543945,-15.497346878051758
3,596111,-212.18829345703125,77.77523803710938,50.0313720703125,120.62850189208984
3,596242,-95.75239562988281,48.268211364746094,37.897953033447266,2.1771419048309326
3,596242,115.46636199951172,-22.718442916870117,-0.2440844029188156,-123.29132843017578
3,596242,-16.792116165161133,26.41019630432129,-1.0294231176376343,15.955074310302734
3,596243,-39.59385299682617,17.4084415435791,9.779815673828125,35.608131408691406
3,596243,2.9336376190185547,-37.3406982421875,6.086350917816162,-10.261744499206543
3,596243,-2.685934066772461,0.2552567422389984,-8.549296379089355,-13.3001708984375
3,596243,8.86655330657959,11.112374305725098,-3.110542058944702,-25.803714752197266
3,596243,9.76861572265625,-34.68334197998047,-10.99332332611084,18.653076171875
3,596243,-22.13039779663086,-5.466331481933594,4.916840076446533,28.535429000854492
3,596244,-5.383727073669434,-4.64970588684082,-7.067704677581787,14.585858345031738
3,596244,29.60956573486328,7.503480434417725,-19.117387771606445,-9.758584022521973
3,596244,1.115914225578308,-2.7859723567962646,6.563954830169678,6.007850646972656
3,596244,-17.289417266845703,-46.44629669189453,-3.596930742263794,24.44196128845215
3,596244,-9.152451515197754,20.713197708129883,-7.52811336517334,-7.546110153198242
3,596244,10.0413236618042,43.96055603027344,14.433025360107422,-16.694053649902344
3,596245,-7.557378768920898,-12.085440635681152,12.130613327026367,-30.214174270629883
3,596245,-5.871305465698242,-12.701220512390137,-10.617133140563965,-11.401695251464844
3,596245,30.815597534179688,11.856475830078125,7.461322784423828,12.543225288391113
3,596245,-5.544747352600098,14.931068420410156,0.3900933265686035,-4.813486576080322
3,596245,-15.015445709228516,-10.615480422973633,-27.345989227294922,5.098808288574219
3,596246,15.105128288269043,-21.13081932067871,23.221088409423828,1.49969482421875
3,596246,-7.3612284660339355,-13.67375373840332,19.38807487487793,-9.016576766967773
3,596246,-9.758631706237793,12.700429916381836,-32.857398986816406,11.757426261901855
3,596246,26.936180114746094,37.712615966796875,9.27779483795166,-8.313664436340332
3,596246,9.784673690795898,-3.8098514080047607,23.148908615112305,-10.927714347839355
3,596246,-23.16944694519043,-20.502962112426758,-24.406517028808594,26.924732208251953
3,596247,-6.28184700012207,14.205880165100098,-5.812394142150879,11.2073392868042
3,596247,12.070192337036133,-0.08330333977937698,13.21614933013916,-13.386138916015625
3,596247,13.46477222442627,0.5595932006835938,-5.7394914627075195,3.091322422027588
3,596247,21.101167678833008,31.46219825744629,5.517305850982666,0.4089438021183014
3,596247,-8.118188858032227,-7.162635803222656,10.369670867919922,7.261635780334473
3,596247,-22.78913116455078,-27.206296920776367,-14.108467102050781,25.985958099365234
3,596248,23.686016082763672,23.09817886352539,8.574288368225098,-12.5750732421875
3,596248,8.049675941467285,-2.2907426357269287,14.660980224609375,-18.367809295654297
3,596248,-26.796649932861328,-32.871315002441406,-11.651270866394043,12.730950355529785
3,596248,-2.2166123390197754,15.693400382995605,3.760786533355713,-12.373061180114746
3,596248,10.025898933410645,2.809575319290161,-16.517629623413086,-10.11477279663086
3,596248,-3.9030165672302246,-33.367088317871094,-5.478860855102539,18.78298568725586
3,596249,7.729304313659668,9.561331748962402,18.35437774658203,-19.097187042236328
3,596249,18.75275993347168,38.05070114135742,-24.29393196105957,-25.429304122924805
3,596249,-10.44193172454834,-14.407149314880371,1.4754433631896973,14.754858016967773
3,596249,-29.71499252319336,-19.855249404907227,43.279197692871094,28.953990936279297
3,596249,6.163857460021973,24.529109954833984,-7.867960453033447,9.626578330993652
3,596249,22.118967056274414,-4.64918851852417,-14.688394546508789,-43.180084228515625
3,596250,-17.915599822998047,-8.682454109191895,11.947278022766113,0.5704057216644287
3,596250,-2.8807449340820312,14.24512004852295,-4.40227746963501,81.45814514160156
3,596250,14.264098167419434,-5.27702522277832,3.3844175338745117,0.5815194845199585
3,596250,-11.05616283416748,3.5219171047210693,-15.989672660827637,-43.714054107666016
3,596250,0.6540778279304504,-13.889911651611328,-27.40894317626953,24.833162307739258
3,596250,-7.432499408721924,-23.322683334350586,20.979698181152344,7.180097579956055
3,596251,-5.911467552185059,9.634346008300781,18.501821517944336,-34.28196334838867
3,596251,15.657341003417969,1.2346378564834595,-28.738126754760742,6.399932384490967
3,596251,-9.580878257751465,10.049333572387695,-14.227038383483887,8.50586223602295
3,596251,-10.550065040588379,6.657495498657227,13.689057350158691,-23.2713565826416
3,596251,2.992490530014038,-17.7861385345459,8.920668601989746,2.3635594844818115
3,596251,-1.5578268766403198,7.261111736297607,19.603824615478516,-2.358520269393921
3,596252,12.282930374145508,2.4828786849975586,3.374136209487915,-6.617813587188721
3,596252,-4.01873254776001,3.649578332901001,-24.24734878540039,14.746066093444824
3,596252,-25.47736167907715,7.343388557434082,6.985354900360107,-15.478261947631836
3,596252,10.620965957641602,-9.337822914123535,18.000362396240234,-26.555509567260742
3,596252,27.158533096313477,6.638186931610107,-8.04517936706543,14.862700462341309
3,596252,-7.15324068069458,-9.205826759338379,-6.961575508117676,11.661738395690918
3,596253,-21.520042419433594,2.799515724182129,7.775423526763916,-21.064464569091797
3,596253,1.5516773462295532,28.798748016357422,18.09386444091797,-14.013257026672363
3,596253,19.161659240722656,-0.7922987341880798,-14.564454078674316,20.355926513671875
3,596254,-32.86752700805664,-33.443382263183594,-44.134220123291016,-39.23427200317383
3,596254,-45.31716537475586,-33.10112762451172,7.1059370040893555,-81.65100860595703
3,596255,40.4695930480957,20.48613739013672,16.436548233032227,23.257831573486328
3,596255,24.560256958007812,27.87561798095703,-9.941618919372559,47.621368408203125
3,596255,2.2293460369110107,-14.03969669342041,13.96720027923584,-15.169883728027344
3,596255,46.11882019042969,-13.490399360656738,-8.93159294128418,-39.12575912475586
3,596256,-22.99404525756836,32.768829345703125,14.727225303649902,42.43505859375
3,596258,-80.44430541992188,11.007223129272461,23.988569259643555,117.58610534667969
3,596260,155.39700317382812,-41.36703872680664,-38.120853424072266,50.901241302490234
3,596262,109.56351470947266,-13.088912010192871,-32.682743072509766,-3.5585570335388184
3,596265,-174.4951934814453,0.9065485000610352,-11.849459648132324,-25.077075958251953
3,596266,-58.12617492675781,11.547204971313477,51.336090087890625,-22.65408706665039
3,596269,7.3909454345703125,79.05000305175781,72.01110076904297,58.3306999206543
3,596270,6.663449764251709,33.85491180419922,-33.08811950683594,-8.091620445251465
3,596271,-15.05438232421875,-74.21691131591797,-26.292375564575195,-95.35433959960938
3,596274,3.468877077102661,-25.423513412475586,9.774380683898926,30.454771041870117
3,596275,145.1820526123047,-3.453503131866455,-70.01287078857422,34.229835510253906
3,596278,-33.17362594604492,-33.712642669677734,-1.6638898849487305,-102.69969940185547
3,596279,-160.40823364257812,5.03464412689209,69.58097839355469,-59.5015754699707
3,596282,12.452329635620117,47.87322235107422,0.7758452296257019,81.84413146972656
3,596283,14.783835411071777,-15.315360069274902,-37.65371322631836,78.2650375366211
3,596286,13.839346885681152,29.147172927856445,44.811790466308594,13.645028114318848
3,596287,11.684534072875977,37.497650146484375,-0.2606422007083893,-90.13029479980469
3,596290,14.276893615722656,-61.69292449951172,-8.977982521057129,-84.12367248535156
3,596291,174.83932495117188,31.741924285888672,87.88957977294922,79.28581237792969
3,596294,-82.63362884521484,-30.199304580688477,-116.18887329101562,73.81563568115234
3,596295,-296.3748474121094,-50.26252365112305,-46.246559143066406,-27.226011276245117
3,596298,64.11351013183594,45.97829818725586,77.60114288330078,-62.475215911865234
3,596438,226.26536560058594,-26.099985122680664,-59.22330856323242,-38.34497833251953
3,596438,42.6544303894043,-22.682161331176758,8.411588668823242,17.781808853149414
3,596438,-89.37001037597656,33.9285888671875,36.15644073486328,17.434789657592773
3,596439,-27.707223892211914,1.5687830448150635,-32.72787094116211,-8.935898780822754
3,596439,35.69258499145508,-25.365739822387695,-24.747695922851562,31.285863876342773
3,596439,-25.769084930419922,5.032628059387207,18.304431915283203,56.83916473388672
3,596439,-29.52750015258789,23.009233474731445,22.72434425354004,11.248735427856445
3,596439,11.274566650390625,2.002121686935425,-2.8316752910614014,0.18424774706363678
3,596439,18.448335647583008,2.2492525577545166,22.563169479370117,8.692351341247559
3,596440,-1.9513401985168457,35.366058349609375,39.927181243896484,-16.875377655029297
3,596440,-18.656997680664062,7.5239033699035645,-9.580122947692871,-16.903339385986328
3,596440,-0.5096123218536377,-18.29861068725586,-13.614825248718262,-0.9237385988235474
3,596440,14.236774444580078,11.94543170928955,6.564342021942139,-13.965187072753906
3,596440,3.910235643386841,3.066275119781494,-10.735749244689941,-6.53699254989624
3,596441,4.085267066955566,-18.264022827148438,-3.1783664226531982,6.558994770050049
3,596441,1.904205560684204,-7.3178324699401855,-0.9360788464546204,-24.39103889465332
3,596441,-7.441088676452637,2.0668349266052246,-16.053817749023438,-8.295440673828125
3,596441,-3.4307990074157715,-7.269426345825195,-5.749037265777588,29.124971389770508
3,596441,15.637805938720703,9.522745132446289,15.987709999084473,-6.1265435218811035
3,596441,-9.117609977722168,28.23011016845703,4.490719318389893,-26.444110870361328
3,596442,-29.45841407775879,-1.4428565502166748,-4.703397750854492,-2.692405939102173
3,596442,-0.4059980511665344,-37.7239990234375,0.4250740706920624,22.022666931152344
3,596442,17.53194236755371,-2.8480679988861084,-2.543813705444336,19.751012802124023
3,596442,2.178509473800659,27.76957130432129,1.9055302143096924,-6.176267147064209
3,596442,-17.447105407714844,-31.366825103759766,-20.530942916870117,-3.43459153175354
3,596442,-4.352461814880371,-26.32765769958496,-12.177127838134766,3.49527645111084
3,596443,-4.82101583480835,4.190145492553711,21.122365951538086,-9.478658676147461
3,596443,7.726010322570801,4.323850154876709,-5.313946723937988,-15.946305274963379
3,596443,25.66801643371582,27.021326065063477,7.3581085205078125,8.052675247192383
3,596443,2.8912150859832764,27.98613166809082,16.341678619384766,7.538656711578369
3,596443,-22.932518005371094,3.9585843086242676,-4.303779602050781,-12.561033248901367
3,596443,-5.502018451690674,-13.956223487854004,18.175539016723633,-8.083014488220215
3,596444,34.09710693359375,-1.7747766971588135,-17.22423553466797,-5.341364860534668
3,596444,-12.54483413696289,-5.462124824523926,-27.195240020751953,18.219539642333984
3,596444,-23.093067169189453,-0.09187378734350204,10.029656410217285,17.833559036254883
3,596444,32.91781997680664,7.085821628570557,3.7762057781219482,1.0775806903839111
3,596444,-17.10879898071289,-2.0562374591827393,8.889473915100098,29.08869171142578
3,596444,-40.13035583496094,-0.10490377992391586,2.513197183609009,2.9514975547790527
3,596445,17.793407440185547,-16.14280891418457,-13.914249420166016,-11.806272506713867
3,596445,7.231424331665039,1.0401614904403687,14.088369369506836,11.11182975769043
3,596445,-3.486973524093628,11.225353240966797,12.869012832641602,-2.6190528869628906
3,596445,11.788437843322754,-13.772116661071777,-19.390493392944336,22.95738983154297
3,596445,3.858227252960205,7.740711688995361,8.899258613586426,-17.91041374206543
3,596445,-0.8163005113601685,-10.376315116882324,12.475269317626953,-35.816184997558594
3,596446,-1.5086150169372559,-16.491558074951172,0.5901580452919006,8.660987854003906
3,596446,17.635251998901367,17.48192024230957,9.742117881774902,-12.73182201385498
3,596446,11.325392723083496,9.315587043762207,-19.71087646484375,-17.135459899902344
3,596446,-2.751619577407837,3.81514573097229,-6.20599889755249,-12.778192520141602
3,596446,4.574549198150635,-25.262523651123047,9.899608612060547,22.02703285217285
3,596446,-10.198895454406738,0.04284672811627388,-13.327253341674805,12.293319702148438
3,596447,-7.334561347961426,32.431636810302734,-17.82030487060547,-20.527481079101562
3,596447,2.503420114517212,-7.248068809509277,-15.625797271728516,18.435226440429688
3,596447,13.138643264770508,-18.76785659790039,17.725971221923828,19.894433975219727
3,596447,46.12905502319336,8.35161018371582,9.338295936584473,-13.458584785461426
3,596447,31.49581527709961,1.7995398044586182,-27.999752044677734,10.286863327026367
3,596447,-15.418133735656738,-10.99278736114502,-6.106189727783203,23.726472854614258
3,596448,-4.616625785827637,8.459949493408203,6.854233264923096,-31.259634017944336
3,596448,18.61274528503418,-15.966215133666992,-17.89057731628418,-24.316877365112305
3,596448,-19.539003372192383,3.448744773864746,-14.942627906799316,-2.159309148788452
3,596448,-29.080787658691406,6.544613361358643,20.020172119140625,-11.075350761413574
3,596448,-19.81188201904297,-22.631929397583008,28.311866760253906,0.01858625002205372
3,596448,-9.379229545593262,28.108665466308594,23.20859718322754,-7.35039758682251
3,596449,1.0179921388626099,9.931656837463379,-17.8797664642334,10.759540557861328
3,596449,-38.56171417236328,-36.329166412353516,-12.446246147155762,17.864238739013672
3,596449,-17.145299911499023,5.649515151977539,30.850801467895508,-10.285057067871094
3,596449,6.7875471115112305,29.034217834472656,6.522974967956543,-4.891081809997559
3,596449,-23.849586486816406,-5.304203510284424,-3.4285857677459717,-20.6120662689209
3,596450,2.7017087936401367,-0.8380008935928345,-1.7919031381607056,31.931396484375
3,596450,32.37828063964844,21.25341796875,13.7769136428833,53.28364562988281
3,596450,26.837360382080078,0.776108980178833,15.149653434753418,-33.21358871459961
3,596451,-17.210693359375,-30.23431396484375,-12.191840171813965,8.776654243469238
3,596451,-50.012977600097656,-7.193241596221924,-9.264508247375488,7.099540710449219
3,596452,12.136269569396973,21.801136016845703,-13.969691276550293,-23.680984497070312
3,596452,43.37916564941406,-7.035695552825928,-3.770139455795288,-2.299351453781128
3,596452,-1.9362764358520508,-2.8097593784332275,-4.344244956970215,-9.305365562438965
3,596452,-23.371458053588867,17.199617385864258,-2.2862484455108643,36.1869010925293
3,596453,-9.913491249084473,-11.372511863708496,11.623106002807617,17.019451141357422
3,596453,-0.7397187352180481,-13.670313835144043,-18.950183868408203,-41.15964889526367
3,596456,-8.848991394042969,17.797927856445312,8.24624252319336,-35.01802062988281
3,596457,-12.302894592285156,7.935602188110352,26.846149444580078,44.80396270751953
3,596460,17.344013214111328,-48.82630157470703,-27.898860931396484,-27.19422149658203
3,596461,109.1023941040039,11.663802146911621,13.901542663574219,-80.83015441894531
3,596464,62.46699142456055,46.5054817199707,2.554903745651245,60.176513671875
3,596465,-90.884521484375,-45.50937271118164,-43.46683120727539,11.528786659240723
3,596468,-48.35531997680664,35.017051696777344,62.47635269165039,10.00876522064209
3,596469,-7.036830425262451,37.360172271728516,21.395959854125977,51.76376724243164
3,596472,-3.4777426719665527,-46.4682502746582,-61.9223747253418,-24.518718719482422
3,596474,60.599979400634766,11.897464752197266,-0.19149626791477203,-18.92537498474121
3,596476,-5.316783428192139,9.428425788879395,13.177555084228516,17.24904441833496
3,596478,-62.593017578125,-28.239362716674805,-18.958999633789062,24.95305061340332
3,596480,67.19064331054688,3.001478672027588,-9.606926918029785,-4.298364639282227
3,596482,14.293259620666504,23.802738189697266,-1.3232580423355103,-29.670087814331055
3,596484,-85.67401885986328,-29.834165573120117,-17.475425720214844,9.44991397857666
3,596486,28.185400009155273,-28.14180564880371,39.16395950317383,-17.868274688720703
3,596488,-16.207876205444336,44.418094635009766,58.58210754394531,-30.24127197265625
3,596490,5.283656597137451,7.381626605987549,-23.286766052246094,-37.302093505859375
3,596492,102.82546997070312,-52.921451568603516,-52.42493438720703,8.977082252502441
3,596494,16.57206916809082,4.061280727386475,-0.6924920678138733,155.5179443359375
3,596496,-116.92780303955078,39.84574890136719,38.83967590332031,-56.756439208984375
3,596645,-99.4974594116211,-4.525015830993652,8.244024276733398,-129.89027404785156
3,596645,74.42903900146484,-16.77232551574707,-22.350061416625977,82.81472778320312
3,596646,44.5396842956543,5.439483642578125,-12.121597290039062,38.01533889770508
3,596646,-19.26248550415039,-1.4927055835723877,18.723886489868164,-8.492781639099121
3,596646,27.88267707824707,9.327597618103027,-5.954598426818848,-0.9678696393966675
3,596646,21.58667755126953,11.221247673034668,-35.83433532714844,-6.952363967895508
3,596646,11.938767433166504,-26.0076847076416,13.498527526855469,8.529655456542969
3,596646,5.032203674316406,-12.732361793518066,5.8302788734436035,-1.1431442499160767
3,596647,-9.696118354797363,19.788070678710938,-1.5449912548065186,-10.54693603515625
3,596647,-4.382582187652588,16.703672409057617,12.322256088256836,-16.309385299682617
3,596647,5.253053665161133,2.609513998031616,0.72581547498703,6.948413848876953
3,596647,-27.2880859375,-1.8050013780593872,20.380765914916992,6.973808765411377
3,596647,-27.208410263061523,4.049378871917725,0.6172430515289307,-18.560842514038086
3,596647,-16.432016372680664,3.495405912399292,-22.257722854614258,4.4329609870910645
3,596648,-28.025117874145508,-16.68195915222168,1.270937204360962,10.890442848205566
3,596648,-19.141693115234375,2.046694040298462,19.392780303955078,-11.095831871032715
3,596648,-0.4561469256877899,25.34334373474121,8.520155906677246,-18.345928192138672
3,596648,26.123252868652344,-20.645727157592773,-25.738536834716797,-7.488561630249023
3,596648,13.565353393554688,-21.27044105529785,-5.388443946838379,27.015913009643555
3,596648,16.7207088470459,11.682507514953613,43.7427864074707,-2.646287202835083
3,596649,29.053159713745117,13.359890937805176,-10.587105751037598,-40.772701263427734
3,596649,-14.166421890258789,4.533024311065674,-22.970191955566406,20.33833122253418
3,596649,-1.6053658723831177,-1.7527763843536377,31.485288619995117,46.28330993652344
3,596649,23.83222198486328,-4.3557562828063965,-19.206235885620117,-3.0761916637420654
3,596649,-10.064716339111328,-2.4112913608551025,-22.89673614501953,-4.290095329284668
3,596649,3.3789849281311035,-8.538841247558594,12.105449676513672,29.13173484802246
3,596650,1.4556310176849365,-14.058927536010742,-2.043919801712036,20.173585891723633
3,596650,-25.224159240722656,10.325104713439941,1.3956557512283325,-11.636228561401367
3,596650,2.9432661533355713,-10.62398910522461,-25.3510684967041,0.4463328421115875
3,596650,-11.622434616088867,-1.6864629983901978,4.365980625152588,2.874321699142456
3,596650,-6.003336429595947,23.685182571411133,29.048688888549805,-11.83126449584961
3,596651,8.97395133972168,-7.005454063415527,-14.121055603027344,-1.9721587896347046
3,596651,-5.7606635093688965,6.729484558105469,-14.805787086486816,-9.014920234680176
3,596651,19.55487632751465,-5.993215084075928,-2.2834136486053467,-1.4640151262283325
3,596651,11.863059997558594,-18.837657928466797,22.436796188354492,-15.434303283691406
3,596651,-4.635293006896973,19.684799194335938,2.668682336807251,-30.789596557617188
3,596651,5.4911909103393555,15.01310920715332,-36.520145416259766,-0.16177219152450562
3,596652,16.696928024291992,-0.9427397847175598,16.213165283203125,2.533071994781494
3,596652,11.61910629272461,0.35288065671920776,40.44195556640625,-8.837265014648438
3,596652,-15.412542343139648,-1.167600154876709,-19.210750579833984,-19.614660263061523
3,596652,-8.92038631439209,-21.93113136291504,-11.970890998840332,1.3020719289779663
3,596652,13.124494552612305,-18.11920166015625,11.729212760925293,31.93343734741211
3,596652,-1.8733594417572021,7.611288547515869,-10.912823677062988,-13.797989845275879
3,596653,-11.294575691223145,-6.865248203277588,-4.8813371658325195,-13.545554161071777
3,596653,-0.9502850770950317,20.653066635131836,10.756295204162598,22.852964401245117
3,596653,21.368091583251953,15.991066932678223,2.235384702682495,26.247005462646484
3,596653,-3.850360870361328,-46.79610824584961,-6.722180366516113,27.032617568969727
3,596653,-37.43147659301758,16.870506286621094,6.4741692543029785,-20.812694549560547
3,596653,21.454139709472656,24.406938552856445,-6.300668239593506,-8.082752227783203
3,596654,15.39203929901123,-19.63924789428711,-4.317561626434326,18.468902587890625
3,596654,-25.272085189819336,30.118223190307617,26.0147762298584,-22.43964385986328
3,596654,2.4021008014678955,6.569052219390869,-14.037908554077148,-0.847602367401123
3,596654,-2.4132370948791504,-30.177772521972656,-24.822025299072266,11.165926933288574
3,596654,-8.838695526123047,7.378551006317139,26.778913497924805,-12.262020111083984
3,596654,1.9315415620803833,27.665128707885742,3.127345085144043,-10.806387901306152
3,596655,-10.882097244262695,-18.54635238647461,-38.116310119628906,-18.58268928527832
3,596655,-20.00735092163086,-31.68284034729004,5.519960403442383,-0.4502618610858917
3,596655,-5.445889472961426,7.81644868850708,30.226072311401367,16.409746170043945
3,596655,2.1609714031219482,7.807769775390625,-16.76207733154297,-20.574392318725586
3,596655,4.38118839263916,-9.917862892150879,-18.36164093017578,-1.149404525756836
3,596655,7.437469482421875,-10.120418548583984,10.541961669921875,40.409244537353516
3,596656,17.4893856048584,-9.91415786743164,2.9643146991729736,15.989410400390625
3,596656,21.55931854248047,18.980607986450195,14.652665138244629,-12.9736909866333
3,596656,-0.4891551733016968,32.57847213745117,6.507326602935791,-7.971129417419434
3,596656,3.1345901489257812,-2.5646002292633057,-22.868324279785156,25.947505950927734
3,596656,10.654088020324707,-9.559786796569824,17.906858444213867,1.9848921298980713
3,596656,7.096550941467285,3.841845750808716,34.00148010253906,-22.76753807067871
3,596657,0.928429901599884,20.50660514831543,-10.891542434692383,3.340852737426758
3,596657,-23.568105697631836,10.739424705505371,-0.2183486968278885,-1.4619613885879517
3,596657,-17.271068572998047,-16.362573623657227,11.746147155761719,-4.587795257568359
3,596657,14.034834861755371,-6.5072431564331055,-20.980958938598633,10.779953002929688
3,596657,-1.2203688621520996,9.24434757232666,-10.399053573608398,-14.124728202819824
3,596657,-29.72165870666504,-14.88670539855957,0.6846158504486084,-4.197378158569336
3,596658,-12.857010841369629,-13.885675430297852,6.127224445343018,33.78230285644531
3,596659,5.295128345489502,-9.110331535339355,21.094863891601562,-32.4826545715332
3,596659,14.243754386901855,-18.66668128967285,-18.3282413482666,-46.07753372192383
3,596659,12.539617538452148,27.460569381713867,-36.049678802490234,19.272573471069336
3,596659,17.484376907348633,15.209874153137207,12.694232940673828,18.778789520263672
3,596660,16.90549087524414,-23.486923217773438,21.773954391479492,7.921527862548828
3,596660,-5.144519329071045,8.789651870727539,-19.972042083740234,-4.8137993812561035
3,596660,-7.391071796417236,-1.804433822631836,-21.00696563720703,-3.909149646759033
3,596661,55.074100494384766,-18.125093460083008,-21.194284439086914,7.945029258728027
3,596661,58.52815246582031,24.704486846923828,-4.347087383270264,3.060755968093872
3,596664,-86.91597747802734,-7.153134346008301,48.04159927368164,26.375640869140625
3,596665,-65.74728393554688,-14.02687931060791,10.155168533325195,39.029335021972656
3,596668,-3.78494930267334,21.848426818847656,-23.901344299316406,-11.470261573791504
3,596669,-64.62919616699219,2.7545180320739746,15.470457077026367,-63.03350067138672
3,596672,34.15748977661133,33.042930603027344,25.077621459960938,-26.42715835571289
3,596673,69.70821380615234,0.8992335796356201,-1.5610560178756714,47.99028015136719
3,596676,-58.77615737915039,-56.86662673950195,-26.455730438232422,-41.46998596191406
3,596677,-15.303784370422363,-6.033876419067383,-8.025097846984863,-35.282012939453125
3,596680,61.80662155151367,16.966157913208008,5.282240390777588,100.85704803466797
3,596682,-11.231254577636719,-18.554460525512695,6.724666595458984,-22.676315307617188
3,596684,1.4655354022979736,0.5388488173484802,11.740962982177734,-28.971027374267578
3,596686,48.55580139160156,46.989253997802734,-7.093204021453857,50.64590072631836
3,596688,-25.071125030517578,0.5060431957244873,5.442168235778809,8.4924898147583
3,596690,-1.1201800107955933,-31.33084487915039,10.523070335388184,-19.75578498840332
3,596692,25.09328269958496,14.986225128173828,-9.598612785339355,-35.99839782714844
3,596694,-25.31824493408203,22.687700271606445,-15.788370132446289,16.037931442260742
3,596696,0.3455508351325989,-31.52370834350586,-2.80438494682312,22.53369903564453
3,596698,-28.647865295410156,-41.91054916381836,16.58900260925293,-14.20500373840332
3,596700,-14.325922012329102,40.49549865722656,5.552431106567383,-34.66767120361328
3,596702,36.38112258911133,29.61350440979004,-15.29135513305664,6.058837890625
3,596704,6.248645782470703,-6.716821193695068,4.225917339324951,-0.9896305799484253
3,596706,-13.229557991027832,-4.844728946685791,9.994345664978027,-17.075613021850586
3,596708,-6.956988334655762,-29.74619483947754,-14.953255653381348,62.9674186706543
3,596867,8.092653274536133,6.306116580963135,-11.684524536132812,-18.479307174682617
3,596867,-4.003098964691162,-5.068237781524658,0.8264622092247009,-69.69608306884766
3,596868,9.0127592086792,-1.2436507940292358,6.730326175689697,58.858154296875
3,596868,2.33743953704834,44.91440200805664,0.2654881179332733,31.180320739746094
3,596868,-29.359655380249023,-10.59022045135498,9.434423446655273,-12.037351608276367
3,596868,-5.5302815437316895,-17.750003814697266,31.243202209472656,0.27101990580558777
3,596868,22.832359313964844,29.26374053955078,-9.649901390075684,-18.602699279785156
3,596869,9.36559772491455,-3.4378108978271484,-31.96380043029785,3.176820755004883
3,596869,-15.335658073425293,-14.7655029296875,10.194148063659668,-8.912846565246582
3,596869,13.650907516479492,0.9580585360527039,7.157302379608154,-4.353946685791016
3,596869,13.115674018859863,-9.746321678161621,-2.274291753768921,21.621883392333984
3,596869,-15.472871780395508,10.30653190612793,-1.8865981101989746,3.2526004314422607
3,596869,-2.1431851387023926,-11.315827369689941,-21.751354217529297,6.509582996368408
3,596869,-10.111466407775879,-32.12228775024414,2.075247049331665,12.89041519165039
3,596870,7.832324504852295,28.441556930541992,34.2980842590332,-12.605057716369629
3,596870,16.03547477722168,18.819345474243164,1.6667953729629517,-16.567920684814453
3,596870,-20.267303466796875,-37.44459533691406,-18.7208309173584,-7.216249942779541
3,596870,-12.915562629699707,4.962566375732422,-4.05573844909668,6.583984851837158
3,596870,8.73431396484375,38.78358840942383,2.6354422569274902,-8.718239784240723
3,596871,19.21393394470215,-26.68377685546875,9.750730514526367,-22.341909408569336
3,596871,2.411412477493286,-28.05362319946289,-1.1242623329162598,-0.7738526463508606
3,596871,-7.961544990539551,19.180736541748047,-28.918132781982422,12.239413261413574
3,596871,-0.7211046814918518,1.477327585220337,-6.542934417724609,20.96778106689453
3,596871,2.8526558876037598,10.63837718963623,25.026334762573242,-1.556718349456787
3,596871,13.604334831237793,12.269936561584473,-3.2217884063720703,-13.280653953552246
3,596872,-5.888793468475342,-26.29315948486328,3.3036441802978516,7.853808403015137
3,596872,-13.683820724487305,7.596242904663086,11.723893165588379,-3.029663562774658
3,596872,-2.754038095474243,24.084941864013672,-12.539746284484863,-5.976751327514648
3,596872,-10.085369110107422,-7.708920955657959,10.355467796325684,23.25458526611328
3,596872,8.083772659301758,-4.603401184082031,-3.7473387718200684,4.875533580780029
3,596872,16.075702667236328,-21.91327476501465,-20.415063858032227,-12.963653564453125
3,596873,-7.835768222808838,6.659285545349121,32.18368911743164,15.323590278625488
3,596873,-6.852466583251953,19.56698989868164,17.6939697265625,7.50187873840332
3,596873,-0.5712444186210632,-17.678449630737305,-21.646562576293945,-6.811590194702148
3,596873,5.615350246429443,16.754150390625,-20.88032341003418,-17.5771427154541
3,596873,-3.4916303157806396,7.900814056396484,0.7956488728523254,-14.693981170654297
3,596874,-5.196547031402588,-28.78957748413086,11.547727584838867,10.850154876708984
3,596874,4.634262561798096,-1.3361984491348267,-20.488632202148438,10.221405029296875
3,596874,-4.296422958374023,30.206220626831055,2.162522315979004,2.32393217086792
3,596874,10.163705825805664,6.9963579177856445,19.14350128173828,-27.606647491455078
3,596874,7.242855072021484,-17.92997169494629,-13.97389030456543,-13.458246231079102
3,596874,-10.183364868164062,-8.767373085021973,-0.4415263235569,37.489112854003906
3,596875,2.3810207843780518,-1.908118724822998,10.329853057861328,18.689224243164062
3,596875,0.3523949682712555,13.510306358337402,-1.8605769872665405,-6.196200847625732
3,596875,-9.082179069519043,2.586320161819458,10.802250862121582,-5.515434741973877
3,596875,13.64206314086914,-1.7378212213516235,13.257790565490723,-10.952069282531738
3,596875,11.11483383178711,16.822057723999023,-5.446258544921875,-14.445260047912598
3,596875,-14.617279052734375,-7.536374092102051,-18.775901794433594,9.816794395446777
3,596876,-6.207743167877197,-28.850692749023438,-12.204784393310547,5.352877616882324
3,596876,10.2813720703125,9.205202102661133,6.854091167449951,-29.38164710998535
3,596876,16.382375717163086,11.250897407531738,-3.319382667541504,-0.794560968875885
3,596876,-12.23646354675293,-21.261930465698242,-13.40263557434082,24.65591812133789
3,596876,-27.49658966064453,-12.859394073486328,-5.407260417938232,-8.336790084838867
3,596876,3.6672329902648926,5.600945949554443,15.24620532989502,-15.400849342346191
3,596877,2.7488434314727783,14.779126167297363,19.771472930908203,5.578149318695068
3,596877,-0.2534642517566681,-14.122639656066895,-15.032309532165527,24.604875564575195
3,596877,11.449151039123535,-7.3228230476379395,-7.8387837409973145,12.000285148620605
3,596877,-5.555912494659424,17.979679107666016,13.699183464050293,-18.87477684020996
3,596877,5.759590148925781,-6.847134590148926,7.87795877456665,-24.257854461669922
3,596877,13.667774200439453,14.479207038879395,5.215352535247803,17.10828399658203
3,596878,-17.76970100402832,13.725092887878418,4.093052864074707,37.70869445800781
3,596878,17.690587997436523,-31.735851287841797,-12.966087341308594,-20.502744674682617
3,596878,15.89074993133545,0.964882493019104,-7.3606767654418945,11.129322052001953
3,596878,-27.287643432617188,28.56349754333496,12.010258674621582,2.784527540206909
3,596878,8.933592796325684,-0.2782171368598938,4.772529602050781,-34.01588821411133
3,596878,1.7350189685821533,-12.623250961303711,-9.657604217529297,14.142678260803223
3,596879,-16.68067741394043,-4.593565940856934,-11.721400260925293,-5.356536865234375
3,596879,14.20034122467041,-3.956468343734741,20.83831787109375,11.916543006896973
3,596879,13.46953010559082,-7.578491687774658,-8.61973762512207,7.598957061767578
3,596879,-28.188915252685547,25.134056091308594,-10.517741203308105,-20.63897132873535
3,596879,-28.95895004272461,20.593412399291992,27.643749237060547,14.558337211608887
3,596879,18.94268798828125,-20.273595809936523,-9.68807315826416,5.994486331939697
3,596880,10.729484558105469,6.560287952423096,-6.896504878997803,-19.45698356628418
3,596880,-1.985871434211731,15.020387649536133,-0.062132637947797775,-7.499808311462402
3,596880,-0.876411497592926,-19.893482208251953,-0.22056891024112701,17.195009231567383
3,596880,1.6349246501922607,5.457490921020508,0.652594268321991,-9.99661636352539
3,596880,6.771556377410889,13.208523750305176,-17.277992248535156,-11.043004035949707
3,596880,-26.438772201538086,-35.14871597290039,7.699607849121094,17.95563316345215
3,596881,5.696965217590332,-8.515534400939941,7.303215026855469,-4.949585914611816
3,596881,33.9451904296875,5.74414587020874,-10.80334758758545,0.36775606870651245
3,596882,-0.752302348613739,-28.70783805847168,1.1287891864776611,-10.730725288391113
3,596882,-14.89274787902832,4.805791854858398,7.6683735847473145,-16.072669982910156
3,596882,-5.930941581726074,11.16614818572998,18.175745010375977,25.175451278686523
3,596883,14.515775680541992,5.517519474029541,1.4801249504089355,7.1499152183532715
3,596883,-10.015681266784668,20.46877098083496,-22.47699546813965,-10.344204902648926
3,596883,-22.650434494018555,2.9228649139404297,-4.481842994689941,2.93619966506958
3,596883,17.601224899291992,1.4351986646652222,6.495804786682129,4.783180236816406
3,596884,17.965486526489258,19.86530303955078,19.280248641967773,11.879050254821777
3,596886,-45.791893005371094,-30.08112144470215,-14.035016059875488,-38.186336517333984
3,596888,-11.870932579040527,-24.860692977905273,-12.724321365356445,-1.2303361892700195
3,596890,62.001705169677734,68.19132995605469,38.521732330322266,70.29048919677734
3,596892,-21.416372299194336,12.144994735717773,-15.545188903808594,-5.857306480407715
3,596894,-31.254674911499023,-47.34467697143555,-18.2997989654541,-23.009782791137695
3,596896,45.12983703613281,-4.925869464874268,5.794230937957764,-20.551734924316406
3,596898,13.157896995544434,5.426376819610596,-3.7497689723968506,-11.98709774017334
3,596900,0.45527443289756775,-16.092666625976562,12.538596153259277,9.027215003967285
3,596902,6.4036641120910645,-18.820541381835938,-2.5457310676574707,11.858521461486816
3,596904,-31.57476234436035,-0.6478543877601624,-31.93156623840332,5.3530073165893555
3,596906,-12.342567443847656,31.584022521972656,-7.9037580490112305,-30.670928955078125
3,596908,32.542484283447266,25.676742553710938,49.77250289916992,26.490028381347656
3,596910,-11.199286460876465,-11.070688247680664,16.942142486572266,36.32645797729492
3,596913,-35.830589294433594,-8.759878158569336,-29.628477096557617,-54.217594146728516
3,596914,29.32365608215332,-4.253287315368652,0.32828399538993835,-30.169641494750977
3,596917,10.70991325378418,-10.028142929077148,3.729344129562378,73.96817016601562
3,596918,-16.336820602416992,-8.625207901000977,-31.461570739746094,34.81608963012695
3,596921,2.8023409843444824,15.624035835266113,3.4694156646728516,-84.0321273803711
3,596922,-7.912764549255371,-3.7155063152313232,24.26711082458496,-44.16915512084961
3,596925,20.022768020629883,-25.893774032592773,0.10171166062355042,57.76215362548828
3,596926,1.3121899366378784,21.305601119995117,15.19132137298584,44.569252014160156
3,596927,-30.500179290771484,12.098901748657227,-9.787485122680664,8.496126174926758
3,596930,-0.9596366882324219,-17.97417449951172,-32.3778076171875,-29.00991439819336
3,596931,21.60480499267578,15.909357070922852,9.12435245513916,-47.244651794433594
3,597101,19.74241065979004,16.12899398803711,2.009284257888794,-16.04189109802246
3,597101,-1.994604468345642,-20.799680709838867,-12.87741470336914,19.430866241455078
3,597101,-20.022985458374023,-17.095081329345703,22.411407470703125,39.003963470458984
3,597101,-1.6996575593948364,-2.9432263374328613,6.12126350402832,21.24603843688965
3,597102,7.735726833343506,24.486841201782227,-8.556501388549805,-10.400836944580078
3,597102,-3.872498035430908,14.959966659545898,6.664348602294922,-37.205848693847656
3,597102,5.982474327087402,-36.07489776611328,-3.249516487121582,-10.827524185180664
3,597102,-3.206333875656128,2.1396753787994385,4.740931510925293,7.379809379577637
3,597102,5.3575286865234375,18.229345321655273,-0.38515591621398926,-7.036284923553467
3,597103,9.208078384399414,-24.211400985717773,-28.320499420166016,-5.130758762359619
3,597103,-31.198179244995117,-11.221501350402832,0.4334770739078522,-6.683162689208984
3,597103,-23.534509658813477,17.07220458984375,26.886329650878906,20.407522201538086
3,597103,23.05844497680664,32.58510208129883,17.408166885375977,7.374057769775391
3,597103,20.17050552368164,8.05160140991211,3.5486767292022705,-21.14928436279297
3,597103,-10.768296241760254,-21.5004825592041,-18.149497985839844,12.316280364990234
3,597104,2.5968878269195557,-5.024165153503418,-10.965686798095703,21.712886810302734
3,597104,18.97808074951172,22.571218490600586,9.974492073059082,0.8602238297462463
3,597104,12.86445140838623,18.226669311523438,16.977445602416992,-4.90726900100708
3,597104,-8.913445472717285,-25.640676498413086,7.930200576782227,25.38835334777832
3,597104,-22.150053024291992,-14.377838134765625,-6.792792320251465,14.421987533569336
3,597104,13.040850639343262,22.092859268188477,-22.30417823791504,-27.64303207397461
3,597105,9.782156944274902,0.811184287071228,-18.107873916625977,-15.810632705688477
3,597105,-24.633512496948242,-11.529287338256836,29.885833740234375,21.002687454223633
3,597105,-15.993273735046387,4.030367851257324,30.676122665405273,11.18952751159668
3,597105,9.860505104064941,14.044970512390137,-24.363000869750977,-30.99397087097168
3,597105,19.931556701660156,-10.743913650512695,-35.895137786865234,-16.38216781616211
3,597105,-14.942766189575195,-21.380741119384766,3.373396396636963,9.31364631652832
3,597106,-11.416688919067383,-5.53190803527832,21.08700180053711,4.288283348083496
3,597106,20.224939346313477,-26.386062622070312,-8.709146499633789,-6.860047340393066
3,597106,-13.614161491394043,2.699887752532959,-4.913364887237549,-6.418935298919678
3,597106,-6.515404224395752,39.74994659423828,-0.695205569267273,-12.881088256835938
3,597106,4.012660503387451,-3.5071873664855957,-10.751136779785156,3.4789535999298096
3,597107,-13.551243782043457,-14.213394165039062,22.468097686767578,14.178817749023438
3,597107,25.781494140625,16.289865493774414,17.20435905456543,-13.053094863891602
3,597107,18.01468849182129,2.6267826557159424,-27.5841121673584,0.26024338603019714
3,597107,-29.273630142211914,-16.19233512878418,-10.844352722167969,29.359079360961914
3,597107,-19.741626739501953,6.0529279708862305,26.021102905273438,5.244082450866699
3,597107,6.097137451171875,9.804099082946777,-0.8136295676231384,-18.702350616455078
3,597107,21.71963882446289,5.506810188293457,-12.056690216064453,10.657855033874512
3,597108,11.108670234680176,-2.7927567958831787,20.22601890563965,17.464996337890625
3,597108,-13.001725196838379,-11.323579788208008,0.348170667886734,-0.5225169062614441
3,597108,-0.2576034963130951,8.150277137756348,-19.16492462158203,-14.849246978759766
3,597108,10.204716682434082,7.4345011711120605,-3.6829938888549805,1.9219284057617188
3,597108,1.6457000970840454,-12.87969970703125,-8.118868827819824,2.4480631351470947
3,597108,-5.1769585609436035,-5.131484508514404,8.88650894165039,3.446875810623169
3,597109,-9.070984840393066,7.557138442993164,22.252300262451172,38.888023376464844
3,597109,-10.497901916503906,10.126791954040527,5.1230621337890625,-14.953822135925293
3,597109,24.397655487060547,8.309057235717773,0.25359389185905457,-43.52433395385742
3,597109,22.720430374145508,-17.49730110168457,-16.804109573364258,21.345518112182617
3,597109,-47.78288269042969,11.598299980163574,-19.024274826049805,7.052400588989258
3,597110,2.5333340167999268,12.226006507873535,15.043206214904785,-26.36927604675293
3,597110,41.835235595703125,-33.20560073852539,14.939775466918945,5.4577412605285645
3,597110,-20.64914894104004,-1.1603312492370605,-2.9827065467834473,-5.044830322265625
3,597110,-9.000616073608398,-3.0787739753723145,-7.282160758972168,1.2294336557388306
3,597110,1.8982723951339722,-2.238616466522217,1.4257702827453613,15.778361320495605
3,597110,8.489900588989258,29.72244644165039,1.4231700897216797,-17.779157638549805
3,597111,8.855537414550781,2.646737813949585,-16.651811599731445,-17.16981315612793
3,597111,-16.92355728149414,-24.893218994140625,7.0227460861206055,16.194326400756836
3,597111,-4.568885326385498,-20.011125564575195,2.6358673572540283,20.949472427368164
3,597111,12.896167755126953,4.327637672424316,-12.389850616455078,-12.764998435974121
3,597111,-4.709789276123047,7.938159465789795,24.94668960571289,-2.173610210418701
3,597111,-10.952695846557617,2.603303909301758,1.510658860206604,1.0942267179489136
3,597112,17.820161819458008,4.321577072143555,-30.8129825592041,-13.013606071472168
3,597112,-0.1810348778963089,4.974081039428711,2.0138635635375977,19.715513229370117
3,597112,-13.66193675994873,7.827170372009277,11.146377563476562,-4.617666721343994
3,597112,-1.2329999208450317,-13.441573143005371,-8.91943073272705,-17.081531524658203
3,597112,2.4206037521362305,-3.3836002349853516,9.49213981628418,28.205476760864258
3,597112,4.119607448577881,2.8725078105926514,-7.299861907958984,-3.161850929260254
3,597113,-9.433021545410156,-12.3823881149292,-30.687850952148438,-24.664310455322266
3,597113,-4.342270851135254,24.845195770263672,19.94630241394043,1.848789930343628
3,597113,11.814436912536621,15.643183708190918,27.283977508544922,13.970306396484375
3,597113,-1.6129999160766602,-23.32707977294922,5.38862419128418,3.598031759262085
3,597113,-7.560511112213135,-5.501217365264893,-7.638218402862549,-3.6352148056030273
3,597113,-3.0002946853637695,9.833118438720703,0.7569515705108643,26.936960220336914
3,597114,-0.06768016517162323,-3.1571128368377686,13.550012588500977,8.627864837646484
3,597114,19.182004928588867,-2.658120632171631,-17.681211471557617,-30.183883666992188
3,597114,-0.5358932614326477,-0.10205317288637161,-18.64201545715332,5.556702136993408
3,597114,-21.859037399291992,-19.925634384155273,3.9551308155059814,25.39665985107422
3,597114,11.112284660339355,18.243803024291992,19.461530685424805,-21.02239990234375
3,597114,28.138742446899414,20.17481231689453,8.83807373046875,-14.260610580444336
3,597115,-8.7886962890625,-16.017333984375,-23.487707138061523,24.975919723510742
3,597115,-25.61506462097168,17.751728057861328,0.1463414430618286,-5.648107051849365
3,597115,11.200019836425781,-7.018246650695801,13.96748161315918,-40.31486511230469
3,597115,12.948840141296387,-29.76955223083496,-9.566864967346191,-5.297723293304443
3,597116,-1.220362901687622,17.619592666625977,-4.050594329833984,-2.1804111003875732
3,597117,11.59904670715332,9.343517303466797,-9.343667030334473,-29.780136108398438
3,597117,-9.290642738342285,-7.832771301269531,3.9271981716156006,7.010391712188721
3,597117,-18.592159271240234,-0.18431128561496735,25.85424041748047,46.4445915222168
3,597117,10.102605819702148,-18.44675636291504,-14.023828506469727,18.94337272644043
3,597117,-6.6856889724731445,16.369220733642578,-19.77093505859375,-39.47679138183594
3,597117,-11.766250610351562,21.882781982421875,22.573291778564453,11.229140281677246
3,597118,18.89427375793457,-24.36594581604004,14.165602684020996,46.88960266113281
3,597119,-2.560969352722168,-12.987896919250488,-17.452220916748047,-15.968095779418945
3,597120,-11.540889739990234,-9.76132583618164,-5.23663854598999,-16.00347137451172
3,597121,2.9458673000335693,12.201224327087402,12.406573295593262,-35.278995513916016
3,597124,-16.551265716552734,32.955291748046875,10.971186637878418,-50.45384216308594
3,597125,-11.461735725402832,-5.827706336975098,-14.713412284851074,25.68489646911621
3,597128,31.31797981262207,-0.6375580430030823,-9.606155395507812,88.31486511230469
3,597129,12.474348068237305,10.233879089355469,38.21693801879883,53.433128356933594
3,597132,-16.3271541595459,-8.612737655639648,-5.914841651916504,-77.14854431152344
3,597133,-11.33781623840332,-16.19277000427246,-32.35286331176758,-73.77787017822266
3,597136,7.5783891677856445,-6.189330101013184,-6.746239185333252,65.20675659179688
3,597138,34.962303161621094,22.51548957824707,0.15440021455287933,13.400091171264648
3,597140,-7.8750433921813965,-20.43629264831543,4.324134826660156,-24.90450096130371
3,597142,-8.178277969360352,-28.30923080444336,5.836169719696045,44.00550079345703
3,597144,-1.9044713973999023,15.248322486877441,1.7361310720443726,5.489317893981934
3,597146,-2.57354736328125,26.948177337646484,-5.365668296813965,27.880292892456055
3,597148,7.432406902313232,16.472984313964844,18.045366287231445,-8.098566055297852
3,597150,-35.63620376586914,-32.60231399536133,-5.707416534423828,-89.18553161621094
3,597152,4.280294895172119,12.134780883789062,3.286015748977661,-94.94257354736328
3,597154,8.827466011047363,34.64541244506836,19.407875061035156,-26.323570251464844
3,597156,-5.171524524688721,-31.505828857421875,-33.494407653808594,172.43917846679688
3,597158,37.77741622924805,-14.486540794372559,-2.6156985759735107,105.76284790039062
3,597160,3.462857961654663,-1.6523196697235107,17.120899200439453,-69.49351501464844
3,597162,-23.512266159057617,-9.152985572814941,-23.527835845947266,-29.65858268737793
3,597164,-24.315879821777344,4.851924896240234,12.623586654663086,-29.416458129882812
3,597166,4.2555108070373535,21.3114070892334,21.97559928894043,-40.84245300292969
3,597169,28.734418869018555,20.32607650756836,-10.06125545501709,46.844791412353516
3,597346,3.574279546737671,-29.103078842163086,-7.289612293243408,37.46625900268555
3,597346,-0.0931079164147377,-29.216663360595703,0.000536549836397171,-21.009592056274414
3,597346,-11.387960433959961,33.84054183959961,6.266973495483398,0.6660500764846802
3,597346,-7.49784517288208,26.093425750732422,-7.356259822845459,-18.030677795410156
3,597346,-4.992620944976807,-17.3677978515625,-1.4882590770721436,-9.012491226196289
3,597347,-8.78154468536377,5.999966621398926,12.915949821472168,13.473552703857422
3,597347,13.196784973144531,14.660991668701172,-0.20251649618148804,-12.914613723754883
3,597347,-9.096654891967773,-16.118762969970703,-14.328481674194336,-6.241016864776611
3,597347,-3.078749656677246,-12.990277290344238,11.895689010620117,5.8705620765686035
3,597347,33.068477630615234,-0.00203754217363894,14.67662239074707,10.475212097167969
3,597347,4.371946334838867,-12.192538261413574,-22.208669662475586,3.4617486000061035
3,597348,-7.4630537033081055,-10.575603485107422,-12.856395721435547,6.94285249710083
3,597348,-20.189022064208984,-6.279160499572754,3.1822152137756348,14.28555965423584
3,597348,-10.2001953125,22.698850631713867,12.330107688903809,-24.246095657348633
3,597348,23.775598526000977,32.320804595947266,7.019146919250488,-16.064544677734375
3,597348,-12.787500381469727,-3.6945385932922363,-8.96454906463623,14.335220336914062
3,597348,3.0780067443847656,-10.674969673156738,17.077457427978516,-1.1328761577606201
3,597349,27.275625228881836,-15.86685562133789,-7.703448295593262,-10.991220474243164
3,597349,-23.028520584106445,1.960594654083252,-40.073062896728516,-3.606616973876953
3,597349,-11.60169506072998,14.166024208068848,7.866872787475586,-0.23842893540859222
3,597349,18.546546936035156,-8.149354934692383,24.677413940429688,-9.675207138061523
3,597349,-6.4451398849487305,-8.612590789794922,-12.595489501953125,12.691143989562988
3,597350,-13.12745189666748,-9.372431755065918,-24.4862117767334,12.086713790893555
3,597350,12.129668235778809,3.288114547729492,22.77957534790039,-20.766759872436523
3,597350,18.5231990814209,10.9800443649292,29.72536277770996,3.671133518218994
3,597350,-19.97709083557129,-5.4989447593688965,-8.98825454711914,17.046831130981445
3,597350,-27.703432083129883,-5.835925102233887,-8.760688781738281,7.452231407165527
3,597350,13.236849784851074,-11.481348991394043,-4.753446102142334,7.188732624053955
3,597351,11.91267204284668,-0.33158913254737854,-1.2200549840927124,9.256451606750488
3,597351,-6.507211685180664,10.04416561126709,15.565683364868164,7.562739372253418
3,597351,12.365771293640137,16.060998916625977,0.16296876966953278,-8.297492980957031
3,597351,14.518401145935059,0.7859357595443726,-20.487438201904297,-9.374350547790527
3,597351,-6.934779644012451,-32.31351089477539,4.110905647277832,7.5881195068359375
3,597351,-14.57279109954834,26.47256851196289,22.597509384155273,-1.0225186347961426
3,597352,-3.843074083328247,26.80106544494629,7.877975940704346,-18.957571029663086
3,597352,8.50645923614502,-26.492216110229492,-27.6205997467041,-8.764742851257324
3,597352,6.1896162033081055,-0.20576171576976776,-19.87672233581543,-0.009755456820130348
3,597352,-3.6520931720733643,17.509002685546875,23.832857131958008,-3.91139554977417
3,597352,-0.269978791475296,6.790539741516113,-0.7446209788322449,-8.413825035095215
3,597352,-3.2770135402679443,-33.52021026611328,-14.19632625579834,11.949445724487305
3,597353,-6.959408760070801,-10.1676025390625,6.169881343841553,5.530224800109863
3,597353,-0.8656899929046631,33.97230911254883,-1.2529137134552002,-32.25742721557617
3,597353,-0.25673261284828186,10.281476974487305,3.0652425289154053,21.472644805908203
3,597353,-5.273730278015137,-28.483877182006836,8.641079902648926,45.42621994018555
3,597353,4.9494948387146,-23.88901710510254,-5.654893398284912,-49.20978546142578
3,597354,22.183992385864258,30.770538330078125,2.050231695175171,-1.4669108390808105
3,597354,-10.249991416931152,31.732585906982422,27.531644821166992,46.68718338012695
3,597354,-1.6498963832855225,-29.53410530090332,-11.911332130432129,-27.60184097290039
3,597354,31.864532470703125,-23.27341651916504,-26.289859771728516,3.8117265701293945
3,597354,2.0287697315216064,21.943071365356445,26.988439559936523,15.653339385986328
3,597354,-28.290393829345703,12.46710205078125,-2.592949867248535,-29.08766746520996
3,597354,-4.919597625732422,-8.316553115844727,-34.6878547668457,4.259011268615723
3,597355,-5.520330905914307,-12.090502738952637,22.494447708129883,12.044626235961914
3,597355,-7.948365211486816,3.6578452587127686,27.284475326538086,-41.22041320800781
3,597355,17.378387451171875,-23.36191749572754,-25.394775390625,-5.171984672546387
3,597355,-10.987685203552246,-17.670085906982422,-25.42051887512207,23.016977310180664
3,597355,-14.624510765075684,24.195262908935547,5.5327067375183105,-42.65555191040039
3,597355,3.3257856369018555,12.636204719543457,-0.11805649101734161,-27.253643035888672
3,597356,-1.809900164604187,-16.46666145324707,-8.73972225189209,46.99994659423828
3,597356,3.8161301612854004,-1.737126350402832,10.448766708374023,20.330446243286133
3,597356,11.774677276611328,12.488290786743164,-3.3561978340148926,-38.45487976074219
3,597356,1.1219887733459473,-0.282884418964386,-6.912344455718994,13.622920036315918
3,597356,-3.2352030277252197,18.219406127929688,18.75401496887207,61.71241760253906
3,597357,16.604883193969727,7.921586990356445,6.813558101654053,-6.3024725914001465
3,597357,13.127849578857422,-15.341455459594727,-6.043679714202881,-1.3215796947479248
3,597357,-4.7739763259887695,2.144515037536621,2.5416667461395264,27.474544525146484
3,597357,-17.034528732299805,17.949302673339844,-0.7211708426475525,-12.198659896850586
3,597357,-1.4386268854141235,-22.43239402770996,6.974508285522461,4.71791410446167
3,597357,9.109762191772461,-8.047789573669434,18.821537017822266,-16.402664184570312
3,597358,-5.4869866371154785,21.466176986694336,-1.137964129447937,-15.545955657958984
3,597358,-0.01799660362303257,-13.74618911743164,-13.795187950134277,12.101365089416504
3,597358,-8.786094665527344,5.388844013214111,0.6265894770622253,1.8081289529800415
3,597358,6.138282775878906,6.958107948303223,-6.4720659255981445,5.319022178649902
3,597358,-0.3362429738044739,-18.64874839782715,-9.776583671569824,-16.451820373535156
3,597358,-13.428326606750488,-2.4492383003234863,8.191182136535645,-2.26741623878479
3,597359,23.26633644104004,10.247892379760742,3.405456304550171,11.298200607299805
3,597359,2.270207166671753,10.849685668945312,-4.9440202713012695,-14.965396881103516
3,597359,-11.45390796661377,1.5133681297302246,17.107223510742188,15.603742599487305
3,597359,2.726567506790161,-3.329634428024292,0.017214477062225342,3.9191806316375732
3,597359,-2.6506688594818115,-5.623847484588623,-28.384187698364258,-27.71193504333496
3,597359,2.3972926139831543,-31.41905403137207,0.20632389187812805,17.13942527770996
3,597360,-11.865174293518066,6.203780174255371,5.82631778717041,4.161828517913818
3,597360,-8.5203275680542,38.11589431762695,4.969518661499023,-17.364131927490234
3,597360,13.868468284606934,-22.78734016418457,10.056227684020996,14.405489921569824
3,597360,0.984394371509552,1.8953132629394531,11.545154571533203,9.854954719543457
3,597360,-4.610702037811279,27.974611282348633,1.6981263160705566,-18.71849250793457
3,597360,8.253715515136719,-15.54401969909668,-30.819307327270508,-5.148148536682129
3,597361,-3.1322638988494873,-17.25514030456543,-7.972682952880859,20.595287322998047
3,597361,-10.111958503723145,8.01391887664795,19.602100372314453,5.446907043457031
3,597362,-2.7725670337677,14.725343704223633,-1.1309900283813477,-8.622469902038574
3,597362,1.853845477104187,-29.07860565185547,-5.622745990753174,-7.701189041137695
3,597362,12.638527870178223,-24.574613571166992,-6.6786932945251465,1.0698050260543823
3,597363,11.28979206085205,25.13121223449707,-3.6352953910827637,6.798654079437256
3,597363,-2.319451093673706,16.02706527709961,5.126725196838379,-17.548898696899414
3,597363,-23.555461883544922,-8.417618751525879,15.241828918457031,0.8927671909332275
3,597363,-15.50356388092041,3.775233507156372,12.071220397949219,12.358981132507324
3,597363,27.64075469970703,-2.657201051712036,-20.413965225219727,-11.635790824890137
3,597365,18.524242401123047,21.039323806762695,-4.405249118804932,8.375408172607422
3,597366,-24.126583099365234,36.07576370239258,28.33612823486328,3.0173516273498535
3,597369,1.2307555675506592,-24.101882934570312,10.905475616455078,-22.924760818481445
3,597370,13.879443168640137,9.451312065124512,4.186129570007324,28.13970375061035
3,597373,-17.444026947021484,12.545787811279297,-20.420040130615234,31.623313903808594
3,597374,3.208865165710449,-26.3696231842041,-37.05850601196289,-46.090675354003906
3,597377,5.613670825958252,-8.191651344299316,13.345392227172852,-14.61582088470459
3,597378,0.4855589270591736,-33.06739807128906,30.934566497802734,21.15749740600586
3,597379,19.036197662353516,-0.5596050024032593,-21.39133644104004,3.7478575706481934
3,597382,-1.7473950386047363,19.660877227783203,-33.549583435058594,-33.282073974609375
3,597383,-16.332366943359375,-16.556385040283203,22.84449577331543,-27.02560806274414
3,597386,-14.223050117492676,-0.7164404988288879,20.80063819885254,59.22318649291992
3,597387,9.650186538696289,16.632003784179688,-3.7364797592163086,44.41157531738281
3,597390,11.701288223266602,14.856607437133789,4.2333855628967285,-35.23136901855469
3,597391,-32.35733413696289,-1.391321063041687,8.207895278930664,-39.815589904785156
3,597394,15.306620597839355,-15.811179161071777,-0.6460668444633484,11.330168724060059
3,597395,19.17215919494629,4.72183895111084,-14.322820663452148,13.217339515686035
3,597398,-24.033069610595703,5.860458850860596,-30.947980880737305,-19.65716552734375
3,597399,8.686680793762207,-14.60094165802002,-6.409911632537842,-11.54316234588623
3,597402,16.012496948242188,-2.5835013389587402,26.836050033569336,37.4049186706543
3,597403,13.831339836120605,6.3822245597839355,17.624591827392578,32.11567687988281
3,597406,-21.969161987304688,2.0163257122039795,-5.479971885681152,-15.568572998046875
3,597407,-17.535709381103516,0.9517600536346436,-17.296432495117188,-23.880605697631836
3,597410,17.36497688293457,-2.1983017921447754,9.590288162231445,2.4982104301452637
3,597411,8.453362464904785,9.870102882385254,9.792222023010254,4.541867733001709
3,597414,-14.649312973022461,10.191951751708984,11.35727596282959,-29.115474700927734
3,597415,-11.00577163696289,-22.907611846923828,-4.161728382110596,19.82656478881836
4,599044,17.7565975189209,-10.78131103515625,-19.684825897216797,41.572322845458984
4,599046,-10.513300895690918,21.6283016204834,12.588427543640137,-10.441503524780273
4,599048,-18.701828002929688,11.843554496765137,-1.518583059310913,0.570766806602478
4,599050,13.922698974609375,-2.6692376136779785,-7.110317230224609,-2.0655136108398438
4,599052,11.244980812072754,-5.002117156982422,-4.2354416847229,-42.706546783447266
4,599054,1.3187144994735718,-26.945158004760742,-34.33610916137695,-42.41612243652344
4,599057,15.095399856567383,-21.28148651123047,10.833854675292969,39.606937408447266
4,599058,1.9384100437164307,17.465848922729492,42.915367126464844,26.05290985107422
4,599068,-11.192320823669434,17.358949661254883,-14.837040901184082,-92.94480895996094
4,599069,9.484833717346191,12.16689682006836,-12.79122543334961,47.24225616455078
4,599069,-7.944357872009277,-8.036731719970703,33.987770080566406,110.52915954589844
4,599069,-17.7393856048584,12.219648361206055,14.525585174560547,-64.03353118896484
4,599069,10.871735572814941,24.163330078125,-26.66486930847168,-47.16984176635742
4,599070,-4.805455207824707,-25.552698135375977,-4.9379353523254395,20.981077194213867
4,599072,-28.036094665527344,-26.210786819458008,-11.523880004882812,7.048490524291992
4,599074,29.893455505371094,2.965355396270752,-17.56679916381836,-0.012993840500712395
4,599076,27.978919982910156,17.153913497924805,26.828149795532227,37.63090515136719
4,599078,-30.622385025024414,-13.619125366210938,-12.822937965393066,26.22071075439453
4,599080,14.870471000671387,-17.4163875579834,-29.21335220336914,-72.44316864013672
4,599082,0.12382135540246964,8.84111213684082,16.664030075073242,7.950549602508545
4,599084,-33.232669830322266,11.53227710723877,44.727481842041016,60.215396881103516
4,599086,-1.8713111877441406,16.93395233154297,6.094240188598633,-27.057384490966797
4,599088,8.391459465026855,12.993302345275879,-20.143266677856445,5.056506633758545
4,599110,13.069967269897461,-33.58893585205078,27.53285789489746,65.9835433959961
4,599110,7.804633140563965,-5.234457969665527,4.55776834487915,-35.77841567993164
4,599110,-2.8568015098571777,55.46529006958008,-25.43944549560547,-105.4863052368164
4,599110,-8.235552787780762,-6.726036071777344,-17.82828712463379,19.257598876953125
4,599111,-1.4189822673797607,-16.606765747070312,4.351803302764893,20.691238403320312
4,599111,13.6984224319458,-0.2819264531135559,7.692698001861572,-12.50754165649414
4,599111,15.664758682250977,-12.931889533996582,-28.25967025756836,4.252664566040039
4,599111,-17.571908950805664,-6.165482521057129,0.7100805044174194,6.557017803192139
4,599111,-20.464649200439453,1.2333135604858398,29.098379135131836,-13.31171703338623
4,599111,11.241448402404785,-5.389455318450928,-4.873107433319092,-28.675357818603516
4,599112,8.7587890625,-27.657073974609375,-10.716940879821777,47.37684631347656
4,599113,5.867412567138672,-1.2533199787139893,-8.516647338867188,91.89214324951172
4,599114,7.917638778686523,21.880313873291016,-12.58221435546875,-30.729310989379883
4,599116,-35.2532844543457,5.388178825378418,21.032135009765625,-134.18011474609375
4,599118,-1.3080124855041504,6.9902544021606445,8.710443496704102,1.2980241775512695
4,599120,42.04325485229492,15.00117015838623,-9.193229675292969,80.27151489257812
4,599122,-12.437206268310547,-10.407318115234375,14.42762279510498,28.808795928955078
4,599124,-12.198362350463867,-7.143821716308594,-14.386959075927734,-10.013923645019531
4,599126,-3.6224114894866943,13.129640579223633,-16.761972427368164,-17.229961395263672
4,599128,-8.171004295349121,8.918479919433594,20.0915470123291,-14.564945220947266
4,599130,12.953885078430176,3.9311001300811768,21.297998428344727,-12.012619018554688
4,599132,-8.875304222106934,-20.790250778198242,-3.938692808151245,18.46293830871582
4,599163,0.6767187714576721,-18.448183059692383,-31.937973022460938,15.133627891540527
4,599164,24.91960334777832,9.476105690002441,3.6613707542419434,8.834338188171387
4,599164,-11.352204322814941,15.000802993774414,32.952430725097656,21.33621597290039
4,599164,-6.959137439727783,5.82529354095459,-1.2005058526992798,6.298740863800049
4,599164,-4.332643508911133,-15.658541679382324,-15.811799049377441,-33.30190658569336
4,599164,-13.884429931640625,-18.553020477294922,-9.515594482421875,-28.291366577148438
4,599164,13.862655639648438,-3.420632839202881,-3.55912184715271,19.424144744873047
4,599165,4.840568542480469,13.098965644836426,-7.768375873565674,-12.3009614944458
4,599165,-1.9272416830062866,8.507296562194824,14.624011039733887,-34.32066345214844
4,599165,10.39981460571289,-0.9082569479942322,8.102510452270508,12.359821319580078
4,599165,-0.5067305564880371,7.797308444976807,-18.30080223083496,13.320927619934082
4,599165,-12.317317962646484,-4.606858730316162,10.24279499053955,18.4069881439209
4,599165,-21.58150863647461,-9.530144691467285,17.884851455688477,21.786388397216797
4,599166,-5.604244709014893,21.5421085357666,5.874723434448242,-0.07723266631364822
4,599166,26.725788116455078,10.554374694824219,3.560119390487671,-10.284064292907715
4,599166,16.729991912841797,-14.457199096679688,-7.614467144012451,-19.406448364257812
4,599167,14.137502670288086,17.900489807128906,-12.984648704528809,-0.4523836076259613
4,599167,6.515803813934326,12.09545612335205,24.328170776367188,10.398244857788086
4,599170,-41.36811828613281,-32.46709060668945,-10.45604133605957,-8.384833335876465
4,599171,2.3731515407562256,-14.673135757446289,-24.21739959716797,-8.509794235229492
4,599174,40.63890075683594,6.646269798278809,16.62537384033203,-6.111449718475342
4,599175,-3.9549474716186523,-6.566339015960693,-36.89426803588867,-5.757256984710693
4,599178,-7.656774997711182,0.9465880990028381,-13.89918041229248,23.543886184692383
4,599179,-13.40861701965332,-6.096086502075195,50.347679138183594,14.337355613708496
4,599182,-17.123781204223633,4.061947345733643,-0.4807245433330536,-37.99565887451172
4,599184,12.980936050415039,17.0688419342041,-32.961185455322266,-2.9515020847320557
4,599186,-0.46030354499816895,-5.618402481079102,7.162772178649902,42.51674270629883
4,599188,-27.21014976501465,4.7314372062683105,10.172733306884766,0.4510316252708435
4,599190,3.391124963760376,11.986489295959473,21.734268188476562,-8.352400779724121
4,599192,24.83025550842285,5.952111721038818,16.18448829650879,-0.26204121112823486
4,599237,10.722315788269043,-19.48374366760254,-32.30056381225586,-37.35688781738281
4,599237,-20.180627822875977,-15.414630889892578,-20.03866195678711,-17.24180793762207
4,599237,-18.063148498535156,5.944566249847412,22.101640701293945,21.139253616333008
4,599237,14.724275588989258,-13.3533353805542,9.471895217895508,-10.78773021697998
4,599238,10.007085800170898,3.443373203277588,-17.27635383605957,-13.44739818572998
4,599238,-1.2369399070739746,10.562636375427246,12.580649375915527,22.7226505279541
4,599238,4.894635200500488,-25.928104400634766,-6.104625225067139,20.58479118347168
4,599238,-4.978533744812012,-8.237859725952148,-29.78572654724121,0.31317564845085144
4,599238,-11.811439514160156,33.733978271484375,18.073711395263672,-4.4467058181762695
4,599238,18.056407928466797,4.4361572265625,22.010690689086914,8.377833366394043
4,599239,11.549661636352539,-1.5891096591949463,2.1085548400878906,35.96410369873047
4,599239,-24.392921447753906,15.307759284973145,10.026630401611328,31.298030853271484
4,599239,-3.8802082538604736,-5.65556001663208,-3.197033643722534,-12.972004890441895
4,599239,24.368452072143555,1.7843046188354492,-18.64432144165039,-3.5994150638580322
4,599239,3.349334955215454,7.637675762176514,4.185652256011963,17.16483497619629
4,599239,-7.79092264175415,-8.786416053771973,9.745667457580566,-24.9730167388916
4,599240,11.966388702392578,3.1892499923706055,-10.513720512390137,-28.362403869628906
4,599240,-6.860016822814941,5.710007667541504,-5.394975185394287,-1.0648475885391235
4,599240,-13.730226516723633,-9.346526145935059,9.639978408813477,-21.52642059326172
4,599240,20.73312759399414,-5.518653392791748,-12.01538372039795,-11.055123329162598
4,599240,-5.504786491394043,-0.7318702936172485,-22.218536376953125,13.618793487548828
4,599241,-31.379375457763672,-9.059442520141602,12.215302467346191,6.830694198608398
4,599242,-7.345134735107422,-12.144549369812012,32.20050811767578,-0.6614218950271606
4,599242,7.933004856109619,20.55802345275879,-3.7354166507720947,-2.5103299617767334
4,599242,-1.2660713195800781,-6.869746208190918,-39.339786529541016,9.753993034362793
4,599244,10.936114311218262,-18.681421279907227,23.021265029907227,29.58009910583496
4,599246,8.423462867736816,54.81012725830078,40.08580780029297,9.185773849487305
4,599248,-24.483171463012695,3.0896780490875244,-19.65168571472168,-43.55559539794922
4,599250,1.148429274559021,-40.92939758300781,-8.844083786010742,-52.02304458618164
4,599252,6.446402072906494,20.539546966552734,10.947982788085938,-5.457807540893555
4,599254,-2.4413669109344482,-17.14818572998047,-7.7750325202941895,55.66679763793945
4,599256,21.13852310180664,-4.648944854736328,-15.391191482543945,38.14445114135742
4,599258,9.363351821899414,27.60971450805664,7.671671390533447,-12.866020202636719
4,599260,-18.659626007080078,-37.5077018737793,-10.636343002319336,-23.089454650878906
4,599262,-12.458174705505371,8.927329063415527,-16.366891860961914,-34.00440979003906
4,599264,11.265926361083984,38.206600189208984,32.22528076171875,10.755707740783691
4,599266,4.57427453994751,-9.447433471679688,3.465463161468506,43.754093170166016
4,599268,-1.5503971576690674,-14.824250221252441,-6.881795883178711,-33.1784553527832
4,599324,15.626931190490723,-13.167902946472168,-3.907989740371704,-8.55312442779541
4,599325,-0.6678757667541504,-3.397768974304199,-19.15755271911621,56.14476013183594
4,599325,-29.02858543395996,-0.8353323936462402,29.018470764160156,-10.678425788879395
4,599325,-0.9723759889602661,18.419818878173828,15.61900806427002,-26.78853416442871
4,599325,23.372983932495117,31.477516174316406,-11.636236190795898,10.60018539428711
4,599325,-2.202859401702881,-13.640701293945312,-7.7307281494140625,-0.4758707284927368
4,599325,8.181295394897461,-30.634050369262695,-19.45914649963379,-21.649900436401367
4,599326,2.6061627864837646,-2.9902195930480957,5.402946949005127,3.7255289554595947
4,599326,-32.184268951416016,6.972790718078613,17.73556137084961,21.020139694213867
4,599326,3.622321128845215,11.286755561828613,-11.720685958862305,-11.255070686340332
4,599326,21.478761672973633,1.7958269119262695,-11.947415351867676,-5.810369491577148
4,599326,-17.21489715576172,-25.72130584716797,11.270973205566406,6.448755264282227
4,599327,-1.934136986732483,-2.665432929992676,2.2615888118743896,-15.103089332580566
4,599327,14.755983352661133,29.604942321777344,-3.922367572784424,-0.48008596897125244
4,599327,-13.401618957519531,8.61135482788086,10.297382354736328,16.052820205688477
4,599327,5.696960926055908,-13.206384658813477,4.063590049743652,-13.020929336547852
4,599327,22.381887435913086,-21.00442123413086,-11.81351089477539,-11.618144035339355
4,599327,-12.955391883850098,4.437907695770264,-3.4303317070007324,24.161272048950195
4,599328,-17.85732078552246,28.264068603515625,-4.8459367752075195,0.6341783404350281
4,599328,11.200858116149902,-18.26986312866211,-1.3722165822982788,-11.863138198852539
4,599328,13.097146034240723,-12.930688858032227,9.272217750549316,6.514144420623779
4,599328,0.21962416172027588,27.963151931762695,-6.148143768310547,12.663074493408203
4,599328,-12.613936424255371,-11.032423973083496,-3.491975784301758,14.954437255859375
4,599328,2.418572425842285,-15.087562561035156,22.8477725982666,-6.949667453765869
4,599329,5.990517616271973,19.689319610595703,17.657451629638672,-5.775895595550537
4,599329,-16.88611602783203,17.76776885986328,-28.50055694580078,-13.354918479919434
4,599329,3.0684053897857666,-20.84905242919922,-5.068392276763916,2.0971996784210205
4,599329,2.9539568424224854,-30.75929832458496,16.00405502319336,20.500619888305664
4,599330,-8.188349723815918,13.388318061828613,-24.714555740356445,-14.887951850891113
4,599331,11.37535285949707,18.881250381469727,3.5550003051757812,2.6500325202941895
4,599331,14.051634788513184,10.702963829040527,14.625113487243652,-8.21474552154541
4,599332,-7.594267845153809,-15.301664352416992,-9.66234016418457,-29.184951782226562
4,599333,-10.92807388305664,-19.268556594848633,-7.0436811447143555,31.12982177734375
4,599336,17.844581604003906,13.080613136291504,-12.687273025512695,10.723589897155762
4,599337,3.383331775665283,-2.3310766220092773,8.108123779296875,-39.414310455322266
4,599340,-24.034074783325195,-4.263505935668945,10.25053882598877,-18.325733184814453
4,599341,3.0468266010284424,-4.848360061645508,-5.685819625854492,22.359899520874023
4,599344,29.248916625976562,7.442773818969727,13.835378646850586,37.244327545166016
4,599345,-10.983848571777344,22.228681564331055,16.1672306060791,-0.396282434463501
4,599348,-21.07962417602539,-10.391383171081543,-7.721723556518555,-7.131349086761475
4,599349,-5.635950565338135,-14.0261812210083,-9.036818504333496,-0.31937500834465027
4,599352,-4.876479148864746,15.011003494262695,9.318720817565918,-18.153907775878906
4,599353,15.779190063476562,13.579952239990234,-2.1014487743377686,18.957706451416016
4,599356,-8.008954048156738,-20.17223358154297,-20.342668533325195,7.182952880859375
4,599358,7.322572231292725,4.773068904876709,-7.745883941650391,-40.98876190185547
4,599360,15.56777572631836,1.3188443183898926,17.844633102416992,24.523540496826172
4,599362,-12.385674476623535,-34.35659408569336,9.943723678588867,28.979171752929688
4,599431,-6.9520087242126465,44.35914993286133,-9.248167037963867,-33.4636344909668
4,599431,-16.045907974243164,29.88595199584961,-1.61702299118042,-18.23909568786621
4,599432,6.831686973571777,-55.27177429199219,-0.9137454032897949,4.212466239929199
4,599432,30.635297775268555,4.725646495819092,10.69987678527832,16.99732780456543
4,599432,-3.212149143218994,27.74404525756836,-6.761438846588135,6.397168159484863
4,599432,-24.072132110595703,-21.404939651489258,1.1989047527313232,12.939412117004395
4,599432,-5.685332775115967,11.788837432861328,26.29253578186035,26.399925231933594
4,599432,23.053447723388672,12.640524864196777,-17.879295349121094,-21.060991287231445
4,599433,18.32914924621582,-26.244949340820312,-2.945866584777832,-26.198522567749023
4,599433,-15.731350898742676,5.044931411743164,11.4816312789917,-4.792311668395996
4,599433,-7.997775554656982,1.7481236457824707,-23.055805206298828,0.7452027797698975
4,599433,10.626773834228516,-17.798614501953125,-12.893819808959961,7.867758750915527
4,599433,-7.383783340454102,9.8540678024292,-7.3525285720825195,-1.111958384513855
4,599434,11.643720626831055,-7.086038589477539,1.4168505668640137,-7.2662353515625
4,599434,5.416328430175781,-19.94437599182129,22.707971572875977,2.6749045848846436
4,599434,-24.62031364440918,18.513050079345703,12.59853744506836,22.12192153930664
4,599434,9.932360649108887,9.65871524810791,-14.43755054473877,0.47599679231643677
4,599434,-16.630298614501953,0.49037468433380127,-9.416324615478516,-18.852615356445312
4,599434,-21.41128158569336,12.203699111938477,5.836460113525391,5.750598907470703
4,599434,26.51741600036621,-3.3013126850128174,-6.966983318328857,-7.645564556121826
4,599435,14.186847686767578,-12.919881820678711,13.194450378417969,5.624286651611328
4,599435,-1.24281644821167,-7.814545631408691,6.230432033538818,31.22871208190918
4,599435,-3.643627643585205,14.076884269714355,-21.42212677001953,-14.625447273254395
4,599435,4.1631855964660645,4.999062538146973,-5.883592128753662,-23.321504592895508
4,599435,-7.469727993011475,-10.748337745666504,19.219173431396484,7.847946643829346
4,599436,-7.446527004241943,3.0736265182495117,25.513704299926758,-0.16876161098480225
4,599436,1.22829008102417,9.649787902832031,-1.8437573909759521,-28.628671646118164
4,599436,-5.067896366119385,2.9798402786254883,-12.132826805114746,4.0371198654174805
4,599436,23.00505828857422,-12.889699935913086,-16.880250930786133,10.141310691833496
4,599436,2.060910940170288,-5.350493907928467,-7.977383613586426,-15.527508735656738
4,599436,-23.052820205688477,18.45427131652832,11.969136238098145,23.80470848083496
4,599437,-1.8568211793899536,4.379806041717529,6.131201267242432,8.833335876464844
4,599437,7.062277793884277,-38.804988861083984,-2.906151294708252,-18.346519470214844
4,599437,10.790735244750977,0.2704780101776123,-19.099212646484375,6.029160022735596
4,599437,-12.77129077911377,46.21510696411133,9.338667869567871,3.69191312789917
4,599438,3.4891746044158936,-8.713727951049805,30.301095962524414,11.81408977508545
4,599439,28.063920974731445,-13.430551528930664,-24.453264236450195,5.239177703857422
4,599439,-15.561121940612793,6.335867404937744,-25.346208572387695,-14.972678184509277
4,599440,-19.92120361328125,-19.735984802246094,8.628817558288574,6.6582136154174805
4,599441,1.7193361520767212,4.170689105987549,9.802103996276855,-6.122344017028809
4,599444,-0.7763086557388306,15.754178047180176,22.0071964263916,16.537704467773438
4,599445,6.343214988708496,9.637835502624512,31.015810012817383,33.07548141479492
4,599448,-17.912817001342773,-5.693271636962891,1.9048395156860352,-25.81672477722168
4,599450,-10.307943344116211,-20.219789505004883,-25.522972106933594,-29.13187599182129
4,599452,31.255233764648438,15.350295066833496,-8.238460540771484,-6.581262588500977
4,599454,18.942121505737305,-7.803745746612549,-6.790664196014404,5.659882068634033
4,599456,2.032837390899658,-12.370332717895508,-27.953527450561523,6.914058685302734
4,599458,-24.61558723449707,-3.4101920127868652,-2.8523786067962646,0.43003278970718384
4,599460,-9.599264144897461,9.45472526550293,43.45695495605469,17.710025787353516
4,599462,35.89924621582031,30.622163772583008,5.910486221313477,-6.944244861602783
4,599464,-17.99016571044922,-11.140685081481934,-39.93151092529297,-10.637640953063965
4,599466,-37.15113830566406,-21.198204040527344,-7.947288513183594,22.760597229003906
4,599468,27.216651916503906,19.076786041259766,17.03935432434082,-35.76239776611328
4,599470,10.571734428405762,29.99857521057129,36.61553955078125,-27.608110427856445
4,599550,-7.015325546264648,-18.66454315185547,3.38653564453125,55.74983596801758
4,599550,14.881064414978027,-9.4763822555542,-30.84749412536621,21.719560623168945
4,599551,-13.966180801391602,8.824727058410645,16.404884338378906,-10.317834854125977
4,599551,-24.52982521057129,-14.942535400390625,3.220747232437134,13.809562683105469
4,599551,20.476667404174805,2.1396374702453613,-17.589143753051758,-25.81975555419922
4,599551,11.184966087341309,15.306745529174805,10.442090034484863,-33.65711212158203
4,599551,-7.649356365203857,-30.5866756439209,-14.426971435546875,12.792831420898438
4,599551,17.159597396850586,-42.650657653808594,-33.771209716796875,-10.440082550048828
4,599552,0.2868407964706421,13.303324699401855,14.354117393493652,-9.918169975280762
4,599552,-11.074779510498047,20.620885848999023,10.668606758117676,18.520143508911133
4,599552,-7.938844203948975,-4.617909908294678,-25.605985641479492,-10.617419242858887
4,599552,-12.769078254699707,8.195382118225098,19.133222579956055,5.1320672035217285
4,599552,3.1318979263305664,13.610929489135742,25.445178985595703,11.102984428405762
4,599553,10.065108299255371,-2.102339267730713,-10.646708488464355,-22.42172622680664
4,599553,4.639534950256348,23.11525535583496,5.1527299880981445,0.6995506882667542
4,599553,18.309873580932617,-0.8494711518287659,5.2017645835876465,5.772179126739502
4,599553,16.224403381347656,-16.37458038330078,-14.341601371765137,5.222305774688721
4,599553,-13.981962203979492,18.88521385192871,8.759998321533203,25.351728439331055
4,599553,-18.064695358276367,-20.328100204467773,9.043135643005371,18.717866897583008
4,599553,18.508739471435547,-4.644761085510254,-23.30913543701172,-5.323080062866211
4,599554,28.279048919677734,36.98779296875,1.7184540033340454,-9.897151947021484
4,599554,-0.6805064678192139,-3.948901653289795,29.919782638549805,10.784444808959961
4,599554,-18.164011001586914,-12.941343307495117,9.13353443145752,-2.6304142475128174
4,599554,4.234522819519043,-4.769433975219727,-14.655640602111816,-29.35075569152832
4,599554,12.074607849121094,-23.060222625732422,-9.496515274047852,-10.56421184539795
4,599555,-28.051271438598633,-11.268156051635742,5.816367149353027,0.13338994979858398
4,599555,-31.874765396118164,6.365448951721191,-6.611424446105957,-8.518624305725098
4,599555,-1.4292932748794556,9.241146087646484,-6.580127239227295,22.395227432250977
4,599555,2.038123607635498,0.09339245408773422,3.974290132522583,11.978432655334473
4,599555,-23.18545150756836,10.590893745422363,-15.597930908203125,-28.987001419067383
4,599555,-23.10883140563965,-6.546608924865723,-21.370227813720703,1.7303657531738281
4,599556,-2.4433376789093018,-22.94571304321289,-5.166517734527588,7.961668968200684
4,599556,-0.224750354886055,8.673568725585938,15.320893287658691,-13.750249862670898
4,599556,1.9681974649429321,4.0523881912231445,12.416379928588867,0.0469663143157959
4,599556,-4.2846832275390625,6.558935642242432,8.039276123046875,18.27400779724121
4,599556,11.879988670349121,15.246140480041504,-0.27074652910232544,7.3033447265625
4,599556,36.43668746948242,3.3800060749053955,-8.741724967956543,-1.7314083576202393
4,599557,-3.4956324100494385,-5.533745288848877,27.22176742553711,8.524514198303223
4,599557,4.752612113952637,-18.398609161376953,11.381735801696777,-5.024229526519775
4,599557,25.606714248657227,-22.535938262939453,-24.617733001708984,6.8776535987854
4,599558,2.673290491104126,-2.6452252864837646,-10.631930351257324,-4.163802146911621
4,599558,5.247674465179443,-7.561821460723877,-6.89055061340332,-15.605956077575684
4,599559,-18.426971435546875,5.913642883300781,-0.4900095760822296,28.32638931274414
4,599559,-24.451210021972656,24.766048431396484,-3.1196823120117188,19.366079330444336
4,599560,-71.09173583984375,11.238639831542969,-20.190059661865234,-38.1720085144043
4,599561,6.738465309143066,30.186264038085938,38.994056701660156,-7.0861711502075195
4,599564,162.7015838623047,8.969608306884766,64.43251037597656,37.61436462402344
4,599565,9.515170097351074,-20.090717315673828,-23.201478958129883,1.9078489542007446
4,599568,-82.84603118896484,13.658514022827148,-24.924640655517578,-24.877296447753906
4,599569,17.646963119506836,10.927355766296387,22.202041625976562,-21.634483337402344
4,599572,-14.138914108276367,-19.964513778686523,-17.344165802001953,-26.038766860961914
4,599573,-34.04459762573242,-14.843684196472168,-30.832815170288086,1.7670528888702393
4,599576,62.932559967041016,-4.410677909851074,17.916879653930664,76.36585998535156
4,599577,72.96730041503906,-7.157919406890869,18.487119674682617,15.056114196777344
4,599580,-46.52320098876953,-22.376354217529297,-23.55703353881836,-37.88868713378906
4,599581,-70.2486801147461,-0.03471754118800163,-24.59224510192871,-17.12967300415039
4,599584,-13.135965347290039,23.477378845214844,11.128663063049316,-26.66240692138672
4,599585,-4.209460735321045,12.885146141052246,31.436155319213867,29.694746017456055
4,599588,-32.626399993896484,-0.590714693069458,-19.092857360839844,20.11356544494629
4,599589,-40.13063430786133,-17.68194580078125,-63.96368408203125,-40.40431594848633
4,599592,37.10260772705078,17.497270584106445,29.852510452270508,-16.07843589782715
4,599593,62.773773193359375,18.04466438293457,73.56949615478516,27.415735244750977
4,599686,24.573974609375,-20.241323471069336,-0.56977379322052,53.09033203125
4,599686,12.29384994506836,1.8559592962265015,-11.435805320739746,8.545186042785645
4,599686,-7.008670806884766,5.151539325714111,-20.653709411621094,-48.75212097167969
4,599686,-8.399256706237793,-36.89789581298828,-24.974205017089844,-18.892154693603516
4,599686,-9.465414047241211,-13.99169635772705,5.458859920501709,12.219789505004883
4,599687,-16.733257293701172,32.364994049072266,7.763895034790039,2.4778454303741455
4,599687,9.121679306030273,4.430044651031494,-0.5871915221214294,-18.531545639038086
4,599687,-11.190143585205078,-3.8260817527770996,-4.776091575622559,8.356610298156738
4,599687,-35.178688049316406,13.770071029663086,13.00076961517334,18.099042892456055
4,599687,-7.462693691253662,4.603073596954346,-3.489004373550415,-17.658527374267578
4,599687,1.9552041292190552,0.3858829140663147,-11.270560264587402,-1.1932123899459839
4,599688,-15.206365585327148,6.494081497192383,11.793158531188965,23.07089614868164
4,599688,6.7494282722473145,1.4718478918075562,2.3919150829315186,1.1462061405181885
4,599688,35.64055252075195,-27.707210540771484,7.262138843536377,-8.070989608764648
4,599688,8.918328285217285,-11.6469087600708,-0.12317246198654175,18.453784942626953
4,599688,19.4144287109375,21.335752487182617,-10.869714736938477,-6.364068508148193
4,599688,16.51267433166504,-7.744905948638916,-13.354952812194824,-24.835538864135742
4,599689,-10.037713050842285,-10.628334999084473,-2.63407826423645,18.394493103027344
4,599689,6.888714790344238,2.941826581954956,17.209293365478516,-0.8217020034790039
4,599689,10.098111152648926,6.2751851081848145,5.210711479187012,-36.66150665283203
4,599689,-9.210152626037598,-3.9851577281951904,-1.9832475185394287,0.041222814470529556
4,599689,-24.501293182373047,-15.893871307373047,3.7355406284332275,11.370647430419922
4,599689,-3.450571298599243,21.95763397216797,7.084380149841309,-1.0453450679779053
4,599690,24.529949188232422,24.990219116210938,-1.93134343624115,1.5043832063674927
4,599690,6.460113525390625,-5.476384162902832,-13.27979564666748,-1.5987088680267334
4,599690,-11.228339195251465,-16.681621551513672,-11.404702186584473,-7.055058479309082
4,599690,-2.6030454635620117,-2.0308122634887695,20.140594482421875,7.324010848999023
4,599690,11.707079887390137,25.601078033447266,13.523702621459961,20.772247314453125
4,599691,-0.3486659526824951,1.629738688468933,-20.77423095703125,2.6954994201660156
4,599691,-19.479000091552734,-27.583017349243164,13.417210578918457,3.5012826919555664
4,599691,9.524680137634277,4.355266571044922,18.73911476135254,-0.28578683733940125
4,599691,22.493453979492188,5.574540615081787,-28.83403778076172,-25.014787673950195
4,599691,0.9521949887275696,-14.178296089172363,-11.450992584228516,-7.939245700836182
4,599691,-1.6269978284835815,6.75702428817749,9.775434494018555,24.42119789123535
4,599692,10.728595733642578,6.159948348999023,-8.441454887390137,9.735984802246094
4,599692,-4.624128341674805,-0.6062732934951782,3.0420284271240234,-8.987936019897461
4,599692,-19.808942794799805,-5.247458457946777,3.0220043659210205,-1.238200068473816
4,599692,-11.787511825561523,4.977601051330566,0.45200613141059875,-3.7237327098846436
4,599692,-3.7845680713653564,7.670574188232422,-0.012462642043828964,0.11768127232789993
4,599692,-5.088566780090332,-20.560020446777344,-7.7524261474609375,15.561484336853027
4,599693,-20.728757858276367,11.010320663452148,3.580446720123291,-15.377971649169922
4,599693,-15.647377967834473,18.557479858398438,-2.4178128242492676,-25.406259536743164
4,599693,-5.726968765258789,-27.615842819213867,-5.3599443435668945,17.84114646911621
4,599693,3.2810797691345215,-24.356063842773438,-4.850087642669678,19.473093032836914
4,599693,-0.5457212328910828,8.722635269165039,4.428433895111084,10.800225257873535
4,599693,13.816729545593262,22.665367126464844,17.63725471496582,-5.786975860595703
4,599695,-34.20510482788086,-28.370079040527344,-33.95709991455078,-46.391822814941406
4,599695,-85.40645599365234,-16.499351501464844,-23.76573944091797,-5.847094535827637
4,599695,47.033695220947266,32.59657669067383,35.98894119262695,34.526161193847656
4,599695,67.27233123779297,-9.997787475585938,10.0111722946167,-3.9940781593322754
4,599697,13.040641784667969,-5.9897589683532715,4.865891456604004,-3.0095131397247314
4,599698,61.87957000732422,28.82955551147461,18.69743537902832,15.419477462768555
4,599701,11.962726593017578,13.462557792663574,-3.6729421615600586,-8.101265907287598
4,599702,-41.51274490356445,1.4933481216430664,-12.963932991027832,15.651958465576172
4,599705,-3.94415545463562,-13.265228271484375,6.3468475341796875,41.69441604614258
4,599706,28.99640655517578,-19.529630661010742,20.018218994140625,-41.31476593017578
4,599709,-32.39457321166992,37.49571228027344,16.550317764282227,-35.12234115600586
4,599710,-33.232059478759766,8.34723949432373,-37.079647064208984,37.920318603515625
4,599711,71.56415557861328,-46.46292495727539,-26.768142700195312,0.29305505752563477
4,599714,12.950261116027832,6.896786212921143,50.0540657043457,5.306961536407471
4,599715,-87.06117248535156,15.96766471862793,1.0629273653030396,15.605712890625
4,599718,-80.54720306396484,-5.971282482147217,-66.0760498046875,-76.37715911865234
4,599719,52.786617279052734,-15.188817024230957,-17.504541397094727,-51.33749771118164
4,599722,135.3581085205078,11.636760711669922,64.23006439208984,91.87297058105469
4,599723,-63.584190368652344,17.207622528076172,-3.6709136962890625,51.987857818603516
4,599726,-67.77075958251953,-4.426319599151611,-31.582548141479492,-57.88831329345703
4,599727,104.00493621826172,-4.612402439117432,49.03858947753906,-9.970012664794922
4,599730,-23.186891555786133,2.3542776107788086,4.8214640617370605,20.76007843017578
4,599731,-57.726810455322266,27.90436363220215,-24.58322525024414,-21.078296661376953
4,599836,53.36738204956055,-16.774873733520508,-10.299090385437012,-10.604179382324219
4,599836,3.455575466156006,-33.37006759643555,-17.79926300048828,23.082218170166016
4,599836,-29.98252296447754,1.930439829826355,9.612041473388672,28.100784301757812
4,599837,-13.149863243103027,6.679252624511719,19.7772159576416,-10.639909744262695
4,599837,-11.943807601928711,8.178607940673828,-12.755108833312988,-26.49162483215332
4,599837,10.5894775390625,4.313152313232422,-1.5129199028015137,16.10211181640625
4,599837,41.94386291503906,-12.642623901367188,19.777969360351562,-10.356130599975586
4,599837,9.143430709838867,-23.58290672302246,-21.114242553710938,-22.703670501708984
4,599837,-17.927738189697266,1.9003814458847046,-9.719245910644531,41.670413970947266
4,599838,4.775971412658691,22.623577117919922,21.346181869506836,19.803184509277344
4,599838,7.807056903839111,1.845705509185791,0.09897007048130035,-19.214923858642578
4,599838,7.156514644622803,-7.861626148223877,-11.973111152648926,-14.490114212036133
4,599838,-27.909086227416992,1.5496923923492432,-6.176609039306641,1.6389565467834473
4,599838,-45.227142333984375,3.2636818885803223,4.779864311218262,-4.497045516967773
4,599838,3.1013593673706055,17.139419555664062,-0.7481842041015625,-24.130718231201172
4,599839,18.20552635192871,13.083544731140137,12.43632984161377,-3.7543559074401855
4,599839,10.876714706420898,-13.950061798095703,6.135681629180908,13.03540325164795
4,599839,14.310493469238281,-17.501955032348633,-6.370918273925781,25.22672462463379
4,599839,-4.057043075561523,-5.987233638763428,14.581710815429688,0.21156121790409088
4,599839,14.745450019836426,-0.5906621813774109,-5.876187324523926,-4.274395942687988
4,599839,28.96508026123047,35.340641021728516,4.351943492889404,23.417194366455078
4,599840,-18.309154510498047,15.081620216369629,29.164939880371094,11.007031440734863
4,599840,-27.276941299438477,-32.68635559082031,-13.785713195800781,5.446213722229004
4,599840,3.8286550045013428,10.872962951660156,-15.464531898498535,-30.474416732788086
4,599840,2.02815580368042,6.588255405426025,-0.6246756911277771,-23.622819900512695
4,599840,-25.46963119506836,-24.520748138427734,-19.225683212280273,31.993179321289062
4,599840,-6.544219970703125,3.997541666030884,-0.9481788277626038,10.123164176940918
4,599841,28.265127182006836,-4.3319830894470215,-1.5824083089828491,-26.958036422729492
4,599841,0.2577621638774872,-9.83949089050293,4.810807704925537,-15.960480690002441
4,599841,0.7587676048278809,13.426140785217285,11.214133262634277,4.038164138793945
4,599841,8.116411209106445,-5.414363861083984,-9.296300888061523,5.558742046356201
4,599841,-18.193580627441406,-6.421024322509766,-3.2974772453308105,6.391110897064209
4,599842,-18.5227108001709,10.773694038391113,-7.076510429382324,-11.109095573425293
4,599842,-30.63959503173828,4.628635883331299,9.903359413146973,-13.779603958129883
4,599842,0.07619626075029373,-0.8421385288238525,18.184368133544922,4.057356834411621
4,599842,8.583165168762207,-14.794371604919434,-8.010436058044434,10.853964805603027
4,599842,-26.53158187866211,1.6861224174499512,-7.138571739196777,-3.7208240032196045
4,599842,13.647993087768555,13.565372467041016,1.756300926208496,-10.944035530090332
4,599842,27.03533935546875,-0.6916792392730713,1.1497894525527954,8.042244911193848
4,599843,2.0436758995056152,5.479003429412842,-0.6373194456100464,-6.181528091430664
4,599843,4.643232822418213,8.963617324829102,-11.536791801452637,-1.5494513511657715
4,599843,4.029496669769287,-4.287540435791016,-2.611029863357544,-2.9964640140533447
4,599843,16.871232986450195,-11.418615341186523,9.171978950500488,-19.417566299438477
4,599843,-5.193696975708008,-7.002913951873779,-7.328599452972412,14.561909675598145
4,599843,-43.86515808105469,-2.5531539916992188,-7.816089630126953,-2.117281436920166
4,599844,-20.39738655090332,24.058448791503906,-9.192861557006836,-38.89484786987305
4,599844,-23.614614486694336,-0.1433650702238083,-8.257497787475586,27.43085479736328
4,599844,-12.328566551208496,-17.0274600982666,26.16594123840332,44.44758987426758
4,599844,40.20686340332031,19.561914443969727,15.996206283569336,-51.44789123535156
4,599844,19.962539672851562,-10.886279106140137,-14.102041244506836,17.709489822387695
4,599845,15.61056137084961,-6.00785493850708,10.474040031433105,83.66451263427734
4,599845,49.32270431518555,18.872196197509766,9.42528247833252,-17.671388626098633
4,599846,93.42931365966797,-15.417051315307617,22.466276168823242,-0.3663417398929596
4,599846,62.97450256347656,-6.194952487945557,33.373382568359375,30.47410011291504
4,599846,-73.06999206542969,26.900957107543945,-20.912710189819336,-5.3259429931640625
4,599846,-45.11383056640625,6.085519790649414,-15.600418090820312,-2.811945676803589
4,599847,46.583045959472656,-13.346505165100098,-3.708745002746582,-10.284149169921875
4,599848,35.89057159423828,-33.92335510253906,-22.95027732849121,-4.168095111846924
4,599849,-41.496910095214844,-6.418999195098877,-11.133005142211914,-12.411141395568848
4,599852,-207.22451782226562,44.746829986572266,-19.532960891723633,-85.91333770751953
4,599853,5.267248153686523,-34.92580032348633,-1.2947216033935547,24.12350845336914
4,599856,79.32396697998047,-73.0294189453125,-40.73293685913086,-7.532712459564209
4,599857,-139.44227600097656,42.153160095214844,-5.894776821136475,-89.54961395263672
4,599860,160.52845764160156,83.11991882324219,99.26756286621094,154.2314453125
4,599861,131.70166015625,-55.2342414855957,-15.431612014770508,23.511260986328125
4,599864,-129.2960205078125,-40.50149917602539,-49.051490783691406,-105.01557922363281
4,599865,-60.67796325683594,68.67572784423828,12.257378578186035,59.601131439208984
4,599868,17.964258193969727,7.866821765899658,25.850065231323242,31.862661361694336
4,599869,96.07710266113281,-10.816008567810059,43.41292190551758,-46.479862213134766
4,599872,40.149051666259766,12.639738082885742,5.563748836517334,-10.430148124694824
4,599873,-7.443687915802002,-17.127347946166992,-20.607677459716797,67.1819076538086
4,599876,-50.59192657470703,-10.12060546875,-14.681018829345703,12.357054710388184
4,599877,-119.6794204711914,-3.1670162677764893,-27.288843154907227,-51.0660514831543
4,599880,-9.392824172973633,-4.241721153259277,-22.616886138916016,-55.5255126953125
4,599881,80.29844665527344,21.091510772705078,13.644821166992188,-5.501705169677734
4,599884,16.4002685546875,-7.287550926208496,20.92876434326172,16.720008850097656
4,599998,59.82499694824219,0.3180994987487793,15.282373428344727,40.78887176513672
4,599998,98.55024719238281,19.443687438964844,8.045565605163574,72.29332733154297
4,599999,-45.42046356201172,-23.142520904541016,-14.462995529174805,-42.59079360961914
4,599999,-69.5390396118164,2.9997010231018066,-13.535967826843262,-37.52754211425781
4,599999,-5.548661231994629,33.26873779296875,20.623485565185547,1.1293869018554688
4,599999,-40.97860336303711,-8.764324188232422,12.867349624633789,-18.619531631469727
4,599999,-38.699947357177734,-33.30818176269531,-5.930607795715332,6.571853160858154
4,599999,2.714799404144287,5.9722819328308105,-10.941204071044922,-0.5285489559173584
4,600000,7.136075973510742,11.601886749267578,-12.489089012145996,23.239490509033203
4,600000,19.992591857910156,-25.67051887512207,11.548212051391602,-6.904191970825195
4,600000,7.5734405517578125,-11.956974983215332,-14.805342674255371,-32.56732940673828
4,600000,-30.2103271484375,-7.55898380279541,-39.63951110839844,15.004744529724121
4,600000,-25.850961685180664,-1.4843319654464722,-3.6706912517547607,-11.450909614562988
4,600001,-40.46053695678711,5.11538028717041,15.905387878417969,-34.38104248046875
4,600001,-42.05247497558594,6.559967517852783,9.004634857177734,4.160252094268799
4,600001,7.933948993682861,34.1707878112793,-8.869169235229492,33.117645263671875
4,600001,-4.842895030975342,8.666428565979004,1.0733938217163086,30.263671875
4,600001,7.537383079528809,-24.55153465270996,29.7994327545166,-13.724481582641602
4,600001,87.2825927734375,10.635209083557129,14.100913047790527,-7.379195690155029
4,600001,63.51681137084961,25.47237205505371,19.024255752563477,37.73246383666992
4,600002,8.912822723388672,-18.444374084472656,11.719351768493652,24.206911087036133
4,600002,17.511640548706055,-16.477794647216797,-23.738740921020508,18.729236602783203
4,600002,38.5078239440918,23.980653762817383,5.906332015991211,10.387506484985352
4,600002,37.90930938720703,13.867715835571289,17.42128562927246,-34.28156661987305
4,600002,2.3001561164855957,-20.8624267578125,-9.096941947937012,0.1166091039776802
4,600003,-30.774471282958984,-7.997950553894043,-21.55014991760254,37.34636306762695
4,600003,-12.246953010559082,16.515644073486328,-9.454636573791504,-31.36557388305664
4,600003,-15.921540260314941,-10.875901222229004,-2.134174346923828,-43.517208099365234
4,600003,-30.51304054260254,-35.44981002807617,-7.548011302947998,-18.523847579956055
4,600003,-7.7437262535095215,14.790450096130371,-2.7387306690216064,-28.574932098388672
4,600003,-23.317106246948242,36.506927490234375,-10.219298362731934,-13.541725158691406
4,600004,-19.517610549926758,2.425689458847046,10.927923202514648,-11.629288673400879
4,600004,15.380425453186035,-8.843499183654785,21.748376846313477,-1.678497552871704
4,600004,33.237518310546875,-17.303932189941406,-3.166199207305908,20.3840274810791
4,600004,8.236908912658691,3.4783847332000732,-0.9778943657875061,6.546743392944336
4,600004,-21.34916114807129,11.08647632598877,-14.097156524658203,8.66739559173584
4,600004,-41.19959259033203,-10.89720630645752,-7.5885186195373535,23.82466697692871
4,600005,-47.18091583251953,5.609579086303711,8.88905143737793,17.32366943359375
4,600005,-18.025840759277344,1.5118191242218018,-2.7240240573883057,30.612327575683594
4,600005,-24.727752685546875,-15.56298542022705,19.35017204284668,27.649019241333008
4,600005,-10.126985549926758,-4.409971714019775,0.07956469058990479,5.7537994384765625
4,600005,18.463111877441406,-9.650887489318848,-23.104970932006836,16.008222579956055
4,600005,54.284339904785156,10.280397415161133,1.343475103378296,9.539669036865234
4,600006,76.29444885253906,11.113560676574707,23.617456436157227,-11.487546920776367
4,600006,19.251306533813477,-14.929390907287598,18.4619140625,-7.575350761413574
4,600006,-11.89302921295166,19.233579635620117,1.7721525430679321,-19.8642578125
4,600006,5.206330299377441,2.494565010070801,-12.211350440979004,-31.951412200927734
4,600006,3.198798179626465,-25.6868896484375,-25.78960609436035,2.555481195449829
4,600006,-3.7224769592285156,8.749970436096191,3.4957869052886963,1.1638844013214111
4,600007,-20.383745193481445,11.712191581726074,6.1154656410217285,-42.767154693603516
4,600007,-47.7018928527832,-8.613702774047852,-6.0935492515563965,-21.3444881439209
4,600007,-49.73740005493164,-24.217628479003906,-13.12646770477295,-13.367842674255371
4,600007,-52.06827926635742,-3.7971749305725098,-25.900209426879883,-47.09580612182617
4,600007,-33.619205474853516,25.53253173828125,-9.51119613647461,-14.161911964416504
4,600008,-10.869752883911133,6.134854316711426,9.560568809509277,23.621423721313477
4,600008,1.3952610492706299,-12.815096855163574,13.589017868041992,-2.9026200771331787
4,600008,29.11527442932129,-6.219223976135254,-16.210790634155273,-18.04791259765625
4,600009,71.2878646850586,22.745079040527344,23.542062759399414,-7.5286946296691895
4,600009,112.49364471435547,32.40436935424805,48.29648971557617,14.41859245300293
4,600010,42.548213958740234,-14.45395565032959,-12.334063529968262,63.04375457763672
4,600010,-18.604249954223633,-16.253557205200195,-0.9878824949264526,34.97045135498047
4,600010,27.617368698120117,13.32254695892334,8.505575180053711,-8.991372108459473
4,600011,130.04190063476562,5.915513515472412,12.324153900146484,51.10178756713867
4,600012,46.70041275024414,-1.267196536064148,14.190905570983887,63.57164001464844
4,600014,-197.0433807373047,-14.305624961853027,-41.54072189331055,3.1381356716156006
4,600016,-138.78944396972656,-45.56298065185547,-65.25457763671875,-34.446495056152344
4,600018,202.50430297851562,7.828339099884033,28.14459228515625,-22.025632858276367
4,600020,45.65188980102539,24.339658737182617,54.41742706298828,-4.9308271408081055
4,600022,-201.577880859375,-28.556840896606445,-43.38136672973633,-107.65924835205078
4,600024,1.8266527652740479,19.24113655090332,1.4548178911209106,21.822885513305664
4,600026,-58.22369384765625,26.272422790527344,24.837636947631836,119.66759490966797
4,600029,-76.65498352050781,-10.273292541503906,-40.15143966674805,-80.96111297607422
4,600030,102.09038543701172,-12.928338050842285,30.924667358398438,9.192137718200684
4,600033,164.3394775390625,-17.547588348388672,45.82024383544922,32.07500076293945
4,600034,-137.83714294433594,17.800691604614258,-50.08515930175781,-104.05561828613281
4,600037,-189.81382751464844,34.58351516723633,-17.06142807006836,3.381586790084839
4,600038,288.8371276855469,-20.49270248413086,38.532318115234375,100.34243774414062
4,600041,47.50559997558594,-8.479070663452148,1.6407390832901,35.4780158996582
4,600042,-202.97140502929688,24.722126007080078,7.1826066970825195,-12.914880752563477
4,600045,6.952043533325195,-10.511981964111328,-7.151147365570068,-56.68443298339844
4,600046,-16.135141372680664,-18.137781143188477,-63.380821228027344,-132.98751831054688
4,600049,126.11982727050781,18.44838523864746,25.97089958190918,76.73817443847656
4,600050,129.4695281982422,19.91907501220703,74.00127410888672,192.2095489501953
4,600051,-99.80500030517578,-21.363006591796875,-52.88960266113281,-131.79539489746094
4,600177,-243.6691436767578,-1.9055689573287964,-49.64575958251953,-164.25836181640625
4,600177,-27.775360107421875,8.159513473510742,22.484254837036133,75.50041198730469
4,600177,231.0946044921875,-21.37187957763672,14.884013175964355,75.22986602783203
4,600177,50.32362365722656,8.708623886108398,6.339023113250732,-6.904890060424805
4,600178,-39.66090393066406,-4.463781356811523,6.8868632316589355,7.069854259490967
4,600178,12.92053508758545,-17.30990219116211,1.0037347078323364,14.806174278259277
4,600178,-12.523483276367188,14.712882041931152,-31.682252883911133,-8.907625198364258
4,600178,-29.203630447387695,-8.819281578063965,-1.5743606090545654,-2.2323691844940186
4,600178,10.8411226272583,-19.72974967956543,26.909013748168945,-14.557153701782227
4,600178,27.530521392822266,6.988383769989014,0.28778353333473206,13.56927490234375
4,600179,23.979970932006836,40.76616668701172,17.89210319519043,51.44058609008789
4,600179,22.795330047607422,27.89017105102539,19.62399673461914,8.634186744689941
4,600179,-3.5854363441467285,-25.291494369506836,-16.053375244140625,-9.154128074645996
4,600179,-24.483417510986328,-28.34051513671875,-14.98035717010498,5.8716325759887695
4,600179,-6.494690895080566,13.361882209777832,16.577362060546875,-7.5498809814453125
4,600180,11.029708862304688,21.631410598754883,-5.675349712371826,-14.518377304077148
4,600180,-19.594409942626953,-19.0438232421875,-29.047502517700195,-13.126967430114746
4,600180,-41.38373947143555,-13.425280570983887,10.570570945739746,-2.381941080093384
4,600180,-19.674802780151367,11.217098236083984,15.828587532043457,-2.7036285400390625
4,600180,18.58881950378418,-8.77158260345459,-7.332652568817139,-25.05573272705078
4,600180,17.382238388061523,-16.93782615661621,-0.3875368535518646,-0.7889791131019592
4,600181,-18.689096450805664,16.30729866027832,20.996082305908203,14.5128173828125
4,600181,-4.380615711212158,24.33411407470703,-0.4918642044067383,-2.371715545654297
4,600181,11.272488594055176,-19.27501106262207,-20.093036651611328,6.421680927276611
4,600181,-20.010448455810547,-20.50088882446289,12.999348640441895,-2.066589832305908
4,600181,-27.698225021362305,6.144662857055664,-4.619304180145264,-1.4051947593688965
4,600181,3.110069751739502,6.377807140350342,-36.744102478027344,-15.42367172241211
4,600182,-8.070684432983398,5.076582908630371,5.076103210449219,-18.165756225585938
4,600182,-22.750457763671875,9.098313331604004,6.707998752593994,17.960905075073242
4,600182,-36.58161163330078,-1.951680064201355,-37.867435455322266,-11.830597877502441
4,600182,-63.091304779052734,-5.428846836090088,5.881722927093506,-31.80267906188965
4,600182,-9.953097343444824,-6.4545183181762695,20.332046508789062,-10.906118392944336
4,600182,27.809921264648438,-2.630598306655884,-18.455678939819336,17.73991584777832
4,600183,20.662765502929688,9.594441413879395,3.5528156757354736,5.8391571044921875
4,600183,22.0362548828125,-10.315895080566406,12.45382308959961,-12.529305458068848
4,600183,-4.478876113891602,15.860384941101074,10.141135215759277,34.83407211303711
4,600183,28.18035125732422,42.96451950073242,-1.5413178205490112,31.87886619567871
4,600183,77.88681030273438,-18.089801788330078,20.52838134765625,11.565754890441895
4,600183,41.508331298828125,-31.35819435119629,50.00273895263672,7.081308841705322
4,600184,42.42791748046875,21.967300415039062,-16.117246627807617,3.96726393699646
4,600184,60.15635681152344,9.405421257019043,-13.227269172668457,16.58380889892578
4,600184,7.0067057609558105,-7.728682518005371,28.924148559570312,12.368598937988281
4,600184,-25.368999481201172,34.717288970947266,-15.55949592590332,13.301409721374512
4,600184,6.256558895111084,3.1336822509765625,-22.55234146118164,-9.346675872802734
4,600184,-2.9537100791931152,-58.19573974609375,11.271820068359375,-37.935726165771484
4,600185,-76.84382629394531,-15.573235511779785,0.45346400141716003,18.60455894470215
4,600185,-50.685543060302734,31.144004821777344,-14.685449600219727,34.391456604003906
4,600185,23.571636199951172,-0.23651376366615295,6.803463459014893,-13.11699390411377
4,600185,16.762210845947266,-23.065114974975586,-1.285284399986267,-6.990717887878418
4,600185,-3.985088348388672,7.871644496917725,-21.34230613708496,-2.519979476928711
4,600185,-14.131401062011719,8.966983795166016,10.411431312561035,7.086300849914551
4,600186,-1.3257485628128052,-14.848882675170898,16.377872467041016,2.8900623321533203
4,600186,-7.938333034515381,-0.3840109705924988,1.4406095743179321,-32.515995025634766
4,600186,-18.00136947631836,9.416056632995605,-7.552046298980713,-52.41132354736328
4,600186,0.7105867266654968,-8.912890434265137,-18.194007873535156,-35.991859436035156
4,600186,-36.65275192260742,-18.107845306396484,-10.701354026794434,-14.401334762573242
4,600186,-42.23082733154297,-22.311336517333984,-18.330141067504883,-20.687606811523438
4,600187,-31.77216148376465,-11.224081039428711,-10.265899658203125,-12.421329498291016
4,600187,-53.309505462646484,21.727121353149414,-5.777002811431885,-33.38029861450195
4,600187,-2.2288978099823,0.7533007264137268,-16.922210693359375,-58.11749267578125
4,600187,11.171735763549805,-4.680544376373291,6.744448184967041,-0.46353885531425476
4,600187,-18.279129028320312,37.64761734008789,-3.6150927543640137,29.88300323486328
4,600189,134.84356689453125,41.322547912597656,25.839712142944336,-8.592366218566895
4,600189,176.75558471679688,12.631711959838867,54.85065460205078,7.372064113616943
4,600189,-53.392616271972656,-22.59731101989746,-18.832548141479492,113.47540283203125
4,600189,-80.54022979736328,-3.293757677078247,3.491942882537842,102.0855484008789
4,600189,17.697397232055664,-7.816833019256592,27.37880516052246,-12.200278282165527
4,600189,24.1116886138916,-29.314041137695312,-15.092347145080566,10.741804122924805
4,600191,-94.74740600585938,24.618572235107422,-10.443252563476562,31.50611114501953
4,600192,5.200241565704346,33.88216018676758,8.163618087768555,15.505434036254883
4,600193,223.47694396972656,-39.5791015625,28.6484432220459,73.49955749511719
4,600196,38.799007415771484,-56.65890121459961,-35.4620246887207,19.40573501586914
4,600197,-392.9685363769531,-13.142559051513672,-84.17359161376953,-105.9040756225586
4,600200,31.540374755859375,20.03972625732422,26.312509536743164,-73.25384521484375
4,600201,294.19268798828125,43.12363815307617,31.452543258666992,-65.30036163330078
4,600204,-266.5910339355469,7.4778947830200195,6.137221336364746,10.17017650604248
4,600205,97.11927795410156,31.480775833129883,73.3281478881836,103.42842102050781
4,600208,109.85430145263672,-10.981891632080078,-57.664268493652344,-57.49380111694336
4,600209,13.097955703735352,-58.05845260620117,-33.27386474609375,-21.954214096069336
4,600212,-109.40072631835938,45.10315704345703,37.85655975341797,-38.74592208862305
4,600214,-301.39093017578125,19.222431182861328,-35.2944450378418,-131.69403076171875
4,600216,451.0935974121094,-39.4908332824707,44.96413040161133,115.95173645019531
4,600218,-68.47242736816406,-33.76947021484375,-40.57887649536133,5.60111665725708
4,600220,-336.79931640625,11.150975227355957,-4.565250396728516,37.40180587768555
4,600222,514.3309326171875,22.23212432861328,106.92021942138672,255.1184844970703
4,600224,-118.28467559814453,18.150390625,-54.34159851074219,-94.02713775634766
4,600226,-110.24939727783203,39.29644775390625,-5.98642635345459,-87.64118194580078
4,600228,-97.17166137695312,-38.13532638549805,-33.92527770996094,-112.7375717163086
4,600230,-411.271484375,-28.70100212097168,-57.33884811401367,-110.35038757324219
4,600232,689.8873901367188,33.206729888916016,112.42189025878906,274.39263916015625
4,600234,238.9976806640625,-1.7570381164550781,16.978633880615234,69.56880187988281
4,600370,-528.139892578125,7.668026924133301,-19.601369857788086,-129.91163635253906
4,600370,-57.91645812988281,-9.681751251220703,-0.7697083353996277,-18.4992733001709
4,600370,123.95292663574219,-36.525352478027344,-42.80703353881836,3.985750675201416
4,600370,31.91115379333496,5.760647296905518,-0.374215692281723,-6.012048244476318
4,600370,-19.257266998291016,19.060182571411133,24.530672073364258,-29.432174682617188
4,600370,47.524227142333984,-3.881132125854492,-3.2191433906555176,-11.948695182800293
4,600370,61.16731262207031,0.268519788980484,-25.6146240234375,1.1468201875686646
4,600371,-5.38834810256958,16.738265991210938,-3.091670036315918,-10.77806568145752
4,600371,-46.106266021728516,-9.864359855651855,9.834224700927734,13.579874038696289
4,600371,-4.044548511505127,-2.0158612728118896,2.2054951190948486,22.846675872802734
4,600371,-2.7138888835906982,15.06998062133789,-2.155372142791748,1.5889695882797241
4,600371,-18.023326873779297,-5.275941848754883,-7.536126136779785,-0.17042365670204163
4,600372,-15.09903621673584,-12.360544204711914,-3.3712668418884277,6.253274440765381
4,600372,19.643901824951172,-8.726707458496094,0.3755403161048889,7.7639312744140625
4,600372,65.27007293701172,3.884056568145752,-8.310487747192383,-3.979339361190796
4,600372,12.335071563720703,10.343888282775879,10.59466552734375,-2.2129039764404297
4,600372,-50.82347869873047,-16.557228088378906,7.677889347076416,8.666810035705566
4,600372,-16.050546646118164,-21.917997360229492,10.35759162902832,19.939071655273438
4,600373,16.635793685913086,40.15550994873047,34.51957702636719,12.562674522399902
4,600373,6.247804641723633,26.39617156982422,8.583281517028809,-18.474164962768555
4,600373,1.0549567937850952,-41.719268798828125,-13.011998176574707,-22.47612762451172
4,600373,-35.88141632080078,-10.498174667358398,-4.248205184936523,-21.089866638183594
4,600373,-56.64344024658203,20.60647964477539,-26.513530731201172,-10.667695045471191
4,600373,-39.74464797973633,-2.9261252880096436,-29.709123611450195,2.7580461502075195
4,600374,-71.30677795410156,-24.070112228393555,8.085980415344238,-13.046833038330078
4,600374,-58.98833084106445,-16.49387550354004,-24.37632179260254,-19.03493881225586
4,600374,-44.38153076171875,4.375244617462158,-36.86818313598633,-9.47335433959961
4,600374,-89.39350891113281,-19.805282592773438,18.284151077270508,25.174449920654297
4,600374,-15.086624145507812,-1.0086162090301514,16.52039909362793,31.80534553527832
4,600375,60.39419937133789,54.843780517578125,4.629419326782227,-7.1171464920043945
4,600375,50.05485916137695,13.066629409790039,16.593027114868164,5.42916202545166
4,600375,71.8207778930664,-13.334845542907715,12.965298652648926,33.044189453125
4,600375,98.63665008544922,16.582719802856445,8.943622589111328,5.472873687744141
4,600375,110.2367935180664,1.4500395059585571,17.47603416442871,-1.5112781524658203
4,600375,77.2474136352539,2.9403090476989746,-2.506349563598633,-16.853294372558594
4,600376,12.312505722045898,9.188724517822266,-6.0585551261901855,-32.41874313354492
4,600376,5.732358455657959,-13.279132843017578,13.677085876464844,8.031926155090332
4,600376,17.207290649414062,0.13614562153816223,5.127793788909912,0.06751970201730728
4,600376,-0.40330564975738525,18.535444259643555,-11.576126098632812,-20.577054977416992
4,600376,-8.676372528076172,1.6918542385101318,-24.19563865661621,1.2614200115203857
4,600376,-37.19261932373047,-30.94562339782715,5.383056163787842,16.501449584960938
4,600377,-29.25588035583496,-24.68552017211914,4.758129596710205,-21.721599578857422
4,600377,-18.401199340820312,-6.845432758331299,-34.233707427978516,-19.93517303466797
4,600377,-57.3479118347168,-18.022356033325195,-7.588928699493408,21.533456802368164
4,600377,-44.13783264160156,10.692758560180664,33.28818130493164,-6.82150411605835
4,600377,-1.4301035404205322,33.28559112548828,21.26538848876953,18.71990966796875
4,600377,38.11662292480469,0.5734987854957581,-6.3278584480285645,42.746089935302734
4,600378,52.22154235839844,-4.531473636627197,2.204185962677002,16.475154876708984
4,600378,18.527921676635742,-1.7409677505493164,17.52739143371582,17.024333953857422
4,600378,9.672643661499023,-5.321122646331787,-1.236355185508728,-2.574030876159668
4,600378,28.98993492126465,15.015192985534668,-12.256385803222656,-12.102466583251953
4,600378,12.673670768737793,12.204514503479004,-16.47422218322754,-13.887765884399414
4,600378,-42.00986099243164,-17.888872146606445,-30.91731834411621,-23.643051147460938
4,600379,-71.68324279785156,-11.060161590576172,4.82112979888916,-4.950892925262451
4,600379,-55.76585388183594,31.640844345092773,31.174829483032227,-17.28455924987793
4,600379,-15.7926025390625,15.546462059020996,-26.557876586914062,-61.96064758300781
4,600379,15.718954086303711,-24.961864471435547,-19.310165405273438,-5.540526390075684
4,600379,-11.313850402832031,-29.790056228637695,28.63410186767578,69.18494415283203
4,600379,-25.495643615722656,-16.768014907836914,11.593016624450684,12.223207473754883
4,600380,-2.0024290084838867,10.4430513381958,-6.884672164916992,-13.368132591247559
4,600380,12.80836296081543,6.36772346496582,2.3349597454071045,36.15412139892578
4,600380,10.659954071044922,-6.934872150421143,13.800766944885254,5.710300922393799
4,600380,-14.352203369140625,3.03532075881958,3.994013547897339,3.820922613143921
4,600380,16.84214210510254,20.041030883789062,6.740055561065674,43.48816680908203
4,600380,21.856355667114258,23.83431625366211,7.17298698425293,-8.305912971496582
4,600381,-43.64820861816406,4.694980621337891,-25.613937377929688,-61.595062255859375
4,600381,-18.092012405395508,-12.558794021606445,-41.42768859863281,-13.788447380065918
4,600381,3.1541786193847656,-19.68581771850586,-10.008740425109863,19.687137603759766
4,600382,92.46772766113281,43.89805221557617,54.26722717285156,-10.67763900756836
4,600382,105.9134750366211,53.34906768798828,48.513431549072266,4.4732513427734375
4,600383,-66.98494720458984,-31.203895568847656,-28.82025909423828,28.37866973876953
4,600383,-38.147830963134766,-26.078502655029297,-7.627577781677246,4.892107009887695
4,600383,12.96942138671875,-2.19899320602417,28.467464447021484,-21.282184600830078
4,600383,-0.9938292503356934,-9.944326400756836,-11.775229454040527,-13.587135314941406
4,600384,240.81857299804688,17.689762115478516,11.110153198242188,9.595975875854492
4,600386,291.9264831542969,-10.425010681152344,41.20505905151367,102.69076538085938
4,600388,-691.7949829101562,-66.78848266601562,-120.81787872314453,-105.85128021240234
4,600390,-465.1617126464844,6.010769367218018,-52.76936340332031,-185.2635955810547
4,600392,797.595703125,53.0965576171875,126.37725067138672,135.3407745361328
4,600394,119.3382797241211,-15.663820266723633,-6.37424898147583,70.97496795654297
4,600396,-307.1962890625,-51.45547866821289,-55.30955123901367,-3.676224946975708
4,600398,81.7983169555664,-6.951574325561523,-33.19951248168945,-12.77415657043457
4,600400,-128.1357421875,44.11945343017578,20.269699096679688,-45.97782516479492
4,600402,-160.19049072265625,24.81528091430664,46.596012115478516,17.97798728942871
4,600404,100.11861419677734,-17.25391960144043,-8.792647361755371,50.867698669433594
4,600406,169.82315063476562,11.078574180603027,-6.945130348205566,10.563404083251953
4,600408,35.148902893066406,-5.778563022613525,6.541184902191162,-54.551876068115234
4,600410,-62.30170440673828,-31.463134765625,28.421031951904297,33.09945297241211
4,600413,-92.90436553955078,19.883411407470703,-10.379345893859863,-10.611058235168457
4,600414,96.61286926269531,17.853839874267578,-33.24359130859375,-90.50678253173828
4,600417,44.576332092285156,30.630199432373047,25.848526000976562,21.464139938354492
4,600418,-75.46753692626953,-18.58782196044922,18.566261291503906,168.74703979492188
4,600421,-161.09645080566406,-49.38905715942383,-51.39936065673828,-23.84613037109375
4,600422,56.59016418457031,31.181957244873047,-7.440648078918457,-197.42315673828125
4,600425,202.06639099121094,19.037397384643555,75.06654357910156,95.68012237548828
4,600426,-183.38632202148438,-76.40615844726562,-49.238094329833984,47.51468276977539
4,600427,281.69586181640625,18.58767318725586,-26.727922439575195,-21.042654037475586
4,600575,101.0594482421875,99.1984634399414,79.10135650634766,81.27396392822266
4,600575,-423.2857971191406,-58.24204635620117,-49.01744842529297,-108.89570617675781
4,600575,63.25323486328125,-36.531124114990234,-28.81925392150879,-31.39595603942871
4,600575,84.67227172851562,16.071849822998047,41.398582458496094,48.24596405029297
4,600576,-79.67809295654297,1.1268103122711182,-12.345799446105957,-61.75339126586914
4,600576,-30.823387145996094,23.28598403930664,-31.115840911865234,0.7412048578262329
4,600576,-39.218326568603516,-12.20749282836914,18.749948501586914,17.600671768188477
4,600576,-14.001957893371582,-8.806160926818848,29.894807815551758,2.034759998321533
4,600576,36.66815948486328,17.318876266479492,-16.95574188232422,37.43916320800781
4,600576,43.65549087524414,15.37009334564209,4.201411724090576,13.45916748046875
4,600577,15.226603507995605,-3.3723504543304443,12.671735763549805,8.507013320922852
4,600577,41.370304107666016,-13.642645835876465,-16.745635986328125,0.1642477959394455
4,600577,49.75456619262695,-6.600000381469727,3.6122477054595947,-1.1210341453552246
4,600577,42.377071380615234,-11.415947914123535,-1.0326542854309082,9.737489700317383
4,600577,81.48485565185547,-13.977422714233398,-8.074738502502441,-23.882991790771484
4,600577,52.16907501220703,21.18804359436035,1.2131412029266357,-18.87502098083496
4,600578,-13.922131538391113,10.737712860107422,-14.587904930114746,1.0774067640304565
4,600578,-31.862895965576172,-8.985616683959961,15.24034309387207,17.74405288696289
4,600578,-25.43254280090332,0.2700301706790924,14.042471885681152,13.330911636352539
4,600578,-56.49060821533203,-25.755489349365234,-23.378023147583008,-15.746200561523438
4,600578,-87.9883041381836,-0.20119422674179077,-9.85515308380127,-28.688947677612305
4,600578,-66.1174545288086,22.83616065979004,1.3743493556976318,-7.4289445877075195
4,600579,-47.98268508911133,6.970743656158447,-0.18351468443870544,34.320133209228516
4,600579,-36.176021575927734,29.530014038085938,-2.6618196964263916,-17.218610763549805
4,600579,-56.608211517333984,-9.968223571777344,-25.803571701049805,-63.705467224121094
4,600579,-60.4549674987793,-32.615665435791016,-1.9996415376663208,15.125060081481934
4,600579,-7.813591480255127,10.339012145996094,27.72705841064453,61.11831283569336
4,600580,23.19280433654785,-2.406632900238037,3.4199981689453125,16.384052276611328
4,600580,44.94985580444336,9.688508987426758,8.187217712402344,12.350910186767578
4,600580,42.28213882446289,19.144886016845703,9.38077163696289,35.75069808959961
4,600580,45.055458068847656,-6.738779067993164,14.127740859985352,19.342622756958008
4,600580,66.80061340332031,2.0021021366119385,33.557193756103516,2.5731143951416016
4,600580,71.83639526367188,-1.4208130836486816,-1.4823564291000366,-8.082503318786621
4,600581,43.97404479980469,-6.168548583984375,-9.81462287902832,-3.9050850868225098
4,600581,28.839073181152344,9.589193344116211,24.722877502441406,-9.835328102111816
4,600581,73.94120025634766,-4.886725425720215,-6.810174465179443,-23.007749557495117
4,600581,35.82854461669922,-16.503747940063477,-24.24616241455078,-13.695941925048828
4,600581,-30.428281784057617,27.82272720336914,10.935290336608887,-4.987667083740234
4,600581,3.4321677684783936,29.835996627807617,-3.4870121479034424,13.477505683898926
4,600582,7.346463203430176,-29.65934181213379,-17.303001403808594,-4.49887228012085
4,600582,-59.06640625,-31.856042861938477,-2.663844347000122,-43.898658752441406
4,600582,-70.548095703125,19.375795364379883,-4.398789882659912,-23.42008399963379
4,600582,-26.400863647460938,-4.7896199226379395,-15.864333152770996,12.027950286865234
4,600582,-44.578887939453125,-52.24058532714844,-30.481529235839844,16.50895118713379
4,600582,-66.70073699951172,0.22602130472660065,-1.3687089681625366,-14.60159683227539
4,600583,-21.979862213134766,46.35142517089844,15.8779296875,-40.15625
4,600583,-7.9101948738098145,2.007465124130249,-8.185004234313965,-1.8371567726135254
4,600583,-15.507624626159668,-21.254724502563477,13.402583122253418,34.89678955078125
4,600583,20.09601402282715,18.25789451599121,15.793815612792969,4.518628120422363
4,600583,40.76692581176758,11.910053253173828,-4.843863010406494,-15.87503719329834
4,600583,8.59223461151123,-24.298999786376953,9.927553176879883,14.251466751098633
4,600584,14.452714920043945,-1.1320433616638184,10.084050178527832,21.878156661987305
4,600584,47.978816986083984,26.10753631591797,-5.193002223968506,23.779422760009766
4,600584,39.84535217285156,11.766162872314453,22.56569480895996,31.587238311767578
4,600584,16.33484649658203,8.559350967407227,27.859272003173828,-0.8563462495803833
4,600584,15.502005577087402,-16.613567352294922,-28.308626174926758,-5.882246971130371
4,600584,5.675458908081055,-26.29664421081543,-26.518836975097656,13.781847953796387
4,600585,-24.33409309387207,-2.8458282947540283,-8.510099411010742,-5.121375560760498
4,600585,-27.191314697265625,-5.731446266174316,-6.855412006378174,-13.348322868347168
4,600585,-21.535140991210938,-1.2465749979019165,3.133350133895874,-11.242526054382324
4,600585,5.903308868408203,-5.4680094718933105,-3.1483404636383057,-24.49333953857422
4,600585,-9.552003860473633,8.642341613769531,6.670464515686035,-19.614072799682617
4,600585,-38.93745422363281,40.727264404296875,1.2075002193450928,-13.772103309631348
4,600586,-16.56998062133789,10.548664093017578,-4.111053466796875,-7.6316752433776855
4,600586,-10.541606903076172,-9.000557899475098,6.93110990524292,-3.596348762512207
4,600586,4.625922203063965,23.35900115966797,5.2556962966918945,-17.89516830444336
4,600586,1.0147361755371094,-13.210294723510742,-0.1004677563905716,7.480582237243652
4,600586,0.3848225474357605,-29.97542953491211,-11.642160415649414,33.68157196044922
4,600586,53.523807525634766,23.76411247253418,4.393310070037842,4.6387128829956055
4,600587,54.448875427246094,4.497504234313965,12.446356773376465,-12.413559913635254
4,600587,2.4580490589141846,-20.137277603149414,-8.189350128173828,19.33531951904297
4,600587,1.33089017868042,-1.8966953754425049,1.8868457078933716,45.54884719848633
4,600587,4.573845386505127,-15.483220100402832,1.024794340133667,18.22827911376953
4,600588,63.67191696166992,-10.66894817352295,14.294583320617676,54.5379638671875
4,600589,35.00444412231445,8.172327995300293,24.743927001953125,66.3053207397461
4,600589,-102.3664321899414,-19.490793228149414,-10.780684471130371,-62.62739181518555
4,600589,-23.378448486328125,5.636099815368652,-18.383106231689453,-64.48960876464844
4,600589,-0.4575273096561432,16.70197296142578,-12.357144355773926,4.0550079345703125
4,600589,-97.94941711425781,-29.629487991333008,-6.018576622009277,-12.126920700073242
4,600589,-53.64826583862305,-9.790756225585938,1.2474327087402344,-24.2893009185791
4,600591,-119.33538055419922,-16.993234634399414,-42.6132698059082,-108.79498291015625
4,600592,-96.1530532836914,16.389616012573242,-67.77112579345703,-206.3591766357422
4,600593,249.92738342285156,84.04055786132812,67.3929214477539,68.72965240478516
4,600596,179.9856414794922,-51.80393600463867,66.51778411865234,304.2799072265625
4,600597,-287.0748291015625,-77.1841812133789,-79.49845886230469,-17.48231315612793
4,600600,0.8264328241348267,74.77017211914062,18.745027542114258,-134.7710418701172
4,600601,357.78167724609375,35.8581657409668,67.96508026123047,44.52611541748047
4,600604,-67.44573211669922,-5.971960067749023,-16.88272476196289,47.848514556884766
4,600605,-112.68366241455078,29.33338165283203,7.1960344314575195,5.589043617248535
4,600608,64.40351104736328,-14.9104642868042,17.167715072631836,23.34451675415039
4,600609,13.988862037658691,-41.60061264038086,-33.792118072509766,11.993790626525879
4,600612,-13.549886703491211,12.120006561279297,8.785235404968262,-27.533628463745117
4,600614,-45.638153076171875,15.7684965133667,20.154678344726562,-14.315179824829102
4,600616,139.85438537597656,-26.74788475036621,-40.76758575439453,19.8786563873291
4,600618,142.47213745117188,2.0290050506591797,19.43124771118164,27.460716247558594
4,600620,-382.5412292480469,-1.6421027183532715,-3.700194835662842,-80.66156005859375
4,600622,-224.81698608398438,0.7504332065582275,-43.69377517700195,-90.47748565673828
4,600624,412.1893615722656,30.332183837890625,27.30427360534668,84.14458465576172
4,600626,72.66473388671875,-11.666197776794434,25.849178314208984,82.00926971435547
4,600628,-253.27256774902344,-25.313091278076172,6.403961658477783,-42.544464111328125
4,600630,11.918039321899414,13.427937507629395,4.658043384552002,23.07192611694336
4,600632,176.91270446777344,14.181356430053711,-16.806640625,49.7623405456543
4,600634,-19.623001098632812,-18.83814239501953,-18.503652572631836,-69.36237335205078
4,600637,-194.86474609375,3.3116307258605957,-6.902774810791016,-88.4130630493164
4,600793,-11.182587623596191,-0.16617757081985474,-1.5321521759033203,5.220708847045898
4,600794,73.71764373779297,-28.771507263183594,9.68205451965332,41.8555793762207
4,600794,3.37501859664917,7.02882194519043,10.661314964294434,3.265566349029541
4,600794,28.703136444091797,25.099576950073242,-4.9311137199401855,-15.533080101013184
4,600794,19.848535537719727,7.013800144195557,-8.956551551818848,12.833681106567383
4,600794,-14.717728614807129,-8.970601081848145,14.211945533752441,37.12062072753906
4,600794,31.09423065185547,12.537973403930664,14.056259155273438,9.024230003356934
4,600795,3.6469359397888184,5.019193649291992,-14.036806106567383,-2.667985439300537
4,600795,-39.84468078613281,-15.9578218460083,2.223559617996216,-3.169041395187378
4,600795,-13.4165620803833,14.650399208068848,8.409994125366211,-12.788707733154297
4,600795,9.422283172607422,6.499144554138184,-19.374221801757812,-1.6812622547149658
4,600795,6.700766563415527,-12.319107055664062,-16.486343383789062,2.2363104820251465
4,600795,-15.399569511413574,-7.441621780395508,5.992226600646973,-7.182947635650635
4,600796,18.611955642700195,-7.48301887512207,16.373638153076172,-3.1556179523468018
4,600796,44.10139465332031,-3.7086267471313477,-5.231200218200684,8.40026569366455
4,600796,-7.058648586273193,-2.1318182945251465,-5.995128154754639,4.490127086639404
4,600796,-17.092998504638672,-3.9022724628448486,11.552175521850586,3.1679186820983887
4,600796,6.1006574630737305,1.6604461669921875,5.008350849151611,3.709177255630493
4,600796,-1.4853867292404175,15.563177108764648,-6.611608028411865,-1.6169832944869995
4,600797,-17.91197967529297,6.369694232940674,-1.5801488161087036,10.468890190124512
4,600797,-13.598827362060547,-11.195006370544434,13.774235725402832,2.2014589309692383
4,600797,-0.45643746852874756,-0.8571957349777222,6.557355880737305,-25.45083236694336
4,600797,15.303643226623535,-0.6674279570579529,-10.36140251159668,-9.342896461486816
4,600797,9.010889053344727,7.057539939880371,-18.435903549194336,9.669888496398926
4,600797,-6.815043926239014,-15.507125854492188,-1.8894113302230835,-8.190585136413574
4,600798,2.4791674613952637,-23.57193946838379,15.06108283996582,13.492941856384277
4,600798,-8.018836975097656,36.51123046875,3.53364896774292,21.12773323059082
4,600798,-10.725082397460938,9.70056438446045,-8.725356101989746,-19.301759719848633
4,600798,1.3875788450241089,-10.752790451049805,5.613061904907227,-21.728469848632812
4,600798,4.890947341918945,16.46217155456543,10.79012393951416,6.159500598907471
4,600798,-12.922839164733887,-4.961432456970215,-9.496026992797852,11.583645820617676
4,600799,-4.45256233215332,-14.523538589477539,-8.509535789489746,4.0735979080200195
4,600799,28.566503524780273,4.3303375244140625,6.317017555236816,2.8808059692382812
4,600799,9.358838081359863,13.924027442932129,11.711702346801758,-18.115432739257812
4,600799,-16.569238662719727,-12.074461936950684,-6.985984802246094,-25.07087516784668
4,600799,0.510136067867279,-15.320363998413086,-11.300751686096191,13.685623168945312
4,600800,9.190579414367676,17.31412696838379,2.3605034351348877,31.300500869750977
4,600800,2.2927637100219727,8.930131912231445,8.249205589294434,-6.960865020751953
4,600800,10.214627265930176,-9.235828399658203,11.980215072631836,6.757968425750732
4,600800,-24.157546997070312,8.736852645874023,-13.41444206237793,7.218103885650635
4,600800,-12.967967987060547,7.159664154052734,-25.948902130126953,-36.04103088378906
4,600800,18.310182571411133,-20.016569137573242,13.340856552124023,21.334205627441406
4,600801,-5.73889684677124,-4.413852691650391,26.062332153320312,2.677149534225464
4,600801,6.095853805541992,6.362785339355469,-23.368757247924805,-28.3746337890625
4,600801,8.388838768005371,-5.60652494430542,-13.592267036437988,59.87892150878906
4,600801,-10.990119934082031,11.675605773925781,19.527780532836914,9.496984481811523
4,600801,-5.914006233215332,2.786343574523926,0.7616090178489685,-49.943641662597656
4,600801,-1.2250616550445557,-17.11761474609375,-4.027231216430664,4.864200592041016
4,600802,0.18678848445415497,-9.709074020385742,-0.24821914732456207,4.648809432983398
4,600802,-5.336226463317871,-3.63700532913208,5.138945579528809,-16.50905418395996
4,600802,-4.026689529418945,0.5131152272224426,-3.418714761734009,0.625648021697998
4,600802,14.444064140319824,7.348031520843506,-3.395332098007202,14.83222770690918
4,600802,18.03032875061035,10.421411514282227,16.845067977905273,0.9600780010223389
4,600802,-1.498417854309082,-1.5898326635360718,-7.270330905914307,-12.118608474731445
4,600803,-24.345762252807617,-4.82795524597168,-10.350476264953613,-5.699805736541748
4,600803,6.309265613555908,9.477211952209473,4.616384506225586,6.438716411590576
4,600803,19.382421493530273,1.8638378381729126,-9.94463062286377,26.9501895904541
4,600803,-34.750892639160156,-13.477404594421387,17.966272354125977,13.580801963806152
4,600803,-10.36452579498291,16.324007034301758,14.079962730407715,-37.433589935302734
4,600803,34.23527145385742,11.536447525024414,-6.308213710784912,-17.96385955810547
4,600804,-2.4107861518859863,-19.508237838745117,-4.849526882171631,22.657581329345703
4,600804,-25.290645599365234,12.380003929138184,-9.947087287902832,-1.6507710218429565
4,600804,15.038543701171875,15.025835037231445,-1.3441596031188965,-6.663321495056152
4,600804,24.976436614990234,-17.86101722717285,-15.04464340209961,14.20586109161377
4,600804,-19.453710556030273,-4.83944845199585,12.032983779907227,-0.6927317976951599
4,600804,4.829609394073486,8.175958633422852,27.832439422607422,-9.187065124511719
4,600805,7.649423122406006,-19.110530853271484,-11.458680152893066,7.5767083168029785
4,600805,-29.30019760131836,-0.027722664177417755,-2.269602060317993,5.296055316925049
4,600805,9.460549354553223,30.49203872680664,-1.5945159196853638,-5.234360694885254
4,600805,13.080182075500488,-29.281301498413086,-22.00615882873535,12.2933988571167
4,600805,-5.115350723266602,-24.834762573242188,1.0605107545852661,14.207106590270996
4,600805,19.21477699279785,25.249866485595703,5.985978126525879,-8.32810115814209
4,600806,-1.856207251548767,6.042722702026367,8.870292663574219,-0.2695968449115753
4,600806,-16.416728973388672,12.903618812561035,24.743925094604492,4.818655490875244
4,600806,13.035887718200684,8.695503234863281,-11.962998390197754,-12.397857666015625
4,600806,-2.816967487335205,-9.862112045288086,-25.26905632019043,-15.145092010498047
4,600806,-3.7420191764831543,3.7704315185546875,-0.024476364254951477,-2.25199031829834
4,600806,18.07693862915039,-10.739065170288086,5.027273654937744,-1.1703654527664185
4,600807,-12.287120819091797,-12.204427719116211,3.1103010177612305,-8.229730606079102
4,600808,-24.947755813598633,11.624330520629883,6.102964878082275,-3.1385974884033203
4,600808,-11.258563995361328,-2.3617682456970215,4.659245014190674,3.481748580932617
4,600808,16.209821701049805,-6.493643760681152,2.2478418350219727,6.1094536781311035
4,600808,19.96462631225586,2.536853551864624,9.205357551574707,2.207089424133301
4,600809,-14.567977905273438,4.291217803955078,-7.530483245849609,-14.96710205078125
4,600809,-9.754554748535156,-3.440735340118408,-27.023269653320312,8.858713150024414
4,600809,10.199214935302734,-1.6589187383651733,6.375004768371582,17.930328369140625
4,600810,7.780166149139404,11.573225021362305,13.176722526550293,-28.921249389648438
4,600812,-18.387420654296875,-1.0832908153533936,-9.749248504638672,-15.032636642456055
4,600814,22.244009017944336,-8.557042121887207,-4.457098960876465,16.391204833984375
4,600816,28.757221221923828,5.7389020919799805,-17.614120483398438,-24.161121368408203
4,600818,-24.54678726196289,-24.96769142150879,-5.279826641082764,1.9932835102081299
4,600820,5.979297161102295,-35.32881164550781,15.815193176269531,51.928619384765625
4,600822,-31.545167922973633,32.58329391479492,6.974970817565918,-5.912561416625977
4,600824,-17.61726951599121,33.47736740112305,15.664546966552734,-12.84950065612793
4,600826,35.67292022705078,9.681458473205566,23.732166290283203,29.513614654541016
4,600828,-13.574811935424805,3.9053220748901367,-0.4280959665775299,11.355696678161621
4,600830,0.8396094441413879,-20.895946502685547,-21.55906867980957,-27.929189682006836
4,600832,12.138592720031738,-0.9608981609344482,-15.203385353088379,0.2829889953136444
4,600834,17.35411834716797,7.822173118591309,12.230558395385742,10.579617500305176
4,600836,22.523681640625,-15.231929779052734,10.540398597717285,-17.312744140625
4,600839,-48.19496536254883,-2.932652235031128,-30.143091201782227,1.233125925064087
4,600840,-20.425048828125,7.669008731842041,-6.738158226013184,-22.234777450561523
4,600843,23.833740234375,-0.5322490334510803,34.691104888916016,-4.759302616119385
4,600844,-3.0989830493927,3.543017864227295,1.9433780908584595,52.3215217590332
4,600847,33.000022888183594,26.746580123901367,-7.357750415802002,-6.212331295013428
4,600848,-54.273956298828125,-13.78067684173584,-12.331801414489746,-45.205413818359375
4,600851,-43.60972213745117,-36.43840026855469,-10.743277549743652,14.552200317382812
4,600852,99.60717010498047,5.052796363830566,34.12501907348633,29.253374099731445
4,600853,-28.297119140625,5.557107448577881,2.1973886489868164,-10.946447372436523
4,600856,-38.430938720703125,13.313143730163574,-40.731990814208984,-24.661283493041992
4,601022,49.28057098388672,4.507589817047119,-8.303852081298828,21.64266014099121
4,601022,-28.338228225708008,-7.369900703430176,18.999088287353516,33.33758544921875
4,601022,-9.503338813781738,8.213798522949219,14.176090240478516,-24.07387351989746
4,601022,23.453392028808594,-3.234856367111206,-1.4291138648986816,-16.279338836669922
4,601022,5.503270626068115,-15.029377937316895,-14.14926815032959,-6.514841079711914
4,601023,9.610840797424316,-0.5349146723747253,4.228943824768066,-12.778833389282227
4,601023,-9.546207427978516,0.2577957510948181,13.472012519836426,18.452756881713867
4,601023,-20.573740005493164,18.4216251373291,12.30521297454834,19.409238815307617
4,601023,3.864564895629883,11.199563980102539,9.24051284790039,4.9095282554626465
4,601023,32.07374954223633,-19.37532615661621,-20.810667037963867,3.8155100345611572
4,601023,5.7679362297058105,10.738679885864258,-7.633449077606201,-5.742743968963623
4,601024,-32.4614143371582,26.18606948852539,32.97045135498047,-17.12530517578125
4,601024,-3.014582633972168,-19.995805740356445,-9.78668212890625,0.6954624056816101
4,601024,10.480206489562988,-27.23596954345703,-40.352352142333984,-2.298621892929077
4,601024,0.10043437778949738,6.685998916625977,-11.22445297241211,-21.23456573486328
4,601024,-0.802326500415802,-14.78477954864502,0.7208743095397949,-1.7291908264160156
4,601025,-10.95153522491455,-0.019920827820897102,34.11893081665039,26.508108139038086
4,601025,9.008281707763672,32.86053466796875,6.88071870803833,11.402337074279785
4,601025,0.4036892056465149,-1.0144786834716797,-27.249889373779297,-16.03288459777832
4,601025,-9.713093757629395,-18.836368560791016,26.925334930419922,-5.452447414398193
4,601025,12.663642883300781,-6.63841438293457,9.345917701721191,3.750835418701172
4,601025,3.6597659587860107,1.7685540914535522,-23.660703659057617,-3.977151393890381
4,601026,-5.357437610626221,2.786105155944824,6.177111625671387,-7.695589542388916
4,601026,0.362867146730423,3.4247236251831055,6.177810192108154,8.307171821594238
4,601026,23.557119369506836,11.52248477935791,-25.77728271484375,12.280028343200684
4,601026,4.115964412689209,-3.1884074211120605,-11.06707763671875,-7.371678352355957
4,601026,-30.56488609313965,-6.765266418457031,33.02354049682617,-6.317252159118652
4,601026,-3.119300603866577,-7.247595310211182,-5.602015495300293,4.3983378410339355
4,601027,10.051386833190918,-10.488080024719238,1.5004299879074097,18.942764282226562
4,601027,-1.4983340501785278,45.30522155761719,19.667652130126953,-2.911640167236328
4,601027,-4.887099742889404,9.062874794006348,-25.160188674926758,-24.378890991210938
4,601027,-0.931851327419281,-35.10274124145508,5.302098751068115,0.11894577741622925
4,601027,9.04356575012207,3.009232997894287,-2.1304242610931396,9.042407989501953
4,601028,-9.069513320922852,-2.9397525787353516,-15.312549591064453,-5.630280494689941
4,601028,-19.49150276184082,15.357053756713867,12.19053840637207,15.06519603729248
4,601028,10.121711730957031,2.4292032718658447,12.094586372375488,21.93146514892578
4,601028,22.816822052001953,-16.27461051940918,-1.604905366897583,-25.977737426757812
4,601028,-12.05677318572998,13.127224922180176,-14.401042938232422,-12.135419845581055
4,601028,-22.796443939208984,-9.58665943145752,-1.9474234580993652,10.338536262512207
4,601029,12.971973419189453,-5.2979655265808105,6.39172887802124,7.278397560119629
4,601029,20.284635543823242,14.83804702758789,-4.787350654602051,-3.2731428146362305
4,601029,-16.149991989135742,-20.21124839782715,2.0310561656951904,-13.95485782623291
4,601029,-11.828298568725586,-5.305928707122803,24.972591400146484,27.484926223754883
4,601029,22.079421997070312,3.4086718559265137,-9.3070707321167,24.374614715576172
4,601029,-5.449701309204102,-6.270407676696777,-29.464942932128906,-48.461307525634766
4,601030,-0.015045423991978168,-2.2451939582824707,18.007963180541992,-28.442100524902344
4,601030,18.94668960571289,2.4137418270111084,28.02128028869629,28.61717987060547
4,601030,-7.222661972045898,27.354562759399414,-22.289018630981445,-9.482118606567383
4,601030,-11.675236701965332,-0.9864110350608826,-11.017855644226074,-7.647311210632324
4,601030,2.747246503829956,-13.555541038513184,18.60074234008789,11.81589126586914
4,601030,10.75864315032959,3.687777280807495,-26.54575538635254,5.1287922859191895
4,601031,-4.9190897941589355,0.38587623834609985,-15.166521072387695,14.704822540283203
4,601031,5.48609733581543,-0.9534789323806763,32.218406677246094,-16.671329498291016
4,601031,10.341485977172852,-12.127367973327637,2.6682004928588867,-11.757840156555176
4,601031,-27.325960159301758,0.5417768359184265,-18.582429885864258,20.274967193603516
4,601031,-9.127367973327637,6.306572914123535,11.27283000946045,1.6904188394546509
4,601031,25.27233123779297,-12.485932350158691,11.081075668334961,-18.80159568786621
4,601032,-8.053932189941406,9.025154113769531,-16.863691329956055,8.287723541259766
4,601032,-4.272983551025391,10.211336135864258,-13.894527435302734,8.051236152648926
4,601032,10.734102249145508,-20.23522186279297,12.781282424926758,-44.39161682128906
4,601032,-7.4792070388793945,-14.651798248291016,18.19141960144043,32.088966369628906
4,601032,-9.519044876098633,38.73672866821289,11.347026824951172,49.84099197387695
4,601032,3.821045160293579,24.035558700561523,-12.544275283813477,-47.883846282958984
4,601033,14.470357894897461,-30.671010971069336,-13.546977996826172,12.059427261352539
4,601033,-1.4698998928070068,-1.5721702575683594,9.166960716247559,5.217256546020508
4,601033,-5.855133533477783,6.981097221374512,-14.102774620056152,-15.586767196655273
4,601033,-10.777897834777832,8.010519027709961,0.588799238204956,43.94160461425781
4,601033,-1.9950700998306274,-0.3925190269947052,14.605070114135742,-10.145246505737305
4,601033,8.009617805480957,-3.252521514892578,-1.3027892112731934,-28.12194061279297
4,601034,-3.4305419921875,-4.868695259094238,-5.500913619995117,17.454835891723633
4,601034,-7.215021133422852,-14.350427627563477,-4.357433319091797,-6.956906318664551
4,601034,14.873903274536133,7.282801151275635,2.5696966648101807,-28.435287475585938
4,601034,8.615750312805176,-2.580188035964966,3.2304534912109375,7.772307395935059
4,601034,-14.361435890197754,7.903550624847412,13.675532341003418,-0.8313146233558655
4,601034,6.370394706726074,3.211118698120117,-23.53626251220703,-5.359597682952881
4,601035,1.5421677827835083,-18.516887664794922,-23.371936798095703,15.936832427978516
4,601035,-7.235087871551514,-3.7856247425079346,28.43304443359375,19.269527435302734
4,601035,16.285783767700195,7.326007843017578,9.687522888183594,4.644472599029541
4,601035,8.182145118713379,11.695175170898438,-9.086984634399414,-15.481439590454102
4,601035,-24.456275939941406,16.29912567138672,6.769148826599121,-8.379260063171387
4,601035,-5.385353088378906,-1.0822371244430542,-7.132593154907227,-6.077044486999512
4,601036,1.103689193725586,-22.52372932434082,-0.6827695369720459,17.52372932434082
4,601036,-5.481784343719482,-12.207404136657715,7.803618907928467,22.944974899291992
4,601037,10.307507514953613,-6.709881782531738,-19.6834659576416,-34.36628723144531
4,601037,4.5433268547058105,8.325639724731445,4.367785930633545,-18.372156143188477
4,601037,4.693861484527588,28.72109603881836,19.487834930419922,34.18755340576172
4,601038,0.8231815099716187,-12.72865104675293,-2.1911745071411133,-8.365026473999023
4,601038,-22.991220474243164,-16.751638412475586,-9.017053604125977,-12.116314888000488
4,601038,-3.4741084575653076,20.14334487915039,3.5542478561401367,18.893095016479492
4,601038,32.986595153808594,-1.149687647819519,14.86473560333252,-15.319001197814941
4,601039,9.850456237792969,-4.876989364624023,-2.9831254482269287,-14.884241104125977
4,601040,-26.676795959472656,12.314190864562988,-4.552856922149658,21.09780502319336
4,601042,-14.818413734436035,13.22821044921875,8.001007080078125,27.622900009155273
4,601044,30.59050941467285,-2.6630420684814453,9.022150039672852,-16.144275665283203
4,601046,-16.724468231201172,-3.0675361156463623,13.767744064331055,-44.55636215209961
4,601048,-29.075780868530273,-4.123503684997559,-14.341104507446289,22.01603126525879
4,601050,30.610450744628906,-15.02238941192627,-17.887863159179688,38.41852951049805
4,601052,-7.861974716186523,5.985127925872803,10.76937484741211,-18.962549209594727
4,601054,-8.871620178222656,-9.947027206420898,-36.80901336669922,-14.482932090759277
4,601056,21.864288330078125,-11.149949073791504,-21.82969093322754,-0.11761851608753204
4,601058,-1.7157576084136963,9.005191802978516,29.242441177368164,0.9750121831893921
4,601060,2.3434441089630127,-3.3216552734375,10.914238929748535,9.802623748779297
4,601062,7.372959136962891,0.47827425599098206,18.487131118774414,-7.579080581665039
4,601064,-18.70904541015625,20.63483428955078,-2.981712818145752,-5.768727779388428
4,601066,-14.003314018249512,10.515212059020996,-11.837121963500977,9.368036270141602
4,601068,12.765860557556152,-13.465499877929688,6.321531295776367,15.636072158813477
4,601070,23.62990951538086,2.14471173286438,-6.268087863922119,-17.713733673095703
4,601072,2.4262473583221436,-0.989435076713562,-10.218610763549805,-28.22153663635254
4,601074,-13.5392427444458,5.763992786407471,12.189197540283203,37.65042495727539
4,601076,11.968265533447266,25.413671493530273,24.239967346191406,12.91574478149414
4,601078,10.1521635055542,-35.281654357910156,-35.168113708496094,-30.175073623657227
4,601080,-40.05083084106445,-44.15755081176758,-21.35858726501465,-15.159271240234375
4,601082,-16.17884635925293,11.77507209777832,30.039899826049805,20.533254623413086
4,601084,46.36774444580078,12.016806602478027,-9.229199409484863,19.954116821289062
4,601086,-13.853450775146484,11.818187713623047,-7.453481197357178,-14.284905433654785
4,601088,-38.55039978027344,-4.726431369781494,28.209230422973633,-24.25266456604004
4,601089,31.60649871826172,-1.8594837188720703,0.033207301050424576,-0.007846246473491192
4,601265,4.6096343994140625,10.335797309875488,-20.45340919494629,0.3382928669452667
4,601265,-27.193565368652344,-15.87524700164795,16.007688522338867,-52.791358947753906
4,601265,7.108938694000244,10.331304550170898,21.192319869995117,37.66141128540039
4,601266,9.400413513183594,31.44313621520996,-9.305279731750488,47.973472595214844
4,601266,6.5209245681762695,8.793830871582031,-24.95819091796875,-28.248449325561523
4,601266,4.63116979598999,-17.104944229125977,-14.741543769836426,36.73296356201172
4,601266,-4.198798656463623,-22.961559295654297,13.397603034973145,8.06887435913086
4,601266,10.082409858703613,7.260933876037598,10.487485885620117,-30.816804885864258
4,601266,2.0201900005340576,-9.905220985412598,-6.537661075592041,26.975263595581055
4,601267,-23.13223648071289,-2.8648838996887207,-3.3048648834228516,25.312915802001953
4,601267,12.865872383117676,31.46388053894043,16.362516403198242,-6.160184860229492
4,601267,20.782358169555664,-13.420942306518555,12.415228843688965,-10.028985977172852
4,601267,-26.498624801635742,-12.377571105957031,-9.768998146057129,3.1203908920288086
4,601267,11.31342601776123,-0.7336329817771912,5.822179794311523,-3.5206427574157715
4,601268,22.586650848388672,3.823190212249756,3.2658562660217285,-17.309907913208008
4,601268,-12.339052200317383,17.9938907623291,-12.51917552947998,-5.36045503616333
4,601268,7.681608200073242,-23.525405883789062,-0.37823736667633057,7.462441921234131
4,601268,-0.1772983819246292,-2.900432825088501,-6.843949794769287,-11.672696113586426
4,601268,-6.0654377937316895,21.38886070251465,-22.373563766479492,-25.866378784179688
4,601268,-11.404885292053223,0.35633283853530884,3.130779981613159,13.514203071594238
4,601269,-22.629690170288086,-1.2404407262802124,34.53116989135742,-0.6392427682876587
4,601269,8.929966926574707,-12.592779159545898,-1.3854361772537231,-23.741649627685547
4,601269,1.1117644309997559,4.23809289932251,-35.816768646240234,19.10928726196289
4,601269,-17.93187141418457,12.024664878845215,7.861522674560547,10.22091007232666
4,601269,-0.6470979452133179,-1.0051535367965698,30.890512466430664,-14.23464298248291
4,601269,17.92076873779297,-0.614008367061615,-11.63955020904541,2.4866585731506348
4,601270,9.957240104675293,-5.04542875289917,-24.821331024169922,-0.7922935485839844
4,601270,-11.769392013549805,-9.972135543823242,-2.8432776927948,-7.071774482727051
4,601270,-1.155799388885498,-15.557136535644531,2.845003843307495,14.407227516174316
4,601270,13.660863876342773,-0.6199638843536377,6.863893985748291,-6.992434501647949
4,601270,13.201333999633789,-5.6305694580078125,-7.798613548278809,-3.2017760276794434
4,601270,-25.771583557128906,-12.365817070007324,-5.878009796142578,38.803184509277344
4,601271,-17.735551834106445,1.4063029289245605,14.821115493774414,14.733187675476074
4,601271,21.892688751220703,17.102752685546875,-5.959686279296875,-16.148696899414062
4,601271,1.4943557977676392,8.268245697021484,-13.118807792663574,-25.418224334716797
4,601271,-13.58849811553955,-7.521210193634033,9.794841766357422,-23.62630271911621
4,601271,3.7748324871063232,17.434371948242188,11.212748527526855,-18.448747634887695
4,601271,19.444215774536133,4.52765417098999,9.149477005004883,5.10409688949585
4,601272,-7.050889492034912,-10.89632797241211,-5.5887908935546875,2.66296124458313
4,601272,-17.766441345214844,13.504090309143066,1.0947811603546143,-4.427732467651367
4,601272,22.4298095703125,8.344725608825684,19.061447143554688,7.845279216766357
4,601272,21.63076400756836,0.7892493009567261,-4.160348415374756,-12.258561134338379
4,601272,-4.406221389770508,5.691395282745361,2.3334836959838867,-19.809850692749023
4,601272,9.535483360290527,-9.567466735839844,0.42998966574668884,15.88562297821045
4,601273,1.6839320659637451,-2.022407054901123,7.104520797729492,49.42538833618164
4,601273,-1.1582361459732056,6.978616237640381,25.3489933013916,29.43523597717285
4,601273,-9.743629455566406,3.3256754875183105,-7.133868217468262,10.752608299255371
4,601273,-10.118570327758789,1.4764206409454346,-14.144131660461426,16.998981475830078
4,601273,19.88957405090332,1.799674391746521,-5.412593841552734,15.881307601928711
4,601273,-6.720238208770752,-0.8447198867797852,0.8801124095916748,-25.013885498046875
4,601274,-2.5992705821990967,-27.82721519470215,2.8637735843658447,-4.245818614959717
4,601274,-3.6074910163879395,-7.050178050994873,-26.284696578979492,24.16359519958496
4,601274,-10.554326057434082,19.617916107177734,-7.47482967376709,-23.26494026184082
4,601274,20.337270736694336,6.1924309730529785,-0.1719312071800232,-16.996366500854492
4,601274,0.7629225254058838,-10.362885475158691,-12.543156623840332,-14.819618225097656
4,601274,-21.723485946655273,-22.231168746948242,5.073264122009277,-36.09320831298828
4,601275,-16.931060791015625,10.181378364562988,5.5194478034973145,1.4563331604003906
4,601275,5.453725337982178,9.292390823364258,0.7665918469429016,10.66751766204834
4,601275,7.9143500328063965,-28.79021644592285,-8.483918190002441,-19.152986526489258
4,601275,-11.053925514221191,16.6746768951416,12.772581100463867,7.23677921295166
4,601275,-10.442476272583008,42.870365142822266,9.060212135314941,12.302079200744629
4,601275,-3.4779293537139893,-28.31318473815918,-10.889629364013672,8.913287162780762
4,601276,-2.552717685699463,-37.50583267211914,11.039161682128906,-0.9201523065567017
4,601276,3.1600797176361084,21.025516510009766,-1.3022675514221191,-15.830018997192383
4,601276,-13.80527400970459,-3.930272102355957,-24.46758460998535,9.806428909301758
4,601276,-4.458221912384033,-31.952756881713867,1.9427591562271118,-1.7852540016174316
4,601276,36.67079162597656,35.65142822265625,20.862611770629883,-10.656377792358398
4,601277,16.366498947143555,28.629247665405273,5.240241050720215,12.47211742401123
4,601277,-9.496088981628418,-29.969833374023438,2.3512039184570312,14.787846565246582
4,601277,-3.4560840129852295,7.799647331237793,-2.1864771842956543,-0.1008819043636322
4,601277,7.604191303253174,23.516786575317383,-7.175523281097412,8.727322578430176
4,601277,-3.736335515975952,-7.807814121246338,-7.872017860412598,8.201070785522461
4,601277,-8.560050964355469,-8.501535415649414,-3.1690239906311035,-3.68565034866333
4,601278,10.887025833129883,6.120511054992676,24.29165267944336,-7.8313679695129395
4,601278,2.5805861949920654,5.958034515380859,9.137621879577637,-0.7706857323646545
4,601278,-24.867286682128906,-3.1900923252105713,-13.415267944335938,6.27591609954834
4,601278,-8.138670921325684,1.7977899312973022,-8.37709903717041,-4.408486366271973
4,601278,17.810579299926758,8.002431869506836,0.5609645843505859,5.5225934982299805
4,601278,16.297273635864258,6.054018020629883,4.022832870483398,-2.929608106613159
4,601279,15.183939933776855,-29.2666015625,-25.14788818359375,-11.772974014282227
4,601279,-9.71835708618164,-31.788341522216797,7.540286064147949,11.18346118927002
4,601279,-13.190995216369629,39.165802001953125,46.99044418334961,-3.0467026233673096
4,601279,8.916666984558105,22.41570472717285,-16.00628662109375,-12.352522850036621
4,601279,-5.479193687438965,-23.287885665893555,-35.35719299316406,5.715806484222412
4,601279,-11.587202072143555,5.838220119476318,3.334437847137451,-0.996705949306488
4,601280,3.122750997543335,3.407864570617676,13.533615112304688,-10.43464183807373
4,601280,3.2856154441833496,-4.089001178741455,0.10731315612792969,-10.897406578063965
4,601281,-1.261094093322754,-5.705792427062988,-6.324525356292725,-1.501365065574646
4,601281,-13.59981632232666,0.9550673365592957,26.144651412963867,1.8140679597854614
4,601281,-4.919795989990234,-8.09465217590332,-1.743111252784729,8.189153671264648
4,601281,14.227683067321777,1.6574443578720093,-33.86091232299805,12.460101127624512
4,601282,6.651535511016846,15.442278861999512,-0.24114054441452026,1.7429922819137573
4,601282,-8.76797103881836,-9.976863861083984,32.747562408447266,-3.8158364295959473
4,601282,9.173186302185059,30.56784439086914,31.289031982421875,5.735231876373291
4,601282,26.583852767944336,-9.513734817504883,-17.25882339477539,3.244555950164795
4,601284,-10.886404037475586,-44.703704833984375,-33.87880325317383,-17.286884307861328
4,601284,-30.89930534362793,24.231637954711914,7.980165481567383,15.895004272460938
4,601286,9.519286155700684,26.337556838989258,32.99460983276367,12.798582077026367
4,601288,9.619646072387695,-24.796125411987305,-16.53204917907715,-30.228103637695312
4,601290,-26.900239944458008,-19.47569465637207,-40.69444274902344,25.21278953552246
4,601292,-12.606977462768555,14.176189422607422,5.984599590301514,27.485275268554688
4,601294,25.164045333862305,-30.58460235595703,4.785846710205078,-92.78438568115234
4,601296,25.04224967956543,8.387649536132812,-18.516860961914062,-58.665401458740234
4,601298,-21.603837966918945,13.650823593139648,-0.809451699256897,28.912715911865234
4,601300,2.5367512702941895,-36.747005462646484,15.128573417663574,75.88163757324219
4,601303,14.573625564575195,60.159095764160156,33.16465759277344,127.6673583984375
4,601304,-23.90298080444336,33.79176330566406,-8.625088691711426,-35.63371276855469
4,601307,25.434371948242188,-39.71682357788086,-12.18001937866211,-101.6607666015625
4,601308,-0.03000306710600853,-18.5938720703125,30.519834518432617,-23.079614639282227
4,601311,-19.5311279296875,7.925384998321533,-8.869975090026855,-3.674006938934326
4,601312,43.7788200378418,12.127734184265137,-14.170652389526367,40.30093002319336
4,601315,-20.232831954956055,-23.489240646362305,3.5818357467651367,38.70480728149414
4,601316,-42.553184509277344,10.82318115234375,-4.533829212188721,7.503245830535889
4,601317,25.670028686523438,21.403274536132812,-7.646417617797852,-47.9372444152832
4,601320,1.7927591800689697,-7.920413017272949,10.668479919433594,-23.412004470825195
4,601321,-21.02156639099121,-12.550309181213379,-14.250269889831543,24.07086753845215
4,601324,6.884415149688721,0.47489917278289795,-25.54388999938965,9.149568557739258
4,601325,10.106618881225586,9.733009338378906,40.1946907043457,-0.1687900274991989
4,601328,24.79535675048828,2.0140867233276367,20.88748550415039,-41.14649963378906
4,601329,-5.624557018280029,12.371336936950684,-35.82254409790039,-14.555307388305664
4,601332,-52.494903564453125,-15.73713207244873,-4.275848865509033,65.03335571289062
4,601333,12.391999244689941,-14.256576538085938,31.14527702331543,38.188026428222656
4,601518,49.205135345458984,1.8777633905410767,-15.507712364196777,-43.81013870239258
4,601518,-11.838069915771484,-10.999320983886719,-30.923418045043945,-32.350830078125
4,601519,-24.399120330810547,16.588581085205078,26.078052520751953,14.459036827087402
4,601519,14.647865295410156,11.948105812072754,6.676515579223633,-1.9385137557983398
4,601519,10.237574577331543,-16.13107681274414,-10.548782348632812,-10.112638473510742
4,601519,3.7752039432525635,-21.47258758544922,-4.4872283935546875,16.72127914428711
4,601519,-4.772283554077148,8.700386047363281,-20.004419326782227,12.608002662658691
4,601520,-15.427935600280762,15.183303833007812,23.317548751831055,-2.853205919265747
4,601520,-9.298580169677734,-5.011921405792236,16.51774024963379,6.640426158905029
4,601520,-10.83336353302002,29.042644500732422,-16.740644454956055,-11.857620239257812
4,601520,21.80730438232422,-2.461322784423828,18.233964920043945,-15.111757278442383
4,601520,7.409482479095459,-35.16957092285156,10.838459968566895,22.100610733032227
4,601520,-18.502836227416992,19.940523147583008,-14.373943328857422,-11.329238891601562
4,601521,11.702994346618652,12.573830604553223,6.511711120605469,3.657902956008911
4,601521,-16.31586456298828,-25.493343353271484,3.7289810180664062,26.9433536529541
4,601521,-6.233556747436523,10.860147476196289,-13.131406784057617,-52.438167572021484
4,601521,25.757110595703125,12.722780227661133,-14.480084419250488,6.477327823638916
4,601521,5.080574989318848,-24.33317756652832,2.1347529888153076,34.442840576171875
4,601521,0.6423432230949402,16.49574089050293,12.764971733093262,4.999668121337891
4,601522,-21.04841423034668,23.4370059967041,1.2737501859664917,24.780492782592773
4,601522,3.323948383331299,-18.226715087890625,1.7300820350646973,-28.163423538208008
4,601522,32.09883499145508,-16.176586151123047,-19.139423370361328,-15.208070755004883
4,601522,-14.862448692321777,-4.147447109222412,-13.299830436706543,5.310823917388916
4,601522,-28.866304397583008,11.291803359985352,19.106285095214844,-12.74099349975586
4,601522,15.969216346740723,9.986637115478516,-1.7048636674880981,-5.168004512786865
4,601523,20.46098518371582,6.641774654388428,-3.836796522140503,11.10318660736084
4,601523,-15.225703239440918,-1.3814665079116821,18.556772232055664,7.049856662750244
4,601523,-6.510424613952637,-18.5668888092041,15.775989532470703,-21.489320755004883
4,601523,0.11275070160627365,-8.388100624084473,-7.158784866333008,-4.666045188903809
4,601523,0.8951148986816406,15.651147842407227,-17.556123733520508,8.265776634216309
4,601523,11.266695022583008,6.31817102432251,4.266903877258301,-13.558424949645996
4,601524,3.4011027812957764,-12.586638450622559,12.934088706970215,-0.3758692145347595
4,601524,-8.011768341064453,-6.311336040496826,7.448736667633057,34.420806884765625
4,601524,-7.938141345977783,-11.754138946533203,-15.024176597595215,-10.781765937805176
4,601524,-1.967779517173767,-9.484136581420898,-24.854869842529297,-43.0916633605957
4,601524,-11.190354347229004,14.350151062011719,9.838768005371094,4.511998653411865
4,601525,9.479269981384277,11.860345840454102,-0.001661962829530239,26.94178009033203
4,601525,5.9601969718933105,-6.450964450836182,-14.59862232208252,15.119565963745117
4,601525,-13.071877479553223,-0.5629229545593262,16.52475929260254,6.095661163330078
4,601525,15.85109806060791,14.0856351852417,11.53197193145752,-7.453474044799805
4,601525,-3.6393961906433105,8.144742012023926,7.198639392852783,-0.16853459179401398
4,601525,-2.748988151550293,-2.079785108566284,-1.19040846824646,22.327816009521484
4,601526,9.351128578186035,5.668848037719727,-27.14995765686035,-19.469234466552734
4,601526,-11.812908172607422,-21.1208553314209,-2.1620867252349854,8.186400413513184
4,601526,13.051630973815918,-4.641244888305664,35.65443420410156,16.3533878326416
4,601526,12.912012100219727,25.735177993774414,1.1503350734710693,-48.490638732910156
4,601526,-11.783136367797852,-16.00352668762207,-27.399250030517578,-6.227222442626953
4,601526,-6.988531589508057,-0.7068484425544739,13.827152252197266,0.7499645948410034
4,601527,8.169234275817871,35.192935943603516,4.598535537719727,-27.324634552001953
4,601527,-2.8338334560394287,-19.07029151916504,-24.234718322753906,4.180157661437988
4,601527,-9.678061485290527,-29.380901336669922,14.074275970458984,8.176252365112305
4,601527,2.9000229835510254,26.842138290405273,22.00971031188965,-10.859630584716797
4,601527,-3.8134844303131104,4.0664215087890625,-16.565935134887695,19.152019500732422
4,601527,-2.8759124279022217,-16.664854049682617,-15.508552551269531,29.631250381469727
4,601528,14.149979591369629,1.677170991897583,12.077292442321777,1.913938283920288
4,601528,6.071300029754639,-10.594701766967773,13.688873291015625,19.399131774902344
4,601528,-31.23894500732422,-2.9542529582977295,-14.433634757995605,26.073278427124023
4,601528,-0.3638245761394501,12.49138069152832,-8.452256202697754,-5.950442314147949
4,601528,43.58037185668945,-9.370397567749023,6.231725215911865,-23.057849884033203
4,601528,0.03254323452711105,-10.977243423461914,-12.451285362243652,6.406764507293701
4,601529,-25.269861221313477,11.617874145507812,-6.501137733459473,16.252817153930664
4,601529,-6.851251602172852,18.239112854003906,8.254119873046875,-13.368718147277832
4,601529,0.6515762209892273,3.83612322807312,6.507773399353027,-10.994759559631348
4,601529,9.17875862121582,-14.205511093139648,2.298868417739868,-7.449837684631348
4,601529,13.251526832580566,-25.400625228881836,-7.919356822967529,19.743526458740234
4,601529,-8.945594787597656,5.869140625,4.148614883422852,9.849653244018555
4,601530,4.171960353851318,41.19843292236328,17.489038467407227,-58.089332580566406
4,601530,16.57088851928711,-2.586663007736206,-15.381065368652344,-14.477484703063965
4,601530,-31.736827850341797,-29.00279426574707,-12.607555389404297,48.55282974243164
4,601530,-16.752853393554688,-4.738357067108154,15.828164100646973,3.2520487308502197
4,601530,22.85492706298828,16.62457275390625,10.92848014831543,-32.13576126098633
4,601530,1.81718111038208,12.602240562438965,-1.4174236059188843,-13.701321601867676
4,601531,1.7828348875045776,-15.868890762329102,-14.995426177978516,-21.369813919067383
4,601531,8.50699520111084,-7.795858860015869,20.082439422607422,1.3458411693572998
4,601531,-3.4160845279693604,9.948598861694336,5.459341526031494,35.15560531616211
4,601531,1.3792927265167236,1.0583552122116089,-38.54737091064453,-2.1683902740478516
4,601531,3.163374423980713,-10.497090339660645,9.700925827026367,-11.893437385559082
4,601531,-26.486431121826172,-15.20924186706543,4.91653299331665,8.421725273132324
4,601532,-17.38567352294922,12.389115333557129,-19.69402503967285,9.062112808227539
4,601532,26.979215621948242,31.922439575195312,8.358792304992676,7.938479423522949
4,601532,18.860931396484375,-24.38758087158203,11.657118797302246,17.45653533935547
4,601532,-8.287152290344238,-27.223731994628906,-0.19446879625320435,11.322484016418457
4,601532,-18.01589012145996,29.765432357788086,-4.05368709564209,-16.98790168762207
4,601532,-0.36654800176620483,-13.230542182922363,4.771578311920166,13.111867904663086
4,601533,6.6136794090271,-10.264625549316406,2.4905192852020264,18.72634506225586
4,601533,6.9521260261535645,25.176742553710938,-4.951545715332031,-36.221595764160156
4,601533,2.165231704711914,-24.04120445251465,-6.1252665519714355,10.289889335632324
4,601533,-17.190792083740234,-11.273477554321289,6.407873630523682,21.68607521057129
4,601533,13.49450397491455,33.480628967285156,5.273777008056641,-30.43490982055664
4,601533,16.77091407775879,18.810789108276367,-9.341760635375977,-0.9304805994033813
4,601534,-9.442244529724121,-20.36709976196289,13.429686546325684,3.6109893321990967
4,601534,-0.2260867804288864,-12.879952430725098,25.08371353149414,-0.5397112369537354
4,601535,2.6730120182037354,53.765377044677734,-2.226107597351074,-10.87143325805664
4,601535,12.42038631439209,23.399784088134766,-19.04026985168457,-38.41960906982422
4,601535,-11.512910842895508,-42.75514602661133,-6.950412273406982,4.618707180023193
4,601536,-11.814631462097168,-6.171326637268066,-1.2498059272766113,21.034608840942383
4,601536,16.856422424316406,9.89490795135498,-4.599050045013428,0.31064677238464355
4,601536,-2.829064130783081,-4.995513916015625,1.764805555343628,1.0490089654922485
4,601536,-6.365610599517822,-24.546655654907227,7.853712558746338,1.0062168836593628
4,601536,-13.18978214263916,-0.1017354279756546,7.23195219039917,4.506552219390869
4,601538,-4.367138862609863,-5.542826175689697,-4.125162601470947,20.557151794433594
4,601538,16.26986312866211,-40.768402099609375,-19.941295623779297,17.739360809326172
4,601540,-16.351058959960938,44.78527069091797,5.737976551055908,-37.99488067626953
4,601542,-19.736007690429688,22.452531814575195,19.395530700683594,-23.053112030029297
4,601544,10.431778907775879,-21.908357620239258,-10.151267051696777,28.845787048339844
4,601546,-13.358046531677246,35.189029693603516,11.759298324584961,29.976892471313477
4,601549,-1.4887821674346924,-20.822092056274414,11.603328704833984,3.3795552253723145
4,601550,37.9387092590332,-12.871014595031738,-13.786210060119629,-25.216516494750977
4,601553,17.347949981689453,11.46845817565918,-1.1758095026016235,-6.8325395584106445
4,601554,-7.003075122833252,-22.020172119140625,-20.389188766479492,-17.310731887817383
4,601557,-4.218419551849365,3.1788582801818848,-17.892227172851562,15.14696979522705
4,601558,-7.494077682495117,9.199531555175781,11.921167373657227,21.98429298400879
4,601561,-7.061655044555664,8.811156272888184,8.11676025390625,-32.589881896972656
4,601562,8.669892311096191,-16.624046325683594,-4.05623197555542,11.12122917175293
4,601565,6.224332332611084,13.702069282531738,-0.13591927289962769,17.764305114746094
4,601566,-18.51114845275879,22.700119018554688,18.700849533081055,-8.473726272583008
4,601569,-3.883981704711914,-26.855581283569336,13.189160346984863,-9.827948570251465
4,601570,24.48102378845215,14.858168601989746,-10.42541790008545,1.8994908332824707
4,601573,10.510685920715332,11.380431175231934,-19.675004959106445,8.831405639648438
4,601574,-5.859579563140869,-23.278501510620117,4.253729343414307,-20.508569717407227
4,601577,-6.488371849060059,13.894042015075684,30.812170028686523,-22.267305374145508
4,601578,2.953641414642334,13.197668075561523,-12.743249893188477,2.180830478668213
4,601579,-1.04124915599823,-28.967609405517578,-50.302303314208984,52.78739547729492
4,601582,-12.333718299865723,-30.791452407836914,16.142963409423828,-39.908241271972656
4,601583,-19.663249969482422,-2.27884578704834,43.290245056152344,-76.49249267578125
4,601586,6.857480525970459,33.70587158203125,9.885798454284668,126.00572967529297
4,601587,24.822458267211914,24.617828369140625,-3.9007067680358887,87.63258361816406
